0.200096	10
0.200198	11
0.2002	12
0.200203	13
0.200205	14
0.200208	15
0.20021	16
0.200212	17
0.200215	18
0.200217	19
0.20022	20
0.200313	21
0.200316	22
0.200317	23
0.200319	24
0.200321	25
0.200323	26
0.200324	27
0.200327	28
0.200328	29
0.20033	30
0.200331	31
0.200334	32
0.200335	33
0.200337	34
0.200339	35
0.200341	36
0.200342	37
0.200345	34
0.200449	35
0.200547	36
0.200649	37
0.200756	38
0.200869	39
0.200987	40
0.201109	41
0.201237	42
0.201369	43
0.201506	44
0.201614	45
0.201727	46
0.201828	47
0.201934	48
0.202048	49
0.202167	50
0.202291	51
0.202419	52
0.202553	53
0.202691	54
0.202834	28
0.202982	29
0.203071	30
0.203165	31
0.203263	32
0.203367	33
0.203475	34
0.203586	35
0.203687	36
0.203796	37
0.203909	38
0.204023	39
0.204136	40
0.204257	41
0.204325	42
0.204458	43
0.204563	44
0.204672	45
0.204785	46
0.204904	47
0.205028	48
0.205139	49
0.205257	50
0.20538	51
0.205507	52
0.205639	53
0.205777	28
0.205918	29
0.206031	30
0.206123	31
0.206219	32
0.20632	33
0.206426	34
0.206536	35
0.206652	36
0.206771	37
0.206879	38
0.206992	39
0.20711	40
0.207232	41
0.207362	42
0.207487	43
0.207594	44
0.207706	45
0.207822	46
0.207944	47
0.20807	48
0.208201	49
0.20832	50
0.208445	51
0.208575	52
0.208702	53
0.208828	28
0.208964	29
0.209051	30
0.209117	31
0.209212	32
0.209312	33
0.209416	34
0.209526	35
0.20964	36
0.209758	37
0.20988	38
0.209993	39
0.210111	40
0.210234	41
0.210362	42
0.21049	43
0.210597	44
0.210708	45
0.210825	46
0.210946	47
0.211073	48
0.211204	49
0.211339	50
0.211463	51
0.211593	52
0.211728	53
0.211867	28
0.211999	29
0.212083	30
0.212163	31
0.212254	32
0.212348	33
0.212443	34
0.212545	35
0.212659	36
0.212778	37
0.212901	38
0.213015	39
0.213134	40
0.213258	41
0.213386	42
0.213517	43
0.213624	44
0.213736	45
0.213853	46
0.213974	47
0.2141	48
0.214231	49
0.214366	50
0.21449	51
0.21462	52
0.214754	53
0.214895	28
0.215031	29
0.215114	30
0.215207	31
0.215302	32
0.215399	33
0.215496	34
0.215608	35
0.215724	36
0.21584	37
0.215945	38
0.21606	39
0.216179	40
0.216302	41
0.216431	42
0.216562	43
0.216669	44
0.216781	45
0.216897	46
0.217019	47
0.217145	48
0.217276	49
0.217412	50
0.217536	51
0.217663	52
0.217797	53
0.217936	28
0.21808	29
0.218166	30
0.218235	31
0.218333	32
0.218435	33
0.218542	34
0.218651	35
0.218761	36
0.218875	37
0.218991	38
0.219104	39
0.219223	40
0.219347	41
0.219476	42
0.219607	43
0.219714	44
0.219826	45
0.219942	46
0.220063	47
0.22019	48
0.220321	49
0.220442	50
0.220568	51
0.220701	52
0.220838	29
0.220979	30
0.221092	31
0.221172	32
0.221265	33
0.221364	34
0.221459	35
0.221556	36
0.221671	37
0.22179	38
0.221913	39
0.222026	40
0.222144	41
0.222267	42
0.222394	43
0.222525	44
0.222639	45
0.222743	46
0.222859	47
0.222981	48
0.223107	49
0.223238	50
0.223358	51
0.223483	52
0.223613	53
0.223748	54
0.223887	30
0.224031	31
0.224121	32
0.224219	33
0.224321	34
0.224424	35
0.224535	36
0.224648	37
0.224767	38
0.224893	39
0.225007	40
0.225124	41
0.225244	42
0.225368	43
0.225477	44
0.225584	45
0.225698	46
0.225819	47
0.225944	48
0.226073	49
0.226208	50
0.226332	51
0.226461	52
0.226594	53
0.226732	29
0.226876	30
0.226965	31
0.227059	32
0.227157	33
0.227248	34
0.227354	35
0.227467	36
0.227586	37
0.227708	38
0.227819	39
0.227935	40
0.228058	41
0.228185	42
0.228302	43
0.228409	44
0.22852	45
0.228631	46
0.22875	47
0.228877	48
0.229008	49
0.229143	50
0.229268	51
0.229399	52
0.229536	53
0.229678	29
0.2298	30
0.229887	31
0.229979	32
0.230076	33
0.230158	34
0.230267	35
0.23038	36
0.230498	37
0.230622	38
0.230749	39
0.230865	40
0.230982	41
0.231092	42
0.231207	43
0.231315	44
0.231428	45
0.231547	46
0.231671	47
0.2318	48
0.231933	49
0.232071	50
0.232199	28
0.232317	28
0.232412	29
0.232511	30
0.232616	31
0.232725	32
0.232836	33
0.232947	34
0.233049	35
0.233156	36
0.233272	37
0.233392	38
0.233517	39
0.233644	40
0.233749	41
0.233854	42
0.233962	43
0.234081	44
0.234206	45
0.234322	46
0.234442	47
0.234567	48
0.234698	49
0.234834	50
0.234974	28
0.235099	29
0.235186	30
0.23527	31
0.235369	32
0.235476	33
0.235587	34
0.235704	35
0.235825	36
0.235937	37
0.236054	38
0.236175	39
0.236299	40
0.236424	41
0.236539	42
0.23665	43
0.236763	44
0.236879	45
0.237003	46
0.237134	47
0.237256	48
0.237381	49
0.237511	50
0.237644	51
0.237764	52
0.237887	53
0.238015	54
0.23815	30
0.238274	31
0.238359	32
0.238463	33
0.238568	34
0.238679	35
0.238793	36
0.238908	37
0.239023	38
0.239142	39
0.239265	40
0.23938	41
0.2395	42
0.239624	43
0.239738	44
0.239857	45
0.239981	46
0.240109	47
0.240243	48
0.240365	49
0.240493	50
0.240626	51
0.240749	52
0.240876	53
0.241008	54
0.241145	30
0.241273	31
0.241376	32
0.241481	33
0.241582	34
0.241689	35
0.241797	36
0.241903	37
0.242014	38
0.242124	39
0.242243	40
0.242357	41
0.242476	42
0.2426	43
0.242726	44
0.242843	45
0.242965	46
0.243093	47
0.243225	48
0.243346	49
0.243472	50
0.243605	51
0.243737	52
0.243863	53
0.243995	54
0.244132	30
0.244273	31
0.244373	32
0.244479	33
0.24459	34
0.244707	35
0.244827	36
0.244938	37
0.245051	38
0.245161	39
0.245277	40
0.245386	41
0.245503	42
0.245623	43
0.245747	44
0.245875	45
0.245991	46
0.246113	47
0.246244	48
0.246364	49
0.246489	50
0.246619	51
0.246737	52
0.246857	53
0.246985	54
0.247119	31
0.247259	31
0.247372	32
0.247478	33
0.247588	34
0.247703	35
0.247824	36
0.247949	37
0.248062	38
0.248165	39
0.248276	40
0.24839	41
0.248508	42
0.248631	43
0.248761	44
0.248895	45
0.249017	46
0.249143	47
0.249265	48
0.249379	49
0.249481	50
0.249597	51
0.24972	52
0.249849	53
0.249982	54
0.250121	31
0.250264	31
0.25038	32
0.250483	33
0.250585	34
0.250693	35
0.250801	36
0.25091	37
0.251011	38
0.251117	39
0.251229	40
0.251346	41
0.251467	42
0.251593	43
0.251725	44
0.251862	45
0.25199	46
0.252098	47
0.252207	48
0.25232	49
0.252437	50
0.25256	51
0.252687	52
0.252819	53
0.252957	30
0.2531	31
0.253219	32
0.253329	33
0.253443	34
0.253545	35
0.25365	36
0.253747	37
0.253851	38
0.253957	39
0.254069	40
0.254181	41
0.254295	42
0.254415	43
0.254548	44
0.254684	45
0.254819	46
0.254926	47
0.255034	48
0.255147	49
0.255265	50
0.255389	51
0.255519	52
0.255654	53
0.255793	30
0.255937	30
0.256043	31
0.256154	32
0.256269	33
0.256384	34
0.25649	35
0.256587	36
0.256692	37
0.256801	38
0.256916	39
0.257035	40
0.257151	41
0.257271	42
0.257394	43
0.257518	44
0.257646	45
0.257765	46
0.257889	47
0.258002	48
0.25812	49
0.258244	50
0.258371	51
0.258505	52
0.258644	29
0.258773	30
0.258875	31
0.258969	32
0.259067	33
0.259166	34
0.259273	35
0.259389	36
0.259511	37
0.25962	38
0.259734	39
0.259855	40
0.259977	41
0.260101	42
0.260215	43
0.260333	44
0.260448	45
0.260568	46
0.260695	47
0.260826	48
0.260946	49
0.26107	50
0.261198	51
0.261334	52
0.26147	29
0.261601	30
0.261688	31
0.261781	32
0.26188	33
0.261983	34
0.262081	35
0.262196	36
0.262317	37
0.262442	38
0.262553	39
0.262667	40
0.262787	41
0.262911	42
0.263024	43
0.263134	44
0.26325	45
0.263372	46
0.263498	47
0.263629	48
0.263765	49
0.263904	50
0.264035	28
0.264158	29
0.264257	30
0.264349	31
0.264445	32
0.264546	33
0.264643	34
0.264747	35
0.264856	36
0.264975	37
0.265101	38
0.265232	39
0.265339	40
0.265445	41
0.265545	42
0.265653	43
0.265766	44
0.265881	45
0.266002	46
0.266129	47
0.266261	48
0.266398	49
0.26654	28
0.266673	29
0.266752	30
0.266836	31
0.266929	32
0.267026	33
0.267125	34
0.267232	35
0.267347	36
0.267466	37
0.267588	38
0.267716	39
0.267849	40
0.267961	41
0.268062	42
0.268166	43
0.268275	44
0.268388	45
0.268507	46
0.268632	47
0.26876	48
0.268877	28
0.269016	28
0.269118	29
0.269217	30
0.26932	31
0.269428	32
0.269541	33
0.269656	34
0.269747	35
0.269859	36
0.269974	37
0.270092	38
0.270215	39
0.270343	40
0.270459	41
0.270572	42
0.270686	43
0.27081	44
0.270939	45
0.27106	46
0.271183	47
0.271312	48
0.271445	29
0.27157	29
0.271675	30
0.27177	31
0.271865	32
0.271963	33
0.272057	34
0.272171	35
0.27229	36
0.272414	37
0.272527	38
0.272645	39
0.272768	40
0.272896	41
0.273012	42
0.273122	43
0.273238	44
0.273357	45
0.273474	46
0.273602	47
0.273729	29
0.273869	30
0.273974	31
0.274071	32
0.274168	33
0.274269	34
0.274378	35
0.274488	36
0.274593	37
0.274706	38
0.274825	39
0.274949	40
0.275077	41
0.275203	42
0.275317	43
0.275428	44
0.275543	45
0.275661	46
0.275764	47
0.275883	48
0.276007	49
0.276136	50
0.276269	30
0.276407	31
0.276525	32
0.276648	33
0.276762	34
0.276882	35
0.276987	36
0.277085	37
0.277174	38
0.277282	39
0.277398	40
0.277518	41
0.277643	42
0.277772	43
0.277891	44
0.278013	45
0.278141	46
0.278275	29
0.278387	29
0.278481	30
0.27858	31
0.278686	32
0.278797	33
0.278913	34
0.279035	35
0.279148	36
0.279266	37
0.279388	38
0.279502	39
0.279615	40
0.279728	41
0.279833	42
0.279948	43
0.28007	44
0.280197	45
0.280329	46
0.280454	47
0.280584	48
0.280706	30
0.280829	31
0.280933	32
0.281042	33
0.281155	34
0.281279	35
0.281392	36
0.281499	37
0.281599	38
0.281712	39
0.281831	40
0.281944	41
0.28206	42
0.282183	43
0.282311	44
0.282445	45
0.282574	46
0.282702	47
0.282824	48
0.28295	49
0.283068	50
0.28319	51
0.283319	33
0.283453	34
0.28357	35
0.283691	36
0.283819	37
0.283939	38
0.284051	39
0.284155	40
0.284253	41
0.284357	42
0.28447	43
0.284588	44
0.284715	45
0.284848	46
0.284984	30
0.285123	31
0.285225	32
0.285319	33
0.285417	34
0.285521	35
0.285629	36
0.285732	37
0.285849	38
0.285968	39
0.286097	40
0.286222	41
0.286337	42
0.286457	43
0.286581	44
0.286698	45
0.286817	46
0.286939	47
0.287067	48
0.287198	31
0.287337	32
0.287448	33
0.287551	34
0.287659	35
0.287772	36
0.28789	37
0.288013	38
0.288127	39
0.288246	40
0.288367	41
0.28848	42
0.288584	43
0.288696	44
0.288814	45
0.288936	46
0.289062	47
0.289194	48
0.289331	31
0.28946	31
0.28957	32
0.289686	33
0.289806	34
0.289914	35
0.290013	36
0.290121	37
0.290231	38
0.290347	39
0.290468	40
0.290599	41
0.29073	42
0.29085	43
0.290966	44
0.291079	45
0.291197	46
0.291319	47
0.291447	48
0.291579	31
0.291716	32
0.291836	33
0.291961	34
0.292091	35
0.292199	36
0.2923	37
0.292406	38
0.292518	39
0.292634	40
0.292754	41
0.292867	42
0.292967	43
0.293098	44
0.293227	45
0.29336	46
0.293474	47
0.29359	48
0.29371	49
0.293835	50
0.29396	33
0.294086	34
0.294202	35
0.294321	36
0.294435	37
0.29455	38
0.294672	39
0.294801	40
0.294917	41
0.29503	42
0.295143	43
0.295259	44
0.295386	45
0.295519	46
0.295645	31
0.295775	32
0.29589	33
0.295997	34
0.296109	35
0.296226	36
0.296347	37
0.296458	38
0.296573	39
0.296695	40
0.296821	41
0.296939	42
0.297061	43
0.297189	44
0.297321	45
0.297445	46
0.297571	47
0.297684	48
0.2978	49
0.297924	50
0.298032	33
0.298156	34
0.298266	35
0.29838	36
0.298499	37
0.298623	38
0.298738	39
0.298857	40
0.298981	41
0.299109	42
0.29922	43
0.299333	44
0.299446	45
0.299569	46
0.299696	47
0.299817	48
0.299942	49
0.300072	50
0.300207	33
0.300346	34
0.300457	35
0.300572	36
0.300678	37
0.300789	38
0.300904	39
0.301024	40
0.30115	41
0.301268	42
0.301391	43
0.301518	44
0.301652	45
0.301774	46
0.3019	47
0.302019	48
0.302114	31
0.302242	32
0.302352	33
0.302455	34
0.302562	35
0.302675	36
0.302792	37
0.302915	38
0.303029	39
0.303148	40
0.303272	41
0.303401	42
0.303518	43
0.303641	44
0.303755	45
0.303875	46
0.303999	47
0.304127	48
0.304256	31
0.304385	31
0.304496	32
0.304611	33
0.304731	34
0.304856	35
0.304972	36
0.30508	37
0.305193	38
0.305309	39
0.30543	40
0.305543	41
0.305663	42
0.305785	43
0.305856	44
0.305988	45
0.306125	29
0.30624	30
0.306336	31
0.306439	32
0.306549	33
0.306663	34
0.306782	35
0.306892	36
0.307008	37
0.307128	38
0.307252	39
0.307379	40
0.307499	41
0.307608	42
0.307719	43
0.30784	44
0.307967	45
0.308086	46
0.30821	47
0.30834	48
0.308474	31
0.308612	32
0.308719	33
0.308832	34
0.308937	35
0.309046	36
0.309162	37
0.309282	38
0.30939	39
0.309502	40
0.309568	41
0.309689	42
0.309816	43
0.309948	44
0.310072	45
0.310201	46
0.310322	47
0.310447	48
0.310578	49
0.310699	32
0.310825	32
0.310933	33
0.311046	34
0.311164	35
0.311287	36
0.311401	37
0.31152	38
0.311644	39
0.311758	40
0.311876	41
0.312	42
0.312113	43
0.312226	44
0.312351	45
0.312482	46
0.312604	47
0.312732	48
0.312864	32
0.313001	33
0.313107	34
0.313216	35
0.313333	36
0.313455	37
0.313568	38
0.313685	39
0.313792	40
0.313907	41
0.314027	42
0.314145	43
0.314267	44
0.31436	45
0.314499	30
0.314627	31
0.314728	32
0.314834	33
0.314945	34
0.31506	35
0.315167	36
0.315278	37
0.315392	38
0.315512	39
0.315638	40
0.315769	41
0.315889	42
0.316014	43
0.316131	44
0.316252	45
0.316367	46
0.316486	47
0.316607	48
0.31673	49
0.316863	32
0.317002	33
0.317124	34
0.317236	35
0.317339	36
0.317438	37
0.31754	38
0.317648	39
0.317761	40
0.317879	41
0.318	42
0.318071	43
0.318201	44
0.318335	45
0.318476	29
0.318603	30
0.318694	31
0.318789	32
0.318888	33
0.318993	34
0.319103	35
0.319219	36
0.319339	37
0.319464	38
0.319593	39
0.319713	40
0.319827	41
0.319932	42
0.320041	43
0.320156	44
0.320278	45
0.3204	46
0.320527	47
0.320656	31
0.320795	32
0.320906	33
0.32101	34
0.321119	35
0.321233	36
0.321352	37
0.321465	38
0.32158	39
0.321699	40
0.321821	41
0.321901	42
0.322033	43
0.322155	44
0.322271	45
0.322391	46
0.322516	47
0.322646	48
0.322766	32
0.32289	33
0.322998	34
0.323112	35
0.323231	36
0.323355	37
0.32347	38
0.323591	39
0.323702	40
0.323819	41
0.32394	42
0.324068	43
0.324199	44
0.324323	45
0.324433	46
0.324565	47
0.324689	32
0.324818	33
0.324919	34
0.325025	35
0.325135	36
0.325251	37
0.325372	38
0.325497	39
0.325621	40
0.325741	41
0.325855	42
0.325974	43
0.326098	44
0.326227	45
0.326347	46
0.326471	47
0.326597	48
0.326686	32
0.326824	33
0.326932	34
0.327045	35
0.32715	36
0.327259	37
0.327373	38
0.327492	39
0.327617	40
0.327733	41
0.327853	42
0.327978	43
0.328109	44
0.328241	45
0.328354	46
0.328469	47
0.328573	48
0.3287	49
0.328832	33
0.328962	34
0.329069	35
0.329181	36
0.329298	37
0.329419	38
0.329546	39
0.329679	40
0.329795	41
0.329909	42
0.330028	43
0.330152	44
0.330281	45
0.3304	46
0.330519	47
0.330605	48
0.330738	33
0.330875	34
0.330997	35
0.331097	36
0.331202	37
0.331311	38
0.331425	39
0.331545	40
0.33167	41
0.331787	42
0.331908	43
0.332035	44
0.332166	45
0.332288	46
0.332402	47
0.332521	48
0.332645	49
0.332773	50
0.332883	34
0.333015	35
0.333122	36
0.333234	37
0.333351	38
0.333471	39
0.333596	40
0.333715	41
0.333834	42
0.333948	43
0.334067	44
0.334191	45
0.33432	46
0.334453	47
0.334573	32
0.334692	32
0.334769	33
0.334886	34
0.334994	35
0.335107	36
0.335225	37
0.335346	38
0.335458	39
0.335576	40
0.3357	41
0.335828	42
0.335947	43
0.336071	44
0.3362	45
0.336319	46
0.336441	47
0.336569	48
0.3367	33
0.336822	34
0.336927	35
0.33704	36
0.337158	37
0.337281	38
0.337394	39
0.337512	40
0.337622	41
0.337736	42
0.337855	43
0.337978	44
0.338104	45
0.338235	46
0.338343	32
0.338467	33
0.338549	34
0.338665	35
0.338773	36
0.338886	37
0.339003	38
0.339125	39
0.339239	40
0.339358	41
0.339481	42
0.339606	43
0.33973	44
0.339852	45
0.33998	46
0.340112	47
0.340235	33
0.340362	34
0.340461	35
0.340562	36
0.340666	37
0.340777	38
0.340895	39
0.34102	40
0.341151	41
0.341286	42
0.341398	43
0.341515	44
0.341636	45
0.341749	46
0.341866	47
0.341982	48
0.342109	49
0.342214	35
0.342348	36
0.342462	37
0.342589	38
0.342707	39
0.342815	40
0.342928	41
0.343033	42
0.343145	43
0.343261	44
0.343383	45
0.343509	46
0.34364	47
0.343776	34
0.343916	35
0.344031	36
0.344124	37
0.344222	38
0.344321	39
0.344431	40
0.344543	41
0.344658	42
0.344779	43
0.344908	44
0.345043	45
0.345182	33
0.345316	34
0.345404	35
0.345499	36
0.3456	37
0.345706	38
0.345817	39
0.345932	40
0.346052	41
0.346177	42
0.346307	43
0.3464	44
0.346536	33
0.346658	33
0.346748	34
0.346843	35
0.346944	36
0.347051	37
0.347163	38
0.34728	39
0.347401	40
0.347527	41
0.347658	42
0.347781	43
0.347908	44
0.34804	45
0.348149	46
0.348262	47
0.348381	48
0.348503	49
0.348629	50
0.34876	36
0.348893	37
0.349016	38
0.349133	39
0.349254	40
0.349379	41
0.349496	42
0.349604	43
0.349717	44
0.349835	45
0.349958	46
0.350085	47
0.350217	48
0.35034	34
0.350424	35
0.350538	36
0.350657	37
0.350768	38
0.350883	39
0.351005	40
0.351127	41
0.351244	42
0.351365	43
0.351491	44
0.351622	45
0.351744	46
0.351869	47
0.352	48
0.352136	34
0.352262	34
0.352374	35
0.352476	36
0.352584	37
0.352697	38
0.352815	39
0.352935	40
0.353056	41
0.353171	42
0.353293	43
0.353421	44
0.35354	45
0.353663	46
0.353792	47
0.353925	48
0.354046	34
0.354169	35
0.354282	36
0.354388	37
0.354458	38
0.354572	39
0.354691	40
0.354815	41
0.354929	42
0.355049	43
0.355174	44
0.355304	45
0.355429	46
0.355553	47
0.355679	48
0.355799	49
0.355926	50
0.356057	36
0.356192	36
0.356299	37
0.356411	38
0.356528	39
0.356649	40
0.356777	41
0.356909	42
0.357017	43
0.357131	44
0.35725	45
0.357374	46
0.357503	47
0.357635	34
0.357759	35
0.357868	36
0.357979	37
0.35809	38
0.358217	39
0.358334	40
0.358456	41
0.358566	42
0.358683	43
0.358801	44
0.358887	45
0.359018	46
0.35914	47
0.359266	48
0.359397	49
0.359533	35
0.35966	36
0.359776	37
0.359881	38
0.359992	39
0.360106	40
0.360225	41
0.36035	42
0.36048	43
0.360599	44
0.360723	45
0.360853	46
0.360974	47
0.3611	48
0.361231	49
0.361355	34
0.36148	35
0.361592	36
0.361707	37
0.361827	38
0.361954	39
0.362067	40
0.362169	41
0.362278	42
0.362395	43
0.362515	44
0.362638	45
0.362765	46
0.362891	47
0.363017	48
0.363148	49
0.363284	34
0.363412	34
0.363508	35
0.36361	36
0.363717	37
0.363797	38
0.363913	39
0.364032	40
0.364154	41
0.364283	42
0.364403	43
0.364527	44
0.364653	45
0.364771	46
0.364884	47
0.365002	48
0.365124	49
0.365251	50
0.36538	34
0.365516	35
0.365638	36
0.365748	37
0.365862	38
0.365981	39
0.366102	40
0.366218	41
0.366326	42
0.366439	43
0.366557	44
0.366677	45
0.366802	46
0.366936	47
0.367073	32
0.367212	32
0.367307	33
0.367397	34
0.367492	35
0.367591	36
0.367696	37
0.367805	38
0.367919	39
0.368036	40
0.368125	41
0.368253	42
0.368387	43
0.368513	44
0.368643	45
0.36875	46
0.368861	47
0.368977	48
0.369097	49
0.369223	50
0.369353	34
0.369488	35
0.369607	36
0.369731	37
0.36986	38
0.369981	39
0.370091	40
0.370193	41
0.370303	42
0.370414	43
0.370524	44
0.370638	45
0.370763	46
0.370896	47
0.371035	31
0.371165	32
0.371269	33
0.37136	34
0.371457	35
0.371558	36
0.371663	37
0.371774	38
0.371889	39
0.37201	40
0.372136	41
0.372266	42
0.372389	43
0.372516	44
0.372632	45
0.372734	46
0.372828	47
0.372947	48
0.373071	49
0.3732	50
0.373329	33
0.373466	33
0.373584	34
0.373695	35
0.373811	36
0.373933	37
0.374046	38
0.374165	39
0.374274	40
0.374389	41
0.374507	42
0.374617	43
0.374743	44
0.374864	45
0.37499	46
0.375114	47
0.375237	48
0.375364	49
0.375497	33
0.37562	33
0.375727	34
0.375839	35
0.375956	36
0.376076	37
0.376201	38
0.376321	39
0.376434	40
0.376552	41
0.376674	42
0.376802	43
0.376922	44
0.377043	45
0.37717	46
0.377255	47
0.37739	31
0.377518	31
0.377618	32
0.377723	33
0.377832	34
0.377946	35
0.378065	36
0.37819	37
0.378306	38
0.378426	39
0.378551	40
0.378682	41
0.378803	42
0.378916	43
0.379033	44
0.379149	45
0.379266	46
0.379395	47
0.379518	48
0.379647	49
0.37978	32
0.379919	33
0.380027	34
0.380125	35
0.380228	36
0.380333	37
0.380445	38
0.380564	39
0.380689	40
0.380814	41
0.380936	42
0.381008	43
0.381136	44
0.381269	45
0.381396	46
0.381514	47
0.381636	48
0.381764	49
0.381896	32
0.38202	33
0.382127	34
0.382239	35
0.382355	36
0.382475	37
0.382588	38
0.38271	39
0.382836	40
0.38296	41
0.383081	42
0.383207	43
0.383324	44
0.383447	45
0.383562	46
0.383679	47
0.383804	48
0.383933	49
0.384068	31
0.384209	32
0.384317	33
0.384429	34
0.384545	35
0.384668	36
0.384771	37
0.384879	38
0.384992	39
0.38511	40
0.385234	41
0.385363	42
0.385496	43
0.38562	44
0.385744	45
0.385816	46
0.385927	47
0.386044	48
0.386165	49
0.386292	50
0.386423	32
0.386559	33
0.386676	34
0.386799	35
0.386928	36
0.387056	37
0.387154	38
0.387256	39
0.387363	40
0.387474	41
0.38759	42
0.387703	43
0.387827	44
0.387959	45
0.388096	29
0.388226	30
0.388339	31
0.388429	32
0.388525	33
0.388627	34
0.388734	35
0.388845	36
0.38896	37
0.389082	38
0.389208	39
0.389339	40
0.38946	41
0.389585	42
0.389692	43
0.389804	44
0.389921	45
0.390042	46
0.390163	47
0.390253	48
0.390389	31
0.390529	32
0.390638	33
0.390739	34
0.390836	35
0.390936	36
0.391041	37
0.39115	38
0.391262	39
0.391371	40
0.391493	41
0.391619	42
0.39175	43
0.391874	44
0.392004	45
0.392112	46
0.392225	47
0.392344	48
0.392468	49
0.392597	50
0.392731	32
0.392869	33
0.39299	34
0.393103	35
0.393221	36
0.393344	37
0.393457	38
0.393561	39
0.393671	40
0.393785	41
0.3939	42
0.394024	43
0.394106	44
0.394236	45
0.394372	46
0.394499	30
0.394632	31
0.394733	32
0.394829	33
0.39493	34
0.395036	35
0.395148	36
0.395265	37
0.395384	38
0.395505	39
0.395631	40
0.395748	41
0.39587	42
0.395987	43
0.396107	44
0.396215	45
0.396331	46
0.396455	47
0.396583	48
0.396717	32
0.396854	33
0.396962	34
0.397076	35
0.397195	36
0.397307	37
0.397423	38
0.397538	39
0.397649	40
0.397766	41
0.397886	42
0.398012	43
0.398089	44
0.398223	45
0.398348	46
0.398479	47
0.3986	48
0.398726	49
0.398859	33
0.398982	33
0.399089	34
0.399201	35
0.399319	36
0.399442	37
0.399569	38
0.399687	39
0.399793	40
0.3999	41
0.400015	42
0.400139	43
0.40026	44
0.400378	45
0.400496	46
0.400622	47
0.400757	32
0.40089	33
0.400989	34
0.401092	35
0.4012	36
0.401313	37
0.401432	38
0.401556	39
0.401677	40
0.401796	41
0.40192	42
0.402049	43
0.402182	44
0.402293	45
0.402408	46
0.402528	47
0.402655	48
0.402739	49
0.402873	33
0.402998	33
0.403106	34
0.403219	35
0.403337	36
0.403461	37
0.40359	38
0.403694	39
0.403804	40
0.403918	41
0.404037	42
0.404161	43
0.404287	44
0.404401	45
0.404519	46
0.404643	47
0.404776	32
0.404909	33
0.405006	34
0.405107	35
0.405212	36
0.405324	37
0.40544	38
0.405559	39
0.405684	40
0.405807	41
0.405929	42
0.406055	43
0.406186	44
0.406295	45
0.40641	46
0.40653	47
0.406652	48
0.40674	49
0.406874	33
0.407012	34
0.40712	35
0.407233	36
0.407351	37
0.407473	38
0.407602	39
0.407707	40
0.407816	41
0.40793	42
0.408049	43
0.408173	44
0.408302	45
0.408416	46
0.408535	47
0.408661	48
0.408796	32
0.408916	33
0.409011	34
0.40911	35
0.409214	36
0.409322	37
0.409436	38
0.409555	39
0.40968	40
0.40981	41
0.409937	42
0.410062	43
0.410192	44
0.4103	45
0.410413	46
0.410534	47
0.410656	48
0.410781	49
0.410873	32
0.41101	33
0.41113	34
0.41124	35
0.411356	36
0.411476	37
0.411601	38
0.411703	39
0.41181	40
0.411922	41
0.412039	42
0.41216	43
0.412286	44
0.412409	45
0.41253	30
0.412654	31
0.412767	32
0.412866	33
0.412962	34
0.413063	35
0.413167	36
0.413277	37
0.413392	38
0.413512	39
0.413637	40
0.413768	41
0.413899	42
0.414027	43
0.414132	44
0.414243	45
0.414358	46
0.414479	47
0.414601	48
0.414688	49
0.414822	33
0.414962	33
0.415084	34
0.415199	35
0.415318	36
0.415428	37
0.41553	38
0.415639	39
0.415749	40
0.415863	41
0.41597	42
0.416093	43
0.416224	44
0.41636	45
0.416486	31
0.416617	32
0.416707	33
0.416804	34
0.416908	35
0.417016	36
0.417129	37
0.417247	38
0.417369	39
0.417497	40
0.417629	41
0.417766	42
0.417868	43
0.417975	44
0.418087	45
0.418204	46
0.418325	47
0.41845	48
0.41858	49
0.418672	33
0.418813	34
0.418938	35
0.419032	36
0.419127	37
0.419225	38
0.419331	39
0.419442	40
0.419557	41
0.419677	42
0.419796	43
0.419916	44
0.420043	45
0.420178	31
0.420322	31
0.420409	32
0.420502	33
0.420602	34
0.420705	35
0.420813	36
0.420927	37
0.421046	38
0.42117	39
0.4213	40
0.421435	41
0.421545	42
0.421651	43
0.421757	44
0.421867	45
0.421983	46
0.422103	47
0.422228	48
0.422356	49
0.422491	33
0.422587	34
0.422709	35
0.422817	36
0.422924	37
0.423036	38
0.423152	39
0.423259	40
0.423371	41
0.423485	42
0.423602	43
0.423711	44
0.423841	45
0.423976	46
0.424115	30
0.42423	31
0.42433	32
0.424424	33
0.424522	34
0.424626	35
0.424734	36
0.424847	37
0.424966	38
0.42509	39
0.425218	40
0.425352	41
0.425461	42
0.425575	43
0.42568	44
0.425789	45
0.425904	46
0.426023	47
0.426146	48
0.426274	49
0.426369	32
0.426505	33
0.426625	34
0.426751	35
0.426853	36
0.42696	37
0.427073	38
0.427185	39
0.42729	40
0.427398	41
0.427501	42
0.427615	43
0.42774	44
0.42787	45
0.428005	46
0.428144	29
0.42826	30
0.428358	31
0.428451	32
0.428548	33
0.42865	34
0.428757	35
0.428869	36
0.428987	37
0.429109	38
0.429237	39
0.429369	40
0.429477	41
0.42959	42
0.429695	43
0.429804	44
0.429917	45
0.430034	46
0.430123	47
0.430251	48
0.430385	31
0.430523	31
0.430643	32
0.430768	33
0.43087	34
0.430977	35
0.431077	36
0.431182	37
0.43129	38
0.431402	39
0.431489	40
0.431612	41
0.431739	42
0.431872	43
0.432009	44
0.432136	45
0.432241	46
0.43235	47
0.432467	48
0.432588	49
0.432714	50
0.432845	33
0.432982	33
0.433101	34
0.433225	35
0.433354	36
0.433487	37
0.433582	38
0.433682	39
0.433786	40
0.433894	41
0.433979	42
0.434098	43
0.434221	44
0.43435	45
0.434483	46
0.43462	30
0.434761	31
0.434848	32
0.434939	33
0.435035	34
0.435136	35
0.435243	36
0.435355	37
0.435473	38
0.435595	39
0.435723	40
0.435853	41
0.435975	42
0.436076	43
0.436178	44
0.436285	45
0.436399	46
0.436517	47
0.43664	48
0.436768	49
0.436902	32
0.43704	32
0.43716	33
0.437284	34
0.437402	35
0.437523	36
0.437619	37
0.437722	38
0.437829	39
0.437939	40
0.438053	41
0.438146	42
0.438272	43
0.438403	44
0.438526	45
0.438653	46
0.438785	47
0.438908	31
0.439021	32
0.439117	33
0.439218	34
0.439325	35
0.439439	36
0.439558	37
0.439682	38
0.439798	39
0.439918	40
0.440043	41
0.440173	42
0.440292	43
0.440401	44
0.440514	45
0.44061	46
0.440734	47
0.440862	48
0.440996	32
0.441122	33
0.441234	34
0.44135	35
0.441471	36
0.441595	37
0.441724	38
0.44183	39
0.441941	40
0.442055	41
0.442176	42
0.442292	43
0.442411	44
0.442534	45
0.44262	46
0.442752	47
0.442889	31
0.443031	32
0.443129	33
0.443221	34
0.443317	35
0.443418	36
0.443525	37
0.443638	38
0.443756	39
0.443877	40
0.444002	41
0.444132	42
0.444269	43
0.444381	44
0.444488	45
0.444597	46
0.44471	47
0.444823	48
0.444949	49
0.44508	34
0.445216	34
0.445336	35
0.445461	36
0.44559	37
0.445709	38
0.445806	39
0.445908	40
0.446018	41
0.446132	42
0.446251	43
0.446372	44
0.446496	45
0.446582	46
0.446717	32
0.446846	32
0.446959	33
0.44705	34
0.447147	35
0.447248	36
0.447356	37
0.447469	38
0.447586	39
0.447709	40
0.447836	41
0.447969	42
0.448093	43
0.448221	44
0.448325	45
0.448431	46
0.448546	47
0.448665	48
0.448786	49
0.448911	50
0.449035	34
0.449172	35
0.449292	36
0.449408	37
0.449528	38
0.449653	39
0.44978	40
0.449882	41
0.449994	42
0.450112	43
0.45023	44
0.45035	45
0.450432	46
0.450565	47
0.450689	33
0.450819	33
0.450935	34
0.451057	35
0.451154	36
0.451256	37
0.451363	38
0.451475	39
0.451594	40
0.451718	41
0.451846	42
0.451967	43
0.452092	44
0.452221	45
0.452356	46
0.452467	32
0.452583	33
0.452687	34
0.452795	35
0.452907	36
0.453021	37
0.453129	38
0.453254	39
0.453372	40
0.453494	41
0.453621	42
0.45375	43
0.453859	44
0.453973	45
0.454094	46
0.454218	47
0.454341	48
0.454463	33
0.454542	34
0.454652	35
0.454766	36
0.454885	37
0.45501	38
0.45514	39
0.45526	40
0.455371	41
0.455487	42
0.45561	43
0.455737	44
0.455856	45
0.45598	46
0.456109	47
0.456242	33
0.45638	34
0.456491	35
0.456592	36
0.456698	37
0.456808	38
0.456924	39
0.457044	40
0.457168	41
0.457281	42
0.457396	43
0.45752	44
0.457651	45
0.457781	46
0.457907	33
0.458025	34
0.45813	35
0.458242	36
0.458359	37
0.458413	38
0.458535	39
0.458648	40
0.458766	41
0.458889	42
0.459016	43
0.45915	44
0.459275	45
0.45939	46
0.459512	47
0.459639	48
0.459771	35
0.459894	36
0.460004	37
0.46012	38
0.46024	39
0.460365	40
0.460495	41
0.460615	42
0.460726	43
0.460841	44
0.460961	45
0.461086	46
0.461216	47
0.461336	48
0.461465	49
0.461598	36
0.461734	36
0.461842	37
0.461949	38
0.462068	39
0.462191	40
0.462304	41
0.462422	42
0.462545	43
0.46266	44
0.462771	45
0.462843	46
0.462968	47
0.463098	48
0.463233	34
0.46336	35
0.463475	36
0.463587	37
0.463698	38
0.463813	39
0.463934	40
0.464044	41
0.46416	42
0.46428	43
0.464405	44
0.464535	45
0.464669	46
0.464794	33
0.464924	34
0.465027	35
0.465136	36
0.46525	37
0.46537	38
0.465494	39
0.465608	40
0.465725	41
0.46585	42
0.465979	43
0.466098	44
0.466223	45
0.466341	46
0.466464	47
0.466591	48
0.466724	49
0.466846	35
0.466972	35
0.467085	36
0.467203	37
0.467326	38
0.467391	39
0.46752	40
0.46763	41
0.467743	42
0.467861	43
0.467983	44
0.468111	45
0.468228	46
0.468351	47
0.468478	48
0.468611	34
0.468748	35
0.468871	36
0.468972	37
0.469077	38
0.469186	39
0.469302	40
0.469424	41
0.469552	42
0.46967	43
0.469793	44
0.469922	45
0.470055	46
0.47018	33
0.470295	33
0.470394	34
0.4705	35
0.470612	36
0.470725	37
0.470846	38
0.470958	39
0.471075	40
0.471196	41
0.471321	42
0.471452	43
0.47157	44
0.471681	45
0.471792	46
0.471872	47
0.471998	48
0.472129	49
0.472252	35
0.472379	36
0.472493	37
0.472612	38
0.472736	39
0.472865	40
0.472984	41
0.473093	42
0.473207	43
0.473329	44
0.473455	45
0.473586	46
0.473707	47
0.473833	48
0.473964	49
0.4741	34
0.474228	35
0.474341	36
0.474444	37
0.474552	38
0.474665	39
0.474781	40
0.474901	41
0.475014	42
0.475133	43
0.475257	44
0.475385	45
0.475519	46
0.475642	47
0.475757	48
0.475877	49
0.476002	50
0.476133	36
0.476264	36
0.476372	37
0.476485	38
0.476538	39
0.476657	40
0.476781	41
0.476909	42
0.477043	43
0.477164	44
0.477281	45
0.477402	46
0.477528	47
0.477659	48
0.477781	35
0.477906	35
0.478016	36
0.478134	37
0.478258	38
0.478387	39
0.478506	40
0.478615	41
0.478729	42
0.478848	43
0.478972	44
0.479087	45
0.479207	46
0.479332	47
0.47946	48
0.479592	34
0.479727	35
0.47984	36
0.479943	37
0.480051	38
0.480165	39
0.480284	40
0.480401	41
0.480515	42
0.480633	43
0.480757	44
0.480884	45
0.481008	46
0.481096	32
0.481224	33
0.481325	34
0.48143	35
0.481538	36
0.481652	37
0.481773	38
0.481883	39
0.481999	40
0.482119	41
0.482244	42
0.482375	43
0.482496	44
0.482622	45
0.482739	46
0.48286	47
0.482988	48
0.483104	49
0.483226	50
0.483353	51
0.483487	35
0.483625	36
0.483747	37
0.48386	38
0.483978	39
0.484101	40
0.484211	41
0.484326	42
0.484446	43
0.484572	44
0.48469	45
0.484811	46
0.484934	47
0.485024	48
0.485157	33
0.485282	33
0.485393	34
0.485495	35
0.485602	36
0.485714	37
0.485831	38
0.485952	39
0.486064	40
0.48618	41
0.486302	42
0.486428	43
0.48656	44
0.486683	45
0.48681	46
0.486929	47
0.487053	48
0.487179	49
0.487296	33
0.48742	34
0.487528	35
0.487641	36
0.48776	37
0.487884	38
0.488012	39
0.488131	40
0.488241	41
0.488355	42
0.488474	43
0.488598	44
0.488712	45
0.488831	46
0.488953	47
0.489035	48
0.489168	32
0.489307	33
0.489415	34
0.489528	35
0.489632	36
0.489742	37
0.489856	38
0.489975	39
0.490099	40
0.490212	41
0.49033	42
0.490451	43
0.490577	44
0.490709	45
0.490831	46
0.490946	47
0.491066	48
0.49119	49
0.491318	50
0.491438	34
0.491564	34
0.491673	35
0.491789	36
0.491909	37
0.492034	38
0.492164	39
0.492284	40
0.492395	41
0.49251	42
0.49263	43
0.492754	44
0.492868	45
0.492988	46
0.493067	47
0.493196	48
0.493331	32
0.49347	33
0.49358	34
0.49368	35
0.493784	36
0.493894	37
0.494008	38
0.494127	39
0.494251	40
0.494366	41
0.494486	42
0.494612	43
0.494743	44
0.494879	45
0.494991	30
0.495108	31
0.49521	32
0.495314	33
0.495424	34
0.49554	35
0.495648	36
0.495761	37
0.495879	38
0.496002	39
0.496129	40
0.496261	41
0.496368	42
0.49648	43
0.496599	44
0.496723	45
0.496844	46
0.496962	47
0.497085	48
0.497159	49
0.49729	33
0.497426	34
0.497546	35
0.497671	36
0.497771	37
0.497876	38
0.497986	39
0.498102	40
0.498223	41
0.498349	42
0.498464	43
0.498581	44
0.498705	45
0.498835	46
0.498971	32
0.499097	32
0.499194	33
0.499297	34
0.499405	35
0.499518	36
0.499635	37
0.499758	38
0.49987	39
0.499986	40
0.500108	41
0.500234	42
0.500365	43
0.500472	44
0.500584	45
0.5007	46
0.500823	47
0.500952	48
0.501085	34
0.501206	35
0.501269	36
0.501381	37
0.501497	38
0.501619	39
0.501745	40
0.501876	41
0.501983	42
0.502096	43
0.502214	44
0.502336	45
0.502463	46
0.502594	47
0.502703	33
0.502829	34
0.502945	35
0.503065	36
0.50319	37
0.503304	38
0.503411	39
0.503523	40
0.503639	41
0.503761	42
0.503887	43
0.504018	44
0.504138	45
0.504263	46
0.504394	47
0.50453	34
0.504642	34
0.504742	35
0.504847	36
0.504956	37
0.505069	38
0.505188	39
0.50531	40
0.505385	41
0.505502	42
0.505625	43
0.505752	44
0.505885	45
0.505993	46
0.506106	47
0.506225	48
0.506347	49
0.506474	50
0.506605	35
0.506734	36
0.506844	37
0.506958	38
0.507078	39
0.507204	40
0.507334	41
0.507446	42
0.507555	43
0.507671	44
0.507791	45
0.507916	46
0.508046	47
0.50818	33
0.508304	34
0.508415	35
0.50853	36
0.50865	37
0.508774	38
0.50889	39
0.508997	40
0.509108	41
0.509225	42
0.509348	43
0.509475	44
0.509607	45
0.509729	46
0.509854	47
0.509982	48
0.510098	34
0.510185	35
0.510295	36
0.510398	37
0.510506	38
0.510621	39
0.510738	40
0.510841	41
0.510968	42
0.511101	43
0.511235	44
0.511349	45
0.511468	46
0.511592	47
0.51172	48
0.511839	49
0.511963	50
0.512092	36
0.512225	37
0.512345	38
0.512469	39
0.512597	40
0.512731	41
0.512841	42
0.512956	43
0.513075	44
0.513199	45
0.513314	46
0.513436	47
0.513561	48
0.513692	49
0.513829	35
0.513971	35
0.514084	36
0.514186	37
0.514261	38
0.51437	39
0.514483	40
0.514603	41
0.514713	42
0.514829	43
0.514949	44
0.515074	45
0.515204	46
0.515338	33
0.51546	34
0.51557	35
0.515671	36
0.51578	37
0.515893	38
0.51601	39
0.516133	40
0.516245	41
0.516361	42
0.516483	43
0.516611	44
0.51674	45
0.516864	46
0.516982	47
0.517103	48
0.517229	49
0.51736	50
0.517484	35
0.51761	36
0.517722	37
0.517835	38
0.51795	39
0.518077	40
0.518193	41
0.518315	42
0.518426	43
0.518542	44
0.518633	45
0.518758	46
0.518887	47
0.519006	33
0.519131	34
0.519239	35
0.519353	36
0.519474	37
0.519586	38
0.519702	39
0.519822	40
0.519948	41
0.520063	42
0.520184	43
0.520309	44
0.520438	45
0.520559	46
0.520685	47
0.520816	48
0.520946	33
0.521073	34
0.521186	35
0.52129	36
0.521398	37
0.521511	38
0.521625	39
0.521744	40
0.521871	41
0.521984	42
0.522101	43
0.522213	44
0.522329	45
0.522452	46
0.522579	47
0.52271	48
0.522833	33
0.522957	34
0.52304	35
0.523157	36
0.52328	37
0.523407	38
0.523524	39
0.52363	40
0.523739	41
0.523855	42
0.523976	43
0.524101	44
0.524215	45
0.524335	46
0.524462	47
0.524594	48
0.524731	32
0.524871	33
0.524968	34
0.525071	35
0.525179	36
0.525291	37
0.525408	38
0.52553	39
0.525642	40
0.525759	41
0.525878	42
0.525999	43
0.526128	44
0.52625	45
0.526362	46
0.526479	47
0.526599	48
0.526721	49
0.526838	33
0.526974	34
0.527054	35
0.527164	36
0.527278	37
0.527397	38
0.527521	39
0.527635	40
0.527754	41
0.527876	42
0.527991	43
0.52811	44
0.528233	45
0.528362	46
0.528497	47
0.528619	32
0.528748	33
0.528854	34
0.528959	35
0.529069	36
0.529184	37
0.529306	38
0.529415	39
0.529528	40
0.529647	41
0.529772	42
0.529902	43
0.53002	44
0.530128	45
0.530243	46
0.530365	47
0.530491	48
0.530621	49
0.530754	33
0.530851	33
0.530957	34
0.531055	35
0.531171	36
0.531294	37
0.531421	38
0.531523	39
0.53163	40
0.531742	41
0.53186	42
0.531982	43
0.53211	44
0.532241	45
0.53236	46
0.532474	47
0.532603	48
0.532739	32
0.532855	32
0.532951	33
0.533052	34
0.533158	35
0.533269	36
0.533384	37
0.533504	38
0.533629	39
0.533759	40
0.533878	41
0.53399	42
0.534106	43
0.534228	44
0.53435	45
0.534465	46
0.534549	47
0.53467	48
0.534796	49
0.53493	32
0.53505	33
0.535171	34
0.535268	35
0.535369	36
0.535476	37
0.535587	38
0.535704	39
0.535825	40
0.535952	41
0.536067	42
0.536187	43
0.536312	44
0.536442	45
0.536577	46
0.536687	30
0.536803	31
0.536902	32
0.537007	33
0.537116	34
0.537229	35
0.537348	36
0.537473	37
0.537587	38
0.537705	39
0.537827	40
0.537954	41
0.538061	42
0.538172	43
0.538287	44
0.538407	45
0.53853	46
0.538654	47
0.538726	48
0.538862	31
0.538987	32
0.539095	33
0.539209	34
0.539329	35
0.539454	36
0.539556	37
0.53966	38
0.539768	39
0.539881	40
0.54	41
0.540124	42
0.540252	43
0.540386	44
0.540508	45
0.540636	46
0.540755	47
0.54088	48
0.540995	49
0.541115	50
0.541242	51
0.541373	33
0.541508	34
0.541626	35
0.541749	36
0.541876	37
0.541993	38
0.542101	39
0.542215	40
0.542334	41
0.542457	42
0.542565	43
0.542623	44
0.542742	45
0.542867	46
0.542996	47
0.543132	30
0.543273	31
0.543371	32
0.543471	33
0.543576	34
0.543685	35
0.543801	36
0.543921	37
0.544029	38
0.544142	39
0.54426	40
0.544382	41
0.54451	42
0.544628	43
0.54475	44
0.544863	45
0.544981	46
0.545104	47
0.545232	48
0.545361	49
0.545485	32
0.545612	33
0.545723	34
0.545839	35
0.545961	36
0.546086	37
0.546201	38
0.546321	39
0.546433	40
0.54655	41
0.54667	42
0.546724	43
0.546851	44
0.546968	45
0.54709	46
0.547218	47
0.54735	48
0.547473	32
0.5476	33
0.547712	34
0.547828	35
0.547951	36
0.548075	37
0.548191	38
0.548298	39
0.54841	40
0.548527	41
0.548648	42
0.548761	43
0.548879	44
0.549002	45
0.549129	46
0.549261	47
0.549398	31
0.549524	32
0.549621	33
0.549723	34
0.54983	35
0.549942	36
0.550058	37
0.550178	38
0.550289	39
0.550406	40
0.550528	41
0.550656	42
0.550789	43
0.550907	44
0.55102	45
0.551135	46
0.551249	47
0.551319	48
0.551449	49
0.551569	34
0.551694	34
0.551803	35
0.551918	36
0.552037	37
0.552162	38
0.552291	39
0.552426	40
0.552534	41
0.552648	42
0.552767	43
0.552891	44
0.553004	45
0.553122	46
0.553245	47
0.553373	48
0.553507	33
0.553645	34
0.553769	35
0.553871	36
0.553974	37
0.554082	38
0.554195	39
0.554314	40
0.554437	41
0.554548	42
0.554665	43
0.554789	44
0.554918	45
0.555051	46
0.555175	32
0.555304	33
0.555405	34
0.555506	35
0.555556	36
0.555667	37
0.555783	38
0.555905	39
0.556015	40
0.556131	41
0.556252	42
0.556379	43
0.556512	44
0.556642	45
0.556768	46
0.556884	47
0.557006	48
0.557132	49
0.557263	35
0.557383	35
0.557489	36
0.5576	37
0.557715	38
0.557835	39
0.55796	40
0.55809	41
0.55821	42
0.558322	43
0.558439	44
0.55856	45
0.558686	46
0.558803	47
0.558923	48
0.559047	49
0.559175	50
0.55931	35
0.559448	36
0.559556	37
0.559639	38
0.559705	39
0.559812	40
0.559924	41
0.560042	42
0.560165	43
0.560292	44
0.56041	45
0.560532	46
0.56066	47
0.560792	48
0.560929	33
0.561054	34
0.56115	35
0.561252	36
0.561361	37
0.561474	38
0.561591	39
0.561714	40
0.561827	41
0.561946	42
0.56207	43
0.5622	44
0.562334	45
0.562447	46
0.562561	47
0.56268	48
0.562804	49
0.562933	50
0.563066	34
0.56319	34
0.563295	35
0.563403	36
0.563519	37
0.563641	38
0.56376	39
0.563879	40
0.563977	41
0.564087	42
0.564165	43
0.564284	44
0.564408	45
0.564536	46
0.564654	47
0.564775	48
0.5649	49
0.565033	33
0.56517	34
0.565291	35
0.565387	36
0.565489	37
0.565598	38
0.565711	39
0.565828	40
0.565951	41
0.566078	42
0.566195	43
0.566318	44
0.566445	45
0.566577	46
0.5667	47
0.566812	48
0.566928	49
0.567051	50
0.567178	51
0.56731	34
0.567449	35
0.567554	36
0.567664	37
0.567777	38
0.567896	39
0.56802	40
0.568131	41
0.568246	42
0.568353	43
0.568468	44
0.568588	45
0.568713	46
0.568838	47
0.568966	48
0.56905	33
0.569177	33
0.569289	34
0.569406	35
0.569514	36
0.569627	37
0.569745	38
0.569866	39
0.569978	40
0.570096	41
0.570218	42
0.570346	43
0.570462	44
0.570584	45
0.570711	46
0.570843	47
0.570965	32
0.571091	33
0.571201	34
0.571304	35
0.571409	36
0.571521	37
0.571638	38
0.571759	39
0.571885	40
0.572001	41
0.57212	42
0.572243	43
0.572359	44
0.572479	45
0.572604	46
0.572727	47
0.572837	48
0.57292	49
0.573046	50
0.573176	34
0.573311	35
0.573415	36
0.573525	37
0.573641	38
0.573764	39
0.573887	40
0.574003	41
0.574125	42
0.574251	43
0.574366	44
0.574486	45
0.574611	46
0.574742	47
0.574863	48
0.574988	49
0.575117	50
0.575252	33
0.575377	34
0.575486	35
0.575601	36
0.575718	37
0.575841	38
0.575953	39
0.576071	40
0.576194	41
0.576313	42
0.576431	43
0.576554	44
0.576682	45
0.5768	46
0.576922	47
0.577048	48
0.577174	49
0.577299	32
0.577371	33
0.577478	34
0.57759	35
0.577708	36
0.57783	37
0.577951	38
0.578066	39
0.578172	40
0.578282	41
0.578398	42
0.578517	43
0.578641	44
0.578769	45
0.578887	46
0.579012	47
0.579142	48
0.579276	31
0.5794	32
0.579507	33
0.579607	34
0.579712	35
0.579821	36
0.579935	37
0.580054	38
0.580178	39
0.580291	40
0.580409	41
0.580531	42
0.58066	43
0.580793	44
0.5809	45
0.581011	46
0.58107	47
0.58119	48
0.581316	49
0.581447	32
0.581583	33
0.581686	34
0.581795	35
0.581908	36
0.582025	37
0.582148	38
0.582275	39
0.582376	40
0.582482	41
0.582595	42
0.582713	43
0.582836	44
0.582964	45
0.583098	46
0.583223	31
0.583351	31
0.583464	32
0.583569	33
0.583678	34
0.583792	35
0.583894	36
0.584001	37
0.584113	38
0.58423	39
0.584351	40
0.584477	41
0.584608	42
0.584729	43
0.58484	44
0.584957	45
0.585078	46
0.585206	47
0.58527	48
0.585402	32
0.585526	32
0.585633	33
0.585744	34
0.585861	35
0.585981	36
0.586106	37
0.586222	38
0.586327	39
0.586439	40
0.586555	41
0.586673	42
0.586797	43
0.586914	44
0.587035	45
0.587162	46
0.587294	47
0.587431	31
0.587543	31
0.587638	32
0.587737	33
0.587842	34
0.587951	35
0.588065	36
0.588184	37
0.588308	38
0.588421	39
0.588539	40
0.588662	41
0.588789	42
0.588921	43
0.589029	44
0.589097	45
0.589211	46
0.589329	47
0.589451	48
0.58958	49
0.589713	32
0.589836	33
0.589941	34
0.590049	35
0.590163	36
0.590283	37
0.590394	38
0.590509	39
0.590627	40
0.590736	41
0.59085	42
0.590972	43
0.591098	44
0.591229	45
0.591364	46
0.59149	30
0.591607	31
0.591707	32
0.591813	33
0.591924	34
0.592039	35
0.592159	36
0.592269	37
0.592383	38
0.592502	39
0.592626	40
0.592756	41
0.592873	42
0.592983	43
0.593097	44
0.593217	45
0.59334	46
0.593465	47
0.593533	48
0.593654	49
0.593777	50
0.593906	33
0.594042	34
0.594161	35
0.594285	36
0.594383	37
0.594486	38
0.594597	39
0.594712	40
0.594833	41
0.594958	42
0.595072	43
0.595191	44
0.595315	45
0.595443	46
0.595577	47
0.595701	31
0.595814	32
0.595912	33
0.596015	34
0.596124	35
0.596238	36
0.596358	37
0.596483	38
0.596596	39
0.596713	40
0.596832	41
0.596955	42
0.597079	43
0.597186	44
0.597298	45
0.597415	46
0.597536	47
0.59766	48
0.597785	49
0.597859	32
0.597996	33
0.5981	34
0.598209	35
0.598312	36
0.598421	37
0.598534	38
0.598653	39
0.598776	40
0.598888	41
0.599005	42
0.599126	43
0.599252	44
0.599383	45
0.599504	46
0.599614	47
0.599731	48
0.599852	49
0.59998	50
0.600112	33
0.600248	33
0.60035	34
0.600458	35
0.600573	36
0.600694	37
0.600819	38
0.600933	39
0.60104	40
0.601149	41
0.601263	42
0.601382	43
0.601504	44
0.60163	45
0.601691	46
0.601825	31
0.60195	31
0.60206	32
0.602176	33
0.602296	34
0.602411	35
0.602511	36
0.602616	37
0.602725	38
0.60284	39
0.602961	40
0.603086	41
0.603215	42
0.603334	43
0.603459	44
0.603589	45
0.603711	46
0.603821	47
0.603934	48
0.604053	49
0.604179	50
0.604312	33
0.604449	34
0.604569	35
0.604678	36
0.604792	37
0.604913	38
0.605033	39
0.605147	40
0.60525	41
0.605344	42
0.605426	43
0.605544	44
0.605666	45
0.605794	46
0.605927	47
0.606065	31
0.606193	32
0.606293	33
0.606385	34
0.606481	35
0.606582	36
0.606688	37
0.6068	38
0.606916	39
0.607039	40
0.607166	41
0.607299	42
0.607422	43
0.607539	44
0.607657	45
0.607765	46
0.607878	47
0.607997	48
0.608121	49
0.608249	50
0.608383	32
0.608521	33
0.608641	34
0.608753	35
0.60887	36
0.608991	37
0.609117	38
0.609219	39
0.609326	40
0.609438	41
0.609554	42
0.609659	43
0.609728	44
0.609856	45
0.60999	46
0.610115	47
0.610245	48
0.610379	31
0.610504	32
0.610613	33
0.610711	34
0.610814	35
0.610921	36
0.611036	37
0.611155	38
0.611271	39
0.611387	40
0.611507	41
0.611632	42
0.611762	43
0.611896	44
0.612021	45
0.612138	46
0.612259	47
0.612385	48
0.612516	49
0.612639	31
0.612767	32
0.612876	33
0.61299	34
0.613109	35
0.613234	36
0.613348	37
0.613467	38
0.613577	39
0.613691	40
0.61381	41
0.613919	42
0.614025	43
0.614088	44
0.614209	45
0.614335	46
0.614466	47
0.614602	30
0.614728	31
0.614838	32
0.614937	33
0.615043	34
0.615154	35
0.615269	36
0.615377	37
0.615489	38
0.615606	39
0.615728	40
0.615856	41
0.615988	42
0.616112	43
0.61624	44
0.616347	45
0.616458	46
0.616574	47
0.616697	48
0.616824	49
0.616957	32
0.617094	33
0.617214	34
0.617339	35
0.617456	36
0.617577	37
0.617677	38
0.617782	39
0.617893	40
0.618005	41
0.618119	42
0.618179	43
0.618305	44
0.618438	45
0.618575	30
0.618703	30
0.618803	31
0.618896	32
0.618992	33
0.619093	34
0.619198	35
0.619309	36
0.619426	37
0.619548	38
0.619676	39
0.619808	40
0.619923	41
0.620037	42
0.620156	43
0.62028	44
0.620394	45
0.620515	46
0.62064	47
0.620769	48
0.620904	32
0.621043	33
0.621167	34
0.621268	35
0.621374	36
0.621485	37
0.6216	38
0.621723	39
0.621833	40
0.621947	41
0.622003	42
0.622126	43
0.622255	44
0.62239	45
0.622516	46
0.622633	47
0.622754	48
0.62288	49
0.623011	33
0.623133	34
0.623238	35
0.623349	36
0.623464	37
0.623585	38
0.623711	39
0.623838	40
0.623956	41
0.624069	42
0.624187	43
0.624309	44
0.624437	45
0.624555	46
0.624678	47
0.624807	48
0.62494	33
0.625079	34
0.625188	35
0.625302	36
0.625421	37
0.625545	38
0.62566	39
0.625781	40
0.625891	41
0.626007	42
0.626127	43
0.626252	44
0.626382	45
0.626502	46
0.626624	47
0.626752	48
0.62687	32
0.626948	33
0.627056	34
0.627156	35
0.62726	36
0.62737	37
0.627484	38
0.627604	39
0.62773	40
0.627856	41
0.627978	42
0.628104	43
0.628235	44
0.628356	45
0.628468	46
0.628586	47
0.628709	48
0.628836	49
0.628968	34
0.629104	34
0.62921	35
0.62932	36
0.629437	37
0.62956	38
0.629681	39
0.6298	40
0.629909	41
0.630024	42
0.630143	43
0.630266	44
0.630395	45
0.630512	46
0.630627	47
0.630709	48
0.630841	33
0.630978	33
0.631085	34
0.631182	35
0.631285	36
0.631392	37
0.631504	38
0.631622	39
0.631746	40
0.631871	41
0.631991	42
0.632116	43
0.632246	44
0.632381	45
0.63249	46
0.632604	47
0.632723	48
0.632847	49
0.632976	50
0.633108	34
0.633231	34
0.633338	35
0.633451	36
0.63357	37
0.633695	38
0.633824	39
0.633949	40
0.634058	41
0.634171	42
0.634288	43
0.634411	44
0.634523	45
0.634635	46
0.634708	47
0.634833	48
0.634963	49
0.635097	32
0.635237	33
0.635359	34
0.635458	35
0.635561	36
0.635671	37
0.635784	38
0.635904	39
0.636025	40
0.636142	41
0.636263	42
0.636389	43
0.63652	44
0.636656	45
0.636767	30
0.63688	31
0.636978	32
0.637084	33
0.637195	34
0.63731	35
0.637417	36
0.637529	37
0.637646	38
0.637767	39
0.637894	40
0.638027	41
0.638135	42
0.638248	43
0.638367	44
0.638491	45
0.638605	46
0.638721	47
0.638845	48
0.638908	49
0.639037	33
0.639172	34
0.639291	35
0.639415	36
0.639529	37
0.639635	38
0.639747	39
0.639863	40
0.639985	41
0.640111	42
0.640227	43
0.640348	44
0.640471	45
0.640601	46
0.640737	32
0.640863	32
0.640961	33
0.641063	34
0.641171	35
0.641284	36
0.641402	37
0.641524	38
0.641635	39
0.64175	40
0.641873	41
0.642	42
0.642133	43
0.642241	44
0.642354	45
0.642474	46
0.642599	47
0.642729	48
0.642848	49
0.64297	50
0.643045	34
0.643176	35
0.643293	36
0.643415	37
0.643529	38
0.643648	39
0.643758	40
0.643874	41
0.643996	42
0.644122	43
0.644243	44
0.644363	45
0.644488	46
0.64462	47
0.644742	48
0.64487	49
0.645002	34
0.645126	35
0.645235	36
0.64535	37
0.645471	38
0.645596	39
0.645711	40
0.645831	41
0.645956	42
0.646087	43
0.64621	44
0.646324	45
0.646443	46
0.646567	47
0.646695	48
0.646829	34
0.646953	35
0.64706	36
0.647167	37
0.647227	38
0.647348	39
0.647475	40
0.647593	41
0.647701	42
0.647814	43
0.647933	44
0.648057	45
0.648187	46
0.648317	47
0.648442	48
0.648572	49
0.648706	34
0.648831	35
0.648942	36
0.649044	37
0.649151	38
0.649263	39
0.649379	40
0.649502	41
0.649629	42
0.649762	43
0.649884	44
0.650014	45
0.650144	46
0.650257	47
0.650375	48
0.650497	49
0.650625	50
0.650757	35
0.650894	36
0.651017	37
0.651127	38
0.651243	39
0.651365	40
0.651489	41
0.651607	42
0.651663	43
0.651774	44
0.65189	45
0.652013	46
0.65214	47
0.652273	48
0.65241	33
0.652537	34
0.65265	35
0.652755	36
0.652864	37
0.652978	38
0.653097	39
0.653205	40
0.653318	41
0.653437	42
0.653561	43
0.65369	44
0.653823	45
0.653947	46
0.654074	47
0.654197	48
0.654324	49
0.654457	34
0.654579	35
0.654687	36
0.6548	37
0.654918	38
0.655041	39
0.655168	40
0.6553	41
0.655409	42
0.655522	43
0.655642	44
0.655767	45
0.655885	46
0.656005	47
0.656129	48
0.656256	49
0.656392	33
0.656472	34
0.656595	35
0.656695	36
0.656799	37
0.656909	38
0.657023	39
0.657142	40
0.657266	41
0.65738	42
0.657499	43
0.657623	44
0.657751	45
0.657885	46
0.658011	31
0.65813	32
0.658235	33
0.658344	34
0.658458	35
0.658577	36
0.658701	37
0.658814	38
0.658931	39
0.659051	40
0.659177	41
0.659295	42
0.659403	43
0.659516	44
0.659634	45
0.659758	46
0.659886	47
0.660011	48
0.660134	49
0.660258	50
0.660342	34
0.66048	34
0.660587	35
0.660699	36
0.660801	37
0.660908	38
0.66102	39
0.661136	40
0.661258	41
0.661384	42
0.661502	43
0.661624	44
0.661752	45
0.661885	46
0.66201	31
0.662125	32
0.662228	33
0.662335	34
0.662446	35
0.662563	36
0.662684	37
0.662796	38
0.662913	39
0.663034	40
0.66316	41
0.663277	42
0.663398	43
0.66351	44
0.663627	45
0.663749	46
0.663878	47
0.664011	48
0.664142	32
0.66427	33
0.664311	34
0.664426	35
0.664537	36
0.664648	37
0.664765	38
0.664886	39
0.664998	40
0.665115	41
0.665236	42
0.665362	43
0.665493	44
0.665616	45
0.665743	46
0.665862	47
0.665987	48
0.666117	49
0.666239	33
0.666366	34
0.666478	35
0.666594	36
0.666716	37
0.666842	38
0.666959	39
0.667068	40
0.667182	41
0.667301	42
0.667425	43
0.667554	44
0.667673	45
0.667796	46
0.667924	47
0.66806	48
0.668196	32
0.668257	32
0.668357	33
0.668461	34
0.668571	35
0.668685	36
0.668804	37
0.668928	38
0.669042	39
0.669161	40
0.669285	41
0.669413	42
0.669533	43
0.669643	44
0.669757	45
0.66988	46
0.670007	47
0.670139	48
0.670267	32
0.670395	32
0.670507	33
0.670616	34
0.670726	35
0.67084	36
0.670959	37
0.671083	38
0.671196	39
0.671314	40
0.671436	41
0.671564	42
0.671696	43
0.671805	44
0.671862	45
0.671981	46
0.672104	47
0.672233	48
0.672368	31
0.672493	32
0.672601	33
0.672714	34
0.672832	35
0.672954	36
0.673067	37
0.673171	38
0.67328	39
0.673394	40
0.673513	41
0.673637	42
0.673767	43
0.6739	44
0.674026	45
0.674157	46
0.67428	47
0.674394	48
0.674513	49
0.674637	50
0.674766	51
0.674899	33
0.675039	34
0.67516	35
0.675272	36
0.675388	37
0.675498	38
0.675612	39
0.675732	40
0.675856	41
0.675968	42
0.676078	43
0.676153	44
0.67628	45
0.676412	46
0.676549	29
0.676664	30
0.676761	31
0.676866	32
0.676975	33
0.677089	34
0.677207	35
0.677328	36
0.67744	37
0.677558	38
0.677681	39
0.677796	40
0.677917	41
0.678036	42
0.678152	43
0.678272	44
0.678396	45
0.678523	46
0.678643	47
0.678768	48
0.678898	49
0.679033	31
0.679159	32
0.679267	33
0.67938	34
0.679498	35
0.679621	36
0.679735	37
0.679851	38
0.679972	39
0.680034	40
0.680163	41
0.680284	42
0.680397	43
0.680515	44
0.680637	45
0.680765	46
0.680897	47
0.681021	31
0.681149	31
0.681261	32
0.681377	33
0.681497	34
0.681599	35
0.681704	36
0.681813	37
0.681928	38
0.682049	39
0.682174	40
0.682303	41
0.682422	42
0.682546	43
0.682672	44
0.68279	45
0.682902	46
0.683017	47
0.683138	48
0.683264	49
0.683394	33
0.683529	34
0.683651	35
0.68377	36
0.683886	37
0.684009	38
0.684132	39
0.684234	40
0.684341	41
0.684456	42
0.684574	43
0.68464	44
0.684765	45
0.684895	46
0.685031	31
0.685171	31
0.685282	32
0.685371	33
0.685466	34
0.685566	35
0.685671	36
0.685782	37
0.685897	38
0.686018	39
0.686141	40
0.686271	41
0.686407	42
0.686521	43
0.686626	44
0.686735	45
0.686849	46
0.686968	47
0.687091	48
0.687218	49
0.687353	32
0.687492	33
0.687615	34
0.687729	35
0.687848	36
0.687958	37
0.688057	38
0.688162	39
0.688273	40
0.688387	41
0.688506	42
0.688566	43
0.688693	44
0.688825	45
0.688962	30
0.689091	30
0.689204	31
0.689293	32
0.689387	33
0.689487	34
0.689591	35
0.689702	36
0.689817	37
0.689937	38
0.690062	39
0.690192	40
0.690327	41
0.690453	42
0.690555	43
0.690662	44
0.690774	45
0.690888	46
0.691007	47
0.691133	48
0.691266	49
0.691403	32
0.691544	33
0.691655	34
0.691758	35
0.691865	36
0.691977	37
0.692095	38
0.692204	39
0.692315	40
0.692365	41
0.692486	42
0.692609	43
0.692739	44
0.692874	45
0.692999	46
0.693129	47
0.693249	48
0.693359	49
0.693476	50
0.693597	51
0.693724	52
0.693855	33
0.69399	34
0.694108	35
0.694232	36
0.694361	37
0.694487	38
0.694597	39
0.694698	40
0.694804	41
0.694915	42
0.69503	43
0.69515	44
0.695277	45
0.695408	46
0.695543	30
0.695684	31
0.695783	32
0.695884	33
0.695989	34
0.6961	35
0.696217	36
0.696325	37
0.696438	38
0.696556	39
0.696678	40
0.696804	41
0.696934	42
0.697052	43
0.697111	44
0.697225	45
0.697344	46
0.697469	47
0.697584	48
0.697703	49
0.697828	50
0.697958	33
0.698093	34
0.698212	35
0.698337	36
0.698467	37
0.698594	38
0.698704	39
0.698804	40
0.69891	41
0.699021	42
0.699136	43
0.699258	44
0.699384	45
0.699515	46
0.699651	31
0.699791	32
0.699903	33
0.699992	34
0.700086	35
0.700186	36
0.70029	37
0.700401	38
0.700516	39
0.700636	40
0.700761	41
0.700891	42
0.701026	43
0.701165	44
0.701267	29
0.701374	30
0.701468	31
0.701567	32
0.70167	33
0.701777	34
0.701819	35
0.701934	36
0.702055	37
0.702181	38
0.702312	39
0.702441	40
0.702539	41
0.702641	42
0.702748	43
0.70286	44
0.702977	45
0.703098	46
0.703225	47
0.703358	48
0.703495	31
0.703637	32
0.703736	33
0.70384	34
0.703948	35
0.704062	36
0.704177	37
0.704287	38
0.704401	39
0.70452	40
0.704644	41
0.704772	42
0.704906	43
0.70503	44
0.705144	45
0.705263	46
0.705388	47
0.705518	48
0.705634	49
0.705753	50
0.705821	51
0.70595	33
0.706086	34
0.706204	35
0.706327	36
0.706441	37
0.70656	38
0.706669	39
0.706783	40
0.706902	41
0.707027	42
0.707142	43
0.707261	44
0.707384	45
0.707513	46
0.707646	47
0.70777	30
0.707886	31
0.707988	32
0.708095	33
0.708205	34
0.708321	35
0.708442	36
0.708554	37
0.708669	38
0.708789	39
0.708914	40
0.70903	41
0.70915	42
0.709261	43
0.709376	44
0.709497	45
0.709624	46
0.709752	47
0.709885	48
0.709952	31
0.710079	31
0.710189	32
0.710294	33
0.7104	34
0.710511	35
0.710626	36
0.710732	37
0.710843	38
0.710959	39
0.71108	40
0.711207	41
0.711338	42
0.711459	43
0.711585	44
0.711702	45
0.711823	46
0.711936	47
0.712053	48
0.712176	49
0.712304	50
0.712438	32
0.712576	32
0.712695	33
0.712804	34
0.712918	35
0.713037	36
0.71316	37
0.713272	38
0.713375	39
0.713478	40
0.713537	41
0.713653	42
0.713775	43
0.713903	44
0.714035	45
0.714162	46
0.71429	47
0.714422	48
0.714545	31
0.714658	32
0.714754	33
0.714855	34
0.714961	35
0.715072	36
0.715189	37
0.71531	38
0.715437	39
0.715568	40
0.715689	41
0.715816	42
0.715935	43
0.716045	44
0.716159	45
0.716278	46
0.716402	47
0.716529	48
0.71666	32
0.716797	32
0.716904	33
0.717016	34
0.717133	35
0.717253	36
0.717363	37
0.717466	38
0.717574	39
0.717687	40
0.717804	41
0.717926	42
0.718052	43
0.718183	44
0.718252	45
0.718375	46
0.718504	47
0.718637	31
0.718761	32
0.718854	33
0.718951	34
0.719056	35
0.719165	36
0.719281	37
0.719401	38
0.719526	39
0.719656	40
0.71979	41
0.719901	42
0.720016	43
0.720136	44
0.720261	45
0.720376	46
0.720495	47
0.720617	48
0.720743	49
0.720876	32
0.721014	33
0.721135	34
0.721246	35
0.721347	36
0.721455	37
0.72157	38
0.721689	39
0.721813	40
0.721926	41
0.722045	42
0.722169	43
0.72229	44
0.722364	45
0.722499	46
0.722611	31
0.722728	32
0.72283	33
0.722937	34
0.723049	35
0.723165	36
0.723282	37
0.723395	38
0.723514	39
0.723638	40
0.723766	41
0.72389	42
0.724	43
0.724114	44
0.724233	45
0.724357	46
0.724485	47
0.724616	33
0.724736	34
0.724846	35
0.72496	36
0.725079	37
0.725203	38
0.725317	39
0.725435	40
0.725545	41
0.725662	42
0.725783	43
0.72591	44
0.726041	45
0.726162	46
0.726287	47
0.726354	48
0.726484	49
0.726606	35
0.726733	36
0.726847	37
0.726951	38
0.72706	39
0.727175	40
0.727294	41
0.727418	42
0.727548	43
0.727668	44
0.727791	45
0.727907	46
0.728029	47
0.728155	48
0.728286	49
0.728407	35
0.728534	36
0.728647	37
0.728764	38
0.728888	39
0.729017	40
0.72915	41
0.729258	42
0.72937	43
0.729487	44
0.729612	45
0.729742	46
0.729861	47
0.729984	48
0.730113	49
0.730246	35
0.730385	36
0.730495	37
0.730595	38
0.730696	39
0.730804	40
0.730864	41
0.730981	42
0.731103	43
0.731231	44
0.731349	45
0.73147	46
0.731596	47
0.731728	48
0.731861	34
0.731988	34
0.732085	35
0.732188	36
0.732295	37
0.732406	38
0.732523	39
0.732644	40
0.732771	41
0.732886	42
0.733009	43
0.733136	44
0.733268	45
0.733391	46
0.733507	47
0.733625	48
0.733748	49
0.733875	50
0.734007	35
0.734144	36
0.734253	37
0.734366	38
0.734483	39
0.734606	40
0.73472	41
0.734839	42
0.734963	43
0.735089	44
0.735205	45
0.735325	46
0.735445	47
0.735574	48
0.735654	33
0.735778	34
0.735887	35
0.736002	36
0.736106	37
0.736216	38
0.736329	39
0.736446	40
0.736571	41
0.7367	42
0.736819	43
0.736943	44
0.737071	45
0.73719	46
0.737313	47
0.737427	48
0.737546	49
0.737671	50
0.737801	35
0.737936	36
0.738056	37
0.738181	38
0.738296	39
0.738416	40
0.738541	41
0.738671	42
0.738776	43
0.738886	44
0.739002	45
0.739122	46
0.739247	47
0.739377	48
0.739502	34
0.739639	35
0.739699	36
0.739813	37
0.73992	38
0.740032	39
0.740148	40
0.74027	41
0.74038	42
0.740496	43
0.740616	44
0.740741	45
0.740871	46
0.741005	34
0.741145	34
0.741245	35
0.741349	36
0.741459	37
0.741573	38
0.741693	39
0.741818	40
0.741932	41
0.74205	42
0.742171	43
0.742299	44
0.742432	45
0.742556	46
0.74267	47
0.742789	48
0.742912	49
0.743038	50
0.74317	36
0.743293	37
0.743397	38
0.743508	39
0.743613	40
0.743723	41
0.743824	42
0.743949	43
0.744072	44
0.744185	45
0.744303	46
0.744425	47
0.744553	48
0.744685	35
0.744806	35
0.744914	36
0.745027	37
0.745145	38
0.745269	39
0.745383	40
0.745502	41
0.745625	42
0.74574	43
0.74586	44
0.745985	45
0.746115	46
0.746235	47
0.74636	48
0.74649	49
0.746612	35
0.746738	36
0.74685	37
0.746964	38
0.747084	39
0.747196	40
0.747314	41
0.747436	42
0.747561	43
0.74769	44
0.747811	45
0.747922	46
0.748036	47
0.748133	48
0.748258	49
0.748388	35
0.748518	36
0.748621	37
0.748724	38
0.748841	39
0.748963	40
0.749091	41
0.749225	42
0.749333	43
0.749447	44
0.749566	45
0.749691	46
0.749821	47
0.749941	48
0.750066	49
0.750196	50
0.750331	35
0.75047	36
0.750582	37
0.750683	38
0.750789	39
0.750899	40
0.751015	41
0.751137	42
0.751265	43
0.75139	44
0.751512	45
0.75164	46
0.751769	47
0.751891	48
0.752017	49
0.752138	34
0.752263	35
0.752369	36
0.752477	37
0.752593	38
0.752677	39
0.7528	40
0.752911	41
0.753034	42
0.753161	43
0.75328	44
0.753404	45
0.753533	46
0.753651	47
0.753772	48
0.753899	49
0.754033	34
0.754157	35
0.754266	36
0.75438	37
0.754499	38
0.754623	39
0.754737	40
0.754856	41
0.754979	42
0.755107	43
0.755225	44
0.75535	45
0.75548	46
0.755607	47
0.755734	48
0.75586	49
0.755981	50
0.756107	51
0.756237	35
0.756371	36
0.756482	37
0.756587	38
0.7567	39
0.756818	40
0.756939	41
0.75704	42
0.757157	43
0.75727	44
0.757389	45
0.757507	46
0.75763	47
0.757759	48
0.757894	33
0.758017	33
0.758126	34
0.758239	35
0.758356	36
0.758479	37
0.758591	38
0.758709	39
0.758831	40
0.758943	41
0.75906	42
0.759181	43
0.759307	44
0.759439	45
0.759562	46
0.759689	47
0.759813	48
0.759933	49
0.760061	50
0.760193	34
0.760316	35
0.760423	36
0.760533	37
0.760643	38
0.76076	39
0.760887	40
0.761018	41
0.761137	42
0.761245	43
0.761358	44
0.761478	45
0.761596	46
0.761709	47
0.761801	48
0.761925	49
0.762054	50
0.762187	33
0.762325	34
0.762447	35
0.762557	36
0.762658	37
0.762765	38
0.762877	39
0.762994	40
0.763115	41
0.763227	42
0.763346	43
0.76347	44
0.763598	45
0.763732	46
0.76387	31
0.763983	31
0.76408	32
0.764182	33
0.764288	34
0.764398	35
0.764513	36
0.764619	37
0.764723	38
0.764833	39
0.764952	40
0.765076	41
0.765207	42
0.76533	43
0.76544	44
0.765555	45
0.765675	46
0.7658	47
0.76593	48
0.766049	49
0.766135	50
0.766261	34
0.766393	35
0.766511	36
0.766633	37
0.766761	38
0.766893	39
0.766999	40
0.767109	41
0.767225	42
0.767347	43
0.76747	44
0.767585	45
0.767704	46
0.767831	47
0.767962	48
0.768097	32
0.768238	33
0.768349	34
0.768448	35
0.768553	36
0.768664	37
0.768779	38
0.768897	39
0.769004	40
0.769115	41
0.76923	42
0.769352	43
0.769482	44
0.769607	45
0.769731	46
0.769844	47
0.769963	48
0.770087	49
0.770214	50
0.770335	33
0.770433	34
0.770537	35
0.770647	36
0.770761	37
0.77088	38
0.771004	39
0.771132	40
0.771251	41
0.771362	42
0.771477	43
0.771596	44
0.771718	45
0.77183	46
0.771946	47
0.772068	48
0.772195	49
0.772328	33
0.772465	34
0.772571	35
0.772683	36
0.772789	37
0.772897	38
0.773011	39
0.77313	40
0.773254	41
0.773367	42
0.773484	43
0.773605	44
0.773734	45
0.773866	46
0.773985	31
0.774103	32
0.774192	33
0.77428	34
0.774387	35
0.774499	36
0.774617	37
0.774738	38
0.774849	39
0.774966	40
0.775088	41
0.775216	42
0.775347	43
0.77546	44
0.775573	45
0.77569	46
0.775813	47
0.77594	48
0.776062	33
0.776181	34
0.776285	35
0.776397	36
0.776515	37
0.776638	38
0.776765	39
0.776897	40
0.777002	41
0.777111	42
0.777228	43
0.777348	44
0.777471	45
0.777579	46
0.777694	47
0.777817	48
0.777944	49
0.778076	33
0.778191	34
0.778313	35
0.778409	36
0.778511	37
0.77862	38
0.778733	39
0.77885	40
0.778973	41
0.779086	42
0.779205	43
0.779329	44
0.779457	45
0.779591	46
0.779729	31
0.779841	32
0.779937	33
0.780022	34
0.780129	35
0.780241	36
0.780358	37
0.780464	38
0.780574	39
0.780691	40
0.780812	41
0.78094	42
0.781072	43
0.781197	44
0.781309	45
0.781425	46
0.781547	47
0.781673	48
0.781788	49
0.781906	50
0.781996	51
0.782124	35
0.782257	35
0.782375	36
0.782497	37
0.782625	38
0.782757	39
0.782863	40
0.782973	41
0.783089	42
0.78321	43
0.78333	44
0.783443	45
0.783562	46
0.783684	47
0.78381	48
0.783945	32
0.784084	33
0.784208	34
0.784305	35
0.784407	36
0.784517	37
0.784631	38
0.78475	39
0.784858	40
0.784971	41
0.78509	42
0.785214	43
0.785342	44
0.785476	45
0.785614	31
0.785726	32
0.785824	33
0.785928	34
0.786035	35
0.786149	36
0.786212	37
0.786317	38
0.786428	39
0.786543	40
0.786663	41
0.786788	42
0.786918	43
0.787054	44
0.787166	45
0.787282	46
0.787403	47
0.787525	48
0.787638	49
0.78774	50
0.787863	51
0.787992	35
0.788127	36
0.788248	37
0.788373	38
0.788503	39
0.788622	40
0.788731	41
0.788844	42
0.788962	43
0.789084	44
0.789196	45
0.789313	46
0.789434	47
0.789561	48
0.789694	34
0.789831	35
0.789955	36
0.790083	37
0.790189	38
0.790296	39
0.790402	40
0.79051	41
0.790635	42
0.790749	43
0.790868	44
0.790991	45
0.791118	46
0.791253	47
0.791392	33
0.791506	33
0.791605	34
0.791711	35
0.791822	36
0.791939	37
0.792052	38
0.79216	39
0.79224	40
0.792356	41
0.792479	42
0.792607	43
0.792741	44
0.79285	45
0.792964	46
0.793083	47
0.793207	48
0.793336	49
0.793469	34
0.793593	35
0.793702	36
0.793818	37
0.793938	38
0.794063	39
0.794193	40
0.794312	41
0.79442	42
0.794533	43
0.794651	44
0.794772	45
0.794895	46
0.795013	47
0.795133	48
0.79526	49
0.795391	35
0.795526	35
0.795647	36
0.795745	37
0.795847	38
0.795953	39
0.796064	40
0.796182	41
0.796304	42
0.796427	43
0.796539	44
0.796658	45
0.796778	46
0.796882	47
0.797016	33
0.797141	34
0.797237	35
0.797338	36
0.797444	37
0.797556	38
0.797674	39
0.797798	40
0.797921	41
0.798038	42
0.798158	43
0.798283	44
0.798413	45
0.798533	46
0.798647	47
0.798763	48
0.798883	49
0.799008	50
0.799138	36
0.799265	37
0.799365	38
0.799474	39
0.79959	40
0.79971	41
0.799835	42
0.799956	43
0.800077	44
0.800187	45
0.800303	46
0.800423	47
0.800548	48
0.800678	49
0.800812	35
0.800935	35
0.800993	36
0.801104	37
0.801221	38
0.801343	39
0.801471	40
0.801587	41
0.801709	42
0.801822	43
0.80194	44
0.802062	45
0.80219	46
0.802322	47
0.802443	33
0.80257	34
0.802683	35
0.8028	36
0.802923	37
0.803035	38
0.803151	39
0.803257	40
0.803362	41
0.803479	42
0.803602	43
0.803729	44
0.803862	45
0.803982	46
0.804106	47
0.804234	48
0.804353	34
0.804477	34
0.804572	35
0.804672	36
0.804775	37
0.804881	38
0.804994	39
0.805084	40
0.805209	41
0.805338	42
0.805454	43
0.805578	44
0.805694	45
0.805814	46
0.805939	47
0.806069	48
0.806188	49
0.806311	50
0.80644	36
0.806573	36
0.806692	37
0.806801	38
0.806914	39
0.807033	40
0.807156	41
0.807272	42
0.807393	43
0.807519	44
0.807636	45
0.807756	46
0.807881	47
0.808006	48
0.808131	35
0.808261	35
0.808368	36
0.808468	37
0.808572	38
0.808682	39
0.808796	40
0.808914	41
0.809035	42
0.809147	43
0.809265	44
0.809385	45
0.809509	46
0.80964	47
0.809742	34
0.809854	35
0.809955	36
0.81006	37
0.810171	38
0.810286	39
0.810407	40
0.810532	41
0.810646	42
0.810765	43
0.810889	44
0.811018	45
0.811151	46
0.811262	47
0.811379	48
0.8115	49
0.811627	50
0.811758	36
0.811892	37
0.811998	38
0.812094	39
0.812204	40
0.81232	41
0.812444	42
0.812573	43
0.812693	44
0.812803	45
0.81292	46
0.813041	47
0.813168	48
0.8133	49
0.813425	35
0.813551	36
0.813662	37
0.813773	38
0.813864	39
0.813989	40
0.814104	41
0.814223	42
0.814334	43
0.814449	44
0.814569	45
0.814694	46
0.814825	47
0.814961	33
0.815087	34
0.8152	35
0.815304	36
0.815412	37
0.815525	38
0.815642	39
0.815765	40
0.815877	41
0.815993	42
0.816115	43
0.816241	44
0.81637	45
0.816497	46
0.816603	33
0.816718	33
0.81682	34
0.816927	35
0.817039	36
0.817156	37
0.817277	38
0.817405	39
0.817521	40
0.817641	41
0.817764	42
0.817891	43
0.818006	44
0.818116	45
0.818215	46
0.818325	47
0.818449	48
0.818579	49
0.818714	34
0.818837	35
0.818947	36
0.819062	37
0.819182	38
0.819307	39
0.819436	40
0.819538	41
0.819646	42
0.819761	43
0.819881	44
0.820006	45
0.82013	46
0.820244	47
0.820366	48
0.820489	49
0.820622	34
0.820761	35
0.820856	36
0.820955	37
0.82106	38
0.821169	39
0.821283	40
0.821401	41
0.821525	42
0.821655	43
0.821775	44
0.8219	45
0.82203	46
0.82215	47
0.822263	48
0.822377	49
0.822496	50
0.82262	51
0.822744	36
0.822857	37
0.822976	38
0.823092	39
0.823207	40
0.823326	41
0.823449	42
0.823578	43
0.823697	44
0.823821	45
0.823935	46
0.824054	47
0.824177	48
0.824303	49
0.824435	34
0.824559	35
0.824668	36
0.824756	37
0.824875	38
0.824999	39
0.825113	40
0.825232	41
0.825355	42
0.82547	43
0.82559	44
0.825715	45
0.825845	46
0.82598	47
0.826103	33
0.826232	34
0.826334	35
0.826441	36
0.826553	37
0.826671	38
0.826793	39
0.826904	40
0.827012	41
0.827119	42
0.827244	43
0.827373	44
0.827492	45
0.827604	46
0.82772	47
0.827842	48
0.827968	49
0.828099	35
0.828235	36
0.82834	37
0.82845	38
0.828565	39
0.828687	40
0.82881	41
0.828943	42
0.82903	43
0.829142	44
0.829259	45
0.829381	46
0.829509	47
0.829641	48
0.829762	34
0.829889	35
0.830002	36
0.830119	37
0.830242	38
0.830355	39
0.830473	40
0.83058	41
0.830694	42
0.830813	43
0.830937	44
0.831065	45
0.831187	46
0.831311	47
0.83144	48
0.83157	34
0.831694	35
0.831799	36
0.831898	37
0.831981	38
0.832089	39
0.8322	40
0.832318	41
0.832443	42
0.832573	43
0.832707	44
0.832832	45
0.832958	46
0.83308	47
0.833192	48
0.833308	49
0.833428	50
0.833551	51
0.833682	36
0.833818	37
0.83392	38
0.834046	39
0.834177	40
0.834296	41
0.834404	42
0.834519	43
0.83464	44
0.834754	45
0.834871	46
0.834992	47
0.83512	48
0.835252	49
0.835389	34
0.835531	35
0.835632	36
0.835736	37
0.835846	38
0.835945	39
0.836064	40
0.836185	41
0.836292	42
0.836405	43
0.836526	44
0.836653	45
0.836787	46
0.836926	31
0.837045	32
0.837144	33
0.837248	34
0.837358	35
0.837472	36
0.837577	37
0.837686	38
0.8378	39
0.837918	40
0.838041	41
0.838158	42
0.838281	43
0.838405	44
0.838519	45
0.838638	46
0.838762	47
0.838875	48
0.838993	49
0.839118	50
0.839247	35
0.839382	36
0.839502	37
0.839627	38
0.839757	39
0.839877	40
0.839988	41
0.840103	42
0.840221	43
0.840328	44
0.840431	45
0.840544	46
0.840668	47
0.840798	48
0.840934	33
0.841074	34
0.841186	35
0.841291	36
0.8414	37
0.841514	38
0.841627	39
0.841735	40
0.84185	41
0.841969	42
0.842092	43
0.842221	44
0.842355	45
0.842493	31
0.842608	32
0.84271	33
0.842815	34
0.842919	35
0.843034	36
0.843141	37
0.843251	38
0.843364	39
0.843483	40
0.843611	41
0.843743	42
0.843853	43
0.843969	44
0.844088	45
0.84421	46
0.844339	47
0.844458	33
0.844582	34
0.844692	35
0.844801	36
0.844904	37
0.845022	38
0.845138	39
0.84526	40
0.845372	41
0.845488	42
0.84561	43
0.845736	44
0.845867	45
0.845986	46
0.846107	47
0.846236	48
0.846356	34
0.846481	35
0.846592	36
0.846703	37
0.846821	38
0.846935	39
0.847054	40
0.847177	41
0.847303	42
0.847435	43
0.847544	44
0.847658	45
0.847778	46
0.847903	47
0.848033	48
0.848154	34
0.84828	35
0.848393	36
0.8485	37
0.848623	38
0.84875	39
0.848881	40
0.84898	41
0.849091	42
0.849199	43
0.84932	44
0.849448	45
0.849567	46
0.84969	47
0.849819	48
0.849954	34
0.85008	35
0.85019	36
0.850303	37
0.85042	38
0.850528	39
0.850644	40
0.850763	41
0.850884	42
0.851001	43
0.851118	44
0.851241	45
0.851372	46
0.851492	33
0.851618	34
0.851734	35
0.851841	36
0.85195	37
0.852065	38
0.852184	39
0.852294	40
0.852408	41
0.852528	42
0.852654	43
0.852785	44
0.852907	45
0.853033	46
0.853164	47
0.853288	34
0.853415	35
0.853517	36
0.853624	37
0.853739	38
0.853856	39
0.853979	40
0.85408	41
0.854199	42
0.85432	43
0.854444	44
0.854573	45
0.854695	46
0.85481	47
0.85493	48
0.855055	49
0.855185	50
0.855312	36
0.855448	36
0.855555	37
0.855669	38
0.855789	39
0.855915	40
0.856034	41
0.856141	42
0.856253	43
0.85637	44
0.856491	45
0.856616	46
0.856745	47
0.856878	33
0.857003	34
0.857116	35
0.857235	36
0.857359	37
0.857472	38
0.857578	39
0.857688	40
0.857803	41
0.85792	42
0.858043	43
0.858172	44
0.858293	45
0.858419	46
0.858551	47
0.858679	33
0.858787	34
0.85887	35
0.858975	36
0.859084	37
0.859198	38
0.859317	39
0.859435	40
0.859542	41
0.85966	42
0.859782	43
0.85991	44
0.860041	45
0.860156	46
0.86027	47
0.860389	48
0.860513	49
0.860641	50
0.86077	34
0.860906	35
0.861014	36
0.861126	37
0.861243	38
0.861367	39
0.861496	40
0.861609	41
0.86172	42
0.861835	43
0.861957	44
0.862083	45
0.862214	46
0.862337	47
0.862464	48
0.862596	49
0.862726	33
0.862853	34
0.862928	35
0.863029	36
0.863135	37
0.863245	38
0.863361	39
0.863482	40
0.863603	41
0.86372	42
0.863841	43
0.863968	44
0.864096	45
0.864223	46
0.864325	47
0.864441	48
0.864563	49
0.864688	50
0.864816	34
0.864941	34
0.865047	35
0.865158	36
0.865273	37
0.865393	38
0.865521	39
0.865653	40
0.865767	41
0.865879	42
0.865995	43
0.866117	44
0.866243	45
0.86636	46
0.866481	47
0.866606	48
0.866723	49
0.866844	32
0.866973	33
0.867095	34
0.867194	35
0.867297	36
0.867405	37
0.867518	38
0.867639	39
0.867759	40
0.867874	41
0.867994	42
0.868119	43
0.868249	44
0.868384	45
0.868509	46
0.868622	47
0.868737	48
0.868832	49
0.868961	50
0.869094	33
0.869218	33
0.869325	34
0.869437	35
0.869553	36
0.869676	37
0.869805	38
0.869931	39
0.870038	40
0.87015	41
0.870266	42
0.870388	43
0.870499	44
0.870616	45
0.870709	46
0.870834	47
0.870963	48
0.871098	31
0.871237	32
0.87136	33
0.871456	34
0.871557	35
0.871664	36
0.871776	37
0.871894	38
0.872003	39
0.872117	40
0.872236	41
0.87236	42
0.872489	43
0.872622	44
0.872756	45
0.872861	29
0.872949	30
0.873048	31
0.873139	32
0.873236	33
0.873338	34
0.873445	35
0.873557	36
0.873674	37
0.873796	38
0.873924	39
0.874056	40
0.874177	41
0.874276	42
0.874378	43
0.874479	44
0.87459	45
0.874682	46
0.874803	47
0.874928	48
0.875056	49
0.875192	31
0.875333	32
0.875455	33
0.875569	34
0.875676	35
0.875773	36
0.875873	37
0.875979	38
0.876075	39
0.876169	40
0.876288	41
0.876413	42
0.876543	43
0.876678	44
0.876803	45
0.876932	46
0.877038	47
0.877149	48
0.877265	49
0.877387	50
0.877513	51
0.877644	33
0.87778	33
0.877896	34
0.878018	35
0.878144	36
0.878274	37
0.878383	38
0.878482	39
0.878585	40
0.878695	41
0.878804	42
0.878899	43
0.87902	44
0.879147	45
0.879279	46
0.879417	29
0.879546	30
0.879645	31
0.879734	32
0.879828	33
0.879928	34
0.880032	35
0.880138	36
0.880245	37
0.880357	38
0.880478	39
0.880602	40
0.880722	41
0.880833	42
0.880948	43
0.881069	44
0.881194	45
0.881309	46
0.881429	47
0.881554	48
0.881684	49
0.881819	31
0.881958	32
0.882064	33
0.882164	34
0.882268	35
0.882376	36
0.882491	37
0.882607	38
0.882722	39
0.882815	40
0.882934	41
0.883058	42
0.883186	43
0.883319	44
0.883428	45
0.883545	46
0.883667	47
0.883795	48
0.883927	49
0.884047	31
0.884168	31
0.884271	32
0.88438	33
0.884495	34
0.884613	35
0.884727	36
0.884846	37
0.884956	38
0.885068	39
0.885178	40
0.885292	41
0.885421	42
0.88554	43
0.885663	44
0.88579	45
0.88591	46
0.886035	47
0.886151	48
0.886272	49
0.886398	50
0.886529	32
0.886666	32
0.886778	33
0.886886	34
0.886999	35
0.887117	36
0.887234	37
0.887338	38
0.887452	39
0.887557	40
0.887664	41
0.887779	42
0.887901	43
0.888029	44
0.88815	45
0.888275	46
0.888404	47
0.888527	48
0.888654	49
0.888785	31
0.888909	32
0.889015	33
0.889126	34
0.889242	35
0.889364	36
0.889477	37
0.889593	38
0.889712	39
0.889822	40
0.889942	41
0.890061	42
0.890174	43
0.89029	44
0.890415	45
0.890545	46
0.89068	47
0.890808	30
0.890924	30
0.891022	31
0.891127	32
0.891234	33
0.891346	34
0.891465	35
0.891581	36
0.891688	37
0.891806	38
0.891929	39
0.892055	40
0.892175	41
0.892286	42
0.89239	43
0.892504	44
0.892627	45
0.892756	46
0.89289	30
0.893015	30
0.893123	31
0.893236	32
0.893355	33
0.893479	34
0.893587	35
0.893693	36
0.893804	37
0.893918	38
0.894037	39
0.89416	40
0.894269	41
0.89439	42
0.894515	43
0.894644	44
0.894767	45
0.89488	46
0.894997	47
0.895119	48
0.895244	49
0.895374	33
0.895507	33
0.89561	34
0.895717	35
0.895827	36
0.895941	37
0.896066	38
0.896182	39
0.8963	40
0.896389	41
0.896505	42
0.896624	43
0.896747	44
0.896877	45
0.897012	46
0.897137	31
0.897252	32
0.897353	33
0.897461	34
0.897574	35
0.897693	36
0.897817	37
0.897934	38
0.898052	39
0.898173	40
0.898297	41
0.898416	42
0.898526	43
0.898642	44
0.898762	45
0.898887	46
0.899017	47
0.899151	33
0.899252	33
0.899359	34
0.899471	35
0.899588	36
0.899712	37
0.899826	38
0.899932	39
0.900042	40
0.90016	41
0.900284	42
0.900412	43
0.900536	44
0.900659	45
0.900783	46
0.900884	47
0.901006	33
0.901119	33
0.901218	34
0.901321	35
0.901429	36
0.901543	37
0.901661	38
0.901784	39
0.901912	40
0.90204	41
0.902164	42
0.902279	43
0.9024	44
0.902511	45
0.902625	46
0.902745	47
0.902867	48
0.902974	49
0.903107	34
0.903245	34
0.903368	35
0.903481	36
0.903586	37
0.903695	38
0.903809	39
0.903929	40
0.904056	41
0.904172	42
0.904294	43
0.90442	44
0.90455	45
0.904684	46
0.904791	32
0.904874	32
0.904975	33
0.905081	34
0.905191	35
0.905307	36
0.905427	37
0.905553	38
0.905669	39
0.905789	40
0.905915	41
0.906046	42
0.906153	43
0.906265	44
0.906381	45
0.906504	46
0.906631	47
0.906764	48
0.906883	33
0.907004	34
0.907105	35
0.907222	36
0.907343	37
0.907469	38
0.907586	39
0.907692	40
0.907805	41
0.907924	42
0.908047	43
0.908176	44
0.908295	45
0.908414	46
0.908489	47
0.908618	48
0.908748	33
0.908874	34
0.908986	35
0.909088	36
0.909194	37
0.909306	38
0.909423	39
0.909545	40
0.909673	41
0.909805	42
0.909926	43
0.91004	44
0.910159	45
0.910283	46
0.910412	47
0.910531	48
0.910652	49
0.910775	50
0.9109	34
0.911036	35
0.911157	36
0.911269	37
0.911372	38
0.91148	39
0.911595	40
0.911715	41
0.911841	42
0.911962	43
0.912083	44
0.912208	45
0.912337	46
0.912472	47
0.91258	31
0.912696	32
0.912753	33
0.912855	34
0.912962	35
0.913074	36
0.913191	37
0.913313	38
0.913441	39
0.913557	40
0.91368	41
0.913806	42
0.913936	43
0.914045	44
0.914157	45
0.914274	46
0.914396	47
0.914524	48
0.914656	49
0.914788	32
0.914899	33
0.915007	34
0.91512	35
0.915238	36
0.915362	37
0.915476	38
0.915579	39
0.915689	40
0.915804	41
0.915924	42
0.916049	43
0.916178	44
0.916297	45
0.916412	46
0.916495	47
0.916627	48
0.916757	31
0.916885	32
0.916979	33
0.917079	34
0.917185	35
0.917297	36
0.917413	37
0.917535	38
0.917661	39
0.91778	40
0.9179	41
0.918025	42
0.918141	43
0.918261	44
0.918371	45
0.918486	46
0.918588	47
0.918713	48
0.918843	49
0.918977	31
0.919117	32
0.919224	33
0.919337	34
0.919442	35
0.919553	36
0.919668	37
0.919789	38
0.9199	39
0.920016	40
0.920136	41
0.920261	42
0.92039	43
0.920466	44
0.920587	45
0.9207	46
0.920817	47
0.920941	48
0.921069	49
0.921194	31
0.921319	32
0.921426	33
0.921537	34
0.921654	35
0.921775	36
0.921902	37
0.922018	38
0.922125	39
0.922238	40
0.922356	41
0.922475	42
0.922598	43
0.92269	44
0.92281	45
0.922935	46
0.923065	47
0.9232	30
0.923325	31
0.923419	32
0.923518	33
0.923623	34
0.923734	35
0.92385	36
0.923972	37
0.924088	38
0.924205	39
0.924326	40
0.924452	41
0.924583	42
0.92469	43
0.924799	44
0.92489	45
0.92501	46
0.925136	47
0.925267	48
0.92539	31
0.925517	32
0.925628	33
0.925743	34
0.925862	35
0.925985	36
0.926099	37
0.926204	38
0.926314	39
0.92643	40
0.92655	41
0.926669	42
0.926753	43
0.926872	44
0.926996	45
0.927124	46
0.927258	47
0.927383	31
0.927511	32
0.927612	33
0.927718	34
0.92783	35
0.927947	36
0.928069	37
0.928192	38
0.92831	39
0.928432	40
0.92856	41
0.928677	42
0.9288	43
0.928925	44
0.929038	45
0.929138	46
0.929264	47
0.929395	48
0.929516	32
0.929643	32
0.929752	33
0.929866	34
0.929985	35
0.930109	36
0.930223	37
0.930342	38
0.930453	39
0.930569	40
0.930691	41
0.93081	42
0.930928	43
0.931049	44
0.931133	45
0.931263	46
0.931397	31
0.931522	32
0.931633	33
0.931734	34
0.93184	35
0.93195	36
0.932067	37
0.932188	38
0.932315	39
0.932431	40
0.932553	41
0.932679	42
0.932795	43
0.932918	44
0.933043	45
0.933167	46
0.933267	47
0.933393	48
0.933524	49
0.933645	33
0.933771	34
0.933882	35
0.933997	36
0.934118	37
0.934243	38
0.934357	39
0.934476	40
0.934588	41
0.934704	42
0.934826	43
0.934952	44
0.935071	45
0.93516	46
0.935285	47
0.935415	48
0.935549	32
0.935674	33
0.935784	34
0.935883	35
0.935988	36
0.936099	37
0.936215	38
0.936337	39
0.936455	40
0.936572	41
0.936693	42
0.93682	43
0.936951	44
0.937073	45
0.937196	46
0.937315	47
0.937436	48
0.93756	49
0.937664	33
0.937786	34
0.937893	35
0.938005	36
0.938121	37
0.938243	38
0.938369	39
0.938484	40
0.938591	41
0.938703	42
0.938821	43
0.938945	44
0.939075	45
0.939202	46
0.939327	47
0.939423	48
0.939555	33
0.939692	33
0.939801	34
0.939899	35
0.940003	36
0.940112	37
0.940226	38
0.940346	39
0.940471	40
0.940594	41
0.940714	42
0.940839	43
0.940969	44
0.941104	45
0.941215	46
0.941332	47
0.94145	48
0.941568	49
0.94167	50
0.941804	34
0.941929	34
0.942038	35
0.942151	36
0.942268	37
0.942391	38
0.942518	39
0.942636	40
0.942743	41
0.942856	42
0.942975	43
0.9431	44
0.943228	45
0.943353	46
0.943452	47
0.943577	48
0.943707	49
0.943829	33
0.943955	33
0.944063	34
0.944164	35
0.94427	36
0.94438	37
0.944497	38
0.944618	39
0.944744	40
0.944866	41
0.944987	42
0.945112	43
0.945235	44
0.945356	45
0.945468	46
0.945583	47
0.9457	48
0.945799	49
0.945928	50
0.946063	33
0.946203	34
0.946311	35
0.946424	36
0.946541	37
0.946665	38
0.946781	39
0.946894	40
0.947004	41
0.947121	42
0.947242	43
0.947367	44
0.94749	45
0.947614	46
0.947725	47
0.947853	48
0.947973	32
0.948099	33
0.948197	34
0.948299	35
0.948407	36
0.94852	37
0.948638	38
0.94876	39
0.948888	40
0.94902	41
0.94914	42
0.949254	43
0.949373	44
0.949497	45
0.949613	46
0.949733	47
0.949858	48
0.949979	49
0.950083	32
0.950221	33
0.950342	34
0.950468	35
0.950571	36
0.950678	37
0.950777	38
0.950883	39
0.950995	40
0.951111	41
0.951233	42
0.951359	43
0.95149	44
0.951618	45
0.951747	29
0.951852	30
0.951944	31
0.952036	32
0.952132	33
0.952233	34
0.95234	35
0.952452	36
0.952568	37
0.95269	38
0.952816	39
0.952948	40
0.95308	41
0.95318	42
0.953285	43
0.953394	44
0.953508	45
0.953628	46
0.95375	47
0.953841	48
0.953973	32
0.954109	33
0.954229	34
0.954356	35
0.954473	36
0.954568	37
0.954668	38
0.954773	39
0.95488	40
0.954988	41
0.955086	42
0.95521	43
0.955339	44
0.955472	45
0.955611	30
0.95574	31
0.955843	32
0.955935	33
0.956032	34
0.956136	35
0.956244	36
0.956357	37
0.956476	38
0.9566	39
0.956728	40
0.956862	41
0.956986	42
0.9571	43
0.957204	44
0.957314	45
0.957428	46
0.957548	47
0.957672	48
0.957763	49
0.957897	32
0.958035	33
0.958156	34
0.958268	35
0.958385	36
0.958506	37
0.958618	38
0.95872	39
0.958828	40
0.958937	41
0.959052	42
0.959142	43
0.959267	44
0.959397	45
0.959531	46
0.959658	31
0.959789	32
0.959905	33
0.959998	34
0.960095	35
0.960199	36
0.960307	37
0.960421	38
0.96054	39
0.960663	40
0.96079	41
0.960923	42
0.961046	43
0.961173	44
0.961278	45
0.961387	46
0.961494	47
0.961611	48
0.961716	49
0.961843	50
0.961976	33
0.962115	34
0.962235	35
0.962347	36
0.962463	37
0.962583	38
0.962695	39
0.962807	40
0.962916	41
0.963031	42
0.963145	43
0.963263	44
0.963377	45
0.963508	46
0.963629	32
0.963757	32
0.96387	33
0.963987	34
0.964109	35
0.964207	36
0.964311	37
0.96442	38
0.964535	39
0.964656	40
0.964781	41
0.96491	42
0.965045	43
0.96517	44
0.965301	45
0.965408	46
0.96552	47
0.965636	48
0.965757	49
0.965882	50
0.965971	35
0.966104	36
0.966224	37
0.966349	38
0.966463	39
0.966582	40
0.966709	41
0.966825	42
0.966941	43
0.967052	44
0.967163	45
0.967277	46
0.967394	47
0.967522	48
0.967657	33
0.967782	34
0.967893	35
0.968009	36
0.968131	37
0.96825	38
0.968366	39
0.968472	40
0.968584	41
0.9687	42
0.968822	43
0.968948	44
0.969079	45
0.969215	46
0.96934	32
0.969471	32
0.969573	33
0.96968	34
0.969792	35
0.969907	36
0.970012	37
0.970113	38
0.970197	39
0.970315	40
0.970438	41
0.970568	42
0.970703	43
0.970812	44
0.970928	45
0.971048	46
0.971173	47
0.971303	48
0.971416	49
0.971531	50
0.971654	51
0.971786	35
0.971923	35
0.972043	36
0.972155	37
0.972268	38
0.972377	39
0.972491	40
0.972612	41
0.972737	42
0.972851	43
0.972967	44
0.97309	45
0.973219	46
0.973351	47
0.973476	32
0.97359	32
0.973689	33
0.973792	34
0.9739	35
0.974013	36
0.97413	37
0.974251	38
0.974358	39
0.974475	40
0.974596	41
0.974689	42
0.974821	43
0.974939	44
0.975051	45
0.975167	46
0.975289	47
0.975415	48
0.975546	49
0.975682	32
0.975804	33
0.975896	34
0.976009	35
0.976126	36
0.976249	37
0.976367	38
0.97647	39
0.976579	40
0.976694	41
0.976813	42
0.976936	43
0.977065	44
0.977184	45
0.977308	46
0.977435	47
0.977566	32
0.97769	33
0.977785	34
0.977885	35
0.977989	36
0.978101	37
0.978218	38
0.978338	39
0.978461	40
0.978576	41
0.978696	42
0.978815	43
0.978934	44
0.979058	45
0.979187	46
0.979306	47
0.979428	48
0.97952	49
0.979646	50
0.979762	33
0.979901	34
0.980008	35
0.980118	36
0.980224	37
0.980335	38
0.980451	39
0.980573	40
0.980698	41
0.980813	42
0.980933	43
0.981058	44
0.981188	45
0.981308	46
0.98142	47
0.981537	48
0.981658	49
0.981784	50
0.981914	34
0.982049	35
0.98217	36
0.982281	37
0.982396	38
0.982517	39
0.982644	40
0.982754	41
0.982862	42
0.982975	43
0.983093	44
0.983216	45
0.983343	46
0.983475	47
0.983612	32
0.983737	32
0.983784	33
0.983896	34
0.983986	35
0.984082	36
0.984185	37
0.984291	38
0.984403	39
0.984521	40
0.984644	41
0.984771	42
0.984903	43
0.98504	44
0.985167	30
0.985269	31
0.985356	32
0.98545	33
0.98555	34
0.985655	35
0.985764	36
0.985869	37
0.985988	38
0.986111	39
0.986239	40
0.986372	41
0.986497	42
0.986601	43
0.986709	44
0.986822	45
0.986939	46
0.987062	47
0.98719	48
0.987319	49
0.987388	33
0.987525	34
0.987646	35
0.987762	36
0.987867	37
0.987978	38
0.988095	39
0.988212	40
0.988323	41
0.988438	42
0.988556	43
0.988676	44
0.988804	45
0.988938	46
0.989063	31
0.989193	32
0.989294	33
0.9894	34
0.989511	35
0.989626	36
0.989746	37
0.989856	38
0.98997	39
0.990089	40
0.990214	41
0.990344	42
0.990464	43
0.990576	44
0.990691	45
0.99081	46
0.990935	47
0.991066	48
0.991185	32
0.991292	33
0.991368	34
0.991481	35
0.991597	36
0.991719	37
0.991836	38
0.991953	39
0.992073	40
0.992185	41
0.992302	42
0.992424	43
0.992549	44
0.992679	45
0.9928	46
0.992927	47
0.993058	48
0.99318	33
0.993308	33
0.993405	34
0.993507	35
0.993614	36
0.993726	37
0.993843	38
0.993964	39
0.994093	40
0.99421	41
0.994333	42
0.99446	43
0.994581	44
0.994689	45
0.994801	46
0.994917	47
0.995023	48
0.995146	49
0.995242	34
0.995375	34
0.995494	35
0.995606	36
0.99572	37
0.995839	38
0.995957	39
0.996072	40
0.996185	41
0.996296	42
0.996411	43
0.996531	44
0.996656	45
0.996786	46
0.996921	47
0.997053	32
0.997182	32
0.997282	33
0.997374	34
0.997471	35
0.997574	36
0.997681	37
0.997792	38
0.997909	39
0.99803	40
0.998158	41
0.99829	42
0.998426	43
0.99854	44
0.998647	45
0.998756	46
0.998871	47
0.99899	48
0.999112	49
0.999177	50
0.999307	33
0.999442	34
0.999559	35
0.999682	36
0.999809	37
0.999928	38
1.00004	39
1.00014	40
1.00025	41
1.00036	42
1.00047	43
1.00059	44
1.00072	45
1.00085	46
1.00098	31
1.00111	32
1.00122	33
1.00133	34
1.00144	35
1.00155	36
1.00165	37
1.00176	38
1.00187	39
1.00199	40
1.00212	41
1.00225	42
1.00238	43
1.0025	44
1.00262	45
1.00275	46
1.00287	47
1.00299	48
1.00311	49
1.00323	50
1.00331	51
1.00345	34
1.00358	35
1.0037	36
1.00381	37
1.00392	38
1.00403	39
1.00415	40
1.00427	41
1.00439	42
1.00451	43
1.00462	44
1.00474	45
1.00487	46
1.005	32
1.00511	32
1.00521	33
1.00531	34
1.00542	35
1.00553	36
1.00565	37
1.00577	38
1.00589	39
1.006	40
1.00612	41
1.00625	42
1.00638	43
1.0065	44
1.00661	45
1.00673	46
1.00686	47
1.00699	48
1.00712	34
1.00726	34
1.00737	35
1.00746	36
1.00755	37
1.00766	38
1.00777	39
1.0079	40
1.00801	41
1.00812	42
1.00824	43
1.00836	44
1.00849	45
1.00862	46
1.00874	32
1.00885	33
1.00895	34
1.00906	35
1.00917	36
1.00929	37
1.00941	38
1.00953	39
1.00964	40
1.00976	41
1.00989	42
1.01002	43
1.01014	44
1.01026	45
1.01037	46
1.0105	47
1.01063	48
1.01076	34
1.01088	35
1.01099	36
1.0111	37
1.01122	38
1.01134	39
1.01146	40
1.01158	41
1.0117	42
1.0118	43
1.01191	44
1.01204	45
1.01216	46
1.0123	47
1.01241	33
1.01254	34
1.01262	35
1.01273	36
1.01284	37
1.01295	38
1.01307	39
1.01319	40
1.01332	41
1.01344	42
1.01356	43
1.01369	44
1.01383	45
1.01394	46
1.01405	47
1.01417	48
1.01429	49
1.01442	35
1.01456	36
1.01468	37
1.01479	38
1.01491	39
1.01503	40
1.01516	41
1.01528	42
1.01538	43
1.0155	44
1.01561	45
1.01573	46
1.01586	47
1.01599	48
1.01612	34
1.01625	35
1.01636	36
1.01642	37
1.01653	38
1.01663	39
1.01675	40
1.01687	41
1.01698	42
1.01709	43
1.01721	44
1.01734	45
1.01747	46
1.0176	33
1.01773	34
1.01783	35
1.01793	36
1.01804	37
1.01815	38
1.01827	39
1.01839	40
1.0185	41
1.01862	42
1.01875	43
1.01888	44
1.01901	45
1.01913	46
1.01925	47
1.01937	48
1.01949	49
1.01962	50
1.01975	36
1.01987	36
1.01998	37
1.0201	38
1.02021	39
1.02033	40
1.02045	41
1.02056	42
1.02065	43
1.02076	44
1.02088	45
1.021	46
1.02112	47
1.02126	48
1.02138	35
1.02151	36
1.02162	37
1.02174	38
1.02187	39
1.02198	40
1.02211	41
1.02223	42
1.02235	43
1.02247	44
1.02259	45
1.02271	46
1.02283	47
1.02296	48
1.02308	49
1.02321	36
1.02333	36
1.02345	37
1.02356	38
1.02369	39
1.02381	40
1.02393	41
1.02405	42
1.02416	43
1.02428	44
1.0244	45
1.02452	46
1.02463	47
1.02475	48
1.02487	49
1.025	36
1.02514	36
1.02526	37
1.02539	38
1.0255	39
1.0256	40
1.02569	41
1.0258	42
1.02593	43
1.02605	44
1.02617	45
1.02629	46
1.02641	47
1.02655	48
1.02668	34
1.02682	35
1.02693	36
1.02704	37
1.02715	38
1.02726	39
1.02738	40
1.0275	41
1.02761	42
1.02773	43
1.02785	44
1.02797	45
1.0281	46
1.02824	33
1.02836	34
1.02846	35
1.02857	36
1.02868	37
1.0288	38
1.02892	39
1.02902	40
1.02912	41
1.02924	42
1.02936	43
1.02949	44
1.02962	45
1.02975	46
1.02986	47
1.02997	48
1.03009	49
1.03022	50
1.03033	36
1.03044	36
1.03055	37
1.03067	38
1.03078	39
1.03091	40
1.03104	41
1.03117	42
1.03128	43
1.03139	44
1.03151	45
1.03164	46
1.03176	47
1.03188	48
1.03201	49
1.03213	50
1.03226	35
1.0324	36
1.03253	37
1.03264	38
1.03274	39
1.03285	40
1.03296	41
1.03308	42
1.03319	43
1.0333	44
1.03341	45
1.03353	46
1.03365	47
1.03379	48
1.03392	33
1.03406	34
1.03418	35
1.03428	36
1.03438	37
1.03449	38
1.03457	39
1.03469	40
1.0348	41
1.03492	42
1.03504	43
1.03517	44
1.0353	45
1.03544	32
1.03557	32
1.03566	33
1.03575	34
1.03585	35
1.03595	36
1.03605	37
1.03616	38
1.03628	39
1.0364	40
1.03652	41
1.03665	42
1.03678	43
1.03692	44
1.03703	31
1.03714	32
1.03723	33
1.03733	34
1.03743	35
1.03753	36
1.03764	37
1.03776	38
1.03788	39
1.03801	40
1.03814	41
1.03826	42
1.03837	43
1.03848	44
1.03859	45
1.0387	46
1.03882	47
1.0389	48
1.03903	49
1.03916	34
1.0393	35
1.03942	36
1.03954	37
1.03965	38
1.03978	39
1.0399	40
1.04001	41
1.04012	42
1.04023	43
1.04035	44
1.04047	45
1.0406	46
1.04073	47
1.04085	33
1.04098	34
1.0411	35
1.04122	36
1.04133	37
1.04143	38
1.04155	39
1.04166	40
1.04177	41
1.04189	42
1.04202	43
1.04213	44
1.04225	45
1.04238	46
1.04251	47
1.04264	34
1.04277	34
1.04288	35
1.04299	36
1.04309	37
1.04319	38
1.04328	39
1.0434	40
1.04351	41
1.04363	42
1.04375	43
1.04387	44
1.044	45
1.04414	46
1.04426	33
1.04439	34
1.04449	35
1.0446	36
1.04471	37
1.04483	38
1.04494	39
1.04504	40
1.04515	41
1.04527	42
1.0454	43
1.04553	44
1.04566	45
1.04578	46
1.0459	47
1.04601	48
1.04613	49
1.04625	50
1.04637	51
1.0465	37
1.04664	38
1.04676	39
1.04688	40
1.04701	41
1.04715	42
1.04726	43
1.04736	44
1.04746	45
1.04757	46
1.04769	47
1.04778	48
1.04791	49
1.04804	35
1.04818	36
1.04831	37
1.04843	38
1.04855	39
1.04866	40
1.04876	41
1.04887	42
1.04898	43
1.04909	44
1.04921	45
1.04934	46
1.04947	47
1.0496	34
1.04973	35
1.04985	36
1.04996	37
1.05006	38
1.05016	39
1.05027	40
1.05038	41
1.05049	42
1.05061	43
1.05073	44
1.05086	45
1.05099	46
1.05112	34
1.05126	34
1.05136	35
1.05145	36
1.05155	37
1.05165	38
1.05175	39
1.05186	40
1.05197	41
1.05208	42
1.05219	43
1.05232	44
1.05245	45
1.05258	33
1.05269	34
1.0528	35
1.05291	36
1.05302	37
1.05314	38
1.05325	39
1.05336	40
1.05348	41
1.0536	42
1.05373	43
1.05386	44
1.05397	45
1.05408	46
1.0542	47
1.05433	48
1.05445	49
1.05459	36
1.05471	36
1.05482	37
1.05493	38
1.05505	39
1.05517	40
1.0553	41
1.05542	42
1.05553	43
1.05564	44
1.05576	45
1.05589	46
1.05601	47
1.05615	35
1.05627	36
1.05637	37
1.05648	38
1.05658	39
1.0567	40
1.05683	41
1.05694	42
1.05705	43
1.05716	44
1.05728	45
1.0574	46
1.05753	47
1.05766	35
1.05779	36
1.0579	37
1.05801	38
1.05814	39
1.05826	40
1.05838	41
1.05848	42
1.05859	43
1.05871	44
1.05883	45
1.05896	46
1.05909	47
1.0592	35
1.05933	36
1.05944	37
1.05956	38
1.05968	39
1.05979	40
1.05991	41
1.06002	42
1.06013	43
1.06024	44
1.06035	45
1.06048	46
1.06061	47
1.06073	48
1.06086	49
1.06099	36
1.06112	37
1.06123	38
1.06132	39
1.06142	40
1.06153	41
1.06164	42
1.06176	43
1.06188	44
1.06201	45
1.06214	46
1.06226	47
1.06239	48
1.06252	36
1.06266	36
1.06275	37
1.06285	38
1.06296	39
1.06307	40
1.06318	41
1.0633	42
1.06342	43
1.06355	44
1.06367	45
1.06379	46
1.06392	47
1.06406	35
1.06418	36
1.06427	37
1.06438	38
1.06449	39
1.0646	40
1.06472	41
1.06484	42
1.06496	43
1.06507	44
1.06518	45
1.06529	46
1.06542	47
1.06555	35
1.06568	36
1.06578	37
1.06588	38
1.06599	39
1.0661	40
1.06622	41
1.06634	42
1.06647	43
1.06659	44
1.06671	45
1.06684	46
1.06697	47
1.06709	35
1.06721	36
1.06731	37
1.06742	38
1.06753	39
1.06765	40
1.06777	41
1.06789	42
1.068	43
1.06812	44
1.06825	45
1.06838	46
1.0685	47
1.06863	48
1.06874	49
1.06886	50
1.06899	51
1.06912	38
1.06926	39
1.06938	40
1.06948	41
1.06959	42
1.06971	43
1.06982	44
1.06995	45
1.07007	46
1.07018	47
1.07029	48
1.07041	49
1.07054	50
1.07067	37
1.07081	38
1.07093	39
1.07104	40
1.07116	41
1.07128	42
1.07141	43
1.07153	44
1.07163	45
1.07175	46
1.07186	47
1.07198	48
1.0721	49
1.07223	37
1.07236	37
1.07247	38
1.07259	39
1.0727	40
1.07283	41
1.07294	42
1.07306	43
1.07318	44
1.07329	45
1.07341	46
1.07354	47
1.07367	48
1.0738	36
1.07393	37
1.07404	38
1.07415	39
1.07427	40
1.07439	41
1.07451	42
1.07463	43
1.07473	44
1.07485	45
1.07496	46
1.07508	47
1.07521	48
1.07534	36
1.07546	37
1.07557	38
1.07569	39
1.07582	40
1.07594	41
1.07606	42
1.07616	43
1.07627	44
1.07638	45
1.0765	46
1.07662	47
1.07675	48
1.07688	36
1.07701	36
1.07712	37
1.07724	38
1.07736	39
1.07747	40
1.07759	41
1.07771	42
1.07782	43
1.07793	44
1.07805	45
1.07818	46
1.07831	47
1.07844	35
1.07856	35
1.07867	36
1.07879	37
1.0789	38
1.07902	39
1.07913	40
1.07926	41
1.07937	42
1.07949	43
1.07961	44
1.0797	45
1.07983	46
1.07996	34
1.08009	35
1.0802	36
1.08031	37
1.08042	38
1.08053	39
1.08065	40
1.08077	41
1.08088	42
1.081	43
1.08112	44
1.08125	45
1.08138	46
1.0815	34
1.08161	35
1.08171	36
1.08182	37
1.08193	38
1.08205	39
1.08217	40
1.08229	41
1.08241	42
1.08253	43
1.08265	44
1.08278	45
1.0829	34
1.08302	35
1.08312	36
1.08323	37
1.08334	38
1.08346	39
1.08359	40
1.0837	41
1.08382	42
1.08394	43
1.08403	44
1.08416	45
1.08429	46
1.0844	35
1.08452	36
1.08463	37
1.08474	38
1.08485	39
1.08498	40
1.08509	41
1.08521	42
1.08533	43
1.08544	44
1.08557	45
1.08569	46
1.0858	47
1.08592	48
1.08604	49
1.08616	50
1.08629	38
1.08643	39
1.08654	40
1.08666	41
1.08677	42
1.08689	43
1.08702	44
1.08715	45
1.08728	46
1.08739	47
1.08751	48
1.08764	49
1.08777	50
1.0879	38
1.08802	38
1.08813	39
1.08825	40
1.08837	41
1.0885	42
1.08862	43
1.08871	44
1.08883	45
1.08894	46
1.08906	47
1.08919	48
1.08932	49
1.08944	36
1.08957	37
1.08968	38
1.0898	39
1.08992	40
1.09004	41
1.09017	42
1.09029	43
1.0904	44
1.09051	45
1.09063	46
1.09075	47
1.09087	48
1.09101	35
1.09113	36
1.09124	37
1.09136	38
1.09148	39
1.09161	40
1.09173	41
1.09183	42
1.09195	43
1.09206	44
1.09218	45
1.0923	46
1.09243	47
1.09255	35
1.09267	35
1.09279	36
1.0929	37
1.09303	38
1.09315	39
1.09326	40
1.09336	41
1.09348	42
1.09359	43
1.09371	44
1.09384	45
1.09395	46
1.09407	47
1.0942	48
1.09432	49
1.09445	35
1.09458	36
1.09469	37
1.09481	38
1.09491	39
1.09501	40
1.09512	41
1.09524	42
1.09537	43
1.09548	44
1.0956	45
1.09573	46
1.09586	47
1.09599	34
1.09611	35
1.09621	36
1.09631	37
1.09642	38
1.09653	39
1.09664	40
1.09676	41
1.09689	42
1.097	43
1.09712	44
1.09725	45
1.09737	46
1.09748	47
1.0976	48
1.09772	49
1.09783	50
1.09796	51
1.09809	38
1.09822	38
1.09833	39
1.09844	40
1.09855	41
1.09867	42
1.0988	43
1.09893	44
1.09907	45
1.09918	46
1.09929	47
1.0994	48
1.09952	49
1.09965	50
1.09978	36
1.0999	37
1.10001	38
1.10013	39
1.10025	40
1.10037	41
1.1005	42
1.10061	43
1.10071	44
1.10082	45
1.10094	46
1.10106	47
1.10119	48
1.10131	35
1.10144	36
1.10155	37
1.10166	38
1.10179	39
1.10191	40
1.10204	41
1.10215	42
1.10226	43
1.10237	44
1.10248	45
1.10261	46
1.10274	47
1.10286	35
1.10298	35
1.1031	36
1.10322	37
1.10334	38
1.10347	39
1.10359	40
1.10369	41
1.10381	42
1.10392	43
1.10403	44
1.10415	45
1.10428	46
1.1044	47
1.10453	48
1.10466	49
1.10479	35
1.10492	36
1.10502	37
1.10512	38
1.10523	39
1.10534	40
1.10545	41
1.10556	42
1.10569	43
1.10581	44
1.10593	45
1.10606	46
1.10619	47
1.10631	34
1.10643	35
1.10653	36
1.10663	37
1.10674	38
1.10685	39
1.10697	40
1.10709	41
1.10721	42
1.10732	43
1.10744	44
1.10757	45
1.1077	46
1.10783	34
1.10794	35
1.10805	36
1.10815	37
1.10827	38
1.10838	39
1.1085	40
1.10863	41
1.10874	42
1.10885	43
1.10897	44
1.1091	45
1.10924	46
1.10935	34
1.10946	35
1.10956	36
1.10966	37
1.10977	38
1.10989	39
1.11001	40
1.11014	41
1.11025	42
1.11037	43
1.1105	44
1.11063	45
1.11075	46
1.11086	47
1.11097	48
1.11109	49
1.11121	50
1.11135	37
1.11148	37
1.11159	38
1.1117	39
1.11182	40
1.11194	41
1.11206	42
1.1122	43
1.1123	44
1.11241	45
1.11253	46
1.11265	47
1.11277	48
1.1129	49
1.11303	35
1.11315	36
1.11326	37
1.11337	38
1.11348	39
1.11359	40
1.1137	41
1.11381	42
1.11392	43
1.11404	44
1.11416	45
1.11428	46
1.11441	47
1.11454	34
1.11467	35
1.11478	36
1.11489	37
1.11502	38
1.11514	39
1.11526	40
1.11536	41
1.11547	42
1.11558	43
1.1157	44
1.11582	45
1.11595	46
1.11608	47
1.11621	34
1.11634	35
1.11646	36
1.11658	37
1.11669	38
1.11679	39
1.1169	40
1.11701	41
1.11713	42
1.11725	43
1.11737	44
1.11749	45
1.11762	46
1.11774	34
1.11786	35
1.11796	36
1.11807	37
1.11817	38
1.11827	39
1.11838	40
1.1185	41
1.11862	42
1.11874	43
1.11887	44
1.11901	45
1.11913	46
1.11925	47
1.11937	48
1.11949	49
1.11961	50
1.11973	51
1.11986	52
1.11999	38
1.12012	38
1.12024	39
1.12036	40
1.12049	41
1.12061	42
1.12072	43
1.12084	44
1.12096	45
1.12108	46
1.1212	47
1.12131	48
1.12144	49
1.12157	50
1.1217	35
1.12183	36
1.12193	37
1.12204	38
1.12214	39
1.12225	40
1.12236	41
1.12248	42
1.12261	43
1.12272	44
1.12284	45
1.12297	46
1.1231	47
1.12323	33
1.12336	34
1.12348	35
1.12358	36
1.12369	37
1.1238	38
1.12392	39
1.12404	40
1.12415	41
1.12427	42
1.12439	43
1.12451	44
1.12463	45
1.12476	46
1.12488	47
1.125	48
1.12512	49
1.12525	50
1.12538	35
1.1255	36
1.12561	37
1.12572	38
1.12584	39
1.12593	40
1.12606	41
1.12617	42
1.12628	43
1.12641	44
1.12654	45
1.12666	46
1.12678	47
1.12689	48
1.12702	49
1.12714	50
1.12728	35
1.1274	35
1.12751	36
1.12763	37
1.12774	38
1.12787	39
1.12799	40
1.12812	41
1.12823	42
1.12834	43
1.12846	44
1.12858	45
1.12871	46
1.12883	47
1.12895	48
1.12908	49
1.12921	35
1.12935	35
1.12947	36
1.12957	37
1.12966	38
1.12977	39
1.12988	40
1.13	41
1.13012	42
1.13024	43
1.13035	44
1.13046	45
1.13058	46
1.13071	47
1.13084	33
1.13097	33
1.13108	34
1.13118	35
1.13129	36
1.1314	37
1.13151	38
1.13162	39
1.13174	40
1.13186	41
1.13198	42
1.13211	43
1.13224	44
1.13237	45
1.1325	46
1.13262	47
1.13273	48
1.13285	49
1.13297	50
1.13309	51
1.13323	35
1.13336	36
1.13348	37
1.13361	38
1.13373	39
1.13383	40
1.13396	41
1.13407	42
1.13418	43
1.1343	44
1.13441	45
1.13452	46
1.13464	47
1.13475	48
1.13489	32
1.13502	33
1.13513	34
1.13524	35
1.13536	36
1.13549	37
1.13559	38
1.1357	39
1.13581	40
1.13592	41
1.13605	42
1.13618	43
1.1363	44
1.13643	45
1.13655	46
1.13669	47
1.13681	32
1.13692	32
1.13702	33
1.13712	34
1.13723	35
1.13734	36
1.13745	37
1.13757	38
1.13768	39
1.1378	40
1.13793	41
1.13805	42
1.13818	43
1.13829	44
1.1384	45
1.13851	46
1.13863	47
1.13872	48
1.13885	49
1.13897	33
1.13909	34
1.13921	35
1.13932	36
1.13944	37
1.13957	38
1.13968	39
1.1398	40
1.13993	41
1.14004	42
1.14016	43
1.14028	44
1.1404	45
1.14052	46
1.14065	47
1.14078	32
1.14091	33
1.14102	34
1.14114	35
1.14126	36
1.14138	37
1.14147	38
1.14158	39
1.14169	40
1.14181	41
1.14193	42
1.14206	43
1.14219	44
1.14232	45
1.14244	46
1.14258	47
1.1427	48
1.14281	49
1.14292	50
1.14299	51
1.14312	52
1.14325	36
1.14338	36
1.1435	37
1.14362	38
1.14375	39
1.14388	40
1.14399	41
1.1441	42
1.14422	43
1.14434	44
1.14446	45
1.14458	46
1.1447	47
1.14483	48
1.14496	33
1.1451	34
1.14521	35
1.14531	36
1.14542	37
1.14553	38
1.14565	39
1.14577	40
1.14588	41
1.146	42
1.14612	43
1.14625	44
1.14638	45
1.1465	46
1.14661	47
1.14673	48
1.14686	49
1.14699	50
1.14712	34
1.14726	35
1.14737	36
1.14747	37
1.14752	38
1.14763	39
1.14775	40
1.14787	41
1.14799	42
1.14812	43
1.14823	44
1.14836	45
1.14849	46
1.14862	47
1.14874	32
1.14886	33
1.14896	34
1.14907	35
1.14918	36
1.1493	37
1.14942	38
1.14955	39
1.14967	40
1.14979	41
1.14992	42
1.15004	43
1.15015	44
1.15027	45
1.15038	46
1.15051	47
1.15063	48
1.15077	33
1.1509	34
1.15101	35
1.15112	36
1.15123	37
1.15134	38
1.15145	39
1.15158	40
1.1517	41
1.15181	42
1.15188	43
1.152	44
1.15213	45
1.15226	46
1.15238	47
1.1525	48
1.15262	49
1.15274	50
1.15287	35
1.15301	36
1.15313	37
1.15323	38
1.15335	39
1.15347	40
1.15358	41
1.1537	42
1.15382	43
1.15395	44
1.15407	45
1.15419	46
1.15432	47
1.15445	48
1.15459	33
1.1547	34
1.1548	35
1.15491	36
1.15502	37
1.15513	38
1.15525	39
1.15538	40
1.15551	41
1.15563	42
1.15575	43
1.15587	44
1.15599	45
1.15612	46
1.15623	47
1.15635	48
1.15647	49
1.15661	50
1.15674	34
1.15687	35
1.15695	36
1.15704	37
1.15715	38
1.15726	39
1.15737	40
1.15749	41
1.15761	42
1.15773	43
1.15785	44
1.15797	45
1.1581	46
1.15823	47
1.15835	48
1.15847	49
1.15859	50
1.15872	51
1.15885	34
1.15898	35
1.1591	36
1.15921	37
1.15932	38
1.15944	39
1.15957	40
1.15969	41
1.15981	42
1.15993	43
1.16005	44
1.16017	45
1.1603	46
1.16043	47
1.16056	32
1.16068	33
1.16077	34
1.16087	35
1.16097	36
1.16104	37
1.16115	38
1.16127	39
1.16139	40
1.16152	41
1.16164	42
1.16176	43
1.16189	44
1.16201	45
1.16212	46
1.16224	47
1.16236	48
1.16248	49
1.16261	50
1.16274	34
1.16288	35
1.163	36
1.1631	37
1.1632	38
1.16332	39
1.16343	40
1.16355	41
1.16367	42
1.16378	43
1.1639	44
1.16402	45
1.16415	46
1.16429	47
1.16441	32
1.16453	33
1.16463	34
1.16473	35
1.16485	36
1.16496	37
1.16508	38
1.16518	39
1.16528	40
1.1654	41
1.1655	42
1.16563	43
1.16575	44
1.16588	45
1.16601	46
1.16613	47
1.16625	48
1.16638	49
1.16652	33
1.16664	34
1.16675	35
1.16685	36
1.16695	37
1.16707	38
1.16718	39
1.1673	40
1.16743	41
1.16756	42
1.16768	43
1.1678	44
1.16792	45
1.16804	46
1.16814	47
1.16826	48
1.16838	49
1.16851	50
1.16864	34
1.16877	34
1.16889	35
1.16902	36
1.16915	37
1.16927	38
1.16937	39
1.16947	40
1.16957	41
1.16968	42
1.16979	43
1.16991	44
1.17004	45
1.17016	46
1.17029	32
1.17039	32
1.17051	33
1.17062	34
1.17073	35
1.17084	36
1.17095	37
1.17106	38
1.17117	39
1.17129	40
1.17141	41
1.17154	42
1.17166	43
1.17178	44
1.17191	45
1.17204	46
1.17217	32
1.1723	33
1.17239	34
1.17249	35
1.1726	36
1.17271	37
1.17284	38
1.17296	39
1.17308	40
1.1732	41
1.17333	42
1.17344	43
1.17357	44
1.17369	45
1.1738	46
1.17392	47
1.174	48
1.17413	49
1.17426	34
1.17439	34
1.1745	35
1.17461	36
1.17474	37
1.17486	38
1.17498	39
1.1751	40
1.17522	41
1.17535	42
1.17546	43
1.17557	44
1.17569	45
1.17581	46
1.17594	47
1.17607	48
1.17619	33
1.17632	34
1.17643	35
1.17655	36
1.17667	37
1.1768	38
1.1769	39
1.17701	40
1.17712	41
1.17724	42
1.17736	43
1.17749	44
1.17761	45
1.17773	46
1.17786	47
1.17799	48
1.17812	32
1.17823	33
1.17829	34
1.1784	35
1.1785	36
1.17861	37
1.17873	38
1.17885	39
1.17898	40
1.1791	41
1.17922	42
1.17935	43
1.17947	44
1.17959	45
1.17971	46
1.17982	47
1.17994	48
1.18007	49
1.1802	34
1.18032	34
1.18043	35
1.18054	36
1.18066	37
1.18078	38
1.1809	39
1.18102	40
1.18114	41
1.18125	42
1.18137	43
1.1815	44
1.18162	45
1.18174	46
1.18186	47
1.18197	48
1.1821	49
1.18219	33
1.18232	34
1.18243	35
1.18254	36
1.18266	37
1.18279	38
1.1829	39
1.18302	40
1.18315	41
1.18326	42
1.18338	43
1.18351	44
1.18363	45
1.18375	46
1.18388	47
1.184	48
1.18413	32
1.18426	33
1.18437	34
1.18447	35
1.18457	36
1.18468	37
1.1848	38
1.18492	39
1.18504	40
1.18516	41
1.18528	42
1.18541	43
1.18554	44
1.18566	45
1.18578	46
1.1859	47
1.18602	48
1.18614	49
1.18621	50
1.18635	33
1.18647	33
1.18658	34
1.18669	35
1.1868	36
1.18692	37
1.18705	38
1.18717	39
1.18728	40
1.18739	41
1.18751	42
1.18763	43
1.18775	44
1.18786	45
1.18799	46
1.18811	47
1.18825	32
1.18839	32
1.1885	33
1.18859	34
1.1887	35
1.18881	36
1.18892	37
1.18904	38
1.18916	39
1.18928	40
1.1894	41
1.18952	42
1.18965	43
1.18978	44
1.1899	45
1.19001	46
1.19013	47
1.1902	48
1.19033	49
1.19046	33
1.19058	34
1.19068	35
1.1908	36
1.19091	37
1.19103	38
1.19116	39
1.19127	40
1.19139	41
1.19152	42
1.19163	43
1.19175	44
1.19188	45
1.19199	46
1.19211	47
1.19224	48
1.19237	49
1.19249	33
1.19262	34
1.19273	35
1.19285	36
1.19297	37
1.19308	38
1.1932	39
1.19331	40
1.19342	41
1.19354	42
1.19366	43
1.19379	44
1.19391	45
1.19403	46
1.19416	47
1.1943	48
1.19443	32
1.19452	33
1.19461	34
1.19472	35
1.19482	36
1.19494	37
1.19505	38
1.19518	39
1.19529	40
1.19541	41
1.19554	42
1.19567	43
1.19579	44
1.1959	45
1.19602	46
1.19614	47
1.19626	48
1.19639	49
1.1965	32
1.19663	33
1.19674	34
1.19686	35
1.19698	36
1.1971	37
1.19722	38
1.19734	39
1.19745	40
1.19756	41
1.19769	42
1.19781	43
1.19793	44
1.19805	45
1.19818	46
1.19826	47
1.19839	31
1.19852	32
1.19863	33
1.19874	34
1.19886	35
1.19899	36
1.19911	37
1.19921	38
1.19933	39
1.19944	40
1.19956	41
1.19969	42
1.19981	43
1.19993	44
1.20006	45
1.20019	46
1.2003	31
1.2004	32
1.2005	33
1.2006	34
1.20071	35
1.20082	36
1.20094	37
1.20106	38
1.20118	39
1.2013	40
1.20142	41
1.20155	42
1.20168	43
1.20179	44
1.2019	45
1.20202	46
1.20211	47
1.20223	48
1.20237	33
1.20249	34
1.2026	35
1.20271	36
1.20283	37
1.20296	38
1.20309	39
1.2032	40
1.20331	41
1.20343	42
1.20355	43
1.20367	44
1.20378	45
1.2039	46
1.204	47
1.20413	48
1.20427	33
1.2044	33
1.20451	34
1.20462	35
1.20473	36
1.20484	37
1.20495	38
1.20507	39
1.2052	40
1.20531	41
1.20543	42
1.20556	43
1.20569	44
1.20582	45
1.20595	31
1.20607	31
1.20617	32
1.20627	33
1.20634	34
1.20646	35
1.20658	36
1.20669	37
1.20681	38
1.20693	39
1.20705	40
1.20719	41
1.20729	42
1.20741	43
1.20753	44
1.20765	45
1.20778	46
1.2079	47
1.20802	48
1.20813	49
1.20826	34
1.20839	34
1.2085	35
1.20862	36
1.20873	37
1.20885	38
1.20897	39
1.20909	40
1.20919	41
1.20931	42
1.20942	43
1.20955	44
1.20968	45
1.20981	46
1.20993	32
1.21005	33
1.21017	34
1.21025	35
1.21036	36
1.21047	37
1.21059	38
1.2107	39
1.21081	40
1.21093	41
1.21106	42
1.21119	43
1.21133	44
1.21145	45
1.21157	46
1.21169	47
1.2118	48
1.21192	49
1.21204	50
1.21217	51
1.21227	35
1.21241	36
1.21253	37
1.21265	38
1.21278	39
1.2129	40
1.21302	41
1.21312	42
1.21323	43
1.21334	44
1.21346	45
1.21358	46
1.2137	47
1.21382	48
1.21396	32
1.21409	33
1.21422	34
1.2143	35
1.2144	36
1.21449	37
1.2146	38
1.21471	39
1.21482	40
1.21494	41
1.21507	42
1.2152	43
1.21533	44
1.21546	45
1.21558	46
1.21569	47
1.21581	48
1.21592	49
1.21605	50
1.21617	51
1.21631	34
1.21644	35
1.21653	36
1.21666	37
1.21678	38
1.2169	39
1.21701	40
1.21712	41
1.21723	42
1.21734	43
1.21746	44
1.21758	45
1.2177	46
1.21781	47
1.21794	48
1.21806	49
1.21819	32
1.21833	33
1.21844	34
1.21855	35
1.21867	36
1.21879	37
1.2189	38
1.21902	39
1.21914	40
1.21925	41
1.21938	42
1.2195	43
1.21963	44
1.21975	45
1.21988	46
1.22001	47
1.22013	32
1.22024	32
1.22034	33
1.22044	34
1.22054	35
1.22063	36
1.22075	37
1.22087	38
1.22099	39
1.22113	40
1.22125	41
1.22136	42
1.22147	43
1.2216	44
1.22171	45
1.22182	46
1.22194	47
1.22205	48
1.22218	49
1.22232	32
1.22246	33
1.22258	34
1.22268	35
1.22279	36
1.2229	37
1.22302	38
1.22313	39
1.22324	40
1.22336	41
1.22348	42
1.22361	43
1.22374	44
1.22386	45
1.22398	46
1.22409	47
1.22422	48
1.22434	49
1.22447	33
1.22459	33
1.22469	34
1.22479	35
1.2249	36
1.22502	37
1.22515	38
1.22526	39
1.22538	40
1.22549	41
1.22561	42
1.22573	43
1.22585	44
1.22598	45
1.22609	46
1.2262	47
1.22633	48
1.22646	33
1.22658	33
1.22669	34
1.2268	35
1.22691	36
1.22702	37
1.22714	38
1.22726	39
1.22738	40
1.2275	41
1.22762	42
1.22774	43
1.22786	44
1.22798	45
1.2281	46
1.22822	47
1.22834	48
1.22846	49
1.22859	50
1.22872	33
1.22884	34
1.22896	35
1.22906	36
1.22916	37
1.22927	38
1.22939	39
1.22951	40
1.22962	41
1.22974	42
1.22986	43
1.22998	44
1.23011	45
1.23025	46
1.23036	31
1.23047	32
1.23057	33
1.23068	34
1.23078	35
1.2309	36
1.23102	37
1.23113	38
1.23125	39
1.23137	40
1.2315	41
1.23162	42
1.23174	43
1.23185	44
1.23196	45
1.23208	46
1.2322	47
1.23233	48
1.23247	33
1.23259	33
1.23268	34
1.2328	35
1.23292	36
1.23303	37
1.23314	38
1.23326	39
1.23339	40
1.23351	41
1.23363	42
1.23375	43
1.23387	44
1.23399	45
1.23408	46
1.2342	47
1.23432	48
1.23444	49
1.23457	50
1.23471	33
1.23485	34
1.23496	35
1.23507	36
1.23518	37
1.23531	38
1.23542	39
1.23554	40
1.23565	41
1.23576	42
1.23588	43
1.23601	44
1.23614	45
1.23627	46
1.23638	31
1.2365	32
1.23662	33
1.23671	34
1.23681	35
1.23691	36
1.23702	37
1.23713	38
1.23724	39
1.23737	40
1.23749	41
1.23763	42
1.23775	43
1.23787	44
1.23798	45
1.23809	46
1.2382	47
1.23832	48
1.23844	49
1.23856	50
1.23866	33
1.23879	34
1.23891	35
1.23904	36
1.23917	37
1.23929	38
1.23939	39
1.23949	40
1.23959	41
1.2397	42
1.23982	43
1.23993	44
1.24004	45
1.24017	46
1.24031	31
1.24045	32
1.24057	33
1.24068	34
1.24077	35
1.24087	36
1.24097	37
1.24108	38
1.24119	39
1.24131	40
1.24143	41
1.24156	42
1.24169	43
1.24183	44
1.24195	30
1.24205	31
1.24214	32
1.24224	33
1.24234	34
1.24244	35
1.24251	36
1.24263	37
1.24275	38
1.24287	39
1.243	40
1.24314	41
1.24325	42
1.24335	43
1.24345	44
1.24356	45
1.24368	46
1.2438	47
1.24391	48
1.24404	49
1.24418	33
1.24432	34
1.24443	35
1.24453	36
1.24464	37
1.24475	38
1.24487	39
1.24498	40
1.24509	41
1.24521	42
1.24533	43
1.24546	44
1.24559	45
1.24573	31
1.24585	32
1.24595	33
1.24605	34
1.24616	35
1.24628	36
1.24638	37
1.24648	38
1.24658	39
1.2467	40
1.24682	41
1.24695	42
1.24708	43
1.24721	44
1.24732	45
1.24744	46
1.24757	47
1.24768	48
1.2478	49
1.24793	50
1.24805	34
1.24818	35
1.2483	36
1.24841	37
1.24853	38
1.24865	39
1.24877	40
1.24889	41
1.249	42
1.24911	43
1.24923	44
1.24935	45
1.24948	46
1.24961	47
1.24974	33
1.24986	33
1.24998	34
1.25009	35
1.25022	36
1.25032	37
1.25042	38
1.25052	39
1.25063	40
1.25075	41
1.25087	42
1.25099	43
1.2511	44
1.25124	45
1.25136	46
1.25149	47
1.25163	32
1.25174	33
1.25184	34
1.25194	35
1.25205	36
1.25214	37
1.25225	38
1.25237	39
1.2525	40
1.25262	41
1.25274	42
1.25287	43
1.253	44
1.25312	45
1.25323	46
1.25335	47
1.25346	48
1.25359	49
1.25372	34
1.25386	35
1.25396	36
1.25408	37
1.25419	38
1.25431	39
1.25444	40
1.25457	41
1.25467	42
1.25478	43
1.25489	44
1.25501	45
1.25514	46
1.25527	47
1.25539	33
1.2555	33
1.25561	34
1.25573	35
1.25585	36
1.25597	37
1.25609	38
1.25619	39
1.25629	40
1.25639	41
1.25651	42
1.25664	43
1.25677	44
1.25688	45
1.25701	46
1.25713	47
1.25727	48
1.25741	33
1.25752	33
1.25761	34
1.25771	35
1.2578	36
1.25791	37
1.25802	38
1.25814	39
1.25826	40
1.25838	41
1.2585	42
1.25862	43
1.25875	44
1.25887	45
1.25898	46
1.2591	47
1.2592	48
1.25932	49
1.25945	50
1.25959	33
1.25971	34
1.25982	35
1.25993	36
1.26005	37
1.26018	38
1.2603	39
1.26041	40
1.26052	41
1.26063	42
1.26074	43
1.26085	44
1.26098	45
1.2611	46
1.26122	47
1.26135	48
1.26148	49
1.26161	32
1.26175	33
1.26184	34
1.26194	35
1.26204	36
1.26215	37
1.26226	38
1.26238	39
1.2625	40
1.26262	41
1.26273	42
1.26286	43
1.26298	44
1.26312	45
1.26322	46
1.26333	47
1.26344	48
1.26355	49
1.26368	50
1.26381	34
1.26395	34
1.26405	35
1.26416	36
1.26427	37
1.26439	38
1.26451	39
1.26463	40
1.26474	41
1.26485	42
1.26496	43
1.26508	44
1.2652	45
1.26532	46
1.26542	47
1.26555	31
1.26568	32
1.26579	33
1.2659	34
1.26602	35
1.26614	36
1.26626	37
1.26636	38
1.26647	39
1.26659	40
1.26671	41
1.26683	42
1.26696	43
1.26708	44
1.26721	45
1.26734	46
1.26747	47
1.26759	31
1.2677	32
1.26777	33
1.26787	34
1.26798	35
1.26809	36
1.2682	37
1.26832	38
1.26845	39
1.26857	40
1.26869	41
1.26881	42
1.26893	43
1.26905	44
1.26915	45
1.26925	46
1.26937	47
1.26949	48
1.26962	49
1.26975	33
1.26987	33
1.26997	34
1.27008	35
1.2702	36
1.27032	37
1.27044	38
1.27056	39
1.27066	40
1.27077	41
1.27089	42
1.27101	43
1.27113	44
1.27126	45
1.27139	46
1.2715	47
1.27163	48
1.27176	32
1.27188	33
1.27199	34
1.27208	35
1.27218	36
1.27229	37
1.2724	38
1.27252	39
1.27264	40
1.27277	41
1.27289	42
1.27301	43
1.27314	44
1.27325	45
1.27337	46
1.27349	47
1.2736	48
1.27372	49
1.27384	50
1.27397	51
1.27411	34
1.27425	35
1.27435	36
1.27447	37
1.27458	38
1.2747	39
1.27482	40
1.27493	41
1.27506	42
1.27517	43
1.27529	44
1.27541	45
1.27553	46
1.27562	47
1.27575	31
1.27588	32
1.27599	33
1.27609	34
1.27619	35
1.2763	36
1.27642	37
1.27654	38
1.27666	39
1.27678	40
1.2769	41
1.27703	42
1.27716	43
1.27727	44
1.27738	45
1.2775	46
1.27762	47
1.27775	48
1.27788	49
1.27799	32
1.27812	33
1.27821	34
1.27832	35
1.27844	36
1.27857	37
1.27869	38
1.27879	39
1.27891	40
1.27902	41
1.27914	42
1.27927	43
1.27938	44
1.27947	45
1.27959	46
1.27972	47
1.27985	48
1.27998	31
1.2801	32
1.2802	33
1.2803	34
1.28041	35
1.28052	36
1.28064	37
1.28076	38
1.28089	39
1.28101	40
1.28112	41
1.28123	42
1.28135	43
1.28147	44
1.2816	45
1.28171	46
1.28183	47
1.28195	48
1.28207	49
1.28221	32
1.28233	32
1.28244	33
1.28254	34
1.28265	35
1.28276	36
1.28288	37
1.283	38
1.28311	39
1.28323	40
1.28335	41
1.28347	42
1.28359	43
1.2837	44
1.28381	45
1.28392	46
1.28404	47
1.28417	48
1.2843	49
1.28443	32
1.28456	32
1.28466	33
1.28477	34
1.28489	35
1.28501	36
1.28512	37
1.28523	38
1.28533	39
1.28545	40
1.28556	41
1.28567	42
1.28579	43
1.28592	44
1.28605	45
1.28617	46
1.2863	47
1.28642	48
1.28655	49
1.28668	32
1.2868	33
1.2869	34
1.28701	35
1.28713	36
1.28725	37
1.28737	38
1.2875	39
1.28762	40
1.28773	41
1.28784	42
1.28796	43
1.28807	44
1.28818	45
1.28829	46
1.28841	47
1.28854	48
1.28867	32
1.28881	33
1.28893	34
1.28902	35
1.28912	36
1.28923	37
1.28934	38
1.28946	39
1.28958	40
1.2897	41
1.28981	42
1.28993	43
1.29006	44
1.29019	45
1.2903	46
1.29041	47
1.29052	48
1.29064	49
1.29077	50
1.2909	33
1.29102	34
1.29113	35
1.29124	36
1.29136	37
1.29148	38
1.2916	39
1.29172	40
1.29184	41
1.29195	42
1.29207	43
1.29219	44
1.29232	45
1.29245	46
1.29253	31
1.29266	32
1.29276	33
1.29287	34
1.29297	35
1.29309	36
1.29321	37
1.29333	38
1.29344	39
1.29356	40
1.29368	41
1.29381	42
1.29395	43
1.29406	44
1.29417	45
1.29429	46
1.29441	47
1.29454	48
1.29467	32
1.29478	33
1.29489	34
1.295	35
1.29512	36
1.29525	37
1.29538	38
1.29548	39
1.29559	40
1.2957	41
1.29582	42
1.29595	43
1.29606	44
1.29617	45
1.29627	46
1.29639	47
1.29652	48
1.29665	32
1.29678	32
1.29688	33
1.29698	34
1.29709	35
1.2972	36
1.29731	37
1.29743	38
1.29756	39
1.29767	40
1.29779	41
1.29792	42
1.29803	43
1.29815	44
1.29827	45
1.29839	46
1.2985	47
1.29863	48
1.29876	49
1.29889	32
1.29902	33
1.29913	34
1.29924	35
1.29936	36
1.29948	37
1.2996	38
1.29971	39
1.29984	40
1.29995	41
1.30007	42
1.30019	43
1.30031	44
1.30039	45
1.30051	46
1.30064	47
1.30077	48
1.30089	31
1.30102	32
1.30113	33
1.30124	34
1.30136	35
1.30148	36
1.3016	37
1.30172	38
1.30184	39
1.30195	40
1.30207	41
1.30219	42
1.30231	43
1.30242	44
1.30254	45
1.30266	46
1.30278	47
1.30291	31
1.30303	32
1.30314	33
1.30326	34
1.30338	35
1.3035	36
1.30361	37
1.30372	38
1.30383	39
1.30395	40
1.30407	41
1.3042	42
1.30431	43
1.30443	44
1.30456	45
1.30464	46
1.30478	47
1.30489	32
1.30501	33
1.30511	34
1.30521	35
1.30532	36
1.30544	37
1.30556	38
1.30568	39
1.30581	40
1.30593	41
1.30605	42
1.30618	43
1.3063	44
1.3064	45
1.30651	46
1.30663	47
1.30675	48
1.30688	49
1.30702	33
1.30715	34
1.30726	35
1.30737	36
1.30749	37
1.30761	38
1.30772	39
1.30784	40
1.30795	41
1.30806	42
1.30818	43
1.3083	44
1.30843	45
1.30856	46
1.30869	31
1.30877	32
1.30888	33
1.30898	34
1.30909	35
1.3092	36
1.30932	37
1.30943	38
1.30954	39
1.30965	40
1.30978	41
1.3099	42
1.31003	43
1.31015	44
1.31027	45
1.31039	46
1.31051	47
1.31063	48
1.31075	49
1.31087	50
1.31098	51
1.31111	34
1.31124	35
1.31136	36
1.31148	37
1.3116	38
1.31171	39
1.31182	40
1.31193	41
1.31205	42
1.31218	43
1.31231	44
1.31238	45
1.3125	46
1.31263	47
1.31276	48
1.3129	32
1.31303	32
1.31312	33
1.31322	34
1.31333	35
1.31344	36
1.31356	37
1.31368	38
1.3138	39
1.31391	40
1.31403	41
1.31416	42
1.31429	43
1.3144	44
1.31451	45
1.31463	46
1.31475	47
1.31488	48
1.315	49
1.31512	32
1.31523	33
1.31534	34
1.31545	35
1.31557	36
1.3157	37
1.31582	38
1.31593	39
1.31604	40
1.31615	41
1.31627	42
1.3164	43
1.31653	44
1.31659	45
1.31671	46
1.31684	47
1.31697	48
1.31711	31
1.31724	32
1.31733	33
1.31744	34
1.31754	35
1.31766	36
1.31777	37
1.3179	38
1.31801	39
1.31813	40
1.31825	41
1.31838	42
1.31851	43
1.31862	44
1.31873	45
1.31885	46
1.31895	47
1.31908	48
1.31921	31
1.31934	32
1.31945	33
1.31956	34
1.31968	35
1.3198	36
1.31992	37
1.32003	38
1.32014	39
1.32025	40
1.32037	41
1.32049	42
1.3206	43
1.32072	44
1.3208	45
1.32092	46
1.32106	47
1.32119	31
1.32133	31
1.32143	32
1.32153	33
1.32163	34
1.32174	35
1.32186	36
1.32198	37
1.32209	38
1.3222	39
1.32233	40
1.32245	41
1.32258	42
1.3227	43
1.32281	44
1.3229	45
1.32302	46
1.32315	47
1.32328	48
1.3234	32
1.32353	33
1.32364	34
1.32376	35
1.32388	36
1.32401	37
1.32413	38
1.32423	39
1.32434	40
1.32446	41
1.32458	42
1.32469	43
1.32478	44
1.3249	45
1.32502	46
1.32515	47
1.32529	32
1.32543	33
1.32554	34
1.32564	35
1.32574	36
1.32586	37
1.32597	38
1.32609	39
1.3262	40
1.32632	41
1.32644	42
1.32657	43
1.3267	44
1.32682	45
1.32695	46
1.32708	47
1.3272	32
1.32729	32
1.32739	33
1.32749	34
1.32759	35
1.32771	36
1.32782	37
1.32794	38
1.32807	39
1.32818	40
1.32831	41
1.32843	42
1.32856	43
1.32867	44
1.32878	45
1.3289	46
1.32902	47
1.32912	48
1.32925	49
1.32938	33
1.32951	33
1.32962	34
1.32973	35
1.32985	36
1.32997	37
1.33009	38
1.33019	39
1.3303	40
1.33042	41
1.33054	42
1.33066	43
1.33079	44
1.3309	45
1.33102	46
1.33115	47
1.33128	32
1.33141	32
1.3315	33
1.3316	34
1.3317	35
1.33181	36
1.33193	37
1.33205	38
1.33217	39
1.33228	40
1.3324	41
1.33253	42
1.33265	43
1.33277	44
1.33289	45
1.33301	46
1.33313	47
1.33323	48
1.33336	49
1.33349	33
1.33363	34
1.33374	35
1.33385	36
1.33396	37
1.33409	38
1.3342	39
1.33431	40
1.33444	41
1.33455	42
1.33466	43
1.33478	44
1.33491	45
1.33501	46
1.33514	32
1.33527	33
1.33538	34
1.33548	35
1.33558	36
1.3357	37
1.33581	38
1.33593	39
1.33605	40
1.33616	41
1.33629	42
1.33641	43
1.33654	44
1.33667	45
1.33678	46
1.3369	47
1.33702	48
1.33715	49
1.33728	35
1.3374	35
1.33749	36
1.3376	37
1.33772	38
1.33784	39
1.33796	40
1.3381	41
1.33822	42
1.33833	43
1.33844	44
1.33857	45
1.33869	46
1.33882	47
1.33894	34
1.33902	34
1.33913	35
1.33925	36
1.33937	37
1.33949	38
1.33962	39
1.33973	40
1.33983	41
1.33995	42
1.34007	43
1.34019	44
1.34032	45
1.34044	46
1.34057	47
1.3407	48
1.34083	35
1.34097	35
1.34106	36
1.34116	37
1.34127	38
1.34138	39
1.34149	40
1.34158	41
1.3417	42
1.34183	43
1.34195	44
1.34207	45
1.3422	46
1.34234	47
1.34246	34
1.34258	35
1.34268	36
1.34278	37
1.34286	38
1.34298	39
1.3431	40
1.34322	41
1.34334	42
1.34346	43
1.34358	44
1.34371	45
1.34385	46
1.34396	33
1.34407	34
1.34418	35
1.34428	36
1.3444	37
1.34451	38
1.34463	39
1.34474	40
1.34486	41
1.34498	42
1.34511	43
1.34524	44
1.34536	45
1.34547	46
1.34559	47
1.34571	48
1.34583	49
1.34596	36
1.3461	37
1.34621	38
1.34632	39
1.34643	40
1.34656	41
1.34668	42
1.3468	43
1.34689	44
1.347	45
1.3471	46
1.34721	47
1.34733	48
1.34746	49
1.34759	36
1.34772	36
1.34783	37
1.34795	38
1.34807	39
1.34819	40
1.34831	41
1.34843	42
1.34854	43
1.34865	44
1.34877	45
1.3489	46
1.34903	47
1.34916	35
1.34928	35
1.3494	36
1.34951	37
1.34964	38
1.34976	39
1.34988	40
1.34999	41
1.35009	42
1.35021	43
1.35033	44
1.35045	45
1.35058	46
1.35071	34
1.35084	35
1.35095	36
1.35107	37
1.3512	38
1.35131	39
1.35141	40
1.35152	41
1.35163	42
1.35175	43
1.35184	44
1.35197	45
1.3521	46
1.35222	35
1.35234	35
1.35246	36
1.35258	37
1.35271	38
1.35282	39
1.35292	40
1.35303	41
1.35314	42
1.35325	43
1.35337	44
1.3535	45
1.35363	46
1.35376	47
1.35388	48
1.35402	36
1.35415	37
1.35425	38
1.35435	39
1.35446	40
1.35457	41
1.35468	42
1.3548	43
1.35492	44
1.35505	45
1.35517	46
1.3553	47
1.35543	48
1.35556	36
1.35568	37
1.35578	38
1.35589	39
1.356	40
1.35611	41
1.35623	42
1.35631	43
1.35643	44
1.35657	45
1.35668	46
1.35681	47
1.35694	48
1.35707	36
1.3572	36
1.3573	37
1.3574	38
1.35751	39
1.35762	40
1.35774	41
1.35786	42
1.35799	43
1.35812	44
1.35823	45
1.35836	46
1.35849	47
1.35861	48
1.35872	49
1.35883	50
1.35895	51
1.35908	52
1.35921	38
1.35935	39
1.35947	40
1.3596	41
1.35973	42
1.35986	43
1.35998	44
1.36009	45
1.3602	46
1.36031	47
1.36043	48
1.36055	49
1.36068	50
1.36081	36
1.36094	37
1.36105	38
1.36118	39
1.3613	40
1.36138	41
1.36149	42
1.36161	43
1.36173	44
1.36185	45
1.36197	46
1.36209	47
1.36222	48
1.36235	49
1.36248	35
1.36262	36
1.36273	37
1.36283	38
1.36294	39
1.36305	40
1.36316	41
1.36329	42
1.36341	43
1.36353	44
1.36365	45
1.36377	46
1.3639	47
1.36404	34
1.36416	34
1.36427	35
1.36438	36
1.36449	37
1.3646	38
1.36472	39
1.36484	40
1.36494	41
1.36506	42
1.36516	43
1.36529	44
1.36542	45
1.36554	46
1.36567	47
1.36578	48
1.36588	49
1.36601	50
1.36614	36
1.36627	37
1.36638	38
1.36648	39
1.3666	40
1.36672	41
1.36684	42
1.36696	43
1.36708	44
1.36721	45
1.36734	46
1.36746	47
1.36759	48
1.3677	49
1.36782	50
1.36795	51
1.36808	37
1.36822	37
1.36834	38
1.36845	39
1.36857	40
1.36869	41
1.36882	42
1.36894	43
1.36906	44
1.36917	45
1.36929	46
1.36941	47
1.36952	48
1.36965	35
1.36977	36
1.36988	37
1.37	38
1.37012	39
1.37024	40
1.37037	41
1.37047	42
1.37056	43
1.37067	44
1.37079	45
1.37091	46
1.37104	47
1.37117	34
1.3713	35
1.37141	36
1.37153	37
1.37165	38
1.37177	39
1.37189	40
1.372	41
1.37211	42
1.37222	43
1.37234	44
1.37246	45
1.37259	46
1.37272	47
1.37284	48
1.37297	49
1.37311	35
1.37323	36
1.37333	37
1.37344	38
1.37354	39
1.37365	40
1.37376	41
1.37388	42
1.374	43
1.37413	44
1.37424	45
1.37437	46
1.3745	47
1.37463	34
1.37475	35
1.37487	36
1.37497	37
1.37507	38
1.37518	39
1.37526	40
1.37538	41
1.37551	42
1.37564	43
1.37576	44
1.37588	45
1.37601	46
1.37615	34
1.37627	35
1.37637	36
1.37647	37
1.37658	38
1.3767	39
1.37681	40
1.37694	41
1.37707	42
1.37718	43
1.37731	44
1.37743	45
1.37757	46
1.37768	35
1.3778	35
1.37789	36
1.378	37
1.3781	38
1.37821	39
1.37833	40
1.37846	41
1.37857	42
1.37869	43
1.37882	44
1.37895	45
1.37907	46
1.37919	47
1.3793	48
1.37942	49
1.37954	50
1.37967	51
1.3798	38
1.37991	38
1.38002	39
1.38014	40
1.38025	41
1.38037	42
1.3805	43
1.38063	44
1.38074	45
1.38085	46
1.38097	47
1.38109	48
1.38122	49
1.38135	36
1.38149	37
1.3816	38
1.38171	39
1.38182	40
1.38194	41
1.38206	42
1.38217	43
1.38229	44
1.3824	45
1.38252	46
1.38264	47
1.38277	48
1.3829	36
1.38302	37
1.38314	38
1.38325	39
1.38337	40
1.3835	41
1.38362	42
1.38374	43
1.38385	44
1.38396	45
1.38408	46
1.3842	47
1.38431	48
1.38445	36
1.38457	36
1.38468	37
1.3848	38
1.38493	39
1.38505	40
1.38517	41
1.38528	42
1.38539	43
1.3855	44
1.38562	45
1.38574	46
1.38587	47
1.38598	35
1.38611	36
1.38622	37
1.38633	38
1.38644	39
1.38656	40
1.38668	41
1.3868	42
1.38691	43
1.38703	44
1.38715	45
1.38728	46
1.38741	47
1.38753	35
1.38766	36
1.38777	37
1.3879	38
1.38802	39
1.38814	40
1.38826	41
1.38837	42
1.38848	43
1.38859	44
1.3887	45
1.38883	46
1.38895	47
1.38908	48
1.38921	49
1.38934	36
1.38948	37
1.38959	38
1.38969	39
1.38979	40
1.3899	41
1.39002	42
1.39013	43
1.39025	44
1.39038	45
1.39049	46
1.39061	47
1.39072	48
1.39085	35
1.39098	36
1.39109	37
1.39119	38
1.3913	39
1.39141	40
1.39152	41
1.39164	42
1.39176	43
1.39189	44
1.39201	45
1.39213	46
1.39226	47
1.39239	35
1.39252	35
1.39262	36
1.39272	37
1.39283	38
1.39294	39
1.39306	40
1.39318	41
1.3933	42
1.39341	43
1.39353	44
1.39363	45
1.39376	46
1.39389	47
1.39402	35
1.39413	36
1.39424	37
1.39435	38
1.39446	39
1.39458	40
1.3947	41
1.39482	42
1.39493	43
1.39502	44
1.39514	45
1.39527	46
1.3954	47
1.39553	35
1.39564	36
1.39574	37
1.39585	38
1.39597	39
1.39609	40
1.39621	41
1.39634	42
1.39646	43
1.39658	44
1.3967	45
1.39683	46
1.39695	47
1.39707	48
1.39718	49
1.3973	50
1.39743	51
1.39756	38
1.3977	39
1.39782	40
1.39794	41
1.39805	42
1.39816	43
1.39829	44
1.39842	45
1.39853	46
1.39864	47
1.39876	48
1.39888	49
1.39901	50
1.39914	37
1.39928	38
1.3994	39
1.39952	40
1.39963	41
1.39975	42
1.39984	43
1.39996	44
1.40008	45
1.40019	46
1.40031	47
1.40043	48
1.40055	49
1.40069	36
1.40082	37
1.40095	38
1.40106	39
1.40118	40
1.40131	41
1.40142	42
1.40154	43
1.40165	44
1.40176	45
1.40188	46
1.402	47
1.40213	48
1.40226	36
1.4024	37
1.40251	38
1.40262	39
1.40274	40
1.40287	41
1.40299	42
1.40309	43
1.4032	44
1.40331	45
1.40343	46
1.40356	47
1.40368	48
1.40382	37
1.40394	37
1.40405	38
1.40416	39
1.40428	40
1.4044	41
1.40452	42
1.40461	43
1.40472	44
1.40484	45
1.40496	46
1.40508	47
1.40521	48
1.40535	36
1.40547	37
1.40559	38
1.40571	39
1.40583	40
1.40596	41
1.40606	42
1.40617	43
1.40629	44
1.40641	45
1.40653	46
1.40666	47
1.40679	48
1.40691	36
1.40704	36
1.40715	37
1.40727	38
1.40739	39
1.40752	40
1.40762	41
1.40773	42
1.40784	43
1.40796	44
1.40808	45
1.40821	46
1.40832	47
1.40844	48
1.40857	49
1.4087	36
1.40884	37
1.40895	38
1.40905	39
1.40916	40
1.40926	41
1.40938	42
1.40948	43
1.40961	44
1.40974	45
1.40986	46
1.40998	47
1.41011	48
1.41024	35
1.41037	36
1.41048	37
1.41058	38
1.41069	39
1.4108	40
1.41092	41
1.41103	42
1.41116	43
1.41127	44
1.41139	45
1.41151	46
1.41164	47
1.41177	35
1.4119	36
1.41199	37
1.41209	38
1.4122	39
1.41231	40
1.41243	41
1.41255	42
1.41267	43
1.41278	44
1.4129	45
1.41302	46
1.41315	47
1.41328	35
1.41339	35
1.41349	36
1.4136	37
1.4137	38
1.41382	39
1.41393	40
1.41406	41
1.41418	42
1.4143	43
1.41442	44
1.41455	45
1.41468	46
1.41481	47
1.41492	48
1.41504	49
1.41516	50
1.41528	51
1.41541	37
1.41554	38
1.41564	39
1.41575	40
1.41586	41
1.41596	42
1.41609	43
1.41622	44
1.41635	45
1.41646	46
1.41658	47
1.4167	48
1.41683	49
1.41696	36
1.41707	37
1.41718	38
1.41729	39
1.41741	40
1.41753	41
1.41766	42
1.41779	43
1.4179	44
1.41801	45
1.41813	46
1.41825	47
1.41838	48
1.41852	36
1.41864	37
1.41875	38
1.41887	39
1.41899	40
1.41911	41
1.41924	42
1.41935	43
1.41946	44
1.41957	45
1.41968	46
1.4198	47
1.41993	48
1.42007	35
1.42019	36
1.4203	37
1.4204	38
1.42052	39
1.42064	40
1.42077	41
1.42089	42
1.421	43
1.42112	44
1.42124	45
1.42136	46
1.42148	47
1.4216	35
1.42172	36
1.42183	37
1.42195	38
1.42208	39
1.4222	40
1.42232	41
1.42243	42
1.42254	43
1.42266	44
1.42278	45
1.42291	46
1.42304	47
1.42316	35
1.42329	36
1.42341	37
1.42353	38
1.42365	39
1.42378	40
1.42388	41
1.42399	42
1.42409	43
1.4242	44
1.42432	45
1.42445	46
1.42457	47
1.42469	48
1.42481	49
1.42494	37
1.42507	38
1.42519	39
1.4253	40
1.42541	41
1.42552	42
1.42563	43
1.42575	44
1.42586	45
1.42599	46
1.42611	47
1.42623	48
1.42636	49
1.42649	36
1.42663	37
1.42674	38
1.42684	39
1.42695	40
1.42706	41
1.42717	42
1.42729	43
1.42741	44
1.42754	45
1.42766	46
1.42779	47
1.42792	48
1.42805	36
1.42819	36
1.42829	37
1.42839	38
1.4285	39
1.42861	40
1.42872	41
1.42884	42
1.42897	43
1.42906	44
1.42918	45
1.42929	46
1.42942	47
1.42956	35
1.42969	36
1.42979	37
1.4299	38
1.43001	39
1.43012	40
1.43024	41
1.43036	42
1.43048	43
1.43059	44
1.43071	45
1.43081	46
1.43094	47
1.43108	34
1.4312	35
1.4313	36
1.43141	37
1.43152	38
1.43163	39
1.43175	40
1.43188	41
1.43199	42
1.4321	43
1.43222	44
1.43235	45
1.43248	46
1.43261	34
1.43272	35
1.43282	36
1.43292	37
1.43304	38
1.43315	39
1.43327	40
1.43339	41
1.43349	42
1.43361	43
1.43373	44
1.43386	45
1.43399	46
1.43411	35
1.43422	35
1.43433	36
1.43443	37
1.43455	38
1.43467	39
1.43478	40
1.43488	41
1.43499	42
1.43511	43
1.43524	44
1.43537	45
1.4355	46
1.43561	35
1.43573	36
1.43583	37
1.43595	38
1.43606	39
1.43618	40
1.43631	41
1.43642	42
1.43655	43
1.43667	44
1.4368	45
1.43692	46
1.43703	47
1.43715	48
1.43727	49
1.43739	50
1.43752	38
1.43766	39
1.43777	40
1.43787	41
1.43799	42
1.43811	43
1.43823	44
1.43837	45
1.43847	46
1.43859	47
1.4387	48
1.43883	49
1.43895	50
1.43908	38
1.43921	38
1.43931	39
1.43942	40
1.43954	41
1.43967	42
1.43979	43
1.4399	44
1.44001	45
1.44012	46
1.44024	47
1.44037	48
1.44049	49
1.44062	37
1.44076	37
1.44087	38
1.44099	39
1.44111	40
1.44123	41
1.44136	42
1.44148	43
1.44159	44
1.4417	45
1.44182	46
1.44194	47
1.44207	48
1.44221	36
1.44233	37
1.44244	38
1.44256	39
1.44267	40
1.44279	41
1.44292	42
1.44302	43
1.44313	44
1.44324	45
1.44336	46
1.44348	47
1.44358	48
1.44372	36
1.44384	36
1.44396	37
1.44407	38
1.4442	39
1.44432	40
1.44444	41
1.44455	42
1.44466	43
1.44478	44
1.4449	45
1.44503	46
1.44517	47
1.44529	35
1.44542	36
1.44553	37
1.44566	38
1.44578	39
1.4459	40
1.446	41
1.44612	42
1.44623	43
1.44635	44
1.44648	45
1.4466	46
1.44672	47
1.44685	48
1.44698	49
1.44711	36
1.44725	37
1.44734	38
1.44744	39
1.44755	40
1.44766	41
1.44778	42
1.44787	43
1.44798	44
1.44811	45
1.44823	46
1.44836	47
1.44849	48
1.44862	35
1.44874	35
1.44884	36
1.44894	37
1.44904	38
1.44916	39
1.44927	40
1.44939	41
1.44952	42
1.44964	43
1.44976	44
1.44989	45
1.45002	46
1.45015	47
1.45026	48
1.45038	49
1.4505	50
1.45063	51
1.45076	37
1.45089	37
1.45101	38
1.45112	39
1.45122	40
1.45133	41
1.45146	42
1.45159	43
1.4517	44
1.45182	45
1.45193	46
1.45205	47
1.45218	48
1.45231	49
1.45244	35
1.45256	35
1.45267	36
1.45275	37
1.45286	38
1.45298	39
1.45311	40
1.45323	41
1.45333	42
1.45345	43
1.45356	44
1.45369	45
1.45381	46
1.45395	47
1.45407	33
1.45419	34
1.45431	35
1.45442	36
1.45454	37
1.45465	38
1.45475	39
1.45486	40
1.45497	41
1.45509	42
1.45521	43
1.45533	44
1.45545	45
1.45558	46
1.4557	33
1.45583	34
1.45594	35
1.45605	36
1.45615	37
1.45625	38
1.45636	39
1.45647	40
1.45659	41
1.45671	42
1.45684	43
1.45692	44
1.45706	45
1.45718	46
1.45731	47
1.45743	34
1.45755	35
1.45765	36
1.45775	37
1.45786	38
1.45797	39
1.45809	40
1.45822	41
1.45834	42
1.45848	43
1.4586	44
1.45873	45
1.45884	46
1.45896	47
1.45907	48
1.45919	49
1.45931	50
1.45944	37
1.45956	38
1.45968	39
1.4598	40
1.45993	41
1.46005	42
1.46018	43
1.46029	44
1.46041	45
1.46053	46
1.46064	47
1.46076	48
1.46089	49
1.46102	37
1.46116	37
1.46128	38
1.46139	39
1.4615	40
1.46159	41
1.4617	42
1.46181	43
1.46194	44
1.46205	45
1.46216	46
1.46229	47
1.46242	48
1.46255	36
1.46269	37
1.46281	38
1.46293	39
1.46304	40
1.46315	41
1.46327	42
1.46339	43
1.46351	44
1.46362	45
1.46374	46
1.46386	47
1.46398	48
1.46412	35
1.46426	36
1.46438	37
1.46449	38
1.4646	39
1.46471	40
1.46483	41
1.46494	42
1.46506	43
1.46518	44
1.4653	45
1.46543	46
1.46555	47
1.46569	34
1.46581	35
1.46591	36
1.46602	37
1.46612	38
1.46622	39
1.46633	40
1.46645	41
1.46657	42
1.46669	43
1.46681	44
1.46694	45
1.46706	46
1.46719	47
1.46732	48
1.46744	49
1.46756	50
1.4677	36
1.46782	37
1.46792	38
1.46804	39
1.46815	40
1.46827	41
1.4684	42
1.46853	43
1.46866	44
1.46877	45
1.46889	46
1.46901	47
1.46914	48
1.46926	35
1.46938	36
1.4695	37
1.46961	38
1.46973	39
1.46985	40
1.46998	41
1.47009	42
1.4702	43
1.47031	44
1.47043	45
1.47053	46
1.47065	47
1.47077	48
1.4709	49
1.47103	35
1.47117	36
1.47129	37
1.4714	38
1.47151	39
1.47162	40
1.47173	41
1.47185	42
1.47198	43
1.47209	44
1.47221	45
1.47233	46
1.47246	47
1.47259	34
1.47273	35
1.47284	36
1.47295	37
1.47305	38
1.47317	39
1.47329	40
1.4734	41
1.47351	42
1.47363	43
1.47375	44
1.47387	45
1.47401	46
1.47414	33
1.47426	34
1.47435	35
1.47446	36
1.47457	37
1.47469	38
1.47481	39
1.47493	40
1.47504	41
1.47516	42
1.47526	43
1.47539	44
1.47551	45
1.47563	46
1.47574	47
1.47587	48
1.47599	49
1.47613	35
1.47625	36
1.47636	37
1.47648	38
1.4766	39
1.4767	40
1.47683	41
1.47697	42
1.47708	43
1.47719	44
1.47731	45
1.47743	46
1.47755	47
1.47767	48
1.47779	49
1.47792	50
1.47805	35
1.47818	36
1.47831	37
1.47842	38
1.47853	39
1.47864	40
1.47875	41
1.47887	42
1.47898	43
1.4791	44
1.47922	45
1.47935	46
1.47948	47
1.47961	33
1.47974	34
1.47985	35
1.47995	36
1.48006	37
1.48017	38
1.48026	39
1.48039	40
1.4805	41
1.48062	42
1.48074	43
1.48087	44
1.481	45
1.48112	46
1.48125	47
1.48136	48
1.48148	49
1.48159	50
1.48171	51
1.48183	52
1.48196	36
1.48209	37
1.48221	38
1.48233	39
1.48245	40
1.48259	41
1.48271	42
1.48283	43
1.48294	44
1.48304	45
1.48315	46
1.48327	47
1.48339	48
1.48351	49
1.48364	34
1.48378	35
1.4839	36
1.48402	37
1.48413	38
1.48425	39
1.48436	40
1.48448	41
1.48459	42
1.4847	43
1.48481	44
1.48493	45
1.48506	46
1.48519	47
1.48532	33
1.48545	33
1.48555	34
1.48566	35
1.48576	36
1.48588	37
1.486	38
1.48612	39
1.48623	40
1.48634	41
1.48646	42
1.48658	43
1.48672	44
1.48682	45
1.48693	46
1.48705	47
1.48718	48
1.48731	49
1.48744	34
1.48758	34
1.48768	35
1.48778	36
1.4879	37
1.48802	38
1.48815	39
1.48826	40
1.48836	41
1.48848	42
1.4886	43
1.48872	44
1.48885	45
1.48898	46
1.4891	32
1.4892	32
1.48932	33
1.48943	34
1.48953	35
1.48963	36
1.48973	37
1.48985	38
1.48996	39
1.49008	40
1.49021	41
1.49034	42
1.49046	43
1.49059	44
1.4907	45
1.4908	46
1.49091	47
1.49103	48
1.49115	49
1.49128	50
1.49139	34
1.49153	35
1.49165	36
1.49178	37
1.49189	38
1.49199	39
1.49209	40
1.4922	41
1.49232	42
1.49243	43
1.49256	44
1.49268	45
1.4928	46
1.49293	31
1.49307	32
1.49318	33
1.49327	34
1.49337	35
1.49347	36
1.49358	37
1.49369	38
1.49381	39
1.49393	40
1.49405	41
1.49418	42
1.49432	43
1.49443	44
1.49455	45
1.49468	46
1.49479	47
1.49491	48
1.49503	49
1.49517	50
1.4953	33
1.49542	34
1.49552	35
1.49564	36
1.49574	37
1.49585	38
1.49596	39
1.49608	40
1.49621	41
1.49632	42
1.49644	43
1.49656	44
1.49666	45
1.49679	46
1.49692	31
1.49703	32
1.49713	33
1.49724	34
1.49735	35
1.49746	36
1.49758	37
1.49769	38
1.49781	39
1.49793	40
1.49806	41
1.49818	42
1.49829	43
1.49841	44
1.49852	45
1.49865	46
1.49878	47
1.49891	48
1.49905	32
1.49917	33
1.49926	34
1.49936	35
1.49946	36
1.49958	37
1.4997	38
1.49981	39
1.49992	40
1.50004	41
1.50016	42
1.50029	43
1.50043	44
1.50055	45
1.50063	46
1.50075	47
1.50088	48
1.501	49
1.50113	50
1.50125	51
1.50138	34
1.50151	35
1.50163	36
1.50176	37
1.50188	38
1.502	39
1.50212	40
1.50223	41
1.50235	42
1.50246	43
1.50258	44
1.5027	45
1.50283	46
1.50295	47
1.50308	31
1.5032	32
1.50332	33
1.50343	34
1.50354	35
1.50364	36
1.50376	37
1.50386	38
1.50398	39
1.5041	40
1.50422	41
1.50435	42
1.50447	43
1.50459	44
1.50472	45
1.50485	46
1.50496	31
1.50508	32
1.50518	33
1.50529	34
1.50539	35
1.50549	36
1.50561	37
1.50573	38
1.50585	39
1.50597	40
1.5061	41
1.50623	42
1.50634	43
1.50645	44
1.50657	45
1.50669	46
1.50679	47
1.50692	48
1.50706	32
1.50718	33
1.50729	34
1.50741	35
1.50754	36
1.50766	37
1.50775	38
1.50786	39
1.50798	40
1.50809	41
1.50822	42
1.50834	43
1.50846	44
1.50858	45
1.50871	46
1.50884	47
1.50897	31
1.50908	32
1.50918	33
1.50928	34
1.50939	35
1.5095	36
1.5096	37
1.50973	38
1.50984	39
1.50996	40
1.51008	41
1.51021	42
1.51034	43
1.51046	44
1.51057	45
1.51069	46
1.51081	47
1.51091	48
1.51104	32
1.51118	33
1.51129	34
1.5114	35
1.51152	36
1.51164	37
1.51177	38
1.51188	39
1.51199	40
1.51209	41
1.51221	42
1.51233	43
1.51245	44
1.51257	45
1.51268	46
1.51281	47
1.51294	48
1.51308	32
1.5132	33
1.51331	34
1.51341	35
1.51351	36
1.51362	37
1.51373	38
1.51385	39
1.51397	40
1.51409	41
1.51421	42
1.51433	43
1.51447	44
1.51459	45
1.5147	46
1.51482	47
1.51492	48
1.51504	49
1.51518	33
1.51531	34
1.51542	35
1.51553	36
1.51564	37
1.51576	38
1.51588	39
1.51602	40
1.51613	41
1.51624	42
1.51636	43
1.51648	44
1.51661	45
1.51672	46
1.51684	47
1.51696	48
1.51709	49
1.51723	32
1.51737	33
1.51747	34
1.51757	35
1.51766	36
1.51777	37
1.51788	38
1.518	39
1.51812	40
1.51823	41
1.51834	42
1.51847	43
1.51859	44
1.51873	45
1.51885	46
1.51897	47
1.51908	48
1.51919	49
1.51932	50
1.51945	33
1.51957	33
1.51968	34
1.51979	35
1.5199	36
1.52002	37
1.52015	38
1.52027	39
1.52038	40
1.52049	41
1.52061	42
1.52073	43
1.52084	44
1.52095	45
1.52107	46
1.5212	47
1.52133	48
1.52146	31
1.5216	32
1.52171	33
1.52181	34
1.52191	35
1.52202	36
1.52214	37
1.52224	38
1.52235	39
1.52247	40
1.52259	41
1.52272	42
1.52285	43
1.52298	44
1.52309	45
1.5232	46
1.52331	47
1.52344	48
1.52355	49
1.52367	50
1.5238	51
1.52393	32
1.52407	33
1.52419	34
1.52431	35
1.52444	36
1.52456	37
1.52467	38
1.52478	39
1.52488	40
1.52498	41
1.52509	42
1.5252	43
1.52532	44
1.52545	45
1.52558	46
1.52572	30
1.52585	30
1.52596	31
1.52605	32
1.52614	33
1.52624	34
1.52633	35
1.52644	36
1.52655	37
1.52667	38
1.52679	39
1.52692	40
1.52705	41
1.52718	42
1.52729	43
1.52739	44
1.5275	45
1.52761	46
1.52771	47
1.52783	48
1.52795	49
1.52809	33
1.52822	33
1.52834	34
1.52846	35
1.52858	36
1.5287	37
1.52883	38
1.52892	39
1.52902	40
1.5291	41
1.52921	42
1.52933	43
1.52946	44
1.52959	45
1.52972	46
1.52984	31
1.52997	32
1.53009	33
1.53021	34
1.53033	35
1.53043	36
1.53053	37
1.53064	38
1.53075	39
1.53087	40
1.531	41
1.53112	42
1.53124	43
1.53137	44
1.5315	45
1.53163	46
1.53174	31
1.53185	32
1.53192	33
1.53203	34
1.53213	35
1.53225	36
1.53237	37
1.53249	38
1.53261	39
1.53273	40
1.53285	41
1.53298	42
1.53311	43
1.53321	44
1.53332	45
1.53344	46
1.53354	47
1.53366	48
1.53379	49
1.53391	33
1.53404	34
1.53415	35
1.53427	36
1.53439	37
1.53452	38
1.53464	39
1.53474	40
1.53486	41
1.53497	42
1.53509	43
1.53521	44
1.53532	45
1.53544	46
1.53557	47
1.53568	48
1.53582	32
1.53596	33
1.53607	34
1.53617	35
1.53627	36
1.53638	37
1.53649	38
1.53662	39
1.53674	40
1.53685	41
1.53697	42
1.5371	43
1.53723	44
1.53735	45
1.53748	46
1.5376	47
1.53771	48
1.53783	49
1.53794	50
1.53806	33
1.53819	34
1.5383	35
1.53841	36
1.53853	37
1.53865	38
1.53878	39
1.5389	40
1.539	41
1.53912	42
1.53924	43
1.53935	44
1.53947	45
1.53959	46
1.53968	47
1.53981	48
1.53994	32
1.54008	33
1.5402	34
1.54031	35
1.54041	36
1.54052	37
1.54064	38
1.54076	39
1.54088	40
1.541	41
1.54112	42
1.54124	43
1.54137	44
1.54151	45
1.54163	31
1.54175	31
1.54184	32
1.54194	33
1.54203	34
1.54215	35
1.54225	36
1.54236	37
1.54248	38
1.5426	39
1.54272	40
1.54285	41
1.54299	42
1.5431	43
1.54321	44
1.54333	45
1.54345	46
1.54356	47
1.54367	48
1.54378	49
1.54391	50
1.54404	34
1.54418	34
1.54431	35
1.54441	36
1.54451	37
1.54462	38
1.54473	39
1.54485	40
1.54497	41
1.54509	42
1.54521	43
1.54533	44
1.54546	45
1.54559	46
1.54573	30
1.54585	31
1.54593	32
1.54602	33
1.54611	34
1.54621	35
1.54632	36
1.54643	37
1.54655	38
1.54667	39
1.54679	40
1.54692	41
1.54705	42
1.54716	43
1.54728	44
1.54739	45
1.5475	46
1.54762	47
1.54774	48
1.54785	49
1.54798	32
1.54811	33
1.54824	34
1.54835	35
1.54846	36
1.54857	37
1.54868	38
1.54878	39
1.54889	40
1.549	41
1.54912	42
1.54924	43
1.54937	44
1.54949	45
1.54962	30
1.54975	31
1.54984	32
1.54993	33
1.55003	34
1.55013	35
1.55023	36
1.55034	37
1.55046	38
1.55058	39
1.55071	40
1.55084	41
1.55096	42
1.55108	43
1.5512	44
1.55131	45
1.55142	46
1.55154	47
1.55166	48
1.55176	49
1.55189	32
1.55203	33
1.55215	34
1.55228	35
1.55238	36
1.55249	37
1.5526	38
1.55272	39
1.55283	40
1.55294	41
1.55305	42
1.55317	43
1.55329	44
1.55343	45
1.55355	46
1.55367	47
1.55379	48
1.55392	49
1.55405	33
1.55417	34
1.55428	35
1.55439	36
1.5545	37
1.55463	38
1.55476	39
1.55489	40
1.555	41
1.55512	42
1.55524	43
1.55536	44
1.55548	45
1.55559	46
1.55572	47
1.55581	48
1.55594	33
1.55608	33
1.5562	34
1.5563	35
1.5564	36
1.55651	37
1.55662	38
1.55674	39
1.55686	40
1.55698	41
1.55709	42
1.55721	43
1.55734	44
1.55747	45
1.5576	46
1.55772	47
1.55783	48
1.55795	49
1.55806	50
1.5582	34
1.55832	34
1.55843	35
1.55853	36
1.55865	37
1.55877	38
1.5589	39
1.55903	40
1.55915	41
1.55926	42
1.55938	43
1.5595	44
1.55962	45
1.55974	46
1.55984	47
1.55996	48
1.5601	33
1.56023	33
1.56035	34
1.56045	35
1.56055	36
1.56066	37
1.56077	38
1.56089	39
1.56101	40
1.56112	41
1.56124	42
1.56137	43
1.5615	44
1.56163	45
1.56174	46
1.56185	47
1.56198	48
1.5621	49
1.5622	50
1.56233	34
1.56245	34
1.56256	35
1.56267	36
1.56279	37
1.56291	38
1.56304	39
1.56317	40
1.56329	41
1.5634	42
1.56352	43
1.56364	44
1.56376	45
1.56387	46
1.56397	47
1.56409	48
1.56423	33
1.56436	34
1.56448	35
1.5646	36
1.5647	37
1.56481	38
1.56492	39
1.56504	40
1.56517	41
1.56528	42
1.5654	43
1.56553	44
1.56566	45
1.56579	46
1.56591	32
1.56603	32
1.56613	33
1.56624	34
1.56632	35
1.56643	36
1.56655	37
1.56666	38
1.56677	39
1.56689	40
1.56702	41
1.56715	42
1.56729	43
1.5674	44
1.56751	45
1.56764	46
1.56776	47
1.56788	48
1.568	49
1.56812	50
1.56822	35
1.56835	36
1.56847	37
1.5686	38
1.56873	39
1.56886	40
1.56897	41
1.56909	42
1.56921	43
1.56933	44
1.56945	45
1.56956	46
1.56969	47
1.56982	48
1.56995	34
1.57008	35
1.57021	36
1.57031	37
1.57039	38
1.5705	39
1.57062	40
1.57074	41
1.57086	42
1.57097	43
1.57109	44
1.57121	45
1.57134	46
1.57148	47
1.57162	33
1.57174	33
1.57184	34
1.57194	35
1.57205	36
1.57216	37
1.57228	38
1.57239	39
1.57247	40
1.57258	41
1.57271	42
1.57283	43
1.57296	44
1.57309	45
1.5732	46
1.57332	47
1.57344	48
1.57357	49
1.5737	34
1.57382	35
1.57393	36
1.57404	37
1.57416	38
1.57428	39
1.57441	40
1.57452	41
1.57464	42
1.57473	43
1.57485	44
1.57497	45
1.5751	46
1.57523	47
1.57535	48
1.57547	49
1.5756	35
1.57574	36
1.57585	37
1.57596	38
1.57608	39
1.5762	40
1.57631	41
1.57643	42
1.57655	43
1.57668	44
1.5768	45
1.57692	46
1.57704	47
1.57714	48
1.57726	34
1.57738	35
1.5775	36
1.57761	37
1.57773	38
1.57785	39
1.57796	40
1.57809	41
1.57821	42
1.57833	43
1.57845	44
1.57858	45
1.57871	46
1.57883	47
1.57896	48
1.57908	49
1.5792	50
1.57932	51
1.57945	36
1.57958	36
1.57968	37
1.57978	38
1.5799	39
1.58002	40
1.58014	41
1.58027	42
1.58038	43
1.58049	44
1.5806	45
1.58072	46
1.58085	47
1.58098	48
1.58111	34
1.58124	34
1.58135	35
1.58142	36
1.58154	37
1.58166	38
1.58177	39
1.58189	40
1.58199	41
1.58211	42
1.58223	43
1.58235	44
1.58248	45
1.58261	46
1.58274	47
1.58287	48
1.583	34
1.58312	34
1.58322	35
1.58332	36
1.58341	37
1.58352	38
1.58363	39
1.58375	40
1.58387	41
1.584	42
1.58411	43
1.58424	44
1.58437	45
1.58449	46
1.5846	47
1.58472	48
1.58484	49
1.58496	50
1.58509	51
1.58522	35
1.58536	36
1.58547	37
1.58554	38
1.58566	39
1.58578	40
1.5859	41
1.58603	42
1.58614	43
1.58625	44
1.58637	45
1.58649	46
1.58662	47
1.58676	33
1.58688	34
1.58699	35
1.58711	36
1.58722	37
1.58735	38
1.58746	39
1.58756	40
1.58766	41
1.58778	42
1.5879	43
1.58802	44
1.58816	45
1.58829	46
1.58841	47
1.58854	48
1.58867	34
1.58879	34
1.58889	35
1.58899	36
1.5891	37
1.58921	38
1.58933	39
1.58945	40
1.58958	41
1.58971	42
1.58983	43
1.58991	44
1.59004	45
1.59015	46
1.59026	47
1.59038	48
1.5905	49
1.59063	50
1.59076	35
1.5909	35
1.59102	36
1.59115	37
1.59126	38
1.59138	39
1.59149	40
1.59161	41
1.59171	42
1.59183	43
1.59194	44
1.59206	45
1.59219	46
1.59231	47
1.59245	32
1.59258	33
1.59268	34
1.59279	35
1.5929	36
1.59301	37
1.59313	38
1.59324	39
1.59335	40
1.59347	41
1.59359	42
1.59373	43
1.59386	44
1.59398	45
1.5941	46
1.59422	47
1.59434	48
1.59445	49
1.59457	50
1.5947	51
1.59483	34
1.59493	35
1.59505	36
1.59517	37
1.5953	38
1.59542	39
1.59553	40
1.59565	41
1.59577	42
1.59588	43
1.596	44
1.59612	45
1.59625	46
1.59636	47
1.59649	31
1.59662	32
1.59672	33
1.59682	34
1.59693	35
1.59704	36
1.59716	37
1.59727	38
1.59738	39
1.5975	40
1.59763	41
1.59776	42
1.59788	43
1.59801	44
1.59813	45
1.59825	46
1.59836	47
1.59848	48
1.59861	49
1.59874	50
1.59887	33
1.59896	33
1.59908	34
1.5992	35
1.59932	36
1.59944	37
1.59954	38
1.59966	39
1.59978	40
1.59989	41
1.60001	42
1.60012	43
1.60023	44
1.60036	45
1.6005	46
1.60062	30
1.60074	31
1.60085	32
1.60095	33
1.60106	34
1.60118	35
1.60129	36
1.6014	37
1.60152	38
1.60164	39
1.60177	40
1.60189	41
1.60201	42
1.60212	43
1.60224	44
1.60237	45
1.60249	46
1.60261	47
1.60269	48
1.60282	49
1.60296	32
1.6031	32
1.60322	33
1.60332	34
1.60342	35
1.60353	36
1.60365	37
1.60377	38
1.60388	39
1.604	40
1.60411	41
1.60422	42
1.60435	43
1.60447	44
1.60458	45
1.6047	46
1.60483	47
1.60496	48
1.60508	49
1.60521	50
1.60534	32
1.60548	33
1.6056	34
1.60572	35
1.60583	36
1.60594	37
1.60605	38
1.60617	39
1.6063	40
1.60641	41
1.60653	42
1.60666	43
1.60675	44
1.60688	45
1.60702	29
1.60714	30
1.60724	31
1.60735	32
1.60746	33
1.60757	34
1.60768	35
1.60779	36
1.60791	37
1.60803	38
1.60816	39
1.60829	40
1.6084	41
1.60852	42
1.60863	43
1.60875	44
1.60886	45
1.60898	46
1.6091	47
1.60922	48
1.60936	31
1.6095	32
1.60961	33
1.60971	34
1.60982	35
1.60993	36
1.61005	37
1.61017	38
1.61028	39
1.61039	40
1.6105	41
1.61062	42
1.61075	43
1.61088	44
1.61099	45
1.61111	46
1.61123	47
1.61136	48
1.61148	32
1.6116	32
1.61171	33
1.61182	34
1.61194	35
1.61206	36
1.61219	37
1.61231	38
1.61242	39
1.61253	40
1.61265	41
1.61277	42
1.61289	43
1.613	44
1.61311	45
1.61324	46
1.61336	47
1.61349	48
1.61362	49
1.61374	32
1.61387	33
1.61398	34
1.61409	35
1.61421	36
1.61434	37
1.61446	38
1.61458	39
1.6147	40
1.61482	41
1.61494	42
1.61506	43
1.61518	44
1.61527	45
1.6154	46
1.61552	47
1.61564	48
1.61577	49
1.6159	32
1.61603	33
1.61614	34
1.61625	35
1.61637	36
1.6165	37
1.61661	38
1.61673	39
1.61685	40
1.61697	41
1.61709	42
1.6172	43
1.61732	44
1.61744	45
1.61756	46
1.61768	47
1.61781	31
1.61793	31
1.61805	32
1.61816	33
1.61827	34
1.61838	35
1.6185	36
1.61861	37
1.61872	38
1.61884	39
1.61896	40
1.61909	41
1.61921	42
1.61934	43
1.61947	44
1.61958	45
1.6197	46
1.61979	47
1.61991	48
1.62004	49
1.62017	32
1.6203	33
1.62042	34
1.62053	35
1.62065	36
1.62077	37
1.62088	38
1.621	39
1.62111	40
1.62122	41
1.62134	42
1.62145	43
1.62158	44
1.62171	45
1.62184	30
1.62197	30
1.62207	31
1.62216	32
1.62225	33
1.62235	34
1.62246	35
1.62257	36
1.62268	37
1.62281	38
1.62293	39
1.62307	40
1.6232	41
1.62331	42
1.62342	43
1.62353	44
1.62364	45
1.62377	46
1.62389	47
1.62398	48
1.62411	31
1.62425	32
1.62436	33
1.62448	34
1.62458	35
1.62469	36
1.62481	37
1.62491	38
1.62503	39
1.62514	40
1.62525	41
1.62537	42
1.62551	43
1.62563	44
1.62576	45
1.62588	46
1.62599	47
1.6261	48
1.62622	49
1.62635	50
1.62648	34
1.62661	34
1.62673	35
1.62685	36
1.62698	37
1.6271	38
1.62723	39
1.62735	40
1.62745	41
1.62756	42
1.62768	43
1.6278	44
1.62788	45
1.62801	46
1.62813	47
1.62826	48
1.62839	49
1.62852	32
1.62866	33
1.62877	34
1.62887	35
1.62897	36
1.62909	37
1.6292	38
1.62932	39
1.62945	40
1.62957	41
1.62968	42
1.62981	43
1.62993	44
1.63005	45
1.63016	46
1.63028	47
1.6304	48
1.63053	49
1.63066	33
1.63078	34
1.63089	35
1.631	36
1.63112	37
1.63124	38
1.63137	39
1.63149	40
1.6316	41
1.63171	42
1.63183	43
1.63196	44
1.63207	45
1.63219	46
1.63232	47
1.63241	48
1.63254	32
1.63268	33
1.63279	34
1.6329	35
1.63302	36
1.63314	37
1.63326	38
1.63337	39
1.63348	40
1.6336	41
1.63372	42
1.63384	43
1.63397	44
1.6341	45
1.63422	46
1.63435	47
1.63447	31
1.63458	32
1.63467	33
1.63477	34
1.63488	35
1.63499	36
1.6351	37
1.63522	38
1.63535	39
1.63547	40
1.63559	41
1.63571	42
1.63585	43
1.63595	44
1.63607	45
1.63618	46
1.6363	47
1.63639	48
1.63652	49
1.63666	32
1.63679	33
1.6369	34
1.63701	35
1.63713	36
1.63724	37
1.63736	38
1.63747	39
1.63758	40
1.6377	41
1.63782	42
1.63795	43
1.63807	44
1.63819	45
1.63831	46
1.63843	47
1.63855	48
1.63868	49
1.63882	32
1.63894	33
1.63904	34
1.63915	35
1.63927	36
1.63939	37
1.63952	38
1.63964	39
1.63974	40
1.63986	41
1.63998	42
1.6401	43
1.64023	44
1.64035	45
1.64046	46
1.64056	47
1.6407	48
1.64083	31
1.64094	32
1.64104	33
1.64114	34
1.64125	35
1.64136	36
1.64148	37
1.6416	38
1.64172	39
1.64184	40
1.64196	41
1.64209	42
1.64222	43
1.64232	44
1.64243	45
1.64254	46
1.64265	47
1.64278	48
1.64291	49
1.64304	31
1.64318	32
1.64329	33
1.64339	34
1.6435	35
1.64361	36
1.64373	37
1.64385	38
1.64396	39
1.64408	40
1.6442	41
1.64433	42
1.64444	43
1.64453	44
1.64465	45
1.64476	46
1.64489	47
1.64501	48
1.64515	31
1.64527	32
1.64537	33
1.64548	34
1.6456	35
1.64572	36
1.64585	37
1.64596	38
1.64607	39
1.64618	40
1.6463	41
1.64642	42
1.64655	43
1.64666	44
1.64676	45
1.64688	46
1.64701	47
1.64714	48
1.64727	49
1.6474	32
1.64752	32
1.64763	33
1.64774	34
1.64786	35
1.64797	36
1.64809	37
1.6482	38
1.64833	39
1.64844	40
1.64856	41
1.64868	42
1.6488	43
1.64889	44
1.64902	45
1.64914	46
1.64928	47
1.6494	31
1.64952	32
1.64962	33
1.64972	34
1.64983	35
1.64995	36
1.65007	37
1.65019	38
1.65032	39
1.65044	40
1.65055	41
1.65067	42
1.65079	43
1.65091	44
1.65101	45
1.65112	46
1.65124	47
1.65137	48
1.65151	32
1.65165	32
1.65176	33
1.65186	34
1.65197	35
1.65208	36
1.6522	37
1.65232	38
1.65243	39
1.65255	40
1.65267	41
1.65279	42
1.65291	43
1.65304	44
1.65314	45
1.65326	46
1.65338	47
1.65351	48
1.65363	49
1.65375	50
1.65388	34
1.65401	35
1.65413	36
1.65425	37
1.65437	38
1.65449	39
1.65461	40
1.65473	41
1.65485	42
1.65497	43
1.65508	44
1.6552	45
1.6553	46
1.65543	47
1.65556	32
1.65568	33
1.65579	34
1.65591	35
1.65603	36
1.65616	37
1.65627	38
1.65639	39
1.6565	40
1.65662	41
1.65674	42
1.65686	43
1.65698	44
1.6571	45
1.65722	46
1.65735	47
1.65749	33
1.65761	33
1.65771	34
1.65781	35
1.65791	36
1.65799	37
1.65811	38
1.65823	39
1.65836	40
1.65847	41
1.65859	42
1.65872	43
1.65885	44
1.65897	45
1.65908	46
1.6592	47
1.65932	48
1.65942	49
1.65956	34
1.65968	35
1.65979	36
1.6599	37
1.66002	38
1.66014	39
1.66027	40
1.6604	41
1.66051	42
1.66062	43
1.66074	44
1.66087	45
1.66099	46
1.66111	47
1.66123	48
1.66136	49
1.66149	34
1.66163	34
1.66175	35
1.66185	36
1.66195	37
1.66205	38
1.66217	39
1.66226	40
1.66239	41
1.6625	42
1.66262	43
1.66274	44
1.66287	45
1.66301	46
1.66315	31
1.66326	32
1.66336	33
1.66347	34
1.66357	35
1.66368	36
1.66378	37
1.66389	38
1.66401	39
1.66413	40
1.66425	41
1.66438	42
1.66451	43
1.66463	44
1.66474	45
1.66487	46
1.66499	47
1.66511	48
1.66523	49
1.66536	50
1.66548	33
1.66561	34
1.66573	35
1.66586	36
1.66596	37
1.66606	38
1.66618	39
1.66629	40
1.66641	41
1.66652	42
1.66664	43
1.66676	44
1.66687	45
1.66701	46
1.66714	31
1.66727	32
1.66737	33
1.66748	34
1.66759	35
1.6677	36
1.66782	37
1.66792	38
1.66804	39
1.66816	40
1.66828	41
1.66841	42
1.66854	43
1.66865	44
1.66876	45
1.66888	46
1.66901	47
1.66914	48
1.66926	32
1.66939	33
1.66948	34
1.66959	35
1.66971	36
1.66984	37
1.66996	38
1.67008	39
1.67019	40
1.6703	41
1.67042	42
1.67054	43
1.67065	44
1.67077	45
1.67087	46
1.671	47
1.67113	32
1.67125	33
1.67136	34
1.67148	35
1.6716	36
1.67172	37
1.67183	38
1.67195	39
1.67206	40
1.67217	41
1.67229	42
1.67242	43
1.67255	44
1.67267	45
1.67279	46
1.67292	47
1.67306	33
1.67318	33
1.67328	34
1.67337	35
1.67347	36
1.67358	37
1.67369	38
1.67381	39
1.67394	40
1.67406	41
1.67418	42
1.67431	43
1.67444	44
1.67456	45
1.67467	46
1.67479	47
1.6749	48
1.67501	49
1.67513	50
1.67527	34
1.67539	35
1.6755	36
1.67561	37
1.67573	38
1.67585	39
1.67598	40
1.6761	41
1.67621	42
1.67632	43
1.67644	44
1.67656	45
1.67668	46
1.67681	47
1.67693	48
1.67706	49
1.67719	34
1.67732	35
1.67742	36
1.67753	37
1.67763	38
1.67773	39
1.67784	40
1.67796	41
1.67808	42
1.67821	43
1.67833	44
1.67845	45
1.67858	46
1.67871	47
1.67885	33
1.67896	34
1.67906	35
1.67915	36
1.67926	37
1.67935	38
1.67947	39
1.67959	40
1.67971	41
1.67982	42
1.67994	43
1.68007	44
1.6802	45
1.68034	46
1.68045	33
1.68056	34
1.68067	35
1.68077	36
1.68088	37
1.68099	38
1.68111	39
1.68123	40
1.68134	41
1.68144	42
1.68156	43
1.68169	44
1.68182	45
1.68193	46
1.68205	47
1.68217	48
1.68229	49
1.68242	50
1.68256	35
1.68268	36
1.68279	37
1.68291	38
1.68302	39
1.68315	40
1.68328	41
1.68339	42
1.68349	43
1.68359	44
1.68371	45
1.68383	46
1.68396	47
1.68408	48
1.6842	49
1.68433	50
1.68446	35
1.6846	35
1.68471	36
1.68482	37
1.68493	38
1.68503	39
1.68515	40
1.68526	41
1.68538	42
1.6855	43
1.68562	44
1.68574	45
1.68586	46
1.68599	47
1.68612	32
1.68624	33
1.68632	34
1.68643	35
1.68653	36
1.68664	37
1.68676	38
1.68688	39
1.687	40
1.68712	41
1.68724	42
1.68737	43
1.6875	44
1.68761	45
1.68772	46
1.68784	47
1.68796	48
1.68809	49
1.68822	50
1.68834	34
1.68846	35
1.68856	36
1.68868	37
1.6888	38
1.68892	39
1.68905	40
1.68917	41
1.68928	42
1.68939	43
1.68951	44
1.68963	45
1.68975	46
1.68989	47
1.68998	33
1.6901	33
1.69021	34
1.69032	35
1.69045	36
1.69057	37
1.69067	38
1.69078	39
1.69089	40
1.691	41
1.69113	42
1.69125	43
1.69138	44
1.6915	45
1.69163	46
1.69176	47
1.6919	33
1.69201	34
1.6921	35
1.69219	36
1.69229	37
1.6924	38
1.69252	39
1.69263	40
1.69276	41
1.69287	42
1.69299	43
1.69312	44
1.69325	45
1.69337	46
1.69348	47
1.69359	48
1.6937	49
1.6938	50
1.69392	51
1.69405	35
1.69419	36
1.69429	37
1.69441	38
1.69452	39
1.69464	40
1.69477	41
1.6949	42
1.69502	43
1.69513	44
1.69524	45
1.69536	46
1.69549	47
1.69562	48
1.69574	49
1.69586	50
1.69599	35
1.69612	36
1.69624	37
1.69636	38
1.69648	39
1.69658	40
1.69668	41
1.6968	42
1.69692	43
1.69704	44
1.69717	45
1.69729	46
1.69742	47
1.69755	48
1.69768	34
1.69782	35
1.69792	36
1.69802	37
1.69812	38
1.69823	39
1.6983	40
1.69842	41
1.69854	42
1.69867	43
1.69879	44
1.69892	45
1.69905	46
1.69917	47
1.69929	48
1.69941	49
1.69952	50
1.69965	51
1.69978	37
1.69991	37
1.70003	38
1.70014	39
1.70025	40
1.70037	41
1.70049	42
1.70062	43
1.70074	44
1.70084	45
1.70096	46
1.70108	47
1.7012	48
1.70133	49
1.70146	35
1.70158	35
1.70168	36
1.7018	37
1.70191	38
1.70204	39
1.70215	40
1.70227	41
1.70239	42
1.7025	43
1.70262	44
1.70274	45
1.70287	46
1.70296	47
1.70309	33
1.70321	34
1.70331	35
1.70342	36
1.70353	37
1.70364	38
1.70376	39
1.70388	40
1.704	41
1.70412	42
1.70424	43
1.70437	44
1.7045	45
1.70461	46
1.70473	47
1.70485	48
1.70497	49
1.7051	35
1.70524	36
1.70534	37
1.70545	38
1.70556	39
1.70568	40
1.7058	41
1.70593	42
1.70605	43
1.70616	44
1.70628	45
1.70641	46
1.70653	47
1.70666	48
1.70679	34
1.70691	35
1.70702	36
1.70709	37
1.70721	38
1.70733	39
1.70745	40
1.70756	41
1.70767	42
1.70778	43
1.70791	44
1.70803	45
1.70817	46
1.70829	47
1.70842	48
1.70855	49
1.70868	34
1.70881	35
1.70891	36
1.70901	37
1.70911	38
1.70922	39
1.70934	40
1.70946	41
1.70958	42
1.70971	43
1.70983	44
1.70995	45
1.71009	46
1.71022	33
1.71033	33
1.71043	34
1.71053	35
1.71064	36
1.71075	37
1.71086	38
1.71098	39
1.71111	40
1.71122	41
1.71129	42
1.71141	43
1.71154	44
1.71166	45
1.71178	46
1.7119	47
1.71201	48
1.71214	49
1.71226	50
1.7124	35
1.71253	36
1.71264	37
1.71275	38
1.71287	39
1.71299	40
1.71311	41
1.71323	42
1.71334	43
1.71345	44
1.71357	45
1.71369	46
1.71382	47
1.71395	34
1.71408	35
1.71419	36
1.7143	37
1.71442	38
1.71455	39
1.71466	40
1.71476	41
1.71487	42
1.71498	43
1.7151	44
1.71522	45
1.71535	46
1.71548	47
1.71561	34
1.71574	35
1.71585	36
1.71598	37
1.7161	38
1.71616	39
1.71627	40
1.71637	41
1.71649	42
1.71661	43
1.71673	44
1.71686	45
1.71699	46
1.71711	34
1.71724	34
1.71736	35
1.71747	36
1.71758	37
1.71769	38
1.71779	39
1.71791	40
1.71802	41
1.71814	42
1.71827	43
1.7184	44
1.71852	45
1.71865	46
1.71878	47
1.7189	35
1.71902	36
1.71912	37
1.71923	38
1.71934	39
1.71946	40
1.71958	41
1.7197	42
1.71983	43
1.71995	44
1.72008	45
1.72019	46
1.72031	47
1.72044	48
1.72055	49
1.72064	50
1.72076	51
1.72089	37
1.72102	38
1.72115	39
1.72127	40
1.72139	41
1.7215	42
1.72162	43
1.72174	44
1.72186	45
1.72199	46
1.72211	47
1.72223	48
1.72235	49
1.72249	36
1.72263	37
1.72275	38
1.72285	39
1.72296	40
1.72307	41
1.72319	42
1.72331	43
1.72344	44
1.72355	45
1.72368	46
1.7238	47
1.72393	48
1.72406	34
1.72419	35
1.72429	36
1.7244	37
1.7245	38
1.72462	39
1.72474	40
1.72486	41
1.72498	42
1.7251	43
1.72522	44
1.72535	45
1.72543	46
1.72555	47
1.72568	48
1.7258	49
1.72592	50
1.72605	51
1.72618	36
1.72632	37
1.72644	38
1.72655	39
1.72666	40
1.72678	41
1.72689	42
1.72701	43
1.72713	44
1.72726	45
1.72738	46
1.7275	47
1.72763	48
1.72775	34
1.72789	35
1.72799	36
1.7281	37
1.7282	38
1.72831	39
1.72843	40
1.72855	41
1.72867	42
1.72879	43
1.72891	44
1.72904	45
1.72917	46
1.72929	47
1.72941	48
1.72952	49
1.72964	50
1.72977	51
1.7299	36
1.73004	36
1.73016	37
1.73027	38
1.73038	39
1.7305	40
1.7306	41
1.73071	42
1.73083	43
1.73096	44
1.73107	45
1.73118	46
1.7313	47
1.73143	48
1.73156	34
1.7317	34
1.73179	35
1.73189	36
1.73199	37
1.7321	38
1.73222	39
1.73234	40
1.73246	41
1.73258	42
1.7327	43
1.73283	44
1.73296	45
1.73309	46
1.7332	33
1.73331	33
1.7334	34
1.73351	35
1.73362	36
1.73373	37
1.73385	38
1.73397	39
1.7341	40
1.73422	41
1.73434	42
1.73445	43
1.73457	44
1.7347	45
1.73481	46
1.73493	47
1.73505	48
1.73517	49
1.73527	34
1.7354	35
1.73552	36
1.73564	37
1.73574	38
1.73585	39
1.73597	40
1.73609	41
1.73621	42
1.73632	43
1.73644	44
1.73657	45
1.7367	46
1.73683	47
1.73695	32
1.73707	33
1.73717	34
1.73728	35
1.73739	36
1.7375	37
1.73762	38
1.73775	39
1.73786	40
1.73798	41
1.73811	42
1.73824	43
1.73836	44
1.73848	45
1.7386	46
1.73872	47
1.73884	48
1.73897	49
1.73909	33
1.73922	34
1.73933	35
1.73939	36
1.73951	37
1.73963	38
1.73975	39
1.73987	40
1.74	41
1.74012	42
1.74024	43
1.74036	44
1.74048	45
1.7406	46
1.74072	47
1.74084	48
1.74096	33
1.74109	34
1.7412	35
1.74132	36
1.74144	37
1.74156	38
1.74168	39
1.7418	40
1.74191	41
1.74203	42
1.74215	43
1.74228	44
1.7424	45
1.74252	46
1.74265	47
1.74278	48
1.74292	33
1.74304	34
1.74313	35
1.74323	36
1.74334	37
1.74345	38
1.74353	39
1.74365	40
1.74378	41
1.74389	42
1.74401	43
1.74414	44
1.74427	45
1.74441	32
1.74452	32
1.74462	33
1.74472	34
1.74483	35
1.74493	36
1.74505	37
1.74516	38
1.74527	39
1.74539	40
1.74551	41
1.74564	42
1.74577	43
1.74589	44
1.746	45
1.74612	46
1.74625	47
1.74638	48
1.7465	49
1.74662	50
1.74675	36
1.74688	36
1.747	37
1.74711	38
1.74722	39
1.74735	40
1.74747	41
1.74759	42
1.7477	43
1.74781	44
1.74792	45
1.74801	46
1.74814	47
1.74827	48
1.74841	34
1.74853	34
1.74864	35
1.74876	36
1.74888	37
1.74899	38
1.74911	39
1.74922	40
1.74933	41
1.74945	42
1.74957	43
1.74969	44
1.74982	45
1.74994	46
1.75007	47
1.7502	48
1.75033	34
1.75046	35
1.75057	36
1.75067	37
1.75078	38
1.75089	39
1.75101	40
1.75113	41
1.75124	42
1.75136	43
1.75148	44
1.75161	45
1.75174	46
1.75187	33
1.752	33
1.7521	34
1.75219	35
1.75229	36
1.7524	37
1.75252	38
1.75264	39
1.75275	40
1.75286	41
1.75299	42
1.75311	43
1.75322	44
1.75334	45
1.75347	46
1.75359	47
1.75371	48
1.75384	49
1.75397	35
1.75409	36
1.7542	37
1.75432	38
1.75444	39
1.75457	40
1.75468	41
1.7548	42
1.75493	43
1.75506	44
1.75517	45
1.75529	46
1.75541	47
1.75553	48
1.75565	49
1.75579	35
1.75591	36
1.756	37
1.75612	38
1.75623	39
1.75636	40
1.75648	41
1.75661	42
1.75672	43
1.75683	44
1.75695	45
1.75707	46
1.7572	47
1.75733	34
1.75745	35
1.75756	36
1.75768	37
1.7578	38
1.75792	39
1.75805	40
1.75815	41
1.75826	42
1.75837	43
1.75849	44
1.75862	45
1.75875	46
1.75889	34
1.75901	35
1.75913	36
1.75925	37
1.75937	38
1.75949	39
1.75959	40
1.7597	41
1.75981	42
1.75993	43
1.76002	44
1.76015	45
1.76028	46
1.7604	34
1.76053	35
1.76064	36
1.76075	37
1.76086	38
1.76098	39
1.76109	40
1.7612	41
1.76131	42
1.76143	43
1.76155	44
1.76168	45
1.76181	46
1.76194	35
1.76206	35
1.76216	36
1.76227	37
1.76239	38
1.7625	39
1.76263	40
1.76274	41
1.76286	42
1.76298	43
1.76311	44
1.76324	45
1.76336	46
1.76348	47
1.76359	48
1.76371	49
1.76384	50
1.76397	37
1.7641	38
1.76421	39
1.76432	40
1.76443	41
1.76453	42
1.76466	43
1.76479	44
1.76489	45
1.76501	46
1.76513	47
1.76525	48
1.76538	49
1.76551	36
1.76563	37
1.76574	38
1.76585	39
1.76596	40
1.76608	41
1.76621	42
1.76634	43
1.76644	44
1.76656	45
1.76668	46
1.76681	47
1.76694	48
1.76706	35
1.76719	36
1.7673	37
1.76742	38
1.76754	39
1.76767	40
1.76778	41
1.76789	42
1.768	43
1.76812	44
1.76824	45
1.76836	46
1.76849	47
1.76861	35
1.76874	35
1.76885	36
1.76897	37
1.76909	38
1.7692	39
1.76931	40
1.7694	41
1.76951	42
1.76963	43
1.76975	44
1.76987	45
1.77	46
1.77012	47
1.77024	48
1.77037	36
1.77051	37
1.77063	38
1.77073	39
1.77083	40
1.77094	41
1.77106	42
1.77118	43
1.7713	44
1.77143	45
1.77155	46
1.77167	47
1.7718	48
1.77193	36
1.77206	37
1.77217	38
1.77228	39
1.77239	40
1.7725	41
1.77262	42
1.77274	43
1.77287	44
1.77299	45
1.77311	46
1.77324	47
1.77337	48
1.77349	35
1.77362	36
1.77371	37
1.77381	38
1.77392	39
1.77403	40
1.77415	41
1.77427	42
1.7744	43
1.77451	44
1.77463	45
1.77475	46
1.77489	47
1.77501	35
1.77512	36
1.77522	37
1.77533	38
1.77544	39
1.77556	40
1.77568	41
1.77581	42
1.77594	43
1.77606	44
1.77619	45
1.77632	46
1.77643	47
1.77655	48
1.77666	49
1.77679	50
1.77692	51
1.77705	37
1.77718	38
1.7773	39
1.77742	40
1.77753	41
1.77766	42
1.77778	43
1.7779	44
1.77799	45
1.7781	46
1.77822	47
1.77834	48
1.77847	49
1.7786	36
1.77873	36
1.77886	37
1.77896	38
1.77907	39
1.77918	40
1.77931	41
1.77942	42
1.77953	43
1.77964	44
1.77975	45
1.77987	46
1.78	47
1.78013	48
1.78027	34
1.7804	35
1.78051	36
1.78062	37
1.78073	38
1.78084	39
1.78096	40
1.78107	41
1.78118	42
1.7813	43
1.78142	44
1.78155	45
1.78168	46
1.78181	32
1.78193	33
1.78203	34
1.78213	35
1.78224	36
1.78236	37
1.78248	38
1.78258	39
1.78268	40
1.78279	41
1.78291	42
1.78304	43
1.78317	44
1.78329	45
1.78339	46
1.78351	47
1.78363	48
1.78376	49
1.78389	35
1.78402	35
1.78412	36
1.78423	37
1.78435	38
1.78447	39
1.7846	40
1.78473	41
1.78484	42
1.78495	43
1.78507	44
1.78519	45
1.78532	46
1.78543	47
1.78555	48
1.78567	49
1.78581	35
1.78594	36
1.78606	37
1.78616	38
1.78626	39
1.78637	40
1.78648	41
1.78659	42
1.78671	43
1.78683	44
1.78695	45
1.78707	46
1.7872	47
1.78733	48
1.78746	34
1.78759	35
1.78769	36
1.78779	37
1.78789	38
1.78799	39
1.78811	40
1.78823	41
1.78836	42
1.78847	43
1.7886	44
1.78872	45
1.78886	46
1.78898	47
1.78909	48
1.78921	49
1.78934	50
1.78946	51
1.7896	35
1.78974	36
1.78983	37
1.78994	38
1.79006	39
1.79018	40
1.79029	41
1.79041	42
1.79053	43
1.79065	44
1.79076	45
1.79089	46
1.79101	47
1.79115	48
1.79129	33
1.7914	33
1.79149	34
1.79158	35
1.79169	36
1.7918	37
1.79191	38
1.79202	39
1.79215	40
1.79226	41
1.79238	42
1.7925	43
1.79263	44
1.79276	45
1.79287	46
1.79298	47
1.7931	48
1.79323	49
1.79336	34
1.79349	35
1.7936	36
1.79371	37
1.79383	38
1.79395	39
1.79407	40
1.79418	41
1.7943	42
1.79441	43
1.79452	44
1.79464	45
1.79476	46
1.79489	47
1.79501	33
1.79513	34
1.79524	35
1.79535	36
1.79548	37
1.79559	38
1.79571	39
1.79583	40
1.79593	41
1.79605	42
1.79617	43
1.79629	44
1.79642	45
1.79654	46
1.79666	47
1.79679	48
1.79692	34
1.79704	35
1.79715	36
1.79727	37
1.79738	38
1.79751	39
1.79762	40
1.79774	41
1.79787	42
1.798	43
1.79812	44
1.79823	45
1.79834	46
1.79846	47
1.79858	48
1.7987	49
1.79882	35
1.79895	35
1.79905	36
1.79916	37
1.79927	38
1.79939	39
1.79952	40
1.79964	41
1.79975	42
1.79986	43
1.79998	44
1.8001	45
1.80023	46
1.80036	47
1.80048	33
1.80061	34
1.80072	35
1.80084	36
1.80096	37
1.80106	38
1.80116	39
1.80127	40
1.80138	41
1.8015	42
1.80161	43
1.80174	44
1.80188	45
1.802	46
1.80213	47
1.80226	48
1.80238	33
1.80249	34
1.80259	35
1.80269	36
1.80279	37
1.80288	38
1.80299	39
1.80311	40
1.80324	41
1.80337	42
1.80349	43
1.80361	44
1.80374	45
1.80387	46
1.80398	47
1.80409	48
1.8042	49
1.80433	50
1.80445	51
1.80459	35
1.80472	35
1.80484	36
1.80497	37
1.80508	38
1.8052	39
1.80533	40
1.80544	41
1.80554	42
1.80565	43
1.80577	44
1.80589	45
1.80601	46
1.80614	47
1.80627	33
1.80639	33
1.8065	34
1.80662	35
1.80674	36
1.80686	37
1.80696	38
1.80705	39
1.80715	40
1.80725	41
1.80737	42
1.80749	43
1.80762	44
1.80775	45
1.80787	46
1.808	47
1.80813	48
1.80825	33
1.80836	34
1.80846	35
1.80856	36
1.80867	37
1.80878	38
1.80889	39
1.80902	40
1.80914	41
1.80926	42
1.80938	43
1.80951	44
1.80964	45
1.80975	46
1.80986	47
1.80997	48
1.81008	49
1.81021	50
1.81034	35
1.81048	36
1.81059	37
1.8107	38
1.81082	39
1.81094	40
1.81106	41
1.81119	42
1.8113	43
1.81141	44
1.81152	45
1.81164	46
1.81176	47
1.81189	48
1.81201	33
1.81213	34
1.81223	35
1.81235	36
1.81247	37
1.8126	38
1.81271	39
1.81282	40
1.81293	41
1.81304	42
1.81317	43
1.81329	44
1.81342	45
1.81354	46
1.81366	47
1.81379	48
1.81392	33
1.81405	34
1.81415	35
1.81424	36
1.81435	37
1.81446	38
1.81457	39
1.81469	40
1.81482	41
1.81493	42
1.81505	43
1.81517	44
1.8153	45
1.81542	46
1.81553	47
1.81564	48
1.81576	49
1.81588	50
1.81597	51
1.8161	35
1.81624	36
1.81636	37
1.81647	38
1.81659	39
1.81671	40
1.81684	41
1.81696	42
1.81706	43
1.81718	44
1.81729	45
1.81741	46
1.81754	47
1.81767	48
1.81781	32
1.81793	33
1.81804	34
1.81816	35
1.81827	36
1.81839	37
1.8185	38
1.8186	39
1.81871	40
1.81883	41
1.81895	42
1.81907	43
1.8192	44
1.81932	45
1.81944	46
1.81957	47
1.8197	48
1.81982	32
1.81995	33
1.82004	34
1.82013	35
1.82024	36
1.82033	37
1.82044	38
1.82056	39
1.82069	40
1.82081	41
1.82093	42
1.82105	43
1.82118	44
1.8213	45
1.82141	46
1.82152	47
1.82164	48
1.82176	49
1.82189	50
1.82202	33
1.82215	33
1.82224	34
1.82235	35
1.82247	36
1.82259	37
1.8227	38
1.82281	39
1.82293	40
1.82304	41
1.82316	42
1.82328	43
1.8234	44
1.82353	45
1.82366	46
1.82378	30
1.82391	31
1.824	32
1.8241	33
1.82421	34
1.82432	35
1.82443	36
1.82453	37
1.82464	38
1.82475	39
1.82487	40
1.825	41
1.82513	42
1.82525	43
1.82536	44
1.82547	45
1.82559	46
1.82571	47
1.82584	48
1.82596	32
1.82608	33
1.82619	34
1.82631	35
1.82643	36
1.82655	37
1.82667	38
1.82678	39
1.82688	40
1.82699	41
1.82711	42
1.82723	43
1.82734	44
1.82745	45
1.82757	46
1.8277	47
1.82783	48
1.82796	31
1.82809	32
1.82818	33
1.82828	34
1.82839	35
1.82849	36
1.82861	37
1.82872	38
1.82883	39
1.82894	40
1.82906	41
1.82919	42
1.82932	43
1.82943	44
1.82955	45
1.82966	46
1.82977	47
1.8299	48
1.83003	49
1.83016	32
1.83029	32
1.8304	33
1.83051	34
1.83063	35
1.83076	36
1.83088	37
1.83098	38
1.83109	39
1.8312	40
1.83131	41
1.83143	42
1.83155	43
1.83164	44
1.83176	45
1.83188	46
1.83201	47
1.83215	30
1.83229	31
1.83238	32
1.83248	33
1.83258	34
1.83269	35
1.8328	36
1.83292	37
1.83302	38
1.83314	39
1.83325	40
1.83338	41
1.8335	42
1.83363	43
1.83374	44
1.83385	45
1.83397	46
1.83409	47
1.83422	48
1.83434	49
1.83446	50
1.83458	51
1.83471	33
1.83485	34
1.83497	35
1.83509	36
1.8352	37
1.83531	38
1.83542	39
1.83553	40
1.83563	41
1.83573	42
1.83585	43
1.83597	44
1.83609	45
1.83621	46
1.83634	47
1.83647	30
1.8366	31
1.8367	32
1.8368	33
1.83691	34
1.83702	35
1.83713	36
1.83725	37
1.83737	38
1.83748	39
1.8376	40
1.83773	41
1.83786	42
1.83798	43
1.83809	44
1.8382	45
1.83832	46
1.83845	47
1.83857	48
1.83869	31
1.83882	31
1.83893	32
1.83904	33
1.83916	34
1.83928	35
1.83938	36
1.8395	37
1.83961	38
1.83972	39
1.83983	40
1.83994	41
1.84004	42
1.84016	43
1.84028	44
1.84041	45
1.84054	46
1.84066	47
1.84079	48
1.8409	49
1.84102	50
1.84115	51
1.84128	32
1.84141	33
1.84152	34
1.84162	35
1.84173	36
1.84185	37
1.84197	38
1.8421	39
1.84221	40
1.84232	41
1.84243	42
1.84255	43
1.84267	44
1.8428	45
1.84291	46
1.84304	47
1.84316	48
1.8433	31
1.84342	32
1.84353	33
1.84363	34
1.84374	35
1.84384	36
1.84395	37
1.84407	38
1.84419	39
1.84432	40
1.84443	41
1.84455	42
1.84468	43
1.84481	44
1.84489	45
1.845	46
1.84512	47
1.84524	48
1.84536	49
1.84549	32
1.84563	33
1.84575	34
1.84586	35
1.84597	36
1.84609	37
1.84622	38
1.84632	39
1.84643	40
1.84654	41
1.84666	42
1.84679	43
1.84691	44
1.84703	45
1.84715	46
1.84728	47
1.84741	48
1.84753	31
1.84765	32
1.84774	33
1.84785	34
1.84796	35
1.84807	36
1.84819	37
1.8483	38
1.84843	39
1.84855	40
1.84867	41
1.8488	42
1.84892	43
1.84902	44
1.84914	45
1.84925	46
1.84932	47
1.84945	48
1.84958	49
1.84972	31
1.84986	32
1.84998	33
1.85008	34
1.85018	35
1.85028	36
1.85038	37
1.85049	38
1.8506	39
1.85071	40
1.85083	41
1.85096	42
1.85109	43
1.85122	44
1.85135	29
1.85146	30
1.85155	31
1.85165	32
1.85175	33
1.85185	34
1.85196	35
1.85208	36
1.8522	37
1.85232	38
1.85245	39
1.85259	40
1.8527	41
1.8528	42
1.8529	43
1.85302	44
1.85313	45
1.85325	46
1.85334	47
1.85346	48
1.8536	31
1.85373	32
1.85385	33
1.85395	34
1.85405	35
1.85416	36
1.85428	37
1.85439	38
1.8545	39
1.85461	40
1.85472	41
1.85484	42
1.85497	43
1.8551	44
1.85522	45
1.85534	46
1.85546	47
1.85558	48
1.85571	49
1.85583	32
1.85596	33
1.85607	34
1.85618	35
1.8563	36
1.85642	37
1.85654	38
1.85666	39
1.85677	40
1.85689	41
1.85701	42
1.85713	43
1.85726	44
1.85732	45
1.85744	46
1.85757	47
1.85769	48
1.85783	31
1.85796	31
1.85805	32
1.85815	33
1.85825	34
1.85836	35
1.85847	36
1.85859	37
1.85872	38
1.85883	39
1.85895	40
1.85907	41
1.8592	42
1.85931	43
1.85942	44
1.85954	45
1.85966	46
1.85978	47
1.85991	48
1.86004	31
1.86017	32
1.86028	33
1.86039	34
1.86051	35
1.86063	36
1.86075	37
1.86085	38
1.86096	39
1.86107	40
1.86119	41
1.86131	42
1.86137	43
1.86149	44
1.86162	45
1.86174	46
1.86187	47
1.86201	31
1.86212	31
1.86221	32
1.86231	33
1.86241	34
1.86252	35
1.86263	36
1.86275	37
1.86288	38
1.86301	39
1.86313	40
1.86326	41
1.86339	42
1.86349	43
1.8636	44
1.86372	45
1.86384	46
1.86397	47
1.8641	48
1.86424	31
1.86436	32
1.86447	33
1.86459	34
1.86471	35
1.86483	36
1.86493	37
1.86503	38
1.86515	39
1.86526	40
1.86539	41
1.86551	42
1.86556	43
1.8657	44
1.86582	45
1.86595	46
1.86608	47
1.86619	31
1.8663	32
1.8664	33
1.8665	34
1.86661	35
1.86673	36
1.86685	37
1.86697	38
1.8671	39
1.86724	40
1.86735	41
1.86745	42
1.86756	43
1.86767	44
1.86779	45
1.86791	46
1.86803	47
1.86817	48
1.8683	32
1.86844	32
1.86857	33
1.86867	34
1.86877	35
1.86889	36
1.869	37
1.86911	38
1.86923	39
1.86934	40
1.86947	41
1.86959	42
1.86972	43
1.86983	44
1.8699	45
1.87002	46
1.87014	47
1.87026	48
1.87039	49
1.87051	33
1.87063	34
1.87074	35
1.87086	36
1.87098	37
1.8711	38
1.87122	39
1.87134	40
1.87145	41
1.87156	42
1.87168	43
1.87181	44
1.87192	45
1.87204	46
1.87216	47
1.87229	48
1.87243	33
1.87255	33
1.87266	34
1.87278	35
1.8729	36
1.87302	37
1.87314	38
1.87326	39
1.87337	40
1.87348	41
1.8736	42
1.87373	43
1.87384	44
1.87397	45
1.87409	46
1.87422	47
1.87434	33
1.87446	33
1.87452	34
1.87463	35
1.87475	36
1.87488	37
1.87499	38
1.8751	39
1.87521	40
1.87533	41
1.87545	42
1.87558	43
1.87571	44
1.87583	45
1.87595	46
1.87608	47
1.87622	33
1.87633	34
1.87643	35
1.87653	36
1.87664	37
1.87676	38
1.87688	39
1.87701	40
1.87713	41
1.87725	42
1.87738	43
1.87751	44
1.87762	45
1.87773	46
1.87785	47
1.87797	48
1.87809	49
1.87822	50
1.87835	34
1.87844	35
1.87855	36
1.87866	37
1.87878	38
1.8789	39
1.87902	40
1.87913	41
1.87924	42
1.87936	43
1.87948	44
1.8796	45
1.87973	46
1.87985	47
1.87997	48
1.8801	49
1.88023	33
1.88036	34
1.88047	35
1.88057	36
1.88067	37
1.88079	38
1.8809	39
1.88103	40
1.88115	41
1.88128	42
1.8814	43
1.88152	44
1.88164	45
1.88177	46
1.8819	47
1.88202	48
1.88214	49
1.88226	50
1.88239	34
1.88248	34
1.8826	35
1.88271	36
1.88283	37
1.88295	38
1.88306	39
1.88317	40
1.88329	41
1.88342	42
1.88354	43
1.88366	44
1.88378	45
1.88391	46
1.88403	47
1.88415	48
1.88427	49
1.88439	50
1.88451	51
1.88464	34
1.88478	35
1.8849	36
1.88501	37
1.88512	38
1.88524	39
1.88536	40
1.88548	41
1.88561	42
1.88573	43
1.88584	44
1.88597	45
1.88609	46
1.88622	47
1.88634	31
1.88643	32
1.88654	33
1.88665	34
1.88676	35
1.88687	36
1.88699	37
1.88711	38
1.88722	39
1.88734	40
1.88746	41
1.88758	42
1.88772	43
1.88784	44
1.88795	45
1.88807	46
1.88819	47
1.88831	48
1.88844	49
1.88856	32
1.88868	33
1.88879	34
1.88891	35
1.88903	36
1.88915	37
1.88926	38
1.88938	39
1.88949	40
1.8896	41
1.88972	42
1.88984	43
1.88996	44
1.89004	45
1.89016	46
1.89029	47
1.89042	48
1.89056	31
1.8907	32
1.89079	33
1.89089	34
1.891	35
1.89111	36
1.89123	37
1.89135	38
1.89146	39
1.89157	40
1.89169	41
1.89182	42
1.89195	43
1.89207	44
1.89218	45
1.89228	46
1.8924	47
1.89253	48
1.89266	49
1.8928	31
1.89292	32
1.89303	33
1.89314	34
1.89326	35
1.89338	36
1.8935	37
1.89361	38
1.89372	39
1.89384	40
1.89396	41
1.89407	42
1.8942	43
1.89428	44
1.8944	45
1.89452	46
1.89465	47
1.89478	30
1.89491	31
1.89502	32
1.89512	33
1.89522	34
1.89533	35
1.89544	36
1.89556	37
1.89569	38
1.8958	39
1.89592	40
1.89604	41
1.89615	42
1.89627	43
1.89639	44
1.8965	45
1.89661	46
1.89674	47
1.89686	48
1.897	31
1.89714	32
1.89724	33
1.89734	34
1.89745	35
1.89755	36
1.89767	37
1.89779	38
1.8979	39
1.89801	40
1.89812	41
1.89824	42
1.89834	43
1.89847	44
1.89859	45
1.8987	46
1.89881	47
1.89894	48
1.89906	49
1.89919	32
1.89933	33
1.89943	34
1.89954	35
1.89966	36
1.89978	37
1.89991	38
1.90002	39
1.90013	40
1.90024	41
1.90036	42
1.90048	43
1.9006	44
1.90072	45
1.90084	46
1.90096	47
1.90109	48
1.90123	31
1.90135	32
1.90146	33
1.90155	34
1.90166	35
1.90177	36
1.90188	37
1.902	38
1.90213	39
1.90224	40
1.90236	41
1.90248	42
1.90261	43
1.90272	44
1.90283	45
1.90293	46
1.90303	47
1.90316	48
1.90328	49
1.90342	32
1.90355	33
1.90366	34
1.90377	35
1.90389	36
1.90401	37
1.90413	38
1.90423	39
1.90433	40
1.90444	41
1.90456	42
1.90468	43
1.9048	44
1.90493	45
1.90505	46
1.90517	47
1.9053	48
1.90542	32
1.90554	32
1.90565	33
1.90575	34
1.90586	35
1.90597	36
1.90609	37
1.90621	38
1.90633	39
1.90646	40
1.90657	41
1.90668	42
1.9068	43
1.90692	44
1.90705	45
1.90715	46
1.90724	47
1.90737	48
1.9075	49
1.90763	32
1.90777	33
1.9079	34
1.908	35
1.9081	36
1.90821	37
1.90833	38
1.90845	39
1.90856	40
1.90868	41
1.9088	42
1.90891	43
1.90904	44
1.90917	45
1.9093	46
1.90941	47
1.90953	48
1.90965	49
1.90978	50
1.90991	32
1.91004	33
1.91014	34
1.91026	35
1.91037	36
1.9105	37
1.91061	38
1.91073	39
1.91085	40
1.91096	41
1.91108	42
1.9112	43
1.91132	44
1.91144	45
1.91151	46
1.91164	47
1.91177	48
1.9119	30
1.91203	31
1.91214	32
1.91225	33
1.91237	34
1.91249	35
1.91261	36
1.91271	37
1.91282	38
1.91293	39
1.91305	40
1.91317	41
1.91329	42
1.91341	43
1.91353	44
1.91365	45
1.91378	46
1.91391	29
1.91402	30
1.91412	31
1.91422	32
1.91433	33
1.91445	34
1.91455	35
1.91466	36
1.91478	37
1.9149	38
1.91502	39
1.91515	40
1.91527	41
1.91537	42
1.91545	43
1.91557	44
1.91569	45
1.91582	46
1.91593	47
1.91606	48
1.91619	49
1.91632	31
1.91646	31
1.91659	32
1.91669	33
1.91678	34
1.91689	35
1.917	36
1.91711	37
1.91721	38
1.91732	39
1.91743	40
1.91756	41
1.91768	42
1.91781	43
1.91795	44
1.91806	45
1.91818	46
1.9183	47
1.91843	48
1.91854	49
1.91867	50
1.9188	51
1.91893	32
1.91907	32
1.91919	33
1.91931	34
1.91944	35
1.91954	36
1.91965	37
1.91976	38
1.91988	39
1.91996	40
1.92007	41
1.92018	42
1.9203	43
1.92043	44
1.92056	45
1.9207	46
1.92082	28
1.92094	29
1.92103	30
1.92114	31
1.92124	32
1.92136	33
1.92146	34
1.92156	35
1.92168	36
1.92179	37
1.92192	38
1.92205	39
1.92218	40
1.92229	41
1.9224	42
1.92251	43
1.92264	44
1.92275	45
1.92287	46
1.92299	47
1.92312	48
1.92325	30
1.92339	31
1.92351	32
1.92361	33
1.92371	34
1.92382	35
1.92393	36
1.92405	37
1.92412	38
1.92423	39
1.92434	40
1.92446	41
1.92458	42
1.92471	43
1.92485	44
1.92495	45
1.92507	46
1.92519	47
1.92531	48
1.92544	49
1.92556	32
1.92569	33
1.9258	34
1.92591	35
1.92603	36
1.92615	37
1.92628	38
1.92639	39
1.9265	40
1.92661	41
1.92673	42
1.92685	43
1.92697	44
1.92709	45
1.92721	46
1.92734	47
1.92747	48
1.92761	31
1.92775	32
1.92784	33
1.92794	34
1.92805	35
1.92815	36
1.92827	37
1.92837	38
1.92845	39
1.92856	40
1.92868	41
1.9288	42
1.92893	43
1.92906	44
1.92919	45
1.9293	46
1.92941	47
1.92953	48
1.92966	49
1.92979	32
1.92992	33
1.93002	34
1.93013	35
1.93025	36
1.93037	37
1.93049	38
1.93061	39
1.93072	40
1.93083	41
1.93094	42
1.93106	43
1.93118	44
1.9313	45
1.93142	46
1.93154	47
1.93167	48
1.93181	31
1.93194	32
1.93204	33
1.93214	34
1.93225	35
1.93236	36
1.93247	37
1.93258	38
1.9327	39
1.93281	40
1.93291	41
1.93303	42
1.93316	43
1.93329	44
1.93339	45
1.9335	46
1.93362	47
1.93375	48
1.93387	49
1.934	32
1.93413	32
1.93423	33
1.93434	34
1.93446	35
1.93458	36
1.9347	37
1.93482	38
1.93492	39
1.93504	40
1.93515	41
1.93527	42
1.9354	43
1.93551	44
1.93563	45
1.93575	46
1.93588	47
1.936	48
1.93612	49
1.93625	33
1.93637	33
1.93648	34
1.93659	35
1.9367	36
1.93682	37
1.93695	38
1.93706	39
1.93717	40
1.93728	41
1.93738	42
1.93751	43
1.93763	44
1.93773	45
1.93785	46
1.93797	47
1.9381	48
1.93823	32
1.93837	32
1.93848	33
1.93858	34
1.93868	35
1.93879	36
1.93891	37
1.93903	38
1.93915	39
1.93926	40
1.93938	41
1.93951	42
1.93964	43
1.93976	44
1.93987	45
1.93998	46
1.94009	47
1.94021	48
1.94034	49
1.94048	32
1.94061	33
1.94071	34
1.94082	35
1.94093	36
1.94106	37
1.94117	38
1.94129	39
1.94141	40
1.94152	41
1.94164	42
1.94176	43
1.94189	44
1.94197	45
1.94209	46
1.94222	47
1.94233	48
1.94246	49
1.94258	50
1.94271	32
1.94285	33
1.94295	34
1.94306	35
1.94317	36
1.94329	37
1.94341	38
1.94354	39
1.94365	40
1.94376	41
1.94387	42
1.94399	43
1.94412	44
1.94424	45
1.94437	46
1.94449	30
1.94462	31
1.94473	32
1.94484	33
1.94495	34
1.94507	35
1.94517	36
1.94528	37
1.94539	38
1.94551	39
1.94564	40
1.94577	41
1.94588	42
1.94601	43
1.94612	44
1.94624	45
1.94637	46
1.94648	47
1.94656	48
1.94668	49
1.94681	50
1.94694	32
1.94708	33
1.9472	34
1.94731	35
1.94741	36
1.94752	37
1.94763	38
1.94774	39
1.94786	40
1.94797	41
1.94808	42
1.9482	43
1.94833	44
1.94846	45
1.94858	46
1.94871	47
1.94883	48
1.94895	49
1.94908	50
1.94921	32
1.94933	33
1.94944	34
1.94955	35
1.94966	36
1.94978	37
1.94991	38
1.95002	39
1.95015	40
1.95027	41
1.95039	42
1.9505	43
1.95061	44
1.95072	45
1.9508	46
1.95093	47
1.95106	48
1.9512	30
1.95132	31
1.95143	32
1.95154	33
1.95166	34
1.95178	35
1.95188	36
1.95199	37
1.9521	38
1.95222	39
1.95234	40
1.95246	41
1.95259	42
1.95271	43
1.95283	44
1.95295	45
1.95309	46
1.9532	29
1.95331	30
1.95341	31
1.95351	32
1.95362	33
1.95373	34
1.95385	35
1.95397	36
1.95409	37
1.95421	38
1.95433	39
1.95445	40
1.95456	41
1.95467	42
1.95475	43
1.95486	44
1.95499	45
1.95511	46
1.95525	47
1.95537	31
1.9555	32
1.9556	33
1.95571	34
1.95582	35
1.95593	36
1.95606	37
1.95617	38
1.95628	39
1.9564	40
1.95652	41
1.95663	42
1.95675	43
1.95686	44
1.95698	45
1.9571	46
1.95723	47
1.95736	48
1.9575	31
1.95762	32
1.95773	33
1.95784	34
1.95794	35
1.95805	36
1.95817	37
1.95828	38
1.9584	39
1.95852	40
1.95864	41
1.95877	42
1.9589	43
1.95902	44
1.9591	45
1.95921	46
1.95932	47
1.95944	48
1.95955	49
1.95968	50
1.95981	33
1.95994	34
1.96006	35
1.96018	36
1.96031	37
1.96044	38
1.96054	39
1.96064	40
1.96074	41
1.96085	42
1.96096	43
1.96107	44
1.9612	45
1.96133	46
1.96146	31
1.96161	32
1.96171	33
1.9618	34
1.9619	35
1.962	36
1.9621	37
1.96221	38
1.96233	39
1.96245	40
1.96258	41
1.96271	42
1.96283	43
1.96296	44
1.96308	45
1.96319	46
1.96331	47
1.96343	48
1.96355	49
1.96368	50
1.96378	33
1.96392	34
1.96403	35
1.96414	36
1.96426	37
1.96439	38
1.9645	39
1.96462	40
1.96473	41
1.96485	42
1.96496	43
1.96509	44
1.9652	45
1.96532	46
1.96544	47
1.96558	48
1.96571	32
1.96584	32
1.96595	33
1.96605	34
1.96616	35
1.96627	36
1.96638	37
1.96651	38
1.96663	39
1.96675	40
1.96687	41
1.967	42
1.96712	43
1.96724	44
1.96737	45
1.96749	46
1.96761	47
1.96773	48
1.96783	49
1.96796	32
1.96809	32
1.9682	33
1.96831	34
1.96843	35
1.96855	36
1.96867	37
1.96879	38
1.96891	39
1.96903	40
1.96915	41
1.96925	42
1.96936	43
1.96946	44
1.96958	45
1.96971	46
1.96984	47
1.96997	31
1.97009	32
1.97021	33
1.97033	34
1.97045	35
1.97056	36
1.97067	37
1.97078	38
1.97089	39
1.97101	40
1.97113	41
1.97125	42
1.97137	43
1.97148	44
1.9716	45
1.9717	46
1.97184	30
1.97195	31
1.97205	32
1.97215	33
1.97226	34
1.97238	35
1.9725	36
1.97262	37
1.97273	38
1.97285	39
1.97297	40
1.9731	41
1.97323	42
1.97334	43
1.97345	44
1.97356	45
1.97367	46
1.97379	47
1.97392	48
1.97405	33
1.97417	33
1.97429	34
1.9744	35
1.97453	36
1.97466	37
1.97476	38
1.97487	39
1.97499	40
1.9751	41
1.97522	42
1.97533	43
1.97542	44
1.97554	45
1.97566	46
1.97579	47
1.97593	32
1.97606	33
1.97617	34
1.97627	35
1.97638	36
1.97649	37
1.97661	38
1.97674	39
1.97685	40
1.97697	41
1.97709	42
1.97722	43
1.97735	44
1.97748	45
1.97759	46
1.9777	47
1.97782	48
1.97794	49
1.97807	33
1.9782	33
1.9783	34
1.97842	35
1.97854	36
1.97866	37
1.97879	38
1.97889	39
1.979	40
1.97911	41
1.97923	42
1.97936	43
1.97947	44
1.97959	45
1.97971	46
1.97981	47
1.97994	32
1.98007	33
1.98018	34
1.98029	35
1.9804	36
1.98051	37
1.98062	38
1.98074	39
1.98086	40
1.98097	41
1.98109	42
1.98122	43
1.98135	44
1.98147	45
1.98159	46
1.9817	47
1.98181	48
1.98193	49
1.98206	33
1.98219	34
1.9823	35
1.98241	36
1.98253	37
1.98265	38
1.98278	39
1.98289	40
1.983	41
1.98312	42
1.98324	43
1.98337	44
1.98349	45
1.98361	46
1.98373	47
1.98382	48
1.98396	32
1.98409	33
1.9842	34
1.9843	35
1.98441	36
1.98452	37
1.98464	38
1.98476	39
1.98487	40
1.98499	41
1.98512	42
1.98525	43
1.98538	44
1.98549	45
1.98561	46
1.98573	47
1.98585	48
1.98597	49
1.98609	32
1.98622	33
1.98633	34
1.98644	35
1.98656	36
1.98668	37
1.98681	38
1.98692	39
1.98703	40
1.98715	41
1.98727	42
1.98739	43
1.98752	44
1.98764	45
1.98776	46
1.98785	47
1.98798	32
1.98812	32
1.98822	33
1.98832	34
1.98842	35
1.98853	36
1.98865	37
1.98877	38
1.98888	39
1.989	40
1.98912	41
1.98924	42
1.98938	43
1.9895	44
1.98961	45
1.98973	46
1.98985	47
1.98996	48
1.99009	33
1.99021	33
1.99032	34
1.99043	35
1.99055	36
1.99067	37
1.9908	38
1.99091	39
1.99102	40
1.99114	41
1.99126	42
1.99138	43
1.9915	44
1.99161	45
1.9917	46
1.99183	47
1.99196	32
1.9921	33
1.99222	34
1.99232	35
1.99243	36
1.99254	37
1.99266	38
1.99276	39
1.99288	40
1.99299	41
1.99312	42
1.99324	43
1.99338	44
1.9935	45
1.99363	46
1.99375	47
1.99387	48
1.99397	49
1.99408	50
1.99421	51
1.99434	35
1.99447	35
1.99459	36
1.99471	37
1.99482	38
1.99495	39
1.99507	40
1.9952	41
1.99532	42
1.99543	43
1.99555	44
1.99567	45
1.99579	46
1.99588	47
1.99602	31
1.99615	32
1.99626	33
1.99637	34
1.9965	35
1.99661	36
1.99671	37
1.99682	38
1.99694	39
1.99706	40
1.99718	41
1.99731	42
1.99743	43
1.99755	44
1.99768	45
1.99782	46
1.99793	31
1.99805	32
1.99815	33
1.99826	34
1.99836	35
1.99846	36
1.99858	37
1.99869	38
1.99881	39
1.99893	40
1.99906	41
1.9992	42
1.99931	43
1.99942	44
1.99954	45
1.99966	46
1.99975	47
1.99989	31
