0.500063	7
0.500097	8
0.500297	2
0.500309	2
0.500429	2
0.500438	2
0.500997	5
0.501137	2
0.501561	2
0.501688	2
0.501701	2
0.501864	1
0.501916	1
0.50195	2
0.502079	2
0.502079	2
0.502253	3
0.50238	2
0.502384	3
0.502609	2
0.50294	2
0.502945	3
0.502956	2
0.50296	3
0.503121	2
0.503513	3
0.50364	3
0.50365	3
0.504187	3
0.5042	3
0.504211	3
0.504218	3
0.504377	3
0.504658	1
0.504763	4
0.504895	4
0.504935	1
0.504946	1
0.505097	1
0.50518	2
0.505309	1
0.505441	4
0.505463	4
0.505622	3
0.50615	4
0.506163	5
0.506561	1
0.506705	3
0.506718	4
0.506732	5
0.506878	3
0.506883	3
0.50695	1
0.507079	1
0.507395	6
0.507788	2
0.507788	2
0.507923	2
0.507965	6
0.508122	4
0.508194	2
0.508637	7
0.509377	4
0.509387	5
0.50944	2
0.509763	1
0.509878	8
0.51018	1
0.510604	6
0.510672	2
0.510675	3
0.511007	2
0.511148	7
0.511151	6
0.511445	2
0.511857	7
0.512269	3
0.512272	4
0.512695	2
0.512698	2
0.512788	1
0.512932	1
0.512972	1
0.513094	4
0.513151	2
0.513488	5
0.513656	2
0.513921	3
0.513926	3
0.514022	2
0.514167	2
0.514209	2
0.514263	2
0.514343	5
0.514352	5
0.514405	2
0.515468	3
0.51547	4
0.515675	1
0.515917	2
0.516122	3
0.516174	2
0.516188	2
0.51632	2
0.516531	2
0.516689	5
0.516691	5
0.516833	3
0.516903	2
0.517157	2
0.517361	4
0.517407	1
0.517421	2
0.517441	2
0.517576	2
0.517578	2
0.518094	4
0.518112	4
0.518488	1
0.518833	3
0.518837	3
0.518926	1
0.519022	1
0.519167	1
0.519329	4
0.519349	3
0.519408	1
0.519736	2
0.51991	2
0.520079	3
0.52017	2
0.520265	2
0.520422	2
0.520528	1
0.521428	2
0.521519	2
0.521531	1
0.521676	2
0.521696	1
0.521791	2
0.521791	2
0.521903	1
0.52216	1
0.522421	1
0.522441	1
0.522735	2
0.522742	3
0.522759	2
0.522903	2
0.522909	3
0.522932	2
0.523034	2
0.523094	1
0.523152	2
0.523417	2
0.5237	2
0.523822	2
0.524293	3
0.524356	2
0.524356	2
0.524676	2
0.524736	1
0.52491	1
0.524961	2
0.525079	1
0.525083	2
0.525083	2
0.525569	2
0.525581	2
0.525908	2
0.525912	3
0.525976	2
0.526155	2
0.526205	2
0.526208	3
0.52633	2
0.526428	1
0.52759	3
0.527693	2
0.527693	2
0.527742	1
0.527759	1
0.527909	1
0.527932	1
0.528152	1
0.528908	2
0.528954	2
0.528975	2
0.529136	2
0.529162	2
0.529293	1
0.529399	2
0.530072	2
0.530584	1
0.530912	1
0.530976	1
0.531155	1
0.531208	1
0.531808	2
0.531834	1
0.532133	2
0.532201	2
0.532387	2
0.532442	2
0.533071	2
0.533097	2
0.533097	2
0.533908	1
0.533954	1
0.533975	1
0.534136	1
0.534162	1
0.534326	2
0.534332	3
0.534362	2
0.534399	1
0.53514	2
0.535187	2
0.535209	2
0.535374	2
0.535404	2
0.535435	2
0.535576	3
0.535587	3
0.535613	3
0.535618	3
0.535658	2
0.536328	1
0.536669	2
0.537133	1
0.537201	1
0.537387	1
0.537442	1
0.537576	2
0.537576	2
0.538294	2
0.538294	2
0.538355	2
0.538425	2
0.538622	2
0.53868	2
0.538825	2
0.539944	2
0.540087	3
0.54014	1
0.540187	1
0.540209	1
0.540374	1
0.540551	2
0.540551	2
0.540587	1
0.540618	1
0.540658	1
0.541169	2
0.541172	3
0.541377	2
0.541428	2
0.541453	2
0.541618	2
0.541669	1
0.5417	1
0.541811	2
0.541848	2
0.541883	2
0.542579	2
0.542639	2
0.542963	2
0.542963	2
0.543143	2
0.543294	1
0.543355	1
0.543425	1
0.543622	1
0.543887	2
0.543891	3
0.544176	2
0.54421	2
0.544387	2
0.54439	3
0.544539	2
0.544605	2
0.544681	2
0.544871	2
0.545133	3
0.545141	3
0.54544	2
0.545623	3
0.545633	3
0.54578	2
0.545847	2
0.545928	2
0.546127	2
0.546172	1
0.546428	1
0.546453	1
0.546488	2
0.546618	1
0.546812	1
0.546848	1
0.547176	2
0.547181	3
0.547386	2
0.547389	3
0.54743	2
0.547602	1
0.54769	2
0.547711	2
0.547743	2
0.547866	2
0.548054	2
0.548091	2
0.548376	3
0.548384	3
0.548645	2
0.548826	2
0.548826	2
0.548919	2
0.548947	2
0.548977	2
0.548981	3
0.549109	2
0.54921	1
0.5493	2
0.549344	2
0.549631	4
0.550141	1
0.550367	2
0.55037	3
0.55044	1
0.550474	2
0.550559	2
0.550564	3
0.550606	2
0.550633	1
0.55078	1
0.550847	1
0.551376	2
0.551581	3
0.551588	3
0.551653	2
0.551695	2
0.551786	3
0.551795	3
0.551868	2
0.551891	2
0.552004	2
0.552073	2
0.552389	1
0.552601	2
0.552837	4
0.552912	2
0.552952	2
0.552957	3
0.553644	2
0.553644	2
0.553648	1
0.553682	2
0.553826	1
0.553919	1
0.553947	1
0.553981	1
0.554092	4
0.554173	2
0.554215	3
0.554637	1
0.554875	2
0.554882	2
0.554917	2
0.555062	2
0.555157	2
0.555189	2
0.555229	2
0.555356	3
0.555606	1
0.55589	2
0.556795	1
0.556868	1
0.556891	1
0.557004	1
0.557073	1
0.557143	2
0.557146	2
0.557605	1
0.558023	2
0.558093	2
0.558117	2
0.558228	2
0.558308	2
0.558384	3
0.558863	2
0.559102	1
0.559173	1
0.559221	1
0.559879	1
0.559882	1
0.559917	1
0.560062	1
0.560124	2
0.560157	1
0.560189	1
0.560229	1
0.560435	2
0.560435	2
0.560477	2
0.560477	2
0.561086	2
0.561092	2
0.561134	2
0.561277	2
0.561342	2
0.561346	3
0.561379	2
0.561413	2
0.561456	2
0.561567	2
0.561676	2
0.561719	2
0.562347	2
0.562357	2
0.562399	2
0.563023	1
0.563093	1
0.563117	1
0.563228	1
0.563308	1
0.563384	1
0.563591	2
0.563596	3
0.563605	2
0.563608	3
0.563644	2
0.563649	3
0.564235	2
0.564299	2
0.564329	2
0.564449	2
0.564535	2
0.564614	2
0.564825	3
0.564836	3
0.564845	3
0.564851	3
0.564886	3
0.564898	3
0.565495	2
0.565562	2
0.565595	2
0.566097	4
0.566277	1
0.566346	1
0.566379	1
0.566413	1
0.566456	1
0.566567	1
0.566676	1
0.566723	1
0.566739	2
0.566743	3
0.566809	2
0.566814	3
0.566846	2
0.56685	3
0.566863	2
0.566863	2
0.567332	3
0.567494	2
0.567572	2
0.567612	2
0.567648	2
0.567693	2
0.567802	2
0.567922	2
0.567969	2
0.567983	3
0.567993	3
0.568066	3
0.568074	3
0.568107	3
0.568115	3
0.568593	2
0.568755	2
0.568836	2
0.569187	2
0.569449	1
0.569535	1
0.569614	1
0.569851	1
0.569898	1
0.569992	2
0.569995	3
0.570339	2
0.570339	2
0.570427	2
0.57043	3
0.570688	2
0.570779	2
0.570862	2
0.571097	1
0.571113	2
0.571863	1
0.572357	2
0.572357	2
0.572375	2
0.572612	1
0.572648	1
0.572693	1
0.572802	1
0.572969	1
0.572993	1
0.573074	1
0.573104	2
0.573115	1
0.573611	2
0.573629	2
0.573631	3
0.573836	1
0.574327	2
0.574865	3
0.574868	3
0.574995	1
0.5751	2
0.5751	2
0.575339	1
0.57543	1
0.575577	2
0.575688	1
0.575779	1
0.576103	3
0.576236	2
0.576348	2
0.576601	2
0.577126	1
0.577365	4
0.578104	1
0.578365	2
0.578365	2
0.578631	1
0.579349	2
0.57962	2
0.58058	1
0.580615	2
0.580877	3
0.580881	3
0.581159	2
0.581236	1
0.581348	1
0.581601	1
0.58183	2
0.581852	2
0.581857	3
0.582365	1
0.58309	2
0.583111	3
0.58312	3
0.583618	2
0.583852	2
0.583886	2
0.583938	2
0.584054	2
0.584229	2
0.584255	2
0.585204	2
0.585478	2
0.585503	2
0.585881	1
0.586159	1
0.586445	2
0.586448	3
0.586663	2
0.586714	2
0.586719	3
0.586746	2
0.58675	3
0.58694	2
0.587036	2
0.587141	2
0.587417	2
0.587699	3
0.58809	1
0.58812	1
0.588202	2
0.588302	2
0.5884	2
0.588618	1
0.588679	2
0.588852	1
0.588886	1
0.589054	1
0.589326	2
0.589355	2
0.589435	2
0.58944	3
0.589543	2
0.589547	3
0.589644	2
0.589652	3
0.589875	2
0.589875	2
0.58989	2
0.589941	2
0.590114	2
0.590309	2
0.590671	2
0.590808	3
0.590909	3
0.591137	2
0.591378	2
0.591467	1
0.591564	2
0.591663	1
0.591719	1
0.59175	1
0.591918	2
0.592398	3
0.592403	3
0.592608	2
0.592824	2
0.592827	3
0.592866	2
0.593658	3
0.593955	2
0.594074	3
0.594082	3
0.594122	2
0.594326	1
0.594355	1
0.59444	1
0.594867	4
0.59488	4
0.59489	1
0.594941	1
0.59519	2
0.595324	4
0.595369	2
0.595372	3
0.595579	2
0.595705	2
0.595808	1
0.595909	1
0.596378	1
0.596442	2
0.596449	3
0.59658	4
0.596633	3
0.596638	3
0.596874	2
0.596918	1
0.596961	2
0.597073	2
0.597171	2
0.597608	1
0.597621	2
0.59768	3
0.597691	3
0.597879	4
0.598117	2
0.59812	2
0.598165	2
0.598213	2
0.598218	3
0.598328	2
0.598431	2
0.598882	2
0.599377	3
0.599588	2
0.599593	3
0.599694	2
0.599699	3
0.600831	3
0.60084	3
0.600943	3
0.600952	3
0.601132	1
0.60158	1
0.601843	1
0.601888	2
0.602394	2
0.602691	1
0.602842	2
0.602883	1
0.602925	2
0.602979	2
0.603008	2
0.603108	2
0.603108	2
0.603165	1
0.603218	1
0.603634	2
0.603638	2
0.603882	1
0.60392	2
0.604079	2
0.604082	2
0.604125	2
0.604172	2
0.604225	2
0.604256	2
0.604364	2
0.604372	2
0.604377	1
0.604421	2
0.604476	2
0.604899	3
0.605143	2
0.605621	3
0.60584	1
0.605952	1
0.606138	2
0.606143	3
0.606153	3
0.606193	2
0.606392	2
0.607062	2
0.60718	2
0.607381	2
0.607394	4
0.607444	2
0.607645	2
0.60765	3
0.608105	2
0.608326	2
0.608642	2
0.608646	3
0.608702	2
0.608707	3
0.60892	1
0.609082	1
0.609125	1
0.609172	1
0.609227	1
0.609258	1
0.609356	2
0.609372	1
0.609421	1
0.609476	1
0.609566	2
0.609571	3
0.609884	3
0.609891	3
0.60995	3
0.609958	3
0.610136	2
0.610308	2
0.610356	2
0.610408	2
0.610462	2
0.610473	2
0.610553	2
0.610562	3
0.61058	2
0.610631	2
0.610682	2
0.610786	3
0.610795	3
0.611124	4
0.611147	1
0.611197	4
0.611386	2
0.611566	2
0.611612	2
0.611816	3
0.612056	4
0.61218	1
0.6125	2
0.612646	2
0.61265	1
0.612651	3
0.612824	2
0.612828	3
0.612873	2
0.61288	3
0.613296	3
0.61341	2
0.613619	2
0.613717	2
0.61386	3
0.613866	2
0.613869	3
0.614047	3
0.614057	3
0.614103	3
0.614115	3
0.614319	2
0.614532	2
0.614671	2
0.615408	1
0.615462	1
0.615473	1
0.61558	1
0.615591	2
0.615641	2
0.615641	2
0.615664	1
0.615682	1
0.616128	1
0.616201	1
0.61664	2
0.616691	2
0.616699	2
0.6168	2
0.616802	2
0.616814	3
0.61687	2
0.616892	2
0.616892	2
0.616913	2
0.617347	2
0.617427	2
0.61788	2
0.617936	2
0.617948	2
0.618054	3
0.61806	2
0.618129	3
0.618133	3
0.618604	2
0.618607	2
0.618619	1
0.618717	1
0.618866	1
0.618869	1
0.619057	1
0.619086	1
0.619139	2
0.619145	3
0.619381	3
0.619547	1
0.619671	1
0.619841	3
0.619857	2
0.619948	2
0.620104	2
0.620109	2
0.620126	2
0.620307	2
0.620337	2
0.620395	3
0.620405	3
0.620592	2
0.620637	4
0.620648	4
0.620812	2
0.621099	3
0.621571	2
0.621601	2
0.621892	1
0.621905	5
0.621913	1
0.622069	2
0.622427	1
0.622809	2
0.622815	3
0.622836	2
0.622844	3
0.622936	1
0.622948	1
0.62306	1
0.623092	1
0.623136	2
0.623146	6
0.623167	2
0.62333	2
0.623334	3
0.624073	3
0.62408	3
0.624101	3
0.624109	3
0.624199	2
0.624199	2
0.624348	2
0.624348	2
0.624584	3
0.624594	3
0.624857	1
0.624948	1
0.625104	1
0.625109	1
0.625126	1
0.625318	4
0.625353	4
0.625405	1
0.625456	2
0.625603	2
0.625606	3
0.625847	4
0.626099	1
0.626111	2
0.626111	2
0.627359	2
0.62737	2
0.628136	1
0.628164	1
0.628167	1
0.628594	2
0.628606	3
0.62861	3
0.628858	2
0.629384	2
0.629415	2
0.629418	2
0.629856	2
0.629861	3
0.630322	1
0.630356	1
0.630455	1
0.630606	1
0.630645	2
0.630671	3
0.630675	4
0.630683	2
0.630853	1
0.630933	2
0.631102	3
0.631112	3
0.631544	2
0.631575	2
0.631664	2
0.631815	2
0.631854	2
0.631859	3
0.631889	5
0.631891	5
0.631902	2
0.631907	3
0.632085	2
0.632161	2
0.632351	4
0.632799	2
0.632801	2
0.632832	2
0.632835	2
0.633349	2
0.633862	1
0.634056	3
0.634088	3
0.634211	2
0.634324	2
0.63487	1
0.635084	2
0.635084	2
0.635276	3
0.635284	3
0.635316	3
0.635325	3
0.635455	2
0.635574	2
0.636133	2
0.636815	1
0.636859	1
0.636897	1
0.636907	1
0.637161	1
0.637356	1
0.637387	2
0.637768	2
0.637927	1
0.638024	2
0.638064	2
0.638104	2
0.638116	2
0.638349	1
0.638378	2
0.638578	2
0.638608	2
0.638615	3
0.639009	2
0.639174	2
0.639174	2
0.63927	2
0.639318	2
0.639361	3
0.639364	4
0.639377	2
0.640084	1
0.640284	1
0.640325	1
0.640455	1
0.640515	2
0.640521	3
0.640574	1
0.640577	2
0.64058	3
0.640625	5
0.641292	2
0.641509	2
0.641551	2
0.64169	2
0.641752	3
0.641763	3
0.641817	2
0.641821	3
0.641828	3
0.641878	3
0.642553	2
0.643378	1
0.643578	1
0.643615	1
0.6438	2
0.643805	3
0.644009	1
0.644379	1
0.644605	2
0.644814	2
0.644853	2
0.645044	3
0.645055	3
0.64527	2
0.645438	1
0.645627	1
0.646078	2
0.646509	1
0.646529	2
0.646551	1
0.646679	2
0.646679	2
0.64669	1
0.646763	1
0.646817	1
0.646828	1
0.646862	2
0.647745	2
0.647763	2
0.647767	3
0.647792	2
0.647926	2
0.64794	2
0.648019	2
0.648077	2
0.64809	2
0.649007	2
0.649024	3
0.649032	3
0.649185	3
0.64919	3
0.649339	2
0.649355	2
0.649605	1
0.649853	1
0.650055	1
0.65024	2
0.650243	3
0.650268	4
0.650435	3
0.650593	2
0.650598	3
0.651078	1
0.651116	2
0.651312	2
0.651855	3
0.651862	1
0.651863	3
0.652323	2
0.652323	2
0.652363	2
0.652565	2
0.652792	1
0.65294	1
0.653019	1
0.653109	4
0.653111	2
0.653111	2
0.653576	2
0.653616	2
0.653621	3
0.653688	2
0.653826	2
0.654284	2
0.654355	1
0.654837	3
0.654878	3
0.65495	2
0.655243	1
0.655273	1
0.65544	1
0.655532	2
0.655597	2
0.655597	2
0.655624	2
0.656209	2
0.656215	2
0.656793	2
0.657358	2
0.657608	1
0.658111	1
0.658114	1
0.658621	2
0.65936	2
0.659364	2
0.659885	1
0.660096	2
0.660615	1
0.660624	2
0.660627	2
0.66063	2
0.660654	1
0.660868	2
0.661138	2
0.661138	2
0.661209	1
0.661215	1
0.661324	2
0.661329	2
0.661793	1
0.661812	2
0.661812	2
0.661822	2
0.661826	3
0.661835	3
0.66186	2
0.66186	2
0.662083	2
0.662369	2
0.662446	2
0.662453	2
0.662453	2
0.662559	3
0.662566	3
0.663049	2
0.663049	2
0.663074	2
0.663077	3
0.663087	3
0.663125	2
0.663621	1
0.66382	3
0.664046	2
0.664203	2
0.664337	3
0.664857	2
0.665019	4
0.665035	4
0.665273	2
0.665439	2
0.666098	2
0.666279	5
0.666835	1
0.667083	1
0.66734	2
0.667345	3
0.667371	1
0.667446	1
0.667453	1
0.667525	6
0.668076	2
0.668087	1
0.668125	1
0.668313	2
0.66857	3
0.66858	3
0.668609	2
0.668683	2
0.668693	2
0.668766	7
0.668797	8
0.669314	1
0.669341	1
0.669345	2
0.669387	2
0.67005	9
0.670273	1
0.670439	1
0.670535	2
0.670535	2
0.670564	2
0.670564	2
0.67057	2
0.670615	2
0.671253	10
0.671474	2
0.671653	2
0.671755	2
0.67179	2
0.671801	2
0.671807	3
0.671848	2
0.67185	3
0.672499	11
0.673076	1
0.673313	1
0.673544	1
0.67359	1
0.673683	1
0.673693	1
0.673778	8
0.674319	2
0.674542	2
0.674784	2
0.674831	2
0.674831	2
0.674926	2
0.674939	2
0.675012	6
0.675025	7
0.675034	8
0.676096	2
0.676245	7
0.676474	1
0.676653	1
0.676755	1
0.676794	1
0.676807	1
0.67685	1
0.677521	5
0.677691	2
0.677876	2
0.677982	2
0.678025	2
0.678041	2
0.678086	2
0.678733	4
0.678781	5
0.678944	2
0.679319	1
0.679542	1
0.679784	1
0.67983	1
0.679926	1
0.679939	1
0.680025	1
0.680201	2
0.680207	3
0.680564	2
0.680782	2
0.680994	2
0.680994	2
0.681042	2
0.681042	2
0.681143	2
0.681157	2
0.681248	2
0.681428	3
0.681439	3
0.681799	2
0.682029	2
0.682252	2
0.682303	2
0.682305	3
0.682696	4
0.682876	1
0.682982	1
0.683025	1
0.683041	1
0.683086	1
0.683285	2
0.683508	3
0.683512	3
0.683561	3
0.68357	3
0.683935	3
0.684099	2
0.6842	2
0.684242	2
0.684259	2
0.684302	2
0.684721	3
0.684792	4
0.685156	2
0.685339	2
0.685449	2
0.685497	2
0.685517	2
0.685562	2
0.686045	4
0.686143	1
0.686157	1
0.686248	1
0.686429	2
0.686437	2
0.686507	2
0.686701	2
0.686711	2
0.686758	2
0.686761	3
0.686799	1
0.687365	2
0.687383	2
0.687474	2
0.687474	2
0.68766	3
0.687669	3
0.687743	2
0.687939	2
0.688	3
0.688008	3
0.688045	2
0.688285	1
0.688738	2
0.688915	3
0.689727	1
0.689801	1
0.689988	3
0.689993	3
0.690147	4
0.690166	4
0.690339	1
0.690517	1
0.690562	1
0.690955	2
0.691027	2
0.69123	3
0.691408	5
0.691598	2
0.691711	1
0.691778	2
0.691825	2
0.691825	2
0.692218	2
0.692383	1
0.692492	4
0.692664	6
0.692746	1
0.692941	1
0.692965	2
0.692965	2
0.693008	1
0.69304	2
0.693069	1
0.693091	2
0.693477	2
0.693481	3
0.693551	2
0.693629	1
0.693644	2
0.693919	3
0.694	2
0.694189	2
0.694215	2
0.694257	2
0.694287	2
0.694292	3
0.694341	3
0.694346	3
0.694732	3
0.694742	3
0.694887	2
0.694887	2
0.694905	2
0.695003	2
0.695176	4
0.695262	2
0.695442	2
0.695462	3
0.69547	3
0.695514	2
0.695544	3
0.695551	3
0.695579	2
0.69614	2
0.69636	2
0.696366	2
0.696389	2
0.696428	4
0.696521	2
0.696526	3
0.696664	2
0.696698	2
0.696703	3
0.696726	3
0.696813	4
0.696842	2
0.696845	2
0.697386	3
0.697393	3
0.697495	2
0.697509	2
0.697606	2
0.697618	2
0.697648	2
0.697687	4
0.69778	3
0.697788	3
0.697859	1
0.697911	2
0.697949	3
0.697958	3
0.697981	4
0.697995	4
0.698072	4
0.698551	1
0.698648	3
0.698901	2
0.698909	3
0.699124	2
0.699124	2
0.699346	1
0.699544	2
0.699544	2
0.699742	1
0.699805	2
0.699805	2
0.699901	4
0.699905	1
0.699916	4
0.700162	3
0.700173	3
0.700176	1
0.700382	2
0.700518	1
0.700594	2
0.700799	2
0.70099	2
0.701056	2
0.701639	3
0.701644	3
0.70184	1
0.701845	1
0.702058	3
0.70206	3
0.702251	2
0.702314	3
0.702321	3
0.702509	1
0.702606	1
0.702618	1
0.702788	1
0.702897	3
0.702914	1
0.702958	1
0.702995	1
0.703094	2
0.703102	2
0.703311	3
0.703513	2
0.703579	3
0.703761	2
0.70422	2
0.70426	2
0.704356	2
0.704938	1
0.705017	2
0.705173	1
0.705471	2
0.705511	2
0.705514	2
0.705594	1
0.706095	2
0.706197	2
0.706278	2
0.707097	2
0.707297	1
0.707903	1
0.708102	1
0.708315	1
0.708319	2
0.708319	2
0.708509	2
0.708509	2
0.708579	1
0.709152	2
0.709356	1
0.709366	2
0.710033	1
0.710416	2
0.710474	1
0.710514	1
0.710627	2
0.71115	2
0.711197	1
0.711266	2
0.711266	2
0.711406	2
0.711406	2
0.711718	2
0.711759	2
0.711765	2
0.711864	2
0.711873	2
0.711878	3
0.71246	2
0.713127	2
0.713319	1
0.713509	1
0.713712	2
0.713853	2
0.713865	2
0.714022	2
0.714152	2
0.714563	2
0.714563	2
0.714758	2
0.714966	2
0.714972	3
0.715416	1
0.716023	2
0.716185	1
0.716229	3
0.716266	1
0.716406	1
0.716428	2
0.716663	2
0.716663	2
0.716759	1
0.716765	1
0.716828	2
0.71686	1
0.716878	1
0.717262	2
0.717265	3
0.717518	2
0.717661	2
0.717685	2
0.717983	1
0.718142	2
0.718525	3
0.718782	2
0.718853	1
0.718865	1
0.718919	2
0.718946	2
0.718949	3
0.719022	1
0.719152	1
0.719239	2
0.719239	2
0.7194	2
0.719563	1
0.719833	2
0.719833	2
0.720035	2
0.720041	3
0.720109	2
0.720126	2
0.721041	2
0.721237	1
0.721685	1
0.721828	1
0.722477	2
0.722477	2
0.723089	2
0.723922	1
0.723949	1
0.72419	2
0.724239	1
0.724346	2
0.724404	1
0.724833	1
0.725041	1
0.725126	1
0.725152	2
0.72519	2
0.725435	2
0.725437	2
0.72549	2
0.725595	2
0.725599	3
0.725663	2
0.726302	2
0.726373	1
0.726699	3
0.726927	2
0.727273	1
0.727477	1
0.727553	2
0.727623	2
0.727623	2
0.728005	2
0.728014	2
0.728014	2
0.728166	2
0.728172	3
0.728528	2
0.728737	2
0.728815	2
0.72882	3
0.729206	2
0.729787	2
0.729998	2
0.730074	3
0.730082	3
0.730152	1
0.73019	1
0.730277	2
0.730405	2
0.73049	1
0.730599	1
0.730806	2
0.731027	2
0.731033	3
0.731254	2
0.731259	3
0.73229	3
0.732507	3
0.732516	3
0.732623	1
0.733005	1
0.733014	1
0.733172	1
0.733774	4
0.734211	1
0.734432	2
0.734947	2
0.735025	4
0.735041	5
0.735082	1
0.735277	1
0.735405	1
0.735459	2
0.735459	2
0.735679	2
0.735821	1
0.736052	1
0.736089	2
0.736207	2
0.736209	2
0.736302	6
0.736344	2
0.736722	2
0.737315	2
0.737352	2
0.737464	3
0.737469	3
0.738339	2
0.738579	2
0.739602	2
0.739605	2
0.740473	1
0.740683	1
0.740864	3
0.740868	3
0.741302	1
0.741344	1
0.741745	2
0.741855	2
0.742129	3
0.742352	1
0.742469	1
0.742987	2
0.74301	2
0.743386	4
0.743579	1
0.74373	2
0.743877	2
0.744244	2
0.744248	2
0.744268	2
0.744272	2
0.744278	2
0.744648	3
0.744986	2
0.745139	2
0.745885	2
0.746246	2
0.746249	3
0.746531	2
0.746658	2
0.746855	1
0.747142	2
0.747151	2
0.747509	3
0.747793	2
0.749051	2
0.749055	3
0.749248	1
0.749268	1
0.749272	1
0.749278	1
0.749406	2
0.750139	1
0.750305	3
0.750312	3
0.750496	2
0.750519	2
0.750524	2
0.750531	2
0.750531	2
0.750667	2
0.75067	2
0.751403	2
0.751569	4
0.751658	1
0.75176	2
0.752151	1
0.752509	1
0.752539	2
0.752577	2
0.752636	2
0.752797	4
0.752812	5
0.752902	2
0.752986	2
0.752993	3
0.753372	2
0.753577	2
0.753743	2
0.753774	2
0.753777	2
0.753821	2
0.753882	2
0.753886	3
0.754068	6
0.754251	3
0.754838	2
0.754999	2
0.755032	3
0.755037	3
0.755078	2
0.755083	3
0.755321	7
0.755524	1
0.755531	1
0.75567	1
0.75606	2
0.756067	3
0.756236	2
0.75624	3
0.756284	3
0.756327	3
0.756335	3
0.75638	2
0.75657	6
0.756579	5
0.756583	5
0.756781	1
0.756781	2
0.75679	2
0.756928	2
0.757321	3
0.757332	3
0.757487	3
0.757902	1
0.758022	1
0.758118	2
0.758372	1
0.758584	4
0.758886	1
0.759138	2
0.759248	2
0.759357	2
0.759614	2
0.75982	4
0.759844	5
0.76034	1
0.760504	2
0.760879	2
0.761284	1
0.761335	1
0.76138	1
0.761413	2
0.761452	2
0.761589	2
0.761737	2
0.761742	3
0.761781	1
0.76179	1
0.761928	1
0.762113	2
0.762118	3
0.762487	1
0.76253	2
0.762593	2
0.762639	2
0.762676	2
0.763	3
0.763378	3
0.763752	2
0.763795	2
0.763855	2
0.763938	2
0.764138	1
0.764357	1
0.764815	1
0.764981	2
0.765092	2
0.765097	3
0.765382	2
0.76561	2
0.76608	2
0.766452	1
0.766589	1
0.766645	2
0.766764	1
0.766874	2
0.76712	1
0.767328	3
0.767331	2
0.767603	2
0.767639	1
0.767685	1
0.767705	2
0.767847	2
0.767902	2
0.767906	3
0.768027	2
0.768376	2
0.76859	3
0.768592	4
0.768795	1
0.769635	2
0.769847	4
0.769985	1
0.770043	2
0.770043	2
0.77014	2
0.770843	2
0.770848	3
0.771071	3
0.771214	2
0.771276	2
0.77139	2
0.771447	2
0.771874	1
0.771942	2
0.772102	3
0.772537	3
0.772654	2
0.772705	1
0.772847	1
0.772906	1
0.773027	1
0.773038	2
0.773049	2
0.773134	2
0.773189	2
0.773207	2
0.773867	1
0.773931	2
0.774084	2
0.774144	2
0.774274	2
0.774274	2
0.774288	2
0.774302	2
0.774392	2
0.774448	2
0.774464	2
0.774469	3
0.774847	1
0.775024	2
0.775127	2
0.775127	2
0.775349	2
0.775651	2
0.775656	3
0.775704	2
0.775712	3
0.776102	2
0.776102	2
0.776214	1
0.776282	2
0.77638	2
0.776388	1
0.776447	1
0.776907	3
0.776916	3
0.776962	3
0.776974	3
0.777106	1
0.777353	2
0.777634	3
0.777641	3
0.77765	2
0.77765	2
0.77836	2
0.778611	3
0.778617	3
0.778894	3
0.7789	2
0.778915	2
0.778931	1
0.779144	1
0.779274	1
0.779288	1
0.779302	1
0.779469	1
0.779559	2
0.77983	3
0.780119	4
0.780137	2
0.780141	4
0.780171	2
0.780349	1
0.780391	2
0.78052	2
0.780534	2
0.780542	2
0.780813	2
0.78082	3
0.781282	1
0.781437	2
0.781657	2
0.781916	1
0.781974	1
0.782075	3
0.782085	3
0.782529	2
0.782664	2
0.782667	3
0.782879	2
0.782883	3
0.783137	2
0.78319	2
0.783303	4
0.783779	2
0.783915	1
0.783916	3
0.783924	3
0.784142	3
0.784454	2
0.784836	1
0.785033	2
0.785038	3
0.785137	1
0.785141	1
0.78517	2
0.78517	2
0.785178	4
0.78552	1
0.785542	1
0.785709	2
0.785711	3
0.78605	2
0.786271	3
0.786279	3
0.78638	2
0.786386	2
0.78642	2
0.786424	4
0.786437	5
0.786798	1
0.786971	3
0.786977	3
0.787305	2
0.787478	2
0.787631	2
0.787641	2
0.787645	2
0.78768	3
0.787683	3
0.788045	2
0.788045	2
0.788137	1
0.788229	4
0.788309	1
0.788536	2
0.788538	3
0.788715	2
0.788777	2
0.788851	2
0.788853	3
0.788869	3
0.788913	3
0.789147	1
0.789268	2
0.789342	2
0.789423	4
0.789431	5
0.789508	2
0.78975	3
0.789756	3
0.789929	2
0.789934	3
0.790004	2
0.790073	3
0.790081	3
0.790096	3
0.790103	3
0.790148	4
0.790156	4
0.790399	2
0.790399	2
0.790521	3
0.790526	3
0.790603	2
0.790694	6
0.790767	2
0.790769	2
0.79081	2
0.791187	3
0.791365	4
0.791437	1
0.791597	2
0.791597	2
0.791648	2
0.791775	3
0.791847	2
0.791852	3
0.791948	4
0.792018	3
0.792058	2
0.79206	2
0.792578	3
0.792643	2
0.792809	2
0.79286	3
0.792866	3
0.792995	4
0.793005	4
0.793072	3
0.793082	3
0.79318	4
0.793245	3
0.793255	3
0.793294	3
0.793299	3
0.79366	2
0.793744	1
0.793817	2
0.793903	3
0.793906	4
0.794516	4
0.794756	1
0.795077	2
0.795081	1
0.795084	2
0.795156	1
0.795157	4
0.795745	3
0.795976	2
0.796231	2
0.79631	3
0.796316	2
0.79632	3
0.79638	2
0.796381	5
0.796394	6
0.796772	2
0.796796	2
0.796993	2
0.797495	2
0.797809	1
0.797866	1
0.798005	1
0.798037	2
0.798082	1
0.798155	1
0.798299	1
0.799033	2
0.799082	2
0.799229	2
0.799266	2
0.79927	3
0.799314	2
0.799393	2
0.799516	1
0.799547	2
0.799924	1
0.800651	3
0.800653	3
0.80081	2
0.800976	1
0.801181	2
0.801181	2
0.801244	1
0.801316	1
0.801318	1
0.80138	1
0.801394	1
0.801844	3
0.801967	2
0.802002	2
0.802008	3
0.80218	2
0.802394	2
0.802458	2
0.802458	2
0.802532	2
0.802535	2
0.802601	2
0.802616	2
0.80306	1
0.803218	2
0.80322	2
0.803253	3
0.803264	3
0.803797	2
0.804033	1
0.804082	1
0.804229	1
0.80427	1
0.804314	1
0.804323	2
0.804323	2
0.804355	2
0.804469	3
0.804477	3
0.804509	4
0.805019	2
0.805025	3
0.805259	2
0.805314	2
0.805466	2
0.805509	2
0.805555	2
0.805567	2
0.8056	2
0.805604	3
0.805725	3
0.80576	4
0.805777	5
0.806272	3
0.806282	3
0.806518	2
0.806533	2
0.806569	2
0.806716	2
0.80675	2
0.806798	2
0.80681	3
0.806813	3
0.806846	3
0.806855	3
0.806977	4
0.806992	4
0.807037	6
0.80718	1
0.807394	1
0.807458	1
0.807513	4
0.807535	1
0.807601	1
0.807616	1
0.807684	2
0.807747	2
0.807752	3
0.807768	2
0.807771	2
0.807806	2
0.80781	3
0.807965	2
0.807967	3
0.808	2
0.808004	3
0.808049	2
0.808056	3
0.808072	3
0.808441	2
0.808716	2
0.808764	4
0.808948	2
0.809003	3
0.809012	3
0.809031	3
0.809227	3
0.809233	3
0.809262	3
0.809269	3
0.80968	2
0.80994	2
0.809996	3
0.810009	2
0.810179	2
0.810182	3
0.810249	4
0.810268	3
0.810279	3
0.81047	4
0.810508	4
0.810699	2
0.810907	2
0.810911	3
0.811171	2
0.811177	3
0.811435	3
0.811442	3
0.811505	4
0.811992	1
0.812037	1
0.812433	3
0.812442	3
0.812693	4
0.81281	1
0.813056	1
0.813075	1
0.81311	1
0.813238	2
0.813279	2
0.813685	4
0.813925	4
0.813942	5
0.814319	2
0.814371	2
0.815022	1
0.815275	1
0.815279	1
0.815473	1
0.815513	1
0.815569	2
0.815628	3
0.815699	1
0.815911	1
0.816507	2
0.816512	2
0.816692	2
0.816733	2
0.816792	2
0.816797	3
0.816857	3
0.816932	2
0.817155	2
0.817499	2
0.817943	2
0.817946	2
0.817986	2
0.817991	2
0.818057	3
0.818238	1
0.818279	1
0.81842	2
0.818653	2
0.818689	1
0.818762	2
0.818765	2
0.818798	2
0.818798	2
0.818942	1
0.819493	2
0.81954	2
0.819915	2
0.81995	2
0.820021	3
0.820026	3
0.820064	2
0.820201	2
0.820729	2
0.820788	2
0.82079	2
0.821166	2
0.82117	3
0.821207	2
0.821211	2
0.821285	3
0.821446	3
0.82145	4
0.821507	1
0.821512	1
0.821814	1
0.82186	1
0.821932	1
0.821976	2
0.821982	3
0.822038	3
0.822707	4
0.822946	1
0.822991	1
0.823124	2
0.823193	2
0.82342	1
0.824052	2
0.824192	2
0.824235	2
0.824294	2
0.824311	2
0.824362	3
0.824427	2
0.825064	1
0.825292	2
0.825445	2
0.825492	2
0.825557	2
0.825573	2
0.825906	2
0.82617	1
0.826211	1
0.826285	1
0.826311	2
0.82654	2
0.826545	3
0.826682	2
0.826686	3
0.826733	2
0.826736	3
0.8268	2
0.826805	3
0.826982	1
0.82704	1
0.827146	2
0.827149	2
0.827411	2
0.827448	2
0.82753	2
0.827559	2
0.827707	1
0.827799	3
0.827809	3
0.828051	3
0.82806	3
0.828226	2
0.828293	2
0.82867	2
0.828794	2
0.829307	4
0.829365	1
0.829427	1
0.829467	2
0.829536	2
0.8299	2
0.829905	3
0.83052	4
0.830535	5
0.830573	1
0.830594	2
0.83066	2
0.830695	2
0.830701	3
0.83077	2
0.830776	3
0.831686	1
0.831736	1
0.831959	3
0.832032	3
0.832041	3
0.832149	1
0.832466	1
0.832559	1
0.832746	2
0.832752	2
0.832912	2
0.832968	2
0.833258	4
0.833369	2
0.8337	2
0.8337	2
0.833794	1
0.833801	2
0.833994	2
0.834002	2
0.834063	1
0.834171	2
0.834228	2
0.834905	1
0.835247	2
0.835253	3
0.835256	2
0.83526	3
0.835327	2
0.835535	1
0.835594	1
0.83566	1
0.835696	1
0.836143	2
0.836491	3
0.8365	3
0.836504	3
0.836511	3
0.836581	2
0.836791	2
0.836849	2
0.83692	2
0.837401	2
0.838262	1
0.838369	1
0.838655	2
0.838659	3
0.8387	1
0.838801	1
0.839173	1
0.839232	1
0.839494	2
0.839597	2
0.839897	3
0.839904	3
0.839943	2
0.84005	2
0.840438	2
0.8415	1
0.841511	1
0.841583	1
0.841697	2
0.841791	1
0.84182	2
0.84182	2
0.841849	1
0.84192	1
0.842727	2
0.842739	2
0.842814	2
0.84293	2
0.842935	3
0.843036	2
0.843068	2
0.843097	2
0.843174	2
0.844193	3
0.8442	3
0.844494	1
0.844597	1
0.844904	1
0.844943	1
0.845045	2
0.845045	2
0.84505	1
0.845437	4
0.845728	2
0.845831	2
0.846154	2
0.846154	2
0.846194	2
0.846303	2
0.846307	2
0.846686	4
0.8467	5
0.84699	2
0.847453	2
0.847562	3
0.847565	3
0.847727	1
0.847739	1
0.848036	1
0.848068	1
0.848097	1
0.848174	1
0.848202	2
0.84868	2
0.848686	3
0.848797	3
0.848967	2
0.848981	2
0.849079	1
0.849284	2
0.849314	2
0.849419	2
0.849446	2
0.850831	1
0.851154	1
0.85199	1
0.852057	2
0.852388	2
0.852388	2
0.852451	2
0.852572	1
0.852951	1
0.853686	1
0.853799	1
0.853834	2
0.853834	2
0.853967	1
0.853981	1
0.854185	2
0.854284	1
0.854314	1
0.854419	1
0.854446	1
0.854892	2
0.854892	2
0.855	2
0.855041	2
0.855179	2
0.855195	2
0.855413	3
0.855415	4
0.855517	2
0.855547	2
0.855659	2
0.855685	2
0.855685	2
0.85614	2
0.85625	2
0.856294	3
0.856297	3
0.856445	2
0.856812	2
0.856925	2
0.857057	1
0.857388	1
0.857392	3
0.857396	3
0.857506	2
0.85751	3
0.857552	3
0.857707	2
0.858044	2
0.858044	2
0.858057	2
0.858062	3
0.858158	2
0.858163	3
0.858285	2
0.858627	2
0.858634	3
0.858749	3
0.858756	3
0.858794	4
0.858806	4
0.858964	2
0.858964	2
0.859307	2
0.859415	3
0.859426	3
0.85989	2
0.859895	4
0.860195	1
0.860335	2
0.860335	2
0.860415	1
0.860517	1
0.860549	3
0.860555	3
0.86067	4
0.860685	1
0.861118	2
0.861123	3
0.861136	3
0.861441	2
0.861585	2
0.861668	2
0.861776	2
0.86181	3
0.862707	1
0.863062	1
0.86307	4
0.86308	4
0.863252	2
0.863252	2
0.863285	1
0.863756	1
0.863794	1
0.86394	2
0.86394	2
0.863964	1
0.864303	2
0.864318	5
0.864503	2
0.864536	2
0.864898	1
0.864998	2
0.865047	2
0.865199	2
0.865227	2
0.865565	2
0.865675	1
0.866123	1
0.866258	2
0.866441	1
0.866463	3
0.866585	1
0.866668	1
0.866776	1
0.866818	2
0.866821	3
0.866918	2
0.867345	2
0.867466	2
0.867473	3
0.867645	2
0.867792	2
0.867886	2
0.867999	2
0.868042	3
0.868049	3
0.86815	2
0.868153	2
0.868592	2
0.868707	3
0.868721	3
0.869264	2
0.869417	3
0.869503	1
0.869536	1
0.869844	2
0.86985	3
0.869972	4
0.870047	1
0.870227	1
0.870478	2
0.870502	2
0.870507	3
0.870577	1
0.870644	3
0.870651	3
0.870734	2
0.870767	2
0.871067	3
0.871077	3
0.871188	4
0.871206	5
0.871463	1
0.871465	2
0.87172	2
0.871743	3
0.871754	3
0.871834	2
0.871906	4
0.871947	2
0.872655	1
0.872723	2
0.872723	2
0.87273	2
0.872792	1
0.872886	1
0.872971	2
0.872975	3
0.87301	4
0.873049	1
0.873092	3
0.873095	4
0.873159	4
0.873173	5
0.873881	2
0.873881	2
0.873951	2
0.873961	2
0.873963	3
0.874024	2
0.874116	2
0.874201	3
0.874211	3
0.874236	4
0.874257	5
0.874295	2
0.874336	4
0.874425	6
0.874935	2
0.875139	2
0.875142	3
0.875214	3
0.875218	3
0.87555	2
0.875734	1
0.875767	1
0.876077	1
0.876155	2
0.876155	2
0.876195	3
0.876212	3
0.876395	3
0.876402	3
0.876472	3
0.876947	1
0.876966	2
0.876992	2
0.877305	2
0.877387	2
0.877449	4
0.877644	4
0.877716	4
0.877728	4
0.878093	2
0.878782	2
0.878963	1
0.879024	1
0.879116	1
0.879211	1
0.879257	1
0.879343	3
0.879432	1
0.88001	2
0.880014	2
0.880205	2
0.880267	2
0.880358	2
0.880465	2
0.880511	2
0.88055	1
0.880605	3
0.880694	2
0.881729	2
0.881772	3
0.881775	4
0.881955	3
0.881957	4
0.881966	1
0.881992	1
0.882305	1
0.88239	1
0.882449	1
0.882647	1
0.882948	2
0.882952	3
0.882997	4
0.883193	5
0.883196	5
0.88321	2
0.883239	2
0.883563	2
0.883712	2
0.883911	2
0.883974	1
0.884209	3
0.884216	3
0.884343	1
0.884973	3
0.884978	4
0.885014	1
0.885169	2
0.885172	2
0.885205	1
0.885239	2
0.885267	1
0.885358	1
0.885607	2
0.886235	5
0.886271	2
0.886433	3
0.88647	2
0.88653	2
0.886622	2
0.886852	3
0.887485	6
0.887526	2
0.888004	1
0.8882	1
0.888203	2
0.888228	1
0.888563	1
0.889216	1
0.889258	2
0.889451	2
0.889457	2
0.889502	1
0.889826	2
0.890239	1
0.891433	1
0.89147	1
0.891501	2
0.891501	2
0.891561	1
0.891622	1
0.891854	1
0.892493	1
0.892526	1
0.892669	2
0.892708	2
0.892742	2
0.89287	2
0.893051	2
0.893117	2
0.893786	2
0.893931	2
0.894258	1
0.894308	2
0.894312	2
0.894331	2
0.894379	2
0.894451	1
0.894457	1
0.894824	2
0.894826	1
0.895023	2
0.895169	2
0.895172	3
0.895493	2
0.89555	3
0.895555	3
0.895576	2
0.895579	2
0.895628	2
0.895633	3
0.895701	2
0.895708	2
0.896283	2
0.896288	3
0.89696	2
0.897522	3
0.897533	3
0.897708	1
0.897744	1
0.898777	4
0.898963	2
0.899002	2
0.899135	1
0.899824	1
0.900172	1
0.900228	2
0.900268	2
0.900332	2
0.900476	2
0.900493	1
0.900579	1
0.900633	1
0.900708	1
0.90075	2
0.901063	2
0.901415	2
0.901474	2
0.901479	3
0.90152	2
0.901522	3
0.901592	2
0.901595	2
0.90173	2
0.901751	2
0.901814	1
0.90184	2
0.90196	1
0.902501	3
0.902652	2
0.902722	3
0.902729	3
0.90277	3
0.902776	3
0.902848	3
0.902852	3
0.902994	2
0.902997	3
0.903017	2
0.903741	2
0.903752	2
0.903908	2
0.903914	3
0.903991	4
0.904477	2
0.904988	2
0.90499	2
0.905	1
0.905162	3
0.905173	3
0.905244	4
0.905258	5
0.905705	2
0.905709	2
0.90575	1
0.906063	1
0.906064	2
0.906235	3
0.906239	3
0.906246	2
0.906431	4
0.90684	1
0.907321	2
0.907324	2
0.907776	1
0.907852	1
0.907997	1
0.908017	1
0.908078	2
0.908549	2
0.908551	2
0.908554	3
0.908752	1
0.909013	2
0.909094	2
0.909228	2
0.909249	2
0.909319	2
0.909798	2
0.909804	3
0.909808	3
0.909989	2
0.910258	1
0.910493	2
0.910577	2
0.910709	1
0.911052	3
0.911065	3
0.911253	2
0.911436	1
0.911503	2
0.911856	2
0.911927	2
0.911931	2
0.912298	4
0.912485	2
0.912499	3
0.912689	2
0.91276	3
0.912762	4
0.91355	4
0.913653	2
0.913954	2
0.914013	1
0.914017	4
0.914094	1
0.914249	1
0.914804	1
0.914887	2
0.91526	2
0.915264	5
0.915277	6
0.91535	2
0.915493	1
0.915577	1
0.916051	2
0.916856	1
0.916927	1
0.916931	1
0.917001	2
0.917279	1
0.917297	2
0.917499	1
0.918064	2
0.918147	2
0.918152	2
0.918228	2
0.918516	2
0.918537	2
0.91854	3
0.918745	2
0.918954	1
0.91933	2
0.919887	1
0.920002	2
0.92026	1
0.920277	1
0.92035	1
0.92058	2
0.920584	3
0.921102	2
0.921197	2
0.921204	3
0.921424	2
0.921471	2
0.92149	2
0.921567	2
0.921794	3
0.921805	3
0.922331	2
0.922434	3
0.922447	3
0.923131	1
0.923152	1
0.923228	1
0.923516	1
0.92354	1
0.923583	2
0.923591	3
0.923699	4
0.924358	2
0.924358	2
0.924382	2
0.924463	2
0.92474	2
0.924767	2
0.924811	3
0.924824	3
0.924923	4
0.924945	5
0.9255	2
0.925614	2
0.925618	3
0.925647	2
0.926424	1
0.926471	1
0.92649	1
0.926567	1
0.92676	2
0.926805	1
0.926839	2
0.926839	2
0.926877	3
0.927633	2
0.927684	2
0.927707	2
0.927789	2
0.927971	2
0.927986	2
0.92799	3
0.928039	2
0.928077	2
0.928888	2
0.929463	1
0.92974	1
0.929767	1
0.929824	1
0.929945	1
0.930126	2
0.930132	3
0.930386	2
0.930386	2
0.930647	1
0.930688	2
0.930961	2
0.930961	2
0.930988	2
0.931045	2
0.931175	2
0.931352	3
0.931368	3
0.931635	2
0.931882	1
0.93228	2
0.932429	3
0.932433	4
0.932707	1
0.932789	1
0.932887	3
0.932891	3
0.932971	1
0.93299	1
0.933039	1
0.933073	2
0.933077	1
0.933142	2
0.933142	2
0.933527	2
0.933532	3
0.93368	4
0.933944	1
0.933969	2
0.934045	2
0.934148	3
0.934232	2
0.934395	2
0.934936	5
0.934949	6
0.935189	2
0.935189	2
0.935219	2
0.935223	2
0.935305	2
0.935403	4
0.935406	4
0.93565	3
0.935654	3
0.935688	1
0.935961	1
0.935988	1
0.936174	7
0.936368	1
0.936427	2
0.936465	3
0.936544	2
0.936549	3
0.936659	5
0.936901	3
0.936945	2
0.937219	2
0.937632	2
0.938073	1
0.938146	2
0.938207	2
0.938483	2
0.938532	1
0.938878	2
0.939232	1
0.939311	2
0.939311	2
0.939387	2
0.939389	2
0.939448	2
0.939452	3
0.939733	2
0.939738	3
0.939792	2
0.940712	3
0.940989	3
0.940997	3
0.941055	2
0.94118	1
0.941427	1
0.941465	1
0.941549	1
0.941662	1
0.941868	2
0.941868	2
0.941907	1
0.942219	4
0.942283	2
0.942287	3
0.942413	2
0.942671	2
0.942711	2
0.942802	2
0.942917	2
0.943132	2
0.943469	4
0.943882	1
0.943973	2
0.944181	3
0.944254	2
0.944389	1
0.944392	3
0.944395	3
0.9451	2
0.945195	2
0.945198	3
0.945486	2
0.945575	1
0.945629	2
0.945635	3
0.945712	1
0.946358	2
0.946975	2
0.94723	1
0.947247	2
0.947287	1
0.947413	1
0.947618	2
0.947622	3
0.947671	1
0.947802	1
0.948221	2
0.948479	2
0.948504	2
0.948547	2
0.949181	1
0.949764	2
0.949768	3
0.949812	2
0.950198	1
0.95048	2
0.950488	1
0.950629	1
0.950639	1
0.951011	3
0.951021	3
0.951448	2
0.951664	2
0.951724	2
0.951732	2
0.951878	2
0.951892	2
0.952277	4
0.952622	1
0.952982	2
0.953157	2
0.953224	1
0.953479	1
0.953532	4
0.953879	2
0.954444	2
0.95471	2
0.954812	1
0.955114	2
0.956373	2
0.956383	3
0.956448	1
0.956664	1
0.956697	1
0.956724	1
0.95683	2
0.95683	2
0.956878	1
0.95759	3
0.957604	3
0.957671	2
0.957899	2
0.957934	2
0.957934	2
0.957964	2
0.957964	2
0.958075	2
0.958127	2
0.958157	1
0.958541	1
0.959335	3
0.959444	1
0.95971	1
0.959801	2
0.960656	2
0.96092	2
0.96092	2
0.961024	2
0.961027	2
0.961804	2
0.962604	1
0.962671	1
0.962899	1
0.962934	1
0.962964	1
0.963068	2
0.963127	1
0.963834	2
0.963901	2
0.964138	2
0.964175	2
0.964209	2
0.964287	2
0.964315	2
0.964321	3
0.964331	2
0.964385	2
0.964385	2
0.96509	2
0.965156	2
0.965646	2
0.96592	1
0.966027	1
0.966046	2
0.966046	2
0.966376	2
0.966382	3
0.966921	1
0.967138	2
0.967256	2
0.96728	2
0.967622	3
0.967634	3
0.969138	1
0.969175	1
0.969209	1
0.969287	1
0.969321	1
0.969331	1
0.969402	2
0.969402	2
0.97009	1
0.970368	2
0.970415	2
0.970451	2
0.970539	2
0.970577	2
0.970589	2
0.970646	1
0.970667	2
0.971354	2
0.971354	2
0.971622	2
0.971674	2
0.971714	2
0.971835	2
0.971921	3
0.971926	3
0.972138	1
0.972256	1
0.97228	1
0.972602	2
0.972634	1
0.972877	2
0.97288	3
0.972933	2
0.972937	3
0.973098	2
0.973543	2
0.973856	3
0.973862	3
0.973892	2
0.974115	3
0.974123	3
0.974174	3
0.974181	3
0.974776	2
0.975099	3
0.975139	2
0.975366	4
0.975431	4
0.975539	1
0.975589	1
0.976031	2
0.976358	4
0.976619	4
0.976714	1
0.976804	2
0.976851	2
0.976926	1
0.977581	3
0.977936	2
0.978029	2
0.97806	2
0.978098	1
0.978131	2
0.978131	2
0.978142	2
0.978662	2
0.978825	2
0.978932	2
0.979751	1
0.979922	2
0.980014	2
0.980014	2
0.980084	2
0.980092	2
0.980141	1
0.980195	2
0.980437	1
0.980989	2
0.980989	2
0.981266	2
0.981338	3
0.981347	3
0.9814	2
0.981452	2
0.981457	3
0.981631	1
0.981901	2
0.981901	2
0.982227	2
0.98223	3
0.982502	3
0.982506	3
0.982583	3
0.982653	2
0.982707	3
0.982715	3
0.982873	2
0.982936	1
0.983029	1
0.98306	1
0.983131	1
0.983142	1
0.983145	2
0.98338	2
0.983472	3
0.98348	3
0.983508	2
0.983764	3
0.983844	4
0.984293	2
0.984634	2
0.984733	4
0.984769	2
0.984922	1
0.985013	4
0.985027	4
0.985107	3
0.985511	2
0.98584	2
0.985845	3
0.985952	4
0.985964	5
0.985997	2
0.986001	3
0.98616	2
0.98616	2
0.986268	5
0.986356	2
0.986772	2
0.987105	3
0.987653	1
0.987715	1
0.987873	1
0.988145	1
0.988875	2
0.988933	2
0.989077	2
0.989077	2
0.989313	2
0.989313	2
0.989367	2
0.98995	4
0.990106	2
0.990166	2
0.990312	2
0.990564	2
0.990623	2
0.990964	1
0.991001	1
0.99116	1
0.991275	1
0.991364	1
0.991428	2
0.991434	3
0.991772	1
0.991824	3
0.991828	3
0.991878	2
0.991882	3
0.992105	1
0.992218	2
0.992253	2
0.992402	2
0.992503	2
0.992591	2
0.992657	3
0.992667	3
0.992979	2
0.993036	3
0.993091	3
0.993102	3
0.993328	2
0.993449	3
0.993451	4
0.993489	2
0.99365	2
0.993744	3
0.993747	3
0.993843	2
0.993923	4
0.994322	2
0.994585	2
0.994714	4
0.994753	2
0.995106	1
0.995175	4
0.995188	5
0.995312	1
0.99556	2
0.995807	2
0.99581	3
0.996324	2
0.996408	6
0.996543	2
0.9968	2
0.996804	3
0.997051	3
0.99706	3
0.997979	1
0.99804	1
0.998102	1
0.998306	4
0.99865	1
0.998733	1
0.998843	1
0.999199	2
0.999267	2
0.99933	2
0.999534	4
0.999546	5
0.999714	1
0.999753	1
0.999903	2
0.999993	2
1.00116	2
1.00125	2
1.00125	2
1.00132	1
1.00141	1
1.00154	1
1.0018	1
1.00235	2
1.00236	3
1.00246	3
1.00246	3
1.00254	2
1.00263	2
1.00277	2
1.00304	2
1.0042	1
1.00427	1
1.00431	2
1.00433	1
1.00455	1
1.0054	2
1.00547	2
1.00551	2
1.00551	3
1.00553	2
1.00576	2
1.00665	2
1.00672	2
1.00676	3
1.00677	3
1.00679	2
1.00736	1
1.00743	1
1.00754	1
1.00763	1
1.00777	1
1.0079	2
1.00791	3
1.00798	2
1.00798	3
1.00805	2
1.00806	3
1.00859	2
1.00866	2
1.00877	2
1.00886	2
1.009	2
1.00915	3
1.00915	3
1.00923	3
1.00923	3
1.0093	3
1.00931	3
1.00985	2
1.00992	2
1.00992	2
1.01003	2
1.01076	1
1.01098	2
1.01098	2
1.01111	2
1.01111	3
1.01118	3
1.01119	3
1.01166	2
1.01177	1
1.01198	2
1.01221	2
1.01234	3
1.01235	3
1.01243	3
1.01292	2
1.01292	2
1.01303	2
1.01386	1
1.014	1
1.01415	1
1.01418	3
1.0142	2
1.01423	1
1.01431	1
1.01438	2
1.0144	2
1.01503	1
1.01509	2
1.01524	2
1.01539	2
1.01542	3
1.01543	3
1.01544	2
1.01548	2
1.01556	2
1.01564	2
1.01566	2
1.0162	1
1.01634	2
1.01666	2
1.01698	1
1.01721	1
1.01735	1
1.01746	2
1.01803	1
1.01823	2
1.01846	2
1.0186	2
1.01987	2
1.02024	1
1.02043	1
1.02044	1
1.02048	1
1.02056	1
1.02064	1
1.02066	1
1.0211	2
1.02111	3
1.02134	1
1.02149	2
1.02166	1
1.02237	3
1.02246	1
1.02292	2
1.02292	2
1.02323	1
1.02369	2
1.02369	2
1.02384	2
1.02417	2
1.02473	1
1.02543	3
1.02596	2
1.02596	2
1.02625	2
1.02649	1
1.0272	2
1.02737	1
1.0275	2
1.02791	2
1.02846	3
1.02863	2
1.02869	1
1.02884	1
1.02928	2
1.02986	2
1.02992	2
1.03008	2
1.03008	2
1.03025	2
1.03054	2
1.0317	2
1.03174	2
1.03179	2
1.0318	3
1.03182	2
1.03193	2
1.0325	1
1.03293	2
1.03297	2
1.03303	3
1.03303	3
1.03306	2
1.03317	2
1.03346	1
1.03376	2
1.03417	1
1.03443	2
1.03472	2
1.03472	2
1.03486	1
1.03492	1
1.03502	2
1.03508	1
1.03508	1
1.03525	1
1.03541	2
1.03541	2
1.03595	2
1.03609	2
1.03615	2
1.03626	2
1.03626	3
1.03632	2
1.03633	2
1.0365	2
1.03668	2
1.03735	2
1.03759	2
1.03793	1
1.03793	3
1.03794	3
1.03797	1
1.03803	1
1.03806	1
1.03818	1
1.03859	2
1.03859	3
1.03881	2
1.03881	3
1.03916	2
1.03917	3
1.03921	2
1.03928	2
1.03931	2
1.03943	2
1.03943	2
1.03985	3
1.03986	3
1.04095	1
1.0411	4
1.04115	1
1.04126	1
1.0415	1
1.04219	2
1.04234	4
1.04236	5
1.04241	2
1.04253	2
1.04259	1
1.04345	2
1.04362	6
1.04367	2
1.04381	1
1.04385	2
1.04385	2
1.04416	1
1.04418	1
1.04421	1
1.04428	1
1.04431	1
1.04443	1
1.04469	2
1.0447	3
1.04487	7
1.04553	2
1.04556	2
1.04569	2
1.04596	3
1.04614	6
1.04677	2
1.0468	2
1.04694	2
1.04739	5
1.0474	5
1.0474	5
1.04753	1
1.04806	2
1.04806	3
1.04847	2
1.04867	1
1.04885	1
1.0493	3
1.04931	3
1.04992	2
1.0501	2
1.05136	2
1.05169	2
1.05177	1
1.05189	2
1.05194	1
1.0524	1
1.05257	2
1.05258	3
1.05273	2
1.05294	2
1.05303	2
1.05366	2
1.054	2
1.0542	2
1.05421	3
1.05471	1
1.05492	1
1.05492	3
1.05492	4
1.05507	2
1.05543	2
1.05544	2
1.05547	3
1.05556	1
1.05596	2
1.05618	2
1.05618	5
1.05669	2
1.0567	2
1.05682	2
1.05689	1
1.05722	2
1.05744	2
1.05758	1
1.05794	2
1.05795	3
1.05803	1
1.05808	2
1.05816	2
1.05871	2
1.05879	2
1.05884	2
1.05884	2
1.059	1
1.05921	3
1.05922	3
1.05929	2
1.06004	2
1.06007	1
1.0601	2
1.06047	1
1.06119	1
1.0613	2
1.06131	3
1.06134	2
1.06171	1
1.06172	2
1.06222	1
1.06242	2
1.06254	3
1.06255	3
1.06257	2
1.06294	2
1.06296	2
1.06309	1
1.06316	1
1.06319	2
1.06349	2
1.06371	1
1.06422	1
1.06423	2
1.06429	1
1.06442	2
1.06474	2
1.06495	2
1.06495	2
1.0651	1
1.06544	2
1.06552	2
1.06565	2
1.06598	2
1.06598	3
1.0662	2
1.06636	2
1.06676	2
1.06689	2
1.06689	3
1.06724	3
1.06725	3
1.06742	1
1.06747	3
1.06755	1
1.06757	1
1.068	2
1.06801	3
1.06814	3
1.06815	3
1.06819	1
1.06848	4
1.06868	2
1.06881	2
1.06883	2
1.06921	1
1.06923	1
1.06925	3
1.06926	3
1.0694	4
1.06945	2
1.06945	2
1.06994	2
1.06994	2
1.07007	2
1.07026	2
1.07026	2
1.07044	1
1.07065	4
1.07067	5
1.07071	2
1.07072	3
1.07099	2
1.07099	2
1.07116	3
1.07127	2
1.07127	3
1.07136	1
1.07145	2
1.07162	2
1.07187	6
1.07191	3
1.07192	3
1.07221	2
1.07238	3
1.07239	3
1.07247	1
1.0725	3
1.07251	3
1.07259	2
1.07269	3
1.07269	3
1.07288	2
1.07298	1
1.07318	4
1.07349	1
1.07383	1
1.07385	2
1.07394	3
1.07413	2
1.07414	3
1.07424	2
1.07434	2
1.07442	4
1.07443	5
1.07471	2
1.07503	2
1.07505	2
1.07506	3
1.07515	4
1.07516	4
1.07535	3
1.07536	3
1.07543	2
1.07547	2
1.07558	2
1.07567	6
1.07597	2
1.07597	2
1.07687	1
1.07721	1
1.07722	3
1.07738	1
1.07751	1
1.0781	2
1.07845	2
1.07845	3
1.07846	3
1.07863	2
1.07876	2
1.07969	2
1.0797	4
1.07987	2
1.08001	2
1.08004	1
1.08006	1
1.08016	1
1.08036	1
1.08043	1
1.08045	2
1.08045	2
1.08047	1
1.08048	2
1.08048	2
1.08058	1
1.08093	2
1.08093	3
1.08094	4
1.08095	5
1.08112	2
1.08112	3
1.08127	2
1.08127	3
1.08132	2
1.0816	2
1.08168	2
1.08171	2
1.08172	2
1.08173	2
1.08184	2
1.08192	1
1.08219	3
1.08219	3
1.08221	6
1.08237	3
1.08238	3
1.08283	2
1.08292	2
1.08295	3
1.08295	3
1.08297	2
1.08298	3
1.08299	3
1.08309	2
1.0831	1
1.08318	2
1.08345	4
1.08347	5
1.08363	4
1.08418	2
1.08418	3
1.08435	2
1.08436	3
1.08486	4
1.08488	5
1.08543	3
1.08544	3
1.08561	3
1.08562	3
1.0861	6
1.08627	1
1.08632	1
1.08669	4
1.08685	4
1.08721	1
1.08735	7
1.08753	2
1.08784	1
1.08797	1
1.08799	1
1.0881	4
1.08812	5
1.08818	1
1.08845	1
1.08846	2
1.0886	4
1.08877	2
1.08882	2
1.08907	2
1.08921	2
1.08921	1
1.08922	2
1.08935	6
1.08942	2
1.0897	2
1.08971	3
1.08971	4
1.08986	5
1.08987	5
1.09003	2
1.09004	3
1.09059	7
1.09068	2
1.09068	2
1.09128	3
1.09129	3
1.09141	2
1.09169	1
1.0918	8
1.09185	9
1.09192	3
1.09236	3
1.09252	4
1.09266	2
1.09266	2
1.09295	2
1.09363	4
1.09382	1
1.09407	1
1.09421	1
1.09422	1
1.09436	2
1.09449	2
1.0947	1
1.09471	1
1.09508	2
1.09547	2
1.09548	2
1.09561	2
1.09561	2
1.09573	2
1.09594	2
1.09595	2
1.09631	2
1.09668	2
1.0967	2
1.09683	3
1.09691	1
1.09696	2
1.09696	3
1.09719	2
1.0972	3
1.0972	3
1.09753	1
1.09757	2
1.09757	3
1.09758	2
1.09766	1
1.09795	1
1.09807	1
1.09845	2
1.09846	3
1.09847	3
1.09863	1
1.09879	2
1.09884	3
1.09884	3
1.09885	2
1.09892	2
1.09904	2
1.09919	2
1.09929	2
1.09939	2
1.09966	3
1.09966	3
1.09967	3
1.09984	2
1.10001	2
1.10001	2
1.10006	4
1.10007	2
1.10008	3
1.10016	2
1.10028	2
1.10044	2
1.10046	2
1.10054	3
1.10054	4
1.10065	2
1.10132	4
1.10168	1
1.1017	1
1.1017	2
1.1017	3
1.10172	2
1.10179	5
1.10179	6
1.1018	7
1.1018	7
1.10182	1
1.1019	2
1.10191	3
1.10196	1
1.1029	2
1.10292	2
1.10293	3
1.10293	3
1.10295	2
1.10296	3
1.10303	7
1.10307	2
1.10315	3
1.10316	3
1.10322	2
1.10371	2
1.10371	2
1.1038	2
1.10422	3
1.10466	1
1.10467	1
1.10485	1
1.10497	2
1.10508	1
1.10516	1
1.10528	1
1.10533	2
1.1059	2
1.10591	2
1.10608	2
1.10608	2
1.10621	3
1.10621	3
1.10627	1
1.10632	2
1.10639	2
1.10651	2
1.10656	2
1.10672	2
1.10713	2
1.10714	3
1.10733	2
1.10733	3
1.10746	3
1.10753	2
1.10753	2
1.10758	2
1.10782	2
1.10783	3
1.1079	1
1.10792	1
1.10793	1
1.10804	1
1.10807	1
1.10816	1
1.10822	1
1.10839	2
1.10839	3
1.10859	3
1.10872	4
1.10873	4
1.10884	2
1.10884	3
1.10907	3
1.10908	3
1.10914	2
1.10916	2
1.10918	2
1.10922	1
1.10928	2
1.10931	2
1.10931	2
1.10938	2
1.10944	2
1.10962	3
1.10963	3
1.10996	5
1.11006	1
1.11009	3
1.11009	3
1.11033	4
1.11065	2
1.11107	2
1.11122	6
1.11139	1
1.11151	1
1.11158	4
1.11161	5
1.1119	2
1.11191	3
1.11231	2
1.11246	3
1.11254	1
1.11256	2
1.11263	2
1.11275	2
1.11284	6
1.11314	3
1.11315	3
1.11341	1
1.11354	2
1.11356	3
1.11381	2
1.11381	2
1.11389	2
1.11414	1
1.11416	1
1.11418	1
1.11428	1
1.11431	1
1.11441	4
1.11446	1
1.11463	1
1.1148	3
1.11482	3
1.11506	3
1.11507	3
1.11509	1
1.11514	2
1.11515	3
1.1154	2
1.11542	2
1.11543	2
1.11553	2
1.11556	2
1.11565	4
1.11567	5
1.11589	2
1.11608	4
1.11622	1
1.1163	2
1.11631	3
1.11635	2
1.1164	3
1.11641	3
1.11679	2
1.11682	2
1.11698	2
1.11747	2
1.11754	2
1.11755	2
1.11756	4
1.11757	4
1.1176	2
1.11766	4
1.11775	1
1.11785	1
1.11808	2
1.11808	3
1.11821	2
1.11821	2
1.11871	2
1.11871	2
1.11878	3
1.11878	3
1.1188	5
1.11884	2
1.11884	3
1.11884	2
1.11886	2
1.1189	4
1.11891	5
1.119	2
1.11909	2
1.11933	3
1.11934	3
1.11945	3
1.11946	3
1.1204	1
1.12042	1
1.12043	1
1.1206	4
1.12067	1
1.12072	3
1.12089	1
1.12108	1
1.12161	2
1.12162	2
1.12164	2
1.12179	1
1.12181	3
1.12188	2
1.12212	2
1.12232	2
1.12285	2
1.12287	2
1.12288	2
1.12305	2
1.12305	2
1.12357	2
1.12358	2
1.12371	1
1.12376	1
1.12381	1
1.12384	1
1.12384	1
1.12386	1
1.12391	1
1.124	1
1.12409	1
1.12409	2
1.1241	3
1.12412	2
1.12412	3
1.12414	2
1.12414	3
1.1243	2
1.12463	2
1.12479	3
1.12493	2
1.12498	2
1.12503	2
1.12507	2
1.12507	2
1.12508	2
1.12514	2
1.12523	2
1.12533	2
1.12533	3
1.12534	3
1.12536	3
1.12537	3
1.12538	3
1.12539	3
1.12556	3
1.12556	3
1.1256	1
1.12572	1
1.12603	3
1.12604	3
1.12688	1
1.12698	2
1.12698	2
1.12712	1
1.1273	4
1.12791	2
1.12813	2
1.12822	2
1.12837	2
1.12939	2
1.12939	2
1.12947	3
1.12948	3
1.12963	1
1.12964	2
1.12993	1
1.13003	1
1.13007	1
1.13007	1
1.13008	1
1.13014	1
1.13023	1
1.13033	1
1.13037	1
1.13039	1
1.13056	1
1.13062	3
1.13071	3
1.13088	2
1.13088	2
1.13089	2
1.13089	3
1.13124	1
1.13129	2
1.13141	2
1.13159	2
1.13159	2
1.1316	1
1.13197	4
1.13215	3
1.1323	1
1.1325	2
1.1325	2
1.13255	2
1.13255	2
1.13267	2
1.13267	2
1.13284	2
1.13285	2
1.13354	2
1.13375	2
1.13381	3
1.13393	3
1.13445	2
1.13501	3
1.13502	3
1.13517	3
1.13518	3
1.13562	1
1.13588	1
1.1359	1
1.13688	2
1.13697	2
1.13716	2
1.13784	1
1.13785	1
1.13814	2
1.13854	1
1.13881	1
1.13939	2
1.1394	3
1.13978	2
1.14002	1
1.14003	2
1.14018	1
1.14063	3
1.14064	3
1.14073	1
1.14104	2
1.14133	2
1.14171	2
1.14216	1
1.14229	2
1.1423	3
1.14257	2
1.14293	2
1.14294	2
1.14322	2
1.1434	2
1.1434	2
1.14353	3
1.14355	3
1.14382	2
1.14383	3
1.1448	4
1.14503	1
1.14508	3
1.14509	3
1.14564	1
1.14603	4
1.14605	5
1.14627	2
1.14634	4
1.1467	1
1.14759	4
1.14822	1
1.1484	1
1.14905	2
1.14906	2
1.14906	2
1.14919	2
1.14946	2
1.14962	2
1.14965	2
1.15088	2
1.15088	2
1.15091	2
1.15105	1
1.15126	1
1.15127	2
1.15142	2
1.15209	3
1.15209	3
1.15213	2
1.15213	3
1.15228	2
1.1525	2
1.1525	2
1.15252	2
1.1526	1
1.15267	2
1.15335	3
1.15339	3
1.1534	3
1.15354	3
1.15354	4
1.15405	1
1.15406	1
1.15419	1
1.1546	4
1.15461	4
1.15465	4
1.15479	4
1.15528	2
1.15528	2
1.1553	2
1.15543	2
1.15572	1
1.15584	5
1.15589	4
1.1559	5
1.15604	5
1.15605	6
1.15653	2
1.15653	3
1.15655	2
1.15669	2
1.1575	1
1.15752	1
1.15768	1
1.15779	3
1.15779	3
1.1578	2
1.15781	3
1.15795	2
1.15874	2
1.15876	2
1.15892	2
1.15904	4
1.15906	3
1.15907	3
1.16001	2
1.16002	2
1.16085	1
1.1609	1
1.16105	1
1.16118	2
1.16125	2
1.16126	3
1.16128	2
1.16128	3
1.16132	2
1.16133	2
1.16147	2
1.16159	2
1.16162	2
1.16162	2
1.16178	2
1.16207	2
1.16213	2
1.16229	2
1.16243	2
1.1625	3
1.16251	3
1.16252	3
1.16253	3
1.16257	2
1.16258	2
1.16272	2
1.16295	1
1.16331	3
1.16332	4
1.16338	3
1.16338	4
1.16355	3
1.16355	4
1.16368	2
1.16392	1
1.16404	1
1.16407	1
1.1642	2
1.16455	4
1.16462	4
1.1648	5
1.1648	5
1.16529	2
1.16531	2
1.16545	2
1.16581	5
1.16582	6
1.16588	5
1.16589	6
1.1665	1
1.16655	2
1.16657	2
1.16659	1
1.16662	1
1.16671	2
1.16672	3
1.16678	1
1.16699	2
1.16699	2
1.16751	1
1.16753	1
1.16757	1
1.16759	1
1.16771	2
1.16771	2
1.16781	2
1.16784	2
1.16792	3
1.16793	3
1.168	2
1.16821	2
1.1683	4
1.16832	3
1.16868	1
1.16875	2
1.16878	2
1.16882	2
1.16884	2
1.16896	2
1.16896	3
1.16908	2
1.16981	1
1.16995	2
1.16995	2
1.17002	2
1.17004	2
1.17022	3
1.17089	1
1.17103	2
1.17119	2
1.17125	2
1.17125	3
1.17127	2
1.17128	3
1.17155	1
1.17157	1
1.17207	1
1.17215	2
1.17229	3
1.1723	4
1.17271	2
1.17284	1
1.17293	1
1.173	1
1.17321	1
1.17332	2
1.17339	3
1.17339	4
1.17354	5
1.17384	1
1.17395	2
1.17404	2
1.17408	1
1.17408	2
1.17408	2
1.17417	2
1.17424	2
1.17447	2
1.17457	2
1.17465	5
1.17465	5
1.17508	1
1.1751	2
1.17534	2
1.17535	2
1.17619	1
1.17625	1
1.17628	1
1.17633	2
1.17633	2
1.17635	2
1.17657	2
1.17686	2
1.17742	2
1.17748	2
1.17751	2
1.17756	2
1.17758	2
1.17758	3
1.17782	2
1.17783	3
1.17855	1
1.17881	3
1.17882	3
1.17895	1
1.17904	1
1.17908	3
1.17908	1
1.17917	1
1.17924	1
1.17947	1
1.17957	1
1.17979	2
1.18005	3
1.18019	2
1.18028	2
1.18033	2
1.18033	2
1.18035	1
1.18042	2
1.1805	2
1.18072	2
1.18092	1
1.18105	3
1.18176	2
1.18186	1
1.18199	2
1.18217	2
1.18242	1
1.18248	1
1.18251	1
1.18258	1
1.18299	2
1.183	3
1.18311	2
1.18324	2
1.18324	3
1.18343	3
1.18343	4
1.18369	2
1.18377	2
1.18409	1
1.1845	3
1.1845	3
1.18469	5
1.18503	2
1.18505	1
1.18519	1
1.18528	1
1.18533	1
1.18533	2
1.18533	2
1.18542	1
1.18575	4
1.18605	1
1.18645	2
1.1866	2
1.18701	4
1.18703	5
1.18769	2
1.188	1
1.18813	1
1.18869	1
1.18895	2
1.18895	3
1.18925	2
1.18969	1
1.18994	2
1.19003	1
1.1902	3
1.19022	3
1.1905	2
1.1913	2
1.19146	4
1.1916	1
1.1916	2
1.1916	2
1.19177	2
1.19254	2
1.19269	4
1.19271	5
1.19285	2
1.19327	1
1.19373	2
1.19379	2
1.1938	3
1.19384	2
1.19452	2
1.19483	2
1.19493	1
1.19497	2
1.19504	3
1.19505	3
1.19509	2
1.19518	2
1.19521	3
1.19555	1
1.19578	3
1.19579	4
1.19636	2
1.19636	3
1.19643	2
1.19647	3
1.19654	2
1.19659	2
1.19686	2
1.19686	2
1.19702	4
1.19757	3
1.19758	3
1.19765	2
1.19766	3
1.19769	4
1.19773	4
1.19778	2
1.19783	2
1.19785	1
1.19809	2
1.19826	5
1.19827	6
1.19868	2
1.19908	2
1.19908	3
1.19911	2
1.19927	2
1.19935	3
1.19983	1
1.19994	2
1.19994	2
1.19997	1
1.20004	1
1.20034	3
1.20034	3
1.20037	2
1.20037	2
1.20093	2
1.20106	2
1.20118	3
1.20118	3
1.20121	2
1.20126	2
1.20144	2
1.20159	4
1.20162	2
1.20162	2
1.20163	2
1.20163	3
1.20186	2
1.20204	2
1.20219	2
1.2022	2
1.20232	2
1.20252	2
1.20258	1
1.20266	1
1.2027	3
1.20278	1
1.20346	3
1.20356	2
1.20357	3
1.20377	2
1.20377	3
1.20383	2
1.20383	2
1.20391	2
1.20403	2
1.20411	2
1.20427	1
1.20435	1
1.20453	1
1.20481	3
1.20482	3
1.20503	3
1.20579	2
1.20608	4
1.20618	1
1.20621	1
1.2066	1
1.20662	1
1.20663	1
1.20699	2
1.207	2
1.20729	4
1.2073	5
1.2074	2
1.20742	2
1.2077	1
1.20786	2
1.20787	2
1.20825	3
1.20846	1
1.20883	1
1.20891	1
1.20903	1
1.20909	2
1.2095	3
1.20951	3
1.20972	2
1.20972	2
1.21003	1
1.21009	2
1.21017	2
1.21029	2
1.21035	2
1.21035	2
1.21075	4
1.21082	2
1.21097	2
1.21143	2
1.21201	4
1.21223	3
1.21224	3
1.21232	1
1.2124	1
1.21242	1
1.21267	2
1.21268	3
1.21286	1
1.21287	1
1.21327	3
1.21349	3
1.21357	2
1.21365	2
1.21368	2
1.21393	3
1.21453	2
1.21475	4
1.21476	4
1.21483	2
1.21483	2
1.21509	1
1.21529	1
1.21535	1
1.21552	2
1.2156	2
1.2156	2
1.21601	5
1.21632	2
1.21655	2
1.21661	2
1.21668	2
1.21686	2
1.21708	1
1.21726	6
1.21758	2
1.2178	2
1.21787	2
1.21794	2
1.21834	2
1.21834	2
1.21851	4
1.21865	1
1.21868	1
1.21894	1
1.21895	2
1.21895	2
1.21906	2
1.21906	3
1.21912	2
1.21913	3
1.21919	2
1.21919	3
1.21953	1
1.21983	1
1.2202	2
1.2202	2
1.22021	2
1.22032	3
1.22039	3
1.22045	3
1.22052	1
1.22078	2
1.22108	2
1.22108	2
1.22128	2
1.22145	2
1.22146	3
1.22147	3
1.22178	2
1.22186	1
1.22204	2
1.22226	1
1.22234	2
1.22258	1
1.22271	3
1.22272	3
1.22329	2
1.2233	3
1.22334	1
1.22353	2
1.22359	3
1.2236	3
1.22383	2
1.22383	2
1.22385	2
1.22395	3
1.2241	2
1.22411	2
1.22452	3
1.22453	3
1.22457	2
1.22475	3
1.22475	3
1.22476	3
1.22483	3
1.22508	2
1.2251	2
1.2251	2
1.2252	4
1.22521	4
1.22532	1
1.22536	2
1.22537	2
1.22539	1
1.22546	1
1.22609	4
1.2261	4
1.22628	1
1.22647	1
1.22665	2
1.22672	2
1.22672	2
1.22678	1
1.22735	5
1.22754	2
1.22754	2
1.22773	2
1.22792	2
1.22861	6
1.229	2
1.22918	2
1.22918	3
1.22931	2
1.22957	1
1.22976	1
1.22987	3
1.22991	2
1.22994	2
1.23008	1
1.2301	1
1.23021	1
1.23036	1
1.23037	1
1.23057	2
1.23057	2
1.23078	1
1.23121	2
1.23134	2
1.23136	2
1.23172	1
1.23183	3
1.23183	3
1.23187	2
1.23204	2
1.23254	1
1.2333	2
1.23361	1
1.234	1
1.23418	1
1.23486	2
1.23491	1
1.23612	2
1.23612	2
1.23621	1
1.23636	1
1.23658	2
1.23683	1
1.23687	1
1.23735	3
1.23745	2
1.2376	2
1.2376	1
1.23781	2
1.23803	2
1.23808	2
1.2383	1
1.23856	3
1.23867	2
1.23883	2
1.23884	2
1.23884	2
1.23906	2
1.23906	3
1.23929	2
1.23933	2
1.24032	3
1.24055	2
1.24055	3
1.24059	2
1.2406	3
1.24083	2
1.241	2
1.24143	2
1.24157	2
1.24159	2
1.24177	3
1.24178	3
1.24182	3
1.24183	3
1.24208	2
1.24226	2
1.24352	2
1.24357	1
1.24367	1
1.2438	2
1.24383	1
1.24384	1
1.24481	2
1.24492	2
1.24506	2
1.24509	2
1.2451	2
1.24532	1
1.24607	2
1.24616	2
1.24617	2
1.24629	2
1.2463	3
1.24634	2
1.24634	2
1.24635	2
1.24643	1
1.24657	2
1.24657	1
1.24659	1
1.24678	1
1.24683	1
1.24708	1
1.24723	1
1.24728	2
1.24729	3
1.24738	2
1.24739	2
1.24739	3
1.24752	3
1.24753	3
1.24756	2
1.24757	3
1.24758	2
1.24759	2
1.24759	3
1.24767	2
1.24782	2
1.24783	2
1.24785	2
1.24804	2
1.24833	2
1.24882	3
1.24883	3
1.24884	2
1.24955	2
1.24955	2
1.24958	2
1.25005	4
1.25078	2
1.2508	2
1.25081	3
1.251	2
1.2513	4
1.25131	5
1.25203	3
1.25206	3
1.25229	1
1.25238	1
1.25239	1
1.25253	1
1.25257	6
1.25259	1
1.25259	1
1.25267	1
1.25282	1
1.25283	1
1.25285	1
1.25304	1
1.2531	2
1.2531	2
1.25314	2
1.25351	2
1.2536	2
1.25361	2
1.25375	2
1.2538	7
1.25382	2
1.25382	2
1.25383	2
1.25391	2
1.25407	2
1.25408	2
1.2541	2
1.2543	2
1.2545	2
1.25455	2
1.25477	2
1.25505	8
1.25518	2
1.25576	2
1.256	1
1.25639	2
1.25639	3
1.25697	2
1.25698	3
1.25723	2
1.2575	2
1.25764	3
1.25764	3
1.2581	1
1.25814	1
1.2586	1
1.25861	1
1.25875	1
1.25877	3
1.25882	1
1.25883	1
1.2589	4
1.25907	1
1.25908	1
1.2591	1
1.2593	1
1.25935	2
1.25939	2
1.25977	1
1.25982	2
1.25984	2
1.25998	2
1.25999	4
1.25999	5
1.26004	2
1.26005	2
1.26013	4
1.26014	5
1.2603	2
1.26032	2
1.26034	2
1.26054	2
1.2606	2
1.26065	2
1.26081	1
1.26103	2
1.26103	2
1.26198	1
1.26223	1
1.26229	2
1.26293	2
1.26315	2
1.26342	2
1.26348	3
1.26349	3
1.26377	1
1.26414	2
1.26437	2
1.26466	2
1.26474	3
1.26482	1
1.26484	1
1.26498	1
1.265	1
1.265	1
1.26514	1
1.2653	1
1.26532	1
1.26534	1
1.26539	2
1.2654	3
1.26554	1
1.2656	1
1.26565	1
1.26592	2
1.26592	3
1.26599	4
1.26607	2
1.2661	2
1.26623	2
1.26625	2
1.26625	2
1.26626	2
1.26626	2
1.26639	2
1.26653	2
1.26655	2
1.26656	2
1.26661	3
1.26662	3
1.26675	2
1.2668	2
1.26684	2
1.26711	3
1.26712	3
1.2672	3
1.26726	2
1.26729	2
1.26744	2
1.26745	2
1.26746	3
1.26747	2
1.26747	3
1.2676	3
1.26761	4
1.26775	2
1.26777	2
1.26779	2
1.26785	4
1.26798	2
1.26804	2
1.26808	2
1.26837	4
1.26845	2
1.26851	2
1.26852	3
1.26855	2
1.26856	3
1.26869	2
1.26872	3
1.26905	2
1.26906	3
1.26924	2
1.26924	3
1.2693	2
1.2693	3
1.26938	1
1.26962	4
1.26964	5
1.26971	2
1.26972	2
1.27028	3
1.27029	3
1.27034	3
1.27035	2
1.27046	3
1.27047	3
1.27053	3
1.27054	3
1.27061	2
1.27088	6
1.27096	3
1.27097	3
1.27154	4
1.27214	7
1.27222	3
1.27229	2
1.27245	1
1.27247	1
1.27261	1
1.27275	1
1.27277	1
1.27279	4
1.27281	5
1.27285	1
1.27308	1
1.27337	3
1.27352	1
1.27352	2
1.27352	2
1.27356	1
1.27368	2
1.27368	2
1.27371	2
1.27372	1
1.27385	2
1.274	2
1.27401	2
1.27406	6
1.27411	2
1.27411	2
1.2747	2
1.27497	2
1.27537	2
1.27547	1
1.27554	1
1.27592	2
1.27618	2
1.27618	3
1.27658	3
1.27658	3
1.27667	2
1.27674	2
1.27688	1
1.27714	1
1.27714	2
1.27715	3
1.27742	3
1.27743	3
1.27809	2
1.27849	1
1.27868	1
1.27869	4
1.27885	1
1.279	1
1.27901	1
1.27907	1
1.27934	2
1.2797	2
1.2797	2
1.27989	4
1.27989	2
1.27991	5
1.28007	2
1.28023	2
1.28025	2
1.2803	2
1.28057	2
1.28058	3
1.28096	2
1.28167	1
1.28174	1
1.28215	1
1.28284	1
1.28288	2
1.28296	2
1.28338	2
1.28409	2
1.28415	2
1.28482	2
1.28489	1
1.28491	1
1.28507	1
1.28523	1
1.28524	1
1.2853	1
1.28534	2
1.2854	2
1.2854	3
1.28558	1
1.28596	1
1.28602	2
1.2861	2
1.28611	2
1.28628	2
1.28645	2
1.28646	2
1.28652	2
1.28656	2
1.28656	3
1.28662	3
1.28663	3
1.28682	2
1.28722	2
1.28722	2
1.28727	2
1.28727	3
1.28736	2
1.28796	1
1.28814	2
1.28814	2
1.28838	1
1.28839	2
1.28847	2
1.28853	3
1.28854	3
1.28861	2
1.28862	3
1.28917	2
1.28936	2
1.28961	2
1.28962	2
1.28963	2
1.28971	3
1.28971	3
1.28977	4
1.28986	3
1.28987	3
1.29044	2
1.29089	3
1.29111	1
1.29128	1
1.29145	1
1.29146	1
1.29152	1
1.29156	1
1.29161	1
1.29168	2
1.29168	3
1.29182	1
1.29205	2
1.29205	2
1.29234	2
1.29252	2
1.29268	2
1.2927	2
1.29276	2
1.29281	2
1.29286	2
1.29293	3
1.29294	3
1.29308	2
1.2936	2
1.2936	2
1.29394	2
1.29396	2
1.29403	2
1.29434	2
1.29436	1
1.29461	1
1.29471	1
1.29478	1
1.29484	3
1.29487	1
1.29499	2
1.29499	2
1.29516	2
1.29517	3
1.29518	2
1.29519	3
1.29558	2
1.29558	3
1.2956	2
1.29586	2
1.29589	1
1.29597	2
1.29604	2
1.29625	2
1.29684	3
1.29705	1
1.29712	2
1.29715	2
1.29715	2
1.29723	2
1.2973	2
1.2973	2
1.2975	3
1.2975	3
1.29752	1
1.29781	1
1.29794	1
1.29828	2
1.29836	2
1.29836	3
1.29839	2
1.29856	3
1.29876	3
1.29878	2
1.29903	1
1.29907	2
1.29912	1
1.29962	3
1.29962	3
1.29965	3
1.29984	1
1.30002	4
1.30003	4
1.30017	1
1.30019	1
1.3003	2
1.30036	2
1.30036	2
1.3006	1
1.30085	4
1.30106	2
1.30125	5
1.30141	2
1.30144	2
1.30151	2
1.30155	2
1.30155	3
1.30162	2
1.30185	1
1.30223	1
1.30281	3
1.30288	3
1.30288	3
1.30311	2
1.30311	2
1.30328	1
1.30356	1
1.30376	1
1.30406	2
1.30413	3
1.30433	2
1.30436	2
1.30465	1
1.30475	2
1.30482	2
1.30544	2
1.30586	1
1.30592	2
1.30592	2
1.306	2
1.306	2
1.30606	1
1.30607	2
1.30612	2
1.30626	1
1.30641	1
1.30644	1
1.30651	1
1.30669	2
1.30711	2
1.30717	2
1.30753	2
1.30781	1
1.30795	2
1.30836	2
1.30837	2
1.30843	3
1.30843	3
1.30877	3
1.30877	4
1.30906	2
1.30906	2
1.30913	1
1.30918	2
1.30936	1
1.30936	1
1.311	1
1.31107	1
1.31112	1
1.31185	2
1.31205	2
1.31225	2
1.31295	1
1.31309	2
1.31311	2
1.31337	1
1.31343	1
1.31377	1
1.31381	2
1.31418	1
1.31421	2
1.31421	2
1.31435	2
1.31436	2
1.31437	2
1.31437	3
1.31503	2
1.31507	2
1.31531	1
1.31544	2
1.31547	2
1.31628	3
1.31628	3
1.31658	2
1.31658	2
1.31705	1
1.31725	1
1.31732	2
1.31767	2
1.3177	2
1.31777	2
1.31851	2
1.31858	2
1.31884	1
1.31892	2
1.31896	2
1.31903	2
1.31936	1
1.31937	1
1.31977	2
1.31984	2
1.32044	1
1.32047	1
1.32062	2
1.32102	2
1.32102	3
1.32132	1
1.32135	2
1.32158	1
1.32168	2
1.32172	2
1.32187	2
1.32228	3
1.32312	2
1.32313	3
1.32361	1
1.32377	2
1.32392	1
1.32396	1
1.32403	1
1.32436	3
1.32437	3
1.32462	2
1.32468	2
1.32478	2
1.32504	2
1.32588	2
1.32594	2
1.32612	2
1.32629	2
1.32629	3
1.32635	1
1.32672	1
1.32711	2
1.32711	3
1.32718	2
1.32718	3
1.32737	2
1.32737	2
1.32753	3
1.32754	3
1.3276	2
1.32795	1
1.32812	1
1.32863	3
1.32887	2
1.3292	2
1.3292	2
1.32938	2
1.33011	2
1.33011	3
1.33046	2
1.33063	2
1.33065	2
1.33104	1
1.33112	2
1.33137	3
1.33172	3
1.33172	3
1.33189	2
1.3319	2
1.3319	3
1.33211	1
1.33218	1
1.33229	2
1.33229	2
1.33237	2
1.33254	1
1.33282	2
1.33297	3
1.33315	2
1.33315	3
1.33316	3
1.33317	3
1.33386	2
1.33407	2
1.33422	4
1.33423	4
1.3344	3
1.33511	2
1.33517	2
1.33521	2
1.33529	2
1.33532	2
1.33532	3
1.33729	1
1.33737	1
1.33796	2
1.33817	1
1.33863	2
1.33863	2
1.33923	2
1.33923	1
1.33941	1
1.33943	2
1.33989	2
1.34011	1
1.34017	1
1.34021	1
1.34032	1
1.34037	2
1.34046	2
1.34046	3
1.34047	2
1.3406	2
1.34065	2
1.34067	2
1.34114	3
1.34115	3
1.34137	2
1.34155	1
1.34233	2
1.34238	2
1.34238	2
1.34263	2
1.34281	2
1.34281	2
1.34333	2
1.3434	2
1.34356	2
1.34361	2
1.34377	2
1.34386	2
1.34387	3
1.34406	2
1.34531	3
1.34537	1
1.34546	1
1.34547	1
1.3456	1
1.34565	1
1.34567	1
1.34615	1
1.34659	2
1.34669	2
1.3467	2
1.34683	2
1.34683	2
1.34688	2
1.34691	2
1.3474	2
1.34833	1
1.3484	1
1.34855	2
1.34856	1
1.34861	1
1.34865	2
1.34877	1
1.34887	1
1.34956	2
1.34963	2
1.34979	2
1.34979	2
1.34985	2
1.34989	2
1.3499	3
1.35001	2
1.35011	2
1.35031	1
1.35138	2
1.35147	2
1.35158	2
1.35158	2
1.35159	1
1.35159	2
1.35169	1
1.3517	1
1.35183	1
1.35188	1
1.35191	1
1.3527	2
1.35281	2
1.35283	2
1.35283	2
1.35294	2
1.35295	2
1.35308	2
1.35314	2
1.35317	2
1.35408	3
1.35456	1
1.35463	1
1.35479	1
1.35479	1
1.35485	1
1.3549	1
1.35501	1
1.35579	2
1.35588	2
1.35605	2
1.35605	2
1.35611	2
1.35638	1
1.35657	2
1.35706	2
1.35714	2
1.35764	2
1.35764	2
1.3577	1
1.35783	2
1.35783	1
1.35783	1
1.35794	1
1.35795	1
1.35808	1
1.35816	1
1.35831	2
1.35831	3
1.3584	2
1.35841	3
1.35889	2
1.35894	2
1.35905	2
1.35906	3
1.35907	2
1.35908	2
1.35918	2
1.3592	2
1.35933	2
1.35943	1
1.35957	3
1.35958	3
1.36032	3
1.36034	2
1.36044	2
1.36045	2
1.36084	4
1.36105	1
1.36105	1
1.36114	1
1.36157	2
1.36158	3
1.36168	2
1.36168	3
1.36169	2
1.36169	3
1.36206	4
1.36208	5
1.36227	2
1.36228	2
1.36282	3
1.36283	3
1.36293	3
1.36294	3
1.36295	3
1.36295	3
1.36341	1
1.36354	2
1.36363	2
1.36389	1
1.36394	1
1.36407	1
1.36409	4
1.36433	1
1.36464	2
1.36477	2
1.36477	3
1.36485	2
1.36485	2
1.36512	2
1.36518	2
1.36531	2
1.36532	1
1.36533	3
1.36557	2
1.3659	2
1.36603	3
1.36611	3
1.36612	3
1.3667	1
1.36692	2
1.36708	1
1.36717	2
1.36728	1
1.36738	3
1.36793	2
1.36814	2
1.36814	2
1.36831	2
1.36851	2
1.36862	4
1.36863	4
1.36909	1
1.36921	1
1.36988	5
1.37012	1
1.37018	1
1.37033	2
1.37033	2
1.37046	2
1.37057	1
1.37066	2
1.37066	2
1.37103	1
1.3711	6
1.37136	2
1.37141	2
1.37142	2
1.37157	1
1.37158	2
1.37183	2
1.37217	1
1.37263	2
1.37293	1
1.3731	2
1.37314	1
1.37331	1
1.37341	2
1.37341	2
1.37351	1
1.37386	2
1.37386	3
1.37417	2
1.37417	2
1.37434	2
1.37435	3
1.37439	2
1.37455	2
1.37467	2
1.37477	2
1.37546	1
1.37565	2
1.37566	1
1.37611	1
1.37641	1
1.37642	1
1.37658	2
1.37659	1
1.37671	2
1.37671	2
1.37689	2
1.37689	3
1.37692	2
1.37735	2
1.37765	2
1.37767	2
1.37783	2
1.37784	2
1.37797	2
1.37886	1
1.37891	2
1.37893	2
1.37907	2
1.37908	3
1.3791	2
1.37917	1
1.37923	3
1.37924	3
1.37935	1
1.37955	1
1.37967	1
1.37977	1
1.38011	2
1.38015	2
1.38016	3
1.38018	2
1.38018	3
1.38033	3
1.38034	3
1.38035	2
1.38036	3
1.38082	2
1.38103	2
1.38137	2
1.38162	3
1.38189	1
1.38192	1
1.38205	2
1.38225	2
1.38225	2
1.38235	1
1.3826	2
1.3826	3
1.38279	2
1.38279	2
1.3831	2
1.38312	2
1.38327	2
1.38327	3
1.38347	2
1.38348	3
1.38348	2
1.38358	2
1.38384	3
1.38385	3
1.38406	2
1.38424	1
1.38435	2
1.38438	2
1.38453	3
1.38454	3
1.38473	3
1.38484	2
1.38484	2
1.38516	1
1.38518	1
1.38549	2
1.38561	2
1.38561	3
1.3861	3
1.38627	2
1.3864	2
1.38643	2
1.38659	1
1.38662	1
1.38673	2
1.38685	3
1.38686	3
1.38724	2
1.38736	3
1.38752	2
1.38765	2
1.38768	2
1.38784	2
1.38787	2
1.38799	2
1.38799	3
1.3883	2
1.38848	1
1.3885	2
1.38862	3
1.38863	4
1.38887	1
1.38891	2
1.38891	3
1.38894	2
1.38894	3
1.38906	1
1.38938	1
1.38954	1
1.38956	2
1.39013	2
1.39017	3
1.39042	2
1.3906	2
1.3906	2
1.39063	2
1.3908	2
1.39081	2
1.39082	3
1.39169	2
1.39185	2
1.39186	1
1.39189	2
1.39206	2
1.39227	1
1.39252	1
1.39284	1
1.39287	1
1.39294	2
1.39294	3
1.39299	1
1.39332	2
1.39363	1
1.39378	2
1.39394	1
1.39425	2
1.39484	2
1.39498	2
1.39512	1
1.39515	2
1.39517	1
1.39547	2
1.39582	1
1.39597	2
1.39609	2
1.3961	2
1.39623	2
1.39624	3
1.39685	1
1.39689	1
1.39706	1
1.39708	2
1.39724	2
1.39736	3
1.39749	3
1.3975	3
1.39794	1
1.39808	2
1.39812	2
1.39828	2
1.39828	2
1.3983	2
1.39858	3
1.39859	3
1.39872	4
1.39888	2
1.39919	2
1.39933	2
1.39938	2
1.39955	2
1.39955	3
1.40015	1
1.40032	2
1.40045	2
1.40048	1
1.40059	2
1.4006	3
1.40064	2
1.4008	3
1.40139	2
1.40155	2
1.40169	2
1.40169	3
1.40172	2
1.40184	3
1.40184	3
1.40224	1
1.40331	1
1.40332	2
1.40348	2
1.40348	2
1.40359	1
1.40373	1
1.40388	1
1.40406	2
1.40406	2
1.40409	2
1.40409	2
1.40452	2
1.40455	2
1.40471	2
1.40482	2
1.40497	2
1.40513	2
1.40532	2
1.40535	2
1.40564	1
1.4058	2
1.40639	1
1.40639	2
1.40655	1
1.40658	3
1.40658	3
1.40661	3
1.40662	3
1.40669	1
1.40672	1
1.40689	2
1.40689	2
1.40762	2
1.40762	2
1.40762	3
1.40778	2
1.40782	3
1.40786	3
1.40795	2
1.40797	2
1.4081	1
1.40952	1
1.40955	1
1.40971	1
1.40982	1
1.40997	1
1.41076	2
1.41078	2
1.41078	2
1.4109	2
1.41094	2
1.41107	2
1.41123	2
1.4119	1
1.41221	2
1.41233	2
1.41262	1
1.41262	1
1.41278	1
1.41282	1
1.41286	1
1.41295	1
1.41297	1
1.41313	2
1.41313	2
1.41343	2
1.41344	3
1.41357	2
1.41357	3
1.41387	2
1.41387	2
1.41404	2
1.41408	2
1.41413	2
1.41424	2
1.41531	2
1.41535	2
1.4155	2
1.41576	1
1.41578	1
1.4159	1
1.41623	1
1.41655	2
1.41656	3
1.4166	2
1.4166	3
1.41674	2
1.41675	3
1.41702	2
1.41715	2
1.41747	2
1.4178	3
1.41781	3
1.41785	3
1.41787	3
1.41813	1
1.41841	2
1.41844	1
1.41857	1
1.41873	2
1.41887	1
1.41887	1
1.41905	4
1.41912	4
1.41913	1
1.41936	2
1.41938	2
1.41965	2
1.41965	3
1.41968	2
1.41972	2
1.4198	2
1.41997	2
1.41997	3
1.42011	2
1.42011	2
1.4203	4
1.42032	5
1.42037	4
1.42038	5
1.42039	2
1.42064	2
1.42097	2
1.42104	2
1.42122	3
1.42157	6
1.42164	6
1.42165	2
1.42175	1
1.42188	2
1.42189	3
1.42202	1
1.4222	2
1.42221	3
1.42227	2
1.42227	3
1.4228	7
1.42289	7
1.42291	2
1.42291	3
1.42312	2
1.4237	2
1.42405	8
1.42413	8
1.42421	2
1.42436	1
1.42437	2
1.42465	1
1.42468	1
1.42496	2
1.42497	2
1.42511	1
1.42511	1
1.42561	2
1.42561	2
1.42563	2
1.42563	3
1.42615	2
1.42621	2
1.42622	2
1.42623	3
1.42637	2
1.42644	2
1.42657	6
1.42689	1
1.42689	3
1.4269	3
1.42705	2
1.42721	1
1.42727	1
1.42741	2
1.42749	2
1.42763	2
1.42769	2
1.42791	1
1.42816	4
1.4283	2
1.42847	2
1.42847	2
1.42854	2
1.42854	2
1.42888	2
1.42889	3
1.42895	2
1.42896	3
1.42915	1
1.42917	2
1.42921	1
1.42956	2
1.42957	3
1.4298	2
1.43014	3
1.43021	3
1.43041	2
1.43043	2
1.43046	2
1.43082	3
1.43083	3
1.43106	3
1.43107	3
1.43123	1
1.43165	3
1.43166	4
1.43168	2
1.43168	3
1.43172	2
1.43187	1
1.43208	4
1.43232	3
1.43241	1
1.43249	1
1.43272	2
1.43284	1
1.43289	5
1.43289	6
1.4329	6
1.4329	6
1.43292	3
1.43293	3
1.43297	2
1.43297	3
1.433	2
1.43313	2
1.43316	1
1.43328	2
1.43332	4
1.43334	5
1.43347	1
1.43356	4
1.43357	4
1.43366	2
1.43374	2
1.43407	2
1.43414	7
1.43417	4
1.43421	3
1.43422	3
1.43425	2
1.43439	2
1.43441	2
1.43453	2
1.43459	6
1.43473	2
1.43473	2
1.43483	5
1.43514	1
1.43533	3
1.43549	2
1.4355	3
1.43564	2
1.43565	3
1.43567	2
1.43567	2
1.43578	2
1.43578	3
1.43584	7
1.43592	2
1.43594	2
1.43607	6
1.43636	2
1.43639	2
1.43639	2
1.43645	1
1.43672	3
1.43673	3
1.43689	3
1.4369	3
1.43692	3
1.43703	3
1.43704	3
1.43708	8
1.43732	7
1.43735	8
1.43762	2
1.43771	2
1.43771	2
1.43789	2
1.43791	1
1.43797	4
1.43813	2
1.43814	4
1.43817	3
1.43818	3
1.43829	4
1.43835	4
1.43838	3
1.43869	1
1.43874	1
1.43887	2
1.43888	3
1.43898	2
1.43898	3
1.43914	1
1.43914	2
1.43917	2
1.43939	2
1.43944	4
1.43954	4
1.43964	4
1.4401	3
1.44012	3
1.4402	3
1.44021	3
1.44033	1
1.44037	2
1.44037	2
1.4404	2
1.44047	1
1.44066	3
1.44084	5
1.44092	1
1.44094	1
1.441	1
1.4413	4
1.44139	1
1.4414	4
1.44153	2
1.44153	2
1.44158	3
1.44158	3
1.44161	2
1.44162	3
1.44169	2
1.44187	2
1.44207	6
1.44208	1
1.44216	2
1.44219	2
1.44224	2
1.44224	2
1.44234	2
1.44247	2
1.44247	2
1.44253	4
1.44256	5
1.44264	2
1.44265	4
1.44267	5
1.44297	1
1.44314	2
1.44315	1
1.44315	2
1.44324	1
1.44334	2
1.44359	1
1.44361	2
1.44423	2
1.44439	3
1.44439	1
1.4444	2
1.4444	3
1.44449	2
1.44458	3
1.44483	2
1.44504	4
1.44505	3
1.44548	2
1.44548	2
1.44565	3
1.44566	2
1.44653	1
1.44658	1
1.44662	1
1.44669	1
1.44674	3
1.44691	4
1.44692	2
1.44693	4
1.44716	1
1.44719	1
1.44724	1
1.44747	1
1.44756	1
1.44763	1
1.44767	1
1.44777	2
1.44781	2
1.44781	2
1.44785	2
1.44792	2
1.44792	2
1.44798	3
1.44798	3
1.44817	5
1.44818	2
1.44818	2
1.44861	1
1.44889	2
1.44889	2
1.44908	2
1.44949	1
1.44958	1
1.44983	1
1.44985	2
1.44985	2
1.45013	2
1.45013	3
1.45066	1
1.45083	2
1.45108	2
1.45111	2
1.4514	3
1.45209	2
1.45234	2
1.45277	1
1.45285	1
1.45292	1
1.45318	1
1.45331	2
1.45332	3
1.45401	2
1.45408	1
1.4541	2
1.45418	2
1.45424	1
1.45442	1
1.45457	3
1.45516	1
1.45528	2
1.45534	2
1.45534	2
1.4555	2
1.45569	2
1.45611	1
1.4564	2
1.45651	2
1.45652	3
1.45659	2
1.45676	2
1.45695	3
1.45695	4
1.45734	1
1.45737	2
1.45778	3
1.45802	2
1.45826	2
1.45842	2
1.45845	2
1.4585	2
1.4586	2
1.4586	2
1.45863	2
1.45873	2
1.45882	2
1.45882	2
1.45892	2
1.45952	2
1.45952	2
1.45957	1
1.45968	2
1.46018	2
1.46018	2
1.46037	1
1.46045	1
1.46078	3
1.46083	2
1.46094	2
1.46095	3
1.4614	1
1.46143	3
1.46159	1
1.46161	2
1.46161	2
1.4617	2
1.4617	2
1.46179	1
1.46195	1
1.46266	2
1.46266	2
1.4627	3
1.46278	1
1.46285	2
1.46317	2
1.4635	1
1.4636	1
1.46363	1
1.46373	1
1.46382	1
1.4639	2
1.46402	2
1.46409	2
1.46428	2
1.46442	2
1.46442	2
1.46443	2
1.46445	2
1.46472	1
1.46475	2
1.46486	2
1.4649	2
1.46507	2
1.46554	2
1.46568	3
1.46568	3
1.46571	3
1.46572	3
1.46578	1
1.46583	1
1.46595	1
1.46597	2
1.46597	2
1.46601	2
1.46612	2
1.46616	2
1.46633	2
1.4667	1
1.46691	3
1.46695	3
1.46702	2
1.46719	2
1.46723	2
1.46726	2
1.46727	3
1.46738	2
1.46739	3
1.46758	2
1.46759	3
1.4677	1
1.46788	1
1.46828	2
1.46846	2
1.46884	3
1.46885	3
1.4689	1
1.46896	2
1.46896	2
1.46902	1
1.46909	1
1.46913	2
1.46913	2
1.46943	1
1.46953	2
1.46953	3
1.46999	2
1.47011	4
1.47016	2
1.47021	2
1.47054	1
1.47079	3
1.47116	1
1.47124	2
1.47135	4
1.47138	5
1.47143	2
1.47148	3
1.47148	3
1.47179	2
1.47179	2
1.47192	1
1.47196	1
1.47223	1
1.47227	1
1.47239	1
1.47241	2
1.47249	2
1.4725	3
1.47263	6
1.47329	2
1.47346	1
1.47349	2
1.47353	2
1.47365	2
1.47368	2
1.47375	3
1.47376	3
1.47413	1
1.47457	2
1.47474	2
1.47478	2
1.47491	2
1.47494	2
1.47494	3
1.47539	2
1.4758	1
1.47596	2
1.476	2
1.47605	2
1.47643	1
1.47648	1
1.47679	1
1.47706	2
1.47706	2
1.47764	1
1.47769	2
1.47876	1
1.4789	2
1.47895	2
1.47957	1
1.47991	1
1.47994	1
1.48001	2
1.48015	3
1.48015	4
1.48021	2
1.48021	3
1.48069	2
1.48084	2
1.48096	1
1.481	1
1.48105	1
1.48117	2
1.4812	2
1.48127	2
1.4814	5
1.4814	5
1.48147	3
1.48148	3
1.48165	1
1.48194	2
1.48206	1
1.48207	2
1.4822	2
1.48224	2
1.48228	2
1.48241	2
1.48244	2
1.48252	2
1.48253	3
1.48266	6
1.48274	4
1.4832	2
1.48331	2
1.48331	2
1.48333	2
1.48333	3
1.48399	4
1.484	5
1.48456	2
1.48457	3
1.48458	3
1.48522	6
1.48581	3
1.48581	3
1.48583	4
1.48648	7
1.48695	1
1.48707	3
1.48708	4
1.48709	5
1.48722	1
1.48724	1
1.48728	1
1.48741	1
1.48745	1
1.48753	1
1.48772	4
1.48772	2
1.48803	2
1.48819	2
1.48819	2
1.48831	4
1.48832	4
1.48835	6
1.4885	2
1.48855	2
1.48892	1
1.48898	5
1.48899	5
1.49016	2
1.49022	5
1.49085	5
1.49086	4
1.49141	3
1.49141	4
1.49147	3
1.49266	5
1.49267	5
1.49272	1
1.49291	2
1.49291	2
1.49304	1
1.49319	1
1.49332	1
1.49337	1
1.4935	1
1.49355	1
1.4939	6
1.49396	2
1.49398	1
1.49414	2
1.49427	2
1.49427	2
1.49441	2
1.49454	2
1.49458	3
1.49471	2
1.49477	2
1.49496	2
1.49514	7
1.49521	2
1.49523	2
1.49539	3
1.4954	3
1.49579	2
1.49584	4
1.49584	4
1.49647	2
1.49648	3
1.49705	5
1.4976	3
1.49766	3
1.49768	3
1.4979	2
1.49826	6
1.49827	7
1.49862	2
1.49867	2
1.49876	2
1.49884	4
1.49885	5
1.49891	4
1.49916	2
1.49927	1
1.49941	1
1.49971	1
1.49977	1
1.49996	1
1.50001	2
1.50023	1
1.50028	2
1.50028	2
1.50034	2
1.5004	1
1.50042	2
1.50042	3
1.50067	2
1.50079	1
1.50096	2
1.501	2
1.50117	2
1.50122	2
1.50123	3
1.50145	2
1.50145	2
1.50151	2
1.50158	2
1.50163	2
1.50165	3
1.50166	3
1.5019	2
1.50201	2
1.50218	2
1.50221	2
1.50226	2
1.50243	2
1.50322	2
1.50345	2
1.50352	2
1.50352	3
1.50362	1
1.50367	1
1.50369	2
1.50369	3
1.50384	1
1.50391	1
1.50446	2
1.50452	1
1.50475	3
1.50476	3
1.50487	2
1.50491	2
1.50493	3
1.50494	3
1.50509	2
1.50517	2
1.5062	4
1.50623	1
1.50645	1
1.50651	1
1.50658	1
1.50663	1
1.50666	1
1.5069	1
1.50721	1
1.50742	4
1.50744	5
1.50746	2
1.50769	2
1.50774	2
1.50781	2
1.50787	2
1.5079	2
1.50816	2
1.50845	1
1.50917	2
1.50942	2
1.50946	1
1.50952	2
1.50968	2
1.50968	2
1.50976	1
1.50987	1
1.50991	1
1.51009	1
1.51017	1
1.51037	2
1.51038	3
1.51049	2
1.51064	2
1.51064	3
1.51069	2
1.51075	2
1.51076	2
1.51093	2
1.51101	2
1.51112	2
1.51116	2
1.51135	2
1.51135	2
1.51142	2
1.51219	3
1.51219	3
1.51244	1
1.51246	1
1.51262	2
1.51268	2
1.51269	1
1.51274	1
1.51281	1
1.51287	1
1.51341	3
1.51368	2
1.5137	2
1.51393	2
1.51393	3
1.51394	2
1.514	2
1.51407	2
1.51412	2
1.51494	3
1.51494	4
1.51519	3
1.5152	3
1.51538	1
1.51549	1
1.51564	1
1.51569	1
1.51576	1
1.51577	2
1.51601	1
1.51612	1
1.51614	1
1.51616	4
1.51643	4
1.51661	2
1.51671	2
1.51685	2
1.51691	2
1.51698	2
1.517	2
1.517	2
1.51725	2
1.51736	2
1.51739	2
1.51739	2
1.51741	5
1.51742	6
1.51762	1
1.51767	4
1.5177	5
1.51811	2
1.51841	1
1.51847	2
1.51847	2
1.51851	2
1.51862	2
1.5187	1
1.51894	1
1.51907	1
1.51912	1
1.51965	2
1.51971	2
1.51975	2
1.51975	3
1.51987	2
1.51987	3
1.51996	2
1.52013	2
1.5202	2
1.52026	1
1.52032	2
1.52039	2
1.52101	3
1.52113	3
1.52122	2
1.5214	2
1.5214	2
1.52152	2
1.52152	2
1.52161	1
1.52165	2
1.52171	1
1.52191	1
1.52198	1
1.522	1
1.52239	1
1.52246	2
1.52246	3
1.52264	3
1.52264	3
1.52278	2
1.52287	2
1.5229	2
1.52291	3
1.52297	2
1.52311	1
1.52317	2
1.52365	2
1.52368	1
1.52394	1
1.52442	2
1.52465	1
1.52471	1
1.52489	2
1.52492	2
1.52518	2
1.5252	1
1.52558	2
1.52565	2
1.52566	3
1.52589	2
1.52596	2
1.52602	1
1.52613	1
1.52615	2
1.52615	3
1.52618	3
1.52618	4
1.52658	1
1.52683	2
1.52683	2
1.5269	3
1.52691	3
1.52715	2
1.52722	2
1.52728	2
1.52728	2
1.52746	1
1.52764	1
1.52778	1
1.52782	2
1.52782	2
1.52787	1
1.52791	1
1.52797	1
1.52806	3
1.52806	3
1.52814	4
1.52838	2
1.52839	3
1.52847	2
1.52847	3
1.52854	2
1.52871	2
1.52888	2
1.52903	2
1.52907	2
1.52912	2
1.52916	2
1.52922	2
1.52932	3
1.5294	4
1.52972	3
1.52996	2
1.53013	2
1.53018	1
1.53028	2
1.53032	3
1.53032	3
1.53038	2
1.53042	2
1.53049	2
1.53115	1
1.53118	1
1.53119	2
1.5312	3
1.53137	2
1.53138	3
1.53142	2
1.53153	2
1.53154	3
1.53158	3
1.53164	2
1.53164	3
1.53222	2
1.5329	3
1.53322	2
1.53324	2
1.53339	1
1.53345	2
1.53354	1
1.53432	1
1.5344	1
1.53443	2
1.53445	2
1.5346	2
1.53467	2
1.53468	3
1.53477	2
1.53543	1
1.53549	1
1.53558	2
1.5362	1
1.53638	1
1.53642	1
1.53644	2
1.53654	1
1.53658	1
1.53659	1
1.53667	2
1.53673	2
1.53682	2
1.53734	2
1.5374	2
1.53757	2
1.53762	2
1.53765	2
1.53774	2
1.53779	2
1.5378	2
1.53789	2
1.53795	2
1.53804	2
1.53805	3
1.53858	2
1.53865	2
1.53883	2
1.53888	2
1.53891	2
1.53891	3
1.53943	1
1.53945	1
1.5396	1
1.53968	1
1.53977	1
1.53983	2
1.53984	3
1.5399	2
1.5399	3
1.54008	2
1.54008	3
1.54014	2
1.54014	3
1.54016	3
1.54017	3
1.54054	2
1.54066	2
1.54068	2
1.54082	2
1.5409	2
1.541	2
1.54107	3
1.54107	3
1.54114	3
1.54115	3
1.54132	3
1.54133	3
1.54139	3
1.54139	3
1.54143	4
1.54207	2
1.54274	1
1.54279	1
1.5428	1
1.54289	1
1.54295	1
1.54305	1
1.54318	2
1.54332	2
1.54332	3
1.54398	2
1.54403	2
1.54403	2
1.54403	2
1.54412	2
1.54419	2
1.54443	2
1.54458	3
1.54526	2
1.54538	2
1.54566	2
1.54566	1
1.54568	1
1.54569	2
1.5457	3
1.5459	1
1.546	1
1.54609	1
1.54615	1
1.54633	1
1.54639	1
1.54643	1
1.54651	2
1.54662	2
1.54663	3
1.5469	2
1.5469	2
1.54691	2
1.54694	2
1.54694	3
1.54695	3
1.54715	2
1.54725	2
1.54734	2
1.54741	2
1.54759	2
1.54766	2
1.54816	3
1.54817	2
1.5482	2
1.54821	4
1.54852	2
1.54866	2
1.54884	2
1.54891	2
1.54903	1
1.54903	1
1.54919	1
1.54938	3
1.54939	3
1.54939	2
1.5494	3
1.54942	2
1.54942	3
1.54945	3
1.54959	1
1.54975	2
1.54975	3
1.54991	2
1.54991	3
1.55007	2
1.55008	3
1.55015	2
1.55016	3
1.55025	1
1.55028	2
1.55029	2
1.55045	2
1.55133	3
1.55141	3
1.55142	3
1.55151	1
1.55154	2
1.55155	2
1.55163	1
1.55215	1
1.55234	1
1.55255	2
1.55263	4
1.55273	2
1.55277	2
1.55277	3
1.55278	2
1.55279	3
1.55287	2
1.55321	1
1.55341	2
1.5536	2
1.5536	2
1.5544	1
1.55442	1
1.55448	2
1.55448	2
1.55467	2
1.55475	1
1.55484	2
1.55491	1
1.55561	2
1.55564	2
1.55564	1
1.55569	2
1.55588	2
1.55589	3
1.55598	2
1.55607	3
1.55608	3
1.55615	2
1.55672	1
1.55683	2
1.55688	2
1.55688	2
1.55693	3
1.55694	3
1.55713	3
1.55714	3
1.55724	2
1.55754	1
1.55764	1
1.55773	1
1.55777	1
1.55779	1
1.55787	1
1.55797	2
1.55797	2
1.55808	2
1.55808	3
1.55812	2
1.55813	3
1.55813	2
1.55819	3
1.55839	4
1.5585	2
1.5585	3
1.55877	2
1.55877	2
1.55887	2
1.55897	2
1.55901	2
1.55902	2
1.5591	2
1.55921	2
1.55932	3
1.55933	3
1.55937	3
1.55938	3
1.55938	2
1.55939	3
1.55944	4
1.55945	4
1.55965	4
1.55976	3
1.56002	2
1.56002	3
1.56012	2
1.56012	2
1.56046	3
1.56047	3
1.56065	3
1.56108	1
1.56115	1
1.56125	3
1.56126	3
1.56136	3
1.56149	2
1.56149	2
1.5617	3
1.56179	2
1.56224	2
1.56231	2
1.56239	2
1.56239	2
1.56242	2
1.56242	2
1.5625	4
1.56259	3
1.5626	3
1.56274	2
1.56296	4
1.56297	4
1.56306	2
1.56306	2
1.56315	2
1.56365	2
1.56365	2
1.56374	4
1.56376	5
1.56386	4
1.56397	1
1.56401	1
1.56402	1
1.56411	1
1.56422	5
1.56431	3
1.56431	3
1.56433	1
1.56438	1
1.56465	1
1.56477	1
1.56489	2
1.56489	3
1.565	6
1.56511	3
1.56522	2
1.56526	2
1.56528	2
1.56556	3
1.56571	1
1.5659	2
1.56614	3
1.56624	7
1.56663	2
1.56682	4
1.56683	4
1.56696	2
1.56715	2
1.56715	2
1.56731	1
1.56742	1
1.56748	6
1.56749	5
1.56749	5
1.56774	1
1.56786	2
1.56786	2
1.56806	5
1.56814	1
1.5682	2
1.56821	2
1.5684	3
1.56857	2
1.56865	1
1.56872	5
1.56886	1
1.56899	2
1.56911	3
1.56912	3
1.56923	1
1.56933	4
1.56966	3
1.56997	6
1.57022	1
1.57026	1
1.57029	1
1.57038	3
1.57049	2
1.57057	3
1.57058	3
1.5706	3
1.57066	2
1.57114	1
1.57121	7
1.57124	8
1.57145	2
1.57149	2
1.57151	2
1.57151	2
1.5716	4
1.57161	4
1.57173	3
1.57173	4
1.57183	4
1.5719	2
1.5719	2
1.57238	2
1.57316	3
1.57317	3
1.57357	1
1.57364	2
1.57373	4
1.57399	1
1.57437	3
1.57447	1
1.57466	1
1.5748	2
1.57487	2
1.57488	3
1.57496	5
1.57524	2
1.57559	2
1.57563	4
1.57564	2
1.57564	2
1.57565	4
1.57645	1
1.57649	1
1.57651	2
1.57651	1
1.57661	1
1.57673	1
1.57682	2
1.57684	1
1.57688	5
1.57688	2
1.57762	2
1.57764	2
1.57769	2
1.5777	2
1.57771	3
1.57772	2
1.57782	2
1.57795	2
1.57805	2
1.57805	3
1.57807	2
1.5781	6
1.57812	3
1.57812	3
1.57866	2
1.57888	2
1.57888	2
1.5789	2
1.57896	2
1.5798	1
1.57988	1
1.57991	2
1.57991	2
1.57992	2
1.57996	1
1.58012	2
1.58012	2
1.58014	3
1.58016	2
1.58016	3
1.58021	2
1.58021	3
1.58079	2
1.58101	2
1.5811	2
1.58113	2
1.58115	2
1.58115	3
1.58119	2
1.58134	2
1.58137	3
1.58138	3
1.5814	3
1.5814	3
1.58145	3
1.58146	3
1.58203	2
1.58228	2
1.58271	1
1.58272	1
1.58272	4
1.58282	1
1.58295	1
1.58305	1
1.58307	1
1.58312	1
1.58313	1
1.58328	2
1.58329	3
1.58351	2
1.58352	3
1.58392	2
1.58393	2
1.58393	3
1.58404	2
1.58415	2
1.58425	2
1.58427	2
1.58433	2
1.58434	2
1.5845	3
1.58451	3
1.58474	3
1.58475	3
1.58515	2
1.58516	2
1.58517	2
1.58529	2
1.5854	2
1.58551	2
1.58592	2
1.5861	1
1.58613	1
1.58615	1
1.58619	1
1.58634	1
1.58638	1
1.5864	2
1.5864	1
1.5864	3
1.58642	2
1.58642	3
1.58643	2
1.58644	2
1.58655	2
1.58655	3
1.58666	2
1.58667	3
1.58715	2
1.58733	2
1.58737	2
1.58739	2
1.58743	2
1.58759	2
1.58763	2
1.58765	3
1.58766	2
1.58766	3
1.58767	3
1.58768	3
1.58769	3
1.5877	3
1.5884	2
1.58841	3
1.58859	2
1.58863	2
1.58865	2
1.5887	2
1.58892	2
1.58927	1
1.58933	1
1.58934	1
1.58951	1
1.58964	3
1.58965	3
1.58973	1
1.58983	2
1.58984	3
1.58988	2
1.58988	3
1.5899	2
1.58991	3
1.59017	2
1.59017	3
1.59051	1
1.59051	2
1.59057	2
1.59058	2
1.59077	2
1.59109	3
1.5911	3
1.59113	3
1.59114	3
1.59116	3
1.59117	3
1.59144	3
1.59155	1
1.59167	1
1.59176	2
1.59176	2
1.59177	2
1.59182	2
1.59183	2
1.59184	2
1.59226	2
1.59235	4
1.59239	4
1.59242	4
1.59259	1
1.59263	1
1.59268	1
1.5927	1
1.59278	2
1.59289	2
1.59298	2
1.59299	2
1.59299	3
1.59304	2
1.59304	3
1.59306	3
1.59348	2
1.59357	4
1.59358	5
1.59361	4
1.59362	5
1.59364	4
1.59366	5
1.5937	1
1.59383	2
1.59387	2
1.59391	1
1.59393	2
1.59395	2
1.59404	2
1.59416	2
1.59422	3
1.59422	3
1.59423	3
1.59424	3
1.59428	3
1.59429	3
1.59431	3
1.59462	1
1.59473	2
1.59473	3
1.59488	6
1.59492	6
1.59496	2
1.59496	2
1.5953	2
1.59542	2
1.5955	4
1.59555	4
1.59556	3
1.59557	4
1.59577	1
1.59588	2
1.59598	3
1.59599	3
1.59602	2
1.59602	2
1.59613	7
1.59618	5
1.59618	4
1.59619	4
1.59622	2
1.59644	1
1.59673	4
1.59675	5
1.59677	4
1.59679	5
1.59681	4
1.59702	2
1.59714	2
1.59724	4
1.59728	2
1.59734	2
1.5974	6
1.59747	3
1.59747	3
1.59769	2
1.598	6
1.59806	5
1.59865	4
1.59866	5
1.5987	3
1.59872	3
1.59887	1
1.59887	1
1.59893	1
1.59894	2
1.59895	1
1.59905	1
1.59918	1
1.59923	1
1.59925	7
1.59983	1
1.59988	5
1.59989	4
1.59992	4
1.59993	1
1.59995	4
1.59996	4
1.60012	2
1.60018	2
1.60019	2
1.60019	3
1.6002	2
1.60059	2
1.60185	3
1.60186	3
1.60205	1
1.60214	1
1.60224	1
1.60228	1
1.60303	1
1.6031	4
1.60339	2
1.6035	2
1.60355	2
1.60366	1
1.60427	1
1.60429	2
1.60436	4
1.60491	2
1.60496	1
1.60512	1
1.60517	2
1.60518	1
1.60519	1
1.6052	1
1.60552	2
1.60555	3
1.60555	4
1.60562	3
1.60573	2
1.60573	2
1.60616	3
1.60616	3
1.60617	3
1.60622	2
1.60743	3
1.60764	2
1.60839	1
1.6085	1
1.60854	1
1.60867	4
1.60889	2
1.60889	2
1.60936	1
1.61015	3
1.61017	1
1.61052	1
1.61055	1
1.61061	2
1.61061	2
1.61073	1
1.61079	2
1.61107	2
1.61116	2
1.61116	2
1.61122	1
1.61141	2
1.61141	2
1.61173	2
1.61177	2
1.6118	2
1.61187	2
1.61204	2
1.61205	2
1.61295	2
1.61299	2
1.61299	2
1.61303	3
1.61303	3
1.61309	3
1.6131	3
1.61328	3
1.61328	3
1.61367	1
1.61417	2
1.61418	3
1.61421	3
1.61422	3
1.61427	3
1.61433	3
1.61452	3
1.61493	2
1.61515	1
1.61607	1
1.61616	1
1.61619	3
1.61619	3
1.61638	2
1.6164	1
1.61641	2
1.61641	2
1.61644	2
1.61645	2
1.61646	2
1.61725	2
1.61734	2
1.61738	3
1.61758	2
1.61761	2
1.61761	2
1.61762	2
1.61765	2
1.61766	2
1.61768	2
1.6178	2
1.6179	2
1.61804	2
1.61846	2
1.61851	2
1.61861	2
1.61918	1
1.61922	1
1.61927	1
1.61953	1
1.61972	2
1.61973	2
1.61977	2
1.61987	2
1.61987	3
1.62039	2
1.62043	2
1.62048	2
1.62051	1
1.62074	2
1.62095	3
1.62096	3
1.62111	3
1.62111	3
1.62165	2
1.62177	2
1.62177	2
1.62238	1
1.62248	2
1.62258	1
1.62261	1
1.62262	1
1.62265	1
1.62267	1
1.62268	1
1.6228	1
1.62289	2
1.6229	3
1.6229	1
1.62302	2
1.62302	3
1.62358	2
1.62368	2
1.62378	2
1.62381	2
1.62382	2
1.62386	2
1.62388	2
1.62389	2
1.62401	2
1.62411	3
1.62412	3
1.62412	2
1.62424	3
1.62425	3
1.62477	1
1.62483	3
1.62493	2
1.62494	3
1.62543	1
1.62548	1
1.62574	1
1.62596	1
1.62611	1
1.62665	2
1.6267	2
1.62695	2
1.62717	2
1.62733	2
1.62741	2
1.62789	2
1.62794	2
1.6282	2
1.62844	2
1.6286	2
1.62881	1
1.62882	1
1.62886	1
1.62888	1
1.62889	1
1.62901	1
1.62912	1
1.62912	1
1.62969	2
1.6297	3
1.62983	1
1.62994	1
1.63004	1
1.63004	2
1.63006	2
1.63009	2
1.63011	2
1.63012	2
1.63024	2
1.63034	2
1.63034	2
1.6305	1
1.63093	3
1.63093	3
1.63107	2
1.63118	2
1.63118	2
1.63129	2
1.63129	2
1.6313	2
1.63132	2
1.6316	2
1.63219	4
1.63233	2
1.63245	2
1.63255	2
1.63256	2
1.63257	3
1.63258	2
1.63259	3
1.63284	2
1.63285	3
1.63289	1
1.63294	1
1.6332	1
1.63341	4
1.63343	5
1.63357	2
1.63357	3
1.6336	1
1.63369	3
1.63369	3
1.6338	3
1.6338	3
1.63381	3
1.63382	3
1.63384	3
1.63385	3
1.63409	3
1.63446	2
1.63483	3
1.63511	1
1.63512	1
1.63514	1
1.63524	1
1.63571	2
1.63594	2
1.63601	2
1.63601	2
1.63636	2
1.63637	2
1.6365	2
1.6366	2
1.63661	1
1.63727	2
1.63762	2
1.63763	2
1.63765	2
1.63776	2
1.63787	2
1.63787	2
1.63851	3
1.63851	3
1.63858	1
1.63869	1
1.63882	1
1.63882	1
1.63885	1
1.63887	2
1.63887	3
1.63889	2
1.6389	3
1.63967	1
1.63976	2
1.63976	2
1.64007	2
1.64008	2
1.6401	2
1.64013	3
1.64013	3
1.64015	3
1.64016	3
1.64071	1
1.6409	2
1.64099	2
1.64107	2
1.64132	2
1.64132	2
1.64135	2
1.64138	4
1.64141	4
1.64176	2
1.64197	2
1.64198	2
1.64215	2
1.64215	2
1.64258	2
1.64261	2
1.64262	3
1.64264	4
1.64265	1
1.64276	1
1.64286	1
1.64287	1
1.64302	2
1.64321	2
1.64322	2
1.64339	3
1.64351	1
1.64384	3
1.64385	3
1.64388	3
1.64389	2
1.64389	2
1.64399	2
1.64408	2
1.64409	2
1.64411	2
1.64417	2
1.64426	2
1.64426	3
1.64445	2
1.64445	3
1.64446	2
1.64447	3
1.64463	3
1.64464	3
1.64476	2
1.64485	2
1.64485	2
1.64534	2
1.64552	3
1.64571	3
1.64599	1
1.64602	2
1.64607	1
1.64612	2
1.64632	1
1.64637	2
1.64639	2
1.64642	1
1.64657	2
1.64657	3
1.6471	2
1.6472	2
1.64723	2
1.64723	3
1.64728	2
1.64728	2
1.64732	3
1.64733	3
1.64755	2
1.64758	1
1.6476	3
1.64762	3
1.64765	2
1.6478	3
1.64782	3
1.64837	2
1.64849	3
1.64885	1
1.64889	1
1.64899	1
1.64909	1
1.64911	1
1.64917	1
1.64924	1
1.64944	1
1.64947	1
1.64962	2
1.64963	3
1.64993	2
1.65009	2
1.65012	2
1.65021	2
1.6503	2
1.65033	2
1.65038	2
1.65038	2
1.65045	2
1.65067	2
1.6507	2
1.65083	3
1.65085	3
1.65118	2
1.65133	2
1.65137	2
1.6522	1
1.65222	1
1.65228	1
1.65233	1
1.65243	2
1.65244	3
1.65255	1
1.65259	2
1.65259	3
1.65262	1
1.65263	2
1.65263	3
1.65265	1
1.65279	1
1.65333	2
1.65343	2
1.65345	2
1.65351	2
1.65355	2
1.65366	3
1.65368	3
1.65378	2
1.65382	3
1.65384	3
1.65387	2
1.65388	3
1.65389	3
1.65391	2
1.65405	2
1.65461	2
1.65521	1
1.6553	1
1.65533	1
1.65538	1
1.65545	1
1.65567	1
1.6557	1
1.65585	2
1.65587	3
1.65644	2
1.65653	2
1.65656	2
1.65661	2
1.65661	2
1.65669	2
1.65669	2
1.65694	2
1.65709	3
1.65712	3
1.65779	2
1.65843	1
1.65845	1
1.65851	1
1.65855	1
1.65868	1
1.65878	1
1.65883	2
1.65883	2
1.65884	1
1.65887	1
1.65889	1
1.65891	1
1.65903	2
1.65903	3
1.65905	1
1.65964	2
1.65966	2
1.65966	2
1.65972	2
1.65976	2
1.6599	2
1.66001	2
1.66006	2
1.66007	2
1.6601	2
1.66012	2
1.66015	2
1.66025	3
1.66025	3
1.66027	2
1.66027	2
1.66087	2
1.66089	2
1.66096	2
1.66101	2
1.66115	2
1.66144	1
1.66156	1
1.66161	1
1.66169	1
1.66194	1
1.66205	1
1.66213	2
1.66213	3
1.66215	3
1.66216	3
1.66241	2
1.66241	3
1.66269	2
1.66279	2
1.66285	2
1.66291	2
1.66318	2
1.66329	2
1.66338	3
1.66338	3
1.6634	3
1.66364	3
1.66365	3
1.66393	2
1.66403	2
1.6641	2
1.66416	2
1.66444	2
1.66501	1
1.66506	1
1.66507	1
1.6651	1
1.66512	1
1.66515	1
1.66519	2
1.66519	3
1.66525	1
1.66527	1
1.66535	2
1.66536	3
1.66542	2
1.66543	3
1.6657	2
1.6657	3
1.66596	1
1.66601	1
1.66625	2
1.66629	2
1.6663	2
1.6663	2
1.66632	2
1.66634	2
1.66637	2
1.66641	3
1.66641	3
1.66647	2
1.66649	2
1.66657	3
1.66658	3
1.66665	3
1.66666	3
1.66689	2
1.66689	2
1.66692	3
1.66693	3
1.66719	2
1.66724	2
1.66749	2
1.66754	2
1.66755	2
1.66758	2
1.6676	2
1.66763	2
1.66767	4
1.66829	1
1.66838	1
1.66841	1
1.66844	2
1.66849	2
1.66865	1
1.66874	2
1.66875	3
1.66879	2
1.6688	3
1.66881	3
1.66881	3
1.66883	2
1.66884	3
1.66886	2
1.66903	1
1.66952	2
1.66952	2
1.66961	2
1.66964	2
1.66967	2
1.66967	3
1.66972	2
1.66972	3
1.66989	2
1.66999	3
1.67	3
1.67004	3
1.67005	3
1.67006	3
1.67009	3
1.6701	3
1.67027	2
1.67077	2
1.67087	2
1.67147	1
1.67149	1
1.67158	1
1.67166	1
1.67189	1
1.67193	1
1.67201	3
1.67202	3
1.67263	1
1.67268	1
1.67268	2
1.6727	2
1.67279	2
1.67287	2
1.67311	2
1.67316	2
1.67325	3
1.67386	1
1.67389	2
1.67394	2
1.67395	2
1.67464	1
1.67467	1
1.67472	1
1.67489	1
1.675	1
1.67505	1
1.67507	1
1.6751	1
1.67512	2
1.67512	2
1.67515	2
1.6752	2
1.6752	2
1.67521	2
1.67521	3
1.67585	2
1.67587	1
1.67588	2
1.67594	2
1.67611	2
1.67622	2
1.67628	2
1.6763	2
1.67633	2
1.67636	2
1.67639	2
1.67639	3
1.67645	3
1.67645	3
1.67646	3
1.67654	1
1.67711	2
1.67714	2
1.6777	1
1.67779	2
1.67779	2
1.67779	1
1.67787	1
1.67811	1
1.67816	1
1.67825	1
1.67835	2
1.67835	3
1.67838	2
1.67892	2
1.679	2
1.679	2
1.67909	2
1.67934	2
1.67938	2
1.67948	2
1.67959	3
1.6796	3
1.67962	2
1.67962	2
1.67963	2
1.68024	3
1.68025	3
1.68034	2
1.68094	1
1.68111	1
1.68122	1
1.68128	1
1.6813	1
1.68133	1
1.68136	1
1.68139	1
1.68145	1
1.68146	1
1.68148	3
1.68157	2
1.68158	3
1.68214	1
1.68215	2
1.68234	2
1.68246	2
1.68252	2
1.68254	2
1.68258	2
1.6826	2
1.68264	2
1.6827	2
1.68272	2
1.68274	4
1.68275	4
1.68283	3
1.6834	2
1.6834	2
1.68357	2
1.6837	2
1.68376	2
1.68379	2
1.68383	2
1.68385	2
1.6839	2
1.68392	1
1.68396	2
1.68398	2
1.684	1
1.68434	1
1.68438	1
1.68448	1
1.6846	1
1.68461	2
1.68462	1
1.68463	1
1.68479	2
1.6848	3
1.68493	2
1.68493	3
1.68499	2
1.68499	3
1.68502	2
1.68503	3
1.68506	2
1.68507	3
1.68509	2
1.6851	3
1.68514	2
1.68514	3
1.68517	2
1.68521	2
1.68522	3
1.68524	2
1.68524	3
1.68526	2
1.68535	2
1.6856	2
1.68573	2
1.68585	2
1.68606	3
1.68625	3
1.68626	3
1.68647	3
1.68648	3
1.68649	3
1.6865	3
1.68652	2
1.68687	2
1.68699	2
1.6871	2
1.68749	4
1.6877	4
1.68773	4
1.68775	1
1.68775	2
1.68776	3
1.68784	1
1.68809	2
1.68809	3
1.68821	2
1.68822	3
1.68833	2
1.68833	3
1.68835	1
1.68841	1
1.68873	4
1.68875	5
1.6889	2
1.68901	2
1.68901	3
1.68967	2
1.68967	2
1.6898	1
1.68993	1
1.69003	1
1.69007	1
1.6901	1
1.69014	1
1.69017	1
1.69027	2
1.69027	2
1.69088	2
1.69101	2
1.69115	2
1.69125	2
1.69129	2
1.69133	2
1.69138	2
1.69138	2
1.6914	2
1.69151	3
1.69152	2
1.69208	2
1.69271	1
1.69273	1
1.69309	1
1.69322	1
1.69333	1
1.69334	2
1.69334	2
1.69375	1
1.69395	2
1.69397	2
1.69402	1
1.69433	2
1.69446	2
1.69458	2
1.69459	3
1.69459	3
1.69528	2
1.69528	2
1.69559	2
1.69572	2
1.69588	1
1.69589	2
1.6959	2
1.69601	1
1.69615	1
1.69625	1
1.69629	1
1.69633	1
1.69638	1
1.6964	1
1.69651	1
1.69652	2
1.69682	2
1.69683	3
1.69696	2
1.69697	3
1.69712	2
1.69713	2
1.69715	2
1.69726	2
1.69726	2
1.6974	2
1.69751	2
1.69756	2
1.69764	2
1.69764	2
1.69823	3
1.69841	2
1.69882	2
1.6989	2
1.69895	1
1.69897	1
1.69909	2
1.69909	2
1.69958	1
1.69959	1
1.70004	2
1.70004	3
1.70012	3
1.70013	3
1.70018	2
1.7002	2
1.70033	2
1.70084	2
1.70085	2
1.70152	1
1.70159	3
1.7016	3
1.70183	1
1.70209	2
1.7021	2
1.70212	1
1.70213	1
1.70226	1
1.70251	1
1.70273	2
1.7028	3
1.70304	2
1.70323	1
1.70331	2
1.70332	3
1.70333	2
1.70334	3
1.70335	2
1.70335	2
1.70337	2
1.70341	1
1.7035	2
1.70366	1
1.70376	2
1.70397	2
1.70404	4
1.70467	2
1.70467	2
1.70475	2
1.70491	2
1.70491	2
1.705	2
1.705	2
1.70501	2
1.70504	1
1.70513	1
1.70518	1
1.7052	1
1.70523	2
1.70523	3
1.7053	3
1.70589	2
1.70597	2
1.70597	3
1.70615	2
1.70624	2
1.70624	3
1.70625	2
1.70626	3
1.70628	2
1.70638	2
1.70643	2
1.70646	2
1.70648	3
1.70649	3
1.70656	2
1.70714	3
1.70715	3
1.70741	3
1.70741	3
1.7075	3
1.70759	2
1.70804	1
1.70832	1
1.70834	1
1.70835	1
1.70837	1
1.70839	3
1.70866	3
1.70905	1
1.7093	2
1.70958	2
1.7096	2
1.70962	2
1.70963	2
1.71031	2
1.71031	2
1.71056	2
1.71082	2
1.71085	2
1.71087	2
1.71089	2
1.71097	1
1.71126	1
1.71128	1
1.71138	1
1.71143	1
1.71146	1
1.71149	1
1.71154	2
1.71182	2
1.71182	3
1.71224	2
1.7125	1
1.71252	2
1.71259	1
1.71308	3
1.7134	1
1.71348	2
1.71367	1
1.71373	2
1.71373	2
1.71375	2
1.71382	2
1.71447	2
1.71465	2
1.71473	2
1.71474	3
1.71499	2
1.71509	2
1.71558	2
1.71564	2
1.71571	2
1.71583	1
1.71585	1
1.71587	1
1.71589	1
1.7159	2
1.71599	3
1.716	3
1.71634	2
1.71635	3
1.71654	1
1.71684	2
1.71713	2
1.71726	4
1.71778	2
1.71809	2
1.7181	3
1.71838	2
1.71851	3
1.71875	1
1.71899	2
1.71931	3
1.71933	3
1.71961	2
1.71962	3
1.71965	1
1.71974	2
1.71999	1
1.72001	2
1.72064	1
1.72072	1
1.72102	2
1.72102	2
1.72128	2
1.72135	1
1.72189	2
1.72195	2
1.72212	2
1.72215	2
1.72225	3
1.72226	3
1.7225	2
1.72252	2
1.72252	3
1.72254	2
1.7226	2
1.72264	2
1.7227	2
1.7232	2
1.72375	2
1.72376	2
1.72377	3
1.72378	3
1.7238	2
1.72386	2
1.7239	2
1.72399	1
1.72433	1
1.72442	2
1.72443	3
1.72462	1
1.7249	2
1.72499	3
1.72499	3
1.72502	4
1.72504	2
1.72504	3
1.7251	2
1.72511	3
1.72515	2
1.72515	3
1.72524	2
1.72567	3
1.72568	3
1.72587	2
1.72587	2
1.72616	2
1.72636	3
1.72689	1
1.72694	4
1.72708	2
1.72711	2
1.72713	2
1.72714	2
1.72715	1
1.72726	1
1.72764	2
1.72774	2
1.72809	2
1.72815	4
1.72817	5
1.72831	2
1.72835	2
1.72838	3
1.72838	3
1.7284	2
1.72841	2
1.72852	2
1.72885	2
1.72896	1
1.729	2
1.72936	2
1.72957	2
1.72958	3
1.72964	3
1.72966	2
1.72966	3
1.72967	2
1.72999	1
1.73002	1
1.73004	1
1.73012	2
1.73015	1
1.7302	2
1.7302	2
1.73022	2
1.73023	3
1.73024	1
1.73057	2
1.73057	3
1.73078	3
1.7308	3
1.73086	4
1.73086	4
1.73087	3
1.73089	3
1.7309	2
1.7309	3
1.73116	1
1.73122	2
1.73125	2
1.73127	2
1.73134	2
1.73136	3
1.73139	2
1.73144	2
1.73147	3
1.73148	3
1.73149	2
1.73182	3
1.73183	3
1.7319	4
1.73205	4
1.73213	4
1.73251	2
1.73252	2
1.73264	1
1.73265	2
1.73269	3
1.7327	3
1.73274	4
1.73309	4
1.73316	3
1.73335	1
1.73338	4
1.7334	5
1.73352	1
1.73374	3
1.73385	2
1.73387	2
1.73387	3
1.73391	3
1.73395	4
1.73397	5
1.73431	4
1.73433	5
1.73439	1
1.73454	3
1.73455	2
1.73459	2
1.73463	6
1.73476	2
1.73499	3
1.735	3
1.73586	1
1.73589	7
1.7359	1
1.73622	1
1.73626	4
1.73627	1
1.73636	1
1.73649	1
1.73705	1
1.73709	2
1.73712	4
1.73713	2
1.73747	2
1.7375	4
1.73752	5
1.73752	2
1.73762	2
1.73775	2
1.73831	2
1.73831	2
1.73837	5
1.73837	5
1.73838	2
1.73871	2
1.73876	6
1.73878	2
1.73885	1
1.73887	1
1.73888	2
1.73892	1
1.73901	2
1.73933	1
1.73938	2
1.73954	2
1.73957	1
1.73961	5
1.73962	2
1.73962	4
1.73962	3
1.73976	1
1.7402	1
1.74027	2
1.74059	2
1.74065	2
1.7408	3
1.74081	3
1.74083	2
1.74083	2
1.74144	2
1.74181	3
1.74181	4
1.74203	3
1.74205	2
1.74205	3
1.74209	1
1.74237	2
1.74237	2
1.74261	3
1.74262	4
1.74264	2
1.74267	2
1.74301	4
1.74324	4
1.74325	4
1.74327	3
1.74327	3
1.74331	2
1.74332	3
1.74337	1
1.74361	2
1.74371	1
1.74377	1
1.74378	1
1.74386	4
1.74388	1
1.74389	2
1.74391	1
1.74392	2
1.74453	4
1.74457	2
1.74462	1
1.74464	2
1.74464	2
1.74498	2
1.74512	5
1.74565	1
1.74575	4
1.74576	5
1.74584	2
1.74586	2
1.74616	2
1.74632	4
1.74633	3
1.74672	2
1.74684	2
1.74684	2
1.74696	6
1.74703	2
1.74705	3
1.74705	3
1.74738	2
1.74738	3
1.74754	3
1.74755	3
1.74759	1
1.74767	2
1.74793	3
1.74806	2
1.74818	7
1.74825	1
1.74827	2
1.74827	3
1.74829	3
1.74861	1
1.74862	3
1.74863	3
1.7488	4
1.74883	2
1.74883	2
1.74889	1
1.7489	2
1.74891	2
1.74931	3
1.74931	3
1.74951	2
1.74957	1
1.74987	2
1.74989	4
1.75005	4
1.75007	5
1.7501	2
1.75012	2
1.75014	2
1.75015	2
1.75016	3
1.75017	3
1.75018	2
1.75055	3
1.75073	2
1.75073	2
1.75097	2
1.75107	2
1.75108	4
1.7511	5
1.75127	6
1.75133	2
1.75135	2
1.75137	2
1.75139	3
1.7514	2
1.75177	4
1.75178	4
1.75197	3
1.75202	2
1.75221	2
1.75231	2
1.75232	3
1.75235	6
1.75293	1
1.75304	5
1.75319	1
1.75327	1
1.75329	1
1.75347	2
1.75347	3
1.75357	3
1.75358	3
1.75361	7
1.75414	2
1.75414	2
1.75424	6
1.75441	2
1.75449	2
1.75451	2
1.75469	3
1.7547	3
1.75481	4
1.75485	3
1.755	2
1.75501	2
1.7551	1
1.7551	1
1.75512	2
1.7554	2
1.75549	7
1.75552	8
1.75559	2
1.75607	4
1.75626	2
1.75627	2
1.75628	1
1.75633	1
1.75635	1
1.75639	1
1.7564	1
1.75685	2
1.75697	1
1.75702	1
1.75748	3
1.75748	3
1.7575	2
1.75756	2
1.75758	2
1.75762	2
1.75764	2
1.7581	2
1.75811	3
1.75822	2
1.75827	2
1.75861	1
1.75875	3
1.75876	3
1.75889	2
1.75941	1
1.75946	2
1.75949	1
1.75951	1
1.75952	2
1.7597	1
1.75979	1
1.75986	2
1.75999	4
1.76001	1
1.76012	1
1.7604	1
1.76061	2
1.76066	2
1.76066	3
1.7607	2
1.76073	2
1.76073	2
1.76073	3
1.76092	2
1.76102	2
1.76109	2
1.76109	2
1.76121	4
1.76123	5
1.76124	2
1.76135	2
1.76165	2
1.76175	1
1.76187	2
1.76187	2
1.76192	3
1.76193	3
1.76256	1
1.76258	1
1.76261	2
1.76264	1
1.76292	2
1.76311	1
1.76313	3
1.76313	3
1.76318	4
1.76376	1
1.76377	2
1.76379	2
1.76382	2
1.76383	3
1.76385	2
1.76389	1
1.76414	2
1.76414	3
1.76434	2
1.76437	3
1.76441	4
1.76443	5
1.76502	2
1.76502	2
1.76503	2
1.76511	2
1.76514	2
1.76514	2
1.7657	1
1.76573	1
1.76573	1
1.76592	1
1.76602	1
1.76609	1
1.76623	1
1.76624	1
1.76629	2
1.76629	2
1.7663	3
1.76636	2
1.76636	2
1.76693	2
1.76696	2
1.76696	2
1.76716	2
1.76725	2
1.76731	2
1.76731	2
1.76745	2
1.76747	2
1.76752	3
1.76752	3
1.76753	3
1.76754	3
1.7676	2
1.76815	2
1.76818	2
1.76819	2
1.7684	2
1.7685	2
1.76857	2
1.76879	1
1.76883	1
1.76885	3
1.76886	3
1.76914	1
1.76934	1
1.76937	1
1.76943	1
1.76965	2
1.76966	3
1.77004	2
1.77007	2
1.77007	2
1.77011	3
1.77011	1
1.77014	1
1.77039	2
1.77059	2
1.77062	2
1.77068	2
1.77091	3
1.77091	3
1.77129	2
1.77131	2
1.77132	2
1.77135	4
1.77136	2
1.77137	4
1.77139	2
1.77245	1
1.77247	1
1.77252	1
1.77254	1
1.77255	2
1.77255	3
1.77262	5
1.773	2
1.77315	1
1.77318	1
1.7732	1
1.7735	1
1.77357	1
1.77368	2
1.77371	2
1.77376	2
1.77378	2
1.77379	3
1.77381	3
1.77388	4
1.77388	3
1.77426	2
1.77427	2
1.77445	2
1.77539	1
1.77553	3
1.77553	3
1.77559	1
1.77562	1
1.77568	1
1.77571	2
1.77631	1
1.77633	1
1.77636	1
1.77639	1
1.77661	2
1.77675	3
1.77675	4
1.77681	2
1.77684	2
1.7769	2
1.77694	2
1.77694	3
1.77717	1
1.77753	2
1.77755	2
1.77757	2
1.77761	2
1.77762	1
1.77785	2
1.778	5
1.77808	2
1.77811	2
1.77868	1
1.77871	1
1.77876	1
1.77878	1
1.77879	2
1.77881	1
1.77911	2
1.77934	2
1.77991	2
1.77995	2
1.77999	2
1.78002	2
1.78003	2
1.78003	3
1.78005	2
1.78115	2
1.78119	2
1.78124	2
1.78127	2
1.78128	3
1.78129	3
1.78131	2
1.7819	1
1.78194	1
1.78241	2
1.78242	3
1.78245	2
1.78255	1
1.78257	1
1.78301	1
1.78306	1
1.78311	1
1.78314	2
1.78317	2
1.78363	3
1.78365	3
1.78377	2
1.7838	2
1.78388	1
1.78411	1
1.78423	2
1.78428	2
1.78428	2
1.78433	2
1.78437	2
1.78439	2
1.78439	2
1.78441	2
1.78443	2
1.78475	2
1.78483	2
1.78503	2
1.78514	2
1.78514	2
1.78549	3
1.7857	2
1.78601	2
1.78609	2
1.78624	1
1.78627	1
1.78629	1
1.78629	2
1.7863	3
1.78631	1
1.7864	2
1.7869	2
1.7869	3
1.78721	2
1.78722	3
1.7873	2
1.78731	3
1.78745	1
1.78746	2
1.7875	2
1.78751	2
1.78752	3
1.78753	3
1.78754	2
1.78763	3
1.78763	3
1.78814	3
1.78815	3
1.78843	2
1.78847	3
1.78848	3
1.78881	1
1.78928	1
1.78933	1
1.78937	1
1.78939	1
1.78941	1
1.78941	4
1.78968	2
1.78973	4
1.7899	1
1.79005	2
1.79005	2
1.79049	1
1.79051	2
1.79056	2
1.79061	2
1.79063	2
1.79065	4
1.79065	2
1.79066	5
1.79094	2
1.79094	3
1.79099	4
1.79129	2
1.7913	3
1.79177	2
1.79182	2
1.79187	2
1.79189	2
1.79219	3
1.79221	3
1.79231	1
1.79246	1
1.7925	1
1.79251	1
1.79253	1
1.79254	1
1.79254	3
1.79254	3
1.79263	1
1.79297	2
1.79299	2
1.793	3
1.79305	2
1.79306	3
1.79311	2
1.79312	3
1.79314	2
1.79314	3
1.79345	4
1.7935	2
1.79357	2
1.79373	2
1.79377	2
1.79378	2
1.79469	4
1.79471	5
1.79483	2
1.79499	2
1.79504	2
1.79505	2
1.79536	2
1.79536	2
1.79567	1
1.79596	6
1.79601	2
1.79603	2
1.79662	2
1.79691	1
1.7972	7
1.79726	3
1.79727	3
1.79754	1
1.79782	3
1.79783	3
1.79797	1
1.798	1
1.79806	1
1.79812	1
1.79814	2
1.79814	1
1.79816	2
1.79843	8
1.79846	9
1.79852	3
1.79881	2
1.79881	2
1.79923	2
1.79926	2
1.79932	2
1.79938	2
1.7994	3
1.7994	4
1.79941	2
1.79978	4
1.79983	1
1.79999	1
1.80004	1
1.80004	2
1.80005	1
1.80045	2
1.80048	2
1.80055	2
1.80061	2
1.80063	4
1.80065	2
1.80096	5
1.80108	2
1.80113	2
1.80123	2
1.80127	2
1.80128	3
1.80128	3
1.80129	2
1.8017	2
1.8017	3
1.80173	2
1.80174	3
1.80181	2
1.80181	3
1.8019	5
1.8025	2
1.80283	1
1.80295	3
1.80296	3
1.80299	3
1.803	3
1.80307	3
1.80316	1
1.80371	2
1.80372	3
1.80372	2
1.80376	2
1.80386	2
1.80406	2
1.8042	4
1.80424	4
1.80441	2
1.80442	2
1.80472	1
1.80478	1
1.80497	3
1.80512	2
1.80532	2
1.80545	4
1.80546	5
1.80549	4
1.80551	5
1.80561	1
1.80565	1
1.80594	2
1.806	2
1.80608	1
1.80613	1
1.80627	1
1.80628	1
1.80629	1
1.80634	2
1.80635	3
1.80654	2
1.80655	3
1.80669	6
1.80675	6
1.80686	2
1.8069	1
1.8069	2
1.8072	3
1.80743	2
1.80754	2
1.80808	1
1.80816	2
1.80864	2
1.8087	2
1.80872	1
1.80876	1
1.8088	2
1.80888	2
1.80888	2
1.80927	3
1.80934	2
1.80934	2
1.80941	2
1.80941	3
1.80942	1
1.8099	2
1.8099	2
1.80995	2
1.80997	3
1.80998	2
1.81002	2
1.811	1
1.81116	3
1.81121	3
1.81123	3
1.81135	1
1.81155	1
1.8117	1
1.81188	1
1.8122	1
1.81223	2
1.81223	2
1.81247	4
1.8126	2
1.81281	2
1.81299	1
1.81371	4
1.8138	1
1.81388	1
1.81407	2
1.81425	2
1.81434	1
1.81439	2
1.81441	1
1.81502	1
1.81502	2
1.8151	2
1.8153	2
1.8153	3
1.81548	2
1.81549	2
1.81554	2
1.8156	2
1.8156	2
1.81563	2
1.81616	1
1.81623	2
1.81625	1
1.81625	2
1.81633	2
1.81655	3
1.81656	3
1.81723	1
1.81749	2
1.81755	2
1.81759	2
1.8176	1
1.81782	4
1.81815	2
1.81846	2
1.81867	2
1.81867	2
1.81871	1
1.81871	2
1.81872	3
1.81878	2
1.81883	2
1.81903	4
1.81906	5
1.81938	2
1.8197	2
1.81993	2
1.81996	2
1.81997	3
1.81998	3
1.82049	1
1.82054	1
1.8206	1
1.82063	1
1.82064	2
1.82064	3
1.82068	2
1.82095	2
1.82096	3
1.82118	3
1.82119	3
1.82122	2
1.82123	2
1.82124	4
1.82125	1
1.82173	2
1.82173	2
1.82178	2
1.82183	2
1.82186	2
1.82186	3
1.82187	3
1.82191	2
1.82219	3
1.8222	3
1.82243	3
1.82248	3
1.82249	4
1.8225	5
1.82251	2
1.82259	1
1.82304	2
1.82309	2
1.82311	2
1.82313	4
1.82316	2
1.82317	3
1.82369	4
1.82374	3
1.82378	1
1.82383	1
1.82384	2
1.82384	2
1.82406	1
1.8243	2
1.8243	3
1.82434	2
1.82434	3
1.82435	2
1.82435	3
1.82438	3
1.8244	3
1.82441	3
1.82494	3
1.82502	2
1.82505	2
1.82508	2
1.82531	2
1.8262	2
1.82628	2
1.82673	1
1.82685	2
1.8272	1
1.82738	2
1.82738	2
1.82746	2
1.82746	2
1.82749	2
1.8275	3
1.82751	1
1.82795	2
1.82808	2
1.82813	1
1.82844	2
1.82863	2
1.82869	1
1.82872	2
1.82874	1
1.82875	3
1.82876	1
1.82876	3
1.8293	1
1.82934	2
1.82935	3
1.82935	1
1.82939	2
1.82939	2
1.82971	2
1.8299	3
1.8299	3
1.82998	3
1.82999	3
1.83	2
1.83005	1
1.83008	1
1.83031	1
1.83054	2
1.83057	3
1.83059	3
1.83059	2
1.83063	2
1.83066	1
1.83094	2
1.83095	3
1.83114	3
1.83122	3
1.83124	2
1.8313	2
1.83132	2
1.83157	2
1.8318	2
1.83189	3
1.8319	3
1.83193	2
1.83248	4
1.83283	2
1.83283	2
1.83295	1
1.83315	3
1.83319	2
1.83376	1
1.83407	3
1.83419	2
1.8344	4
1.83441	4
1.83444	2
1.83445	3
1.83559	1
1.83559	1
1.83571	3
1.83595	1
1.83614	1
1.83624	1
1.83628	2
1.83632	1
1.8368	1
1.83683	2
1.83684	2
1.83718	2
1.83732	2
1.83739	2
1.83748	1
1.83749	2
1.83753	2
1.83754	2
1.83756	1
1.83758	2
1.8381	2
1.83818	2
1.83844	2
1.83858	2
1.83866	2
1.83877	2
1.83879	2
1.8388	3
1.8388	2
1.83907	1
1.83919	1
1.83934	2
1.83935	3
1.83941	1
1.83944	2
1.83968	2
1.83968	3
1.83983	2
1.83983	3
1.83994	2
1.83994	2
1.84	2
1.84001	2
1.84004	3
1.84005	3
1.84032	2
1.84045	2
1.84061	3
1.84067	2
1.84069	2
1.84127	2
1.84171	2
1.84183	1
1.84194	2
1.84249	1
1.84258	1
1.8429	2
1.84291	2
1.84291	3
1.84303	2
1.84342	2
1.84342	2
1.84366	1
1.84372	2
1.8438	1
1.84382	2
1.84415	2
1.84415	2
1.84416	3
1.84417	3
1.84429	2
1.84434	1
1.84468	1
1.84483	1
1.84491	2
1.84491	2
1.84494	1
1.84496	1
1.84498	2
1.845	1
1.84505	1
1.84506	2
1.84508	2
1.84532	1
1.8454	3
1.8454	3
1.84542	4
1.84555	2
1.84555	3
1.84559	2
1.84569	1
1.84593	2
1.84606	2
1.84615	2
1.84618	2
1.8462	2
1.8462	2
1.84621	2
1.84622	3
1.84625	2
1.8463	2
1.84632	2
1.84634	2
1.84634	3
1.84694	1
1.84746	2
1.84747	3
1.84842	1
1.84871	2
1.84879	2
1.84879	2
1.84927	2
1.84939	2
1.84965	2
1.84994	2
1.84995	2
1.84996	2
1.85004	2
1.8504	1
1.85042	1
1.85055	1
1.85065	2
1.85065	2
1.85093	1
1.85106	1
1.85115	1
1.85118	1
1.85118	1
1.85122	3
1.85123	2
1.85125	1
1.85129	3
1.8513	3
1.8513	1
1.85132	1
1.85134	1
1.85166	2
1.85168	2
1.85181	2
1.85185	1
1.85189	3
1.85189	3
1.85217	2
1.8523	2
1.85239	2
1.85242	2
1.85242	2
1.85242	2
1.85245	2
1.85245	3
1.85246	3
1.85247	3
1.8525	2
1.8525	2
1.85255	3
1.85256	2
1.85257	2
1.8526	2
1.85307	2
1.8531	2
1.8531	2
1.85314	3
1.85371	3
1.8538	4
1.85381	4
1.85382	2
1.85427	1
1.85435	2
1.85438	4
1.8544	4
1.85465	1
1.85504	5
1.85505	2
1.85506	3
1.85551	2
1.85559	3
1.8556	3
1.85564	5
1.8559	2
1.8563	6
1.85632	3
1.85658	2
1.85666	1
1.85668	1
1.85677	2
1.85695	2
1.85695	2
1.85717	2
1.8573	1
1.85742	1
1.85742	1
1.8575	1
1.85757	4
1.85757	1
1.8576	1
1.85791	2
1.85794	2
1.85803	2
1.85804	3
1.85807	1
1.85842	1
1.85855	2
1.85865	1
1.85867	2
1.85868	2
1.85872	1
1.85873	1
1.85875	2
1.85883	4
1.85884	2
1.85917	2
1.8592	2
1.8593	3
1.85981	2
1.8599	2
1.8599	2
1.85994	2
1.86009	3
1.86041	2
1.86042	3
1.8606	1
1.86065	1
1.86105	2
1.86105	3
1.86115	2
1.86118	2
1.86119	3
1.86132	1
1.86134	4
1.86185	2
1.86191	2
1.86217	1
1.86231	3
1.86231	3
1.86241	3
1.86257	2
1.86283	1
1.86305	1
1.86311	2
1.86317	3
1.86317	4
1.86321	1
1.86342	2
1.86356	4
1.86368	1
1.86375	1
1.86383	2
1.86384	1
1.86407	2
1.86407	2
1.86421	1
1.86428	2
1.86433	2
1.86434	3
1.8644	4
1.86445	2
1.86467	2
1.86481	4
1.86483	5
1.86493	2
1.865	2
1.86506	2
1.86507	3
1.86507	2
1.86529	2
1.86542	1
1.86544	2
1.86552	2
1.86557	3
1.86558	3
1.86565	5
1.86566	6
1.86571	2
1.86619	1
1.8662	2
1.86627	2
1.86632	3
1.86633	3
1.86635	1
1.86671	2
1.86678	2
1.86678	3
1.86684	4
1.86692	7
1.86697	2
1.86697	3
1.86743	2
1.86744	2
1.86744	3
1.86749	2
1.8675	3
1.86756	4
1.86757	2
1.86791	2
1.86792	3
1.868	3
1.86801	3
1.86806	4
1.86807	5
1.86813	6
1.86814	5
1.86815	5
1.8682	3
1.86821	3
1.86867	2
1.86869	3
1.8687	3
1.86873	3
1.86875	3
1.86879	4
1.86881	5
1.86883	3
1.86883	4
1.86886	2
1.86939	5
1.86947	4
1.86967	1
1.86969	2
1.86969	2
1.86983	1
1.86993	2
1.86996	4
1.87001	4
1.87007	1
1.87029	1
1.87063	4
1.87072	3
1.87093	2
1.87095	2
1.87109	2
1.87133	2
1.87135	3
1.8719	4
1.87292	1
1.87301	1
1.87307	1
1.87381	1
1.87416	2
1.87425	2
1.87431	2
1.87447	1
1.87493	1
1.87496	1
1.87501	1
1.87508	2
1.87509	1
1.87512	1
1.8755	2
1.87557	3
1.87557	4
1.87565	1
1.87593	1
1.87595	1
1.87609	1
1.87622	2
1.87626	2
1.87633	2
1.87633	2
1.87635	2
1.87635	2
1.87638	2
1.87638	2
1.87667	2
1.87675	2
1.87676	3
1.87682	4
1.87691	2
1.87719	2
1.87721	2
1.87752	2
1.87752	2
1.8776	1
1.87817	2
1.87845	2
1.87847	2
1.87878	3
1.87885	2
1.87885	2
1.87916	1
1.87941	2
1.87942	3
1.87971	2
1.87971	3
1.87973	2
1.87973	3
1.88041	2
1.88097	3
1.88097	3
1.88122	1
1.88133	1
1.88135	1
1.88138	1
1.88154	2
1.88166	2
1.88167	1
1.88176	1
1.88183	1
1.88222	4
1.88259	2
1.88259	2
1.8826	2
1.88264	2
1.88292	2
1.88292	3
1.88378	1
1.88385	2
1.8839	1
1.88417	3
1.88418	3
1.88442	1
1.88473	1
1.88503	2
1.8851	3
1.88511	3
1.88619	2
1.88619	2
1.88629	2
1.88637	3
1.88642	2
1.88654	1
1.88723	1
1.88733	2
1.88743	2
1.88753	2
1.88753	3
1.88767	2
1.88767	2
1.88779	2
1.88849	2
1.88887	1
1.88891	1
1.88918	1
1.88975	2
1.88975	2
1.88997	2
1.88999	2
1.88999	2
1.89012	2
1.89012	2
1.89015	2
1.89015	2
1.8904	2
1.89098	3
1.89122	2
1.89124	2
1.89137	1
1.89138	2
1.89141	2
1.89166	2
1.89224	3
1.89233	1
1.89243	1
1.89253	1
1.89267	1
1.89279	1
1.89293	2
1.89301	2
1.89308	2
1.89357	2
1.89367	2
1.89377	2
1.89391	2
1.89402	2
1.89418	2
1.89427	2
1.89434	2
1.89434	2
1.89483	2
1.89503	2
1.89568	2
1.89599	2
1.89622	1
1.89624	1
1.89638	1
1.89641	1
1.89666	1
1.89693	2
1.89724	1
1.89725	2
1.89792	2
1.89792	2
1.89819	2
1.89819	3
1.8985	2
1.89851	2
1.89851	3
1.89867	1
1.89891	1
1.89902	1
1.89917	2
1.89918	1
1.89927	1
1.89943	3
1.89944	3
1.89976	2
1.89977	3
1.89978	3
1.89983	1
1.90003	1
1.90017	2
1.90043	3
1.90043	3
1.90044	2
1.90051	2
1.90061	1
1.90069	4
1.901	2
1.901	3
1.90102	4
1.90109	2
1.90109	2
1.90127	2
1.90127	2
1.90141	2
1.90165	3
1.90167	2
1.90174	2
1.90184	2
1.90184	2
1.90191	4
1.90193	5
1.90225	3
1.90225	3
1.90227	4
1.90228	5
1.90234	2
1.90254	2
1.90262	2
1.90262	2
1.9029	4
1.90292	2
1.90299	2
1.90351	4
1.90354	6
1.9036	3
1.90361	3
1.90379	3
1.90379	3
1.90387	2
1.90415	3
1.90415	2
1.90474	4
1.90476	5
1.90478	7
1.90485	3
1.90505	3
1.90513	3
1.90514	3
1.90567	1
1.90571	2
1.90571	2
1.90601	6
1.90611	4
1.90612	4
1.90641	1
1.90667	1
1.90673	1
1.90684	1
1.90691	2
1.90695	2
1.90726	5
1.90726	4
1.90727	4
1.90737	5
1.90748	2
1.9075	2
1.90763	2
1.90766	2
1.90766	2
1.9079	1
1.90791	2
1.90791	2
1.90797	2
1.90797	2
1.90808	2
1.90814	3
1.90815	2
1.9082	3
1.9082	3
1.9089	2
1.90923	2
1.90923	3
1.90934	2
1.90941	3
1.90941	4
1.90946	3
1.9098	1
1.90992	2
1.90992	2
1.91006	1
1.91013	2
1.91013	3
1.91025	2
1.9104	2
1.91047	3
1.91047	3
1.91058	2
1.91058	3
1.91065	4
1.9107	4
1.91071	4
1.91102	1
1.91106	2
1.91115	1
1.91118	2
1.9113	2
1.91138	3
1.9114	1
1.91191	5
1.91192	6
1.91227	2
1.9123	3
1.91231	4
1.9124	2
1.91243	3
1.91243	3
1.91247	2
1.91248	1
1.91251	1
1.91255	2
1.91265	2
1.91266	1
1.91266	1
1.91291	1
1.91306	2
1.91314	7
1.9135	3
1.91351	3
1.91354	5
1.91354	6
1.91355	6
1.91364	2
1.91364	2
1.91368	3
1.91372	2
1.91374	2
1.9138	2
1.91381	3
1.91389	2
1.91417	2
1.91432	2
1.91507	3
1.91508	3
1.91525	1
1.9154	1
1.91541	2
1.91544	1
1.91555	2
1.91556	3
1.91563	6
1.91564	3
1.91571	1
1.91628	4
1.91639	1
1.91645	2
1.91659	2
1.9166	2
1.9166	3
1.91663	2
1.91675	3
1.91676	3
1.91683	4
1.91684	5
1.91692	2
1.91741	1
1.91749	4
1.91751	5
1.91761	2
1.91761	2
1.91765	1
1.91783	2
1.91784	3
1.91785	3
1.91789	2
1.91802	4
1.91808	4
1.91809	5
1.91818	2
1.91819	2
1.91851	1
1.91855	1
1.9186	1
1.91868	2
1.91868	2
1.91869	1
1.91869	1
1.91886	2
1.91891	2
1.91891	2
1.91927	4
1.91944	3
1.91973	2
1.91977	2
1.91983	2
1.91983	2
1.9199	2
1.91991	3
1.91991	2
1.91992	2
1.91992	2
1.92008	3
1.92009	3
1.92014	2
1.92055	2
1.92065	3
1.92065	3
1.92095	3
1.921	3
1.92101	4
1.92106	2
1.92106	3
1.92114	3
1.92115	3
1.92116	2
1.92117	2
1.92117	3
1.92123	2
1.92125	2
1.92134	3
1.9214	3
1.92141	3
1.92145	1
1.92181	3
1.92182	4
1.92191	4
1.9222	3
1.92225	5
1.92225	6
1.92232	3
1.92232	3
1.92241	4
1.92242	2
1.9225	3
1.9226	4
1.92271	2
1.92271	2
1.92283	1
1.92285	1
1.92289	1
1.92299	1
1.92305	4
1.92306	5
1.92315	4
1.92316	5
1.92348	7
1.92356	4
1.92365	4
1.92366	5
1.92375	3
1.92375	3
1.92385	3
1.92391	2
1.92391	2
1.92396	2
1.92409	2
1.92411	2
1.92414	2
1.92424	2
1.92432	6
1.92469	2
1.92509	2
1.92517	2
1.92537	2
1.92557	7
1.92594	2
1.92617	1
1.92625	1
1.92641	1
1.92641	2
1.92641	3
1.92679	8
1.92682	9
1.92691	2
1.92719	2
1.92742	1
1.92743	2
1.9275	1
1.9275	2
1.92766	2
1.92766	3
1.92767	3
1.92818	3
1.92849	1
1.92857	1
1.92885	1
1.92891	1
1.92892	2
1.92896	1
1.92909	1
1.92924	1
1.92932	2
1.92932	2
1.92941	1
1.92971	2
1.92979	2
1.92991	1
1.92999	2
1.93008	2
1.93008	2
1.93015	2
1.93016	2
1.93017	3
1.93021	2
1.93032	2
1.93037	1
1.9304	1
1.93047	2
1.93057	2
1.93057	2
1.93094	1
1.93096	3
1.93097	4
1.93105	2
1.93106	2
1.93125	2
1.93125	2
1.93163	2
1.93163	2
1.93167	2
1.93167	2
1.93182	1
1.93192	2
1.9322	2
1.9322	2
1.93221	5
1.93222	6
1.93222	6
1.93231	3
1.93243	1
1.9325	3
1.93251	3
1.93287	2
1.93291	2
1.93306	2
1.93315	2
1.93315	2
1.93345	2
1.93348	7
1.93356	3
1.93357	3
1.93369	2
1.93377	1
1.93393	1
1.93412	3
1.93413	3
1.93416	3
1.93416	3
1.93483	4
1.93503	2
1.93503	2
1.93508	1
1.93515	1
1.93517	1
1.93519	2
1.93521	1
1.93532	1
1.93537	3
1.93541	3
1.93548	1
1.93557	1
1.93607	4
1.93609	5
1.93629	2
1.93635	2
1.93673	2
1.93673	2
1.93724	2
1.93751	1
1.93755	3
1.93755	3
1.93761	2
1.93799	2
1.93799	3
1.93806	1
1.93815	1
1.93845	1
1.93848	3
1.93849	4
1.93868	2
1.93868	2
1.93869	1
1.93876	2
1.9388	3
1.93887	2
1.93888	3
1.93925	3
1.93941	2
1.93971	2
1.93974	3
1.93974	4
1.93975	5
1.94006	4
1.94007	4
1.94019	1
1.94038	1
1.94042	1
1.94065	2
1.94096	2
1.94099	6
1.94117	2
1.94132	5
1.94145	2
1.94145	2
1.94163	2
1.94167	2
1.94225	7
1.94235	1
1.94244	2
1.94289	2
1.94351	4
1.94352	3
1.94361	2
1.94368	1
1.94376	1
1.94388	1
1.94413	2
1.94413	3
1.94425	1
1.94476	4
1.94478	5
1.94486	3
1.94487	4
1.94487	4
1.94494	2
1.94565	1
1.94596	1
1.94602	4
1.94603	5
1.94633	1
1.94642	2
1.94643	2
1.94645	1
1.94647	2
1.94657	2
1.94667	1
1.9468	2
1.94689	2
1.94719	2
1.94727	3
1.94744	1
1.94756	2
1.94766	2
1.94768	2
1.9477	2
1.94773	2
1.94784	2
1.94882	3
1.94883	4
1.94892	2
1.94892	3
1.94894	2
1.94913	1
1.94932	2
1.94978	4
1.94987	1
1.94994	1
1.94994	2
1.95008	4
1.95018	3
1.95038	2
1.95057	2
1.95057	2
1.95103	1
1.95164	2
1.9518	1
1.95183	3
1.95183	3
1.95189	1
1.9527	1
1.95273	1
1.95284	1
1.9529	2
1.9529	3
1.95345	1
1.95394	1
1.95416	3
1.95471	2
1.95471	2
1.95494	1
1.955	2
1.95509	1
1.95512	2
1.95518	1
1.95519	2
1.9555	2
1.95597	2
1.95683	1
1.95722	3
1.95723	3
1.95788	2
1.95789	1
1.95806	2
1.95806	2
1.95847	3
1.95868	2
1.95868	2
1.95915	2
1.95979	2
1.96	1
1.96012	1
1.96019	1
1.9604	2
1.9604	3
1.96042	2
1.9605	1
1.96103	2
1.96103	2
1.9611	2
1.96118	2
1.96124	2
1.96137	2
1.96144	2
1.96166	3
1.96235	2
1.96235	2
1.96242	2
1.96248	2
1.96262	2
1.96269	2
1.96306	1
1.96306	2
1.96313	2
1.96347	1
1.96359	3
1.96365	2
1.96366	3
1.96367	1
1.96373	2
1.96373	3
1.96386	2
1.96387	3
1.96394	2
1.96395	3
1.96395	2
1.96398	2
1.9641	2
1.96432	2
1.96432	2
1.9644	2
1.96484	3
1.96511	3
1.96512	3
1.9652	3
1.96521	3
1.96522	2
1.96542	1
1.96565	2
1.96565	3
1.96603	1
1.96617	2
1.96632	2
1.96635	4
1.96642	2
1.96645	4
1.96646	2
1.96646	3
1.96665	2
1.96665	2
1.96666	1
1.96689	3
1.96691	3
1.96729	2
1.96758	2
1.96758	2
1.96855	2
1.96857	1
1.96866	1
1.96873	1
1.96883	3
1.9691	1
1.96932	1
1.96977	2
1.96977	3
1.9698	2
1.96989	2
1.96997	2
1.96997	2
1.97007	3
1.97008	3
1.97024	1
1.97058	1
1.97116	2
1.97123	2
1.97134	4
1.97136	1
1.97142	1
1.97145	1
1.97146	1
1.97151	2
1.97151	2
1.97165	1
1.97175	2
1.97175	2
1.97183	2
1.97183	2
1.97191	1
1.97227	2
1.97244	1
1.97247	3
1.97247	3
1.97257	3
1.97259	2
1.97266	2
1.97268	2
1.97269	2
1.97274	2
1.97289	2
1.97299	2
1.97307	2
1.97315	2
1.97353	2
1.97367	2
1.97382	2
1.97433	3
1.97434	3
1.97441	2
1.97473	2
1.97479	2
1.97479	3
1.9748	1
1.97492	2
1.97492	2
1.97554	3
1.97562	2
1.97562	3
1.97596	2
1.97602	3
1.97604	3
1.97604	2
1.97604	2
1.97616	1
1.97618	3
1.97618	3
1.97634	1
1.97747	1
1.97759	1
1.97766	1
1.97768	1
1.97769	1
1.97774	1
1.97789	1
1.97791	2
1.97799	1
1.97869	2
1.9788	2
1.97887	2
1.9789	2
1.97891	2
1.97897	2
1.97912	2
1.97915	2
1.97923	2
1.97931	1
1.98062	1
1.98096	1
1.98104	1
1.98104	1
1.98118	1
1.98176	2
1.98183	2
1.98218	2
1.98226	2
1.98227	2
1.98241	2
1.9831	2
1.98369	1
1.9837	2
1.9837	2
1.9838	1
1.98387	1
1.9839	1
1.98391	1
1.98397	1
1.98412	1
1.98415	1
1.98423	1
1.9849	2
1.98492	2
1.98502	2
1.9851	2
1.98513	2
1.98514	2
1.9852	2
1.98536	2
1.98539	2
1.98548	2
1.98674	2
1.98679	1
1.98718	1
1.98726	1
1.98727	1
1.98741	2
1.98741	2
1.98741	1
1.98758	2
1.98758	2
1.98797	2
1.98797	3
1.98802	2
1.98802	2
1.9881	1
1.98843	2
1.98851	2
1.98852	2
1.98866	2
1.98867	2
1.98885	2
1.98923	3
1.98926	2
1.98926	3
1.98969	2
1.98977	2
1.98978	2
1.98992	3
1.98992	1
1.98993	3
1.98993	2
1.99002	1
1.9901	1
1.99013	1
1.99014	1
1.9902	1
1.99036	1
1.99039	1
1.99048	2
1.99051	3
1.99052	3
1.99058	2
1.99093	2
1.99094	3
1.99102	2
1.99102	3
1.99104	2
1.99104	3
1.99116	1
1.99118	3
1.99118	2
1.99119	2
1.9912	3
1.99127	2
1.99135	2
1.99138	2
1.99139	2
1.99145	2
1.99162	2
1.99165	2
1.99184	2
1.99184	2
1.99219	3
1.9922	3
1.99243	2
1.99243	2
1.99254	2
1.99288	2
1.99309	3
1.9931	3
1.99344	4
1.99367	2
1.99378	2
1.99378	3
1.99385	1
1.99411	2
1.99411	3
1.99423	1
1.99431	3
1.99467	4
1.99491	3
1.99492	3
1.99503	3
1.99503	3
1.9951	2
1.99537	3
1.99552	1
1.99602	1
1.99604	1
1.99618	3
1.99618	1
1.99619	1
1.9962	1
1.99629	4
1.99635	1
1.99637	2
1.99638	1
1.99639	1
1.99645	1
1.99665	1
1.99676	2
1.99681	2
1.99724	2
1.99726	2
1.99739	4
1.9974	4
1.99741	2
1.99741	2
1.99742	2
1.99752	4
1.99753	5
1.99759	2
1.9976	2
1.9976	3
1.99762	2
1.99763	2
1.99769	2
1.99787	2
1.9979	2
1.99801	2
1.99807	2
1.99868	2
1.99932	2
1.99932	3
1.99967	1
1.99991	2
1.99992	3
