4.024e-05	10
0.000118659	11
0.000157525	10
0.000196391	11
0.000235257	12
0.000274123	13
0.000313789	14
0.000357061	15
0.000403939	16
0.000454423	17
0.000508513	18
0.000566209	19
0.000628713	20
0.000692419	21
0.000762135	22
0.000834255	23
0.000909981	24
0.000989313	25
0.00107225	26
0.0011588	27
0.00124895	28
0.0013427	29
0.00144006	28
0.00153983	27
0.00163719	27
0.00172854	28
0.0018223	29
0.00191966	27
0.00201943	28
0.00211198	29
0.00220814	30
0.00230791	27
0.00240647	28
0.00249903	25
0.00259518	26
0.00269014	27
0.0027839	28
0.00287525	29
0.00297261	30
0.00306517	26
0.00316854	27
0.00325869	28
0.00335124	29
0.0034438	30
0.00354356	25
0.00363972	26
0.00373228	27
0.00382002	28
0.00391378	29
0.00400273	30
0.00409648	25
0.00419745	26
0.00429121	27
0.00437775	28
0.0044643	29
0.00455685	30
0.00465061	24
0.00475037	25
0.00484653	26
0.00492706	27
0.00501241	28
0.00510256	29
0.00519631	30
0.00529247	24
0.00539344	24
0.0054884	25
0.00556773	26
0.00565428	27
0.00574443	28
0.00583457	29
0.00591751	30
0.00601728	23
0.00612065	24
0.00620599	25
0.00629013	26
0.00637668	27
0.00646082	28
0.00655457	29
0.00665314	30
0.0067541	22
0.00684906	23
0.00691998	24
0.00700172	25
0.00708826	26
0.00717841	27
0.00725895	28
0.0073515	29
0.00744646	22
0.00754863	22
0.00762796	23
0.00770729	24
0.00779143	25
0.00787918	26
0.00797053	27
0.00805948	28
0.0081364	29
0.00823617	21
0.00833834	22
0.00841887	23
0.00849941	24
0.00858355	25
0.00866889	26
0.00874942	27
0.00883958	28
0.00892612	29
0.00902709	21
0.00913046	22
0.00920859	23
0.00928672	24
0.00935643	25
0.00944057	26
0.00952952	27
0.00962208	28
0.00971944	29
0.00982041	21
0.00991537	21
0.00998869	22
0.0100632	23
0.0101293	24
0.0102123	25
0.0102988	26
0.010389	27
0.0104839	28
0.0105825	29
0.0106846	20
0.0107772	21
0.0108493	22
0.0109142	23
0.0109924	24
0.0110765	25
0.011163	26
0.011252	27
0.0113433	28
0.0114215	29
0.0115224	20
0.011627	21
0.0117003	22
0.0117761	23
0.011853	24
0.0119323	25
0.0120165	26
0.0120922	27
0.0121835	28
0.0122785	29
0.0123759	20
0.0124756	21
0.0125501	22
0.0126247	23
0.0127004	24
0.0127737	25
0.0128579	26
0.0129468	27
0.0130382	28
0.0131343	29
0.0132329	20
0.0133134	21
0.013394	22
0.0134649	23
0.0135418	24
0.0136223	25
0.0137053	26
0.0137906	27
0.0138784	28
0.0139697	29
0.0140647	30
0.0141404	20
0.0142414	21
0.0143219	22
0.0143952	23
0.0144721	24
0.0145491	25
0.0146272	26
0.0147089	27
0.0147979	28
0.0148832	29
0.0149686	30
0.0150683	20
0.0151717	21
0.0152474	22
0.0153208	23
0.0153977	24
0.015477	25
0.01556	26
0.0156477	27
0.0157391	28
0.0158268	29
0.0158989	30
0.0160011	19
0.0160985	20
0.0161718	21
0.0162427	22
0.0163172	23
0.0163953	24
0.0164771	25
0.0165624	26
0.0166454	27
0.0167295	28
0.016804	29
0.0169038	19
0.0169988	20
0.0170781	21
0.0171526	22
0.0172271	23
0.0173053	24
0.017387	25
0.0174723	26
0.0175529	27
0.0176226	28
0.0177187	29
0.0178185	19
0.0179147	20
0.0179952	21
0.0180649	22
0.0181394	23
0.0182176	24
0.0182993	25
0.0183847	26
0.0184652	27
0.0185313	28
0.0186263	29
0.018726	20
0.0188222	21
0.0189039	22
0.0189821	23
0.019059	24
0.0191395	25
0.0192237	26
0.0193114	27
0.0193943	28
0.0194641	29
0.0195614	30
0.0196624	20
0.0197609	21
0.0198367	22
0.01991	23
0.0199869	24
0.0200675	25
0.0201516	26
0.0202393	27
0.0203307	28
0.020416	29
0.0204833	30
0.0205855	20
0.0206865	21
0.0207622	22
0.0208355	23
0.0209125	24
0.020993	25
0.0210771	26
0.0211649	27
0.0212562	28
0.0213416	29
0.0214137	30
0.0215159	19
0.0216168	20
0.0216853	21
0.0217563	22
0.0218308	23
0.0219089	24
0.0219907	25
0.022076	26
0.0221649	27
0.0222479	28
0.0223176	29
0.0224174	19
0.0225159	20
0.0225965	21
0.0226674	22
0.0227419	23
0.0228188	24
0.0229006	25
0.0229859	26
0.0230664	27
0.0231362	28
0.0232323	29
0.0233321	19
0.0234282	20
0.0235088	21
0.0235797	22
0.023653	23
0.0237312	24
0.0238129	25
0.0238982	26
0.0239788	27
0.0240461	28
0.0241422	29
0.024242	20
0.024337	21
0.0244175	22
0.0244932	23
0.0245701	24
0.0246507	25
0.0247348	26
0.0248226	27
0.0249079	28
0.0249752	29
0.0250738	30
0.0251748	20
0.0252721	21
0.0253478	22
0.0254212	23
0.0254981	24
0.0255786	25
0.0256628	26
0.0257505	27
0.0258419	28
0.0259284	29
0.0259957	30
0.0260967	20
0.0261953	21
0.0262734	22
0.0263467	23
0.0264236	24
0.0265042	25
0.0265883	26
0.0266761	27
0.0267674	28
0.0268539	29
0.0269249	20
0.027027	20
0.0271124	21
0.0271857	22
0.027259	23
0.027336	24
0.0274165	25
0.0275006	26
0.0275884	27
0.0276797	28
0.0277663	29
0.0278372	20
0.0279394	21
0.0280259	22
0.0281004	23
0.0281749	24
0.0282531	25
0.0283348	26
0.0284202	27
0.0285019	28
0.028568	29
0.0286618	30
0.0287615	20
0.0288649	21
0.0289514	22
0.029026	23
0.0291005	24
0.0291786	25
0.0292604	26
0.0293457	27
0.0294346	28
0.0295188	29
0.0295873	30
0.0296871	20
0.0297904	21
0.029877	22
0.0299503	23
0.0300236	24
0.0301006	25
0.0301811	26
0.0302652	27
0.030353	28
0.0304359	29
0.0305032	30
0.0306018	20
0.030704	21
0.0307965	22
0.0308734	23
0.0309456	24
0.0310213	25
0.0311006	26
0.0311836	27
0.0312701	28
0.0313542	29
0.0314228	30
0.0315201	20
0.0316211	20
0.0317112	21
0.0317954	22
0.0318795	23
0.0319673	24
0.0320586	25
0.0321379	26
0.0322209	27
0.032299	28
0.0323675	29
0.0324613	30
0.0325586	19
0.0326596	20
0.0327401	21
0.0328207	22
0.0329048	23
0.0329926	24
0.0330839	25
0.0331572	26
0.0332209	27
0.0333063	28
0.0333964	29
0.0334914	30
0.03359	19
0.0336909	20
0.0337715	21
0.033852	22
0.0339361	23
0.0340239	24
0.0341152	25
0.0341886	26
0.0342547	27
0.0343412	28
0.0344326	29
0.0345275	30
0.0346249	19
0.0347258	20
0.0348052	21
0.0348857	22
0.0349699	23
0.0350576	24
0.035149	25
0.0352343	26
0.0353004	27
0.0353869	28
0.0354783	29
0.0355733	30
0.0356706	18
0.0357716	19
0.0358497	20
0.0359278	21
0.0360096	22
0.0360949	23
0.0361839	24
0.036268	25
0.0363317	26
0.0364159	27
0.0365036	28
0.036595	29
0.0366887	30
0.0367861	18
0.0368882	19
0.036964	20
0.0370421	21
0.0371238	22
0.0371996	23
0.0372633	24
0.0373546	25
0.0374436	26
0.0375277	27
0.0376155	28
0.0377068	29
0.0378018	30
0.0379003	18
0.0380025	19
0.038077	20
0.0381552	21
0.0382321	22
0.0383102	23
0.0383811	24
0.0384737	25
0.0385542	26
0.0386372	27
0.0387249	28
0.0388163	29
0.0389112	30
0.0390086	18
0.0391083	19
0.0391769	20
0.0392418	21
0.0393235	22
0.0394088	23
0.0394978	24
0.0395903	25
0.0396709	26
0.0397538	27
0.0398416	28
0.0399329	29
0.0400279	30
0.0401228	18
0.0402202	18
0.0402899	19
0.04035	20
0.0404293	21
0.0405111	22
0.040588	23
0.0406745	24
0.0407623	25
0.0408404	26
0.0409077	27
0.0409943	28
0.0410844	29
0.0411782	30
0.0412743	17
0.0413741	18
0.0414462	19
0.0415208	20
0.0415905	21
0.041671	22
0.0417551	23
0.0418429	24
0.0419246	25
0.042004	26
0.0420869	27
0.0421734	28
0.0422624	29
0.0423513	30
0.0424463	17
0.0425485	18
0.0426206	19
0.0426915	20
0.042748	21
0.0428285	22
0.0429127	23
0.0430016	24
0.0430942	25
0.0431735	26
0.0432564	27
0.043343	28
0.0434331	29
0.0435269	30
0.0436231	17
0.0437228	18
0.0437925	19
0.0438635	20
0.0439223	21
0.0440029	22
0.044087	23
0.044176	24
0.0442637	25
0.0443382	26
0.0444056	27
0.0444909	28
0.0445798	29
0.0446724	30
0.0447698	17
0.0448707	18
0.044944	19
0.0450186	20
0.0450919	21
0.0451736	22
0.045259	23
0.0453479	24
0.0454405	25
0.045515	26
0.0455847	27
0.0456701	28
0.045759	29
0.0458516	30
0.0459489	17
0.0460487	18
0.0461232	19
0.0461881	20
0.0462542	21
0.0463348	22
0.0464189	23
0.0465079	24
0.0466004	25
0.0466749	26
0.0467531	27
0.0468384	28
0.0469273	29
0.0470199	30
0.0471149	17
0.0472134	18
0.0472831	19
0.0473468	20
0.0474142	21
0.0474935	22
0.0475776	23
0.0476654	24
0.0477555	25
0.0478433	26
0.047907	27
0.0479899	28
0.0480765	29
0.0481666	30
0.0482616	17
0.0483601	18
0.0484311	19
0.0485008	20
0.0485753	21
0.0486534	22
0.0487352	23
0.0488181	24
0.0489034	25
0.0489924	26
0.0490549	27
0.0491378	28
0.0492244	29
0.0493133	30
0.0494059	31
0.0495032	18
0.0496042	19
0.0496691	20
0.0497328	21
0.0498085	22
0.0498891	23
0.0499732	24
0.050061	25
0.0501523	26
0.0502473	27
0.0503278	28
0.0504119	29
0.0505009	30
0.0505934	31
0.0506884	18
0.0507858	18
0.0508507	19
0.0509192	20
0.0509937	21
0.0510562	22
0.051138	23
0.0512221	24
0.0513026	25
0.0513868	26
0.0514709	27
0.0515538	28
0.0516404	29
0.0517305	30
0.0518243	18
0.0519217	19
0.0520058	20
0.0520767	21
0.0521464	22
0.0522222	23
0.0523051	24
0.0523916	25
0.0524818	26
0.0525755	27
0.0526561	28
0.0527402	29
0.0528051	30
0.0528953	31
0.052989	18
0.0530852	19
0.0531693	20
0.0532403	21
0.0533124	22
0.0533833	23
0.053465	24
0.0535516	25
0.0536417	26
0.0537355	27
0.053816	28
0.0539002	29
0.0539855	30
0.0540744	31
0.0541694	18
0.054268	19
0.0543533	20
0.0544254	21
0.0545012	22
0.0545552	23
0.054637	24
0.0547223	25
0.0548113	26
0.0549038	27
0.0549807	28
0.0550625	29
0.0551502	30
0.055238	31
0.0553317	18
0.0554303	19
0.0555156	20
0.0555878	21
0.0556587	22
0.0557332	23
0.0558161	24
0.0559027	25
0.0559916	26
0.0560842	27
0.0561647	28
0.0562489	29
0.0563366	30
0.0564039	31
0.0564989	18
0.0565974	18
0.0566816	19
0.0567525	20
0.0568234	21
0.0568883	22
0.0569701	23
0.0570542	24
0.0571419	25
0.0572345	26
0.0573138	27
0.0573968	28
0.0574833	29
0.0575735	30
0.0576672	31
0.0577634	17
0.0578631	18
0.0579305	19
0.0579761	20
0.0580519	21
0.05813	22
0.0582117	23
0.0582983	24
0.058386	25
0.0584762	26
0.0585531	27
0.0586372	28
0.0587238	29
0.0588139	30
0.0589089	17
0.0590062	18
0.0590904	19
0.0591589	20
0.0592298	21
0.0593067	22
0.0593873	23
0.0594714	24
0.0595351	25
0.0596265	26
0.0597094	27
0.0597924	28
0.0598789	29
0.059969	30
0.0600628	31
0.0601602	18
0.0602611	19
0.0603272	20
0.0603885	21
0.0604655	22
0.060546	23
0.0606289	24
0.0607155	25
0.0608068	26
0.060885	27
0.0609667	28
0.0610521	29
0.061141	30
0.0612336	31
0.0613297	18
0.0614295	19
0.0615148	20
0.0615665	21
0.0616434	22
0.0617228	23
0.0618021	24
0.061885	25
0.0619716	26
0.0620473	27
0.062129	28
0.0622156	29
0.0623057	30
0.0623995	18
0.0624969	19
0.0625822	20
0.0626555	21
0.0627324	22
0.062813	23
0.0628959	24
0.0629825	25
0.0630726	26
0.0631495	27
0.0632096	28
0.0632962	29
0.0633863	30
0.0634801	31
0.0635775	18
0.0636748	19
0.0637433	20
0.0638167	21
0.0638936	22
0.0639669	23
0.0640546	24
0.064146	25
0.0642289	26
0.0643107	27
0.064396	28
0.0644862	29
0.0645799	30
0.0646773	17
0.064777	18
0.0648492	19
0.0649237	20
0.0650018	21
0.0650836	22
0.0651376	23
0.065223	24
0.0653119	25
0.0654057	26
0.0654886	27
0.0655752	28
0.0656629	29
0.0657555	30
0.0658516	17
0.0659382	18
0.0660127	19
0.0660908	20
0.0661726	21
0.0662579	22
0.0663469	23
0.0664382	24
0.0665163	25
0.0665981	26
0.0666834	27
0.0667724	28
0.0668637	29
0.0669599	30
0.0670224	18
0.0671089	19
0.0671859	20
0.067264	21
0.0673241	22
0.0674106	23
0.0675008	24
0.0675945	25
0.0676763	26
0.0677604	27
0.0678494	28
0.0679419	29
0.0680393	30
0.0681246	18
0.0682136	19
0.0682893	20
0.0683686	21
0.0684528	22
0.0685393	23
0.068591	24
0.0686848	25
0.0687665	26
0.0688518	27
0.0689408	28
0.0690333	29
0.0691163	30
0.0692016	18
0.0692906	19
0.0693675	20
0.0694468	21
0.0695298	22
0.0696175	23
0.0697077	24
0.0698002	25
0.0698819	26
0.0699685	27
0.0700598	28
0.0701536	29
0.0702522	18
0.0703375	19
0.0704108	20
0.0704817	21
0.070537	22
0.0706224	23
0.0707113	24
0.0707895	25
0.0708856	26
0.0709698	27
0.0710575	28
0.0711489	29
0.0712438	30
0.0713424	18
0.0714289	19
0.0715046	20
0.071584	21
0.0716657	22
0.0717499	23
0.0718364	24
0.0719277	25
0.0720119	26
0.0720924	27
0.0721778	28
0.0722667	29
0.0723484	30
0.0724326	19
0.0725191	20
0.0725949	21
0.0726754	22
0.0727595	23
0.072828	24
0.0729194	25
0.0730144	26
0.0731117	27
0.0731959	28
0.0732848	29
0.0733629	30
0.0734447	31
0.0735288	32
0.0736178	20
0.0737115	21
0.0737933	22
0.0738786	23
0.0739675	24
0.0740553	25
0.0741226	26
0.0742212	27
0.0743077	28
0.0743834	29
0.0744628	30
0.0745457	31
0.0746322	32
0.0747188	20
0.0747921	20
0.0748726	21
0.0749556	22
0.0750421	23
0.0751335	24
0.0752284	25
0.075327	26
0.0754123	27
0.0754881	28
0.0755674	29
0.0756503	30
0.0757369	31
0.0758282	19
0.0759244	20
0.0760085	21
0.0760927	22
0.0761768	23
0.0762429	24
0.0763355	25
0.0764208	26
0.0764929	27
0.0765687	28
0.0766492	29
0.0767321	30
0.0768187	31
0.07691	20
0.077005	20
0.0770879	21
0.0771733	22
0.0772634	23
0.0773584	24
0.0774533	25
0.0775339	26
0.0776072	27
0.0776841	28
0.0777647	29
0.0778464	30
0.0779341	31
0.0780255	20
0.078118	21
0.0781781	22
0.0782611	23
0.0783476	24
0.0784378	25
0.0785267	26
0.0786097	27
0.0786818	28
0.0787575	29
0.078838	30
0.078921	31
0.0790087	32
0.0791013	20
0.0791974	21
0.0792816	22
0.0793693	23
0.0794607	24
0.0795544	25
0.0796518	26
0.0797371	27
0.0798093	28
0.079879	29
0.0799475	30
0.0800304	31
0.0801182	32
0.0802107	20
0.0803069	21
0.080391	22
0.0804764	23
0.0805617	24
0.080641	25
0.0807384	26
0.080825	27
0.0809103	28
0.0809884	29
0.0810702	30
0.0811555	31
0.0812457	32
0.0813394	20
0.0814368	20
0.0815197	21
0.081605	22
0.081694	23
0.0817866	24
0.0818743	25
0.0819596	26
0.0820113	27
0.0820883	28
0.0821688	29
0.0822529	30
0.0823419	31
0.0824296	19
0.082521	20
0.0825955	21
0.0826748	22
0.082765	23
0.0828587	24
0.0829561	25
0.0830414	26
0.0831148	27
0.0831929	28
0.0832734	29
0.0833588	30
0.0834477	31
0.0835403	19
0.0836376	20
0.083723	21
0.0838119	22
0.0839045	23
0.0840006	24
0.0840836	25
0.0841329	26
0.0842206	27
0.0842915	28
0.0843709	29
0.0844562	30
0.0845451	31
0.0846389	19
0.0847363	19
0.0848204	20
0.0849081	21
0.0849983	22
0.0850908	23
0.0851762	24
0.0852591	25
0.0853325	26
0.0854106	27
0.0854923	28
0.0855765	29
0.0856642	30
0.0857568	31
0.0858529	18
0.0859527	19
0.0860392	20
0.086115	21
0.0861931	22
0.0862303	23
0.0863157	24
0.0864046	25
0.086496	26
0.0865777	27
0.0866607	28
0.0867484	29
0.0868386	30
0.0869323	18
0.0870309	19
0.0871078	20
0.0871835	21
0.0872629	22
0.0873446	23
0.0874299	24
0.0875189	25
0.0876114	26
0.0876932	27
0.0877773	28
0.0878639	29
0.0879552	30
0.0880502	18
0.0880983	19
0.0881836	20
0.0882581	21
0.0883375	22
0.0884204	23
0.0885069	24
0.0885959	25
0.0886908	26
0.0887726	27
0.0888579	28
0.0889469	29
0.0890394	30
0.0891356	18
0.0892197	19
0.0892918	20
0.0893688	21
0.0894493	22
0.089531	23
0.0895683	24
0.089656	25
0.0897474	26
0.0898436	27
0.0899277	28
0.0900154	29
0.0901056	30
0.0902006	19
0.0902979	19
0.09037	20
0.0904458	21
0.0905239	22
0.0906068	23
0.0906922	24
0.0907823	25
0.0908773	26
0.0909758	27
0.0910612	28
0.0911501	29
0.0912439	30
0.09134	18
0.0914254	19
0.0914987	20
0.091536	21
0.0916141	22
0.0916946	23
0.0917788	24
0.0918665	25
0.0919591	26
0.092054	27
0.0921394	28
0.0922271	29
0.0923209	30
0.092417	18
0.0925036	19
0.0925769	20
0.0926538	21
0.0927356	22
0.0928197	23
0.0929051	24
0.0929976	25
0.0930938	26
0.0931683	27
0.0932284	28
0.0933173	29
0.0933967	30
0.0934808	31
0.0935686	32
0.0936599	19
0.0937549	20
0.0938366	21
0.0939219	22
0.0940109	23
0.0941034	24
0.0941996	25
0.0942922	26
0.0943667	27
0.0944448	28
0.0945278	29
0.0946131	30
0.0947008	31
0.0947934	18
0.0948884	19
0.0949725	20
0.0950614	21
0.095154	22
0.0952502	23
0.0953175	24
0.0953692	25
0.0954449	26
0.0955254	27
0.0956096	28
0.0956973	29
0.0957886	30
0.0958836	18
0.0959846	19
0.0960735	20
0.0961589	21
0.0962418	22
0.0963259	23
0.0964029	24
0.0964798	25
0.0965603	26
0.0966445	27
0.0967322	28
0.0968236	29
0.0969185	30
0.0970171	18
0.0971181	19
0.097195	20
0.0972767	21
0.0973573	22
0.0974041	23
0.0974919	24
0.0975856	25
0.0976674	26
0.0977527	27
0.0978417	28
0.0979354	29
0.0980328	30
0.0981241	18
0.0982155	18
0.0982876	19
0.0983681	20
0.0984523	21
0.0985412	22
0.0986338	23
0.0987131	24
0.0987973	25
0.098885	26
0.0989764	27
0.0990713	28
0.0991579	29
0.0992444	30
0.0993021	31
0.0993922	18
0.0994872	19
0.0995701	20
0.0996507	21
0.0997372	22
0.099825	23
0.0999055	24
0.0999896	25
0.100079	26
0.10017	27
0.100252	28
0.100337	29
0.100427	30
0.100521	31
0.100618	18
0.100719	19
0.100795	20
0.100872	21
0.100952	22
0.101007	23
0.101092	24
0.101181	25
0.10127	26
0.10135	27
0.101437	28
0.101527	29
0.101616	30
0.101707	17
0.101807	18
0.101879	19
0.101955	20
0.102035	21
0.102118	22
0.102205	23
0.102296	24
0.102377	25
0.102461	26
0.102549	27
0.10264	28
0.102735	29
0.102832	30
0.1029	17
0.10299	18
0.103067	19
0.103141	20
0.103206	21
0.103293	22
0.103383	23
0.103461	24
0.103544	25
0.103629	26
0.103719	27
0.103813	28
0.103911	29
0.103997	17
0.104087	17
0.104164	18
0.104245	19
0.104329	20
0.104388	21
0.104478	22
0.104557	23
0.104638	24
0.104724	25
0.104811	26
0.10489	27
0.104986	28
0.105072	29
0.105161	30
0.105253	18
0.105348	19
0.105432	20
0.105509	21
0.105587	22
0.105669	23
0.105754	24
0.105843	25
0.105936	26
0.106031	27
0.106089	28
0.106174	29
0.106263	30
0.106357	18
0.106454	19
0.106531	20
0.106604	21
0.106681	22
0.106759	23
0.106827	24
0.106914	25
0.107006	26
0.107102	27
0.107186	28
0.107273	29
0.107363	30
0.107458	19
0.107556	20
0.10763	21
0.107705	22
0.107785	23
0.107868	24
0.107934	25
0.10802	26
0.108112	27
0.108208	28
0.108292	29
0.10838	30
0.108471	31
0.108565	19
0.108664	20
0.108735	21
0.108803	22
0.10888	23
0.108961	24
0.109047	25
0.109136	26
0.109229	27
0.109327	28
0.109411	29
0.109499	30
0.109591	31
0.109687	19
0.109787	20
0.109859	21
0.10993	22
0.109993	23
0.110076	24
0.110156	25
0.110239	26
0.110332	27
0.110428	28
0.11051	29
0.110585	30
0.110674	31
0.110768	19
0.110865	20
0.110946	21
0.111019	22
0.111096	23
0.111177	24
0.11126	25
0.111346	26
0.111436	27
0.11153	28
0.111629	29
0.111714	18
0.1118	18
0.111851	19
0.11193	20
0.112013	21
0.112099	22
0.11219	23
0.112266	24
0.112343	25
0.112423	26
0.112511	27
0.112602	28
0.112696	29
0.112793	18
0.112879	19
0.112953	20
0.113031	21
0.113109	22
0.113185	23
0.113272	24
0.113335	25
0.113429	26
0.113511	27
0.113595	28
0.113684	29
0.113775	30
0.113872	19
0.113956	20
0.114029	21
0.114106	22
0.114185	23
0.114268	24
0.114355	25
0.114447	26
0.114542	27
0.114624	28
0.114711	29
0.114798	30
0.114892	31
0.114989	19
0.115071	20
0.115142	21
0.115217	22
0.115292	23
0.115355	24
0.11544	25
0.115525	26
0.115619	27
0.115715	28
0.115802	29
0.115891	30
0.115982	31
0.116077	19
0.11616	20
0.116231	21
0.116307	22
0.116387	23
0.11647	24
0.116553	25
0.116635	26
0.11673	27
0.116813	28
0.116899	29
0.11699	30
0.117081	31
0.117177	19
0.117264	20
0.117316	21
0.117393	22
0.117474	23
0.117559	24
0.117643	25
0.117736	26
0.117832	27
0.117915	28
0.118002	29
0.118093	30
0.118187	19
0.118284	19
0.118355	20
0.118428	21
0.118504	22
0.118586	23
0.118671	24
0.118749	25
0.118835	26
0.118919	27
0.119003	28
0.119089	29
0.11918	30
0.119273	19
0.119372	20
0.119443	21
0.119517	22
0.119593	23
0.119669	24
0.119755	25
0.119845	26
0.119939	27
0.120037	28
0.120121	29
0.120207	30
0.120299	31
0.120395	19
0.120479	20
0.120551	21
0.120628	22
0.120706	23
0.120785	24
0.120872	25
0.120938	26
0.121032	27
0.121129	28
0.121218	29
0.121308	30
0.121388	31
0.121469	32
0.121549	20
0.121635	21
0.121713	22
0.121795	23
0.12188	24
0.121969	25
0.122061	26
0.122156	27
0.122255	28
0.122342	29
0.122418	30
0.122497	31
0.122579	32
0.122664	21
0.122754	22
0.122835	23
0.122919	24
0.123006	25
0.12307	26
0.123165	27
0.123264	28
0.123352	29
0.123427	19
0.123507	20
0.123576	21
0.123649	22
0.123724	23
0.123805	24
0.123889	25
0.123977	26
0.124068	27
0.124162	28
0.124259	29
0.124361	19
0.124435	20
0.1245	21
0.124568	22
0.12464	23
0.124717	24
0.124798	25
0.124883	26
0.12497	27
0.125024	28
0.125117	29
0.125215	19
0.125317	20
0.125394	21
0.125459	22
0.125529	23
0.125602	24
0.125679	25
0.125759	26
0.125843	27
0.12592	28
0.126012	29
0.126107	30
0.126205	19
0.126307	20
0.126384	21
0.12645	22
0.12652	23
0.126594	24
0.12667	25
0.126749	26
0.126803	27
0.126889	28
0.126979	29
0.127073	30
0.127172	19
0.127274	20
0.127351	21
0.127417	22
0.127487	23
0.127559	24
0.127634	25
0.127715	26
0.127785	27
0.127872	28
0.127964	29
0.128059	30
0.128157	19
0.128258	20
0.128334	21
0.128401	22
0.128472	23
0.128547	24
0.128625	25
0.128707	26
0.128763	27
0.128852	28
0.128945	29
0.129041	30
0.129141	19
0.129244	19
0.129321	20
0.129387	21
0.129455	22
0.129528	23
0.129606	24
0.129686	25
0.12975	26
0.129837	27
0.129928	28
0.130023	29
0.13012	18
0.130222	19
0.130298	20
0.130365	21
0.130436	22
0.130511	23
0.130584	24
0.130638	25
0.130722	26
0.130809	27
0.130899	28
0.130994	29
0.131093	18
0.131195	19
0.13127	20
0.131337	21
0.131406	22
0.13148	23
0.131553	24
0.131612	25
0.131695	26
0.131783	27
0.131873	28
0.131968	29
0.132066	19
0.132168	20
0.132247	21
0.132311	22
0.13238	23
0.132452	24
0.132523	25
0.132582	26
0.132664	27
0.13275	28
0.132839	29
0.132932	30
0.133029	19
0.13313	20
0.13322	21
0.133299	22
0.13338	23
0.133467	24
0.133557	25
0.133618	26
0.133699	27
0.133784	28
0.133873	29
0.133965	30
0.13406	19
0.134159	20
0.134248	21
0.134326	22
0.134409	23
0.134491	24
0.134581	25
0.134664	26
0.134727	27
0.134812	28
0.134899	29
0.134991	30
0.135086	19
0.135183	20
0.13527	21
0.135348	22
0.135428	23
0.135512	24
0.135601	25
0.13569	26
0.135762	27
0.135844	28
0.135929	29
0.136018	30
0.136111	31
0.136207	20
0.136307	20
0.136377	21
0.136451	22
0.136532	23
0.136616	24
0.1367	25
0.136771	26
0.136865	27
0.136948	28
0.137033	29
0.137122	30
0.137216	20
0.137312	20
0.137397	21
0.137474	22
0.137553	23
0.137636	24
0.137724	25
0.137814	26
0.137885	27
0.137982	28
0.138068	29
0.138154	30
0.138243	31
0.138338	20
0.138437	21
0.13851	22
0.138588	23
0.13867	24
0.138753	25
0.138836	26
0.138914	27
0.139009	28
0.139109	29
0.139194	19
0.139283	20
0.139364	21
0.139446	22
0.139533	23
0.139626	24
0.139705	25
0.139788	26
0.139876	27
0.139966	28
0.140052	29
0.14013	30
0.140231	19
0.140319	20
0.140396	21
0.140477	22
0.140561	23
0.140648	24
0.140741	25
0.14082	26
0.140884	27
0.140972	28
0.141063	29
0.141158	30
0.141257	19
0.141359	20
0.141433	21
0.141512	22
0.141594	23
0.141681	24
0.14177	25
0.141859	26
0.141909	27
0.141992	28
0.142079	29
0.142169	30
0.142263	20
0.14236	20
0.142447	21
0.142537	22
0.142615	23
0.142698	24
0.142784	25
0.142873	26
0.142942	27
0.143022	28
0.143108	29
0.143197	30
0.143288	31
0.143383	20
0.143483	21
0.14356	22
0.143638	23
0.14372	24
0.143805	25
0.143893	26
0.143959	27
0.144054	28
0.144134	29
0.144221	30
0.144311	31
0.144404	20
0.1445	20
0.144585	21
0.144662	22
0.14474	23
0.144822	24
0.144907	25
0.144996	26
0.145089	27
0.145161	28
0.145245	29
0.145333	30
0.145423	31
0.145517	19
0.145615	20
0.145687	21
0.145763	22
0.145842	23
0.145925	24
0.146007	25
0.146073	26
0.146166	27
0.146263	28
0.146348	29
0.146437	30
0.146529	31
0.146624	19
0.146711	20
0.146785	21
0.146862	22
0.146942	23
0.147026	24
0.14711	25
0.147183	26
0.147278	27
0.147376	28
0.147463	29
0.147552	30
0.147644	31
0.147741	19
0.147827	20
0.1479	21
0.147976	22
0.148052	23
0.148136	24
0.148203	25
0.148294	26
0.148389	27
0.148488	28
0.148574	29
0.148663	30
0.148744	31
0.148827	32
0.148913	33
0.149004	20
0.149095	21
0.149172	22
0.149249	23
0.149332	24
0.149421	25
0.149514	26
0.149612	27
0.149698	28
0.149773	29
0.14985	30
0.149929	31
0.150016	32
0.150106	19
0.150197	20
0.150255	21
0.150339	22
0.150427	23
0.150518	24
0.150613	25
0.150712	26
0.150798	27
0.150874	28
0.150952	29
0.151029	30
0.151108	31
0.151198	19
0.151292	20
0.151374	21
0.151458	22
0.151546	23
0.151637	24
0.151731	25
0.151821	26
0.151891	27
0.151947	28
0.152024	29
0.152105	30
0.152189	31
0.152278	32
0.15237	20
0.152467	20
0.152548	21
0.152634	22
0.152724	23
0.152814	24
0.152905	25
0.152989	26
0.153062	27
0.153137	28
0.153217	29
0.1533	30
0.153386	31
0.153476	20
0.15357	20
0.153653	21
0.153739	22
0.153826	23
0.153903	24
0.153998	25
0.154069	26
0.154158	27
0.154232	28
0.15431	29
0.154393	30
0.154479	31
0.154568	20
0.154659	21
0.154738	22
0.154822	23
0.154903	24
0.154996	25
0.155093	26
0.155178	27
0.155267	28
0.155343	29
0.155422	30
0.155506	31
0.155594	32
0.155687	20
0.155779	21
0.155863	22
0.155951	23
0.15604	24
0.156131	25
0.156204	26
0.156288	27
0.156371	28
0.156446	29
0.156526	30
0.156609	31
0.156695	32
0.156785	20
0.156871	21
0.156951	22
0.157037	23
0.157126	24
0.157218	25
0.157313	26
0.157391	27
0.157475	28
0.157568	29
0.157663	30
0.157752	18
0.157837	19
0.15791	20
0.157987	21
0.158068	22
0.158152	23
0.158233	24
0.158318	25
0.158413	26
0.158492	27
0.158546	28
0.158635	29
0.158728	30
0.158824	18
0.158924	19
0.158995	20
0.159069	21
0.159147	22
0.159225	23
0.159307	24
0.159397	25
0.159491	26
0.159572	27
0.159655	28
0.159741	29
0.159832	30
0.159927	19
0.160026	20
0.160094	21
0.160169	22
0.160245	23
0.160324	24
0.160377	25
0.160465	26
0.160555	27
0.16065	28
0.16073	29
0.160816	30
0.160906	31
0.160997	19
0.161095	20
0.16118	21
0.161257	22
0.161333	23
0.161412	24
0.161494	25
0.161578	26
0.161665	27
0.161758	28
0.161854	29
0.161937	18
0.162024	19
0.162098	20
0.162176	21
0.162259	22
0.162342	23
0.162399	24
0.162491	25
0.162569	26
0.162652	27
0.162741	28
0.162834	29
0.16293	30
0.163013	19
0.163099	19
0.163175	20
0.163255	21
0.163337	22
0.163418	23
0.163508	24
0.163601	25
0.163679	26
0.163761	27
0.163846	28
0.163936	29
0.16403	30
0.164124	18
0.164204	19
0.16427	20
0.164336	21
0.164416	22
0.164495	23
0.164579	24
0.16467	25
0.164765	26
0.16485	27
0.164935	28
0.165024	29
0.165116	30
0.165209	18
0.165289	19
0.16536	20
0.165435	21
0.165514	22
0.16559	23
0.165674	24
0.165757	25
0.165844	26
0.165937	27
0.166014	28
0.166102	29
0.166193	30
0.166286	19
0.166381	20
0.166452	21
0.166528	22
0.166607	23
0.16669	24
0.166768	25
0.166858	26
0.166952	27
0.167049	28
0.167133	29
0.167221	30
0.167312	31
0.167403	19
0.167495	20
0.167562	21
0.167633	22
0.167707	23
0.167787	24
0.167867	25
0.167934	26
0.168024	27
0.168119	28
0.168218	29
0.16831	18
0.168399	19
0.168477	20
0.168559	21
0.168644	22
0.168728	23
0.168798	24
0.168879	25
0.168957	26
0.169045	27
0.169135	28
0.169227	29
0.169323	18
0.169424	19
0.169496	20
0.169572	21
0.169653	22
0.169737	23
0.169816	24
0.169884	25
0.169964	26
0.170048	27
0.170135	28
0.170225	29
0.17032	30
0.170418	19
0.170517	20
0.170592	21
0.170668	22
0.170749	23
0.170822	24
0.170897	25
0.170986	26
0.171064	27
0.171146	28
0.171232	29
0.171324	30
0.171418	19
0.171517	20
0.171605	21
0.171693	22
0.171783	23
0.17188	24
0.171934	25
0.172009	26
0.17208	27
0.172161	28
0.172247	29
0.172336	30
0.172428	31
0.172524	20
0.172624	21
0.172703	22
0.172785	23
0.17288	24
0.172973	25
0.173045	26
0.173121	27
0.1732	28
0.173283	29
0.173367	30
0.173453	31
0.173542	19
0.173636	20
0.173722	21
0.17381	22
0.173901	23
0.173987	24
0.17407	25
0.174141	26
0.174211	27
0.174283	28
0.174365	29
0.174449	30
0.174534	31
0.174624	19
0.174722	20
0.174807	21
0.174896	22
0.174987	23
0.175082	24
0.175159	25
0.175243	26
0.175319	27
0.175397	28
0.175479	29
0.175565	30
0.175654	31
0.175746	19
0.175839	20
0.175922	21
0.176011	22
0.176104	23
0.1762	24
0.176272	25
0.176353	26
0.176427	27
0.176505	28
0.176587	29
0.176674	30
0.176764	31
0.176858	19
0.176955	19
0.177039	20
0.177116	21
0.1772	22
0.177293	23
0.177372	24
0.177454	25
0.177526	26
0.177603	27
0.177685	28
0.17777	29
0.177858	30
0.177949	31
0.178045	18
0.178145	19
0.178227	20
0.178295	21
0.178371	22
0.178449	23
0.178532	24
0.17862	25
0.178711	26
0.178784	27
0.178865	28
0.178948	29
0.179036	30
0.179127	18
0.179221	19
0.179302	20
0.179376	21
0.179454	22
0.179536	23
0.179617	24
0.179705	25
0.179798	26
0.179876	27
0.179956	28
0.18004	29
0.180128	30
0.18022	19
0.180314	20
0.180402	21
0.180485	22
0.180567	23
0.18065	24
0.180714	25
0.180801	26
0.180893	27
0.180974	28
0.181061	29
0.181151	30
0.181244	20
0.18134	20
0.181426	21
0.1815	22
0.181575	23
0.181657	24
0.181744	25
0.181824	26
0.18191	27
0.182006	28
0.182089	29
0.182178	30
0.18227	31
0.182366	20
0.182466	21
0.182543	22
0.182619	23
0.182693	24
0.182768	25
0.182851	26
0.182937	27
0.183031	28
0.183128	29
0.183215	19
0.183305	20
0.183384	21
0.183466	22
0.183553	23
0.183644	24
0.183723	25
0.183806	26
0.183884	27
0.183973	28
0.184064	29
0.184157	19
0.184244	20
0.184321	21
0.1844	22
0.184482	23
0.18457	24
0.184661	25
0.184735	26
0.184809	27
0.184892	28
0.184982	29
0.185076	30
0.185172	20
0.185273	21
0.18535	22
0.18543	23
0.185514	24
0.185602	25
0.185693	26
0.185762	27
0.18584	28
0.185928	29
0.186018	30
0.186113	20
0.186212	21
0.186299	22
0.186376	23
0.186458	24
0.186542	25
0.186631	26
0.186724	27
0.186805	28
0.186877	29
0.186959	30
0.187052	31
0.187148	20
0.187248	21
0.187337	22
0.187429	23
0.187525	24
0.187609	25
0.187683	26
0.18776	27
0.187828	28
0.187902	29
0.187986	30
0.188073	31
0.188166	20
0.188263	21
0.18835	22
0.18844	23
0.188535	24
0.188634	25
0.188708	26
0.188783	27
0.188856	28
0.188928	29
0.189015	30
0.189105	31
0.189198	20
0.189296	20
0.189381	21
0.18947	22
0.189563	23
0.189659	24
0.189744	25
0.189818	26
0.189879	27
0.189946	28
0.190028	29
0.190114	30
0.190206	31
0.190301	19
0.1904	20
0.190488	21
0.19058	22
0.190675	23
0.190767	24
0.190842	25
0.190908	26
0.190986	27
0.191068	28
0.191153	29
0.191242	30
0.191334	31
0.191429	19
0.191528	20
0.191616	21
0.191695	22
0.191778	23
0.191865	24
0.19194	25
0.192009	26
0.192103	27
0.192185	28
0.192272	29
0.192362	30
0.192456	19
0.192553	20
0.192639	21
0.192722	22
0.192802	23
0.19288	24
0.192961	25
0.193044	26
0.193135	27
0.193234	28
0.193319	29
0.193408	30
0.1935	31
0.193597	19
0.193683	20
0.193758	21
0.193837	22
0.193908	23
0.193988	24
0.194071	25
0.194159	26
0.194254	27
0.194338	28
0.194425	29
0.194516	30
0.194611	19
0.194702	20
0.194771	21
0.194842	22
0.194921	23
0.195003	24
0.195086	25
0.195171	26
0.195259	27
0.195356	28
0.195457	29
0.195532	19
0.195611	20
0.195674	21
0.195743	22
0.195819	23
0.195897	24
0.195978	25
0.196059	26
0.19615	27
0.196243	28
0.196338	29
0.196435	19
0.196515	19
0.196582	20
0.196653	21
0.196727	22
0.196802	23
0.196882	24
0.196963	25
0.197048	26
0.197132	27
0.197221	28
0.197313	29
0.197399	18
0.19749	19
0.19757	20
0.197643	21
0.197718	22
0.197796	23
0.197872	24
0.197943	25
0.198033	26
0.198126	27
0.198222	28
0.198313	29
0.198405	30
0.198498	20
0.198595	20
0.198664	21
0.19874	22
0.198819	23
0.198899	24
0.198959	25
0.199048	26
0.199141	27
0.199238	28
0.19933	29
0.19942	30
0.199514	31
0.199611	20
0.199712	21
0.199783	22
0.199857	23
0.199934	24
0.200009	25
0.200096	26
0.200187	27
0.200291	28
0.200393	18
0.200503	18
0.200603	19
0.200696	20
0.200792	21
0.200893	22
0.200999	23
0.201107	24
0.201196	25
0.201311	26
0.201422	27
0.201537	17
0.201657	18
0.201768	19
0.201869	20
0.201972	21
0.20208	22
0.202196	23
0.202258	24
0.202384	25
0.202502	26
0.202626	16
0.202754	17
0.202872	18
0.202985	19
0.203102	20
0.203223	21
0.20335	22
0.203481	23
0.203584	24
0.203711	25
0.203845	15
0.203983	16
0.204113	17
0.20424	18
0.204358	19
0.204482	20
0.204611	21
0.204673	22
0.204809	23
0.204938	24
0.205065	25
0.205197	15
0.205333	16
0.20546	17
0.205594	18
0.205714	19
0.205821	20
0.205948	21
0.206079	22
0.206206	23
0.206335	24
0.206463	25
0.206594	15
0.206729	16
0.206849	17
0.206976	18
0.207093	19
0.207156	20
0.207284	21
0.207416	22
0.207539	23
0.207666	24
0.207789	25
0.20792	15
0.208054	16
0.208159	17
0.20829	18
0.208419	19
0.208536	20
0.208659	21
0.208786	22
0.20892	23
0.209044	24
0.209175	25
0.209309	15
0.20944	15
0.209503	16
0.209616	17
0.209734	18
0.209845	19
0.209967	20
0.21008	21
0.210213	22
0.210341	23
0.210464	24
0.210591	25
0.210722	14
0.210859	15
0.210984	16
0.2111	17
0.211224	18
0.211293	19
0.211426	20
0.211551	21
0.211671	22
0.211797	23
0.211927	24
0.212057	25
0.212194	14
0.212336	15
0.21244	16
0.212544	17
0.212664	18
0.212788	19
0.212918	20
0.213052	21
0.213178	22
0.213299	23
0.213415	24
0.213497	25
0.213633	14
0.213759	15
0.213872	16
0.21398	17
0.2141	18
0.214225	19
0.214359	20
0.214475	21
0.214596	22
0.214721	23
0.21485	24
0.214984	25
0.215122	14
0.215241	15
0.21535	16
0.215413	17
0.215528	18
0.215649	19
0.215775	20
0.215891	21
0.216013	22
0.216138	23
0.216268	24
0.216402	25
0.216536	14
0.216668	15
0.216775	16
0.216877	17
0.217001	18
0.217129	19
0.217251	20
0.217329	21
0.217455	22
0.217583	23
0.217717	24
0.217857	13
0.21798	14
0.218091	15
0.218205	16
0.218318	17
0.218444	18
0.218569	19
0.21869	20
0.218807	21
0.218941	22
0.219066	23
0.219196	24
0.219331	25
0.219446	14
0.21953	15
0.219648	16
0.21977	17
0.219899	18
0.220032	19
0.220152	20
0.220263	21
0.220382	22
0.220507	23
0.220634	24
0.220765	25
0.220895	14
0.221026	15
0.221133	16
0.221186	17
0.2213	18
0.221421	19
0.221532	20
0.221649	21
0.22177	22
0.221897	23
0.222028	24
0.222163	25
0.22229	14
0.222422	15
0.222529	16
0.22263	17
0.222734	18
0.222843	19
0.222954	20
0.223002	21
0.223123	22
0.223249	23
0.22338	24
0.223517	25
0.223657	14
0.22378	14
0.223874	15
0.223972	16
0.224078	17
0.224188	18
0.224301	19
0.224403	20
0.224528	21
0.224658	22
0.224792	23
0.22493	24
0.225061	13
0.225167	14
0.225208	15
0.225307	16
0.22541	17
0.225517	18
0.22563	19
0.225749	20
0.225873	21
0.226003	22
0.226136	23
0.226273	24
0.226393	13
0.226515	14
0.226611	15
0.226725	16
0.226772	17
0.226894	18
0.227022	19
0.227154	20
0.227292	21
0.227419	22
0.22755	23
0.227672	24
0.227798	25
0.227914	14
0.228034	15
0.228148	16
0.228254	17
0.228375	18
0.228503	19
0.228635	20
0.228697	21
0.228839	22
0.228956	23
0.229077	24
0.229202	25
0.229332	14
0.229452	15
0.229563	16
0.229672	17
0.229792	18
0.229917	19
0.230047	20
0.230162	21
0.230285	22
0.230397	23
0.230515	24
0.230637	25
0.230765	26
0.230897	14
0.231019	15
0.23107	16
0.231183	17
0.231301	18
0.231424	19
0.231544	20
0.231676	21
0.2318	22
0.231927	23
0.232044	24
0.232165	25
0.232291	26
0.23242	14
0.232531	15
0.232638	16
0.232751	17
0.232805	18
0.232926	19
0.233052	20
0.233169	21
0.23329	22
0.233418	23
0.23355	24
0.233682	25
0.23382	14
0.233935	15
0.234037	16
0.234138	17
0.234251	18
0.234365	19
0.234488	20
0.234602	21
0.234719	22
0.234781	23
0.234908	24
0.23504	25
0.235177	14
0.235319	14
0.235417	15
0.23551	16
0.235616	17
0.235727	18
0.235842	19
0.23595	20
0.236069	21
0.236186	22
0.236307	23
0.23643	24
0.23656	25
0.236687	14
0.236775	14
0.236885	15
0.237002	16
0.237104	17
0.237198	18
0.23731	19
0.237426	20
0.237539	21
0.237652	22
0.237771	23
0.237894	24
0.23802	25
0.238142	13
0.238221	14
0.238331	15
0.238441	16
0.23856	17
0.238684	18
0.238811	19
0.23893	20
0.239051	21
0.239152	22
0.239268	23
0.239388	24
0.239512	25
0.239637	14
0.239711	15
0.239818	16
0.239931	17
0.240047	18
0.240159	19
0.240284	20
0.240413	21
0.240532	22
0.240657	23
0.240786	24
0.240921	25
0.241043	14
0.241171	15
0.241268	16
0.241316	17
0.241428	18
0.241546	19
0.241668	20
0.241794	21
0.241927	22
0.242046	23
0.242167	24
0.242281	25
0.242416	14
0.242555	14
0.242666	15
0.242767	16
0.242867	17
0.242971	18
0.243082	19
0.243158	20
0.243283	21
0.243414	22
0.243534	23
0.243658	24
0.243786	25
0.24392	14
0.244027	14
0.244136	15
0.244236	16
0.24434	17
0.24445	18
0.244565	19
0.244673	20
0.244797	21
0.244926	22
0.245045	23
0.245167	24
0.245286	25
0.245373	13
0.245477	14
0.245601	15
0.245717	16
0.245819	17
0.245926	18
0.246036	19
0.246152	20
0.246272	21
0.246397	22
0.246512	23
0.246634	24
0.246758	25
0.246884	13
0.246939	14
0.24706	15
0.247173	16
0.247291	17
0.247413	18
0.24754	19
0.247672	20
0.247808	21
0.247916	22
0.248028	23
0.248145	24
0.248266	25
0.248386	26
0.248442	14
0.248577	15
0.248689	16
0.248806	17
0.248926	18
0.249051	19
0.249182	20
0.249318	21
0.249443	22
0.249555	23
0.24967	24
0.24979	25
0.249916	26
0.250047	14
0.250166	15
0.25019	16
0.250302	17
0.25042	18
0.250541	19
0.250669	20
0.250801	21
0.250926	22
0.251051	23
0.251165	24
0.251284	25
0.251408	26
0.251537	14
0.251669	15
0.251771	16
0.251871	17
0.251912	18
0.252031	19
0.252154	20
0.252282	21
0.252415	22
0.252539	23
0.252668	24
0.252801	25
0.252939	13
0.253066	14
0.253165	15
0.25327	16
0.253378	17
0.253485	18
0.253594	19
0.253717	20
0.253845	21
0.253903	22
0.254039	23
0.254167	24
0.254299	25
0.254436	13
0.254578	14
0.254675	15
0.254778	16
0.254885	17
0.254998	18
0.255116	19
0.255236	20
0.255364	21
0.255483	22
0.255597	23
0.255724	24
0.255857	25
0.25599	13
0.256059	14
0.25617	15
0.25627	16
0.256375	17
0.256483	18
0.256597	19
0.256716	20
0.25684	21
0.256967	22
0.257086	23
0.25721	24
0.257338	25
0.25747	13
0.257508	14
0.257621	15
0.257729	16
0.257833	17
0.257941	18
0.258054	19
0.258172	20
0.258294	21
0.258422	22
0.258538	23
0.25866	24
0.258786	25
0.258907	13
0.258947	14
0.259068	15
0.25918	16
0.259297	17
0.259419	18
0.259547	19
0.259679	20
0.259816	21
0.259928	22
0.260041	23
0.260157	24
0.26028	25
0.260407	26
0.260439	14
0.260572	15
0.26068	16
0.260793	17
0.260911	18
0.261034	19
0.261161	20
0.261293	21
0.26143	22
0.261558	23
0.261671	24
0.26179	25
0.261915	26
0.262045	14
0.262174	15
0.262198	16
0.262309	17
0.262424	18
0.262545	19
0.26267	20
0.262799	21
0.262934	22
0.263059	23
0.263171	24
0.263287	25
0.26341	26
0.263537	14
0.26367	15
0.263768	16
0.263869	17
0.263906	18
0.264023	19
0.264144	20
0.264271	21
0.264402	22
0.264536	23
0.264663	24
0.264794	25
0.264913	13
0.265038	14
0.265152	15
0.26527	16
0.265376	17
0.265486	18
0.265604	19
0.265719	20
0.265846	21
0.265891	22
0.266027	23
0.266152	24
0.266283	25
0.266417	13
0.266545	14
0.266659	15
0.266762	16
0.266871	17
0.266984	18
0.267101	19
0.267225	20
0.267353	21
0.267484	22
0.267604	23
0.267729	24
0.267851	25
0.267979	13
0.268033	14
0.268146	15
0.268248	16
0.268355	17
0.268467	18
0.268583	19
0.268705	20
0.26883	21
0.268961	22
0.269082	23
0.26921	24
0.269342	25
0.269479	13
0.26951	14
0.269638	15
0.269741	16
0.269847	17
0.269957	18
0.270073	19
0.270193	20
0.270317	21
0.270447	22
0.270566	23
0.270689	24
0.270818	25
0.270951	13
0.270985	14
0.27111	15
0.27123	16
0.271334	17
0.271442	18
0.271555	19
0.271673	20
0.271795	21
0.271923	22
0.272055	23
0.272177	24
0.272305	25
0.272425	13
0.272467	14
0.27259	15
0.272717	16
0.272817	17
0.272923	18
0.273033	19
0.273149	20
0.273269	21
0.273394	22
0.273524	23
0.273643	24
0.273768	25
0.273896	14
0.273929	15
0.27405	16
0.274176	17
0.274292	18
0.274413	19
0.274539	20
0.27467	21
0.274806	22
0.27493	23
0.275043	24
0.275161	25
0.275283	26
0.275411	14
0.275544	15
0.275565	16
0.27569	17
0.275804	18
0.275923	19
0.276048	20
0.276178	21
0.276312	22
0.276436	23
0.276549	24
0.276667	25
0.276789	26
0.276917	14
0.277049	15
0.277168	16
0.277275	17
0.277304	18
0.277422	19
0.277544	20
0.277673	21
0.277806	22
0.277943	23
0.278059	24
0.278175	25
0.278297	26
0.278423	14
0.278554	15
0.278674	16
0.278784	17
0.278898	18
0.279017	19
0.279138	20
0.279267	21
0.279302	22
0.279437	23
0.279577	24
0.279692	13
0.279813	14
0.279923	15
0.280038	16
0.280157	17
0.280281	18
0.280394	19
0.280513	20
0.280637	21
0.280765	22
0.280898	23
0.281036	24
0.281161	14
0.281278	14
0.281293	15
0.281403	16
0.281517	17
0.281636	18
0.28176	19
0.281887	20
0.282005	21
0.282128	22
0.282255	23
0.282387	24
0.282524	25
0.282652	14
0.282766	15
0.282869	16
0.282891	17
0.283003	18
0.283119	19
0.283241	20
0.283367	21
0.283497	22
0.283617	23
0.283742	24
0.283872	25
0.284006	14
0.284131	15
0.284245	16
0.284366	17
0.28449	18
0.284618	19
0.284752	20
0.284779	21
0.284902	22
0.285029	23
0.285147	24
0.28527	25
0.285397	14
0.285529	15
0.28564	16
0.285754	17
0.285873	18
0.285998	19
0.286127	20
0.28626	21
0.286399	22
0.286529	23
0.286646	24
0.286767	25
0.286894	26
0.287025	15
0.287139	16
0.287164	17
0.287277	18
0.287394	19
0.287516	20
0.287644	21
0.287776	22
0.287913	23
0.288055	24
0.288169	14
0.288287	15
0.288383	16
0.288484	17
0.28859	18
0.288694	19
0.288801	20
0.288913	21
0.288963	22
0.289091	23
0.289222	24
0.289359	25
0.289501	14
0.289633	15
0.289723	16
0.289817	17
0.289917	18
0.290021	19
0.29013	20
0.290243	21
0.290362	22
0.290486	23
0.29061	24
0.290737	25
0.290866	14
0.291	15
0.291113	16
0.291147	17
0.291241	18
0.29134	19
0.291443	20
0.291551	21
0.291664	22
0.291782	23
0.291905	24
0.292032	25
0.292164	14
0.292301	15
0.292401	16
0.292514	17
0.292621	18
0.292733	19
0.292831	20
0.292894	21
0.293018	22
0.293146	23
0.29328	24
0.293418	25
0.293542	14
0.29367	15
0.293789	16
0.293899	17
0.293999	18
0.29411	19
0.29422	20
0.294334	21
0.294453	22
0.294577	23
0.294705	24
0.294839	25
0.294977	14
0.295102	15
0.295213	16
0.295264	17
0.295358	18
0.295457	19
0.29556	20
0.295668	21
0.295775	22
0.29588	23
0.296002	24
0.29613	25
0.296262	14
0.296399	15
0.296526	16
0.296626	17
0.296746	18
0.296856	19
0.296971	20
0.297052	21
0.297177	22
0.297306	23
0.297441	24
0.297561	25
0.297685	26
0.297814	14
0.297936	15
0.298046	16
0.298169	17
0.298288	18
0.298398	19
0.298483	20
0.298602	21
0.298726	22
0.298855	23
0.298988	24
0.299126	25
0.299251	14
0.299375	15
0.299453	16
0.299553	17
0.299665	18
0.299783	19
0.299904	20
0.300017	21
0.300135	22
0.300257	23
0.300385	24
0.300517	25
0.30064	14
0.300753	14
0.300882	15
0.300973	16
0.301077	17
0.30116	18
0.301261	19
0.301368	20
0.301492	21
0.301613	22
0.301731	23
0.301854	24
0.301981	25
0.302104	14
0.302217	14
0.302327	15
0.302443	16
0.302564	17
0.302684	18
0.302814	19
0.302949	20
0.303051	21
0.303137	22
0.303238	23
0.303356	24
0.303477	25
0.303603	14
0.303701	15
0.303808	16
0.303921	17
0.304039	18
0.304163	19
0.304291	20
0.304423	21
0.304546	22
0.304665	23
0.304778	24
0.304896	25
0.30502	26
0.305148	14
0.305267	15
0.305301	16
0.305409	17
0.305523	18
0.305642	19
0.305765	20
0.305895	21
0.306029	22
0.306152	23
0.306279	24
0.30641	25
0.306547	14
0.306675	15
0.306773	16
0.306866	17
0.306972	18
0.307013	19
0.307128	20
0.307249	21
0.307376	22
0.307505	23
0.307626	24
0.307751	25
0.30788	14
0.308015	15
0.308126	16
0.308241	17
0.308361	18
0.308486	19
0.308617	20
0.308731	21
0.308848	22
0.308971	23
0.309094	24
0.309164	25
0.309284	15
0.309411	15
0.309527	16
0.309631	17
0.309741	18
0.309858	19
0.309978	20
0.310104	21
0.310234	22
0.31037	23
0.310509	24
0.310635	14
0.310752	15
0.310859	16
0.310971	17
0.311	18
0.311119	19
0.311227	20
0.31134	21
0.311458	22
0.311581	23
0.311711	24
0.311845	25
0.311983	14
0.312127	15
0.312233	16
0.312324	17
0.31242	18
0.312521	19
0.312627	20
0.312737	21
0.312848	22
0.312883	23
0.313003	24
0.31313	25
0.313259	14
0.313396	15
0.313523	16
0.313639	17
0.313752	18
0.313865	19
0.313983	20
0.314106	21
0.314232	22
0.314364	23
0.314501	24
0.314624	25
0.314751	15
0.314883	16
0.315007	17
0.31503	18
0.315144	19
0.315251	20
0.315362	21
0.315479	22
0.315602	23
0.315729	24
0.315862	25
0.315999	15
0.316138	15
0.316254	16
0.316361	17
0.316472	18
0.31659	19
0.316708	20
0.316818	21
0.31693	22
0.316959	23
0.317081	24
0.317207	25
0.317338	14
0.317475	15
0.317602	16
0.317727	17
0.31785	18
0.317978	19
0.318112	20
0.318234	21
0.318343	22
0.318457	23
0.318576	24
0.3187	25
0.318828	26
0.318962	15
0.319083	16
0.319105	17
0.31922	18
0.31934	19
0.319464	20
0.319595	21
0.319717	22
0.319843	23
0.319974	24
0.32011	25
0.320251	14
0.320367	15
0.320473	16
0.320583	17
0.320699	18
0.320813	19
0.320937	20
0.320967	21
0.321098	22
0.321218	23
0.321343	24
0.321471	25
0.321606	14
0.321744	15
0.321844	16
0.321949	17
0.322058	18
0.322172	19
0.322292	20
0.322417	21
0.322547	22
0.322672	23
0.322796	24
0.322919	25
0.323051	14
0.323175	15
0.323286	16
0.323314	17
0.323434	18
0.323561	19
0.323692	20
0.323827	21
0.323968	22
0.324093	23
0.324207	24
0.324326	25
0.324451	26
0.324565	14
0.324686	15
0.324785	16
0.3249	17
0.325017	18
0.325142	19
0.325182	20
0.325313	21
0.325449	22
0.325589	23
0.325699	24
0.325802	25
0.32591	26
0.326023	27
0.326142	15
0.326263	16
0.32637	17
0.326483	18
0.326604	19
0.32673	20
0.326862	21
0.326999	22
0.327111	23
0.327228	24
0.327346	25
0.327396	26
0.327525	14
0.327658	15
0.327781	16
0.327908	17
0.328016	18
0.328133	19
0.328246	20
0.328369	21
0.328496	22
0.328613	23
0.328724	24
0.328841	25
0.328962	26
0.329089	14
0.329218	15
0.329258	16
0.329382	17
0.329509	18
0.329641	19
0.32978	20
0.329894	21
0.330007	22
0.33011	23
0.33022	24
0.330334	25
0.330452	26
0.330572	14
0.330697	15
0.330812	16
0.330934	17
0.330965	18
0.331093	19
0.331227	20
0.331351	21
0.331479	22
0.331597	23
0.331721	24
0.331851	25
0.331985	13
0.332125	14
0.332225	15
0.332328	16
0.332442	17
0.332561	18
0.332686	19
0.332812	20
0.332934	21
0.332972	22
0.333084	23
0.333201	24
0.333322	25
0.333448	26
0.33358	14
0.333714	15
0.333834	16
0.333943	17
0.334055	18
0.334162	19
0.334273	20
0.334389	21
0.334511	22
0.334623	23
0.334739	24
0.334861	25
0.334987	26
0.335118	14
0.335242	15
0.335279	16
0.335405	17
0.335523	18
0.335645	19
0.335773	20
0.335903	21
0.336025	22
0.336131	23
0.336242	24
0.336358	25
0.33648	26
0.336606	14
0.336737	15
0.33684	16
0.336945	17
0.336993	18
0.337111	19
0.337233	20
0.337361	21
0.337492	22
0.337614	23
0.337743	24
0.337875	25
0.338011	13
0.33815	14
0.338254	15
0.338352	16
0.338456	17
0.338555	18
0.33867	19
0.338784	20
0.338908	21
0.338964	22
0.339081	23
0.339202	24
0.339328	25
0.339459	13
0.339596	14
0.339707	15
0.339824	16
0.339943	17
0.340068	18
0.340197	19
0.340331	20
0.340428	21
0.340527	22
0.34064	23
0.340759	24
0.340883	25
0.341008	26
0.341074	14
0.341193	14
0.341301	15
0.341415	16
0.341533	17
0.341654	18
0.341782	19
0.341902	20
0.342024	21
0.342152	22
0.342284	23
0.342421	24
0.342527	25
0.342637	26
0.342676	27
0.342796	14
0.342921	15
0.343034	16
0.343152	17
0.343275	18
0.343402	19
0.343519	20
0.343641	21
0.343769	22
0.343901	23
0.344022	24
0.34415	25
0.344282	13
0.344419	14
0.344522	15
0.344544	16
0.344657	17
0.344775	18
0.344897	19
0.345009	20
0.345127	21
0.345251	22
0.345379	23
0.345497	24
0.34562	25
0.345747	26
0.345879	14
0.346014	14
0.346136	15
0.346251	16
0.346283	17
0.346406	18
0.346533	19
0.346665	20
0.346798	21
0.346905	22
0.347018	23
0.347134	24
0.347256	25
0.347379	26
0.347507	13
0.347638	14
0.347746	15
0.34786	16
0.347979	17
0.348092	18
0.348141	19
0.348274	20
0.348394	21
0.348519	22
0.348629	23
0.348745	24
0.348864	25
0.348989	26
0.349119	13
0.349239	14
0.349348	15
0.349462	16
0.349581	17
0.349705	18
0.349833	19
0.349949	20
0.35006	21
0.350184	22
0.350233	23
0.350368	24
0.350493	25
0.350622	13
0.350755	14
0.350878	15
0.350985	16
0.351097	17
0.351215	18
0.351338	19
0.351451	20
0.351568	21
0.351691	22
0.351818	23
0.351935	24
0.352056	25
0.352184	26
0.352227	13
0.352362	14
0.352483	15
0.35261	16
0.352722	17
0.352824	18
0.352931	19
0.353043	20
0.353159	21
0.353279	22
0.353405	23
0.353522	24
0.353643	25
0.353768	26
0.353806	13
0.35394	14
0.354061	15
0.354187	16
0.354303	17
0.354423	18
0.354548	19
0.354678	20
0.354813	21
0.354936	22
0.355043	23
0.355155	24
0.355273	25
0.355394	26
0.355429	13
0.355559	14
0.355678	15
0.355787	16
0.3559	17
0.356018	18
0.356141	19
0.356268	20
0.356385	21
0.356506	22
0.356632	23
0.356763	24
0.356899	25
0.357011	13
0.357049	14
0.35716	15
0.357263	16
0.357372	17
0.357485	18
0.357602	19
0.357725	20
0.357838	21
0.357955	22
0.358075	23
0.3582	24
0.358331	25
0.358467	13
0.358499	14
0.358625	15
0.358723	16
0.358826	17
0.358934	18
0.359047	19
0.359165	20
0.359288	21
0.359401	22
0.35952	23
0.359643	24
0.359772	25
0.359903	13
0.359937	14
0.360046	15
0.36016	16
0.36028	17
0.360407	18
0.360538	19
0.36066	20
0.360788	21
0.36092	22
0.361056	23
0.361181	24
0.361307	25
0.361422	13
0.361454	14
0.361559	15
0.36167	16
0.361785	17
0.361906	18
0.362017	19
0.362135	20
0.362258	21
0.362385	22
0.362517	23
0.362654	24
0.362796	13
0.362907	14
0.362922	15
0.363025	16
0.36312	17
0.363219	18
0.363325	19
0.363436	20
0.363551	21
0.363671	22
0.363796	23
0.363926	24
0.364061	25
0.3642	13
0.364329	14
0.364433	15
0.364454	16
0.364566	17
0.364681	18
0.364802	19
0.364929	20
0.36506	21
0.365197	22
0.365338	23
0.365456	24
0.365574	25
0.365697	26
0.365823	14
0.365953	15
0.36606	16
0.366168	17
0.366193	18
0.366311	19
0.366433	20
0.36656	21
0.366692	22
0.366817	23
0.366947	24
0.367081	25
0.367221	13
0.367346	14
0.367444	15
0.367546	16
0.367656	17
0.367769	18
0.367885	19
0.368006	20
0.368121	21
0.368157	22
0.368279	23
0.368404	24
0.368533	25
0.368669	13
0.368809	14
0.368923	15
0.369021	16
0.369126	17
0.369235	18
0.369351	19
0.369456	20
0.369569	21
0.369687	22
0.369809	23
0.369935	24
0.370065	25
0.370201	13
0.370246	14
0.370359	15
0.370464	16
0.370573	17
0.370687	18
0.370806	19
0.37093	20
0.371058	21
0.37119	22
0.371329	23
0.371451	24
0.371577	25
0.371696	26
0.371727	14
0.371853	14
0.371953	15
0.372055	16
0.372162	17
0.372274	18
0.372391	19
0.372512	20
0.372637	21
0.372768	22
0.372892	23
0.37302	24
0.373154	25
0.373292	13
0.373323	14
0.373453	15
0.373552	16
0.373655	17
0.373764	18
0.373879	19
0.373996	20
0.374119	21
0.374234	22
0.374355	23
0.37448	24
0.374609	25
0.37474	13
0.374778	14
0.374903	15
0.375017	16
0.375137	17
0.375262	18
0.375392	19
0.375512	20
0.375638	21
0.375771	22
0.375908	23
0.376025	24
0.376148	25
0.376275	26
0.376309	13
0.376441	14
0.376547	15
0.376646	16
0.376749	17
0.376857	18
0.37697	19
0.377088	20
0.377209	21
0.377337	22
0.377469	23
0.377606	24
0.377748	13
0.377892	14
0.377907	15
0.377997	16
0.378092	17
0.378191	18
0.378296	19
0.378405	20
0.37852	21
0.378639	22
0.378762	23
0.378891	24
0.379024	25
0.379149	13
0.379279	14
0.379377	15
0.379402	16
0.379512	17
0.379629	18
0.37975	19
0.379877	20
0.380008	21
0.380143	22
0.380284	23
0.380392	24
0.380505	25
0.380623	26
0.380744	14
0.380869	15
0.380966	16
0.381071	17
0.381101	18
0.381213	19
0.381331	20
0.381455	21
0.381585	22
0.381714	23
0.381839	24
0.381969	25
0.382104	13
0.382243	14
0.382337	15
0.382433	16
0.382535	17
0.382642	18
0.382754	19
0.382871	20
0.382989	21
0.383016	22
0.38313	23
0.383249	24
0.383373	25
0.383503	14
0.383638	14
0.383746	15
0.383858	16
0.383975	17
0.384098	18
0.384227	19
0.384346	20
0.384469	21
0.384598	22
0.384731	23
0.38487	24
0.38499	13
0.385115	14
0.385132	15
0.385234	16
0.38534	17
0.385451	18
0.385568	19
0.385688	20
0.385802	21
0.385923	22
0.386048	23
0.386179	24
0.386315	25
0.386455	14
0.386577	15
0.386678	16
0.386696	17
0.386803	18
0.386913	19
0.38703	20
0.387137	21
0.387248	22
0.387365	23
0.387486	24
0.387614	25
0.387746	14
0.387883	15
0.387995	16
0.388112	17
0.388234	18
0.388348	19
0.388466	20
0.388491	21
0.388616	22
0.388745	23
0.38888	24
0.389019	14
0.38914	15
0.389253	16
0.389357	17
0.389465	18
0.389578	19
0.389696	20
0.389804	21
0.389919	22
0.390038	23
0.390163	24
0.390294	25
0.39043	14
0.390571	15
0.390699	16
0.390723	17
0.390815	18
0.390907	19
0.391005	20
0.391107	21
0.391214	22
0.391326	23
0.391442	24
0.391564	25
0.39169	26
0.391822	15
0.39196	16
0.392082	17
0.392195	18
0.392304	19
0.392417	20
0.392441	21
0.392561	22
0.392686	23
0.392816	24
0.392951	25
0.39309	14
0.393213	15
0.393313	16
0.393417	17
0.393527	18
0.393641	19
0.393761	20
0.393882	21
0.393995	22
0.394114	23
0.394238	24
0.394367	25
0.394501	14
0.394625	15
0.394738	16
0.394763	17
0.394885	18
0.395011	19
0.395142	20
0.395278	21
0.395382	22
0.395491	23
0.395605	24
0.395725	25
0.39585	26
0.39598	14
0.396113	15
0.396223	16
0.396337	17
0.396456	18
0.396569	19
0.396608	20
0.396739	21
0.396875	22
0.397	23
0.39713	24
0.397265	25
0.397404	14
0.397514	15
0.397613	16
0.397717	17
0.397825	18
0.39794	19
0.398059	20
0.398183	21
0.398312	22
0.398429	23
0.398552	24
0.398669	25
0.398786	14
0.398841	14
0.398951	15
0.399065	16
0.399186	17
0.399312	18
0.399444	19
0.39958	20
0.399713	21
0.399826	22
0.39994	23
0.400061	24
0.400181	25
0.400295	26
0.400326	14
0.400448	15
0.400558	16
0.400674	17
0.400794	18
0.400918	19
0.401047	20
0.401182	21
0.401321	22
0.401451	23
0.40155	24
0.401653	25
0.401761	26
0.401874	27
0.401992	15
0.402027	15
0.402135	16
0.402248	17
0.402366	18
0.402487	19
0.402615	20
0.402747	21
0.402855	22
0.402968	23
0.403086	24
0.403209	25
0.403336	26
0.403468	14
0.403605	15
0.403625	16
0.403748	17
0.40386	18
0.403977	19
0.404099	20
0.404227	21
0.404351	22
0.404459	23
0.404572	24
0.40469	25
0.404812	26
0.40494	14
0.405072	15
0.405193	16
0.405318	17
0.405339	18
0.405471	19
0.405608	20
0.405735	21
0.40583	22
0.40593	23
0.406036	24
0.406148	25
0.406264	26
0.406386	14
0.406512	15
0.406627	16
0.406746	17
0.406871	18
0.407001	19
0.407121	20
0.407229	21
0.407256	22
0.407371	23
0.407493	24
0.407619	25
0.407751	13
0.407888	14
0.408002	15
0.408112	16
0.408227	17
0.408347	18
0.408465	19
0.40858	20
0.408701	21
0.40881	22
0.408924	23
0.409043	24
0.409167	25
0.409288	26
0.409326	14
0.40946	15
0.409584	16
0.409714	17
0.409834	18
0.409959	19
0.410089	20
0.410211	21
0.410338	22
0.410447	23
0.410561	24
0.410679	25
0.410803	26
0.410931	14
0.411065	15
0.411083	16
0.411192	17
0.411307	18
0.411426	19
0.411549	20
0.411678	21
0.411798	22
0.411924	23
0.412055	24
0.41219	25
0.41232	13
0.412445	14
0.412548	15
0.412656	16
0.412765	17
0.412789	18
0.412908	19
0.413031	20
0.413144	21
0.413263	22
0.413387	23
0.413516	24
0.413649	25
0.413789	13
0.413918	14
0.414018	15
0.414124	16
0.414235	17
0.41435	18
0.41447	19
0.414576	20
0.414681	21
0.414723	22
0.414844	23
0.41497	24
0.4151	25
0.415221	13
0.415346	14
0.415462	15
0.415582	16
0.415707	17
0.415837	18
0.415958	19
0.416084	20
0.416217	21
0.416354	22
0.416475	23
0.416588	24
0.416703	25
0.416821	26
0.416861	14
0.416988	15
0.417106	16
0.417216	17
0.41733	18
0.417449	19
0.417573	20
0.417702	21
0.417837	22
0.417976	23
0.418087	24
0.418202	25
0.418325	26
0.418452	14
0.41857	15
0.418589	16
0.418698	17
0.418811	18
0.418928	19
0.419051	20
0.419178	21
0.419311	22
0.419433	23
0.419561	24
0.419692	25
0.419829	13
0.419957	14
0.420055	15
0.420157	16
0.420265	17
0.42029	18
0.420406	19
0.420526	20
0.420651	21
0.420782	22
0.420903	23
0.421029	24
0.421161	25
0.421282	13
0.421407	14
0.421524	15
0.421645	16
0.42177	17
0.4219	18
0.422036	19
0.422156	20
0.422262	21
0.422306	22
0.422424	23
0.422546	24
0.422662	25
0.422782	26
0.422903	14
0.423032	15
0.423151	16
0.423274	17
0.423402	18
0.423534	19
0.423657	20
0.423784	21
0.423903	22
0.424027	23
0.424157	24
0.424292	25
0.424412	13
0.424536	14
0.424645	15
0.42468	16
0.424801	17
0.424926	18
0.425057	19
0.425164	20
0.425276	21
0.425393	22
0.425513	23
0.42564	24
0.425773	25
0.425906	13
0.426037	14
0.426146	15
0.426257	16
0.426364	17
0.4264	18
0.426517	19
0.426638	20
0.426763	21
0.42688	22
0.427001	23
0.427127	24
0.427258	25
0.427393	13
0.427526	14
0.427625	15
0.427728	16
0.427836	17
0.427942	18
0.42806	19
0.428183	20
0.428282	21
0.428348	22
0.428469	23
0.428595	24
0.428726	25
0.42885	13
0.428965	14
0.429083	15
0.429205	16
0.429333	17
0.429465	18
0.429588	19
0.429715	20
0.429829	21
0.429941	22
0.430052	23
0.430168	24
0.430288	25
0.430412	26
0.430454	13
0.430589	14
0.430713	15
0.430841	16
0.430965	17
0.431089	18
0.431218	19
0.431338	20
0.431463	21
0.431594	22
0.43173	23
0.431851	24
0.431977	25
0.432108	13
0.432141	14
0.432262	15
0.432388	16
0.432492	17
0.4326	18
0.432714	19
0.432832	20
0.432956	21
0.433084	22
0.433219	23
0.433358	24
0.433485	13
0.433606	14
0.433622	15
0.433731	16
0.433845	17
0.433964	18
0.434088	19
0.4342	20
0.434316	21
0.434438	22
0.434565	23
0.434697	24
0.434834	25
0.434963	13
0.43508	14
0.435184	15
0.435203	16
0.435316	17
0.435434	18
0.435557	19
0.43567	20
0.435788	21
0.435909	22
0.436035	23
0.436167	24
0.436292	25
0.436422	13
0.436556	14
0.436678	15
0.436806	16
0.436927	17
0.436966	18
0.437089	19
0.437199	20
0.437314	21
0.437436	22
0.437557	23
0.437674	24
0.437796	25
0.437924	26
0.438056	14
0.438192	15
0.438318	16
0.438448	17
0.438582	18
0.438707	19
0.438797	20
0.438892	21
0.43894	22
0.439051	23
0.439166	24
0.439287	25
0.439412	26
0.439543	14
0.439679	14
0.4398	15
0.439929	16
0.440049	17
0.440159	18
0.440275	19
0.440395	20
0.440519	21
0.440649	22
0.440783	23
0.44092	24
0.441037	25
0.441164	13
0.441205	14
0.441324	15
0.441436	16
0.441552	17
0.441661	18
0.441774	19
0.441893	20
0.442016	21
0.442145	22
0.442278	23
0.442417	24
0.442542	13
0.442646	14
0.442676	15
0.442783	16
0.442896	17
0.443014	18
0.443137	19
0.443248	20
0.443366	21
0.443489	22
0.443616	23
0.443748	24
0.443886	25
0.444014	13
0.444136	14
0.444257	15
0.444291	16
0.444419	17
0.444539	18
0.444664	19
0.444776	20
0.444893	21
0.445015	22
0.445143	23
0.445275	24
0.445398	25
0.445526	14
0.445644	15
0.445765	16
0.445877	17
0.445995	18
0.446043	19
0.446168	20
0.446299	21
0.446435	22
0.446558	23
0.446671	24
0.446788	25
0.446911	26
0.447038	14
0.447171	15
0.447279	16
0.447392	17
0.447508	18
0.44763	19
0.447756	20
0.447887	21
0.448023	22
0.448125	23
0.448177	24
0.448293	25
0.448416	26
0.448543	14
0.448675	15
0.448781	16
0.448892	17
0.449002	18
0.449124	19
0.44925	20
0.449382	21
0.449506	22
0.449633	23
0.449767	24
0.449904	25
0.45003	14
0.450146	15
0.450254	16
0.450292	17
0.450405	18
0.450524	19
0.450648	20
0.450777	21
0.450894	22
0.451011	23
0.45114	24
0.451274	25
0.451414	14
0.451537	14
0.45164	15
0.451744	16
0.451856	17
0.451973	18
0.452088	19
0.452135	20
0.45225	21
0.452369	22
0.452492	23
0.45262	24
0.452753	25
0.452891	13
0.453017	14
0.453116	15
0.45322	16
0.45333	17
0.453444	18
0.453564	19
0.453688	20
0.453801	21
0.45392	22
0.454044	23
0.454166	24
0.454283	25
0.454337	14
0.454457	15
0.454573	16
0.454693	17
0.454818	18
0.454948	19
0.45507	20
0.455198	21
0.455312	22
0.455432	23
0.455556	24
0.455686	25
0.455806	14
0.455932	15
0.456046	16
0.456079	17
0.456201	18
0.456329	19
0.456451	20
0.456575	21
0.456704	22
0.456837	23
0.456975	24
0.457099	14
0.457213	15
0.457319	16
0.457428	17
0.457541	18
0.457662	19
0.457785	20
0.457894	21
0.457939	22
0.458061	23
0.458188	24
0.45832	25
0.458459	14
0.458586	15
0.458688	16
0.458795	17
0.458907	18
0.459022	19
0.459143	20
0.459253	21
0.459367	22
0.45949	23
0.459617	24
0.45975	25
0.459872	14
0.459998	15
0.460115	16
0.460144	17
0.460268	18
0.460397	19
0.460527	20
0.460652	21
0.460783	22
0.460902	23
0.461026	24
0.461153	25
0.461286	14
0.461409	15
0.461519	16
0.461633	17
0.461757	18
0.461885	19
0.462003	20
0.462044	21
0.46217	22
0.462301	23
0.462437	24
0.462562	25
0.462692	14
0.462812	15
0.462923	16
0.463037	17
0.463152	18
0.463273	19
0.463389	20
0.463511	21
0.463636	22
0.463767	23
0.463901	24
0.464042	25
0.464155	14
0.464273	15
0.464381	16
0.464414	17
0.464531	18
0.464651	19
0.46477	20
0.464887	21
0.465007	22
0.465132	23
0.465261	24
0.465394	25
0.465534	14
0.465663	15
0.465767	16
0.465873	17
0.465985	18
0.466104	19
0.466225	20
0.466268	21
0.466383	22
0.466504	23
0.46663	24
0.466761	25
0.466897	14
0.467023	15
0.467133	16
0.467248	17
0.467373	18
0.467502	19
0.467629	20
0.467736	21
0.467849	22
0.467966	23
0.46809	24
0.468218	25
0.468335	14
0.468458	15
0.468572	16
0.468611	17
0.468728	18
0.468849	19
0.468977	20
0.469111	21
0.469236	22
0.469367	23
0.469503	24
0.469643	14
0.469768	15
0.46987	16
0.469977	17
0.470084	18
0.470203	19
0.470326	20
0.470453	21
0.470498	22
0.470619	23
0.470745	24
0.470876	25
0.471013	14
0.471155	15
0.471253	16
0.471354	17
0.471462	18
0.471575	19
0.471693	20
0.471815	21
0.471928	22
0.472048	23
0.472173	24
0.472303	25
0.472438	14
0.472563	15
0.472678	16
0.472709	17
0.47283	18
0.472955	19
0.473085	20
0.473218	21
0.473325	22
0.473438	23
0.473556	24
0.473679	25
0.473807	15
0.47394	15
0.474049	16
0.47416	17
0.47428	18
0.474404	19
0.474533	20
0.474569	21
0.474706	22
0.474832	23
0.474957	24
0.475077	25
0.475202	26
0.475331	15
0.475461	16
0.475567	17
0.475681	18
0.475799	19
0.47592	20
0.476047	21
0.476181	22
0.476303	23
0.476432	24
0.476564	25
0.476701	14
0.476825	15
0.476925	16
0.476969	17
0.477072	18
0.477177	19
0.477293	20
0.477412	21
0.477538	22
0.477669	23
0.477801	24
0.477927	25
0.478057	14
0.478192	15
0.478317	16
0.478411	17
0.478515	18
0.478625	19
0.478739	20
0.478792	21
0.478908	22
0.47903	23
0.479158	24
0.47929	25
0.479415	14
0.479546	15
0.479668	16
0.479777	17
0.479893	18
0.480014	19
0.480137	20
0.48026	21
0.480395	22
0.480533	23
0.48066	24
0.480775	25
0.480895	26
0.48102	15
0.481146	16
0.48118	17
0.481288	18
0.481402	19
0.48152	20
0.481643	21
0.481773	22
0.481907	23
0.482047	24
0.482173	14
0.482288	15
0.482395	16
0.482507	17
0.482622	18
0.482734	19
0.482845	20
0.482959	21
0.482999	22
0.48312	23
0.483247	24
0.483378	25
0.483514	14
0.483656	15
0.483759	16
0.483864	17
0.483975	18
0.48409	19
0.484209	20
0.484322	21
0.484436	22
0.484555	23
0.484677	24
0.484803	25
0.484936	14
0.485073	15
0.485197	16
0.485231	17
0.485352	18
0.485478	19
0.485609	20
0.485731	21
0.48584	22
0.485953	23
0.486071	24
0.486196	25
0.486326	15
0.48646	15
0.486581	16
0.486706	17
0.486827	18
0.486953	19
0.487072	20
0.487119	21
0.48724	22
0.487367	23
0.487498	24
0.487634	25
0.487756	15
0.487882	15
0.488	16
0.488122	17
0.488248	18
0.488361	19
0.488482	20
0.488608	21
0.488741	22
0.488862	23
0.488989	24
0.489122	25
0.489259	14
0.489372	15
0.489471	16
0.489522	17
0.489629	18
0.489739	19
0.489856	20
0.489977	21
0.490102	22
0.490235	23
0.490355	24
0.490482	25
0.490614	14
0.490753	15
0.490874	16
0.490979	17
0.491083	18
0.491179	19
0.491294	20
0.49135	21
0.491473	22
0.4916	23
0.491732	24
0.491854	25
0.49198	26
0.492111	15
0.492248	16
0.492377	17
0.492488	18
0.492594	19
0.492705	20
0.492803	21
0.492926	22
0.493053	23
0.493178	24
0.493293	25
0.493418	15
0.493547	16
0.493666	17
0.49373	18
0.493859	19
0.493992	20
0.494116	21
0.494247	22
0.494383	23
0.494507	24
0.494634	25
0.49476	15
0.494884	15
0.494998	16
0.495116	17
0.495222	18
0.495332	19
0.495449	20
0.495569	21
0.495695	22
0.495767	23
0.495902	24
0.496027	25
0.496157	14
0.496277	15
0.496389	16
0.496505	17
0.496627	18
0.496753	19
0.496884	20
0.497003	21
0.497125	22
0.497234	23
0.497362	24
0.497484	25
0.49761	14
0.497728	15
0.497835	16
0.497893	17
0.498009	18
0.498131	19
0.498257	20
0.498389	21
0.498521	22
0.498646	23
0.498777	24
0.498913	25
0.499054	14
0.499168	15
0.499265	16
0.499345	17
0.499459	18
0.499578	19
0.4997	20
0.499763	21
0.499894	22
0.50003	23
0.500155	24
0.500286	25
0.500422	14
0.500547	15
0.500663	16
0.500768	17
0.500876	18
0.500991	19
0.501109	20
0.501202	21
0.50133	22
0.501464	23
0.501585	24
0.501713	25
0.501845	14
0.501966	15
0.502077	16
0.502146	17
0.502267	18
0.502393	19
0.502523	20
0.502659	21
0.50278	22
0.502907	23
0.503024	24
0.503144	25
0.503269	26
0.503398	14
0.503517	15
0.503586	16
0.503699	17
0.50382	18
0.503943	19
0.504023	20
0.504155	21
0.504293	22
0.504419	23
0.504537	24
0.504657	25
0.504782	26
0.504912	14
0.50503	15
0.50513	16
0.505243	17
0.505328	18
0.505451	19
0.505578	20
0.505709	21
0.505845	22
0.505987	23
0.506101	24
0.506212	25
0.50629	26
0.506417	14
0.50654	15
0.506646	16
0.506756	17
0.506872	18
0.506991	19
0.507114	20
0.507232	21
0.507338	22
0.507476	23
0.507605	24
0.50772	25
0.507842	26
0.507968	14
0.50807	15
0.508135	16
0.508243	17
0.508356	18
0.508474	19
0.508595	20
0.508723	21
0.508855	22
0.508992	23
0.509118	24
0.509233	25
0.509354	26
0.509464	14
0.509562	15
0.509646	16
0.509747	17
0.509822	18
0.50994	19
0.510063	20
0.51019	21
0.510321	22
0.510459	23
0.510588	24
0.510701	25
0.51081	26
0.510925	27
0.511044	15
0.511143	15
0.511253	16
0.511344	17
0.511463	18
0.51157	19
0.511694	20
0.511797	21
0.511934	22
0.512061	23
0.512178	24
0.512302	25
0.512431	14
0.512564	15
0.512687	16
0.512771	17
0.512886	18
0.513007	19
0.513128	20
0.513228	21
0.513359	22
0.513481	23
0.513577	24
0.513694	25
0.513818	26
0.513946	14
0.514074	15
0.514181	16
0.514306	17
0.514436	18
0.514569	19
0.514665	20
0.514794	21
0.514913	22
0.515021	23
0.515135	24
0.515254	25
0.515374	26
0.515502	14
0.51562	15
0.515705	16
0.515829	17
0.515956	18
0.516091	19
0.516215	20
0.516329	21
0.516449	22
0.51656	23
0.516675	24
0.516794	25
0.516893	26
0.517021	14
0.517155	15
0.51725	16
0.517376	17
0.517466	18
0.517599	19
0.517738	20
0.517849	21
0.51795	22
0.51806	23
0.518175	24
0.518294	25
0.518419	26
0.518548	14
0.518682	15
0.518775	16
0.518898	17
0.519	18
0.519137	19
0.519264	20
0.519359	21
0.519455	22
0.519565	23
0.51968	24
0.5198	25
0.519925	26
0.520055	14
0.520185	15
0.520303	16
0.520429	17
0.520525	18
0.520646	19
0.520755	20
0.520872	21
0.520981	22
0.521108	23
0.52124	24
0.521378	25
0.521503	13
0.521624	14
0.52174	15
0.521829	16
0.521955	17
0.522082	18
0.522189	19
0.522299	20
0.52241	21
0.522514	22
0.522641	23
0.522773	24
0.522906	25
0.523041	13
0.523143	14
0.523257	15
0.523363	16
0.523472	17
0.52356	18
0.52368	19
0.523806	20
0.523922	21
0.524038	22
0.524165	23
0.524297	24
0.524433	25
0.524572	13
0.524642	14
0.524743	15
0.524849	16
0.524959	17
0.525075	18
0.525194	19
0.525309	20
0.525426	21
0.525535	22
0.525661	23
0.525792	24
0.525928	25
0.526055	13
0.526116	14
0.526215	15
0.52632	16
0.526429	17
0.526543	18
0.526662	19
0.526785	20
0.526899	21
0.527018	22
0.527143	23
0.527272	24
0.527405	25
0.527527	13
0.527565	14
0.527681	15
0.527801	16
0.527927	17
0.528058	18
0.528179	19
0.528306	20
0.528437	21
0.528572	22
0.528695	23
0.528822	24
0.528941	25
0.529062	26
0.5291	14
0.52923	14
0.529348	15
0.529472	16
0.529586	17
0.529706	18
0.529831	19
0.529961	20
0.530095	21
0.530222	22
0.530332	23
0.530448	24
0.530568	25
0.53069	26
0.530729	14
0.53086	14
0.530968	15
0.531079	16
0.531194	17
0.531314	18
0.531439	19
0.531569	20
0.531704	21
0.531829	22
0.53196	23
0.532095	24
0.532218	25
0.532338	13
0.532376	14
0.532479	15
0.532588	16
0.532703	17
0.532821	18
0.532945	19
0.533074	20
0.533193	21
0.533317	22
0.533445	23
0.533578	24
0.533715	25
0.533835	13
0.533877	14
0.533978	15
0.534084	16
0.534197	17
0.534314	18
0.534437	19
0.53455	20
0.534668	21
0.53479	22
0.534917	23
0.535048	24
0.535169	25
0.535292	14
0.53533	15
0.535449	16
0.535573	17
0.535701	18
0.535835	19
0.535959	20
0.536069	21
0.536186	22
0.536306	23
0.536431	24
0.536562	25
0.536686	14
0.536812	15
0.536926	16
0.536948	17
0.537071	18
0.537198	19
0.53733	20
0.537453	21
0.53758	22
0.537712	23
0.537851	24
0.537976	14
0.538091	14
0.538197	15
0.538306	16
0.538419	17
0.538538	18
0.538662	19
0.538768	20
0.538813	21
0.538937	22
0.539066	23
0.539199	24
0.539338	25
0.539448	14
0.539565	15
0.539672	16
0.539782	17
0.5399	18
0.540021	19
0.540143	20
0.540261	21
0.540382	22
0.540507	23
0.540638	24
0.540773	25
0.540898	14
0.541028	15
0.541145	16
0.54118	17
0.54131	18
0.541445	19
0.541553	20
0.541666	21
0.541784	22
0.541906	23
0.542035	24
0.542168	25
0.542292	14
0.542421	15
0.54254	16
0.542645	17
0.542773	18
0.542893	19
0.543018	20
0.543066	21
0.543198	22
0.543335	23
0.54346	24
0.54359	25
0.54371	14
0.543837	15
0.543953	16
0.544073	17
0.5442	18
0.544327	19
0.54445	20
0.544561	21
0.544692	22
0.544829	23
0.544954	24
0.545083	25
0.545202	14
0.545327	15
0.545441	16
0.545477	17
0.5456	18
0.545727	19
0.545845	20
0.545968	21
0.546094	22
0.546227	23
0.546366	24
0.546492	14
0.54661	15
0.546719	16
0.546833	17
0.546929	18
0.547052	19
0.547169	20
0.547288	21
0.547342	22
0.547468	23
0.547599	24
0.547735	25
0.547875	15
0.54799	16
0.548097	17
0.548207	18
0.548325	19
0.548446	20
0.548566	21
0.548685	22
0.548807	23
0.548917	24
0.549048	25
0.549186	14
0.549326	15
0.549443	16
0.549549	17
0.549659	18
0.549695	19
0.549814	20
0.549938	21
0.550052	22
0.550171	23
0.550295	24
0.550425	25
0.550559	14
0.550699	15
0.550829	16
0.55093	17
0.551035	18
0.551147	19
0.551264	20
0.551385	21
0.551502	22
0.551618	23
0.551739	24
0.551794	25
0.551922	14
0.552056	15
0.55218	16
0.552308	17
0.552442	18
0.552566	19
0.552679	20
0.55278	21
0.552886	22
0.552998	23
0.553115	24
0.553236	25
0.553364	15
0.553496	16
0.55362	17
0.553677	18
0.553811	19
0.553949	20
0.554068	21
0.554173	22
0.554282	23
0.554396	24
0.554516	25
0.554641	26
0.554771	15
0.554902	16
0.555021	17
0.55512	18
0.555248	19
0.555385	20
0.555512	21
0.555607	22
0.555669	23
0.555782	24
0.5559	25
0.556023	26
0.55615	15
0.556282	16
0.556404	17
0.556531	18
0.556661	19
0.556797	20
0.55692	21
0.557011	22
0.557116	23
0.557229	24
0.557348	25
0.557472	26
0.557601	15
0.557734	16
0.557858	17
0.557987	18
0.558043	19
0.558166	20
0.558293	21
0.558425	22
0.558547	23
0.558675	24
0.558794	25
0.558918	26
0.559043	15
0.559171	16
0.559288	17
0.559391	18
0.559507	19
0.559631	20
0.55976	21
0.559893	22
0.560031	23
0.560133	24
0.560196	25
0.560316	26
0.560441	15
0.56057	16
0.56069	17
0.560802	18
0.560915	19
0.561036	20
0.561162	21
0.561285	22
0.561398	23
0.561537	24
0.561653	14
0.561773	15
0.561885	16
0.562001	17
0.562123	18
0.562234	19
0.562293	20
0.562411	21
0.562535	22
0.562662	23
0.562796	24
0.562932	25
0.563058	15
0.563176	15
0.563281	16
0.563374	17
0.563493	18
0.563617	19
0.563731	20
0.56385	21
0.563974	22
0.564104	23
0.564238	24
0.564378	25
0.5645	14
0.564569	15
0.564674	16
0.564766	17
0.564867	18
0.56497	19
0.565072	20
0.565189	21
0.565312	22
0.565438	23
0.56557	24
0.565706	25
0.565849	14
0.565977	15
0.566074	16
0.566124	17
0.566226	18
0.566336	19
0.566439	20
0.566551	21
0.566671	22
0.566795	23
0.56692	24
0.567048	25
0.567184	14
0.56733	15
0.56742	16
0.567517	17
0.567621	18
0.567729	19
0.567842	20
0.567902	21
0.568022	22
0.568148	23
0.568279	24
0.568415	25
0.568553	14
0.568689	15
0.568782	16
0.568859	17
0.568957	18
0.569062	19
0.569171	20
0.569285	21
0.569406	22
0.569529	23
0.569658	24
0.569793	25
0.569932	14
0.570062	15
0.570152	16
0.570196	17
0.570293	18
0.570394	19
0.570499	20
0.570591	21
0.570706	22
0.570828	23
0.570954	24
0.571085	25
0.571221	14
0.57136	15
0.571474	16
0.57158	17
0.571692	18
0.571808	19
0.571931	20
0.571983	21
0.572111	22
0.572245	23
0.572383	24
0.572509	14
0.57264	15
0.572751	16
0.572861	17
0.572949	18
0.573057	19
0.573171	20
0.573292	21
0.573417	22
0.573548	23
0.573683	24
0.573824	25
0.573942	14
0.574061	15
0.574165	16
0.574226	17
0.574342	18
0.574462	19
0.574573	20
0.574687	21
0.574805	22
0.574908	23
0.575038	24
0.575173	25
0.575312	14
0.575443	15
0.575547	16
0.575656	17
0.57577	18
0.575886	19
0.576007	20
0.576059	21
0.576173	22
0.576294	23
0.57642	24
0.576551	25
0.576674	14
0.576801	15
0.576912	16
0.577011	17
0.577137	18
0.577268	19
0.577389	20
0.577515	21
0.577649	22
0.577787	23
0.577904	24
0.578017	25
0.578136	26
0.57826	15
0.578391	16
0.578452	17
0.578568	18
0.57868	19
0.578796	20
0.578909	21
0.579038	22
0.579172	23
0.579298	24
0.579429	25
0.579565	14
0.579686	15
0.579799	16
0.579905	17
0.580016	18
0.580123	19
0.58024	20
0.580305	21
0.580434	22
0.580566	23
0.580683	24
0.580807	25
0.580934	14
0.58107	15
0.581184	16
0.581269	17
0.581376	18
0.581488	19
0.581603	20
0.581724	21
0.58185	22
0.58198	23
0.582102	24
0.582222	25
0.582354	14
0.582477	15
0.58259	16
0.582636	17
0.582759	18
0.582886	19
0.583015	20
0.58315	21
0.583279	22
0.583392	23
0.583498	24
0.58361	25
0.583726	26
0.583848	14
0.583974	15
0.584084	16
0.584203	17
0.584327	18
0.584456	19
0.584517	20
0.584654	21
0.58477	22
0.584873	23
0.584981	24
0.585092	25
0.585205	26
0.585326	14
0.585453	15
0.585571	16
0.585693	17
0.585814	18
0.585946	19
0.586065	20
0.586181	21
0.5863	22
0.586422	23
0.586551	24
0.586667	25
0.586743	14
0.586884	15
0.586992	16
0.587092	17
0.587202	18
0.587318	19
0.587438	20
0.587563	21
0.587678	22
0.587799	23
0.587925	24
0.588056	25
0.588192	14
0.588333	14
0.588442	15
0.588463	16
0.58857	17
0.588682	18
0.588795	19
0.588913	20
0.589025	21
0.589141	22
0.589263	23
0.589389	24
0.589519	25
0.589641	13
0.58977	14
0.589888	15
0.59001	16
0.590132	17
0.590169	18
0.590304	19
0.590427	20
0.590538	21
0.590655	22
0.590774	23
0.590896	24
0.591014	25
0.591137	26
0.591264	14
0.591396	15
0.591518	16
0.591644	17
0.591775	18
0.591896	19
0.59202	20
0.592151	21
0.592186	22
0.592313	23
0.592446	24
0.592583	25
0.592723	13
0.592851	14
0.592961	15
0.593077	16
0.593203	17
0.593319	18
0.593429	19
0.593543	20
0.593662	21
0.593786	22
0.593916	23
0.594048	24
0.594184	25
0.594309	13
0.59436	14
0.594458	15
0.594551	16
0.59465	17
0.59475	18
0.594859	19
0.594973	20
0.595092	21
0.595217	22
0.595347	23
0.595482	24
0.59562	25
0.595753	13
0.595798	14
0.595888	15
0.595985	16
0.596086	17
0.596192	18
0.596303	19
0.596418	20
0.596536	21
0.596659	22
0.59679	23
0.596924	24
0.597052	25
0.597171	13
0.597214	14
0.597322	15
0.597437	16
0.597558	17
0.597683	18
0.597814	19
0.597948	20
0.598068	21
0.59818	22
0.598298	23
0.598421	24
0.598548	25
0.598665	13
0.598709	14
0.598817	15
0.598928	16
0.599047	17
0.599169	18
0.599298	19
0.599432	20
0.599555	21
0.599686	22
0.599803	23
0.59992	24
0.600033	25
0.600141	26
0.600184	14
0.600308	15
0.600421	16
0.600537	17
0.60066	18
0.600781	19
0.6009	20
0.601024	21
0.601153	22
0.601286	23
0.60141	24
0.601539	25
0.601673	13
0.601813	14
0.601912	15
0.60194	16
0.602043	17
0.602152	18
0.602265	19
0.602382	20
0.602507	21
0.602637	22
0.602771	23
0.602894	24
0.603024	25
0.603159	13
0.603298	14
0.603392	15
0.603493	16
0.603598	17
0.60363	18
0.603744	19
0.603863	20
0.603987	21
0.604116	22
0.604234	23
0.604355	24
0.604481	25
0.604612	13
0.604736	14
0.604848	15
0.604962	16
0.605083	17
0.60521	18
0.605341	19
0.605476	20
0.605597	21
0.605642	22
0.605759	23
0.60588	24
0.606006	25
0.606123	14
0.606244	15
0.606356	16
0.606472	17
0.606592	18
0.606717	19
0.606848	20
0.606984	21
0.60711	22
0.607222	23
0.607325	24
0.607433	25
0.60755	26
0.607671	14
0.607796	15
0.607831	16
0.607948	17
0.608069	18
0.608194	19
0.608326	20
0.608449	21
0.608563	22
0.608682	23
0.608806	24
0.608935	25
0.609067	14
0.609204	15
0.60931	16
0.609414	17
0.609531	18
0.609581	19
0.609706	20
0.609836	21
0.609949	22
0.610058	23
0.610171	24
0.61029	25
0.610415	26
0.610545	14
0.61068	15
0.610796	16
0.610925	17
0.611058	18
0.611194	19
0.6113	20
0.611397	21
0.611501	22
0.611609	23
0.611653	24
0.611769	25
0.61189	26
0.612018	14
0.61215	15
0.612271	16
0.612394	17
0.612521	18
0.612644	19
0.61277	20
0.612886	21
0.613007	22
0.613132	23
0.613261	24
0.613395	25
0.613517	13
0.613643	14
0.613758	15
0.613801	16
0.613923	17
0.614035	18
0.61415	19
0.614269	20
0.614393	21
0.614509	22
0.614631	23
0.614757	24
0.614888	25
0.615021	13
0.61516	14
0.615268	15
0.615368	16
0.615473	17
0.615507	18
0.615619	19
0.615737	20
0.615859	21
0.615972	22
0.616089	23
0.61621	24
0.616336	25
0.616459	13
0.616585	14
0.616699	15
0.616815	16
0.616936	17
0.617062	18
0.617193	19
0.617329	20
0.617442	21
0.617489	22
0.617599	23
0.617715	24
0.617837	25
0.617951	26
0.618066	14
0.618201	15
0.618311	16
0.618427	17
0.618547	18
0.618672	19
0.618801	20
0.61892	21
0.619045	22
0.619174	23
0.619309	24
0.61945	25
0.619559	13
0.619673	14
0.619769	15
0.619796	16
0.619906	17
0.620022	18
0.620142	19
0.620266	20
0.620379	21
0.620498	22
0.620622	23
0.62075	24
0.620884	25
0.621005	13
0.62113	14
0.621245	15
0.621361	16
0.621487	17
0.621521	18
0.621654	19
0.621785	20
0.621893	21
0.622006	22
0.622125	23
0.622249	24
0.622378	25
0.622497	13
0.622619	14
0.622731	15
0.622848	16
0.622965	17
0.623087	18
0.623217	19
0.623336	20
0.62345	21
0.623498	22
0.62363	23
0.623767	24
0.623887	25
0.623999	26
0.624117	27
0.62424	14
0.624366	15
0.62448	16
0.6246	17
0.624725	18
0.624837	19
0.624955	20
0.625075	21
0.625204	22
0.625338	23
0.625461	24
0.625589	25
0.625722	13
0.62585	14
0.625954	15
0.625997	16
0.626098	17
0.626205	18
0.626317	19
0.626432	20
0.626552	21
0.626678	22
0.626808	23
0.626926	24
0.62705	25
0.627171	14
0.627289	15
0.627406	16
0.627521	17
0.627639	18
0.627703	19
0.627829	20
0.627962	21
0.6281	22
0.628221	23
0.628338	24
0.628454	25
0.628574	26
0.628699	14
0.628829	15
0.628926	16
0.629034	17
0.629149	18
0.629268	19
0.629391	20
0.629519	21
0.62965	22
0.629786	23
0.629839	24
0.629968	25
0.630081	14
0.630199	15
0.630307	16
0.630421	17
0.630538	18
0.630625	19
0.630736	20
0.630854	21
0.630977	22
0.631104	23
0.631235	24
0.631359	25
0.631488	14
0.631621	15
0.631738	16
0.6318	17
0.631917	18
0.632037	19
0.632162	20
0.632293	21
0.632429	22
0.632544	23
0.63265	24
0.632762	25
0.632881	26
0.633006	15
0.633136	16
0.633246	17
0.633356	18
0.633469	19
0.633577	20
0.633637	21
0.633762	22
0.633892	23
0.634027	24
0.634154	25
0.634285	14
0.6344	15
0.634506	16
0.634616	17
0.634732	18
0.634834	19
0.634946	20
0.635061	21
0.635183	22
0.635308	23
0.635436	24
0.635554	25
0.635677	15
0.635796	16
0.635916	17
0.635988	18
0.636117	19
0.63625	20
0.636373	21
0.6365	22
0.636632	23
0.636769	24
0.636873	14
0.636995	15
0.637096	16
0.637203	17
0.637315	18
0.637426	19
0.637519	20
0.637643	21
0.637768	22
0.637886	23
0.637963	24
0.638089	25
0.63822	15
0.638356	16
0.638482	17
0.638578	18
0.638701	19
0.638829	20
0.638963	21
0.6391	22
0.639208	23
0.639317	24
0.639432	25
0.639551	26
0.639672	15
0.639784	16
0.639902	17
0.64001	18
0.640084	19
0.6402	20
0.640318	21
0.640441	22
0.640539	23
0.640673	24
0.640798	25
0.640927	15
0.641041	15
0.641146	16
0.641255	17
0.641369	18
0.641458	19
0.64158	20
0.641691	21
0.641808	22
0.641928	23
0.642054	24
0.642146	25
0.642279	14
0.642404	15
0.642515	16
0.642613	17
0.642738	18
0.642868	19
0.643002	20
0.643125	21
0.643234	22
0.643347	23
0.643463	24
0.643545	25
0.643672	26
0.64379	15
0.64391	16
0.644013	17
0.644124	18
0.644241	19
0.644362	20
0.644458	21
0.644592	22
0.644716	23
0.644844	24
0.644979	25
0.645118	14
0.645237	15
0.645335	16
0.645437	17
0.645544	18
0.645611	19
0.645725	20
0.64583	21
0.64595	22
0.646067	23
0.646186	24
0.646308	25
0.646436	15
0.646569	15
0.646677	16
0.646775	17
0.646893	18
0.647015	19
0.647143	20
0.647274	21
0.647411	22
0.647516	23
0.647625	24
0.647695	25
0.647814	26
0.647938	15
0.648067	16
0.648157	17
0.648266	18
0.648381	19
0.64849	20
0.648599	21
0.648728	22
0.648861	23
0.648984	24
0.649111	25
0.649245	14
0.649383	15
0.649502	16
0.649599	17
0.649702	18
0.649763	19
0.649872	20
0.649971	21
0.65009	22
0.650214	23
0.650342	24
0.650462	25
0.650587	26
0.650706	15
0.650839	16
0.650944	17
0.65106	18
0.65118	19
0.651304	20
0.651434	21
0.651568	22
0.651709	23
0.65183	24
0.651905	25
0.652023	26
0.652145	15
0.65227	15
0.652365	16
0.65247	17
0.652558	18
0.652671	19
0.652786	20
0.65291	21
0.653038	22
0.653171	23
0.653294	24
0.653423	25
0.653558	14
0.653697	15
0.65382	16
0.653876	17
0.653975	18
0.654067	19
0.654175	20
0.654288	21
0.654405	22
0.654506	23
0.654633	24
0.654751	25
0.654874	26
0.655001	14
0.655133	15
0.655255	16
0.655365	17
0.655481	18
0.655599	19
0.655671	20
0.655799	21
0.655933	22
0.656066	23
0.656183	24
0.656291	25
0.656404	26
0.656522	15
0.65664	16
0.656736	17
0.656853	18
0.65696	19
0.657072	20
0.657188	21
0.65731	22
0.657435	23
0.657564	24
0.657684	25
0.657808	15
0.657909	16
0.658031	17
0.658156	18
0.65828	19
0.658386	20
0.658489	21
0.658577	22
0.658691	23
0.65881	24
0.658934	25
0.659063	15
0.659181	16
0.659291	17
0.659407	18
0.659523	19
0.659607	20
0.659735	21
0.659851	22
0.65997	23
0.660093	24
0.66022	25
0.660356	15
0.660491	16
0.660575	17
0.660677	18
0.660783	19
0.660868	20
0.660985	21
0.661106	22
0.661231	23
0.661347	24
0.661468	25
0.661592	26
0.661719	15
0.661824	16
0.661934	17
0.662047	18
0.662162	19
0.662284	20
0.662407	21
0.66254	22
0.66268	23
0.662784	24
0.662892	25
0.663005	26
0.663105	16
0.663231	17
0.663349	18
0.663452	19
0.663528	20
0.663642	21
0.66376	22
0.663882	23
0.664008	24
0.664136	25
0.664254	15
0.66438	16
0.664498	17
0.664621	18
0.664747	19
0.66488	20
0.664992	21
0.665079	22
0.665189	23
0.665305	24
0.665423	25
0.665544	26
0.66567	15
0.665782	16
0.665889	17
0.665996	18
0.666099	19
0.666221	20
0.666346	21
0.666461	22
0.66658	23
0.666703	24
0.666831	25
0.666967	15
0.667109	16
0.667218	17
0.667318	18
0.667413	19
0.667483	20
0.667593	21
0.667709	22
0.667824	23
0.667935	24
0.668051	25
0.668159	26
0.668283	15
0.668412	16
0.668531	17
0.668654	18
0.668758	19
0.668877	20
0.669003	21
0.669133	22
0.669257	23
0.669375	24
0.66948	25
0.669593	26
0.669673	16
0.669797	17
0.669912	18
0.670031	19
0.670122	20
0.670249	21
0.670368	22
0.670491	23
0.67062	24
0.670741	25
0.670859	15
0.670987	16
0.671106	17
0.671229	18
0.671358	19
0.67149	20
0.671627	21
0.671685	22
0.671794	23
0.671895	24
0.672001	25
0.672112	26
0.672227	27
0.672333	17
0.672455	17
0.672571	18
0.672678	19
0.672802	20
0.67293	21
0.673064	22
0.673189	23
0.673305	24
0.673425	25
0.67355	26
0.67368	16
0.673815	17
0.673929	18
0.674036	19
0.674103	20
0.67422	21
0.674313	22
0.674438	23
0.674566	24
0.674685	25
0.674786	16
0.6749	16
0.675007	17
0.675119	18
0.675236	19
0.675357	20
0.675483	21
0.675614	22
0.67575	23
0.675891	24
0.676015	15
0.676113	16
0.676194	17
0.676256	18
0.676358	19
0.676459	20
0.676541	21
0.676656	22
0.676777	23
0.676902	24
0.677031	25
0.677166	15
0.677306	16
0.677422	17
0.677528	18
0.677638	19
0.677756	20
0.677878	21
0.677993	22
0.678124	23
0.678218	24
0.678345	25
0.67847	16
0.6786	16
0.678706	17
0.678808	18
0.678896	19
0.679002	20
0.679111	21
0.679225	22
0.679345	23
0.679469	24
0.679599	25
0.679735	15
0.679874	16
0.679986	17
0.680079	18
0.680159	19
0.680223	20
0.680323	21
0.680427	22
0.680539	23
0.680654	24
0.680773	25
0.680887	26
0.681017	16
0.681152	17
0.681279	18
0.681396	19
0.681511	20
0.681624	21
0.681743	22
0.681867	23
0.681996	24
0.682129	25
0.682253	15
0.682359	16
0.682458	17
0.682574	18
0.682694	19
0.682819	20
0.682931	21
0.683027	22
0.683139	23
0.683257	24
0.683379	25
0.683507	26
0.683639	15
0.683776	16
0.683903	17
0.684036	18
0.684122	19
0.684247	20
0.684341	21
0.684441	22
0.68454	23
0.684647	24
0.684759	25
0.684878	26
0.685003	15
0.685131	16
0.685248	17
0.68537	18
0.685491	19
0.685626	20
0.685748	21
0.685861	22
0.68598	23
0.686104	24
0.686189	25
0.686322	14
0.686459	15
0.686565	16
0.686675	17
0.686792	18
0.686897	19
0.687021	20
0.68715	21
0.687252	22
0.687359	23
0.68747	24
0.687587	25
0.687712	26
0.687842	15
0.68797	16
0.688047	17
0.688174	18
0.688307	19
0.688444	20
0.688568	21
0.688667	22
0.68877	23
0.688877	24
0.688975	25
0.689094	26
0.689217	15
0.689346	16
0.689464	17
0.689586	18
0.689693	19
0.68981	20
0.689919	21
0.690031	22
0.690149	23
0.690252	24
0.690359	25
0.690472	26
0.69059	15
0.690715	16
0.69083	17
0.690948	18
0.691044	19
0.691173	20
0.691305	21
0.691412	22
0.691525	23
0.691642	24
0.691736	25
0.691858	15
0.691974	16
0.692094	17
0.692213	18
0.692345	19
0.692478	20
0.6926	21
0.692714	22
0.692817	23
0.692927	24
0.693041	25
0.693143	26
0.693266	16
0.693394	16
0.693514	17
0.693637	18
0.693718	19
0.693847	20
0.693982	21
0.694103	22
0.694213	23
0.694315	24
0.694423	25
0.694535	26
0.694649	16
0.694771	17
0.694886	18
0.695007	19
0.695106	20
0.695233	21
0.695367	22
0.695492	23
0.695607	24
0.695726	25
0.695797	26
0.695924	16
0.696056	17
0.696179	18
0.696309	19
0.696444	20
0.696582	21
0.696691	22
0.696804	23
0.696923	24
0.697046	25
0.69716	26
0.697279	16
0.697381	17
0.697494	18
0.697612	19
0.697736	20
0.697866	21
0.697943	22
0.698078	23
0.698206	24
0.698337	25
0.698441	16
0.698551	17
0.698653	18
0.69876	19
0.698871	20
0.698981	21
0.699092	22
0.699188	23
0.699318	24
0.699452	25
0.699577	16
0.699707	17
0.699817	18
0.699931	19
0.700049	20
0.700172	21
0.700301	22
0.700385	23
0.700522	24
0.700663	15
0.700785	16
0.700888	17
0.700995	18
0.701106	19
0.701224	20
0.701336	21
0.701437	22
0.701538	23
0.701659	24
0.701785	25
0.701918	16
0.702053	16
0.70218	17
0.702302	18
0.702425	19
0.702489	20
0.70262	21
0.702755	22
0.702868	23
0.702977	24
0.703091	25
0.703211	26
0.703336	16
0.703466	17
0.703586	18
0.703689	19
0.703775	20
0.703893	21
0.704018	22
0.704147	23
0.704268	24
0.704391	25
0.70452	16
0.704653	17
0.704723	18
0.704852	19
0.704985	20
0.705123	21
0.705232	22
0.705343	23
0.705462	24
0.705586	25
0.705714	16
0.705824	17
0.705924	18
0.706026	19
0.706146	20
0.706271	21
0.7064	22
0.706519	23
0.706644	24
0.706709	25
0.706841	16
0.706978	17
0.707101	18
0.707215	19
0.707319	20
0.707429	21
0.707539	22
0.707651	23
0.707774	24
0.707893	25
0.708011	16
0.708128	17
0.708245	18
0.708365	19
0.70849	20
0.708621	21
0.708737	22
0.708812	23
0.708941	24
0.709074	25
0.709213	16
0.709334	17
0.709435	18
0.709541	19
0.709653	20
0.709769	21
0.709881	22
0.70999	23
0.71012	24
0.710239	25
0.710364	26
0.710493	16
0.710626	17
0.710738	18
0.710853	19
0.710974	20
0.711094	21
0.711159	22
0.711292	23
0.711431	24
0.711567	15
0.711688	16
0.711793	17
0.711904	18
0.712019	19
0.712139	20
0.712245	21
0.712352	22
0.712453	23
0.712577	24
0.712706	25
0.712839	15
0.712977	16
0.713093	17
0.713212	18
0.713332	19
0.713403	20
0.713536	21
0.713661	22
0.713768	23
0.71388	24
0.713997	25
0.714119	26
0.714247	15
0.714379	16
0.714487	17
0.714595	18
0.714693	19
0.714815	20
0.714928	21
0.715046	22
0.715169	23
0.715295	24
0.715417	25
0.715548	15
0.715631	16
0.715761	17
0.715863	18
0.715968	19
0.716077	20
0.716193	21
0.716313	22
0.716422	23
0.716535	24
0.716649	25
0.716759	26
0.716889	15
0.717023	16
0.717148	17
0.717262	18
0.717321	19
0.717445	20
0.717574	21
0.717707	22
0.717831	23
0.71796	24
0.718093	25
0.718231	14
0.71835	15
0.718461	16
0.718562	17
0.718668	18
0.71875	19
0.718867	20
0.718988	21
0.7191	22
0.719216	23
0.719336	24
0.719403	25
0.719533	14
0.719668	15
0.719793	16
0.719908	17
0.720027	18
0.720151	19
0.720281	20
0.720414	21
0.720519	22
0.720624	23
0.720736	24
0.720832	25
0.720954	26
0.72108	15
0.721211	16
0.721253	17
0.721365	18
0.721481	19
0.721603	20
0.721729	21
0.72186	22
0.721981	23
0.722108	24
0.722239	25
0.722374	14
0.722515	15
0.722611	16
0.722712	17
0.722817	18
0.722905	19
0.723019	20
0.723069	21
0.723192	22
0.723305	23
0.723423	24
0.723545	25
0.723673	15
0.723805	16
0.723914	17
0.724028	18
0.724147	19
0.72427	20
0.724397	21
0.724532	22
0.724657	23
0.724778	24
0.72489	25
0.724991	26
0.725113	15
0.725239	16
0.725355	17
0.725399	18
0.725511	19
0.725627	20
0.725749	21
0.725875	22
0.726006	23
0.726127	24
0.726253	25
0.726384	15
0.72652	15
0.726646	16
0.726764	17
0.726887	18
0.726979	19
0.72711	20
0.727246	21
0.727358	22
0.727417	23
0.727529	24
0.727645	25
0.727767	26
0.727893	15
0.728024	16
0.728132	17
0.728245	18
0.728363	19
0.728484	20
0.72861	21
0.728743	22
0.728866	23
0.728993	24
0.729095	25
0.729232	14
0.729375	15
0.729471	16
0.729572	17
0.729678	18
0.72973	19
0.729844	20
0.729963	21
0.730087	22
0.730215	23
0.730334	24
0.730458	25
0.730587	15
0.73072	16
0.730829	17
0.730904	18
0.731024	19
0.731149	20
0.731279	21
0.731412	22
0.731537	23
0.731666	24
0.731779	25
0.731845	26
0.731964	15
0.732088	16
0.732202	17
0.732307	18
0.732415	19
0.732528	20
0.732646	21
0.732768	22
0.732866	23
0.732999	24
0.733122	25
0.73325	15
0.733384	16
0.733509	17
0.733624	18
0.733738	19
0.733801	20
0.733929	21
0.734063	22
0.734184	23
0.734304	24
0.734429	25
0.734545	26
0.734665	16
0.734789	17
0.734904	18
0.735021	19
0.735108	20
0.735225	21
0.735346	22
0.735471	23
0.735604	24
0.735735	25
0.735863	15
0.735985	16
0.736047	17
0.736152	18
0.736261	19
0.736375	20
0.736493	21
0.736598	22
0.73671	23
0.736827	24
0.736949	25
0.737074	16
0.737202	16
0.73729	17
0.737407	18
0.737525	19
0.737646	20
0.737775	21
0.737853	22
0.737976	23
0.738105	24
0.738237	25
0.738376	15
0.738515	16
0.738614	17
0.738717	18
0.738824	19
0.738926	20
0.739041	21
0.739146	22
0.739272	23
0.739388	24
0.739507	25
0.739629	26
0.739757	16
0.739885	17
0.739999	18
0.740117	19
0.740192	20
0.740318	21
0.740448	22
0.740582	23
0.740701	24
0.740811	25
0.740926	26
0.741045	16
0.741164	17
0.741281	18
0.741393	19
0.741502	20
0.74159	21
0.741711	22
0.741836	23
0.741966	24
0.742102	25
0.742227	15
0.742354	16
0.742419	17
0.742544	18
0.742674	19
0.74281	20
0.742926	21
0.743036	22
0.743151	23
0.743271	24
0.743394	25
0.743521	15
0.743638	16
0.743746	17
0.74386	18
0.743964	19
0.744072	20
0.744192	21
0.744273	22
0.744395	23
0.744523	24
0.744656	25
0.744793	15
0.744913	16
0.745026	17
0.745128	18
0.745233	19
0.745333	20
0.74545	21
0.745572	22
0.74569	23
0.745805	24
0.745919	25
0.746037	26
0.746167	16
0.746295	16
0.746421	17
0.74654	18
0.746612	19
0.746733	20
0.746862	21
0.746994	22
0.747116	23
0.747225	24
0.747336	25
0.747452	26
0.747567	15
0.747695	16
0.747814	17
0.747936	18
0.748026	19
0.748156	20
0.748278	21
0.748394	22
0.748502	23
0.748624	24
0.748725	25
0.748857	15
0.748994	16
0.749123	17
0.749236	18
0.749346	19
0.749441	20
0.749566	21
0.749682	22
0.749798	23
0.749909	24
0.750022	25
0.750132	26
0.750257	15
0.750388	16
0.75051	17
0.750621	18
0.750708	19
0.750843	20
0.750981	21
0.751112	22
0.75121	23
0.751314	24
0.751422	25
0.751534	26
0.751632	27
0.751754	16
0.751881	16
0.751997	17
0.752099	18
0.752224	19
0.752354	20
0.752489	21
0.752586	22
0.752697	23
0.752802	24
0.752927	25
0.753057	15
0.753191	16
0.753318	17
0.753427	18
0.753538	19
0.753631	20
0.753755	21
0.753884	22
0.754003	23
0.754095	24
0.754208	25
0.754325	26
0.754446	15
0.754574	16
0.75469	17
0.754797	18
0.754893	19
0.755024	20
0.755159	21
0.755298	22
0.755409	23
0.75551	24
0.755617	25
0.755729	26
0.755823	27
0.755944	16
0.75607	17
0.75618	18
0.756278	19
0.756402	20
0.756531	21
0.756663	22
0.756772	23
0.756896	24
0.75701	25
0.757134	26
0.757264	15
0.757398	16
0.757522	17
0.757629	18
0.757742	19
0.75786	20
0.757954	21
0.758074	22
0.758198	23
0.758315	24
0.75843	25
0.758545	26
0.758665	15
0.75879	16
0.758906	17
0.759027	18
0.759111	19
0.75924	20
0.759373	21
0.759511	22
0.759622	23
0.759737	24
0.759856	25
0.75998	26
0.760094	15
0.760213	16
0.760298	17
0.760399	18
0.760504	19
0.760627	20
0.760754	21
0.760885	22
0.761009	23
0.761138	24
0.761239	25
0.761376	14
0.761488	15
0.761586	16
0.761691	17
0.7618	18
0.761913	19
0.762027	20
0.762131	21
0.762258	22
0.762378	23
0.762496	24
0.76261	25
0.762741	14
0.762877	15
0.762994	16
0.763075	17
0.763178	18
0.763286	19
0.763399	20
0.763517	21
0.763638	22
0.763765	23
0.763898	24
0.764019	25
0.764144	15
0.764271	16
0.764394	17
0.764464	18
0.76458	19
0.764693	20
0.764811	21
0.764914	22
0.765049	23
0.76518	24
0.765308	25
0.765425	15
0.765548	16
0.765662	17
0.765781	18
0.765904	19
0.766029	20
0.766147	21
0.766269	22
0.766397	23
0.766475	24
0.76661	25
0.766746	15
0.766858	16
0.766957	17
0.767064	18
0.767169	19
0.767267	20
0.767389	21
0.767517	22
0.767632	23
0.767754	24
0.76788	25
0.768011	15
0.768145	16
0.768272	17
0.768388	18
0.768511	19
0.768582	20
0.768709	21
0.768839	22
0.768959	23
0.769084	24
0.769192	25
0.769305	26
0.769427	15
0.769549	16
0.76967	17
0.769795	18
0.76991	19
0.770031	20
0.770158	21
0.770289	22
0.770426	23
0.770558	24
0.770671	25
0.770789	26
0.770856	15
0.770979	16
0.771092	17
0.771209	18
0.771287	19
0.771403	20
0.771524	21
0.771649	22
0.77178	23
0.771916	24
0.772057	14
0.77217	15
0.772274	16
0.772384	17
0.772498	18
0.772613	19
0.772673	20
0.772785	21
0.772903	22
0.773026	23
0.773154	24
0.773276	25
0.773387	15
0.77353	16
0.773653	17
0.773748	18
0.773847	19
0.77395	20
0.774058	21
0.77417	22
0.774288	23
0.77441	24
0.774538	25
0.77467	15
0.774803	16
0.774865	17
0.774994	18
0.775107	19
0.775196	20
0.775313	21
0.775434	22
0.775563	23
0.775696	24
0.775835	25
0.775958	15
0.776086	16
0.776205	17
0.776317	18
0.776432	19
0.776549	20
0.77667	21
0.776748	22
0.776866	23
0.776987	24
0.777105	25
0.777228	15
0.777362	15
0.777466	16
0.777578	17
0.777682	18
0.77779	19
0.777904	20
0.778025	21
0.77815	22
0.778277	23
0.778396	24
0.77852	25
0.778645	26
0.778774	15
0.778894	16
0.778965	17
0.779067	18
0.779169	19
0.779294	20
0.779425	21
0.779561	22
0.779701	23
0.779829	24
0.779945	25
0.780068	26
0.780197	15
0.780316	16
0.780424	17
0.780534	18
0.780641	19
0.78076	20
0.780834	21
0.780962	22
0.781081	23
0.781218	24
0.781358	14
0.781472	14
0.781565	15
0.781662	16
0.781764	17
0.781871	18
0.781979	19
0.782096	20
0.782218	21
0.782345	22
0.782474	23
0.78261	24
0.782733	25
0.782859	14
0.782908	15
0.782997	16
0.783091	17
0.78319	18
0.783293	19
0.7834	20
0.783513	21
0.783631	22
0.783753	23
0.783881	24
0.784011	25
0.784148	14
0.784273	15
0.784376	16
0.784405	17
0.784515	18
0.784631	19
0.784751	20
0.784875	21
0.785004	22
0.785138	23
0.785278	24
0.7854	13
0.785514	14
0.785619	15
0.785728	16
0.785839	17
0.78596	18
0.786077	19
0.786186	20
0.786222	21
0.786341	22
0.786465	23
0.786594	24
0.786726	25
0.786851	14
0.78698	15
0.7871	16
0.787224	17
0.787353	18
0.787488	19
0.787626	20
0.787727	21
0.787839	22
0.787956	23
0.788076	24
0.788192	25
0.788309	26
0.78843	14
0.788553	15
0.788582	16
0.788698	17
0.78882	18
0.788947	19
0.789081	20
0.789214	21
0.789339	22
0.789469	23
0.78959	24
0.789717	25
0.789846	14
0.789977	15
0.790087	16
0.79019	17
0.790301	18
0.790333	19
0.790451	20
0.790575	21
0.790703	22
0.790833	23
0.790943	24
0.791057	25
0.791176	26
0.791298	14
0.791427	15
0.791544	16
0.791665	17
0.791792	18
0.791923	19
0.792057	20
0.792177	21
0.792302	22
0.79239	23
0.79244	24
0.792548	25
0.792663	26
0.792782	15
0.792904	15
0.793016	16
0.793133	17
0.793255	18
0.793381	19
0.793514	20
0.793637	21
0.793765	22
0.793885	23
0.79401	24
0.794139	25
0.794272	14
0.79441	15
0.794511	16
0.794543	17
0.794658	18
0.794778	19
0.794903	20
0.795019	21
0.795139	22
0.795264	23
0.795378	24
0.795498	25
0.795623	26
0.795753	14
0.795888	15
0.796007	16
0.796129	17
0.796254	18
0.796374	19
0.796421	20
0.796533	21
0.79665	22
0.796771	23
0.796883	24
0.796999	25
0.797121	26
0.797248	14
0.79738	15
0.797502	16
0.797609	17
0.797721	18
0.797836	19
0.797956	20
0.798082	21
0.798209	22
0.798334	23
0.798463	24
0.798599	25
0.798662	14
0.798796	14
0.798895	15
0.798998	16
0.799107	17
0.79922	18
0.799339	19
0.799459	20
0.79958	21
0.799698	22
0.799819	23
0.799944	24
0.800073	25
0.800205	14
0.80025	14
0.800364	15
0.800483	16
0.800586	17
0.800694	18
0.800807	19
0.800924	20
0.801047	21
0.80116	22
0.801279	23
0.801402	24
0.80153	25
0.80166	13
0.801696	14
0.801805	15
0.80192	16
0.802041	17
0.802166	18
0.802295	19
0.802416	20
0.802542	21
0.802673	22
0.802809	23
0.802948	24
0.803059	13
0.803175	14
0.803191	15
0.803299	16
0.803411	17
0.803529	18
0.803651	19
0.803766	20
0.803885	21
0.804008	22
0.804137	23
0.80427	24
0.804394	25
0.804523	14
0.804656	15
0.804779	16
0.804799	17
0.804929	18
0.805062	19
0.805187	20
0.805294	21
0.805406	22
0.805523	23
0.805645	24
0.805773	25
0.805905	14
0.806026	15
0.806139	16
0.806257	17
0.806379	18
0.806505	19
0.806621	20
0.806649	21
0.806773	22
0.8069	23
0.807035	24
0.807174	14
0.807311	15
0.80741	16
0.807513	17
0.807622	18
0.807736	19
0.807856	20
0.807974	21
0.808089	22
0.808209	23
0.808334	24
0.808464	25
0.808598	14
0.808721	15
0.808837	16
0.808857	17
0.808979	18
0.809105	19
0.809236	20
0.809358	21
0.809486	22
0.809596	23
0.809712	24
0.809833	25
0.809961	26
0.810093	15
0.810221	16
0.810333	17
0.81045	18
0.810571	19
0.810684	20
0.810708	21
0.810827	22
0.810951	23
0.811081	24
0.811216	25
0.811355	14
0.81149	15
0.811588	16
0.811692	17
0.8118	18
0.811914	19
0.812032	20
0.812142	21
0.812258	22
0.812378	23
0.812503	24
0.812633	25
0.812767	14
0.812907	15
0.81302	16
0.81304	17
0.81315	18
0.813264	19
0.813383	20
0.813507	21
0.813635	22
0.81377	23
0.813909	24
0.814032	14
0.814159	15
0.814278	16
0.814378	17
0.814479	18
0.814586	19
0.814698	20
0.814812	21
0.81484	22
0.814962	23
0.815091	24
0.815224	25
0.815362	14
0.815505	15
0.815615	16
0.815706	17
0.815802	18
0.815903	19
0.81601	20
0.816122	21
0.81624	22
0.816362	23
0.81649	24
0.816622	25
0.816747	14
0.816876	15
0.816995	16
0.817014	17
0.817125	18
0.81724	19
0.817359	20
0.817484	21
0.817614	22
0.81775	23
0.81789	24
0.818001	14
0.818116	14
0.818222	15
0.818333	16
0.818447	17
0.818566	18
0.818676	19
0.818791	20
0.818821	21
0.818942	22
0.819067	23
0.819197	24
0.819321	25
0.819449	14
0.819581	15
0.819705	16
0.819834	17
0.819965	18
0.82009	19
0.82022	20
0.820354	21
0.820472	22
0.820582	23
0.820694	24
0.820812	25
0.820936	26
0.821064	15
0.821196	16
0.82122	17
0.821346	18
0.821463	19
0.821584	20
0.821711	21
0.821844	22
0.821965	23
0.822092	24
0.822225	25
0.822362	14
0.822483	15
0.822595	16
0.822711	17
0.822828	18
0.822934	19
0.823049	20
0.823086	21
0.823209	22
0.823335	23
0.823454	24
0.823579	25
0.823708	14
0.823841	15
0.823966	16
0.824096	17
0.824216	18
0.824341	19
0.82447	20
0.824605	21
0.824728	22
0.824838	23
0.82495	24
0.825065	25
0.825188	26
0.825315	15
0.825434	16
0.825476	17
0.825602	18
0.825719	19
0.825841	20
0.825969	21
0.826101	22
0.826222	23
0.826349	24
0.826481	25
0.826618	14
0.826739	15
0.826851	16
0.826968	17
0.827081	18
0.827178	19
0.82729	20
0.827344	21
0.827467	22
0.827595	23
0.827714	24
0.827839	25
0.827968	14
0.828101	15
0.828225	16
0.828354	17
0.828474	18
0.828598	19
0.828726	20
0.828861	21
0.828986	22
0.829093	23
0.829203	24
0.829308	25
0.829429	26
0.829554	15
0.829683	16
0.829738	17
0.82986	18
0.829978	19
0.8301	20
0.830228	21
0.83036	22
0.830481	23
0.830607	24
0.830737	25
0.830872	14
0.831012	15
0.831122	16
0.831222	17
0.83132	18
0.831408	19
0.831522	20
0.831581	21
0.831704	22
0.831831	23
0.831963	24
0.832086	25
0.832213	15
0.832345	16
0.832467	17
0.83258	18
0.832698	19
0.83282	20
0.832949	21
0.833081	22
0.833218	23
0.83334	24
0.833451	25
0.833544	26
0.833663	15
0.833789	16
0.833894	17
0.833962	18
0.834074	19
0.834189	20
0.83431	21
0.834436	22
0.834567	23
0.834703	24
0.834828	25
0.834938	15
0.835054	16
0.835161	17
0.835272	18
0.835387	19
0.835468	20
0.835578	21
0.835693	22
0.835805	23
0.835897	24
0.836027	25
0.836161	15
0.836284	16
0.8364	17
0.836519	18
0.836644	19
0.836774	20
0.836894	21
0.837019	22
0.837147	23
0.837282	24
0.83742	25
0.837539	14
0.837662	15
0.837738	16
0.837855	17
0.837958	18
0.838037	19
0.838157	20
0.838268	21
0.838384	22
0.838506	23
0.838632	24
0.838763	25
0.838899	14
0.839038	15
0.839148	16
0.839245	17
0.83935	18
0.83943	19
0.839545	20
0.839666	21
0.839773	22
0.839883	23
0.839997	24
0.84009	25
0.840217	15
0.840351	16
0.840475	17
0.840589	18
0.840708	19
0.840833	20
0.840959	21
0.841077	22
0.841201	23
0.84133	24
0.841465	25
0.841573	15
0.841696	15
0.841808	16
0.841912	17
0.842011	18
0.842084	19
0.842199	20
0.842321	21
0.842431	22
0.842548	23
0.842669	24
0.842797	25
0.842928	14
0.843064	15
0.843191	16
0.843279	17
0.843415	18
0.843529	19
0.843639	20
0.843742	21
0.843846	22
0.843956	23
0.84407	24
0.844155	25
0.84428	26
0.84441	15
0.844546	16
0.844667	17
0.844784	18
0.844905	19
0.845013	20
0.84511	21
0.845231	22
0.845358	23
0.845491	24
0.845628	25
0.845749	14
0.845874	15
0.845989	16
0.84611	17
0.846235	18
0.846293	19
0.846402	20
0.846509	21
0.846624	22
0.846744	23
0.846869	24
0.847	25
0.847136	14
0.847276	15
0.847404	16
0.847473	17
0.847565	18
0.847664	19
0.847767	20
0.847875	21
0.847988	22
0.848106	23
0.848221	24
0.848294	25
0.848425	14
0.84856	15
0.848684	16
0.848801	17
0.848923	18
0.849038	19
0.849154	20
0.849258	21
0.849385	22
0.849517	23
0.849654	24
0.849774	14
0.849899	15
0.850002	16
0.850099	17
0.850165	18
0.850281	19
0.8504	20
0.850523	21
0.850639	22
0.85076	23
0.850886	24
0.851016	25
0.851152	14
0.851285	15
0.851394	16
0.851481	17
0.851587	18
0.851698	19
0.851813	20
0.851925	21
0.852049	22
0.852115	23
0.852233	24
0.852356	25
0.852485	15
0.852618	16
0.852727	17
0.852828	18
0.852948	19
0.853067	20
0.853195	21
0.853324	22
0.85345	23
0.85356	24
0.853674	25
0.853794	26
0.853919	15
0.854033	16
0.854133	17
0.854234	18
0.854313	19
0.854431	20
0.854552	21
0.854681	22
0.854799	23
0.854921	24
0.855049	25
0.855177	15
0.855296	15
0.855408	16
0.855525	17
0.855645	18
0.855774	19
0.855906	20
0.856039	21
0.856158	22
0.856275	23
0.856388	24
0.856454	25
0.856578	26
0.856705	15
0.856819	16
0.856914	17
0.857029	18
0.857148	19
0.857271	20
0.8574	21
0.857531	22
0.857667	23
0.857809	24
0.857905	14
0.858007	15
0.858101	16
0.858196	17
0.858295	18
0.858399	19
0.858453	20
0.858561	21
0.858681	22
0.858806	23
0.858937	24
0.859073	25
0.859207	14
0.859323	15
0.859428	16
0.859532	17
0.859649	18
0.85977	19
0.859897	20
0.860025	21
0.86016	22
0.860298	23
0.860409	24
0.86052	25
0.86063	26
0.860691	15
0.860805	16
0.860909	17
0.861018	18
0.861131	19
0.861245	20
0.861367	21
0.861496	22
0.861618	23
0.861744	24
0.861875	25
0.862011	15
0.862151	16
0.862249	17
0.86235	18
0.86245	19
0.862494	20
0.862606	21
0.862722	22
0.862843	23
0.862968	24
0.863085	25
0.863207	26
0.863333	15
0.863468	16
0.863577	17
0.863692	18
0.863814	19
0.86394	20
0.864071	21
0.864194	22
0.864321	23
0.864452	24
0.864583	25
0.864724	14
0.864777	15
0.864875	16
0.864977	17
0.865082	18
0.865189	19
0.865303	20
0.865423	21
0.865546	22
0.865665	23
0.865789	24
0.865917	25
0.866051	14
0.866188	15
0.866286	16
0.866333	17
0.866453	18
0.866578	19
0.866709	20
0.866833	21
0.866959	22
0.867089	23
0.867223	24
0.867336	14
0.867456	15
0.867569	16
0.867687	17
0.867808	18
0.867922	19
0.868015	20
0.868121	21
0.868183	22
0.868301	23
0.868424	24
0.868551	25
0.868684	15
0.868824	15
0.868946	16
0.869068	17
0.86919	18
0.869306	19
0.869426	20
0.869551	21
0.869682	22
0.869818	23
0.869934	24
0.870053	25
0.870177	26
0.870301	15
0.870432	16
0.870473	17
0.870573	18
0.870674	19
0.870779	20
0.870889	21
0.871005	22
0.871128	23
0.871255	24
0.871386	25
0.871523	14
0.871667	15
0.871761	16
0.871853	17
0.871947	18
0.872036	19
0.872129	20
0.872193	21
0.872306	22
0.872423	23
0.872543	24
0.872667	25
0.872796	14
0.87292	15
0.873032	16
0.873138	17
0.873248	18
0.873364	19
0.873485	20
0.873611	21
0.873741	22
0.873876	23
0.874013	24
0.874131	14
0.874242	14
0.874327	15
0.874409	16
0.874471	17
0.874574	18
0.874681	19
0.874794	20
0.874912	21
0.875036	22
0.875163	23
0.875295	24
0.87542	25
0.875544	14
0.875662	15
0.875759	16
0.875861	17
0.875977	18
0.87609	19
0.876217	20
0.876301	21
0.876437	22
0.876577	23
0.876682	24
0.876795	25
0.876913	26
0.877035	14
0.877158	15
0.87725	16
0.877356	17
0.877457	18
0.877572	19
0.877686	20
0.877814	21
0.877931	22
0.878054	23
0.87818	24
0.878311	25
0.878433	14
0.878554	15
0.878627	16
0.878747	17
0.878868	18
0.878984	19
0.879119	20
0.879227	21
0.879333	22
0.879442	23
0.879558	24
0.879678	25
0.8798	26
0.879924	14
0.880044	15
0.880144	16
0.880258	17
0.880326	18
0.880447	19
0.880573	20
0.880685	21
0.880805	22
0.880934	23
0.881063	24
0.8812	25
0.881328	14
0.881438	14
0.881535	15
0.881621	16
0.881728	17
0.881841	18
0.88196	19
0.88207	20
0.88218	21
0.882245	22
0.882364	23
0.882489	24
0.882619	25
0.882737	14
0.882846	15
0.88296	16
0.883081	17
0.883204	18
0.883307	19
0.883426	20
0.883551	21
0.88368	22
0.883815	23
0.883955	24
0.884074	14
0.884184	15
0.884288	16
0.884396	17
0.884431	18
0.884546	19
0.884665	20
0.884789	21
0.884903	22
0.885022	23
0.885147	24
0.885271	25
0.885398	14
0.885522	15
0.885636	16
0.885755	17
0.88588	18
0.88601	19
0.886131	20
0.886259	21
0.88638	22
0.88644	23
0.886579	24
0.886695	25
0.886804	26
0.886917	27
0.887034	15
0.887145	16
0.887258	17
0.887377	18
0.88749	19
0.887604	20
0.887723	21
0.887845	22
0.887974	23
0.888106	24
0.888231	25
0.888362	14
0.888498	15
0.888623	16
0.888754	17
0.888856	18
0.888903	19
0.889031	20
0.889139	21
0.889252	22
0.889371	23
0.889496	24
0.889611	25
0.889731	26
0.889855	14
0.889984	15
0.890088	16
0.890199	17
0.890316	18
0.890436	19
0.890561	20
0.890685	21
0.890788	22
0.890913	23
0.890981	24
0.891115	25
0.891252	14
0.891372	15
0.891468	16
0.891567	17
0.891674	18
0.891786	19
0.891902	20
0.892026	21
0.89215	22
0.892269	23
0.892394	24
0.892524	25
0.892644	14
0.89277	15
0.892885	16
0.892917	17
0.893039	18
0.893167	19
0.893296	20
0.893418	21
0.893547	22
0.893659	23
0.893777	24
0.8939	25
0.894014	26
0.894135	14
0.894259	15
0.894371	16
0.89449	17
0.894614	18
0.894724	19
0.894765	20
0.894887	21
0.895014	22
0.895146	23
0.89527	24
0.895399	25
0.895532	13
0.89567	14
0.895776	15
0.895882	16
0.895984	17
0.89609	18
0.896202	19
0.89632	20
0.896441	21
0.896556	22
0.896675	23
0.896794	24
0.896923	25
0.896973	13
0.897108	14
0.89722	15
0.897335	16
0.897457	17
0.897578	18
0.897708	19
0.89783	20
0.897957	21
0.898088	22
0.898225	23
0.898345	24
0.89847	25
0.898585	14
0.898626	15
0.898734	16
0.898847	17
0.898968	18
0.899093	19
0.899208	20
0.899328	21
0.899454	22
0.899585	23
0.899721	24
0.899849	25
0.899981	14
0.900118	14
0.900216	15
0.90025	16
0.90035	17
0.900454	18
0.900564	19
0.900678	20
0.900797	21
0.900921	22
0.901051	23
0.90118	24
0.901305	25
0.901435	13
0.90157	14
0.90168	15
0.90179	16
0.901909	17
0.901935	18
0.902063	19
0.902195	20
0.902332	21
0.902474	22
0.902584	23
0.9027	24
0.90282	25
0.902945	26
0.903062	14
0.903182	15
0.903291	16
0.903402	17
0.903516	18
0.90364	19
0.903768	20
0.903881	21
0.903929	22
0.904058	23
0.904191	24
0.904322	25
0.904432	14
0.904546	15
0.904651	16
0.90476	17
0.904874	18
0.904993	19
0.905118	20
0.90524	21
0.905359	22
0.905479	23
0.905607	24
0.905728	25
0.905851	26
0.905981	14
0.906116	15
0.906145	16
0.906271	17
0.906402	18
0.906538	19
0.906664	20
0.906776	21
0.906892	22
0.907014	23
0.907127	24
0.907244	25
0.907367	26
0.907493	14
0.907616	15
0.907727	16
0.907837	17
0.90788	18
0.907999	19
0.908124	20
0.908254	21
0.908382	22
0.908508	23
0.908639	24
0.908775	25
0.908895	14
0.90902	14
0.909134	15
0.909229	16
0.90934	17
0.909447	18
0.909567	19
0.909693	20
0.909805	21
0.909858	22
0.90998	23
0.910108	24
0.910241	25
0.910379	13
0.910508	14
0.910606	15
0.910711	16
0.91082	17
0.910925	18
0.911043	19
0.911155	20
0.91127	21
0.911383	22
0.911508	23
0.911639	24
0.91176	25
0.911878	14
0.911953	15
0.912071	16
0.912194	17
0.912321	18
0.912442	19
0.912569	20
0.9127	21
0.91283	22
0.912942	23
0.913067	24
0.913185	25
0.913306	26
0.913432	14
0.913563	15
0.91361	16
0.91372	17
0.913835	18
0.913954	19
0.914078	20
0.914208	21
0.914342	22
0.914467	23
0.914598	24
0.914733	25
0.91486	14
0.914971	15
0.915072	16
0.915156	17
0.915265	18
0.915324	19
0.915442	20
0.915566	21
0.915693	22
0.915826	23
0.915949	24
0.916077	25
0.916196	14
0.916321	15
0.916436	16
0.916556	17
0.916683	18
0.916812	19
0.91693	20
0.917049	21
0.917172	22
0.917274	23
0.917377	24
0.91744	25
0.917555	26
0.917675	15
0.917797	16
0.917909	17
0.918029	18
0.918154	19
0.918282	20
0.918416	21
0.918555	22
0.918672	23
0.918774	24
0.918882	25
0.918994	26
0.919095	27
0.919216	15
0.919343	16
0.919458	17
0.919512	18
0.919634	19
0.919761	20
0.919896	21
0.92001	22
0.920126	23
0.920248	24
0.920374	25
0.920505	14
0.920641	15
0.920767	16
0.920879	17
0.920987	18
0.921092	19
0.921202	20
0.921319	21
0.921439	22
0.921494	23
0.921616	24
0.921735	25
0.921858	26
0.921987	14
0.92212	15
0.922243	16
0.92237	17
0.922489	18
0.922613	19
0.922742	20
0.922875	21
0.922992	22
0.9231	23
0.923206	24
0.923324	25
0.923449	26
0.923577	14
0.923699	15
0.923738	16
0.923851	17
0.923969	18
0.924092	19
0.924219	20
0.924351	21
0.924472	22
0.924597	23
0.924728	24
0.924863	25
0.924985	14
0.925098	15
0.925193	16
0.925295	17
0.925407	18
0.925452	19
0.925574	20
0.9257	21
0.925831	22
0.925951	23
0.926075	24
0.926205	25
0.926327	14
0.926455	15
0.926573	16
0.926695	17
0.926823	18
0.926945	19
0.927081	20
0.927198	21
0.927317	22
0.92742	23
0.927523	24
0.927581	25
0.927698	26
0.927819	14
0.927944	15
0.928058	16
0.928179	17
0.928304	18
0.928432	19
0.928567	20
0.928695	21
0.928822	22
0.928924	23
0.929026	24
0.929138	25
0.929254	26
0.929377	14
0.929501	15
0.929545	16
0.929664	17
0.929777	18
0.929895	19
0.930016	20
0.930143	21
0.930275	22
0.930397	23
0.930524	24
0.930655	25
0.930792	14
0.930914	14
0.931013	15
0.931095	16
0.9312	17
0.931262	18
0.931377	19
0.9315	20
0.931627	21
0.931758	22
0.931878	23
0.932004	24
0.932123	25
0.932245	26
0.932368	14
0.9325	15
0.932621	16
0.932749	17
0.93286	18
0.932996	19
0.933116	20
0.933243	21
0.933305	22
0.933413	23
0.933527	24
0.933646	25
0.933769	26
0.933898	14
0.934026	15
0.934148	16
0.934275	17
0.934408	18
0.934534	19
0.934663	20
0.934768	21
0.934875	22
0.935003	23
0.935138	24
0.935275	25
0.935398	14
0.935526	15
0.935644	16
0.935701	17
0.935812	18
0.935929	19
0.936052	20
0.93618	21
0.936298	22
0.936421	23
0.936549	24
0.936681	25
0.936819	14
0.936948	14
0.937047	15
0.937129	16
0.937237	17
0.93735	18
0.937468	19
0.93754	20
0.937665	21
0.937779	22
0.937898	23
0.938022	24
0.938152	25
0.938273	14
0.9384	15
0.938518	16
0.938642	17
0.938759	18
0.938869	19
0.939005	20
0.939147	21
0.939243	22
0.939345	23
0.939452	24
0.939565	25
0.939682	26
0.939747	14
0.939866	15
0.939979	16
0.940098	17
0.94022	18
0.940348	19
0.940481	20
0.940606	21
0.940711	22
0.940826	23
0.940945	24
0.941074	25
0.941209	14
0.941349	15
0.941453	16
0.941505	17
0.941618	18
0.941737	19
0.94186	20
0.941974	21
0.942094	22
0.942203	23
0.942319	24
0.94244	25
0.942566	26
0.942696	14
0.942826	15
0.942929	16
0.943051	17
0.943171	18
0.943297	19
0.943373	20
0.943506	21
0.943611	22
0.943719	23
0.943832	24
0.943951	25
0.944074	26
0.944201	14
0.944332	15
0.944431	16
0.944538	17
0.944648	18
0.944771	19
0.9449	20
0.945032	21
0.945153	22
0.945282	23
0.945415	24
0.945551	25
0.945626	13
0.945735	14
0.945832	15
0.945931	16
0.946039	17
0.946147	18
0.946265	19
0.946383	20
0.94651	21
0.946621	22
0.946742	23
0.94687	24
0.947002	25
0.947127	13
0.947186	14
0.947302	15
0.947424	16
0.94755	17
0.94768	18
0.947814	19
0.947939	20
0.948045	21
0.948157	22
0.948275	23
0.948397	24
0.948507	25
0.948617	26
0.948671	14
0.948796	15
0.948912	16
0.949031	17
0.949155	18
0.949284	19
0.949419	20
0.949543	21
0.94967	22
0.949789	23
0.949913	24
0.950042	25
0.950175	13
0.950291	14
0.950395	15
0.950434	16
0.950547	17
0.950664	18
0.950788	19
0.950916	20
0.951047	21
0.951157	22
0.951273	23
0.951393	24
0.951517	25
0.951642	14
0.951771	14
0.951895	15
0.952024	16
0.952157	17
0.952202	18
0.95234	19
0.952449	20
0.952548	21
0.952652	22
0.952761	23
0.952875	24
0.952995	25
0.953113	26
0.953241	14
0.953376	15
0.9535	16
0.953627	17
0.953746	18
0.953871	19
0.954001	20
0.954118	21
0.954172	22
0.954297	23
0.954406	24
0.95452	25
0.954638	26
0.954761	14
0.954883	15
0.955	16
0.955109	17
0.955224	18
0.955344	19
0.955468	20
0.955596	21
0.955715	22
0.955839	23
0.955966	24
0.956099	25
0.956237	13
0.956367	14
0.956446	15
0.956496	16
0.956601	17
0.95671	18
0.956827	19
0.956947	20
0.957072	21
0.957188	22
0.957307	23
0.95743	24
0.95756	25
0.957678	13
0.957797	14
0.957897	15
0.957998	16
0.958114	17
0.958198	18
0.958328	19
0.958463	20
0.958587	21
0.958694	22
0.958804	23
0.95892	24
0.95904	25
0.959146	26
0.959261	27
0.959382	14
0.959495	15
0.959608	16
0.959725	17
0.959848	18
0.959973	19
0.960099	20
0.96017	21
0.960294	22
0.96041	23
0.96053	24
0.960657	25
0.960788	13
0.960926	14
0.961035	15
0.961131	16
0.961243	17
0.96136	18
0.961481	19
0.961606	20
0.961722	21
0.961825	22
0.961934	23
0.96205	24
0.962166	25
0.962285	26
0.962369	14
0.962502	15
0.962622	16
0.962746	17
0.962857	18
0.962993	19
0.963099	20
0.96321	21
0.963311	22
0.963416	23
0.963527	24
0.963642	25
0.963763	26
0.963888	14
0.964005	14
0.96407	15
0.964188	16
0.964311	17
0.964437	18
0.964553	19
0.964676	20
0.964778	21
0.964898	22
0.965025	23
0.965154	24
0.96529	25
0.96543	13
0.965529	14
0.965636	15
0.965709	16
0.965813	17
0.965923	18
0.966037	19
0.966156	20
0.966264	21
0.966378	22
0.966501	23
0.966628	24
0.96676	25
0.966897	13
0.96699	14
0.967099	15
0.967195	16
0.967298	17
0.967375	18
0.967485	19
0.967601	20
0.967705	21
0.967814	22
0.967929	23
0.96805	24
0.968176	25
0.968305	13
0.968401	14
0.968509	15
0.968622	16
0.968741	17
0.968867	18
0.968998	19
0.969119	20
0.969244	21
0.969321	22
0.969452	23
0.969591	24
0.969717	13
0.969823	14
0.96989	15
0.969996	16
0.970107	17
0.970221	18
0.970339	19
0.970462	20
0.970587	21
0.970708	22
0.970834	23
0.970952	24
0.971073	25
0.971195	26
0.971277	14
0.971411	15
0.971497	16
0.971626	17
0.971739	18
0.971854	19
0.971976	20
0.972102	21
0.972216	22
0.972321	23
0.972431	24
0.972548	25
0.972669	26
0.972796	14
0.972921	15
0.972982	16
0.973104	17
0.973198	18
0.973329	19
0.973465	20
0.973586	21
0.973685	22
0.973788	23
0.973897	24
0.974011	25
0.97413	26
0.974254	14
0.974377	15
0.974486	16
0.974607	17
0.974683	18
0.974813	19
0.974942	20
0.975053	21
0.975127	22
0.975246	23
0.975371	24
0.975501	25
0.975637	13
0.975777	14
0.975897	15
0.976006	16
0.97612	17
0.976234	18
0.976359	19
0.976465	20
0.976569	21
0.97665	22
0.976765	23
0.976884	24
0.977007	25
0.977136	13
0.977229	14
0.977351	15
0.977476	16
0.977607	17
0.977727	18
0.977856	19
0.977975	20
0.978099	21
0.978227	22
0.978362	23
0.97848	24
0.978601	25
0.978729	26
0.978772	14
0.978905	15
0.979015	16
0.979129	17
0.979248	18
0.979372	19
0.979485	20
0.9796	21
0.979721	22
0.97985	23
0.979982	24
0.980123	25
0.980262	13
0.980377	14
0.980479	15
0.980502	16
0.980612	17
0.980728	18
0.980848	19
0.980957	20
0.981071	21
0.98119	22
0.981314	23
0.981443	24
0.981575	25
0.981698	13
0.981825	14
0.981942	15
0.982062	16
0.982174	17
0.98222	18
0.982355	19
0.98248	20
0.982587	21
0.982699	22
0.982815	23
0.982937	24
0.983063	25
0.983178	14
0.983295	14
0.983404	15
0.983519	16
0.983638	17
0.983761	18
0.983874	19
0.983978	20
0.9841	21
0.984166	22
0.9843	23
0.984424	24
0.984552	25
0.984686	13
0.984812	14
0.984925	15
0.985033	16
0.985146	17
0.985264	18
0.985387	19
0.985498	20
0.985615	21
0.985738	22
0.985865	23
0.985983	24
0.986096	25
0.986211	26
0.986266	14
0.986401	15
0.986525	16
0.986653	17
0.986771	18
0.986894	19
0.987021	20
0.987153	21
0.987276	22
0.987379	23
0.987489	24
0.987602	25
0.987722	26
0.987847	14
0.987978	15
0.988	16
0.988121	17
0.988235	18
0.988352	19
0.988473	20
0.988599	21
0.988716	22
0.988837	23
0.988964	24
0.989096	25
0.989233	13
0.989365	14
0.989475	15
0.989571	16
0.98967	17
0.989699	18
0.989811	19
0.989929	20
0.990051	21
0.990167	22
0.990283	23
0.990405	24
0.990531	25
0.990662	13
0.990798	14
0.990923	15
0.991038	16
0.991159	17
0.991284	18
0.991413	19
0.991544	20
0.991632	21
0.991674	22
0.991784	23
0.991899	24
0.992019	25
0.992144	26
0.992274	14
0.992394	15
0.992504	16
0.992618	17
0.992736	18
0.992858	19
0.992987	20
0.993105	21
0.993227	22
0.993356	23
0.993489	24
0.993625	25
0.993761	13
0.993871	14
0.99396	15
0.993998	16
0.994107	17
0.99422	18
0.994338	19
0.994462	20
0.994575	21
0.994691	22
0.994813	23
0.99494	24
0.995072	25
0.995196	13
0.995322	14
0.99543	15
0.995541	16
0.99566	17
0.995719	18
0.995852	19
0.995985	20
0.996093	21
0.996206	22
0.996324	23
0.996446	24
0.996559	25
0.996675	26
0.996795	14
0.996921	14
0.997028	15
0.997147	16
0.997261	17
0.99739	18
0.997509	19
0.997632	20
0.997685	21
0.997816	22
0.997953	23
0.998076	24
0.998187	25
0.998296	26
0.998411	14
0.998533	15
0.998641	16
0.998759	17
0.998883	18
0.998994	19
0.999103	20
0.999224	21
0.999337	22
0.999455	23
0.999577	24
0.999704	25
0.999836	13
0.999969	14
1.00005	15
1.00013	16
1.00024	17
1.00036	18
1.00047	19
1.00059	20
1.0007	21
1.00081	22
1.00093	23
1.00104	24
1.00117	25
1.0013	14
1.00143	15
1.00155	16
1.00162	17
1.00173	18
1.00184	19
1.00197	20
1.0021	21
1.00222	22
1.00235	23
1.00246	24
1.00258	25
1.0027	26
1.00283	14
1.00296	15
1.00306	16
1.00317	17
1.00329	18
1.00341	19
1.00348	20
1.0036	21
1.00371	22
1.00383	23
1.00396	24
1.00409	25
1.00423	14
1.00435	15
1.00445	16
1.00454	17
1.00466	18
1.00477	19
1.00489	20
1.00501	21
1.00513	22
1.00525	23
1.00537	24
1.0055	25
1.00564	14
1.00571	14
1.00581	15
1.00592	16
1.00604	17
1.00617	18
1.0063	19
1.00641	20
1.00652	21
1.00663	22
1.00675	23
1.00687	24
1.007	25
1.00712	14
1.00719	14
1.0073	15
1.00741	16
1.00753	17
1.00765	18
1.00778	19
1.0079	20
1.00802	21
1.00815	22
1.00828	23
1.00842	24
1.00852	13
1.00863	14
1.00868	15
1.00878	16
1.00889	17
1.009	18
1.00912	19
1.00924	20
1.00935	21
1.00947	22
1.0096	23
1.00973	24
1.00985	25
1.00998	26
1.0101	14
1.01023	15
1.01028	16
1.01041	17
1.01052	18
1.01062	19
1.01073	20
1.01084	21
1.01096	22
1.01108	23
1.0112	24
1.01132	25
1.01145	26
1.01158	14
1.01171	15
1.0118	16
1.01191	17
1.01199	18
1.01211	19
1.01224	20
1.01237	21
1.01249	22
1.0126	23
1.01271	24
1.01283	25
1.01295	26
1.01307	14
1.0132	15
1.01331	16
1.01342	17
1.01353	18
1.01364	19
1.01376	20
1.01388	21
1.01393	22
1.01406	23
1.01419	24
1.01432	25
1.01446	14
1.0146	14
1.01471	15
1.01481	16
1.01492	17
1.01503	18
1.01514	19
1.01526	20
1.01538	21
1.01548	22
1.0156	23
1.01573	24
1.01585	25
1.01599	13
1.01607	14
1.01618	15
1.01628	16
1.01639	17
1.0165	18
1.01661	19
1.01671	20
1.01682	21
1.01694	22
1.01706	23
1.01718	24
1.01731	25
1.01744	13
1.01749	14
1.0176	15
1.01772	16
1.01784	17
1.01795	18
1.01807	19
1.01819	20
1.01831	21
1.01845	22
1.01858	23
1.01871	24
1.01883	25
1.01895	13
1.01899	14
1.01909	15
1.01921	16
1.01933	17
1.01944	18
1.01955	19
1.01967	20
1.0198	21
1.01992	22
1.02006	23
1.0202	24
1.02033	13
1.02043	14
1.02046	15
1.02056	16
1.02068	17
1.0208	18
1.0209	19
1.02102	20
1.02114	21
1.02126	22
1.02139	23
1.02152	24
1.02165	25
1.02177	13
1.0219	14
1.02202	15
1.02204	16
1.02216	17
1.02228	18
1.0224	19
1.02253	20
1.02267	21
1.02278	22
1.02291	23
1.02304	24
1.02316	25
1.02328	26
1.02341	14
1.02353	15
1.02364	16
1.02375	17
1.02379	18
1.02391	19
1.02404	20
1.02417	21
1.02431	22
1.02444	23
1.02455	24
1.02467	25
1.0248	26
1.02491	14
1.02503	15
1.02512	16
1.02524	17
1.02536	18
1.02548	19
1.02561	20
1.02574	21
1.02579	22
1.02591	23
1.02604	24
1.02617	25
1.0263	13
1.02643	14
1.02655	15
1.02667	16
1.0268	17
1.02693	18
1.02705	19
1.02717	20
1.02728	21
1.0274	22
1.02753	23
1.02764	24
1.02776	25
1.02788	26
1.02793	14
1.02806	14
1.02818	15
1.02831	16
1.02844	17
1.02857	18
1.0287	19
1.02882	20
1.02891	21
1.02902	22
1.02913	23
1.02925	24
1.02937	25
1.02949	26
1.02955	14
1.02968	14
1.0298	15
1.02993	16
1.03005	17
1.03017	18
1.0303	19
1.03042	20
1.03054	21
1.03067	22
1.0308	23
1.03094	24
1.03106	13
1.03117	14
1.03121	15
1.03133	16
1.03145	17
1.03157	18
1.03169	19
1.03179	20
1.03191	21
1.03203	22
1.03215	23
1.03228	24
1.03241	25
1.03255	13
1.03268	14
1.03278	15
1.03282	16
1.03292	17
1.03304	18
1.03315	19
1.03328	20
1.03339	21
1.0335	22
1.03362	23
1.03375	24
1.03388	25
1.03401	13
1.03412	14
1.03424	15
1.03436	16
1.03447	17
1.03454	18
1.03466	19
1.03479	20
1.03492	21
1.03505	22
1.03517	23
1.0353	24
1.03542	25
1.03553	13
1.03565	14
1.03576	15
1.03587	16
1.03599	17
1.03611	18
1.03623	19
1.03634	20
1.03645	21
1.03654	22
1.03667	23
1.0368	24
1.03692	25
1.03704	26
1.03713	14
1.03725	15
1.03736	16
1.03747	17
1.03758	18
1.03769	19
1.03782	20
1.03794	21
1.03807	22
1.03821	23
1.03833	24
1.03846	25
1.03858	13
1.03871	14
1.03879	15
1.03883	16
1.03894	17
1.03905	18
1.03916	19
1.03928	20
1.03941	21
1.03954	22
1.03968	23
1.0398	24
1.03992	25
1.04004	26
1.04017	14
1.04028	15
1.04039	16
1.04051	17
1.04057	18
1.0407	19
1.04084	20
1.04096	21
1.04107	22
1.04119	23
1.04132	24
1.04144	25
1.04156	26
1.04168	14
1.04181	14
1.04191	15
1.04203	16
1.04215	17
1.04229	18
1.04241	19
1.04253	20
1.04259	21
1.04272	22
1.04284	23
1.04295	24
1.04306	25
1.04318	26
1.04331	14
1.04343	14
1.04353	15
1.04365	16
1.04378	17
1.04391	18
1.04402	19
1.04414	20
1.04426	21
1.04438	22
1.0445	23
1.04463	24
1.04477	25
1.04491	13
1.04496	14
1.04507	15
1.04517	16
1.04528	17
1.04539	18
1.04551	19
1.04563	20
1.04574	21
1.04587	22
1.04599	23
1.04612	24
1.04625	25
1.04639	13
1.04644	14
1.04654	15
1.04664	16
1.04675	17
1.04685	18
1.04697	19
1.04709	20
1.04721	21
1.04732	22
1.04745	23
1.04757	24
1.0477	25
1.04784	13
1.04789	14
1.048	15
1.04811	16
1.04822	17
1.04833	18
1.04844	19
1.04856	20
1.04867	21
1.04879	22
1.04891	23
1.04903	24
1.04916	25
1.04928	13
1.04933	14
1.04944	15
1.04956	16
1.04968	17
1.04981	18
1.04994	19
1.05007	20
1.05017	21
1.05029	22
1.05041	23
1.05053	24
1.05066	25
1.05078	13
1.05082	14
1.05093	15
1.05104	16
1.05116	17
1.05129	18
1.05142	19
1.05154	20
1.05166	21
1.05179	22
1.05192	23
1.05206	24
1.05218	12
1.05229	13
1.05231	14
1.05242	15
1.05254	16
1.05265	17
1.05278	18
1.05291	19
1.05302	20
1.05315	21
1.05327	22
1.0534	23
1.05353	24
1.05365	25
1.05377	13
1.05382	14
1.05395	15
1.05406	16
1.05417	17
1.05429	18
1.05442	19
1.05453	20
1.05465	21
1.05477	22
1.0549	23
1.05502	24
1.05514	25
1.05527	26
1.0553	13
1.05544	14
1.05556	15
1.05569	16
1.05581	17
1.05591	18
1.05602	19
1.05614	20
1.05626	21
1.05638	22
1.05649	23
1.05661	24
1.05674	25
1.05687	13
1.0569	14
1.05702	15
1.05715	16
1.05728	17
1.0574	18
1.05753	19
1.05766	20
1.05778	21
1.05789	22
1.05801	23
1.05813	24
1.05825	25
1.05838	26
1.05841	14
1.05855	15
1.05867	16
1.05879	17
1.05891	18
1.05903	19
1.05915	20
1.05927	21
1.05939	22
1.05953	23
1.05966	24
1.05979	25
1.05992	13
1.06005	14
1.06016	15
1.06018	16
1.06029	17
1.06041	18
1.06054	19
1.06065	20
1.06077	21
1.06089	22
1.06102	23
1.06116	24
1.06129	25
1.06142	13
1.06154	14
1.06163	15
1.06173	16
1.06183	17
1.06186	18
1.06198	19
1.06209	20
1.06221	21
1.06234	22
1.06247	23
1.06261	24
1.06275	13
1.06287	14
1.06297	15
1.06306	16
1.06317	17
1.06328	18
1.06339	19
1.06351	20
1.06363	21
1.06376	22
1.0638	23
1.06394	24
1.06408	13
1.06421	14
1.0643	15
1.0644	16
1.0645	17
1.06461	18
1.06472	19
1.06483	20
1.06496	21
1.06508	22
1.06521	23
1.06534	24
1.06547	25
1.06559	14
1.06564	15
1.06575	16
1.06587	17
1.06599	18
1.06611	19
1.06624	20
1.06638	21
1.06651	22
1.06664	23
1.06676	24
1.06688	25
1.06701	14
1.06714	15
1.06725	16
1.06727	17
1.06739	18
1.06751	19
1.06764	20
1.06777	21
1.06791	22
1.06803	23
1.06814	24
1.06826	25
1.06838	26
1.06851	15
1.06864	16
1.06875	17
1.06887	18
1.06898	19
1.0691	20
1.06915	21
1.06928	22
1.0694	23
1.06953	24
1.06966	25
1.06979	14
1.06993	15
1.07004	16
1.07015	17
1.07025	18
1.07037	19
1.07048	20
1.0706	21
1.07073	22
1.07085	23
1.07097	24
1.0711	25
1.07123	14
1.07136	15
1.07149	16
1.07152	17
1.07163	18
1.07174	19
1.07186	20
1.07197	21
1.0721	22
1.07221	23
1.07233	24
1.07245	25
1.07258	15
1.07271	16
1.07283	17
1.07295	18
1.07308	19
1.07321	20
1.07332	21
1.07337	22
1.0735	23
1.07362	24
1.07376	25
1.07389	15
1.07401	15
1.07413	16
1.07424	17
1.07437	18
1.07449	19
1.07461	20
1.07474	21
1.07485	22
1.07497	23
1.07509	24
1.07522	25
1.07536	14
1.0755	15
1.07561	16
1.07563	17
1.07575	18
1.07587	19
1.076	20
1.07613	21
1.07624	22
1.07635	23
1.07647	24
1.07659	25
1.07672	15
1.07686	16
1.07698	17
1.07711	18
1.07724	19
1.07738	20
1.0775	21
1.07753	22
1.07764	23
1.07774	24
1.07786	25
1.07798	26
1.0781	15
1.07823	16
1.07835	17
1.07848	18
1.07861	19
1.07874	20
1.07887	21
1.07899	22
1.07911	23
1.07923	24
1.07936	25
1.0795	15
1.07962	15
1.07974	16
1.07984	17
1.07996	18
1.07999	19
1.08012	20
1.08024	21
1.08036	22
1.08047	23
1.08059	24
1.08072	25
1.08085	15
1.08098	16
1.08111	17
1.08124	18
1.08137	19
1.0815	20
1.08161	21
1.08171	22
1.08182	23
1.08193	24
1.08204	25
1.08209	26
1.08221	15
1.08235	16
1.08247	17
1.08259	18
1.08272	19
1.08286	20
1.08299	21
1.0831	22
1.08323	23
1.08335	24
1.08349	25
1.08362	15
1.08374	15
1.08385	16
1.08397	17
1.08408	18
1.08411	19
1.08424	20
1.08437	21
1.08448	22
1.0846	23
1.08471	24
1.08484	25
1.08496	15
1.0851	16
1.08522	17
1.08535	18
1.08549	19
1.08562	20
1.08573	21
1.08583	22
1.08594	23
1.08604	24
1.08615	25
1.0862	26
1.08632	16
1.08645	16
1.08657	17
1.08669	18
1.08682	19
1.08695	20
1.08709	21
1.08721	22
1.08733	23
1.08745	24
1.08758	25
1.08772	15
1.08785	16
1.08796	17
1.08807	18
1.08818	19
1.08822	20
1.08835	21
1.08847	22
1.08861	23
1.08872	24
1.08883	25
1.08895	26
1.08907	15
1.0892	16
1.08932	17
1.08945	18
1.08958	19
1.08971	20
1.08985	21
1.08997	22
1.09007	23
1.09018	24
1.09027	25
1.09039	26
1.09045	15
1.09057	16
1.09068	17
1.0908	18
1.09092	19
1.09104	20
1.09118	21
1.09131	22
1.09145	23
1.09155	24
1.09165	25
1.09176	26
1.09187	27
1.09199	16
1.09211	17
1.09221	18
1.09225	19
1.09237	20
1.0925	21
1.09263	22
1.09276	23
1.09288	24
1.093	25
1.09312	26
1.09325	15
1.09338	16
1.0935	17
1.09362	18
1.09375	19
1.09389	20
1.09402	21
1.09414	22
1.09424	23
1.09436	24
1.09441	25
1.09452	26
1.09464	27
1.09476	16
1.09488	16
1.095	17
1.09512	18
1.09524	19
1.09537	20
1.09551	21
1.09565	22
1.09576	23
1.09587	24
1.09598	25
1.09608	26
1.0962	27
1.09631	15
1.09644	16
1.09654	17
1.09658	18
1.0967	19
1.09682	20
1.09695	21
1.09707	22
1.0972	23
1.09733	24
1.09745	25
1.09757	26
1.0977	15
1.09784	16
1.09797	17
1.09808	18
1.09819	19
1.0983	20
1.09841	21
1.09853	22
1.09859	23
1.09871	24
1.09882	25
1.09894	26
1.09907	15
1.09919	15
1.09931	16
1.09943	17
1.09956	18
1.09969	19
1.09983	20
1.09994	21
1.10005	22
1.10015	23
1.10026	24
1.10037	25
1.10048	26
1.1006	15
1.10072	15
1.10077	16
1.10089	17
1.10101	18
1.10114	19
1.10126	20
1.10139	21
1.1015	22
1.10163	23
1.10175	24
1.10188	25
1.10202	14
1.10214	15
1.10225	16
1.10234	17
1.10245	18
1.10252	19
1.10263	20
1.10275	21
1.10288	22
1.10301	23
1.10313	24
1.10325	25
1.10338	14
1.10352	15
1.10364	16
1.10377	17
1.10391	18
1.10401	19
1.10412	20
1.10422	21
1.10433	22
1.10445	23
1.10456	24
1.10463	25
1.10475	26
1.10488	15
1.10501	15
1.10513	16
1.10526	17
1.10537	18
1.1055	19
1.10562	20
1.10575	21
1.10589	22
1.106	23
1.10611	24
1.10623	25
1.10635	26
1.10648	14
1.10658	15
1.10664	16
1.10675	17
1.10687	18
1.10699	19
1.10712	20
1.10725	21
1.10737	22
1.1075	23
1.10763	24
1.10777	25
1.10791	14
1.10803	15
1.10813	16
1.1082	17
1.10831	18
1.10838	19
1.1085	20
1.10863	21
1.10876	22
1.1089	23
1.10902	24
1.10916	25
1.10928	14
1.10941	15
1.10951	16
1.10961	17
1.10972	18
1.10983	19
1.10995	20
1.11004	21
1.11017	22
1.1103	23
1.11042	24
1.11049	25
1.11062	14
1.11074	15
1.11085	16
1.11097	17
1.11109	18
1.11122	19
1.11135	20
1.11148	21
1.11162	22
1.11175	23
1.11186	24
1.11197	25
1.11208	26
1.1122	27
1.11232	15
1.11236	16
1.11248	17
1.1126	18
1.11273	19
1.11286	20
1.11299	21
1.11314	22
1.11325	23
1.11335	24
1.11345	25
1.11356	26
1.11368	27
1.1138	15
1.11392	16
1.11404	17
1.11406	18
1.11418	19
1.1143	20
1.11444	21
1.11457	22
1.1147	23
1.11481	24
1.11492	25
1.11502	26
1.11514	27
1.11526	15
1.11538	16
1.11549	17
1.11561	18
1.11573	19
1.11585	20
1.11598	21
1.11601	22
1.11613	23
1.11625	24
1.11637	25
1.11649	26
1.11662	14
1.11676	15
1.11688	16
1.11701	17
1.11714	18
1.11728	19
1.11739	20
1.11751	21
1.11763	22
1.11775	23
1.11786	24
1.11799	25
1.11811	26
1.11824	14
1.11837	15
1.1184	16
1.11852	17
1.11864	18
1.11876	19
1.11889	20
1.11902	21
1.11916	22
1.11927	23
1.11938	24
1.1195	25
1.11962	26
1.11975	14
1.11988	15
1.11999	16
1.1201	17
1.12012	18
1.12024	19
1.12036	20
1.12049	21
1.12063	22
1.12075	23
1.12088	24
1.12101	25
1.12115	13
1.12126	14
1.12137	15
1.12147	16
1.12158	17
1.1217	18
1.12182	19
1.12194	20
1.12207	21
1.1221	22
1.12223	23
1.12235	24
1.12248	25
1.12261	14
1.12274	15
1.12286	16
1.12298	17
1.12311	18
1.12325	19
1.12337	20
1.12349	21
1.12362	22
1.12374	23
1.12385	24
1.12397	25
1.12409	26
1.12422	14
1.12435	15
1.12437	16
1.12449	17
1.12462	18
1.12475	19
1.12489	20
1.12502	21
1.12512	22
1.12523	23
1.12534	24
1.12546	25
1.12558	26
1.12571	14
1.12584	15
1.12596	16
1.12608	17
1.12611	18
1.12624	19
1.12638	20
1.12649	21
1.12661	22
1.12672	23
1.12683	24
1.12695	25
1.12707	26
1.1272	14
1.12734	15
1.12746	16
1.12759	17
1.12772	18
1.12783	19
1.12794	20
1.12804	21
1.12809	22
1.12822	23
1.12835	24
1.12848	25
1.1286	14
1.12873	14
1.12885	15
1.12897	16
1.1291	17
1.12922	18
1.12932	19
1.12944	20
1.12956	21
1.12968	22
1.12981	23
1.12995	24
1.13009	25
1.13021	13
1.13025	14
1.13037	15
1.13046	16
1.13056	17
1.13067	18
1.13078	19
1.1309	20
1.13102	21
1.13114	22
1.13127	23
1.13141	24
1.13155	14
1.13167	14
1.1317	15
1.13179	16
1.13189	17
1.132	18
1.13211	19
1.13223	20
1.13235	21
1.13248	22
1.13261	23
1.13275	24
1.13288	25
1.13301	14
1.13312	15
1.13321	16
1.13324	17
1.13335	18
1.13346	19
1.13357	20
1.13369	21
1.13381	22
1.13394	23
1.13408	24
1.1342	25
1.13432	14
1.13444	15
1.13455	16
1.13467	17
1.13479	18
1.13491	19
1.13505	20
1.13509	21
1.13523	22
1.13535	23
1.13547	24
1.13559	25
1.13571	26
1.13583	15
1.13595	15
1.13607	16
1.13619	17
1.13631	18
1.13644	19
1.13657	20
1.13671	21
1.13682	22
1.13694	23
1.13705	24
1.13716	25
1.13728	26
1.1374	14
1.13745	15
1.13756	16
1.13768	17
1.13781	18
1.13794	19
1.13806	20
1.13819	21
1.13831	22
1.13843	23
1.13856	24
1.1387	25
1.13883	14
1.13896	15
1.13907	16
1.13911	17
1.13923	18
1.13935	19
1.13946	20
1.13958	21
1.1397	22
1.13981	23
1.13994	24
1.14007	25
1.1402	14
1.14034	15
1.14047	16
1.14058	17
1.14069	18
1.1408	19
1.14092	20
1.14095	21
1.14107	22
1.14119	23
1.14131	24
1.14143	25
1.14156	14
1.14169	15
1.14181	16
1.14194	17
1.14207	18
1.14219	19
1.14231	20
1.14243	21
1.14255	22
1.14269	23
1.14282	24
1.14294	14
1.14307	15
1.14318	16
1.14329	17
1.14335	18
1.14346	19
1.14358	20
1.1437	21
1.14381	22
1.14394	23
1.14406	24
1.1442	25
1.14434	14
1.14448	15
1.14457	16
1.14468	17
1.14479	18
1.1449	19
1.14502	20
1.14512	21
1.14523	22
1.14529	23
1.14542	24
1.14554	25
1.14568	14
1.1458	15
1.14591	16
1.14603	17
1.14615	18
1.14628	19
1.1464	20
1.14653	21
1.14666	22
1.1468	23
1.14693	24
1.14705	25
1.14717	15
1.14729	16
1.1474	17
1.14743	18
1.14755	19
1.14767	20
1.14779	21
1.14791	22
1.14804	23
1.14816	24
1.1483	25
1.14843	15
1.14856	15
1.14868	16
1.14881	17
1.14893	18
1.14906	19
1.14919	20
1.14932	21
1.14943	22
1.14949	23
1.1496	24
1.14971	25
1.14983	26
1.14996	15
1.15008	16
1.15019	17
1.15031	18
1.15043	19
1.15055	20
1.15068	21
1.15081	22
1.15094	23
1.15107	24
1.1512	25
1.15133	14
1.15145	15
1.15154	16
1.15165	17
1.15176	18
1.1518	19
1.15192	20
1.15205	21
1.15217	22
1.1523	23
1.15242	24
1.15254	25
1.15267	26
1.15279	15
1.15292	16
1.15304	17
1.15317	18
1.1533	19
1.15344	20
1.15355	21
1.15365	22
1.15375	23
1.15385	24
1.15391	25
1.15403	26
1.15415	15
1.15428	16
1.1544	17
1.15452	18
1.15464	19
1.15477	20
1.15488	21
1.15499	22
1.15511	23
1.15524	24
1.15537	25
1.1555	14
1.15564	15
1.15577	16
1.15587	17
1.15598	18
1.15603	19
1.15614	20
1.15626	21
1.15637	22
1.15649	23
1.1566	24
1.15673	25
1.15685	14
1.15699	15
1.1571	16
1.15721	17
1.15734	18
1.15746	19
1.15759	20
1.15772	21
1.15784	22
1.15797	23
1.15809	24
1.15816	14
1.15827	15
1.15837	16
1.15847	17
1.15858	18
1.15869	19
1.15881	20
1.15893	21
1.15905	22
1.15917	23
1.1593	24
1.15943	25
1.15955	14
1.15967	15
1.15978	16
1.15983	17
1.15995	18
1.16008	19
1.16022	20
1.16034	21
1.16045	22
1.16056	23
1.16067	24
1.16078	25
1.16089	26
1.16101	16
1.16113	16
1.16124	17
1.16136	18
1.16148	19
1.1616	20
1.16166	21
1.16178	22
1.16189	23
1.16201	24
1.16214	25
1.16227	15
1.1624	16
1.16252	17
1.16266	18
1.16278	19
1.16291	20
1.16302	21
1.16313	22
1.16324	23
1.16335	24
1.16346	25
1.16358	26
1.1637	16
1.16382	17
1.16391	18
1.16399	19
1.16412	20
1.16425	21
1.16437	22
1.16449	23
1.16461	24
1.16473	25
1.16486	15
1.16499	16
1.16512	17
1.16523	18
1.16534	19
1.16545	20
1.16556	21
1.16567	22
1.16579	23
1.16589	24
1.16601	25
1.16607	26
1.1662	16
1.16632	17
1.16644	18
1.16657	19
1.16669	20
1.16681	21
1.16694	22
1.16707	23
1.1672	24
1.16734	25
1.16745	15
1.16756	16
1.16766	17
1.16777	18
1.16789	19
1.16801	20
1.1681	21
1.16816	22
1.16828	23
1.1684	24
1.16853	25
1.16866	15
1.16878	16
1.16889	17
1.16901	18
1.16913	19
1.16926	20
1.1694	21
1.16952	22
1.16964	23
1.16976	24
1.16988	25
1.17	26
1.17013	15
1.17026	16
1.17037	17
1.17047	18
1.17051	19
1.17063	20
1.17075	21
1.17086	22
1.17099	23
1.17111	24
1.17125	25
1.17138	15
1.17152	15
1.17164	16
1.17174	17
1.17184	18
1.17195	19
1.17207	20
1.17217	21
1.17228	22
1.17239	23
1.1725	24
1.17256	25
1.17269	15
1.17283	15
1.17295	16
1.17308	17
1.17319	18
1.1733	19
1.17341	20
1.17353	21
1.17366	22
1.17379	23
1.17393	24
1.17406	25
1.17418	14
1.17431	15
1.17441	16
1.17444	17
1.17456	18
1.17468	19
1.1748	20
1.17492	21
1.17503	22
1.17516	23
1.17528	24
1.17542	25
1.17555	14
1.17568	15
1.1758	16
1.17592	17
1.17605	18
1.17618	19
1.17628	20
1.17633	21
1.17644	22
1.17656	23
1.17668	24
1.1768	25
1.17692	26
1.17704	15
1.17717	16
1.17728	17
1.1774	18
1.17753	19
1.17766	20
1.17779	21
1.17792	22
1.17805	23
1.17817	24
1.17829	25
1.17842	14
1.17855	15
1.17863	16
1.1787	17
1.17881	18
1.17893	19
1.17906	20
1.17918	21
1.17932	22
1.17943	23
1.17954	24
1.17966	25
1.17979	26
1.17992	14
1.18005	15
1.18013	16
1.18025	17
1.18037	18
1.1805	19
1.1806	20
1.18071	21
1.18081	22
1.18092	23
1.18103	24
1.18115	25
1.18127	26
1.18139	14
1.18151	15
1.18163	16
1.18175	17
1.18185	18
1.18197	19
1.1821	20
1.18221	21
1.18232	22
1.18245	23
1.18258	24
1.18271	25
1.18282	14
1.18294	15
1.18305	16
1.18314	17
1.18325	18
1.18336	19
1.18347	20
1.1836	21
1.18372	22
1.18382	23
1.18394	24
1.18407	25
1.1842	14
1.18433	15
1.18445	16
1.18453	17
1.18465	18
1.18478	19
1.18491	20
1.18502	21
1.18514	22
1.18525	23
1.18537	24
1.18549	25
1.18561	26
1.18574	14
1.18586	15
1.18595	16
1.18606	17
1.18618	18
1.1863	19
1.18638	20
1.1865	21
1.18663	22
1.18676	23
1.18689	24
1.18703	25
1.18715	13
1.18727	14
1.18736	15
1.18746	16
1.18757	17
1.18766	18
1.18778	19
1.18791	20
1.18803	21
1.18815	22
1.18828	23
1.1884	24
1.18851	25
1.18862	14
1.18875	15
1.18886	16
1.18897	17
1.1891	18
1.18923	19
1.18935	20
1.18945	21
1.18955	22
1.18967	23
1.18979	24
1.18991	25
1.19003	26
1.19015	14
1.19027	15
1.19035	16
1.19047	17
1.19058	18
1.19071	19
1.19084	20
1.19096	21
1.19109	22
1.19122	23
1.19135	24
1.19148	25
1.19161	14
1.19173	15
1.19184	16
1.19192	17
1.19204	18
1.19212	19
1.19225	20
1.19236	21
1.19249	22
1.19261	23
1.19274	24
1.19286	25
1.19299	26
1.19312	14
1.19325	15
1.19335	16
1.19346	17
1.19358	18
1.19368	19
1.1938	20
1.19391	21
1.19402	22
1.19413	23
1.19422	24
1.19434	25
1.19446	26
1.19459	14
1.19472	15
1.19483	16
1.19495	17
1.19509	18
1.19522	19
1.19535	20
1.19545	21
1.19555	22
1.19565	23
1.19575	24
1.19586	25
1.19597	26
1.1961	14
1.19623	15
1.1963	16
1.19642	17
1.19655	18
1.19668	19
1.1968	20
1.19691	21
1.19703	22
1.19715	23
1.19728	24
1.19741	25
1.19755	13
1.19767	14
1.19777	15
1.19787	16
1.19798	17
1.19806	18
1.19819	19
1.1983	20
1.19841	21
1.19852	22
1.19863	23
1.19875	24
1.19888	25
1.19901	13
1.19914	14
1.19927	15
1.19938	16
1.1995	17
1.19961	18
1.19972	19
1.19982	20
1.19992	21
1.2	22
1.20011	23
1.20022	24
1.20034	25
1.20046	26
1.20058	14
1.20072	15
1.20084	16
1.20097	17
1.20107	18
1.20118	19
1.20128	20
1.2014	21
1.20152	22
1.20165	23
1.20178	24
1.20192	25
1.20205	13
1.20217	14
1.20229	15
1.20233	16
1.20244	17
1.20255	18
1.20267	19
1.20279	20
1.2029	21
1.20302	22
1.20314	23
1.20327	24
1.20339	25
1.20351	13
1.20364	14
1.20375	15
1.20385	16
1.20395	17
1.204	18
1.20411	19
1.20423	20
1.20435	21
1.20446	22
1.20457	23
1.20469	24
1.20481	25
1.20494	14
1.20506	15
1.20516	16
1.20528	17
1.2054	18
1.20552	19
1.20565	20
1.20579	21
1.20591	22
1.20595	23
1.20607	24
1.20618	25
1.2063	26
1.20643	14
1.20654	15
1.20663	16
1.20674	17
1.20685	18
1.20697	19
1.2071	20
1.20723	21
1.20736	22
1.20749	23
1.20762	24
1.20774	25
1.20786	14
1.20799	15
1.20811	16
1.20816	17
1.20828	18
1.2084	19
1.20851	20
1.20864	21
1.20876	22
1.20888	23
1.209	24
1.20913	25
1.20926	14
1.20938	15
1.20949	16
1.20961	17
1.20973	18
1.20986	19
1.21	20
1.21004	21
1.21018	22
1.21029	23
1.2104	24
1.21051	25
1.21064	26
1.21075	15
1.21087	16
1.21098	17
1.2111	18
1.21122	19
1.21134	20
1.21147	21
1.2116	22
1.21172	23
1.21186	24
1.21198	25
1.21211	15
1.21222	15
1.21232	16
1.21236	17
1.21246	18
1.21257	19
1.21269	20
1.21282	21
1.21294	22
1.21308	23
1.2132	24
1.21333	25
1.21345	15
1.21357	15
1.21369	16
1.21381	17
1.21393	18
1.21406	19
1.2142	20
1.21425	21
1.21437	22
1.21449	23
1.21461	24
1.21472	25
1.21485	26
1.21496	15
1.21509	16
1.21519	17
1.21531	18
1.21543	19
1.21556	20
1.21569	21
1.21583	22
1.21597	23
1.21607	24
1.21618	25
1.21628	26
1.2164	27
1.21652	15
1.21658	16
1.21668	17
1.21679	18
1.2169	19
1.21703	20
1.21715	21
1.21729	22
1.21743	23
1.21754	24
1.21765	25
1.21775	26
1.21787	27
1.21798	15
1.2181	16
1.21821	17
1.21826	18
1.21838	19
1.21849	20
1.21861	21
1.21874	22
1.21886	23
1.21899	24
1.21911	25
1.21923	26
1.21935	15
1.21949	15
1.21961	16
1.21974	17
1.21987	18
1.22	19
1.22012	20
1.22023	21
1.22028	22
1.2204	23
1.22053	24
1.22065	25
1.22076	14
1.22089	15
1.221	16
1.22111	17
1.22124	18
1.22136	19
1.2215	20
1.22164	21
1.22176	22
1.22188	23
1.222	24
1.22212	25
1.22224	15
1.22235	16
1.22246	17
1.2225	18
1.22261	19
1.22274	20
1.22286	21
1.223	22
1.22312	23
1.22325	24
1.22338	25
1.22352	14
1.22363	15
1.22373	16
1.22383	17
1.22394	18
1.22405	19
1.22417	20
1.22429	21
1.22442	22
1.22446	23
1.22458	24
1.22471	25
1.22484	14
1.22497	15
1.22508	16
1.2252	17
1.22532	18
1.22544	19
1.22557	20
1.22571	21
1.22585	22
1.22595	23
1.22607	24
1.22619	25
1.22631	26
1.22644	15
1.22657	16
1.2266	17
1.22671	18
1.22683	19
1.22695	20
1.22708	21
1.22721	22
1.22733	23
1.22746	24
1.22759	25
1.22773	14
1.22785	15
1.22796	16
1.22807	17
1.22817	18
1.22828	19
1.22839	20
1.22843	21
1.22856	22
1.22869	23
1.22881	24
1.22893	25
1.22906	14
1.2292	15
1.22932	16
1.22945	17
1.22957	18
1.22969	19
1.2298	20
1.22992	21
1.23003	22
1.23016	23
1.23027	24
1.23038	25
1.2305	26
1.23063	15
1.23076	16
1.23081	17
1.23094	18
1.23105	19
1.23117	20
1.2313	21
1.23143	22
1.23155	23
1.23168	24
1.23181	25
1.23195	14
1.23207	15
1.23218	16
1.2323	17
1.23241	18
1.23253	19
1.23265	20
1.2327	21
1.2328	22
1.23292	23
1.23303	24
1.23316	25
1.23328	15
1.23341	15
1.23354	16
1.23366	17
1.2338	18
1.23394	19
1.23406	20
1.23416	21
1.23426	22
1.23436	23
1.23447	24
1.23459	25
1.23471	26
1.23484	15
1.23497	16
1.23501	17
1.23513	18
1.23526	19
1.23538	20
1.23551	21
1.23564	22
1.23577	23
1.23589	24
1.23602	25
1.23616	14
1.23628	15
1.23639	16
1.23651	17
1.23663	18
1.23675	19
1.23687	20
1.23689	21
1.23702	22
1.23715	23
1.23728	24
1.2374	25
1.23753	15
1.23766	16
1.23778	17
1.23791	18
1.23805	19
1.23817	20
1.23828	21
1.23839	22
1.23851	23
1.23863	24
1.23875	25
1.23888	15
1.239	15
1.23911	16
1.23923	17
1.23925	18
1.23938	19
1.23949	20
1.23961	21
1.23973	22
1.23986	23
1.24	24
1.24013	25
1.24028	14
1.24039	15
1.24049	16
1.2406	17
1.24071	18
1.24082	19
1.24093	20
1.24104	21
1.24116	22
1.24121	23
1.24133	24
1.24146	25
1.2416	14
1.24174	15
1.24185	16
1.24194	17
1.24204	18
1.24213	19
1.24224	20
1.24234	21
1.24246	22
1.24257	23
1.2427	24
1.24283	25
1.24296	14
1.2431	15
1.2432	16
1.24323	17
1.24333	18
1.24345	19
1.24356	20
1.24368	21
1.24381	22
1.24394	23
1.24408	24
1.24422	14
1.24434	15
1.24445	16
1.24455	17
1.24467	18
1.24478	19
1.24489	20
1.245	21
1.24505	22
1.24517	23
1.24529	24
1.24542	25
1.24556	14
1.24568	15
1.2458	16
1.24592	17
1.24604	18
1.24617	19
1.24629	20
1.2464	21
1.24651	22
1.24662	23
1.24674	24
1.24686	25
1.24699	15
1.24711	16
1.24722	17
1.24727	18
1.24739	19
1.24751	20
1.24763	21
1.24776	22
1.24789	23
1.24801	24
1.24815	25
1.24828	15
1.24839	16
1.24849	17
1.2486	18
1.24871	19
1.24881	20
1.24893	21
1.24906	22
1.24918	23
1.24925	24
1.24938	25
1.24951	15
1.24964	16
1.24975	17
1.24986	18
1.24997	19
1.25009	20
1.25022	21
1.25036	22
1.25048	23
1.25061	24
1.25072	25
1.25084	26
1.25097	15
1.25109	16
1.25121	17
1.25132	18
1.25137	19
1.25149	20
1.25161	21
1.25174	22
1.25187	23
1.25201	24
1.25213	15
1.25224	15
1.25234	16
1.25245	17
1.25256	18
1.25268	19
1.25279	20
1.2529	21
1.25301	22
1.25313	23
1.25326	24
1.25339	25
1.25347	15
1.25359	16
1.2537	17
1.25381	18
1.25394	19
1.25407	20
1.25419	21
1.25431	22
1.25442	23
1.25453	24
1.25465	25
1.25478	26
1.2549	15
1.25503	16
1.25514	17
1.25525	18
1.2553	19
1.25543	20
1.25555	21
1.25566	22
1.25579	23
1.25591	24
1.25604	25
1.25618	15
1.25632	16
1.25643	17
1.25653	18
1.25664	19
1.25674	20
1.25686	21
1.25698	22
1.2571	23
1.25721	24
1.25733	25
1.2574	26
1.25753	15
1.25766	16
1.25778	17
1.25791	18
1.25802	19
1.25814	20
1.25827	21
1.2584	22
1.25854	23
1.25865	24
1.25876	25
1.25888	26
1.25899	15
1.25912	16
1.25923	17
1.25934	18
1.2594	19
1.25953	20
1.25965	21
1.25977	22
1.2599	23
1.26003	24
1.26016	25
1.26027	26
1.26038	27
1.2605	15
1.26063	16
1.26073	17
1.26085	18
1.26097	19
1.26108	20
1.26119	21
1.26132	22
1.26144	23
1.2615	24
1.26162	25
1.26174	26
1.26187	15
1.26201	16
1.26214	17
1.26225	18
1.26236	19
1.26249	20
1.26259	21
1.26271	22
1.26282	23
1.26295	24
1.26308	25
1.2632	14
1.26333	15
1.26345	16
1.26357	17
1.26369	18
1.26375	19
1.26388	20
1.26402	21
1.26413	22
1.26424	23
1.26436	24
1.26448	25
1.2646	26
1.26472	14
1.26484	15
1.26495	16
1.26507	17
1.26519	18
1.26532	19
1.26545	20
1.26558	21
1.2657	22
1.2658	23
1.26585	24
1.26596	25
1.26607	26
1.26619	15
1.26631	16
1.26641	17
1.26653	18
1.26665	19
1.26678	20
1.26691	21
1.26703	22
1.26716	23
1.26727	24
1.26739	25
1.26752	26
1.26765	15
1.26779	16
1.26789	17
1.268	18
1.26805	19
1.26817	20
1.26829	21
1.26842	22
1.26854	23
1.26865	24
1.26877	25
1.26889	26
1.26901	15
1.26914	16
1.26927	17
1.26939	18
1.26952	19
1.26965	20
1.26978	21
1.26991	22
1.27002	23
1.27012	24
1.27017	25
1.27029	26
1.2704	15
1.27052	16
1.27064	17
1.27075	18
1.27087	19
1.271	20
1.27114	21
1.27128	22
1.2714	23
1.2715	24
1.27161	25
1.27172	26
1.27184	27
1.27196	15
1.27209	16
1.2722	17
1.27224	18
1.27236	19
1.27249	20
1.27262	21
1.27275	22
1.27289	23
1.273	24
1.27311	25
1.27321	26
1.27333	27
1.27344	15
1.27357	16
1.27368	17
1.2738	18
1.27391	19
1.27404	20
1.27416	21
1.27423	22
1.27437	23
1.27448	24
1.27458	25
1.27468	26
1.27479	27
1.2749	15
1.27502	16
1.27512	17
1.27523	18
1.27535	19
1.27548	20
1.27561	21
1.27574	22
1.27586	23
1.27597	24
1.27609	25
1.27621	26
1.27634	14
1.27647	15
1.27659	16
1.27662	17
1.27675	18
1.27688	19
1.27701	20
1.27713	21
1.27725	22
1.27737	23
1.27748	24
1.27759	25
1.27771	26
1.27783	14
1.27796	15
1.27808	16
1.27819	17
1.27831	18
1.27844	19
1.2785	20
1.27864	21
1.27876	22
1.27885	23
1.27896	24
1.27907	25
1.27918	26
1.2793	15
1.27943	15
1.27954	16
1.27966	17
1.27978	18
1.27991	19
1.28004	20
1.28017	21
1.28028	22
1.28038	23
1.28049	24
1.2806	25
1.28066	26
1.28077	15
1.28089	16
1.28099	17
1.28111	18
1.28123	19
1.28136	20
1.28149	21
1.28162	22
1.28173	23
1.28184	24
1.28196	25
1.28208	26
1.28221	15
1.28235	16
1.28247	17
1.28258	18
1.28262	19
1.28274	20
1.28287	21
1.283	22
1.28312	23
1.28323	24
1.28335	25
1.28346	26
1.28359	15
1.28372	16
1.28384	17
1.28396	18
1.28408	19
1.28421	20
1.28435	21
1.28447	22
1.28458	23
1.28468	24
1.28474	25
1.28485	26
1.28497	15
1.28509	16
1.2852	17
1.28532	18
1.28544	19
1.28557	20
1.2857	21
1.28583	22
1.28596	23
1.28607	24
1.28616	25
1.28627	26
1.28638	27
1.2865	16
1.28662	17
1.28673	18
1.28678	19
1.2869	20
1.28702	21
1.28715	22
1.28729	23
1.28741	24
1.28754	25
1.28766	15
1.28778	15
1.2879	16
1.28802	17
1.28814	18
1.28827	19
1.2884	20
1.28851	21
1.28863	22
1.28876	23
1.28889	24
1.28894	25
1.28906	26
1.28918	15
1.2893	16
1.2894	17
1.28951	18
1.28963	19
1.28976	20
1.28988	21
1.29002	22
1.29016	23
1.29028	24
1.2904	25
1.29051	26
1.29062	27
1.29074	16
1.29085	17
1.29095	18
1.291	19
1.29111	20
1.29123	21
1.29136	22
1.29149	23
1.29163	24
1.29177	14
1.29188	15
1.29198	16
1.29207	17
1.29218	18
1.29228	19
1.2924	20
1.29252	21
1.29263	22
1.29276	23
1.29287	24
1.293	25
1.29308	15
1.29321	16
1.29331	17
1.2934	18
1.2935	19
1.2936	20
1.29371	21
1.29383	22
1.29395	23
1.29407	24
1.2942	25
1.29433	15
1.29447	15
1.29459	16
1.29471	17
1.29481	18
1.29485	19
1.29496	20
1.29508	21
1.29521	22
1.29533	23
1.29547	24
1.29559	25
1.29572	15
1.29585	16
1.29598	17
1.2961	18
1.29621	19
1.29632	20
1.29643	21
1.29655	22
1.29668	23
1.29681	24
1.29694	25
1.297	15
1.29712	16
1.29724	17
1.29736	18
1.29748	19
1.29761	20
1.29773	21
1.29784	22
1.29796	23
1.29808	24
1.29821	25
1.29834	15
1.29848	16
1.2986	17
1.29872	18
1.29884	19
1.29887	20
1.299	21
1.29913	22
1.29925	23
1.29936	24
1.29948	25
1.2996	26
1.29973	15
1.29986	16
1.29998	17
1.30011	18
1.30024	19
1.30038	20
1.30052	21
1.30063	22
1.30073	23
1.30084	24
1.30095	25
1.30107	26
1.30112	15
1.30125	16
1.30136	17
1.30148	18
1.3016	19
1.30173	20
1.30186	21
1.30201	22
1.30211	23
1.30221	24
1.30232	25
1.30244	26
1.30255	27
1.30268	15
1.3028	16
1.30292	17
1.30295	18
1.30308	19
1.30321	20
1.30334	21
1.30347	22
1.30358	23
1.3037	24
1.30382	25
1.30395	26
1.30408	15
1.30421	16
1.30432	17
1.30444	18
1.30456	19
1.30468	20
1.30481	21
1.30493	22
1.30498	23
1.3051	24
1.30522	25
1.30534	26
1.30547	15
1.3056	15
1.30572	16
1.30584	17
1.30596	18
1.3061	19
1.30624	20
1.30636	21
1.30648	22
1.3066	23
1.30673	24
1.30684	25
1.30697	26
1.30709	14
1.30721	15
1.30724	16
1.30737	17
1.30749	18
1.30763	19
1.30776	20
1.30787	21
1.30799	22
1.30811	23
1.30823	24
1.30834	25
1.30846	26
1.30859	14
1.30872	15
1.30882	16
1.30893	17
1.30898	18
1.30911	19
1.30924	20
1.30937	21
1.3095	22
1.30963	23
1.30975	24
1.30986	25
1.30998	26
1.3101	15
1.31022	16
1.31034	17
1.31046	18
1.31057	19
1.3107	20
1.31083	21
1.31095	22
1.31101	23
1.31113	24
1.31124	25
1.31135	26
1.31147	27
1.31159	15
1.31172	16
1.31183	17
1.31195	18
1.31208	19
1.31221	20
1.31234	21
1.31247	22
1.31259	23
1.31272	24
1.31285	25
1.31296	26
1.31307	15
1.31319	16
1.31331	17
1.31342	18
1.31346	19
1.31358	20
1.31371	21
1.31385	22
1.31397	23
1.3141	24
1.31423	25
1.31436	14
1.31449	15
1.31459	16
1.3147	17
1.31481	18
1.31492	19
1.31504	20
1.31516	21
1.3153	22
1.31542	23
1.31554	24
1.3156	25
1.31574	14
1.31586	15
1.31596	16
1.31607	17
1.31618	18
1.31629	19
1.31641	20
1.31654	21
1.31666	22
1.31679	23
1.31691	24
1.31703	25
1.31716	14
1.3173	15
1.3174	16
1.31745	17
1.31755	18
1.31766	19
1.31777	20
1.31789	21
1.31802	22
1.31814	23
1.31828	24
1.3184	25
1.31853	15
1.31867	15
1.31876	16
1.31887	17
1.31899	18
1.3191	19
1.31922	20
1.31929	21
1.31943	22
1.31957	23
1.31969	24
1.31981	25
1.31993	26
1.32006	15
1.32019	16
1.32029	17
1.32039	18
1.32051	19
1.32063	20
1.32076	21
1.32089	22
1.32102	23
1.32115	24
1.32126	25
1.32137	26
1.32148	15
1.32161	16
1.32168	17
1.3218	18
1.32191	19
1.32202	20
1.32214	21
1.32227	22
1.32238	23
1.32251	24
1.32265	25
1.32277	14
1.32289	15
1.323	16
1.32311	17
1.32322	18
1.32333	19
1.32345	20
1.32352	21
1.32363	22
1.32376	23
1.32388	24
1.32401	25
1.32415	14
1.32429	15
1.32438	16
1.32447	17
1.32458	18
1.3247	19
1.32482	20
1.32494	21
1.32506	22
1.32517	23
1.32529	24
1.32541	25
1.32555	14
1.32568	15
1.32578	16
1.32586	17
1.32596	18
1.32606	19
1.32617	20
1.32629	21
1.32642	22
1.32653	23
1.32665	24
1.32677	25
1.3269	14
1.32704	15
1.32715	16
1.32724	17
1.32736	18
1.32746	19
1.32759	20
1.3277	21
1.32782	22
1.32793	23
1.32804	24
1.32816	25
1.32828	26
1.32841	15
1.32854	16
1.32865	17
1.32877	18
1.32887	19
1.32899	20
1.32911	21
1.32924	22
1.32937	23
1.32948	24
1.32956	25
1.32968	26
1.32981	15
1.32993	16
1.33005	17
1.33017	18
1.33027	19
1.33038	20
1.3305	21
1.33063	22
1.33077	23
1.3309	24
1.33102	14
1.33113	15
1.33124	16
1.33135	17
1.33146	18
1.33158	19
1.33166	20
1.33177	21
1.33189	22
1.33202	23
1.33215	24
1.33228	25
1.33239	15
1.3325	15
1.33261	16
1.33271	17
1.33282	18
1.33294	19
1.33306	20
1.33317	21
1.33329	22
1.33341	23
1.33354	24
1.33367	25
1.33381	14
1.33388	15
1.334	16
1.33408	17
1.33419	18
1.3343	19
1.33442	20
1.33454	21
1.33465	22
1.33476	23
1.33488	24
1.33501	25
1.33514	14
1.33528	15
1.33539	16
1.33547	17
1.33559	18
1.33571	19
1.33584	20
1.33594	21
1.33605	22
1.33617	23
1.33628	24
1.33641	25
1.33653	26
1.33667	15
1.3368	16
1.33691	17
1.33702	18
1.33714	19
1.33726	20
1.33735	21
1.33748	22
1.33762	23
1.33773	24
1.33785	25
1.33797	26
1.3381	15
1.33823	16
1.33831	17
1.33842	18
1.33853	19
1.33865	20
1.33877	21
1.3389	22
1.33904	23
1.33916	24
1.33928	25
1.33939	26
1.33952	15
1.33964	15
1.33973	16
1.33983	17
1.33994	18
1.34006	19
1.34014	20
1.34026	21
1.34039	22
1.34053	23
1.34064	24
1.34077	25
1.34089	14
1.34101	15
1.34112	16
1.34123	17
1.34134	18
1.34143	19
1.34155	20
1.34167	21
1.34179	22
1.34192	23
1.34205	24
1.34217	25
1.3423	15
1.3424	16
1.34252	17
1.34265	18
1.34278	19
1.3429	20
1.343	21
1.34311	22
1.34323	23
1.34336	24
1.34348	25
1.34359	15
1.34371	16
1.34383	17
1.34395	18
1.34408	19
1.34416	20
1.3443	21
1.34444	22
1.34455	23
1.34466	24
1.34478	25
1.3449	26
1.34503	15
1.34515	16
1.34527	17
1.34537	18
1.34546	19
1.34559	20
1.34572	21
1.34585	22
1.34598	23
1.34609	24
1.3462	25
1.34632	26
1.34643	15
1.34656	16
1.34666	17
1.34677	18
1.34688	19
1.347	20
1.34712	21
1.34725	22
1.34738	23
1.3475	24
1.34759	25
1.34771	15
1.34783	16
1.34794	17
1.34806	18
1.34816	19
1.34824	20
1.34836	21
1.34847	22
1.3486	23
1.34873	24
1.34886	25
1.349	15
1.34912	16
1.34923	17
1.34934	18
1.34945	19
1.34952	20
1.34964	21
1.34977	22
1.34989	23
1.35001	24
1.35014	25
1.35027	15
1.35039	15
1.35048	16
1.3506	17
1.35071	18
1.35083	19
1.35096	20
1.35108	21
1.3512	22
1.35132	23
1.35144	24
1.35156	25
1.35169	15
1.35177	16
1.3519	17
1.35199	18
1.35211	19
1.35222	20
1.35235	21
1.35248	22
1.3526	23
1.35272	24
1.35284	25
1.35296	26
1.35308	16
1.35321	16
1.35333	17
1.35346	18
1.35354	19
1.35365	20
1.35377	21
1.35388	22
1.354	23
1.35412	24
1.35425	25
1.35437	15
1.35449	16
1.35462	17
1.35474	18
1.35486	19
1.35498	20
1.3551	21
1.35523	22
1.35533	23
1.35545	24
1.35557	25
1.35565	26
1.35578	15
1.35592	16
1.35604	17
1.35615	18
1.35626	19
1.3564	20
1.35651	21
1.35663	22
1.35673	23
1.35684	24
1.35696	25
1.35708	26
1.3572	15
1.35733	16
1.35745	17
1.35758	18
1.35765	19
1.35778	20
1.35791	21
1.35803	22
1.35814	23
1.35828	24
1.35838	25
1.3585	26
1.35862	15
1.35875	16
1.35886	17
1.35898	18
1.3591	19
1.35921	20
1.35934	21
1.35946	22
1.3596	23
1.35973	24
1.35982	25
1.35993	14
1.36005	15
1.36016	16
1.36027	17
1.36037	18
1.36048	19
1.36059	20
1.36071	21
1.36083	22
1.36096	23
1.36108	24
1.36121	25
1.36134	14
1.36147	15
1.36159	16
1.36166	17
1.36179	18
1.36193	19
1.36205	20
1.36215	21
1.36226	22
1.36237	23
1.3625	24
1.36261	25
1.36275	14
1.36287	15
1.36299	16
1.36309	17
1.36321	18
1.36333	19
1.36345	20
1.36354	21
1.36367	22
1.3638	23
1.36394	24
1.36406	14
1.36417	15
1.36426	16
1.36437	17
1.36448	18
1.3646	19
1.36472	20
1.36482	21
1.36493	22
1.36505	23
1.36518	24
1.36531	25
1.36545	14
1.36559	15
1.36569	16
1.36574	17
1.36584	18
1.36595	19
1.36607	20
1.36619	21
1.36631	22
1.36642	23
1.36654	24
1.36667	25
1.3668	14
1.36694	15
1.36707	16
1.36717	17
1.36729	18
1.36742	19
1.36753	20
1.36759	21
1.36772	22
1.36784	23
1.36798	24
1.36812	25
1.36824	14
1.36837	15
1.36849	16
1.3686	17
1.36872	18
1.36884	19
1.36895	20
1.36905	21
1.36917	22
1.3693	23
1.36943	24
1.36956	25
1.3697	14
1.36982	15
1.36993	16
1.36999	17
1.3701	18
1.37021	19
1.37033	20
1.37044	21
1.37055	22
1.37067	23
1.3708	24
1.37093	25
1.37106	14
1.37119	15
1.37132	16
1.37141	17
1.37152	18
1.37163	19
1.37175	20
1.37181	21
1.37194	22
1.37205	23
1.37216	24
1.37229	25
1.37241	14
1.37254	15
1.37266	16
1.37276	17
1.37288	18
1.373	19
1.37312	20
1.37324	21
1.37336	22
1.37349	23
1.37363	24
1.37376	25
1.37389	14
1.37402	15
1.37411	16
1.37417	17
1.37429	18
1.3744	19
1.37452	20
1.37463	21
1.37477	22
1.37489	23
1.37501	24
1.37513	25
1.37527	14
1.37541	15
1.37552	16
1.37563	17
1.37573	18
1.37583	19
1.37595	20
1.37602	21
1.37614	22
1.37625	23
1.37637	24
1.37649	25
1.37662	14
1.37675	15
1.37687	16
1.37697	17
1.37709	18
1.37721	19
1.37734	20
1.37746	21
1.37759	22
1.3777	23
1.37781	24
1.37793	25
1.37805	26
1.37818	15
1.3783	16
1.37836	17
1.37847	18
1.37858	19
1.3787	20
1.37881	21
1.37894	22
1.37907	23
1.37919	24
1.37933	25
1.37947	14
1.37961	15
1.37971	16
1.37981	17
1.37991	18
1.38002	19
1.38013	20
1.3802	21
1.38032	22
1.38044	23
1.38056	24
1.38068	25
1.38081	14
1.38095	15
1.38106	16
1.38117	17
1.38129	18
1.38142	19
1.38155	20
1.38167	21
1.38178	22
1.38189	23
1.382	24
1.38212	25
1.38225	26
1.38238	14
1.3825	15
1.38255	16
1.38266	17
1.38277	18
1.38289	19
1.38302	20
1.38315	21
1.38327	22
1.3834	23
1.38353	24
1.38367	25
1.38381	14
1.38392	15
1.38402	16
1.38411	17
1.38422	18
1.38428	19
1.3844	20
1.38452	21
1.38463	22
1.38475	23
1.38488	24
1.385	25
1.38514	14
1.38526	15
1.38537	16
1.38549	17
1.38561	18
1.38573	19
1.38586	20
1.386	21
1.3861	22
1.38621	23
1.38632	24
1.38639	25
1.38652	26
1.38665	14
1.38676	15
1.38687	16
1.38698	17
1.3871	18
1.38722	19
1.38735	20
1.38748	21
1.3876	22
1.38773	23
1.38786	24
1.388	25
1.38813	13
1.38823	14
1.38833	15
1.38837	16
1.38847	17
1.38859	18
1.3887	19
1.38882	20
1.38895	21
1.38907	22
1.38919	23
1.38932	24
1.38945	25
1.38957	13
1.38968	14
1.38979	15
1.38991	16
1.39001	17
1.39009	18
1.39022	19
1.39035	20
1.39046	21
1.39057	22
1.39068	23
1.3908	24
1.39092	25
1.39103	26
1.39113	14
1.39126	15
1.39137	16
1.39148	17
1.3916	18
1.39173	19
1.39184	20
1.39198	21
1.39205	22
1.39218	23
1.39232	24
1.39244	25
1.39256	14
1.39267	15
1.39277	16
1.39286	17
1.39298	18
1.39309	19
1.39322	20
1.39334	21
1.39348	22
1.3936	23
1.39372	24
1.39386	25
1.39397	14
1.39408	15
1.39419	16
1.39425	17
1.39437	18
1.3945	19
1.39463	20
1.39476	21
1.39488	22
1.39499	23
1.39511	24
1.39522	25
1.39535	26
1.39546	14
1.39558	15
1.39566	16
1.39578	17
1.39589	18
1.39601	19
1.39608	20
1.39621	21
1.39635	22
1.39647	23
1.39659	24
1.39672	25
1.39685	14
1.39697	14
1.39706	15
1.39716	16
1.39727	17
1.39735	18
1.39747	19
1.39758	20
1.39771	21
1.39784	22
1.39795	23
1.39808	24
1.39821	25
1.39827	14
1.39839	14
1.39851	15
1.39862	16
1.39874	17
1.39886	18
1.39899	19
1.39912	20
1.39924	21
1.39934	22
1.39945	23
1.39957	24
1.39969	25
1.3998	26
1.39986	15
1.39998	15
1.40009	16
1.4002	17
1.40032	18
1.40045	19
1.40058	20
1.40071	21
1.40085	22
1.40097	23
1.40107	24
1.40118	25
1.40129	26
1.4014	27
1.40152	15
1.40155	16
1.40166	17
1.40178	18
1.4019	19
1.40202	20
1.40215	21
1.40229	22
1.4024	23
1.40252	24
1.40264	25
1.40276	26
1.40289	14
1.40302	15
1.40315	16
1.40325	17
1.40328	18
1.40339	19
1.40351	20
1.40363	21
1.40376	22
1.40389	23
1.404	24
1.40412	25
1.40424	26
1.40436	14
1.40449	15
1.40461	16
1.40474	17
1.40486	18
1.405	19
1.40513	20
1.40525	21
1.40528	22
1.40538	23
1.40549	24
1.4056	25
1.40572	26
1.40584	14
1.40596	15
1.40608	16
1.4062	17
1.40632	18
1.40645	19
1.40657	20
1.4067	21
1.40683	22
1.40695	23
1.40707	24
1.40719	25
1.40732	14
1.40746	14
1.40756	15
1.4076	16
1.40771	17
1.40783	18
1.40795	19
1.40807	20
1.40819	21
1.40831	22
1.40844	23
1.40855	24
1.40867	25
1.4088	26
1.40892	14
1.40905	15
1.40917	16
1.40929	17
1.40932	18
1.40944	19
1.40957	20
1.4097	21
1.40984	22
1.40997	23
1.41008	24
1.41019	25
1.41031	26
1.41044	14
1.41056	15
1.41067	16
1.41079	17
1.4109	18
1.41102	19
1.41114	20
1.41125	21
1.4113	22
1.41144	23
1.41157	24
1.4117	25
1.41181	14
1.41192	15
1.41203	16
1.41214	17
1.41225	18
1.41236	19
1.41247	20
1.41259	21
1.41271	22
1.41283	23
1.41296	24
1.41309	25
1.41321	15
1.41334	15
1.41346	16
1.41349	17
1.4136	18
1.41372	19
1.41384	20
1.41397	21
1.4141	22
1.41423	23
1.41436	24
1.41448	25
1.4146	15
1.41473	15
1.41484	16
1.41496	17
1.41508	18
1.41519	19
1.4153	20
1.41534	21
1.41547	22
1.41559	23
1.41573	24
1.41586	25
1.41599	14
1.4161	15
1.41621	16
1.41631	17
1.41642	18
1.41654	19
1.41666	20
1.41677	21
1.41689	22
1.41701	23
1.41714	24
1.41727	25
1.41739	14
1.41751	15
1.41763	16
1.41766	17
1.41778	18
1.41791	19
1.41804	20
1.41816	21
1.41829	22
1.41842	23
1.41856	24
1.41868	25
1.4188	15
1.41891	16
1.41902	17
1.41911	18
1.41923	19
1.41935	20
1.41948	21
1.41953	22
1.41965	23
1.41978	24
1.4199	25
1.42004	15
1.42018	16
1.42029	17
1.42039	18
1.4205	19
1.42061	20
1.42072	21
1.42084	22
1.42096	23
1.42107	24
1.42118	25
1.42131	26
1.42144	15
1.42157	16
1.42168	17
1.42178	18
1.42183	19
1.42195	20
1.42208	21
1.42221	22
1.42234	23
1.42248	24
1.42259	14
1.4227	15
1.42281	16
1.42292	17
1.42303	18
1.42316	19
1.42326	20
1.42337	21
1.42349	22
1.4236	23
1.42372	24
1.42385	25
1.42394	15
1.42407	16
1.42419	17
1.42431	18
1.42444	19
1.42457	20
1.42469	21
1.4248	22
1.42491	23
1.42502	24
1.42514	25
1.42527	26
1.4254	15
1.42549	16
1.4256	17
1.42571	18
1.42578	19
1.42591	20
1.42603	21
1.42616	22
1.42628	23
1.42641	24
1.42654	25
1.42668	14
1.42682	15
1.42691	16
1.42701	17
1.42712	18
1.42721	19
1.42732	20
1.42744	21
1.42756	22
1.42769	23
1.4278	24
1.42789	25
1.42802	15
1.42815	16
1.42825	17
1.42837	18
1.42849	19
1.42861	20
1.42874	21
1.42888	22
1.42901	23
1.42913	24
1.42924	25
1.42933	26
1.42945	16
1.42958	17
1.42969	18
1.42979	19
1.42986	20
1.42998	21
1.43009	22
1.43022	23
1.43034	24
1.43048	25
1.43062	15
1.43074	16
1.43086	17
1.43096	18
1.43107	19
1.43119	20
1.4313	21
1.43138	22
1.43149	23
1.4316	24
1.43171	25
1.43184	26
1.43197	16
1.43207	16
1.43218	17
1.43229	18
1.43241	19
1.43253	20
1.43266	21
1.43279	22
1.43291	23
1.43302	24
1.43313	25
1.43325	26
1.43337	15
1.4335	16
1.43361	17
1.43371	18
1.43376	19
1.43388	20
1.434	21
1.43412	22
1.43425	23
1.43436	24
1.43448	25
1.43461	15
1.43474	16
1.43486	17
1.43499	18
1.43512	19
1.43524	20
1.43535	21
1.43546	22
1.43558	23
1.4357	24
1.43582	25
1.43587	16
1.43599	16
1.43611	17
1.43622	18
1.43634	19
1.43646	20
1.43659	21
1.43672	22
1.43685	23
1.43698	24
1.43711	25
1.43725	15
1.43736	16
1.43746	17
1.43756	18
1.43767	19
1.43771	20
1.43783	21
1.43795	22
1.43807	23
1.4382	24
1.43832	25
1.43845	26
1.43858	16
1.43871	17
1.43882	18
1.43893	19
1.43905	20
1.43917	21
1.4393	22
1.43944	23
1.43958	24
1.43969	14
1.4398	15
1.4399	16
1.43995	17
1.44006	18
1.44018	19
1.4403	20
1.44042	21
1.44053	22
1.44065	23
1.44077	24
1.4409	25
1.44103	15
1.44117	16
1.44128	17
1.44137	18
1.44147	19
1.44158	20
1.44169	21
1.44176	22
1.44188	23
1.44199	24
1.44211	25
1.44223	26
1.44236	15
1.44249	16
1.44261	17
1.44272	18
1.44281	19
1.44293	20
1.44305	21
1.44318	22
1.44331	23
1.44343	24
1.44356	25
1.44369	15
1.44383	15
1.44394	16
1.44405	17
1.44414	18
1.44421	19
1.44432	20
1.44444	21
1.44456	22
1.44468	23
1.4448	24
1.4449	25
1.44503	15
1.44516	16
1.44527	17
1.44539	18
1.44552	19
1.44565	20
1.44577	21
1.44588	22
1.44598	23
1.44609	24
1.44621	25
1.44631	26
1.44643	15
1.44655	16
1.44666	17
1.44677	18
1.44687	19
1.44699	20
1.44711	21
1.44722	22
1.44734	23
1.44747	24
1.4476	25
1.44773	15
1.44788	16
1.44797	17
1.44807	18
1.44816	19
1.44824	20
1.44836	21
1.44848	22
1.4486	23
1.44872	24
1.44883	25
1.44893	26
1.44906	15
1.44918	16
1.44929	17
1.4494	18
1.44952	19
1.44964	20
1.44976	21
1.44989	22
1.45001	23
1.45013	24
1.45024	25
1.45035	26
1.45045	15
1.45057	16
1.45069	17
1.45081	18
1.45088	19
1.451	20
1.45111	21
1.45124	22
1.45137	23
1.45148	24
1.4516	25
1.45173	26
1.45186	15
1.45199	16
1.45212	17
1.45222	18
1.45229	19
1.45239	20
1.4525	21
1.45262	22
1.45274	23
1.45285	24
1.45296	25
1.45308	15
1.4532	16
1.45331	17
1.45343	18
1.45354	19
1.45366	20
1.45379	21
1.45392	22
1.45404	23
1.45417	24
1.4543	25
1.45441	15
1.45452	15
1.45462	16
1.45472	17
1.45482	18
1.45492	19
1.45504	20
1.45516	21
1.45529	22
1.4554	23
1.45552	24
1.45564	25
1.45577	14
1.45589	15
1.456	16
1.45608	17
1.4562	18
1.45632	19
1.45645	20
1.45658	21
1.45671	22
1.45681	23
1.45692	24
1.45702	25
1.45714	26
1.45727	15
1.45739	16
1.45749	17
1.4576	18
1.45771	19
1.45783	20
1.45792	21
1.45804	22
1.45818	23
1.4583	24
1.45843	25
1.45856	14
1.4587	15
1.4588	16
1.45891	17
1.45901	18
1.45909	19
1.4592	20
1.45931	21
1.45943	22
1.45956	23
1.45969	24
1.45981	25
1.45994	26
1.46006	15
1.46019	16
1.46027	17
1.46038	18
1.4605	19
1.46062	20
1.46075	21
1.46088	22
1.46101	23
1.46113	24
1.46123	25
1.46134	14
1.46147	15
1.46158	16
1.46169	17
1.46181	18
1.46192	19
1.46204	20
1.46212	21
1.46224	22
1.46237	23
1.4625	24
1.46264	25
1.46275	14
1.46287	15
1.46296	16
1.46304	17
1.46316	18
1.46328	19
1.4634	20
1.46351	21
1.46363	22
1.46375	23
1.46388	24
1.46401	25
1.46414	14
1.46426	15
1.46438	16
1.46444	17
1.46457	18
1.46469	19
1.46483	20
1.46493	21
1.46503	22
1.46515	23
1.46527	24
1.46539	25
1.46552	14
1.46564	15
1.46575	16
1.46586	17
1.46597	18
1.4661	19
1.46622	20
1.46631	21
1.46643	22
1.46655	23
1.46668	24
1.4668	25
1.46694	14
1.46706	15
1.46716	16
1.46725	17
1.46736	18
1.46747	19
1.46759	20
1.46771	21
1.46783	22
1.46795	23
1.46807	24
1.4682	25
1.46833	14
1.46845	15
1.46856	16
1.46861	17
1.46873	18
1.46886	19
1.46898	20
1.46911	21
1.46923	22
1.46934	23
1.46945	24
1.46957	25
1.4697	26
1.46983	14
1.46995	15
1.47004	16
1.47015	17
1.47027	18
1.47039	19
1.47045	20
1.47058	21
1.47072	22
1.47084	23
1.47097	24
1.47108	25
1.4712	26
1.47131	14
1.47142	15
1.47152	16
1.47163	17
1.47173	18
1.47185	19
1.47198	20
1.47211	21
1.47223	22
1.47235	23
1.47248	24
1.47261	25
1.4727	14
1.47282	15
1.47292	16
1.47301	17
1.47311	18
1.47323	19
1.47335	20
1.47347	21
1.4736	22
1.47369	23
1.47382	24
1.47394	25
1.47407	14
1.4742	15
1.4743	16
1.47438	17
1.4745	18
1.47462	19
1.47475	20
1.47487	21
1.47501	22
1.47511	23
1.47523	24
1.47535	25
1.47547	26
1.4756	14
1.47572	15
1.4758	16
1.47591	17
1.47602	18
1.47614	19
1.47623	20
1.47636	21
1.4765	22
1.47663	23
1.47674	24
1.47685	25
1.47697	26
1.47709	14
1.47719	15
1.47729	16
1.4774	17
1.47749	18
1.47761	19
1.47773	20
1.47786	21
1.47799	22
1.47811	23
1.47823	24
1.47836	25
1.47846	13
1.47858	14
1.4787	15
1.47877	16
1.47887	17
1.47898	18
1.4791	19
1.47921	20
1.47934	21
1.47944	22
1.47958	23
1.4797	24
1.47983	25
1.47994	13
1.48004	14
1.48015	15
1.48026	16
1.48038	17
1.48047	18
1.4806	19
1.48073	20
1.48086	21
1.48099	22
1.4811	23
1.48122	24
1.48134	25
1.48147	26
1.48152	14
1.48164	15
1.48175	16
1.48186	17
1.48198	18
1.48211	19
1.48223	20
1.48236	21
1.48248	22
1.48261	23
1.48272	24
1.48282	25
1.48293	26
1.48304	27
1.48316	14
1.48322	15
1.48333	16
1.48344	17
1.48356	18
1.48369	19
1.48381	20
1.48395	21
1.48407	22
1.48419	23
1.48431	24
1.48444	25
1.48456	26
1.48469	14
1.48482	15
1.48486	16
1.48497	17
1.48508	18
1.4852	19
1.48532	20
1.48544	21
1.48558	22
1.48569	23
1.4858	24
1.48591	25
1.48604	26
1.48616	14
1.4863	15
1.4864	16
1.48652	17
1.48657	18
1.4867	19
1.48684	20
1.48698	21
1.48709	22
1.48719	23
1.48729	24
1.4874	25
1.48752	26
1.48764	14
1.48776	15
1.48788	16
1.488	17
1.4881	18
1.48823	19
1.48836	20
1.48848	21
1.48853	22
1.48865	23
1.48877	24
1.48889	25
1.48902	14
1.48916	14
1.48926	15
1.48937	16
1.48949	17
1.48961	18
1.48973	19
1.48986	20
1.48998	21
1.49008	22
1.49019	23
1.49031	24
1.49043	25
1.49056	26
1.4906	14
1.49074	15
1.49086	16
1.49099	17
1.4911	18
1.49121	19
1.49132	20
1.49143	21
1.49155	22
1.49167	23
1.49179	24
1.4919	25
1.49203	26
1.49215	14
1.49227	15
1.4923	16
1.49243	17
1.49254	18
1.49266	19
1.49278	20
1.49291	21
1.49304	22
1.49318	23
1.4933	24
1.49341	25
1.49353	26
1.49365	14
1.49377	15
1.49389	16
1.49399	17
1.49402	18
1.49413	19
1.49425	20
1.49437	21
1.4945	22
1.49463	23
1.49476	24
1.49488	25
1.49502	14
1.49515	14
1.49527	15
1.49537	16
1.49547	17
1.49558	18
1.49568	19
1.4958	20
1.49592	21
1.49596	22
1.49609	23
1.49622	24
1.49634	25
1.49646	26
1.49658	14
1.49671	15
1.49682	16
1.49694	17
1.49706	18
1.49719	19
1.49733	20
1.49747	21
1.49759	22
1.4977	23
1.49779	24
1.4979	25
1.49802	26
1.49814	15
1.49826	16
1.49829	17
1.49841	18
1.49853	19
1.49866	20
1.49879	21
1.49893	22
1.49906	23
1.49917	24
1.49928	25
1.49939	26
1.4995	27
1.49962	15
1.49974	16
1.49985	17
1.49996	18
1.50009	19
1.50012	20
1.50025	21
1.50038	22
1.5005	23
1.50063	24
1.50075	25
1.50088	26
1.50101	14
1.50114	15
1.50127	16
1.5014	17
1.50153	18
1.50167	19
1.50177	20
1.50188	21
1.50199	22
1.50211	23
1.50224	24
1.50235	25
1.5024	26
1.50253	14
1.50266	15
1.50278	16
1.5029	17
1.50303	18
1.50315	19
1.50327	20
1.5034	21
1.50354	22
1.50368	23
1.50379	24
1.5039	25
1.50401	26
1.50413	14
1.50426	15
1.50428	16
1.5044	17
1.50451	18
1.50462	19
1.50474	20
1.50487	21
1.505	22
1.50513	23
1.50526	24
1.50539	25
1.50552	14
1.50566	15
1.50577	16
1.50586	17
1.50597	18
1.506	19
1.50611	20
1.50623	21
1.50635	22
1.50648	23
1.50661	24
1.50674	25
1.50686	14
1.507	15
1.5071	16
1.50721	17
1.50733	18
1.50745	19
1.50757	20
1.50771	21
1.50785	22
1.50797	23
1.50808	24
1.50812	25
1.50824	26
1.50836	15
1.50848	16
1.50859	17
1.50869	18
1.50881	19
1.50892	20
1.50905	21
1.50917	22
1.5093	23
1.50944	24
1.50958	14
1.5097	15
1.50979	16
1.50988	17
1.50998	18
1.51008	19
1.51011	20
1.51023	21
1.51034	22
1.51046	23
1.51059	24
1.51072	25
1.51086	15
1.51098	15
1.51108	16
1.51118	17
1.5113	18
1.51141	19
1.51154	20
1.51166	21
1.5118	22
1.51193	23
1.51205	24
1.51218	25
1.51229	26
1.51234	15
1.51246	16
1.51255	17
1.51266	18
1.51276	19
1.51287	20
1.51298	21
1.51311	22
1.51323	23
1.51337	24
1.5135	25
1.51363	14
1.51376	15
1.51385	16
1.51395	17
1.51405	18
1.51408	19
1.51419	20
1.5143	21
1.51442	22
1.51454	23
1.51467	24
1.5148	25
1.51492	14
1.51505	15
1.51516	16
1.51526	17
1.51538	18
1.5155	19
1.51562	20
1.51575	21
1.51588	22
1.51602	23
1.51614	24
1.51619	25
1.5163	26
1.51642	15
1.51655	16
1.51665	17
1.51676	18
1.51686	19
1.51697	20
1.51709	21
1.51721	22
1.51734	23
1.51748	24
1.5176	25
1.51773	14
1.51787	15
1.518	16
1.51811	17
1.51823	18
1.51828	19
1.51841	20
1.51853	21
1.51866	22
1.51878	23
1.51889	24
1.519	25
1.51912	26
1.51924	14
1.51937	15
1.51949	16
1.51962	17
1.51974	18
1.51986	19
1.51998	20
1.52011	21
1.52025	22
1.52036	23
1.5204	24
1.52053	25
1.52067	14
1.52079	15
1.5209	16
1.52101	17
1.52113	18
1.52126	19
1.52137	20
1.52149	21
1.52162	22
1.52173	23
1.52185	24
1.52198	25
1.52211	14
1.52224	15
1.52237	16
1.52239	17
1.52252	18
1.52266	19
1.52279	20
1.52289	21
1.523	22
1.5231	23
1.52321	24
1.52333	25
1.52345	26
1.52358	15
1.52371	16
1.52383	17
1.52396	18
1.52409	19
1.5242	20
1.52425	21
1.52436	22
1.52448	23
1.5246	24
1.52473	25
1.52487	14
1.52501	15
1.52511	16
1.52523	17
1.52534	18
1.52546	19
1.52559	20
1.52571	21
1.52581	22
1.52592	23
1.52604	24
1.52616	25
1.52629	26
1.52641	15
1.52654	15
1.52659	16
1.52672	17
1.52685	18
1.52698	19
1.52711	20
1.5272	21
1.5273	22
1.5274	23
1.52752	24
1.52763	25
1.52775	26
1.52788	14
1.528	15
1.52811	16
1.52823	17
1.5283	18
1.52843	19
1.52855	20
1.52866	21
1.52878	22
1.5289	23
1.52902	24
1.52915	25
1.52929	14
1.52941	15
1.52952	16
1.52962	17
1.52974	18
1.52986	19
1.52997	20
1.53008	21
1.53019	22
1.53026	23
1.53037	24
1.53049	25
1.53061	26
1.53074	14
1.53088	15
1.53099	16
1.53112	17
1.53126	18
1.53138	19
1.53148	20
1.53158	21
1.53168	22
1.53179	23
1.5319	24
1.53202	25
1.53214	26
1.53227	14
1.5324	15
1.53247	16
1.53259	17
1.5327	18
1.53282	19
1.53295	20
1.53308	21
1.5332	22
1.53333	23
1.53346	24
1.53359	25
1.5337	13
1.53383	14
1.53393	15
1.53404	16
1.53416	17
1.53422	18
1.53434	19
1.53446	20
1.53458	21
1.5347	22
1.53482	23
1.53494	24
1.53507	25
1.53521	13
1.53534	14
1.53544	15
1.53554	16
1.53564	17
1.53574	18
1.53586	19
1.53598	20
1.53609	21
1.53616	22
1.53628	23
1.5364	24
1.53653	25
1.53666	13
1.53677	14
1.53688	15
1.537	16
1.53712	17
1.53724	18
1.53737	19
1.5375	20
1.53762	21
1.53773	22
1.53784	23
1.53796	24
1.53809	25
1.53822	14
1.53826	14
1.53837	15
1.53848	16
1.5386	17
1.53872	18
1.53885	19
1.53898	20
1.5391	21
1.53923	22
1.53936	23
1.5395	24
1.53962	25
1.53973	14
1.53976	15
1.53987	16
1.53998	17
1.54009	18
1.54021	19
1.54033	20
1.54046	21
1.54058	22
1.54071	23
1.54083	24
1.54097	25
1.54109	14
1.54122	15
1.54132	16
1.54134	17
1.54145	18
1.54156	19
1.54168	20
1.5418	21
1.54193	22
1.54204	23
1.54217	24
1.54229	25
1.54242	14
1.54254	15
1.54266	16
1.54278	17
1.5429	18
1.54303	19
1.54316	20
1.54319	21
1.54333	22
1.54344	23
1.54356	24
1.54368	25
1.5438	26
1.54392	15
1.54403	15
1.54414	16
1.54425	17
1.54437	18
1.54449	19
1.54462	20
1.54475	21
1.54489	22
1.54502	23
1.54512	24
1.54523	25
1.54533	26
1.54544	27
1.54549	15
1.54561	16
1.54572	17
1.54583	18
1.54595	19
1.54607	20
1.5462	21
1.54633	22
1.54646	23
1.54657	24
1.54669	25
1.54682	26
1.54695	14
1.54708	15
1.54721	16
1.54732	17
1.54735	18
1.54746	19
1.54758	20
1.54771	21
1.54784	22
1.54795	23
1.54806	24
1.54818	25
1.5483	26
1.54843	14
1.54856	15
1.54868	16
1.54881	17
1.54894	18
1.54908	19
1.54922	20
1.54931	21
1.54935	22
1.54945	23
1.54956	24
1.54967	25
1.54979	26
1.54991	14
1.55004	15
1.55016	16
1.55028	17
1.55041	18
1.55054	19
1.55066	20
1.55077	21
1.55089	22
1.55101	23
1.55114	24
1.55127	25
1.55141	13
1.55154	14
1.55165	15
1.55167	16
1.5518	17
1.55192	18
1.55205	19
1.55216	20
1.55227	21
1.55239	22
1.55251	23
1.55264	24
1.55277	25
1.5529	13
1.55304	14
1.55315	15
1.55326	16
1.55336	17
1.55339	18
1.5535	19
1.55362	20
1.55375	21
1.55386	22
1.55398	23
1.5541	24
1.55423	25
1.55437	13
1.5545	14
1.55463	15
1.55475	16
1.55487	17
1.555	18
1.55512	19
1.55524	20
1.55535	21
1.55538	22
1.5555	23
1.55562	24
1.55575	25
1.55588	13
1.556	14
1.55611	15
1.55622	16
1.55635	17
1.55647	18
1.55659	19
1.55671	20
1.55684	21
1.55697	22
1.55711	23
1.55723	24
1.55734	25
1.55746	26
1.55749	14
1.55762	15
1.55773	16
1.55785	17
1.55796	18
1.55807	19
1.55819	20
1.55832	21
1.55845	22
1.55858	23
1.55871	24
1.55884	25
1.55897	13
1.55911	14
1.55921	15
1.55924	16
1.55934	17
1.55945	18
1.55956	19
1.55968	20
1.5598	21
1.55993	22
1.56005	23
1.56017	24
1.5603	25
1.56043	13
1.56057	14
1.56067	15
1.56078	16
1.5609	17
1.56094	18
1.56107	19
1.5612	20
1.56133	21
1.56144	22
1.56156	23
1.56168	24
1.56181	25
1.56194	13
1.56206	14
1.56217	15
1.56229	16
1.56241	17
1.56253	18
1.56266	19
1.56278	20
1.5629	21
1.56294	22
1.56307	23
1.56321	24
1.56334	25
1.56347	13
1.56359	14
1.5637	15
1.56381	16
1.56393	17
1.56405	18
1.56416	19
1.56428	20
1.56441	21
1.56453	22
1.56467	23
1.5648	24
1.56492	13
1.56504	14
1.56507	15
1.56518	16
1.56529	17
1.56541	18
1.56553	19
1.56565	20
1.56577	21
1.56589	22
1.56601	23
1.56615	24
1.56629	14
1.56641	14
1.56651	15
1.56662	16
1.56664	17
1.56676	18
1.56688	19
1.567	20
1.56712	21
1.56724	22
1.56736	23
1.56749	24
1.56763	25
1.56775	14
1.56788	15
1.568	16
1.56812	17
1.56825	18
1.56837	19
1.56849	20
1.56853	21
1.56864	22
1.56876	23
1.56888	24
1.56901	25
1.56914	14
1.56926	15
1.56938	16
1.56949	17
1.56961	18
1.56974	19
1.56986	20
1.56998	21
1.5701	22
1.57024	23
1.57037	24
1.57051	14
1.57064	15
1.57075	16
1.57086	17
1.57088	18
1.571	19
1.57112	20
1.57124	21
1.57136	22
1.57148	23
1.57161	24
1.57174	25
1.57188	14
1.57202	15
1.57213	16
1.57223	17
1.57234	18
1.57245	19
1.57256	20
1.57269	21
1.5728	22
1.57284	23
1.57295	24
1.57308	25
1.5732	15
1.57333	15
1.57346	16
1.57358	17
1.5737	18
1.57382	19
1.57395	20
1.57407	21
1.57419	22
1.57432	23
1.57445	24
1.57459	25
1.57471	14
1.57484	15
1.57495	16
1.575	17
1.57512	18
1.57525	19
1.57537	20
1.57548	21
1.57559	22
1.57571	23
1.57583	24
1.57596	25
1.57609	14
1.57623	15
1.57634	16
1.57644	17
1.57656	18
1.57668	19
1.5768	20
1.57686	21
1.57696	22
1.57707	23
1.57719	24
1.57731	25
1.57744	26
1.57757	15
1.5777	16
1.57781	17
1.57794	18
1.57807	19
1.5782	20
1.5783	21
1.5784	22
1.57851	23
1.57862	24
1.57873	25
1.57885	26
1.57897	15
1.5791	15
1.57916	16
1.57928	17
1.57941	18
1.57954	19
1.57963	20
1.57974	21
1.57986	22
1.57998	23
1.58011	24
1.58024	25
1.58038	14
1.58051	15
1.58062	16
1.58071	17
1.58083	18
1.5809	19
1.58103	20
1.58114	21
1.58124	22
1.58136	23
1.58148	24
1.5816	25
1.58173	14
1.58187	15
1.58198	16
1.58211	17
1.58224	18
1.58236	19
1.58247	20
1.58257	21
1.58267	22
1.58278	23
1.58288	24
1.58296	25
1.58308	26
1.58321	15
1.58334	16
1.58346	17
1.58358	18
1.58371	19
1.58382	20
1.58394	21
1.58406	22
1.58418	23
1.58431	24
1.58444	25
1.58458	14
1.58472	15
1.58483	16
1.58492	17
1.58504	18
1.5851	19
1.58523	20
1.58535	21
1.58546	22
1.58557	23
1.58569	24
1.58582	25
1.58595	15
1.58608	15
1.5862	16
1.58632	17
1.58646	18
1.58658	19
1.58669	20
1.58678	21
1.5869	22
1.58702	23
1.58713	24
1.5872	25
1.58732	26
1.58745	15
1.58758	16
1.5877	17
1.58782	18
1.58794	19
1.58807	20
1.58819	21
1.58832	22
1.58845	23
1.58857	24
1.5887	25
1.58884	14
1.58897	15
1.58908	16
1.58917	17
1.58929	18
1.58936	19
1.58948	20
1.58961	21
1.58973	22
1.58984	23
1.58995	24
1.59007	25
1.5902	26
1.59033	15
1.59046	16
1.59058	17
1.59071	18
1.59084	19
1.59098	20
1.59108	21
1.59119	22
1.59129	23
1.59139	24
1.59147	25
1.59158	26
1.59171	15
1.59183	15
1.59195	16
1.59206	17
1.59218	18
1.59231	19
1.59243	20
1.59255	21
1.59267	22
1.59279	23
1.59292	24
1.59305	25
1.59319	14
1.5933	15
1.59341	16
1.59346	17
1.59358	18
1.5937	19
1.59382	20
1.59394	21
1.59405	22
1.59416	23
1.59428	24
1.59441	25
1.59453	14
1.59467	15
1.59479	16
1.59491	17
1.59503	18
1.59517	19
1.59528	20
1.59534	21
1.59544	22
1.59554	23
1.59565	24
1.59577	25
1.59589	26
1.59601	15
1.59613	16
1.59624	17
1.59637	18
1.59649	19
1.59662	20
1.59673	21
1.59685	22
1.59697	23
1.5971	24
1.59723	25
1.59736	14
1.5975	15
1.59761	16
1.59767	17
1.59779	18
1.59788	19
1.598	20
1.59811	21
1.59823	22
1.59836	23
1.59847	24
1.5986	25
1.59872	26
1.59885	15
1.59898	15
1.59911	16
1.59923	17
1.59935	18
1.59946	19
1.59953	20
1.59967	21
1.5998	22
1.59991	23
1.6	24
1.60012	25
1.60023	26
1.60036	14
1.60048	15
1.60059	16
1.6007	17
1.60082	18
1.60094	19
1.60106	20
1.60119	21
1.60132	22
1.60145	23
1.60157	24
1.6017	25
1.60177	14
1.6019	15
1.602	16
1.60207	17
1.60218	18
1.60229	19
1.6024	20
1.60252	21
1.60265	22
1.60278	23
1.6029	24
1.60303	25
1.60315	26
1.60327	14
1.6034	15
1.60346	16
1.60358	17
1.60371	18
1.60383	19
1.60392	20
1.60406	21
1.60418	22
1.60429	23
1.60439	24
1.6045	25
1.60462	26
1.60474	15
1.60487	15
1.60498	16
1.6051	17
1.60518	18
1.60531	19
1.60543	20
1.60556	21
1.60569	22
1.60581	23
1.60593	24
1.60606	25
1.60615	14
1.60629	15
1.6064	16
1.6065	17
1.60662	18
1.60674	19
1.60686	20
1.60698	21
1.6071	22
1.60719	23
1.60732	24
1.60744	25
1.60757	14
1.6077	15
1.60781	16
1.60789	17
1.608	18
1.60813	19
1.60825	20
1.60839	21
1.60852	22
1.60865	23
1.60877	24
1.60889	25
1.609	26
1.60913	15
1.60925	16
1.60931	17
1.60942	18
1.60952	19
1.60964	20
1.60973	21
1.60986	22
1.60999	23
1.61013	24
1.61027	14
1.61038	15
1.61047	16
1.61056	17
1.61066	18
1.61077	19
1.61088	20
1.61099	21
1.61106	22
1.61118	23
1.61131	24
1.61143	25
1.61156	14
1.61169	15
1.61179	16
1.61187	17
1.61198	18
1.6121	19
1.61222	20
1.61234	21
1.61247	22
1.61261	23
1.61275	24
1.61287	14
1.61299	15
1.6131	16
1.61321	17
1.61326	18
1.61338	19
1.61349	20
1.6136	21
1.61369	22
1.61382	23
1.61394	24
1.61408	25
1.6142	14
1.61433	15
1.61444	16
1.61457	17
1.6147	18
1.61483	19
1.61495	20
1.61505	21
1.61516	22
1.61523	23
1.61535	24
1.61548	25
1.61559	26
1.61571	15
1.61582	16
1.61591	17
1.61603	18
1.61615	19
1.61628	20
1.61641	21
1.61653	22
1.61666	23
1.61679	24
1.61691	25
1.61704	14
1.61718	15
1.61729	16
1.61739	17
1.6175	18
1.61755	19
1.61767	20
1.61778	21
1.6179	22
1.61802	23
1.61813	24
1.61824	25
1.61836	26
1.61848	14
1.61861	15
1.61872	16
1.61884	17
1.61897	18
1.6191	19
1.61924	20
1.61938	21
1.61948	22
1.61958	23
1.61963	24
1.61974	25
1.61986	26
1.61997	27
1.62007	15
1.62019	16
1.62031	17
1.62042	18
1.62055	19
1.62068	20
1.6208	21
1.62092	22
1.62104	23
1.62116	24
1.62128	25
1.62141	14
1.62155	15
1.62166	16
1.62177	17
1.62188	18
1.62192	19
1.62204	20
1.62216	21
1.62228	22
1.6224	23
1.62251	24
1.62262	25
1.62274	26
1.62286	14
1.62299	15
1.62311	16
1.62324	17
1.62337	18
1.6235	19
1.62362	20
1.62375	21
1.62388	22
1.624	23
1.62405	24
1.62415	25
1.62427	26
1.62438	15
1.6245	16
1.62461	17
1.62473	18
1.62485	19
1.62496	20
1.62508	21
1.6252	22
1.62533	23
1.62546	24
1.62558	25
1.62571	26
1.62584	15
1.62598	16
1.62609	17
1.6262	18
1.62623	19
1.62633	20
1.62644	21
1.62655	22
1.62667	23
1.6268	24
1.62693	25
1.62706	14
1.62718	15
1.62729	16
1.62741	17
1.62753	18
1.62765	19
1.62776	20
1.62789	21
1.62802	22
1.62815	23
1.62827	24
1.62832	14
1.62845	14
1.62855	15
1.62865	16
1.62876	17
1.62888	18
1.62898	19
1.62909	20
1.62921	21
1.62933	22
1.62945	23
1.62958	24
1.62972	25
1.62985	14
1.62989	15
1.63	16
1.63011	17
1.63021	18
1.63031	19
1.63042	20
1.63053	21
1.63065	22
1.63077	23
1.63089	24
1.63102	25
1.63116	14
1.63129	15
1.63138	16
1.63141	17
1.63152	18
1.63163	19
1.63175	20
1.63187	21
1.632	22
1.63214	23
1.63228	24
1.6324	14
1.63252	14
1.63263	15
1.63274	16
1.63285	17
1.63297	18
1.63308	19
1.63319	20
1.63322	21
1.63334	22
1.63347	23
1.6336	24
1.63373	25
1.63386	14
1.634	15
1.63412	16
1.63425	17
1.63438	18
1.63449	19
1.6346	20
1.63471	21
1.63483	22
1.63495	23
1.63508	24
1.63519	25
1.63531	26
1.63544	14
1.63557	15
1.6356	16
1.63573	17
1.63586	18
1.63598	19
1.63611	20
1.63624	21
1.63637	22
1.6365	23
1.63661	24
1.63672	25
1.63684	26
1.63696	14
1.63709	15
1.6372	16
1.6373	17
1.63735	18
1.63748	19
1.6376	20
1.63772	21
1.63785	22
1.63798	23
1.63811	24
1.63824	25
1.63837	14
1.63851	15
1.63862	16
1.63873	17
1.63884	18
1.63896	19
1.63907	20
1.63917	21
1.63928	22
1.63936	23
1.63948	24
1.6396	25
1.63973	26
1.63986	14
1.63999	15
1.64012	16
1.64025	17
1.64038	18
1.6405	19
1.6406	20
1.64072	21
1.64082	22
1.64092	23
1.64103	24
1.64115	25
1.64127	26
1.64139	14
1.64152	15
1.64158	16
1.6417	17
1.64183	18
1.64195	19
1.64207	20
1.64219	21
1.64231	22
1.64243	23
1.64256	24
1.6427	25
1.64282	13
1.64294	14
1.64305	15
1.64314	16
1.64324	17
1.64333	18
1.64346	19
1.64357	20
1.64369	21
1.6438	22
1.64393	23
1.64405	24
1.64419	25
1.64432	13
1.64445	14
1.64456	15
1.64467	16
1.64478	17
1.64489	18
1.645	19
1.64509	20
1.64519	21
1.64528	22
1.64539	23
1.64551	24
1.64564	25
1.64577	13
1.64589	14
1.64602	15
1.64615	16
1.64628	17
1.64639	18
1.64651	19
1.64662	20
1.64675	21
1.64685	22
1.64698	23
1.6471	24
1.64722	25
1.64734	26
1.64743	14
1.64756	15
1.64768	16
1.64779	17
1.6479	18
1.64801	19
1.64812	20
1.64824	21
1.64836	22
1.64849	23
1.64863	24
1.64876	25
1.64889	13
1.64901	14
1.6491	15
1.64913	16
1.64923	17
1.64933	18
1.64944	19
1.64955	20
1.64967	21
1.6498	22
1.64992	23
1.65006	24
1.6502	25
1.65034	13
1.65043	14
1.65052	15
1.65061	16
1.6507	17
1.65075	18
1.65085	19
1.65097	20
1.65108	21
1.65121	22
1.65133	23
1.65147	24
1.6516	25
1.65171	13
1.65182	14
1.65193	15
1.65204	16
1.65216	17
1.65228	18
1.6524	19
1.65252	20
1.65264	21
1.65272	22
1.65286	23
1.65297	24
1.65308	25
1.65318	26
1.65329	27
1.65341	14
1.65354	15
1.65365	16
1.65377	17
1.6539	18
1.65402	19
1.65416	20
1.65429	21
1.65441	22
1.6545	23
1.6546	24
1.65471	25
1.65482	26
1.65492	27
1.65504	14
1.65511	15
1.65522	16
1.65534	17
1.65546	18
1.65559	19
1.65571	20
1.65582	21
1.65594	22
1.65606	23
1.65619	24
1.65632	25
1.65645	13
1.65659	14
1.65668	15
1.65672	16
1.65683	17
1.65695	18
1.65708	19
1.65719	20
1.6573	21
1.65741	22
1.65753	23
1.65766	24
1.65778	25
1.65792	13
1.65805	14
1.65817	15
1.65828	16
1.6584	17
1.65846	18
1.65857	19
1.65869	20
1.65882	21
1.65894	22
1.65908	23
1.65919	24
1.65932	25
1.65944	14
1.65957	14
1.65969	15
1.6598	16
1.65992	17
1.66003	18
1.66015	19
1.66027	20
1.66038	21
1.66044	22
1.66057	23
1.6607	24
1.66084	14
1.66097	14
1.66106	15
1.66117	16
1.66128	17
1.66139	18
1.6615	19
1.66163	20
1.66174	21
1.66186	22
1.66199	23
1.66212	24
1.66225	25
1.66238	14
1.66244	15
1.66254	16
1.66265	17
1.66276	18
1.66287	19
1.66299	20
1.66312	21
1.66323	22
1.66335	23
1.66347	24
1.6636	25
1.66373	14
1.66386	15
1.66396	16
1.664	17
1.66412	18
1.66425	19
1.66438	20
1.66451	21
1.66463	22
1.66476	23
1.6649	24
1.66502	25
1.66513	14
1.66525	15
1.66536	16
1.66546	17
1.66558	18
1.66569	19
1.66581	20
1.66587	21
1.66599	22
1.66611	23
1.66624	24
1.66638	25
1.6665	14
1.66663	15
1.66673	16
1.66684	17
1.66695	18
1.66707	19
1.66718	20
1.66731	21
1.66742	22
1.66754	23
1.66766	24
1.66778	25
1.66791	14
1.66803	15
1.66814	16
1.6682	17
1.66833	18
1.66845	19
1.66859	20
1.66872	21
1.66883	22
1.66894	23
1.66906	24
1.66919	25
1.66931	26
1.66943	15
1.66954	16
1.66964	17
1.66976	18
1.66988	19
1.67001	20
1.67007	21
1.67019	22
1.67032	23
1.67045	24
1.67058	25
1.67071	14
1.67082	15
1.67092	16
1.67103	17
1.67114	18
1.67124	19
1.67136	20
1.67147	21
1.6716	22
1.67172	23
1.67185	24
1.67197	25
1.6721	14
1.67222	15
1.67234	16
1.67241	17
1.67253	18
1.67266	19
1.67279	20
1.67291	21
1.67302	22
1.67313	23
1.67325	24
1.67336	25
1.67349	14
1.67361	15
1.67371	16
1.67382	17
1.67394	18
1.67406	19
1.67419	20
1.67426	21
1.67438	22
1.67451	23
1.67464	24
1.67478	25
1.6749	14
1.67501	15
1.67512	16
1.6752	17
1.67532	18
1.67542	19
1.67554	20
1.67567	21
1.6758	22
1.67592	23
1.67605	24
1.67617	25
1.67629	26
1.67641	15
1.67654	16
1.67662	17
1.67675	18
1.67688	19
1.67702	20
1.67711	21
1.67722	22
1.67734	23
1.67745	24
1.67757	25
1.6777	15
1.67782	15
1.67793	16
1.67804	17
1.67816	18
1.67827	19
1.67839	20
1.6785	21
1.67862	22
1.67875	23
1.67888	24
1.67902	25
1.67913	15
1.67924	16
1.67934	17
1.67942	18
1.67953	19
1.67964	20
1.67977	21
1.6799	22
1.68003	23
1.68016	24
1.68028	25
1.6804	15
1.68053	15
1.68064	16
1.68076	17
1.68086	18
1.68098	19
1.68111	20
1.68123	21
1.68134	22
1.68143	23
1.68155	24
1.68167	25
1.68179	26
1.68192	15
1.68204	16
1.68214	17
1.68226	18
1.68238	19
1.6825	20
1.68263	21
1.68275	22
1.68286	23
1.68299	24
1.68312	25
1.68326	14
1.68339	15
1.68348	16
1.68359	17
1.6837	18
1.68377	19
1.68389	20
1.684	21
1.68413	22
1.68426	23
1.68438	24
1.68451	25
1.68464	14
1.68478	15
1.6849	16
1.68497	17
1.68507	18
1.68518	19
1.68529	20
1.68541	21
1.68553	22
1.68566	23
1.68577	24
1.68586	25
1.68599	15
1.68612	16
1.68623	17
1.68633	18
1.68645	19
1.68657	20
1.6867	21
1.68681	22
1.68694	23
1.68705	24
1.68717	25
1.68729	26
1.68741	15
1.68754	16
1.68766	17
1.68776	18
1.68783	19
1.68795	20
1.68807	21
1.6882	22
1.68831	23
1.68843	24
1.68856	25
1.68869	14
1.68883	15
1.68894	16
1.68905	17
1.68915	18
1.68924	19
1.68936	20
1.68947	21
1.6896	22
1.68973	23
1.68985	24
1.68993	25
1.69006	26
1.69019	15
1.69032	16
1.69042	17
1.69054	18
1.69066	19
1.69078	20
1.69091	21
1.69104	22
1.69116	23
1.69128	24
1.69139	25
1.69151	26
1.69163	15
1.69176	16
1.69188	17
1.69199	18
1.69204	19
1.69216	20
1.69227	21
1.6924	22
1.69253	23
1.69267	24
1.6928	14
1.69291	15
1.69302	16
1.69313	17
1.69325	18
1.69336	19
1.69346	20
1.69358	21
1.6937	22
1.69383	23
1.69395	24
1.69408	25
1.69417	14
1.6943	15
1.69441	16
1.69452	17
1.69465	18
1.69479	19
1.69489	20
1.695	21
1.69512	22
1.69524	23
1.69536	24
1.69548	25
1.69561	14
1.69573	15
1.69584	16
1.6959	17
1.69603	18
1.69615	19
1.69627	20
1.69638	21
1.69651	22
1.69664	23
1.69678	24
1.6969	14
1.69702	15
1.69712	16
1.69723	17
1.69734	18
1.69745	19
1.69757	20
1.69768	21
1.69776	22
1.69788	23
1.69801	24
1.69814	25
1.69828	15
1.6984	15
1.69852	16
1.69861	17
1.69872	18
1.69883	19
1.69895	20
1.69908	21
1.69919	22
1.69929	23
1.69941	24
1.69954	25
1.69967	14
1.69981	15
1.69993	16
1.7	17
1.7001	18
1.70021	19
1.70033	20
1.70043	21
1.70056	22
1.70067	23
1.70079	24
1.70091	25
1.70104	26
1.70117	15
1.7013	16
1.70139	17
1.70152	18
1.70163	19
1.70175	20
1.70185	21
1.70197	22
1.7021	23
1.70223	24
1.70236	25
1.70249	14
1.70261	15
1.70273	16
1.70284	17
1.70297	18
1.70309	19
1.70319	20
1.70331	21
1.70342	22
1.70354	23
1.70366	24
1.70378	25
1.70391	14
1.70404	15
1.70417	16
1.70424	17
1.70436	18
1.70448	19
1.7046	20
1.70472	21
1.70483	22
1.70494	23
1.70505	24
1.70516	25
1.70528	26
1.70541	14
1.70554	15
1.70564	16
1.70577	17
1.70591	18
1.70603	19
1.70612	20
1.70622	21
1.70632	22
1.70643	23
1.70654	24
1.70666	25
1.70678	26
1.70691	14
1.70704	15
1.70712	16
1.70725	17
1.70734	18
1.70747	19
1.70758	20
1.70769	21
1.70782	22
1.70794	23
1.70808	24
1.70821	25
1.7083	14
1.70842	15
1.70854	16
1.70865	17
1.70876	18
1.70884	19
1.70896	20
1.70909	21
1.7092	22
1.7093	23
1.70943	24
1.70956	25
1.70969	14
1.70983	14
1.70994	15
1.71001	16
1.71012	17
1.71023	18
1.71034	19
1.71046	20
1.71059	21
1.7107	22
1.71082	23
1.71091	24
1.71104	25
1.71117	14
1.71128	14
1.7114	15
1.71151	16
1.71163	17
1.71171	18
1.71184	19
1.71198	20
1.71212	21
1.71223	22
1.71233	23
1.71244	24
1.71255	25
1.71267	26
1.71274	14
1.71286	15
1.71298	16
1.71309	17
1.71322	18
1.71334	19
1.71347	20
1.71361	21
1.7137	22
1.71379	23
1.7139	24
1.71401	25
1.71412	26
1.71424	14
1.71437	15
1.71444	16
1.71455	17
1.71467	18
1.7148	19
1.71493	20
1.71505	21
1.71517	22
1.71528	23
1.7154	24
1.71552	25
1.71565	14
1.71578	15
1.7159	16
1.71599	17
1.71611	18
1.71618	19
1.71629	20
1.71641	21
1.71653	22
1.71665	23
1.71677	24
1.71688	25
1.71701	26
1.71713	15
1.71727	15
1.71737	16
1.7175	17
1.71762	18
1.71774	19
1.71785	20
1.71797	21
1.71808	22
1.7182	23
1.71828	24
1.71841	25
1.71853	14
1.71866	15
1.71877	16
1.71889	17
1.71899	18
1.71909	19
1.71921	20
1.71934	21
1.71947	22
1.7196	23
1.71973	24
1.71987	14
1.71999	15
1.72007	16
1.72017	17
1.72023	18
1.72034	19
1.72045	20
1.72057	21
1.72069	22
1.72082	23
1.72094	24
1.72108	25
1.72121	14
1.72135	15
1.72143	16
1.72152	17
1.72162	18
1.72171	19
1.72182	20
1.72193	21
1.72205	22
1.72213	23
1.72225	24
1.72239	25
1.72251	14
1.72264	15
1.72275	16
1.72284	17
1.72296	18
1.72307	19
1.72319	20
1.72331	21
1.72344	22
1.72358	23
1.72372	24
1.72382	14
1.72394	15
1.72404	16
1.72415	17
1.72422	18
1.72434	19
1.72446	20
1.72457	21
1.72469	22
1.72481	23
1.72494	24
1.72506	25
1.72519	15
1.72532	16
1.72544	17
1.72553	18
1.72566	19
1.7258	20
1.72591	21
1.72601	22
1.72612	23
1.72621	24
1.72633	25
1.72645	26
1.72657	15
1.72668	16
1.72679	17
1.72691	18
1.72702	19
1.72715	20
1.72728	21
1.72741	22
1.7275	23
1.72763	24
1.72774	25
1.72784	26
1.72795	27
1.72807	16
1.72818	17
1.72828	18
1.72837	19
1.72848	20
1.72861	21
1.72874	22
1.72887	23
1.72899	24
1.7291	25
1.72921	26
1.72933	15
1.72946	16
1.72958	17
1.7297	18
1.72983	19
1.72996	20
1.73005	21
1.73018	22
1.73029	23
1.7304	24
1.7305	25
1.73063	26
1.73076	15
1.73088	16
1.73098	17
1.7311	18
1.7312	19
1.73132	20
1.73145	21
1.73157	22
1.7317	23
1.73182	24
1.73196	25
1.7321	14
1.73222	15
1.73232	16
1.73239	17
1.73249	18
1.73257	19
1.73269	20
1.73281	21
1.73292	22
1.73304	23
1.73315	24
1.73327	25
1.7334	14
1.73354	15
1.73366	16
1.73379	17
1.73391	18
1.73403	19
1.73415	20
1.73425	21
1.73437	22
1.7345	23
1.73463	24
1.73472	25
1.73484	26
1.73497	15
1.73511	15
1.73521	16
1.73532	17
1.73542	18
1.73553	19
1.73564	20
1.73576	21
1.73589	22
1.73602	23
1.73615	24
1.73629	25
1.73642	14
1.73653	15
1.73663	16
1.73669	17
1.7368	18
1.7369	19
1.73703	20
1.73714	21
1.73725	22
1.73737	23
1.7375	24
1.73762	25
1.73775	26
1.73788	14
1.73801	15
1.73813	16
1.73826	17
1.73838	18
1.73851	19
1.73858	20
1.73869	21
1.7388	22
1.73891	23
1.73901	24
1.73913	25
1.73926	26
1.73939	14
1.73952	15
1.73964	16
1.73976	17
1.73989	18
1.74002	19
1.74014	20
1.74024	21
1.74034	22
1.74045	23
1.74057	24
1.74068	25
1.74077	26
1.7409	14
1.74103	15
1.74113	16
1.74124	17
1.74136	18
1.74148	19
1.74161	20
1.74173	21
1.74185	22
1.74198	23
1.74211	24
1.74225	25
1.74237	13
1.74249	14
1.74259	15
1.74264	16
1.74274	17
1.74285	18
1.74297	19
1.7431	20
1.74323	21
1.74335	22
1.74348	23
1.74361	24
1.74373	25
1.74386	13
1.74399	14
1.74411	15
1.74423	16
1.74434	17
1.7444	18
1.74452	19
1.74464	20
1.74477	21
1.74487	22
1.74498	23
1.7451	24
1.74522	25
1.74535	14
1.74548	15
1.7456	16
1.74573	17
1.74586	18
1.746	19
1.74613	20
1.74624	21
1.74635	22
1.74641	23
1.74652	24
1.74664	25
1.74676	26
1.74688	14
1.74701	15
1.74712	16
1.74725	17
1.74738	18
1.7475	19
1.74763	20
1.74775	21
1.74785	22
1.74796	23
1.74808	24
1.7482	25
1.74833	26
1.74846	14
1.74859	15
1.74863	16
1.74875	17
1.74886	18
1.74898	19
1.74911	20
1.74925	21
1.74937	22
1.74949	23
1.7496	24
1.74973	25
1.74985	26
1.74998	14
1.7501	15
1.75022	16
1.75033	17
1.75037	18
1.75049	19
1.75061	20
1.75074	21
1.75086	22
1.75099	23
1.75111	24
1.75123	25
1.75136	26
1.75148	14
1.7516	15
1.75171	16
1.75183	17
1.75195	18
1.75208	19
1.75221	20
1.75232	21
1.75238	22
1.75251	23
1.75264	24
1.75276	25
1.75289	13
1.753	14
1.75311	15
1.75321	16
1.75333	17
1.75345	18
1.75358	19
1.75371	20
1.75383	21
1.75394	22
1.75405	23
1.75417	24
1.7543	25
1.75443	13
1.75449	14
1.75462	15
1.75473	16
1.75484	17
1.75495	18
1.75508	19
1.75521	20
1.75531	21
1.75542	22
1.75554	23
1.75566	24
1.75578	25
1.75591	14
1.75596	15
1.75608	16
1.75621	17
1.75634	18
1.75648	19
1.75662	20
1.75671	21
1.75681	22
1.75692	23
1.75703	24
1.75714	25
1.75727	26
1.75739	15
1.75753	15
1.75756	16
1.75769	17
1.75781	18
1.75795	19
1.75807	20
1.7582	21
1.75832	22
1.75844	23
1.75857	24
1.7587	25
1.75882	14
1.75894	15
1.75905	16
1.75917	17
1.75929	18
1.75933	19
1.75946	20
1.75959	21
1.75971	22
1.75983	23
1.75995	24
1.76008	25
1.76021	14
1.76034	15
1.76047	16
1.76057	17
1.76069	18
1.76081	19
1.76094	20
1.76106	21
1.76118	22
1.7613	23
1.76142	24
1.76147	25
1.76159	26
1.76172	14
1.76185	15
1.76197	16
1.7621	17
1.76224	18
1.76236	19
1.76246	20
1.76258	21
1.7627	22
1.76282	23
1.76293	24
1.76305	25
1.76318	26
1.76331	14
1.76344	15
1.76348	16
1.7636	17
1.76373	18
1.76385	19
1.76397	20
1.76411	21
1.76424	22
1.76436	23
1.76448	24
1.76459	25
1.7647	26
1.76483	14
1.76496	15
1.76508	16
1.76518	17
1.76523	18
1.76535	19
1.76547	20
1.7656	21
1.76573	22
1.76587	23
1.766	24
1.76611	25
1.76623	26
1.76635	14
1.76648	15
1.76659	16
1.7667	17
1.76681	18
1.76692	19
1.76703	20
1.76716	21
1.76723	22
1.76736	23
1.76749	24
1.7676	25
1.76772	26
1.76784	14
1.76797	15
1.76807	16
1.76817	17
1.76828	18
1.76839	19
1.76851	20
1.76863	21
1.76876	22
1.76888	23
1.76901	24
1.76913	25
1.76927	13
1.76941	14
1.76951	15
1.76955	16
1.76965	17
1.76976	18
1.76987	19
1.76998	20
1.7701	21
1.77022	22
1.77035	23
1.77047	24
1.7706	25
1.77073	13
1.77085	14
1.77096	15
1.77108	16
1.77119	17
1.77124	18
1.77137	19
1.7715	20
1.77164	21
1.77176	22
1.77187	23
1.77199	24
1.77211	25
1.77224	14
1.77234	15
1.77245	16
1.77256	17
1.77268	18
1.7728	19
1.77292	20
1.77305	21
1.77318	22
1.77326	23
1.77337	24
1.77348	25
1.7736	26
1.77373	14
1.77384	15
1.77394	16
1.77405	17
1.77416	18
1.77428	19
1.7744	20
1.77453	21
1.77466	22
1.77479	23
1.77491	24
1.77504	25
1.77518	14
1.7753	14
1.77539	15
1.77543	16
1.77553	17
1.77563	18
1.77575	19
1.77586	20
1.77599	21
1.77611	22
1.77624	23
1.77637	24
1.77649	25
1.77662	14
1.77674	15
1.77685	16
1.77696	17
1.77708	18
1.77712	19
1.77725	20
1.77738	21
1.77752	22
1.77765	23
1.77778	24
1.77789	25
1.77801	26
1.77814	14
1.77826	15
1.77836	16
1.77847	17
1.77858	18
1.7787	19
1.77882	20
1.77894	21
1.77907	22
1.77921	23
1.77927	24
1.77938	25
1.77949	26
1.77961	14
1.77974	15
1.77984	16
1.77994	17
1.78004	18
1.78016	19
1.78027	20
1.78039	21
1.78052	22
1.78065	23
1.78078	24
1.7809	25
1.78104	14
1.78117	14
1.78128	15
1.78132	16
1.78141	17
1.78152	18
1.78162	19
1.78174	20
1.78185	21
1.78197	22
1.7821	23
1.78222	24
1.78234	25
1.78247	26
1.7826	14
1.78272	15
1.78283	16
1.78294	17
1.783	18
1.78312	19
1.78324	20
1.78338	21
1.78351	22
1.78363	23
1.78376	24
1.78387	25
1.78399	26
1.78412	14
1.78425	15
1.78435	16
1.78446	17
1.78457	18
1.78468	19
1.7848	20
1.78493	21
1.78498	22
1.78512	23
1.78526	24
1.78537	13
1.78549	14
1.78559	15
1.7857	16
1.78581	17
1.78591	18
1.78602	19
1.78613	20
1.78625	21
1.78637	22
1.7865	23
1.78663	24
1.78675	25
1.78687	14
1.78694	15
1.78706	16
1.78719	17
1.78732	18
1.78744	19
1.78754	20
1.78765	21
1.78777	22
1.78789	23
1.78801	24
1.78814	25
1.78826	14
1.78838	15
1.78849	16
1.78854	17
1.78866	18
1.78879	19
1.78892	20
1.78904	21
1.78917	22
1.7893	23
1.78944	24
1.78956	14
1.78968	15
1.78978	16
1.78989	17
1.78999	18
1.79011	19
1.79023	20
1.79035	21
1.79042	22
1.79054	23
1.79067	24
1.7908	25
1.79093	15
1.79106	15
1.79116	16
1.79126	17
1.79137	18
1.79148	19
1.7916	20
1.79172	21
1.79185	22
1.79195	23
1.79207	24
1.7922	25
1.79232	14
1.79246	15
1.79257	16
1.79263	17
1.79275	18
1.79287	19
1.793	20
1.79313	21
1.79325	22
1.79338	23
1.79349	24
1.79361	25
1.79374	26
1.79387	15
1.794	16
1.79409	17
1.79421	18
1.79433	19
1.79445	20
1.79451	21
1.79464	22
1.79478	23
1.7949	24
1.79502	25
1.79513	26
1.79526	15
1.79539	16
1.79551	17
1.79562	18
1.79573	19
1.79585	20
1.79594	21
1.79607	22
1.79621	23
1.79634	24
1.79646	14
1.79657	15
1.79668	16
1.79679	17
1.79686	18
1.79698	19
1.7971	20
1.79722	21
1.79734	22
1.79747	23
1.7976	24
1.79773	25
1.79787	14
1.79799	15
1.79809	16
1.79817	17
1.79828	18
1.7984	19
1.79852	20
1.79865	21
1.79876	22
1.79883	23
1.79895	24
1.79908	25
1.79922	14
1.79935	15
1.79948	16
1.79958	17
1.79968	18
1.79979	19
1.7999	20
1.80001	21
1.80013	22
1.80025	23
1.80037	24
1.80049	25
1.80062	14
1.80075	15
1.80088	16
1.80094	17
1.80106	18
1.80118	19
1.80131	20
1.80144	21
1.80156	22
1.80166	23
1.80177	24
1.80189	25
1.80201	26
1.80214	15
1.80227	16
1.80238	17
1.80249	18
1.80261	19
1.80273	20
1.80281	21
1.80294	22
1.80307	23
1.80318	24
1.80329	25
1.80341	26
1.80354	15
1.80366	16
1.80377	17
1.80389	18
1.804	19
1.80411	20
1.80423	21
1.80436	22
1.80449	23
1.80462	24
1.80475	25
1.80486	14
1.80498	15
1.80507	16
1.80515	17
1.80526	18
1.80538	19
1.80551	20
1.80563	21
1.80575	22
1.80587	23
1.80599	24
1.8061	25
1.80624	14
1.80637	15
1.80647	16
1.80657	17
1.80669	18
1.80679	19
1.80689	20
1.80699	21
1.80712	22
1.80726	23
1.80738	24
1.80751	25
1.80763	14
1.80775	15
1.80786	16
1.80795	17
1.80807	18
1.8082	19
1.80833	20
1.80845	21
1.80858	22
1.80871	23
1.80883	24
1.80893	25
1.80904	14
1.80916	15
1.80927	16
1.80936	17
1.80948	18
1.8096	19
1.80973	20
1.80983	21
1.80996	22
1.81009	23
1.8102	24
1.81031	25
1.81042	26
1.81054	27
1.81066	15
1.81075	16
1.81087	17
1.81099	18
1.8111	19
1.81122	20
1.81135	21
1.81149	22
1.81162	23
1.81175	24
1.81186	25
1.81197	26
1.81208	27
1.81217	15
1.8123	16
1.81241	17
1.81249	18
1.81261	19
1.81274	20
1.81287	21
1.81301	22
1.81315	23
1.81326	24
1.81336	25
1.81347	26
1.81359	27
1.81371	15
1.81383	16
1.81395	17
1.81403	18
1.81415	19
1.81428	20
1.81441	21
1.8145	22
1.81462	23
1.81475	24
1.81486	25
1.81497	26
1.81508	27
1.8152	15
1.81533	16
1.81544	17
1.81555	18
1.81567	19
1.8158	20
1.81592	21
1.81601	22
1.81614	23
1.81625	24
1.81637	25
1.8165	14
1.81663	15
1.81675	16
1.81688	17
1.81698	18
1.81711	19
1.81724	20
1.81735	21
1.81747	22
1.81758	23
1.8177	24
1.81783	25
1.81796	14
1.81808	15
1.8182	16
1.81829	17
1.81841	18
1.81853	19
1.81866	20
1.8188	21
1.81891	22
1.81899	23
1.81911	24
1.81924	25
1.81937	14
1.81949	15
1.8196	16
1.81969	17
1.81981	18
1.81993	19
1.82006	20
1.82017	21
1.82029	22
1.82041	23
1.82055	24
1.82069	25
1.82079	14
1.82091	15
1.821	16
1.8211	17
1.82121	18
1.82132	19
1.82144	20
1.82156	21
1.82169	22
1.82181	23
1.82194	24
1.82206	25
1.8222	14
1.82232	15
1.82242	16
1.82249	17
1.82259	18
1.82269	19
1.8228	20
1.8229	21
1.82302	22
1.82314	23
1.82325	24
1.82337	25
1.82349	26
1.82361	15
1.82374	16
1.82385	17
1.82398	18
1.82411	19
1.82423	20
1.82431	21
1.82442	22
1.82454	23
1.82466	24
1.82477	25
1.82489	26
1.82501	15
1.82513	15
1.82523	16
1.82535	17
1.82545	18
1.82558	19
1.82569	20
1.82579	21
1.8259	22
1.82602	23
1.82613	24
1.82626	25
1.82639	14
1.82652	15
1.82662	16
1.82671	17
1.82682	18
1.82693	19
1.82706	20
1.82719	21
1.82732	22
1.82743	23
1.82754	24
1.82766	25
1.82779	26
1.82792	15
1.82805	15
1.82816	16
1.82826	17
1.82837	18
1.82849	19
1.82859	20
1.82872	21
1.82884	22
1.82897	23
1.82908	24
1.8292	25
1.82932	26
1.82945	14
1.82957	15
1.82966	16
1.82978	17
1.82991	18
1.83004	19
1.83017	20
1.83028	21
1.83038	5
1.83038	6
1.83039	7
1.83039	8
1.83039	9
1.8304	10
1.83048	4
1.83051	5
1.83051	6
1.83053	7
1.83054	8
1.83056	9
1.83056	10
1.83058	11
1.83067	12
1.83077	13
1.83088	14
1.831	15
1.83112	16
1.83124	17
1.83136	18
1.83149	19
1.83161	20
1.83167	21
1.83177	22
1.83187	23
1.83198	24
1.83209	25
1.83221	26
1.83233	14
1.83246	15
1.83258	16
1.8327	17
1.83283	18
1.83296	19
1.83308	20
1.83319	21
1.83329	22
1.83341	23
1.83354	24
1.83367	25
1.8338	14
1.83392	14
1.83398	15
1.83408	16
1.8342	17
1.83432	18
1.83445	19
1.83457	20
1.83468	21
1.8348	22
1.83492	23
1.83504	24
1.83517	25
1.8353	14
1.83541	14
1.83553	15
1.8356	16
1.8357	17
1.83579	18
1.8359	19
1.83602	20
1.83614	21
1.83626	22
1.83637	23
1.83649	24
1.83662	25
1.83675	14
1.83686	15
1.83698	16
1.83711	17
1.83723	18
1.8373	19
1.83743	20
1.83755	21
1.83768	22
1.83779	23
1.83791	24
1.83802	25
1.83815	26
1.83827	15
1.8384	15
1.83849	16
1.8386	17
1.83872	18
1.83884	19
1.83897	20
1.8391	21
1.83924	22
1.83937	23
1.83943	24
1.83955	25
1.83966	26
1.83978	14
1.8399	15
1.83999	16
1.8401	17
1.84021	18
1.84033	19
1.84046	20
1.84059	21
1.84072	22
1.84085	23
1.84097	24
1.84111	25
1.84123	14
1.84135	15
1.84145	16
1.84148	17
1.84159	18
1.8417	19
1.84182	20
1.84194	21
1.84206	22
1.8422	23
1.84232	24
1.84245	25
1.84257	14
1.84269	15
1.84281	16
1.84293	17
1.84305	18
1.84318	19
1.84331	20
1.84337	21
1.84349	22
1.84361	23
1.84373	24
1.84385	25
1.84397	26
1.84409	14
1.84421	15
1.84433	16
1.84444	17
1.84456	18
1.84469	19
1.84482	20
1.84496	21
1.8451	22
1.84521	23
1.84531	24
1.84542	25
1.84553	26
1.84565	27
1.8457	15
1.84581	16
1.84593	17
1.84605	18
1.84617	19
1.8463	20
1.84643	21
1.84655	22
1.84667	23
1.84678	24
1.8469	25
1.84703	26
1.84716	14
1.8473	15
1.84741	16
1.84752	17
1.84755	18
1.84766	19
1.84779	20
1.84791	21
1.84804	22
1.84815	23
1.84827	24
1.84839	25
1.84851	26
1.84864	14
1.84877	15
1.84888	16
1.84901	17
1.84914	18
1.84928	19
1.8494	20
1.8495	21
1.84953	22
1.84963	23
1.84974	24
1.84986	25
1.84997	26
1.8501	14
1.85023	15
1.85034	16
1.85046	17
1.85059	18
1.85072	19
1.85084	20
1.85097	21
1.85109	22
1.85121	23
1.85134	24
1.85147	25
1.85161	13
1.85173	14
1.85184	15
1.85187	16
1.85198	17
1.8521	18
1.85222	19
1.85234	20
1.85245	21
1.85256	22
1.85268	23
1.8528	24
1.85293	25
1.85306	13
1.8532	14
1.85333	15
1.85344	16
1.85354	17
1.85356	18
1.85367	19
1.85379	20
1.85391	21
1.85402	22
1.85413	23
1.85425	24
1.85437	25
1.8545	14
1.85464	15
1.85476	16
1.85488	17
1.855	18
1.85512	19
1.85525	20
1.85537	21
1.85549	22
1.85552	23
1.85565	24
1.85579	25
1.85593	14
1.85605	14
1.85616	15
1.85626	16
1.85637	17
1.85648	18
1.85659	19
1.85672	20
1.85684	21
1.85695	22
1.85707	23
1.8572	24
1.85733	25
1.85746	14
1.85751	14
1.85763	15
1.85774	16
1.85784	17
1.85794	18
1.85806	19
1.85817	20
1.85829	21
1.85842	22
1.85854	23
1.85866	24
1.85878	25
1.85891	14
1.85895	15
1.85905	16
1.85917	17
1.85929	18
1.85941	19
1.85954	20
1.85967	21
1.8598	22
1.85992	23
1.86006	24
1.86019	25
1.86032	14
1.86043	15
1.86052	16
1.86055	17
1.86066	18
1.86077	19
1.86089	20
1.86101	21
1.86114	22
1.86126	23
1.86138	24
1.86151	25
1.86164	14
1.86176	14
1.86188	15
1.86199	16
1.86211	17
1.86224	18
1.86237	19
1.8624	20
1.86252	21
1.86264	22
1.86275	23
1.86287	24
1.86299	25
1.86311	26
1.86324	14
1.86336	15
1.86347	16
1.86359	17
1.86371	18
1.86384	19
1.86397	20
1.8641	21
1.86422	22
1.86433	23
1.86445	24
1.86456	25
1.86461	26
1.86472	15
1.86484	15
1.86494	16
1.86505	17
1.86517	18
1.86529	19
1.86541	20
1.86554	21
1.86567	22
1.86579	23
1.86592	24
1.86605	25
1.86617	14
1.8663	15
1.86642	16
1.86646	17
1.86658	18
1.86671	19
1.86685	20
1.86697	21
1.86708	22
1.8672	23
1.86732	24
1.86745	25
1.86757	14
1.8677	15
1.86781	16
1.86793	17
1.86805	18
1.86817	19
1.86831	20
1.86834	21
1.86847	22
1.86858	23
1.8687	24
1.86882	25
1.86893	26
1.86905	27
1.86917	16
1.8693	16
1.86941	17
1.86953	18
1.86966	19
1.86979	20
1.86991	21
1.87003	22
1.87016	23
1.87029	24
1.87042	25
1.87054	14
1.87068	15
1.87071	16
1.87083	17
1.87094	18
1.87106	19
1.87118	20
1.8713	21
1.87143	22
1.87156	23
1.87167	24
1.87178	25
1.8719	26
1.87203	15
1.87216	16
1.87228	17
1.87239	18
1.87244	19
1.87258	20
1.87271	21
1.87284	22
1.87294	23
1.87304	24
1.87315	25
1.87327	26
1.87339	15
1.87352	16
1.87363	17
1.87375	18
1.87387	19
1.874	20
1.87414	21
1.87426	22
1.87437	23
1.87447	24
1.87452	25
1.87463	26
1.87474	27
1.87486	15
1.87499	16
1.8751	17
1.87522	18
1.87534	19
1.87547	20
1.8756	21
1.87571	22
1.87582	23
1.87594	24
1.87606	25
1.87619	15
1.87632	16
1.87645	17
1.87658	18
1.8767	19
1.87676	20
1.87688	21
1.87699	22
1.8771	23
1.87722	24
1.87734	25
1.87746	26
1.87758	15
1.87771	16
1.87782	17
1.87794	18
1.87806	19
1.87819	20
1.87833	21
1.87845	22
1.87859	23
1.87872	24
1.87883	25
1.87894	15
1.87899	16
1.87909	17
1.8792	18
1.87932	19
1.87943	20
1.87956	21
1.87969	22
1.87982	23
1.87994	24
1.88008	25
1.8802	15
1.88033	16
1.88044	17
1.88054	18
1.88065	19
1.88069	20
1.8808	21
1.88092	22
1.88105	23
1.88118	24
1.8813	25
1.88142	26
1.88155	15
1.88168	16
1.88179	17
1.8819	18
1.88201	19
1.88213	20
1.88226	21
1.88239	22
1.88252	23
1.88264	24
1.88276	25
1.88288	26
1.88292	15
1.88305	16
1.88317	17
1.88328	18
1.88339	19
1.8835	20
1.88362	21
1.88375	22
1.88388	23
1.88401	24
1.88413	25
1.88426	14
1.8844	15
1.88452	16
1.88464	17
1.88473	18
1.88478	19
1.88489	20
1.885	21
1.88512	22
1.88525	23
1.88538	24
1.88551	25
1.88564	14
1.88577	15
1.88588	16
1.88598	17
1.88611	18
1.88623	19
1.88635	20
1.88648	21
1.88661	22
1.88674	23
1.88686	24
1.88693	25
1.88705	26
1.88717	15
1.88729	16
1.8874	17
1.88752	18
1.88764	19
1.88775	20
1.88784	21
1.88796	22
1.88808	23
1.88822	24
1.88835	25
1.88849	14
1.8886	15
1.8887	16
1.88881	17
1.88891	18
1.88897	19
1.88909	20
1.88921	21
1.88933	22
1.88945	23
1.88957	24
1.88969	25
1.88982	14
1.88995	15
1.89005	16
1.89015	17
1.89027	18
1.89039	19
1.89052	20
1.89066	21
1.89078	22
1.89088	23
1.89099	24
1.89106	25
1.89118	26
1.8913	15
1.89143	16
1.89153	17
1.89164	18
1.89176	19
1.89187	20
1.892	21
1.89213	22
1.89226	23
1.89238	24
1.89251	25
1.89265	14
1.89279	15
1.89289	16
1.89299	17
1.89309	18
1.89314	19
1.89325	20
1.89336	21
1.89349	22
1.89361	23
1.89375	24
1.89386	25
1.89399	15
1.89412	15
1.89423	16
1.89434	17
1.89446	18
1.89458	19
1.89471	20
1.89484	21
1.89498	22
1.8951	23
1.89522	24
1.89527	25
1.89539	26
1.89551	15
1.89563	16
1.89573	17
1.89584	18
1.89595	19
1.89607	20
1.8962	21
1.89633	22
1.89646	23
1.8966	24
1.89674	14
1.89685	15
1.89696	16
1.89707	17
1.89718	18
1.8973	19
1.89733	20
1.89744	21
1.89755	22
1.89767	23
1.89779	24
1.89792	25
1.89806	14
1.8982	15
1.89831	16
1.89843	17
1.89855	18
1.89868	19
1.8988	20
1.89893	21
1.89905	22
1.89919	23
1.89933	24
1.89945	14
1.89958	15
1.8996	16
1.89972	17
1.89983	18
1.89995	19
1.90007	20
1.9002	21
1.90032	22
1.90044	23
1.90057	24
1.9007	25
1.90083	14
1.90097	15
1.90108	16
1.90118	17
1.90128	18
1.90131	19
1.90142	20
1.90154	21
1.90166	22
1.90177	23
1.90188	24
1.902	25
1.90213	26
1.90226	15
1.90239	16
1.90252	17
1.90263	18
1.90275	19
1.90287	20
1.903	21
1.90313	22
1.90325	23
1.90336	24
1.9034	25
1.90352	26
1.90364	15
1.90377	16
1.90389	17
1.90401	18
1.90413	19
1.90425	20
1.90437	21
1.90449	22
1.90462	23
1.90474	24
1.90487	25
1.905	15
1.90513	16
1.90526	17
1.90537	18
1.90548	19
1.90552	20
1.90564	21
1.90576	22
1.90588	23
1.906	24
1.90612	25
1.90624	15
1.90636	16
1.90647	17
1.90659	18
1.90671	19
1.90683	20
1.90697	21
1.9071	22
1.90723	23
1.90734	24
1.90745	25
1.90757	26
1.90769	15
1.90774	16
1.90785	17
1.90796	18
1.90806	19
1.90818	20
1.9083	21
1.90843	22
1.90857	23
1.90869	24
1.90881	25
1.90894	15
1.90907	16
1.90919	17
1.9093	18
1.9094	19
1.90944	20
1.90955	21
1.90967	22
1.90979	23
1.90991	24
1.91004	25
1.91016	15
1.91028	16
1.9104	17
1.91052	18
1.91065	19
1.91077	20
1.91089	21
1.91101	22
1.91115	23
1.91128	24
1.91141	15
1.91153	15
1.91162	16
1.91166	17
1.91177	18
1.91189	19
1.912	20
1.91213	21
1.91224	22
1.91236	23
1.91249	24
1.91262	25
1.91275	15
1.91289	16
1.91301	17
1.91311	18
1.91322	19
1.91332	20
1.91344	21
1.91349	22
1.91361	23
1.91373	24
1.91385	25
1.91397	26
1.9141	15
1.91424	16
1.91435	17
1.91446	18
1.91457	19
1.9147	20
1.91483	21
1.91496	22
1.9151	23
1.91521	24
1.91532	25
1.91544	26
1.91556	15
1.91568	16
1.9158	17
1.91591	18
1.91594	19
1.91606	20
1.91618	21
1.9163	22
1.91643	23
1.91656	24
1.91668	25
1.91681	15
1.91694	16
1.91706	17
1.91719	18
1.91733	19
1.91744	20
1.91755	21
1.91766	22
1.91778	23
1.9179	24
1.91802	25
1.91808	15
1.91821	16
1.91832	17
1.91843	18
1.91855	19
1.91868	20
1.91881	21
1.91894	22
1.91906	23
1.91919	24
1.91932	25
1.91946	15
1.91958	16
1.91967	17
1.91978	18
1.91989	19
1.91992	20
1.92004	21
1.92016	22
1.92028	23
1.92041	24
1.92053	25
1.92065	26
1.92078	15
1.92091	16
1.92104	17
1.92117	18
1.92129	19
1.92141	20
1.92153	21
1.92167	22
1.9218	23
1.92191	24
1.92202	25
1.92213	26
1.92218	27
1.9223	16
1.92243	17
1.92255	18
1.92267	19
1.9228	20
1.92293	21
1.92305	22
1.92318	23
1.9233	24
1.92341	25
1.92354	26
1.92367	15
1.9238	16
1.92392	17
1.92404	18
1.92415	19
1.92427	20
1.92432	21
1.92444	22
1.92456	23
1.92468	24
1.92481	25
1.92494	14
1.92506	15
1.92517	16
1.92528	17
1.9254	18
1.92551	19
1.92564	20
1.92577	21
1.92589	22
1.926	23
1.92611	24
1.92623	25
1.92636	26
1.92648	15
1.92659	16
1.92665	17
1.92676	18
1.92688	19
1.927	20
1.92712	21
1.92725	22
1.92737	23
1.92749	24
1.92759	25
1.92773	14
1.92787	15
1.92798	16
1.92807	17
1.92818	18
1.92827	19
1.92838	20
1.92845	21
1.92857	22
1.92869	23
1.92882	24
1.92894	25
1.92906	26
1.92919	15
1.92932	15
1.92941	16
1.92952	17
1.92964	18
1.92976	19
1.92989	20
1.93002	21
1.93015	22
1.93029	23
1.9304	24
1.9305	25
1.93062	26
1.93074	15
1.93082	15
1.93093	16
1.93103	17
1.93112	18
1.93123	19
1.93135	20
1.93147	21
1.9316	22
1.93173	23
1.93185	24
1.93197	25
1.93211	14
1.93224	15
1.93237	16
1.93241	17
1.9325	18
1.93261	19
1.93272	20
1.93283	21
1.93294	22
1.93305	23
1.93318	24
1.9333	25
1.93342	26
1.93355	14
1.93368	15
1.93381	16
1.93392	17
1.93403	18
1.93414	19
1.93421	20
1.93434	21
1.93447	22
1.93461	23
1.93472	24
1.93484	25
1.93495	26
1.93507	14
1.9352	15
1.93529	16
1.9354	17
1.93551	18
1.93562	19
1.93574	20
1.93587	21
1.936	22
1.93611	23
1.93623	24
1.93636	25
1.93646	14
1.9366	15
1.9367	16
1.93679	17
1.93689	18
1.93698	19
1.93709	20
1.93721	21
1.93733	22
1.93746	23
1.93758	24
1.9377	25
1.93783	26
1.93796	14
1.93809	15
1.93816	16
1.93827	17
1.93838	18
1.93851	19
1.93863	20
1.93877	21
1.93889	22
1.939	23
1.93909	24
1.9392	25
1.93932	26
1.93945	14
1.93958	15
1.93969	16
1.93979	17
1.93986	18
1.93998	19
1.94009	20
1.94022	21
1.94035	22
1.94047	23
1.9406	24
1.94073	25
1.94087	13
1.94099	14
1.94109	15
1.94118	16
1.94128	17
1.94138	18
1.94149	19
1.94161	20
1.94172	21
1.9418	22
1.94192	23
1.94204	24
1.94216	25
1.94229	13
1.94243	14
1.94256	15
1.94267	16
1.94279	17
1.9429	18
1.94303	19
1.94315	20
1.94326	21
1.94337	22
1.94348	23
1.9436	24
1.94373	25
1.94385	14
1.94393	14
1.94405	15
1.94416	16
1.94427	17
1.94439	18
1.94451	19
1.94463	20
1.94474	21
1.94486	22
1.94499	23
1.94512	24
1.94525	25
1.94537	14
1.94544	15
1.94554	16
1.94565	17
1.94576	18
1.94587	19
1.94599	20
1.9461	21
1.94622	22
1.94633	23
1.94646	24
1.94659	25
1.94673	14
1.94687	15
1.94698	16
1.94702	17
1.94712	18
1.94723	19
1.94734	20
1.94746	21
1.94757	22
1.94768	23
1.9478	24
1.94792	25
1.94805	14
1.94818	15
1.9483	16
1.94841	17
1.94853	18
1.94866	19
1.94879	20
1.94884	21
1.94897	22
1.9491	23
1.94923	24
1.94936	25
1.94948	14
1.94961	15
1.94972	16
1.94984	17
1.94996	18
1.95007	19
1.95019	20
1.95031	21
1.95042	22
1.95054	23
1.95066	24
1.95079	25
1.95093	14
1.95106	15
1.95117	16
1.95121	17
1.95133	18
1.95144	19
1.95155	20
1.95166	21
1.95178	22
1.9519	23
1.95201	24
1.95213	25
1.95226	26
1.95239	15
1.95253	15
1.95264	16
1.95276	17
1.95287	18
1.953	19
1.95307	20
1.95319	21
1.95332	22
1.95345	23
1.95358	24
1.9537	25
1.95382	15
1.95395	15
1.95407	16
1.95417	17
1.95429	18
1.9544	19
1.95453	20
1.95464	21
1.95476	22
1.95488	23
1.95501	24
1.95514	25
1.95526	14
1.95534	15
1.95544	16
1.95554	17
1.95565	18
1.95576	19
1.95588	20
1.95599	21
1.9561	22
1.95622	23
1.95634	24
1.95647	25
1.9566	14
1.95674	15
1.95685	16
1.95689	17
1.95701	18
1.95713	19
1.95726	20
1.95739	21
1.95751	22
1.95764	23
1.95778	24
1.95791	14
1.95803	15
1.95814	16
1.95825	17
1.95836	18
1.95847	19
1.95859	20
1.95871	21
1.95876	22
1.95888	23
1.959	24
1.95913	25
1.95926	15
1.9594	16
1.95953	17
1.95963	18
1.95974	19
1.95985	20
1.95997	21
1.96009	22
1.9602	23
1.96032	24
1.96044	25
1.96057	26
1.9607	15
1.96082	16
1.96093	17
1.96105	18
1.96108	19
1.96121	20
1.96134	21
1.96147	22
1.96159	23
1.96173	24
1.96186	25
1.962	14
1.96212	15
1.96222	16
1.96233	17
1.96244	18
1.96255	19
1.96267	20
1.96279	21
1.96292	22
1.96304	23
1.96317	24
1.96323	25
1.96336	14
1.96349	15
1.9636	16
1.96372	17
1.96385	18
1.96398	19
1.96412	20
1.96424	21
1.96435	22
1.96446	23
1.96458	24
1.96469	25
1.9648	26
1.96492	15
1.96504	16
1.96509	17
1.96521	18
1.96533	19
1.96546	20
1.96559	21
1.96571	22
1.96584	23
1.96597	24
1.9661	25
1.96623	14
1.96634	15
1.96644	16
1.96655	17
1.96666	18
1.96676	19
1.96688	20
1.96693	21
1.96705	22
1.96718	23
1.9673	24
1.96743	25
1.96755	14
1.96767	15
1.96778	16
1.9679	17
1.96803	18
1.96815	19
1.96829	20
1.96843	21
1.96855	22
1.96866	23
1.96875	24
1.96885	25
1.96896	26
1.96907	27
1.96919	15
1.96925	16
1.96937	17
1.96948	18
1.96961	19
1.96974	20
1.96987	21
1.96999	22
1.9701	23
1.97022	24
1.97034	25
1.97047	26
1.9706	15
1.97074	16
1.97087	17
1.97098	18
1.971	19
1.97111	20
1.97124	21
1.97136	22
1.97149	23
1.97162	24
1.97173	25
1.97185	26
1.97197	15
1.97209	16
1.97221	17
1.97233	18
1.97246	19
1.97259	20
1.97272	21
1.97286	22
1.97297	23
1.97306	24
1.9731	25
1.9732	26
1.97332	27
1.97343	15
1.97355	16
1.97366	17
1.97378	18
1.9739	19
1.97402	20
1.97415	21
1.97427	22
1.9744	23
1.97451	24
1.97463	25
1.97476	26
1.97489	15
1.97502	15
1.97515	16
1.97525	17
1.97528	18
1.97539	19
1.97551	20
1.97564	21
1.97576	22
1.97588	23
1.97599	24
1.9761	25
1.97622	26
1.97635	14
1.97647	15
1.97659	16
1.97671	17
1.97684	18
1.97697	19
1.9771	20
1.97722	21
1.97725	22
1.97738	23
1.9775	24
1.97763	25
1.97777	14
1.97789	15
1.97799	16
1.97811	17
1.97822	18
1.97835	19
1.97847	20
1.97859	21
1.97871	22
1.97883	23
1.97895	24
1.97907	25
1.9792	14
1.97934	15
1.97946	16
1.97949	17
1.97962	18
1.97976	19
1.97988	20
1.97998	21
1.98008	22
1.98019	23
1.9803	24
1.98042	25
1.98055	26
1.98068	15
1.98081	15
1.98093	16
1.98106	17
1.98119	18
1.9813	19
1.98132	20
1.98144	21
1.98157	22
1.98169	23
1.98183	24
1.98197	25
1.98209	14
1.98221	15
1.98232	16
1.98243	17
1.98254	18
1.98266	19
1.98278	20
1.9829	21
1.98301	22
1.98314	23
1.98327	24
1.9834	25
1.98353	14
1.98357	15
1.98368	16
1.98381	17
1.98393	18
1.98407	19
1.98419	20
1.98431	21
1.98442	22
1.98453	23
1.98465	24
1.98478	25
1.98491	14
1.98503	15
1.98514	16
1.98517	17
1.98529	18
1.98541	19
1.98554	20
1.98566	21
1.98579	22
1.98592	23
1.98605	24
1.98618	25
1.98628	15
1.9864	15
1.98651	16
1.98662	17
1.98673	18
1.98685	19
1.98698	20
1.987	21
1.98712	22
1.98724	23
1.98737	24
1.9875	25
1.98762	15
1.98775	15
1.98787	16
1.98799	17
1.98812	18
1.98825	19
1.98839	20
1.98852	21
1.98862	22
1.98872	23
1.98883	24
1.98895	25
1.98907	26
1.98919	15
1.98931	16
1.98935	17
1.98947	18
1.9896	19
1.98973	20
1.98985	21
1.98996	22
1.99008	23
1.99021	24
1.99033	25
1.99047	14
1.99061	15
1.99071	16
1.99083	17
1.99094	18
1.99106	19
1.99117	20
1.99123	21
1.99133	22
1.99144	23
1.99156	24
1.99168	25
1.9918	26
1.99193	15
1.99207	16
1.99219	17
1.99232	18
1.99244	19
1.99257	20
1.9927	21
1.99282	22
1.99295	23
1.99308	24
1.99321	25
1.99333	14
1.99345	15
1.99356	16
1.9936	17
1.99372	18
1.99383	19
1.99395	20
1.99408	21
1.99421	22
1.99432	23
1.99445	24
1.99458	25
1.99471	14
1.99484	15
1.99495	16
1.99505	17
1.99518	18
1.99531	19
1.99544	20
1.9955	21
1.99562	22
1.99573	23
1.99585	24
1.99597	25
1.99609	26
1.99621	14
1.99633	15
1.99644	16
1.99655	17
1.99667	18
1.9968	19
1.99692	20
1.99705	21
1.99718	22
1.99729	23
1.99742	24
1.99754	25
1.99767	14
1.99781	15
1.99785	16
1.99796	17
1.99807	18
1.99819	19
1.99831	20
1.99844	21
1.99856	22
1.99867	23
1.99879	24
1.99891	25
1.99902	26
1.99914	14
1.99927	15
1.99939	16
1.99951	17
1.99958	18
1.99972	19
1.99984	20
1.99995	21
