0.200089	10
0.200206	11
0.200293	12
0.200295	13
0.200298	14
0.200301	15
0.200304	16
0.200306	17
0.200309	18
0.200312	19
0.200315	18
0.200429	19
0.20053	20
0.200632	21
0.200723	22
0.200821	23
0.200923	24
0.20103	25
0.20114	26
0.201257	27
0.201363	28
0.201473	29
0.20159	30
0.201698	31
0.201811	32
0.201916	33
0.202024	34
0.202068	35
0.202185	36
0.202306	37
0.202434	38
0.202553	39
0.202678	40
0.202798	41
0.202919	42
0.203032	43
0.20315	44
0.203273	45
0.2034	46
0.203532	47
0.203657	48
0.203788	49
0.203924	50
0.204052	49
0.204184	49
0.204305	50
0.20443	51
0.20456	52
0.204696	50
0.204833	47
0.204963	47
0.205091	48
0.205225	49
0.205351	50
0.205481	51
0.205615	48
0.205742	48
0.205867	49
0.205996	50
0.206129	51
0.206251	46
0.206321	47
0.206447	48
0.206578	49
0.206714	44
0.206842	45
0.206967	46
0.207084	47
0.207207	48
0.207336	49
0.207469	50
0.207594	45
0.207724	46
0.207851	47
0.207983	48
0.208107	49
0.208236	50
0.208369	51
0.208494	46
0.208625	46
0.208753	47
0.208885	48
0.209009	49
0.209139	50
0.209273	45
0.209413	45
0.209534	46
0.209648	47
0.209767	48
0.209891	49
0.21002	50
0.210153	51
0.210278	45
0.210408	45
0.210534	46
0.210665	47
0.210801	48
0.210927	49
0.211047	50
0.211171	51
0.2113	52
0.211434	46
0.211562	47
0.211684	48
0.211812	49
0.211942	50
0.212061	51
0.212147	44
0.212288	44
0.212409	45
0.212523	46
0.212644	47
0.212769	48
0.212898	49
0.213033	50
0.213158	43
0.213288	44
0.213413	45
0.213544	46
0.21368	47
0.2138	48
0.213916	49
0.214039	50
0.214166	51
0.214299	52
0.214423	44
0.214551	45
0.214674	46
0.214801	47
0.214933	48
0.215072	41
0.21521	42
0.215319	43
0.215433	44
0.215554	45
0.21568	46
0.215806	47
0.215927	48
0.216054	49
0.216185	50
0.21632	43
0.216461	44
0.216597	45
0.216709	46
0.216825	47
0.216948	48
0.217075	49
0.217208	50
0.21733	51
0.217456	52
0.217586	53
0.217656	45
0.217797	45
0.21793	46
0.218041	47
0.218156	48
0.218276	49
0.218401	50
0.218531	51
0.218652	52
0.218779	53
0.218911	44
0.219048	45
0.219178	46
0.219312	47
0.21944	48
0.219569	49
0.219691	50
0.219817	51
0.219949	52
0.220082	42
0.220209	43
0.220328	44
0.220452	45
0.22058	46
0.220714	47
0.220852	48
0.220981	39
0.2211	39
0.221211	40
0.221329	41
0.221452	42
0.221566	43
0.221685	44
0.221809	45
0.221939	46
0.222073	47
0.222213	48
0.222342	38
0.222463	38
0.222573	39
0.222675	40
0.222782	41
0.222894	42
0.223008	43
0.223129	44
0.223189	45
0.223319	46
0.223453	47
0.223593	37
0.223722	37
0.223828	38
0.223927	39
0.22403	40
0.224138	41
0.224251	42
0.224368	43
0.224489	44
0.224617	45
0.224749	46
0.224886	47
0.225028	37
0.225147	37
0.225242	38
0.225344	39
0.225451	40
0.225561	41
0.225677	42
0.225798	43
0.225924	44
0.226057	45
0.226194	46
0.226328	47
0.226447	48
0.226557	49
0.226671	50
0.22679	51
0.226915	52
0.227045	53
0.227181	41
0.227321	41
0.22745	42
0.227583	43
0.227707	44
0.227824	45
0.227944	46
0.228008	47
0.228121	48
0.228238	49
0.22836	50
0.228485	51
0.228616	52
0.228753	39
0.228896	40
0.229014	41
0.229136	42
0.229262	43
0.229392	44
0.229498	45
0.229611	46
0.229729	47
0.229851	48
0.229979	49
0.230111	50
0.230247	37
0.230375	38
0.230492	39
0.230613	40
0.23074	41
0.230871	42
0.230991	43
0.2311	44
0.231214	45
0.231335	46
0.231461	47
0.231592	48
0.231728	49
0.231854	36
0.231985	37
0.232104	38
0.232229	39
0.232359	40
0.232478	41
0.232586	42
0.232699	43
0.232817	44
0.232941	45
0.233069	46
0.233188	47
0.233312	48
0.233439	49
0.233573	50
0.233649	36
0.233787	37
0.233899	38
0.234002	39
0.23411	40
0.234223	41
0.234341	42
0.234463	43
0.234575	44
0.234693	45
0.234816	46
0.234944	47
0.235078	48
0.235216	35
0.235349	36
0.23545	37
0.235556	38
0.235667	39
0.235782	40
0.235902	41
0.236026	42
0.236139	43
0.236258	44
0.236383	45
0.236513	46
0.236647	47
0.236787	48
0.236902	35
0.237023	35
0.237129	36
0.237241	37
0.237358	38
0.237479	39
0.23759	40
0.237705	41
0.237824	42
0.237947	43
0.238007	44
0.238139	45
0.238276	46
0.238389	47
0.238507	48
0.23863	49
0.238757	50
0.238889	51
0.239011	37
0.239137	38
0.23925	39
0.239368	40
0.23949	41
0.239618	42
0.23975	43
0.23986	44
0.239976	45
0.240096	46
0.240221	47
0.240351	48
0.240471	49
0.240595	50
0.240723	51
0.240857	38
0.240995	39
0.241121	40
0.241224	41
0.241332	42
0.241446	43
0.241565	44
0.241687	45
0.241815	46
0.241948	47
0.242071	48
0.242198	49
0.242331	50
0.242469	37
0.242595	38
0.24269	39
0.242792	40
0.242902	41
0.243002	42
0.24312	43
0.243203	44
0.243331	45
0.243463	46
0.243584	47
0.243712	48
0.243844	49
0.243981	36
0.244107	37
0.244206	38
0.244309	39
0.244417	40
0.24453	41
0.244649	42
0.244773	43
0.2449	44
0.245016	45
0.245137	46
0.245265	47
0.245397	48
0.245533	49
0.245644	36
0.245761	37
0.245867	38
0.245977	39
0.246093	40
0.246213	41
0.246338	42
0.246453	43
0.246574	44
0.246699	45
0.246827	46
0.246961	47
0.247074	48
0.247188	49
0.247307	50
0.247431	51
0.247559	52
0.247693	39
0.247831	40
0.24794	41
0.248051	42
0.248164	43
0.248284	44
0.248362	45
0.248494	46
0.24863	47
0.248743	48
0.248861	49
0.248984	50
0.249111	51
0.249243	52
0.24938	38
0.249508	39
0.249622	40
0.249741	41
0.249863	42
0.24999	43
0.250122	44
0.250229	45
0.250341	46
0.250458	47
0.250582	48
0.250711	49
0.250844	50
0.250967	37
0.251094	38
0.25121	39
0.25133	40
0.251455	41
0.251585	42
0.251703	43
0.251812	44
0.251927	45
0.252048	46
0.25217	47
0.252298	48
0.25243	49
0.252555	50
0.252681	51
0.252807	39
0.252937	39
0.253061	40
0.253159	41
0.253264	42
0.253375	43
0.253489	44
0.253584	45
0.253707	46
0.253836	47
0.253968	48
0.254093	49
0.254223	50
0.254358	51
0.254497	38
0.254629	39
0.254727	40
0.254824	41
0.254929	42
0.255039	43
0.255157	44
0.25528	45
0.25541	46
0.255544	47
0.255668	48
0.255798	49
0.255932	50
0.256072	36
0.256186	37
0.256287	38
0.256393	39
0.256503	40
0.256619	41
0.256739	42
0.256864	43
0.256994	44
0.257114	45
0.257238	46
0.257363	47
0.25749	48
0.257602	36
0.257716	36
0.257818	37
0.257925	38
0.258037	39
0.258154	40
0.258275	41
0.258401	42
0.258517	43
0.258631	44
0.258744	45
0.258864	46
0.258996	47
0.25912	48
0.259226	49
0.259344	50
0.259466	51
0.259594	52
0.259725	38
0.259862	39
0.259971	40
0.260085	41
0.260203	42
0.260324	43
0.260452	44
0.260584	45
0.260694	46
0.260808	47
0.260927	48
0.261051	49
0.261179	50
0.261311	51
0.26145	37
0.261569	38
0.261672	39
0.261785	40
0.261909	41
0.262037	42
0.26217	43
0.262278	44
0.262392	45
0.262511	46
0.262635	47
0.262763	48
0.262897	49
0.263021	36
0.263149	37
0.263266	38
0.263387	39
0.26351	40
0.263626	41
0.263733	42
0.263839	43
0.263952	44
0.264063	45
0.264173	46
0.264293	47
0.264426	48
0.264562	49
0.264689	37
0.264821	38
0.264943	39
0.265053	40
0.265169	41
0.265289	42
0.265398	43
0.265514	44
0.265634	45
0.265753	46
0.26588	47
0.266011	48
0.266133	49
0.266261	50
0.266396	38
0.266535	39
0.266647	40
0.266747	41
0.266853	42
0.266964	43
0.267081	44
0.267204	45
0.267331	46
0.267463	47
0.267582	48
0.267707	49
0.267835	50
0.267962	39
0.268095	40
0.268206	41
0.268308	42
0.268418	43
0.268532	44
0.268651	45
0.268775	46
0.268902	47
0.269011	48
0.269129	49
0.269257	50
0.269391	51
0.269531	39
0.26966	39
0.269766	40
0.269872	41
0.26998	42
0.270093	43
0.270213	44
0.27034	45
0.270471	46
0.270591	47
0.270707	48
0.270824	49
0.27095	50
0.271088	37
0.271217	38
0.271319	39
0.271426	40
0.271538	41
0.271655	42
0.271776	43
0.271902	44
0.272033	45
0.272155	46
0.272281	47
0.272412	48
0.272548	49
0.272673	37
0.272783	37
0.272878	38
0.272985	39
0.273098	40
0.273216	41
0.273339	42
0.273466	43
0.273583	44
0.273705	45
0.273833	46
0.273961	47
0.274073	48
0.274196	49
0.274313	50
0.274436	51
0.274563	52
0.274694	40
0.27483	40
0.274955	41
0.275069	42
0.275188	43
0.275309	44
0.275423	45
0.275543	46
0.275666	47
0.27578	48
0.275899	49
0.276023	50
0.276151	51
0.276285	40
0.276423	40
0.276535	41
0.276651	42
0.276769	43
0.276883	44
0.277002	45
0.27712	46
0.277244	47
0.277358	48
0.277479	49
0.277606	50
0.277737	51
0.277872	39
0.278001	40
0.278115	41
0.278234	42
0.278358	43
0.278487	44
0.278605	45
0.278727	46
0.27884	47
0.278958	48
0.279081	49
0.279208	50
0.279333	51
0.279457	39
0.27959	40
0.279707	41
0.279819	42
0.27993	43
0.280047	44
0.280168	45
0.28029	46
0.280399	47
0.280516	48
0.280636	49
0.280762	50
0.280893	51
0.28103	38
0.281159	39
0.281275	40
0.281382	41
0.281494	42
0.281605	43
0.281714	44
0.281832	45
0.281962	46
0.282082	47
0.282207	48
0.282337	49
0.282471	50
0.282596	37
0.282726	38
0.28283	39
0.282938	40
0.283052	41
0.283171	42
0.283295	43
0.283423	44
0.283556	45
0.283678	46
0.283806	47
0.283925	48
0.284044	49
0.284155	50
0.284272	51
0.284393	52
0.28452	53
0.284651	40
0.284786	40
0.28491	41
0.285039	42
0.285158	43
0.285282	44
0.285404	45
0.285526	46
0.285631	47
0.285742	48
0.285859	49
0.28598	50
0.286107	51
0.286241	52
0.286374	38
0.286503	39
0.286621	40
0.28674	41
0.286863	42
0.286992	43
0.28711	44
0.287219	45
0.287335	46
0.287455	47
0.28758	48
0.28771	49
0.287844	50
0.287984	36
0.288128	37
0.288245	38
0.288338	39
0.288437	40
0.28854	41
0.288648	42
0.288761	43
0.28888	44
0.289002	45
0.289124	46
0.289249	47
0.289382	48
0.289523	34
0.289645	35
0.289736	36
0.289832	37
0.289933	38
0.290039	39
0.29015	40
0.290265	41
0.290385	42
0.29051	43
0.290638	44
0.290765	45
0.290896	46
0.290997	32
0.291111	33
0.291201	34
0.291298	35
0.291399	36
0.291504	37
0.291615	38
0.29173	39
0.291851	40
0.291976	41
0.292105	42
0.29224	43
0.292365	44
0.29248	45
0.292586	46
0.292697	47
0.292812	48
0.292932	49
0.293059	50
0.293182	51
0.293307	36
0.293441	37
0.293566	38
0.293681	39
0.293801	40
0.293912	41
0.294027	42
0.294146	43
0.294258	44
0.294375	45
0.294496	46
0.294619	47
0.294737	48
0.294836	49
0.294975	35
0.295118	35
0.295233	36
0.295323	37
0.295419	38
0.29552	39
0.295626	40
0.295737	41
0.295853	42
0.295975	43
0.296101	44
0.296232	45
0.296368	46
0.296493	47
0.296622	48
0.296744	49
0.296854	50
0.29697	51
0.297091	52
0.297219	53
0.297347	38
0.297478	39
0.297593	40
0.297714	41
0.297846	42
0.297966	43
0.29809	44
0.298215	45
0.298322	46
0.298434	47
0.29855	48
0.298672	49
0.298798	50
0.298928	51
0.299055	37
0.299167	38
0.299293	39
0.29941	40
0.299531	41
0.299643	42
0.29976	43
0.299881	44
0.299993	45
0.300109	46
0.300231	47
0.300357	48
0.300488	49
0.300624	50
0.300765	35
0.300896	36
0.300998	37
0.301105	38
0.301217	39
0.301333	40
0.301456	41
0.301578	42
0.301695	43
0.301814	44
0.301929	45
0.302045	46
0.302176	47
0.302298	48
0.302413	49
0.302532	50
0.302655	51
0.302784	52
0.302916	37
0.303036	38
0.303143	39
0.303259	40
0.303379	41
0.303503	42
0.3036	43
0.303732	44
0.303842	45
0.303956	46
0.304076	47
0.304201	48
0.304331	49
0.304466	50
0.304589	36
0.304718	37
0.304833	38
0.304954	39
0.30508	40
0.305211	41
0.305315	42
0.305426	43
0.305541	44
0.305662	45
0.305787	46
0.305918	47
0.306053	48
0.306177	49
0.306306	50
0.306439	51
0.306577	36
0.30669	37
0.306785	38
0.306884	39
0.306992	40
0.307104	41
0.307223	42
0.307346	43
0.307456	44
0.307574	45
0.307697	46
0.307823	47
0.307953	48
0.308074	49
0.308188	50
0.308307	51
0.308425	52
0.308544	53
0.30867	37
0.308807	38
0.308929	39
0.309054	40
0.309182	41
0.309305	42
0.309427	43
0.309545	44
0.309652	45
0.309765	46
0.309883	47
0.310006	48
0.310133	49
0.310265	50
0.310402	36
0.310544	36
0.310671	37
0.310776	38
0.310885	39
0.310997	40
0.311114	41
0.311221	42
0.31133	43
0.311446	44
0.311569	45
0.311697	46
0.311828	47
0.311953	48
0.312092	34
0.312206	34
0.312305	35
0.312398	36
0.312496	37
0.312599	38
0.312706	39
0.312817	40
0.31291	41
0.313031	42
0.313158	43
0.313291	44
0.313419	45
0.313548	46
0.313667	47
0.313781	48
0.313895	49
0.314014	50
0.314138	51
0.314267	52
0.3144	37
0.314538	38
0.314662	39
0.314791	40
0.314911	41
0.315036	42
0.315153	43
0.315261	44
0.315374	45
0.315491	46
0.315612	47
0.315734	48
0.315859	49
0.315989	36
0.316118	36
0.316222	37
0.316336	38
0.316446	39
0.316561	40
0.316677	41
0.316785	42
0.316898	43
0.317017	44
0.317141	45
0.317267	46
0.317399	47
0.317506	48
0.31763	49
0.317756	50
0.317881	51
0.318011	52
0.318146	37
0.318269	38
0.318379	39
0.318494	40
0.318614	41
0.318739	42
0.318869	43
0.319004	44
0.319114	45
0.319231	46
0.319352	47
0.319479	48
0.319611	49
0.319733	50
0.319861	51
0.319989	52
0.320117	37
0.320244	38
0.320354	39
0.320456	40
0.320562	41
0.320675	42
0.320794	43
0.320917	44
0.321046	45
0.321165	46
0.321289	47
0.321416	48
0.321547	49
0.321684	35
0.3218	36
0.321902	37
0.322009	38
0.322121	39
0.322238	40
0.32236	41
0.322482	42
0.322607	43
0.322711	44
0.322836	45
0.322966	46
0.3231	47
0.323211	48
0.323326	49
0.323448	50
0.323575	51
0.323707	52
0.323844	37
0.323986	37
0.324112	38
0.324228	39
0.324348	40
0.324463	41
0.324567	42
0.324683	43
0.324789	44
0.324898	45
0.325014	46
0.325134	47
0.32526	48
0.325395	49
0.325534	34
0.325663	35
0.325764	36
0.32587	37
0.32598	38
0.326097	39
0.326218	40
0.326329	41
0.326444	42
0.326564	43
0.326689	44
0.326819	45
0.326954	46
0.327076	47
0.327188	48
0.327307	49
0.327432	50
0.327556	51
0.327683	52
0.327805	36
0.327933	37
0.328048	38
0.328167	39
0.328289	40
0.328415	41
0.328546	42
0.328655	43
0.328768	44
0.328885	45
0.329004	46
0.329128	47
0.329246	48
0.329367	49
0.329492	50
0.329615	51
0.329734	35
0.329875	36
0.329985	37
0.330086	38
0.330193	39
0.330305	40
0.330422	41
0.330543	42
0.33067	43
0.330787	44
0.330908	45
0.331035	46
0.331167	47
0.331289	48
0.331417	49
0.331533	50
0.331655	51
0.331782	52
0.331914	53
0.332051	36
0.332173	37
0.332263	38
0.332376	39
0.332494	40
0.332616	41
0.332744	42
0.332862	43
0.332984	44
0.333098	45
0.333217	46
0.333341	47
0.333471	48
0.333604	49
0.333727	33
0.333854	34
0.333963	35
0.334041	36
0.334147	37
0.334257	38
0.334373	39
0.334493	40
0.334603	41
0.334719	42
0.334839	43
0.334964	44
0.335094	45
0.335228	46
0.335352	47
0.335469	48
0.33559	49
0.335716	50
0.335847	51
0.33597	35
0.336094	36
0.336203	37
0.336316	38
0.336434	39
0.336559	40
0.336689	41
0.336808	42
0.336917	43
0.337031	44
0.337153	45
0.337279	46
0.337409	47
0.337527	48
0.337649	49
0.337765	50
0.337898	51
0.338031	34
0.338159	35
0.338248	36
0.338348	37
0.338452	38
0.338563	39
0.338679	40
0.338801	41
0.338927	42
0.339042	43
0.339161	44
0.339284	45
0.339414	46
0.33955	47
0.33966	48
0.339775	49
0.339894	50
0.340019	51
0.340148	52
0.34028	36
0.340402	36
0.340506	37
0.340612	38
0.340727	39
0.340849	40
0.340975	41
0.341106	42
0.341226	43
0.341338	44
0.341455	45
0.341576	46
0.341702	47
0.341833	48
0.341955	49
0.34208	50
0.342182	51
0.342313	35
0.34242	35
0.342526	36
0.342636	37
0.342754	38
0.342878	39
0.343002	40
0.343118	41
0.34324	42
0.343366	43
0.343481	44
0.343603	45
0.343729	46
0.34386	47
0.34398	48
0.344105	49
0.344235	50
0.34437	35
0.344491	36
0.344598	37
0.344713	38
0.344834	39
0.344943	40
0.345056	41
0.345175	42
0.345301	43
0.345432	44
0.345554	45
0.34568	46
0.345811	47
0.345947	48
0.34607	49
0.346185	50
0.346299	51
0.346421	52
0.346495	53
0.346627	37
0.346764	37
0.346877	38
0.346987	39
0.347103	40
0.347223	41
0.347348	42
0.347479	43
0.34761	44
0.34772	45
0.347834	46
0.347953	47
0.348077	48
0.348205	49
0.34834	50
0.348464	35
0.348591	35
0.348703	36
0.348822	37
0.348946	38
0.349074	39
0.349193	40
0.3493	41
0.349411	42
0.349527	43
0.34965	44
0.349777	45
0.349894	46
0.350015	47
0.350142	48
0.350273	49
0.350395	50
0.350523	51
0.350655	52
0.350782	36
0.350899	36
0.351005	37
0.351078	38
0.351196	39
0.351318	40
0.35143	41
0.351547	42
0.351668	43
0.351794	44
0.351911	45
0.352032	46
0.352158	47
0.352291	48
0.352427	49
0.352549	34
0.352673	35
0.352787	36
0.352892	37
0.353002	38
0.353118	39
0.353237	40
0.35336	41
0.353476	42
0.353596	43
0.353721	44
0.353851	45
0.353984	46
0.354108	47
0.354237	48
0.354355	49
0.354477	50
0.354605	51
0.354737	52
0.354857	35
0.354981	36
0.355087	37
0.3552	38
0.355317	39
0.35544	40
0.355517	41
0.355648	42
0.355769	43
0.355881	44
0.355998	45
0.356119	46
0.356245	47
0.356361	48
0.356481	49
0.356606	50
0.356735	51
0.356867	35
0.357005	36
0.357129	37
0.357229	38
0.357332	39
0.357441	40
0.357557	41
0.357677	42
0.357786	43
0.357898	44
0.358016	45
0.35814	46
0.358268	47
0.358402	48
0.35854	34
0.358669	34
0.358769	35
0.358875	36
0.358985	37
0.359099	38
0.359219	39
0.35933	40
0.359444	41
0.35956	42
0.359681	43
0.359806	44
0.35994	45
0.360051	46
0.360164	47
0.36026	48
0.360384	49
0.360512	50
0.360633	51
0.360758	52
0.360884	53
0.361012	37
0.361152	37
0.361274	38
0.361403	39
0.361521	40
0.361628	41
0.36174	42
0.361857	43
0.361967	44
0.36208	45
0.362199	46
0.362324	47
0.362454	48
0.362588	49
0.362728	34
0.362872	34
0.36297	35
0.363063	36
0.363159	37
0.363261	38
0.363368	39
0.36348	40
0.363597	41
0.363718	42
0.363846	43
0.363978	44
0.364112	45
0.364247	46
0.364361	47
0.364467	48
0.36458	49
0.364695	50
0.364819	51
0.364947	52
0.365078	53
0.365212	36
0.36533	36
0.36543	37
0.365544	38
0.365661	39
0.365782	40
0.365911	41
0.366015	42
0.366125	43
0.366239	44
0.366359	45
0.366484	46
0.366614	47
0.366736	48
0.366864	49
0.366996	50
0.367133	34
0.367275	35
0.367385	36
0.367485	37
0.36759	38
0.3677	39
0.367816	40
0.367936	41
0.368061	42
0.368178	43
0.3683	44
0.368429	45
0.368562	46
0.3687	47
0.368831	32
0.368948	33
0.36905	34
0.369157	35
0.369264	36
0.369365	37
0.369458	38
0.369567	39
0.369651	40
0.369771	41
0.369896	42
0.370026	43
0.37016	44
0.370297	45
0.37041	46
0.370515	47
0.370627	48
0.370744	49
0.370866	50
0.370994	51
0.371126	52
0.371262	35
0.371401	35
0.371524	36
0.371641	37
0.371762	38
0.371887	39
0.371985	40
0.372089	41
0.372197	42
0.37231	43
0.372429	44
0.372553	45
0.372681	46
0.372804	47
0.372929	48
0.37306	49
0.373196	50
0.373333	33
0.373459	34
0.373555	35
0.37365	36
0.373751	37
0.373864	38
0.373982	39
0.374099	40
0.374213	41
0.374328	42
0.374451	43
0.374577	44
0.374708	45
0.374846	46
0.37496	47
0.375077	48
0.375189	49
0.375311	50
0.37543	51
0.375554	52
0.375683	53
0.375816	35
0.375954	35
0.376073	36
0.376197	37
0.376326	38
0.376458	39
0.376566	40
0.376666	41
0.376771	42
0.37688	43
0.376994	44
0.377113	45
0.377236	46
0.377363	47
0.377495	48
0.377611	49
0.377745	32
0.377891	32
0.377979	33
0.378072	34
0.378171	35
0.378274	36
0.378383	37
0.378492	38
0.378605	39
0.378726	40
0.378854	41
0.378986	42
0.37911	43
0.379237	44
0.379338	45
0.379446	46
0.37956	47
0.379677	48
0.37978	49
0.379902	50
0.380034	51
0.380171	33
0.380313	33
0.380422	34
0.380537	35
0.380656	36
0.380779	37
0.380891	38
0.380994	39
0.381103	40
0.381214	41
0.38132	42
0.381438	43
0.381565	44
0.381698	45
0.381821	46
0.381949	47
0.38208	48
0.382217	31
0.382329	32
0.382424	33
0.382525	34
0.382628	35
0.382735	36
0.382849	37
0.382969	38
0.383081	39
0.383199	40
0.383322	41
0.383449	42
0.38358	43
0.383687	44
0.383793	45
0.383903	46
0.384002	47
0.384126	48
0.384256	49
0.384376	50
0.384501	51
0.384631	52
0.384765	34
0.384905	35
0.385026	36
0.385138	37
0.385241	38
0.385349	39
0.385462	40
0.385578	41
0.385693	42
0.385794	43
0.385912	44
0.386036	45
0.386165	46
0.3863	47
0.38644	31
0.386572	32
0.386668	33
0.386771	34
0.386882	35
0.386997	36
0.387103	37
0.387214	38
0.387329	39
0.387449	40
0.387574	41
0.387704	42
0.387839	43
0.387948	44
0.388062	45
0.388182	46
0.388306	47
0.388424	48
0.388547	49
0.388672	50
0.388795	51
0.388899	34
0.389039	34
0.38915	35
0.389264	36
0.389369	37
0.389478	38
0.389592	39
0.389711	40
0.389821	41
0.389929	42
0.39004	43
0.390153	44
0.390282	45
0.390416	46
0.390554	47
0.390684	32
0.390791	32
0.390882	33
0.390978	34
0.391079	35
0.391185	36
0.391296	37
0.391411	38
0.391531	39
0.391656	40
0.391786	41
0.391922	42
0.392048	43
0.392159	44
0.392266	45
0.392379	46
0.392496	47
0.392617	48
0.392739	49
0.392838	50
0.392974	34
0.393114	34
0.393224	35
0.393325	36
0.39343	37
0.393541	38
0.393656	39
0.393778	40
0.3939	41
0.394016	42
0.394128	43
0.394242	44
0.394357	45
0.394491	46
0.394617	47
0.394731	48
0.39485	49
0.394975	50
0.395105	51
0.395239	35
0.395363	36
0.395471	37
0.395586	38
0.395705	39
0.395828	40
0.395957	41
0.39609	42
0.396199	43
0.396313	44
0.396432	45
0.396556	46
0.396684	47
0.396813	48
0.396927	49
0.397028	50
0.397159	51
0.397295	35
0.397437	35
0.397533	36
0.397634	37
0.39774	38
0.39785	39
0.397967	40
0.398088	41
0.398214	42
0.398345	43
0.398466	44
0.398591	45
0.39872	46
0.398842	47
0.39895	48
0.399063	49
0.39918	50
0.399302	51
0.39943	52
0.399561	35
0.399701	36
0.399813	37
0.399926	38
0.400044	39
0.400166	40
0.400279	41
0.400397	42
0.40052	43
0.400634	44
0.400753	45
0.400877	46
0.401005	47
0.401138	48
0.401269	49
0.401389	32
0.401495	33
0.401594	34
0.401699	35
0.401808	36
0.401922	37
0.402043	38
0.402152	39
0.402266	40
0.402385	41
0.402509	42
0.402638	43
0.402771	44
0.40288	45
0.402995	46
0.403114	47
0.403237	48
0.403366	49
0.403495	50
0.403606	33
0.403732	34
0.403837	35
0.403953	36
0.404073	37
0.404198	38
0.404326	39
0.404432	40
0.404544	41
0.404661	42
0.404782	43
0.404908	44
0.405033	45
0.405146	46
0.405233	47
0.40536	48
0.405494	49
0.405632	32
0.40576	33
0.405857	34
0.405958	35
0.406065	36
0.406178	37
0.406295	38
0.406418	39
0.40653	40
0.406646	41
0.406768	42
0.406894	43
0.407025	44
0.407146	45
0.407257	46
0.407362	47
0.407475	48
0.407594	49
0.407723	50
0.407859	33
0.407988	34
0.408096	35
0.408208	36
0.408324	37
0.408446	38
0.40856	39
0.408679	40
0.408787	41
0.408899	42
0.409015	43
0.409138	44
0.409263	45
0.409389	46
0.409488	47
0.409613	48
0.409744	49
0.409865	50
0.409992	51
0.410123	52
0.410244	36
0.410371	36
0.410482	37
0.410597	38
0.410718	39
0.410843	40
0.410971	41
0.411089	42
0.4112	43
0.411315	44
0.411435	45
0.411555	46
0.411672	47
0.411786	48
0.41191	49
0.41204	50
0.412174	35
0.412314	36
0.412438	37
0.41254	38
0.412647	39
0.412759	40
0.412875	41
0.412998	42
0.413111	43
0.413229	44
0.413351	45
0.413479	46
0.413611	47
0.413749	48
0.413876	33
0.413993	34
0.414095	35
0.414201	36
0.414312	37
0.414428	38
0.414512	39
0.414624	40
0.414741	41
0.414863	42
0.414991	43
0.415123	44
0.415245	45
0.415361	46
0.415477	47
0.4156	48
0.415727	49
0.415852	50
0.415976	51
0.416105	52
0.416238	36
0.416375	37
0.416472	38
0.416583	39
0.4167	40
0.41682	41
0.416946	42
0.417076	43
0.417184	44
0.417297	45
0.417415	46
0.417538	47
0.417665	48
0.417797	49
0.417936	35
0.418064	36
0.418178	37
0.418296	38
0.41842	39
0.418535	40
0.41864	41
0.418752	42
0.418868	43
0.418986	44
0.41908	45
0.419208	46
0.419341	47
0.419463	48
0.419592	49
0.419725	50
0.419864	35
0.419978	36
0.420078	37
0.420183	38
0.420294	39
0.42041	40
0.420529	41
0.420644	42
0.420772	43
0.420879	44
0.421004	45
0.421134	46
0.421255	47
0.42138	48
0.421495	49
0.421615	50
0.421739	51
0.421867	52
0.422002	37
0.422141	37
0.422251	38
0.422364	39
0.422484	40
0.422605	41
0.422724	42
0.422848	43
0.422977	44
0.423096	45
0.423218	46
0.423345	47
0.423474	48
0.423596	49
0.423723	50
0.423842	51
0.423966	52
0.424095	53
0.424208	38
0.424346	38
0.424468	39
0.424579	40
0.424693	41
0.424815	42
0.424942	43
0.425074	44
0.425182	45
0.425295	46
0.425413	47
0.425536	48
0.425664	49
0.425795	50
0.425925	35
0.426053	36
0.426144	37
0.426259	38
0.426368	39
0.426477	40
0.426596	41
0.426719	42
0.426833	43
0.426953	44
0.427078	45
0.427208	46
0.427342	47
0.427482	34
0.427597	35
0.427701	36
0.427809	37
0.427922	38
0.42804	39
0.428162	40
0.428274	41
0.428391	42
0.428512	43
0.428637	44
0.428746	45
0.428871	46
0.428989	47
0.429108	48
0.429232	49
0.429361	50
0.429494	51
0.429618	37
0.429746	38
0.429863	39
0.42998	40
0.430094	41
0.43021	42
0.430328	43
0.430434	44
0.430566	45
0.430689	46
0.430815	47
0.430936	48
0.431058	49
0.431179	50
0.43131	51
0.431434	52
0.431564	53
0.431698	38
0.431838	39
0.431963	40
0.432093	41
0.432227	42
0.432352	43
0.432454	44
0.432561	45
0.432674	46
0.432792	47
0.432915	48
0.433042	49
0.433174	50
0.433312	36
0.433453	37
0.433582	38
0.433688	39
0.433798	40
0.43391	41
0.434006	42
0.434123	43
0.434236	44
0.434355	45
0.43448	46
0.43461	47
0.434744	48
0.434872	36
0.435003	36
0.435106	37
0.435214	38
0.435325	39
0.435438	40
0.435544	41
0.435653	42
0.435768	43
0.43589	44
0.436016	45
0.436147	46
0.436271	47
0.436399	48
0.436533	49
0.436655	50
0.436783	51
0.436915	52
0.437037	38
0.437164	39
0.437278	40
0.437397	41
0.437521	42
0.437638	43
0.437759	44
0.437885	45
0.438016	46
0.438151	47
0.438272	48
0.438397	49
0.438528	50
0.438652	36
0.438766	37
0.438864	38
0.438968	39
0.439081	40
0.439191	41
0.439313	42
0.439441	43
0.439573	44
0.439693	45
0.439812	46
0.439938	47
0.44006	48
0.44017	49
0.440284	50
0.4404	51
0.44052	52
0.440646	53
0.44078	38
0.440919	38
0.441043	39
0.441173	40
0.441302	41
0.441413	42
0.441528	43
0.441635	44
0.441747	45
0.441865	46
0.441988	47
0.442115	48
0.442247	49
0.442384	36
0.442526	36
0.442641	37
0.442747	38
0.442855	39
0.442972	40
0.443062	41
0.443184	42
0.443299	43
0.443419	44
0.443544	45
0.443674	46
0.443807	47
0.443931	48
0.444061	49
0.444181	50
0.444305	51
0.444435	52
0.444556	38
0.444682	39
0.444795	40
0.444913	41
0.445036	42
0.445161	43
0.445285	44
0.445393	45
0.44552	46
0.445652	47
0.445776	48
0.44589	49
0.446011	50
0.446136	51
0.446265	52
0.446399	38
0.446536	39
0.446645	40
0.44676	41
0.44688	42
0.447006	43
0.447138	44
0.447255	45
0.447367	46
0.447483	47
0.447601	48
0.44772	49
0.447844	50
0.447969	37
0.448094	38
0.448207	39
0.448325	40
0.448446	41
0.448573	42
0.448697	43
0.448805	44
0.448918	45
0.449037	46
0.449161	47
0.449291	48
0.449421	49
0.449547	50
0.449678	51
0.449814	38
0.449952	39
0.450078	40
0.450183	41
0.450291	42
0.450403	43
0.450519	44
0.450642	45
0.450771	46
0.45089	47
0.451013	48
0.451129	49
0.451263	50
0.4514	37
0.451528	37
0.451629	38
0.451735	39
0.451845	40
0.451961	41
0.452081	42
0.452206	43
0.452318	44
0.452429	45
0.452541	46
0.452669	47
0.452802	48
0.452941	35
0.453056	35
0.453157	36
0.453262	37
0.453374	38
0.453492	39
0.453615	40
0.453732	41
0.453849	42
0.45397	43
0.454097	44
0.454228	45
0.454349	46
0.454473	47
0.454588	48
0.45471	49
0.454837	50
0.454969	51
0.455094	37
0.455224	38
0.455341	39
0.455462	40
0.455587	41
0.455716	42
0.455802	43
0.455927	44
0.456043	45
0.456163	46
0.456289	47
0.45642	48
0.456541	49
0.456668	50
0.456799	51
0.456927	37
0.457057	37
0.457163	38
0.457265	39
0.457372	40
0.457485	41
0.457603	42
0.457724	43
0.457849	44
0.457968	45
0.458093	46
0.458223	47
0.458358	48
0.458497	35
0.458615	36
0.458718	37
0.458826	38
0.458939	39
0.459057	40
0.45918	41
0.459294	42
0.459411	43
0.459531	44
0.459658	45
0.459792	46
0.459915	47
0.46003	48
0.460149	49
0.460274	50
0.460405	51
0.460532	52
0.460653	38
0.460778	39
0.460883	40
0.461002	41
0.461128	42
0.461253	43
0.461369	44
0.46148	45
0.461586	46
0.461708	47
0.461835	48
0.461962	49
0.462085	50
0.462214	51
0.462347	38
0.462485	39
0.46261	40
0.46274	41
0.462847	42
0.462958	43
0.463073	44
0.463194	45
0.463321	46
0.463437	47
0.46356	48
0.463687	49
0.463821	50
0.463959	37
0.464102	38
0.464219	39
0.464324	40
0.464431	41
0.464543	42
0.464663	43
0.464783	44
0.464901	45
0.465024	46
0.465149	47
0.465275	48
0.465407	49
0.465547	35
0.465661	36
0.465764	37
0.465874	38
0.465987	39
0.466103	40
0.466219	41
0.466327	42
0.466441	43
0.46656	44
0.466684	45
0.466811	46
0.466947	47
0.46706	48
0.467178	49
0.467302	50
0.46743	51
0.467564	38
0.467688	38
0.467798	39
0.467913	40
0.468034	41
0.46816	42
0.46829	43
0.468409	44
0.468518	45
0.468632	46
0.468754	47
0.468881	48
0.469013	49
0.469135	50
0.46926	51
0.469391	52
0.469528	38
0.46967	38
0.469783	39
0.469874	40
0.469981	41
0.470094	42
0.470213	43
0.470338	44
0.470468	45
0.470588	46
0.470713	47
0.47084	48
0.470971	49
0.471102	35
0.471218	36
0.47132	37
0.471428	38
0.471541	39
0.471659	40
0.47178	41
0.47189	42
0.472003	43
0.472122	44
0.472248	45
0.47238	46
0.472517	47
0.47263	48
0.472748	49
0.472872	50
0.473	51
0.473134	37
0.473258	38
0.473369	39
0.473486	40
0.473607	41
0.473731	42
0.473856	43
0.473972	44
0.474076	45
0.47419	46
0.474312	47
0.474438	48
0.474555	49
0.47469	50
0.474814	37
0.474942	38
0.475058	39
0.475178	40
0.475302	41
0.475428	42
0.475535	43
0.475648	44
0.475766	45
0.475888	46
0.476013	47
0.476144	48
0.476265	49
0.476391	50
0.476521	51
0.476657	37
0.476796	38
0.476907	39
0.47701	40
0.477115	41
0.477229	42
0.477348	43
0.477473	44
0.477603	45
0.477737	46
0.477861	47
0.47799	48
0.478123	49
0.478248	36
0.478364	37
0.478467	38
0.478575	39
0.478688	40
0.478806	41
0.47893	42
0.479057	43
0.479187	44
0.47931	45
0.479411	46
0.47954	47
0.479659	48
0.479769	49
0.479884	50
0.480006	51
0.480132	52
0.480263	53
0.480379	38
0.48052	39
0.480646	40
0.480762	41
0.480879	42
0.480998	43
0.481122	44
0.481241	45
0.481353	46
0.481467	47
0.481586	48
0.481711	49
0.481841	50
0.481973	36
0.482114	37
0.48224	38
0.482345	39
0.482454	40
0.482568	41
0.482687	42
0.482811	43
0.482925	44
0.483044	45
0.483169	46
0.483299	47
0.483434	48
0.483573	35
0.483705	36
0.483809	37
0.483917	38
0.484029	39
0.484143	40
0.484261	41
0.484368	42
0.484483	43
0.484591	44
0.484709	45
0.484826	46
0.484952	47
0.485074	48
0.485202	49
0.485322	50
0.485447	51
0.485576	52
0.485695	39
0.48582	40
0.485933	41
0.48605	42
0.486173	43
0.4863	44
0.486433	45
0.486555	46
0.486684	47
0.486804	48
0.486929	49
0.487059	50
0.487182	51
0.487307	52
0.487436	53
0.487571	39
0.48771	40
0.487837	41
0.487953	42
0.488075	43
0.488201	44
0.488316	45
0.488438	46
0.488564	47
0.488695	48
0.488814	49
0.488938	50
0.489067	51
0.4892	38
0.489333	39
0.489441	40
0.489545	41
0.489643	42
0.489751	43
0.489868	44
0.489991	45
0.490116	46
0.490243	47
0.49036	48
0.490485	49
0.490606	50
0.490743	37
0.49087	38
0.490986	39
0.491093	40
0.491205	41
0.491321	42
0.491443	43
0.491568	44
0.491696	45
0.491815	46
0.49194	47
0.49207	48
0.492205	49
0.492331	37
0.492457	38
0.492563	39
0.492675	40
0.492791	41
0.492913	42
0.493039	43
0.493169	44
0.493288	45
0.493412	46
0.493541	47
0.49366	48
0.493783	49
0.493914	50
0.494035	51
0.49416	52
0.49429	40
0.49442	41
0.494539	42
0.494664	43
0.494787	44
0.494896	45
0.495011	46
0.495132	47
0.495247	48
0.49537	49
0.495489	50
0.495612	51
0.495741	52
0.495873	40
0.49601	41
0.496139	42
0.496258	43
0.496367	44
0.496481	45
0.4966	46
0.496723	47
0.496852	48
0.496971	49
0.497094	50
0.497223	51
0.497356	40
0.497495	40
0.497623	41
0.497738	42
0.497847	43
0.497961	44
0.49808	45
0.498204	46
0.498334	47
0.498464	48
0.498586	49
0.498712	50
0.498845	51
0.498983	39
0.499121	39
0.499223	40
0.499319	41
0.499428	42
0.499537	43
0.499651	44
0.499771	45
0.499904	46
0.500041	47
0.500167	48
0.500299	49
0.500436	50
0.500549	37
0.500666	38
0.500767	39
0.500868	40
0.500982	41
0.501101	42
0.501225	43
0.501354	44
0.501489	45
0.501613	46
0.501741	47
0.501875	48
0.501984	49
0.502098	50
0.502217	51
0.502341	52
0.50247	53
0.502603	40
0.502743	40
0.502869	41
0.502984	42
0.503104	43
0.503229	44
0.503359	45
0.503479	46
0.503589	47
0.503696	48
0.503815	49
0.503939	50
0.504064	51
0.504184	39
0.504321	39
0.504447	40
0.504561	41
0.504681	42
0.504808	43
0.504936	44
0.505037	45
0.505143	46
0.505256	47
0.505374	48
0.505493	49
0.505615	50
0.505749	51
0.505887	38
0.50603	38
0.506146	39
0.506266	40
0.506391	41
0.506521	42
0.506624	43
0.506733	44
0.506847	45
0.506966	46
0.50709	47
0.507219	48
0.507352	49
0.507492	36
0.507622	37
0.507739	38
0.507862	39
0.507989	40
0.508092	41
0.508197	42
0.508308	43
0.508425	44
0.508546	45
0.508672	46
0.508798	47
0.508885	48
0.509023	36
0.509152	37
0.50927	38
0.509392	39
0.509505	40
0.509607	41
0.509714	42
0.509826	43
0.509945	44
0.510066	45
0.510189	46
0.510308	47
0.51044	48
0.510568	36
0.510693	37
0.510801	38
0.510914	39
0.511032	40
0.511154	41
0.511266	42
0.511383	43
0.511504	44
0.51163	45
0.511761	46
0.511897	47
0.512023	48
0.512139	49
0.512258	50
0.512384	51
0.512516	52
0.512639	39
0.512766	39
0.51288	40
0.512999	41
0.513123	42
0.513246	43
0.51337	44
0.513456	45
0.513568	46
0.513684	47
0.513807	48
0.513934	49
0.514067	50
0.514188	51
0.514316	52
0.514448	40
0.514585	40
0.51471	41
0.514838	42
0.514956	43
0.515056	44
0.515171	45
0.515292	46
0.515417	47
0.515546	48
0.515665	49
0.515789	50
0.515918	51
0.516051	39
0.516189	40
0.516314	41
0.516431	42
0.516538	43
0.516652	44
0.516771	45
0.516895	46
0.517024	47
0.517153	48
0.517276	49
0.517405	50
0.517538	51
0.517676	38
0.517805	39
0.517907	40
0.518015	41
0.518128	42
0.518246	43
0.518366	44
0.518489	45
0.518619	46
0.51874	47
0.51883	48
0.51896	49
0.519093	50
0.519216	38
0.519343	38
0.519444	39
0.519553	40
0.519667	41
0.519786	42
0.519911	43
0.520039	44
0.520173	45
0.520297	46
0.520425	47
0.520544	48
0.520669	49
0.520785	50
0.520905	51
0.52103	52
0.52116	53
0.521294	39
0.521434	40
0.521561	41
0.521678	42
0.521799	43
0.521924	44
0.522053	45
0.522157	46
0.522267	47
0.522382	48
0.522504	49
0.52263	50
0.522761	51
0.522898	37
0.52304	38
0.523168	39
0.523275	40
0.523386	41
0.523501	42
0.523621	43
0.523744	44
0.523819	45
0.523936	46
0.524059	47
0.524188	48
0.52432	49
0.524454	36
0.524594	37
0.5247	38
0.524805	39
0.524916	40
0.525031	41
0.525152	42
0.525277	43
0.525391	44
0.52551	45
0.525635	46
0.525765	47
0.525899	48
0.526039	35
0.526168	36
0.526272	37
0.526381	38
0.526495	39
0.526614	40
0.526738	41
0.526851	42
0.526969	43
0.527092	44
0.527218	45
0.527348	46
0.527469	47
0.527598	48
0.527715	49
0.527837	50
0.527964	51
0.528086	52
0.528209	53
0.528338	54
0.528471	39
0.52861	40
0.528733	41
0.528861	42
0.528916	43
0.529039	44
0.529166	45
0.529297	46
0.529419	47
0.529545	48
0.529661	49
0.529783	50
0.529909	51
0.53004	52
0.530177	37
0.530305	38
0.530417	39
0.530535	40
0.530659	41
0.530788	42
0.53092	43
0.531028	44
0.531141	45
0.531259	46
0.531382	47
0.531509	48
0.531641	49
0.531765	50
0.531894	51
0.532027	37
0.532165	38
0.53229	39
0.532406	40
0.53251	41
0.53262	42
0.532735	43
0.532856	44
0.532981	45
0.533106	46
0.533227	47
0.533349	48
0.533478	49
0.533614	50
0.533754	36
0.533885	36
0.533986	37
0.534052	38
0.534163	39
0.534278	40
0.534397	41
0.534507	42
0.534621	43
0.534737	44
0.534861	45
0.53499	46
0.535125	47
0.53525	48
0.535379	49
0.535501	50
0.535627	51
0.535758	52
0.535879	37
0.536007	38
0.53612	39
0.536238	40
0.53636	41
0.536488	42
0.53662	43
0.536742	44
0.536855	45
0.536973	46
0.537098	47
0.537228	48
0.537355	49
0.53748	50
0.53761	51
0.537745	37
0.537883	38
0.538008	39
0.53811	40
0.538217	41
0.538329	42
0.538444	43
0.538523	44
0.538646	45
0.538759	46
0.538878	47
0.539005	48
0.539134	49
0.539269	36
0.53941	37
0.539524	38
0.539628	39
0.539735	40
0.539847	41
0.539966	42
0.54009	43
0.540204	44
0.540323	45
0.540448	46
0.540578	47
0.540713	48
0.540838	49
0.540967	50
0.541088	51
0.541213	52
0.541345	39
0.541477	40
0.541588	41
0.541703	42
0.541823	43
0.541948	44
0.542078	45
0.542213	46
0.542338	47
0.542453	48
0.542575	49
0.5427	50
0.542828	51
0.54295	52
0.543077	53
0.54321	41
0.543349	41
0.543474	42
0.543602	43
0.543706	44
0.543793	45
0.543908	46
0.544027	47
0.54415	48
0.544279	49
0.544397	50
0.544521	51
0.54465	52
0.544785	39
0.544924	40
0.545053	41
0.545172	42
0.545296	43
0.54541	44
0.545529	45
0.545653	46
0.545767	47
0.545887	48
0.546012	49
0.546142	50
0.546277	38
0.546416	39
0.546545	40
0.546651	41
0.546761	42
0.546878	43
0.546999	44
0.547125	45
0.547242	46
0.547363	47
0.547491	48
0.547624	49
0.547762	38
0.547905	39
0.548009	40
0.548112	41
0.548222	42
0.548339	43
0.548463	44
0.548585	45
0.548705	46
0.548827	47
0.548952	48
0.549081	49
0.549177	38
0.549319	38
0.549433	39
0.549534	40
0.549642	41
0.549758	42
0.549879	43
0.549991	44
0.550106	45
0.550225	46
0.55035	47
0.550481	48
0.550617	49
0.550742	38
0.550872	38
0.550991	39
0.551102	40
0.551217	41
0.551337	42
0.551462	43
0.551576	44
0.551695	45
0.55182	46
0.551951	47
0.552082	48
0.552209	49
0.55234	50
0.552475	39
0.552602	40
0.552716	41
0.552818	42
0.55293	43
0.553046	44
0.553168	45
0.553294	46
0.553425	47
0.553543	48
0.553664	49
0.553748	50
0.553884	39
0.554025	39
0.554127	40
0.554234	41
0.554346	42
0.554462	43
0.554584	44
0.55471	45
0.554841	46
0.554962	47
0.555087	48
0.555216	49
0.555352	38
0.555492	39
0.555596	40
0.555704	41
0.555819	42
0.55594	43
0.556065	44
0.556194	45
0.556317	46
0.556442	47
0.556572	48
0.556706	49
0.556833	38
0.556964	39
0.557071	40
0.557182	41
0.557299	42
0.55742	43
0.557544	44
0.55767	45
0.557791	46
0.557917	47
0.558048	48
0.558172	49
0.5583	50
0.55843	51
0.558548	39
0.558631	40
0.558746	41
0.558866	42
0.558991	43
0.559121	44
0.559241	45
0.559366	46
0.559483	47
0.559606	48
0.559732	49
0.55986	50
0.559995	38
0.560123	39
0.560239	40
0.560362	41
0.560489	42
0.560614	43
0.560724	44
0.560838	45
0.560957	46
0.561081	47
0.561209	48
0.561343	49
0.561481	38
0.561609	38
0.561727	39
0.561837	40
0.561951	41
0.56207	42
0.562192	43
0.562308	44
0.562429	45
0.562555	46
0.562685	47
0.562819	48
0.562958	37
0.563089	38
0.563196	39
0.563307	40
0.563361	41
0.563479	42
0.563601	43
0.563714	44
0.563832	45
0.563956	46
0.564084	47
0.564218	48
0.564356	37
0.564498	38
0.564616	39
0.564713	40
0.564815	41
0.564921	42
0.565033	43
0.565149	44
0.565271	45
0.565397	46
0.565528	47
0.565664	48
0.565804	37
0.56595	38
0.566044	39
0.566142	40
0.566247	41
0.566357	42
0.566473	43
0.566593	44
0.566718	45
0.566848	46
0.566982	47
0.567122	48
0.567266	37
0.567372	37
0.567468	38
0.567569	39
0.567675	40
0.567784	41
0.567896	42
0.568008	43
0.568085	44
0.568213	45
0.568347	46
0.568485	47
0.568628	35
0.568746	36
0.568836	37
0.568932	38
0.569035	39
0.569142	40
0.569253	41
0.56937	42
0.569492	43
0.56962	44
0.569752	45
0.569889	46
0.570031	34
0.570134	35
0.570227	36
0.570326	37
0.570431	38
0.57054	39
0.570656	40
0.570776	41
0.570901	42
0.571031	43
0.571165	44
0.571305	45
0.57142	46
0.571526	47
0.571636	48
0.571752	49
0.571872	50
0.571997	51
0.572129	52
0.572266	38
0.572408	39
0.572537	40
0.572646	41
0.572758	42
0.572816	43
0.57293	44
0.573039	45
0.573153	46
0.573272	47
0.573396	48
0.573526	49
0.573661	50
0.573798	36
0.573935	37
0.57405	38
0.574156	39
0.574269	40
0.574388	41
0.574512	42
0.574626	43
0.574745	44
0.574869	45
0.574997	46
0.575131	47
0.575269	48
0.575399	35
0.575519	35
0.575626	36
0.575738	37
0.575854	38
0.575975	39
0.576084	40
0.5762	41
0.576324	42
0.576453	43
0.576579	44
0.576704	45
0.57682	46
0.57694	47
0.577065	48
0.577195	49
0.577316	50
0.577442	51
0.577573	52
0.577707	37
0.577844	38
0.577903	39
0.578018	40
0.578137	41
0.578261	42
0.578387	43
0.578505	44
0.578624	45
0.578743	46
0.578867	47
0.578995	48
0.579129	49
0.579254	50
0.579383	51
0.579518	37
0.579657	37
0.579768	38
0.579871	39
0.57998	40
0.580093	41
0.58021	42
0.580333	43
0.580464	44
0.580595	45
0.580721	46
0.580852	47
0.580988	48
0.581101	35
0.581219	36
0.581325	37
0.581435	38
0.581551	39
0.581671	40
0.581796	41
0.581926	42
0.582042	43
0.582164	44
0.582293	45
0.582416	46
0.582487	47
0.582604	48
0.582725	49
0.582852	50
0.582985	51
0.583122	37
0.583263	37
0.583375	38
0.583473	39
0.583583	40
0.583699	41
0.583819	42
0.583944	43
0.584058	44
0.584177	45
0.584302	46
0.584432	47
0.584566	48
0.584697	35
0.584816	36
0.584923	37
0.585036	38
0.585154	39
0.585277	40
0.585404	41
0.585521	42
0.585642	43
0.585768	44
0.585899	45
0.586022	46
0.586135	47
0.586253	48
0.586377	49
0.586505	50
0.586639	51
0.586777	37
0.586916	37
0.587027	38
0.587134	39
0.587248	40
0.587366	41
0.587487	42
0.587561	43
0.587675	44
0.587794	45
0.587914	46
0.588039	47
0.588174	48
0.588314	34
0.588431	35
0.588534	36
0.588644	37
0.588758	38
0.588878	39
0.588989	40
0.589104	41
0.589224	42
0.589349	43
0.589479	44
0.5896	45
0.589727	46
0.589842	47
0.589962	48
0.590087	49
0.590217	50
0.590353	36
0.590479	37
0.590593	38
0.590712	39
0.590836	40
0.590963	41
0.591082	42
0.591207	43
0.591338	44
0.591459	45
0.591584	46
0.591712	47
0.59183	48
0.591954	49
0.592083	50
0.592202	51
0.592327	52
0.592458	53
0.592545	38
0.592686	38
0.592811	39
0.592929	40
0.593049	41
0.593174	42
0.593289	43
0.5934	44
0.593513	45
0.593631	46
0.593753	47
0.593881	48
0.594013	49
0.59415	35
0.594291	36
0.594418	37
0.594511	38
0.594609	39
0.594711	40
0.594817	41
0.594929	42
0.595047	43
0.595169	44
0.595298	45
0.595431	46
0.59557	47
0.595702	33
0.595822	34
0.595916	35
0.596015	36
0.59612	37
0.596229	38
0.596344	39
0.596463	40
0.596586	41
0.596715	42
0.596848	43
0.596972	44
0.597048	45
0.597166	46
0.597288	47
0.597401	48
0.597519	49
0.597644	50
0.597774	51
0.597909	36
0.598048	37
0.598161	38
0.598278	39
0.598398	40
0.598522	41
0.598637	42
0.598757	43
0.598868	44
0.598984	45
0.599106	46
0.599232	47
0.599363	48
0.599498	49
0.599624	35
0.599756	36
0.599875	37
0.599986	38
0.600101	39
0.600221	40
0.600345	41
0.60046	42
0.600581	43
0.600707	44
0.600823	45
0.600945	46
0.601071	47
0.601202	48
0.601323	49
0.60145	50
0.601581	51
0.601717	37
0.601842	38
0.601953	39
0.602058	40
0.602168	41
0.602284	42
0.602357	43
0.602479	44
0.602605	45
0.602737	46
0.60286	47
0.602987	48
0.603119	49
0.603255	36
0.603379	36
0.603476	37
0.603578	38
0.603684	39
0.6038	40
0.603921	41
0.604047	42
0.604178	43
0.604298	44
0.604423	45
0.604553	46
0.604676	47
0.604788	48
0.604904	49
0.605026	50
0.605152	51
0.605283	52
0.605419	37
0.605559	38
0.605671	39
0.605789	40
0.605912	41
0.606039	42
0.606159	43
0.606271	44
0.606384	45
0.606503	46
0.606628	47
0.606758	48
0.606892	49
0.607032	35
0.607163	35
0.607266	36
0.607374	37
0.607428	38
0.60754	39
0.607659	40
0.607784	41
0.607896	42
0.608014	43
0.608134	44
0.608263	45
0.608397	46
0.60851	47
0.608626	48
0.608748	49
0.608876	50
0.609008	51
0.609145	36
0.609272	36
0.609384	37
0.609501	38
0.609622	39
0.609749	40
0.609882	41
0.609989	42
0.6101	43
0.610217	44
0.61034	45
0.610467	46
0.610601	47
0.610723	48
0.610851	49
0.610983	50
0.61112	36
0.611247	36
0.611345	37
0.611447	38
0.611554	39
0.611664	40
0.611781	41
0.611847	42
0.611971	43
0.612101	44
0.612224	45
0.612346	46
0.612474	47
0.612604	48
0.61273	49
0.612846	50
0.612966	51
0.613091	52
0.613217	53
0.613349	37
0.613489	38
0.613613	39
0.613726	40
0.613844	41
0.613967	42
0.614082	43
0.614201	44
0.614324	45
0.614453	46
0.614573	47
0.614698	48
0.614828	49
0.614963	50
0.615102	34
0.615231	35
0.615329	36
0.615433	37
0.615541	38
0.615655	39
0.615774	40
0.615898	41
0.616011	42
0.61613	43
0.616254	44
0.616382	45
0.616513	46
0.616626	47
0.616733	48
0.616808	49
0.616928	50
0.617053	51
0.617183	52
0.617317	35
0.617441	36
0.617548	37
0.617662	38
0.617781	39
0.617905	40
0.618034	41
0.618167	42
0.618276	43
0.618391	44
0.61851	45
0.618633	46
0.618762	47
0.618881	48
0.619004	49
0.619131	50
0.619265	51
0.619403	34
0.619531	35
0.619642	36
0.619742	37
0.619849	38
0.619962	39
0.620079	40
0.620203	41
0.62032	42
0.620438	43
0.62056	44
0.620688	45
0.62082	46
0.620941	47
0.621068	48
0.621183	49
0.621303	50
0.621423	51
0.621546	52
0.621631	35
0.621762	36
0.621869	37
0.621981	38
0.622096	39
0.622215	40
0.62234	41
0.622471	42
0.622593	43
0.622703	44
0.622819	45
0.622939	46
0.623064	47
0.623194	48
0.623313	49
0.623435	50
0.623563	51
0.623699	35
0.623839	36
0.62395	37
0.624065	38
0.624187	39
0.624313	40
0.624427	41
0.624545	42
0.624666	43
0.624778	44
0.624896	45
0.625019	46
0.625146	47
0.625278	48
0.6254	49
0.625526	50
0.625657	51
0.625788	35
0.625903	36
0.625984	37
0.626083	38
0.626187	39
0.626297	40
0.626413	41
0.626533	42
0.626658	43
0.626788	44
0.626907	45
0.627031	46
0.62716	47
0.627295	48
0.627414	49
0.627531	50
0.627652	51
0.627777	52
0.627905	53
0.628031	36
0.628171	37
0.628294	38
0.628408	39
0.628527	40
0.628651	41
0.62878	42
0.628897	43
0.629004	44
0.629116	45
0.629233	46
0.629354	47
0.62948	48
0.629613	49
0.629747	50
0.629869	33
0.629992	34
0.630102	35
0.630214	36
0.630304	37
0.630417	38
0.630534	39
0.630641	40
0.630754	41
0.630873	42
0.630997	43
0.631126	44
0.631259	45
0.631384	46
0.631514	47
0.631634	48
0.631759	49
0.631875	50
0.631995	51
0.63212	52
0.632245	53
0.632378	35
0.632507	36
0.632628	37
0.63274	38
0.632857	39
0.632979	40
0.633107	41
0.633225	42
0.633333	43
0.633446	44
0.633564	45
0.633684	46
0.633809	47
0.633921	48
0.634052	49
0.634178	33
0.63431	34
0.634411	35
0.634518	36
0.634614	37
0.634729	38
0.634851	39
0.634964	40
0.635082	41
0.635204	42
0.635332	43
0.635464	44
0.635585	45
0.635711	46
0.635829	47
0.635952	48
0.636079	49
0.636212	50
0.636333	51
0.636457	52
0.636584	53
0.63671	36
0.636851	36
0.636974	37
0.637072	38
0.637177	39
0.637286	40
0.6374	41
0.637518	42
0.637641	43
0.637765	44
0.637884	45
0.638005	46
0.63813	47
0.638232	48
0.638362	49
0.638491	50
0.63861	51
0.638735	52
0.638863	53
0.638989	35
0.639129	36
0.639238	37
0.639349	38
0.639464	39
0.639584	40
0.639709	41
0.639825	42
0.639945	43
0.640054	44
0.640169	45
0.640288	46
0.640411	47
0.640541	48
0.640676	49
0.640796	33
0.640919	33
0.641026	34
0.641128	35
0.641236	36
0.641349	37
0.641467	38
0.64159	39
0.641703	40
0.641821	41
0.641944	42
0.642071	43
0.642202	44
0.642319	45
0.642433	46
0.642551	47
0.642673	48
0.642801	49
0.642933	50
0.643047	34
0.643172	35
0.643264	36
0.643378	37
0.643497	38
0.643621	39
0.643749	40
0.643867	41
0.643976	42
0.644091	43
0.64421	44
0.644332	45
0.64446	46
0.644589	47
0.644689	48
0.644811	49
0.644939	50
0.645076	34
0.645218	34
0.645313	35
0.645414	36
0.64552	37
0.64563	38
0.645747	39
0.645867	40
0.645992	41
0.646108	42
0.646228	43
0.646353	44
0.646484	45
0.646605	46
0.646716	47
0.646831	48
0.646951	49
0.647076	50
0.647186	51
0.647314	35
0.647439	36
0.647546	37
0.647659	38
0.647777	39
0.6479	40
0.648028	41
0.648135	42
0.648245	43
0.648359	44
0.648478	45
0.648602	46
0.64873	47
0.648859	48
0.648973	49
0.649091	50
0.649223	51
0.64936	35
0.649488	35
0.649583	36
0.649681	37
0.649786	38
0.649898	39
0.650014	40
0.650135	41
0.650262	42
0.650392	43
0.650512	44
0.650638	45
0.65077	46
0.650893	47
0.651006	48
0.651124	49
0.651247	50
0.651376	51
0.651508	52
0.651602	35
0.651744	36
0.651869	37
0.651984	38
0.652104	39
0.652231	40
0.652346	41
0.652451	42
0.65256	43
0.652674	44
0.652792	45
0.652916	46
0.653046	47
0.653177	48
0.653297	49
0.653418	50
0.653549	51
0.653686	34
0.653815	34
0.65391	35
0.654012	36
0.654119	37
0.654231	38
0.654349	39
0.654471	40
0.654599	41
0.654715	42
0.654837	43
0.654963	44
0.655094	45
0.655214	46
0.655323	47
0.655436	48
0.655552	49
0.655674	50
0.655804	51
0.655897	52
0.656033	34
0.656172	34
0.65628	35
0.656393	36
0.656511	37
0.656634	38
0.656745	39
0.656863	40
0.656971	41
0.657084	42
0.657202	43
0.657326	44
0.65745	45
0.657576	46
0.657676	47
0.657802	48
0.657933	49
0.658057	50
0.658186	51
0.658321	34
0.658446	34
0.658554	35
0.658667	36
0.658785	37
0.658908	38
0.659035	39
0.65915	40
0.659257	41
0.65937	42
0.659488	43
0.659611	44
0.659741	45
0.659858	46
0.65998	47
0.660069	48
0.6602	49
0.660336	33
0.660475	34
0.66057	35
0.660672	36
0.660779	37
0.660891	38
0.661009	39
0.66113	40
0.661255	41
0.661371	42
0.661494	43
0.661623	44
0.661755	45
0.661871	46
0.661985	47
0.6621	48
0.662223	49
0.662342	50
0.662475	51
0.662613	34
0.662741	34
0.662849	35
0.662963	36
0.663082	37
0.663206	38
0.663321	39
0.663426	40
0.663537	41
0.663653	42
0.663775	43
0.663901	44
0.664032	45
0.664168	46
0.664293	47
0.664364	48
0.664483	49
0.664606	50
0.664735	51
0.664868	34
0.664991	34
0.665097	35
0.66521	36
0.665328	37
0.66545	38
0.665578	39
0.66571	40
0.665818	41
0.665929	42
0.666043	43
0.666163	44
0.666289	45
0.666405	46
0.666525	47
0.66665	48
0.66678	49
0.666914	50
0.667054	33
0.667185	33
0.667283	34
0.667387	35
0.667496	36
0.667611	37
0.667732	38
0.667842	39
0.667956	40
0.668075	41
0.668199	42
0.668328	43
0.668447	44
0.668571	45
0.668682	46
0.668798	47
0.668869	48
0.668994	49
0.669123	50
0.669247	33
0.669374	34
0.669483	35
0.669597	36
0.669715	37
0.669836	38
0.669953	39
0.670074	40
0.6702	41
0.670316	42
0.670436	43
0.670561	44
0.670691	45
0.67081	46
0.670934	47
0.67105	48
0.671174	49
0.671303	50
0.671436	51
0.671573	33
0.671702	34
0.671811	35
0.671915	36
0.672022	37
0.672133	38
0.67225	39
0.672371	40
0.672483	41
0.6726	42
0.672721	43
0.672847	44
0.672978	45
0.673112	46
0.673237	47
0.673297	48
0.673416	49
0.67354	50
0.673668	51
0.673802	33
0.673927	34
0.674034	35
0.674145	36
0.674263	37
0.674386	38
0.674513	39
0.674645	40
0.674754	41
0.674867	42
0.674972	43
0.675083	44
0.675198	45
0.675317	46
0.67544	47
0.675569	48
0.675703	49
0.675843	32
0.675987	33
0.676085	34
0.676178	35
0.676275	36
0.676379	37
0.676487	38
0.676599	39
0.676714	40
0.676836	41
0.676963	42
0.677095	43
0.677232	44
0.677361	45
0.677465	46
0.677572	47
0.677685	48
0.677755	49
0.677876	50
0.678004	51
0.678137	34
0.678276	35
0.678397	36
0.678523	37
0.678642	38
0.678765	39
0.678863	40
0.678967	41
0.679076	42
0.67919	43
0.679309	44
0.679433	45
0.679563	46
0.679697	47
0.679837	32
0.679968	33
0.680059	34
0.680153	35
0.680252	36
0.680356	37
0.680466	38
0.68058	39
0.680699	40
0.680824	41
0.680954	42
0.681087	43
0.68121	44
0.681333	45
0.681455	46
0.681568	47
0.681686	48
0.681808	49
0.681936	50
0.682067	51
0.682202	35
0.682267	36
0.682389	37
0.682504	38
0.682624	39
0.682749	40
0.682879	41
0.682999	42
0.68311	43
0.683227	44
0.683348	45
0.683474	46
0.683605	47
0.683741	48
0.683867	49
0.683998	50
0.684134	35
0.684261	35
0.684373	36
0.684475	37
0.684582	38
0.684694	39
0.684811	40
0.684935	41
0.685063	42
0.685181	43
0.685302	44
0.68543	45
0.685563	46
0.685686	47
0.685799	48
0.685917	49
0.686039	50
0.686167	51
0.686298	52
0.686435	36
0.686504	36
0.686613	37
0.686726	38
0.686842	39
0.686964	40
0.687093	41
0.687218	42
0.687328	43
0.687442	44
0.687561	45
0.687685	46
0.687813	47
0.687947	48
0.688071	49
0.6882	50
0.688335	35
0.688474	36
0.688599	37
0.6887	38
0.688806	39
0.688919	40
0.689037	41
0.68916	42
0.689287	43
0.689405	44
0.689527	45
0.689655	46
0.689787	47
0.689924	48
0.690038	33
0.690157	34
0.690261	35
0.690365	36
0.690475	37
0.690588	38
0.690653	39
0.690766	40
0.690883	41
0.691006	42
0.691133	43
0.691264	44
0.691371	45
0.691484	46
0.691602	47
0.691725	48
0.691852	49
0.691984	50
0.692109	51
0.692239	52
0.692374	36
0.692513	37
0.692637	38
0.692752	39
0.692858	40
0.692968	41
0.693084	42
0.693207	43
0.693333	44
0.69345	45
0.693572	46
0.6937	47
0.693832	48
0.693969	49
0.694096	34
0.694214	35
0.694316	36
0.694422	37
0.694534	38
0.694652	39
0.694773	40
0.694888	41
0.695006	42
0.69513	43
0.695202	44
0.695336	45
0.695464	46
0.695578	47
0.695697	48
0.695821	49
0.695951	50
0.696081	51
0.696207	52
0.696338	53
0.696473	36
0.696611	37
0.696733	38
0.696849	39
0.696969	40
0.697094	41
0.697209	42
0.697331	43
0.697444	44
0.697562	45
0.697684	46
0.697812	47
0.697944	48
0.69808	49
0.698202	33
0.69833	34
0.698432	35
0.69854	36
0.698641	37
0.698747	38
0.698857	39
0.698974	40
0.699097	41
0.699225	42
0.699359	43
0.699486	44
0.699613	45
0.699723	46
0.699835	47
0.699951	48
0.700073	49
0.700199	50
0.70033	51
0.700406	52
0.700544	35
0.700687	35
0.700806	36
0.70091	37
0.70102	38
0.701134	39
0.701253	40
0.701365	41
0.701479	42
0.701598	43
0.701722	44
0.70185	45
0.701984	46
0.702109	47
0.702228	48
0.702347	49
0.702472	50
0.702602	51
0.702736	35
0.70286	35
0.702966	36
0.703079	37
0.703198	38
0.703322	39
0.70345	40
0.70357	41
0.703681	42
0.703796	43
0.703918	44
0.704044	45
0.704175	46
0.704295	47
0.70442	48
0.70455	49
0.704673	50
0.704746	51
0.704876	52
0.705012	35
0.705152	36
0.705262	37
0.705375	38
0.705492	39
0.705616	40
0.705746	41
0.705854	42
0.705966	43
0.706083	44
0.706204	45
0.70633	46
0.706461	47
0.706583	48
0.706703	49
0.70683	50
0.706966	34
0.707095	35
0.707208	36
0.707311	37
0.707419	38
0.707533	39
0.707652	40
0.707775	41
0.707902	42
0.708023	43
0.708143	44
0.708261	45
0.708383	46
0.708511	47
0.708643	48
0.708765	49
0.708893	50
0.709025	51
0.709162	34
0.7093	35
0.709364	36
0.709465	37
0.709571	38
0.709684	39
0.7098	40
0.709921	41
0.710047	42
0.710179	43
0.7103	44
0.710427	45
0.710558	46
0.71068	47
0.710792	48
0.710909	49
0.711023	50
0.711144	51
0.711276	52
0.711415	34
0.711559	35
0.711678	36
0.711782	37
0.711892	38
0.712005	39
0.712124	40
0.712233	41
0.712347	42
0.712466	43
0.712591	44
0.712721	45
0.712856	46
0.712986	47
0.7131	48
0.713221	49
0.713349	50
0.713478	51
0.713569	34
0.713696	34
0.713805	35
0.71392	36
0.714037	37
0.714159	38
0.714286	39
0.714403	40
0.71451	41
0.714624	42
0.714744	43
0.714869	44
0.714985	45
0.715105	46
0.71523	47
0.715358	48
0.715492	49
0.715614	32
0.715745	33
0.715846	34
0.715951	35
0.71606	36
0.716176	37
0.716296	38
0.716407	39
0.716522	40
0.716642	41
0.716767	42
0.716898	43
0.717029	44
0.717155	45
0.717272	46
0.717393	47
0.717518	48
0.717624	49
0.717748	50
0.717874	51
0.718006	52
0.718143	34
0.718285	34
0.718393	35
0.718492	36
0.718593	37
0.7187	38
0.718812	39
0.71893	40
0.719053	41
0.719166	42
0.719282	43
0.719396	44
0.719513	45
0.719645	46
0.719767	47
0.719882	48
0.720001	49
0.720124	50
0.720253	51
0.720386	34
0.72051	34
0.720616	35
0.720728	36
0.720844	37
0.720967	38
0.721094	39
0.721219	40
0.721329	41
0.721443	42
0.721563	43
0.721688	44
0.721818	45
0.721937	46
0.72206	47
0.722169	48
0.722304	49
0.722443	32
0.722561	33
0.722658	34
0.72276	35
0.722869	36
0.722982	37
0.723099	38
0.723222	39
0.723334	40
0.723451	41
0.723574	42
0.7237	43
0.723819	44
0.72393	45
0.724045	46
0.724162	47
0.724277	48
0.724387	49
0.72452	50
0.724644	33
0.724772	34
0.724885	35
0.725003	36
0.725127	37
0.725251	38
0.72537	39
0.725479	40
0.725595	41
0.725715	42
0.72584	43
0.72597	44
0.72609	45
0.726215	46
0.726318	47
0.726453	48
0.726578	49
0.726693	50
0.726813	51
0.726938	52
0.727068	53
0.727202	35
0.72734	36
0.727447	37
0.72756	38
0.727678	39
0.7278	40
0.727928	41
0.728048	42
0.728159	43
0.728274	44
0.728395	45
0.728518	46
0.728643	47
0.728739	48
0.728862	49
0.728989	50
0.729123	51
0.729261	33
0.729399	34
0.729496	35
0.7296	36
0.729708	37
0.729821	38
0.729939	39
0.73006	40
0.730185	41
0.730302	42
0.730424	43
0.730552	44
0.730684	45
0.730793	46
0.730909	47
0.73103	48
0.731156	49
0.731284	50
0.731414	51
0.731522	33
0.73165	33
0.73176	34
0.731874	35
0.731994	36
0.732116	37
0.732232	38
0.732339	39
0.732451	40
0.732566	41
0.732688	42
0.732815	43
0.732947	44
0.733069	45
0.733194	46
0.733291	47
0.733417	48
0.733535	49
0.733653	50
0.733775	51
0.733903	52
0.734035	34
0.734172	35
0.734291	36
0.734415	37
0.734529	38
0.734648	39
0.734771	40
0.734883	41
0.735	42
0.735111	43
0.735227	44
0.735345	45
0.735447	46
0.735577	47
0.735712	48
0.735851	32
0.73598	32
0.736078	33
0.736184	34
0.736295	35
0.736411	36
0.736533	37
0.736645	38
0.736761	39
0.736883	40
0.737009	41
0.73714	42
0.737249	43
0.737363	44
0.737482	45
0.737606	46
0.737735	47
0.737867	48
0.73799	49
0.738117	50
0.738223	51
0.738361	33
0.738504	34
0.738601	35
0.738702	36
0.738808	37
0.73892	38
0.739038	39
0.73916	40
0.739288	41
0.739402	42
0.739522	43
0.73961	44
0.73974	45
0.739874	46
0.739986	47
0.740103	48
0.740225	49
0.740354	50
0.740489	33
0.740628	34
0.740743	35
0.740856	36
0.740974	37
0.741097	38
0.741211	39
0.74133	40
0.741439	41
0.741554	42
0.741673	43
0.741796	44
0.741925	45
0.74206	46
0.742185	47
0.742313	48
0.742408	49
0.742533	50
0.742663	51
0.742796	34
0.74292	35
0.743028	36
0.743143	37
0.743262	38
0.743385	39
0.743515	40
0.743633	41
0.743742	42
0.743858	43
0.743977	44
0.744103	45
0.744218	46
0.744337	47
0.744461	48
0.744572	49
0.744708	34
0.744848	34
0.744961	35
0.745062	36
0.745168	37
0.745279	38
0.745394	39
0.745514	40
0.745639	41
0.745753	42
0.745872	43
0.745996	44
0.746124	45
0.746257	46
0.746382	47
0.746511	48
0.746631	49
0.746757	50
0.746884	51
0.746984	36
0.747108	36
0.747216	37
0.747329	38
0.747447	39
0.747571	40
0.747698	41
0.747818	42
0.747941	43
0.748067	44
0.748185	45
0.748309	46
0.748423	47
0.748542	48
0.748654	49
0.748767	50
0.7489	51
0.749029	35
0.749159	36
0.749273	37
0.749392	38
0.749516	39
0.749644	40
0.749762	41
0.749871	42
0.749986	43
0.750106	44
0.750231	45
0.750361	46
0.750481	47
0.750606	48
0.750736	49
0.750872	50
0.751012	34
0.751141	35
0.751239	36
0.751307	37
0.751414	38
0.751527	39
0.751644	40
0.751768	41
0.751892	42
0.75201	43
0.752132	44
0.75226	45
0.752392	46
0.752529	47
0.752642	48
0.75276	49
0.752881	50
0.753006	51
0.753134	52
0.75325	35
0.753354	36
0.753464	37
0.753581	38
0.753702	39
0.753828	40
0.753959	41
0.754069	42
0.754179	43
0.754296	44
0.754417	45
0.754544	46
0.75466	47
0.754782	48
0.754908	49
0.75504	50
0.755177	34
0.755319	35
0.755431	36
0.755529	37
0.755615	38
0.755726	39
0.755843	40
0.755966	41
0.756088	42
0.756206	43
0.756329	44
0.756456	45
0.756588	46
0.756725	47
0.756853	48
0.756968	49
0.757087	50
0.757213	51
0.757344	52
0.757445	36
0.757551	36
0.75766	37
0.757775	38
0.757894	39
0.758017	40
0.758146	41
0.758279	42
0.758403	43
0.758517	44
0.758636	45
0.75876	46
0.758874	47
0.758995	48
0.75912	49
0.759251	50
0.759386	35
0.759527	36
0.759639	37
0.759755	38
0.759876	39
0.759999	40
0.760092	41
0.760211	42
0.76032	43
0.760436	44
0.760556	45
0.76068	46
0.760807	47
0.760942	48
0.761068	49
0.761199	50
0.761336	36
0.761466	37
0.761563	38
0.761664	39
0.761732	40
0.761842	41
0.761958	42
0.762078	43
0.762203	44
0.762331	45
0.762464	46
0.762589	47
0.762718	48
0.762853	49
0.762978	36
0.763093	37
0.763198	38
0.763307	39
0.763422	40
0.763541	41
0.763664	42
0.763792	43
0.763924	44
0.764047	45
0.764174	46
0.764293	47
0.764418	48
0.764532	49
0.764646	50
0.764768	51
0.764898	52
0.765032	38
0.765172	39
0.765297	40
0.765411	41
0.765527	42
0.765637	43
0.765755	44
0.765877	45
0.766001	46
0.766115	47
0.766234	48
0.766346	49
0.766467	50
0.766603	37
0.766744	37
0.766856	38
0.766959	39
0.767067	40
0.767179	41
0.767297	42
0.767421	43
0.767549	44
0.767666	45
0.767788	46
0.767915	47
0.768047	48
0.768172	49
0.768295	50
0.768413	51
0.768537	52
0.768666	53
0.768799	39
0.768938	40
0.769063	41
0.769177	42
0.769296	43
0.769421	44
0.769551	45
0.769667	46
0.769791	47
0.769905	48
0.770023	49
0.770147	50
0.770278	51
0.770412	37
0.770549	38
0.770658	39
0.770768	40
0.770884	41
0.770991	42
0.771095	43
0.771214	44
0.771325	45
0.77144	46
0.771562	47
0.771689	48
0.771821	49
0.771958	36
0.7721	37
0.772201	38
0.772307	39
0.772417	40
0.772533	41
0.772653	42
0.772765	43
0.772881	44
0.773003	45
0.77313	46
0.773262	47
0.773401	48
0.773542	35
0.773666	35
0.773764	36
0.773863	37
0.773968	38
0.774077	39
0.774192	40
0.774311	41
0.774434	42
0.774561	43
0.774687	44
0.774808	45
0.774925	46
0.775044	47
0.775156	48
0.775272	49
0.775394	50
0.77552	51
0.77565	52
0.775782	37
0.7759	38
0.776019	39
0.776132	40
0.776252	41
0.776365	42
0.776483	43
0.776605	44
0.776731	45
0.776848	46
0.776969	47
0.777094	48
0.777224	49
0.77736	35
0.777486	36
0.7776	37
0.777706	38
0.777818	39
0.777935	40
0.778056	41
0.778182	42
0.778312	43
0.778432	44
0.778557	45
0.778687	46
0.778822	47
0.778933	48
0.77905	49
0.779171	50
0.779298	51
0.779427	52
0.77956	37
0.779699	38
0.779825	39
0.779938	40
0.78006	41
0.780182	42
0.780305	43
0.78037	44
0.78048	45
0.780596	46
0.780716	47
0.780841	48
0.780972	49
0.781108	50
0.781248	35
0.781394	36
0.781498	37
0.781592	38
0.781691	39
0.781794	40
0.781902	41
0.782015	42
0.782134	43
0.782258	44
0.782387	45
0.78252	46
0.782658	47
0.782801	32
0.782919	33
0.783009	34
0.783104	35
0.783204	36
0.783309	37
0.783418	38
0.783532	39
0.783651	40
0.783769	41
0.783887	42
0.784013	43
0.784151	44
0.784274	45
0.784375	46
0.784483	47
0.784597	48
0.784716	49
0.78484	50
0.784969	51
0.7851	52
0.785235	35
0.785379	36
0.785453	37
0.785554	38
0.78566	39
0.785772	40
0.785889	41
0.786012	42
0.78613	43
0.786244	44
0.786364	45
0.786489	46
0.786619	47
0.786754	48
0.78688	49
0.786996	50
0.787118	51
0.787244	52
0.787375	53
0.787511	35
0.787652	36
0.787758	37
0.787871	38
0.787989	39
0.788112	40
0.78823	41
0.788347	42
0.78847	43
0.788579	44
0.78869	45
0.788807	46
0.788932	47
0.789064	48
0.789196	49
0.78932	50
0.78945	51
0.789552	52
0.789664	53
0.789784	54
0.789916	36
0.790039	36
0.790142	37
0.790251	38
0.790366	39
0.790486	40
0.790611	41
0.790742	42
0.790873	43
0.790983	44
0.791099	45
0.791219	46
0.791344	47
0.791458	48
0.791577	49
0.791701	50
0.79183	51
0.791963	34
0.792101	35
0.792224	36
0.792347	37
0.792451	38
0.792562	39
0.792677	40
0.792797	41
0.792913	42
0.793027	43
0.793146	44
0.79327	45
0.793398	46
0.793532	47
0.793655	48
0.793783	49
0.793901	50
0.794021	51
0.794146	52
0.794229	35
0.794367	35
0.794473	36
0.794583	37
0.7947	38
0.794821	39
0.794948	40
0.795064	41
0.795186	42
0.795312	43
0.795426	44
0.795546	45
0.795672	46
0.795803	47
0.795924	48
0.796049	49
0.796178	50
0.796313	34
0.796441	35
0.796554	36
0.796671	37
0.796794	38
0.796907	39
0.797025	40
0.797147	41
0.797276	42
0.797394	43
0.797516	44
0.797629	45
0.797747	46
0.79787	47
0.797997	48
0.798131	49
0.798248	50
0.798372	51
0.798444	52
0.798579	35
0.798718	36
0.79884	37
0.798939	38
0.799044	39
0.799153	40
0.799268	41
0.799388	42
0.799513	43
0.799635	44
0.799754	45
0.799877	46
0.800006	47
0.800139	48
0.800275	49
0.80039	34
0.800511	34
0.800615	35
0.800724	36
0.800839	37
0.800958	38
0.801081	39
0.801196	40
0.801316	41
0.801441	42
0.801571	43
0.801705	44
0.801816	45
0.801932	46
0.802054	47
0.80218	48
0.802311	49
0.802434	50
0.802554	51
0.802677	52
0.802798	35
0.802894	36
0.803015	37
0.803127	38
0.803231	39
0.80334	40
0.803454	41
0.803574	42
0.803699	43
0.803815	44
0.803935	45
0.804059	46
0.804187	47
0.804322	48
0.804447	49
0.804577	50
0.804697	51
0.804822	52
0.804952	53
0.805087	35
0.805213	36
0.805321	37
0.805434	38
0.805552	39
0.805675	40
0.805804	41
0.805938	42
0.806046	43
0.80616	44
0.806279	45
0.806403	46
0.806531	47
0.80665	48
0.806772	49
0.80689	50
0.807018	51
0.807105	34
0.807244	34
0.807355	35
0.807454	36
0.80756	37
0.807672	38
0.807789	39
0.80791	40
0.808024	41
0.808141	42
0.808262	43
0.808388	44
0.808519	45
0.808655	46
0.808767	47
0.808884	48
0.809006	49
0.809134	50
0.809266	51
0.80939	34
0.809519	35
0.809632	36
0.80975	37
0.809873	38
0.809999	39
0.810131	40
0.810243	41
0.810356	42
0.810474	43
0.810596	44
0.810711	45
0.81083	46
0.810941	47
0.811064	48
0.811145	49
0.81128	33
0.811421	33
0.81153	34
0.81163	35
0.811735	36
0.811847	37
0.811963	38
0.812077	39
0.812189	40
0.812306	41
0.812427	42
0.812553	43
0.812684	44
0.81282	45
0.812946	46
0.813063	47
0.813174	48
0.813289	49
0.813409	50
0.813535	51
0.813666	52
0.813802	34
0.813943	35
0.814067	36
0.814182	37
0.814302	38
0.814403	39
0.814507	40
0.814615	41
0.814727	42
0.814842	43
0.814951	44
0.815072	45
0.815152	46
0.815287	47
0.815427	31
0.815561	32
0.815657	33
0.815751	34
0.815849	35
0.815953	36
0.816061	37
0.816174	38
0.816293	39
0.816417	40
0.816545	41
0.816679	42
0.816805	43
0.81692	44
0.81704	45
0.817153	46
0.817271	47
0.817394	48
0.817521	49
0.817653	50
0.81779	34
0.817932	34
0.818044	35
0.818146	36
0.818253	37
0.818365	38
0.818482	39
0.818603	40
0.818716	41
0.818831	42
0.818952	43
0.819075	44
0.819139	45
0.819274	46
0.8194	47
0.819531	48
0.819652	49
0.819779	50
0.81991	51
0.820031	52
0.820157	53
0.820288	36
0.820424	37
0.820544	38
0.820656	39
0.820773	40
0.820894	41
0.821021	42
0.821152	43
0.821274	44
0.821388	45
0.821506	46
0.821628	47
0.821757	48
0.82189	49
0.822014	50
0.822143	51
0.822276	36
0.822415	36
0.822523	37
0.822637	38
0.822756	39
0.822873	40
0.822987	41
0.823106	42
0.823231	43
0.823361	44
0.823481	45
0.823607	46
0.823738	47
0.823858	48
0.823983	49
0.824113	50
0.824232	51
0.824357	52
0.824471	53
0.824559	36
0.824696	37
0.824803	38
0.824915	39
0.825031	40
0.825153	41
0.82528	42
0.825412	43
0.825535	44
0.825649	45
0.825768	46
0.825892	47
0.826021	48
0.826154	49
0.826278	50
0.826406	51
0.82654	36
0.826678	36
0.826786	37
0.8269	38
0.827019	39
0.827136	40
0.82725	41
0.827369	42
0.827493	43
0.82762	44
0.827742	45
0.827868	46
0.827998	47
0.828118	48
0.828244	49
0.828375	50
0.828497	51
0.828623	52
0.828754	53
0.828889	37
0.829014	37
0.829063	38
0.829175	39
0.829291	40
0.829411	41
0.829539	42
0.829671	43
0.829794	44
0.829908	45
0.830027	46
0.830151	47
0.830279	48
0.830413	49
0.830535	50
0.830663	51
0.830795	52
0.830932	35
0.831059	36
0.831169	37
0.831272	38
0.83138	39
0.831493	40
0.831612	41
0.831737	42
0.831867	43
0.831992	44
0.832116	45
0.832245	46
0.832365	47
0.83249	48
0.832605	49
0.832725	50
0.832852	51
0.832983	52
0.833118	35
0.833254	36
0.833371	37
0.833479	38
0.833545	39
0.833664	40
0.833788	41
0.833904	42
0.834013	43
0.834126	44
0.834243	45
0.834366	46
0.834493	47
0.834626	48
0.834764	33
0.83489	34
0.835002	35
0.835106	36
0.835216	37
0.83533	38
0.835449	39
0.83556	40
0.835675	41
0.835795	42
0.83592	43
0.836051	44
0.836187	45
0.836305	46
0.836421	47
0.836543	48
0.836669	49
0.8368	50
0.836921	51
0.837049	52
0.837179	53
0.83731	36
0.83745	36
0.837574	37
0.837688	38
0.837804	39
0.837906	40
0.838017	41
0.838096	42
0.838218	43
0.83833	44
0.838446	45
0.838567	46
0.838694	47
0.838827	48
0.838965	33
0.839094	33
0.839206	34
0.83931	35
0.839417	36
0.83953	37
0.839649	38
0.839758	39
0.839872	40
0.839991	41
0.840115	42
0.840245	43
0.840375	44
0.840501	45
0.840618	46
0.840739	47
0.840865	48
0.840996	49
0.841118	50
0.841245	51
0.841376	52
0.841508	35
0.84165	36
0.841762	37
0.841867	38
0.841973	39
0.842085	40
0.842201	41
0.84232	42
0.842429	43
0.842542	44
0.842659	45
0.842782	46
0.842871	47
0.843005	48
0.84313	49
0.84326	50
0.843394	34
0.84352	35
0.843631	36
0.843732	37
0.843838	38
0.84395	39
0.844066	40
0.844188	41
0.844315	42
0.844447	43
0.844577	44
0.844704	45
0.844822	46
0.844945	47
0.84506	48
0.84518	49
0.845305	50
0.845436	51
0.84557	35
0.845707	36
0.845831	37
0.845946	38
0.846066	39
0.84619	40
0.846302	41
0.846411	42
0.846523	43
0.84664	44
0.846761	45
0.846887	46
0.847017	47
0.847153	48
0.84728	33
0.847413	34
0.847503	35
0.847557	36
0.847654	37
0.847756	38
0.847863	39
0.847975	40
0.848092	41
0.848213	42
0.848339	43
0.848472	44
0.848604	45
0.848731	46
0.84885	47
0.848974	48
0.849091	49
0.849212	50
0.849338	51
0.849469	52
0.8496	35
0.849734	36
0.84985	37
0.849963	38
0.850069	39
0.85018	40
0.850295	41
0.850415	42
0.850543	43
0.85066	44
0.850783	45
0.85091	46
0.851041	47
0.851175	48
0.851299	32
0.851416	33
0.85152	34
0.851628	35
0.851695	36
0.851811	37
0.851931	38
0.852057	39
0.852172	40
0.852293	41
0.852418	42
0.852546	43
0.852658	44
0.852772	45
0.852891	46
0.853015	47
0.853145	48
0.85328	49
0.853405	33
0.853534	34
0.853646	35
0.85376	36
0.853881	37
0.854001	38
0.854105	39
0.854213	40
0.854326	41
0.854445	42
0.85457	43
0.854701	44
0.854825	45
0.854949	46
0.855076	47
0.855205	48
0.855317	49
0.855433	50
0.855555	51
0.85568	52
0.855806	53
0.855907	36
0.856044	36
0.856166	37
0.856292	38
0.856406	39
0.856524	40
0.856649	41
0.856765	42
0.856875	43
0.856986	44
0.857104	45
0.857227	46
0.857354	47
0.857485	48
0.857619	49
0.857756	32
0.85788	33
0.857981	34
0.858072	35
0.858168	36
0.858271	37
0.85838	38
0.858493	39
0.858612	40
0.858734	41
0.858859	42
0.858989	43
0.859126	44
0.85924	45
0.859345	46
0.859454	47
0.859568	48
0.859687	49
0.859811	50
0.859939	51
0.86007	52
0.860166	34
0.860308	35
0.860418	36
0.860535	37
0.860648	38
0.86076	39
0.860867	40
0.860976	41
0.86109	42
0.861209	43
0.861333	44
0.861459	45
0.861581	46
0.861706	47
0.861835	48
0.86197	49
0.862109	32
0.862227	33
0.862328	34
0.862434	35
0.862545	36
0.86266	37
0.862779	38
0.862904	39
0.863022	40
0.863144	41
0.863272	42
0.863403	43
0.863509	44
0.86362	45
0.863739	46
0.863862	47
0.863988	48
0.864119	49
0.864244	50
0.86432	51
0.864451	52
0.864588	33
0.864731	34
0.86485	35
0.86495	36
0.865054	37
0.865164	38
0.865278	39
0.865398	40
0.865518	41
0.865636	42
0.865759	43
0.865886	44
0.866018	45
0.866155	46
0.866268	47
0.866386	48
0.86651	49
0.866639	50
0.86676	51
0.866885	52
0.867012	53
0.867146	33
0.867286	34
0.867407	35
0.867518	36
0.867635	37
0.867756	38
0.867868	39
0.867986	40
0.868095	41
0.868211	42
0.868331	43
0.868454	44
0.868574	45
0.868648	46
0.868785	47
0.868913	48
0.869045	49
0.869168	50
0.869282	51
0.869401	52
0.869525	53
0.869653	54
0.869787	34
0.869926	34
0.870044	35
0.870166	36
0.870295	37
0.870428	38
0.870526	39
0.870628	40
0.870735	41
0.870847	42
0.870963	43
0.871085	44
0.871211	45
0.871342	46
0.871478	47
0.871618	30
0.871737	31
0.871826	32
0.87192	33
0.872019	34
0.872123	35
0.872234	36
0.87235	37
0.872472	38
0.872598	39
0.872729	40
0.872853	41
0.872967	42
0.873072	43
0.873181	44
0.873294	45
0.873412	46
0.873528	47
0.873645	48
0.873728	49
0.873861	50
0.874001	31
0.874133	32
0.874245	33
0.874341	34
0.874436	35
0.874538	36
0.874645	37
0.874757	38
0.874873	39
0.874995	40
0.875121	41
0.875252	42
0.875375	43
0.875501	44
0.875632	45
0.87574	46
0.875853	47
0.875972	48
0.876096	49
0.876226	50
0.87636	51
0.8765	32
0.87663	32
0.876739	33
0.876854	34
0.876976	35
0.877102	36
0.877203	37
0.877309	38
0.877417	39
0.877523	40
0.877628	41
0.877721	42
0.87785	43
0.877969	44
0.878091	45
0.878217	46
0.87835	47
0.878473	48
0.878589	49
0.878709	50
0.878834	51
0.878964	52
0.879098	33
0.879225	33
0.879329	34
0.879437	35
0.879552	36
0.879672	37
0.879797	38
0.879927	39
0.880046	40
0.880155	41
0.880272	42
0.880393	43
0.880519	44
0.880636	45
0.880757	46
0.880885	47
0.881017	48
0.881153	49
0.881278	31
0.881409	31
0.881506	32
0.881608	33
0.881714	34
0.881825	35
0.881938	36
0.882041	37
0.882153	38
0.882267	39
0.882391	40
0.882512	41
0.882607	42
0.882726	43
0.88285	44
0.882958	45
0.883077	46
0.883202	47
0.88332	48
0.883441	49
0.883568	50
0.883699	51
0.883834	32
0.883975	33
0.884096	34
0.884195	35
0.8843	36
0.884409	37
0.884522	38
0.884638	39
0.884759	40
0.884868	41
0.884986	42
0.88511	43
0.885238	44
0.885372	45
0.885496	46
0.88561	47
0.885729	48
0.885853	49
0.885981	50
0.886097	51
0.886222	52
0.88635	53
0.886482	33
0.886621	34
0.886729	35
0.886842	36
0.88696	37
0.887081	38
0.887192	39
0.887308	40
0.88743	41
0.88752	42
0.887635	43
0.88775	44
0.887875	45
0.888005	46
0.888139	47
0.888266	48
0.888398	49
0.888521	50
0.888648	51
0.888781	52
0.888904	32
0.889032	33
0.889136	34
0.889243	35
0.889361	36
0.889484	37
0.889594	38
0.889711	39
0.889835	40
0.889965	41
0.89007	42
0.890181	43
0.890296	44
0.89041	45
0.890526	46
0.890656	47
0.890777	48
0.890903	49
0.891034	50
0.891171	32
0.891313	33
0.891417	34
0.891516	35
0.89162	36
0.891729	37
0.891843	38
0.891963	39
0.892088	40
0.892204	41
0.892322	42
0.892431	43
0.892562	44
0.892685	45
0.892796	46
0.892912	47
0.893033	48
0.893161	49
0.893293	50
0.893417	33
0.893544	34
0.893655	35
0.893769	36
0.893891	37
0.894004	38
0.894122	39
0.894246	40
0.89436	41
0.894479	42
0.894603	43
0.894718	44
0.894834	45
0.894956	46
0.895086	47
0.895206	48
0.895334	49
0.895466	50
0.895603	34
0.895728	34
0.895838	35
0.895938	36
0.896044	37
0.896155	38
0.89627	39
0.89639	40
0.896515	41
0.896633	42
0.896756	43
0.896883	44
0.897017	45
0.897142	46
0.897249	47
0.897364	48
0.897455	49
0.897582	50
0.897714	51
0.897836	52
0.897961	53
0.898091	35
0.898228	36
0.898347	37
0.898469	38
0.898584	39
0.898705	40
0.898818	41
0.898937	42
0.899061	43
0.899177	44
0.899297	45
0.899415	46
0.899543	47
0.899678	48
0.899804	49
0.899935	50
0.900071	34
0.900196	35
0.900305	36
0.900406	37
0.900512	38
0.900624	39
0.90074	40
0.900862	41
0.900988	42
0.90112	43
0.901244	44
0.901373	45
0.901506	46
0.901617	47
0.901731	48
0.90185	49
0.901974	50
0.902104	51
0.902238	52
0.90237	35
0.902461	35
0.90257	36
0.902684	37
0.902803	38
0.902926	39
0.903039	40
0.903158	41
0.903267	42
0.903381	43
0.9035	44
0.903624	45
0.903753	46
0.903873	47
0.903993	48
0.904122	49
0.904255	34
0.904383	34
0.904494	35
0.904599	36
0.904706	37
0.904818	38
0.904933	39
0.905054	40
0.905177	41
0.905295	42
0.905417	43
0.905546	44
0.905675	45
0.905798	46
0.905927	47
0.906061	48
0.906183	49
0.906307	50
0.906428	51
0.906527	35
0.906654	35
0.906764	36
0.906879	37
0.906999	38
0.907111	39
0.907228	40
0.907349	41
0.907475	42
0.907606	43
0.907725	44
0.907836	45
0.907952	46
0.90807	47
0.908193	48
0.908323	49
0.908446	50
0.908575	51
0.908709	35
0.908846	36
0.908967	37
0.909079	38
0.909182	39
0.909292	40
0.909406	41
0.909525	42
0.90965	43
0.909775	44
0.909895	45
0.910021	46
0.910152	47
0.910288	48
0.910415	34
0.910527	34
0.910625	35
0.910709	36
0.910818	37
0.910932	38
0.911052	39
0.911165	40
0.911283	41
0.911406	42
0.911532	43
0.911661	44
0.91178	45
0.911906	46
0.912026	47
0.912149	48
0.912275	49
0.912396	50
0.912522	51
0.912653	52
0.912789	36
0.912924	37
0.913036	38
0.913151	39
0.913271	40
0.913396	41
0.913525	42
0.913644	43
0.913757	44
0.913876	45
0.914	46
0.914128	47
0.914262	48
0.914384	49
0.914512	50
0.914643	51
0.914775	35
0.914899	35
0.914969	36
0.91507	37
0.915175	38
0.915287	39
0.915404	40
0.915525	41
0.915651	42
0.915782	43
0.915917	44
0.916044	45
0.916163	46
0.916287	47
0.916401	48
0.91652	49
0.916645	50
0.916775	51
0.91691	35
0.917048	36
0.917169	37
0.917268	38
0.917369	39
0.917478	40
0.917595	41
0.917718	42
0.917838	43
0.917957	44
0.918081	45
0.918209	46
0.918343	47
0.918481	48
0.918596	33
0.918712	34
0.918816	35
0.918922	36
0.919035	37
0.919114	38
0.919237	39
0.919361	40
0.919478	41
0.919601	42
0.919728	43
0.919862	44
0.919982	45
0.920097	46
0.920218	47
0.920343	48
0.920473	49
0.920607	50
0.920732	34
0.920863	35
0.920979	36
0.92109	37
0.9212	38
0.921315	39
0.921437	40
0.921558	41
0.92167	42
0.921789	43
0.921916	44
0.922048	45
0.922172	46
0.922296	47
0.922419	48
0.922541	49
0.92266	50
0.92279	51
0.922911	35
0.923039	36
0.923148	37
0.923258	38
0.923377	39
0.9235	40
0.92361	41
0.923718	42
0.92383	43
0.923946	44
0.924068	45
0.924194	46
0.924325	47
0.924445	48
0.92457	49
0.9247	50
0.924835	35
0.924974	36
0.925086	37
0.925189	38
0.925297	39
0.92541	40
0.925528	41
0.925652	42
0.925782	43
0.925907	44
0.926031	45
0.926156	46
0.926273	47
0.926397	48
0.926511	49
0.926633	50
0.926759	51
0.92689	52
0.927026	36
0.92716	37
0.927283	38
0.927379	39
0.927484	40
0.927591	41
0.927707	42
0.92783	43
0.92795	44
0.928067	45
0.928188	46
0.928314	47
0.928425	48
0.92856	49
0.928687	34
0.928819	35
0.928921	36
0.929028	37
0.929141	38
0.929258	39
0.929381	40
0.929507	41
0.929626	42
0.929738	43
0.929854	44
0.929974	45
0.930099	46
0.93023	47
0.930352	48
0.930478	49
0.930609	50
0.930745	35
0.930885	36
0.930984	37
0.931087	38
0.931192	39
0.9313	40
0.931406	41
0.93153	42
0.931658	43
0.931792	44
0.931913	45
0.932038	46
0.932156	47
0.932281	48
0.932412	49
0.932532	50
0.932657	51
0.932787	52
0.932881	37
0.933019	38
0.933143	39
0.933271	40
0.933378	41
0.93349	42
0.933608	43
0.933731	44
0.933859	45
0.933993	46
0.934115	47
0.934243	48
0.934375	49
0.9345	50
0.93463	51
0.93475	52
0.934874	53
0.935001	54
0.935135	38
0.935273	38
0.935393	39
0.935522	40
0.935638	41
0.93575	42
0.935868	43
0.93599	44
0.936113	45
0.936222	46
0.936344	47
0.936469	48
0.9366	49
0.936736	50
0.936876	34
0.936994	35
0.937096	36
0.937203	37
0.937315	38
0.937429	39
0.937501	40
0.937626	41
0.937756	42
0.937876	43
0.938001	44
0.938131	45
0.938252	46
0.938379	47
0.938495	48
0.938618	49
0.938745	50
0.938878	51
0.939016	35
0.939159	35
0.939257	36
0.939361	37
0.93947	38
0.939583	39
0.939698	40
0.939817	41
0.939934	42
0.940052	43
0.940173	44
0.940299	45
0.940432	46
0.940556	47
0.940669	48
0.940785	49
0.940899	50
0.941023	51
0.941155	52
0.941291	35
0.941416	35
0.941524	36
0.941641	37
0.941762	38
0.941889	39
0.942006	40
0.942117	41
0.942193	42
0.942308	43
0.942428	44
0.942553	45
0.942683	46
0.942819	47
0.942944	48
0.943068	49
0.943192	50
0.94332	51
0.943454	35
0.943582	36
0.94369	37
0.943803	38
0.943921	39
0.944044	40
0.944171	41
0.944302	42
0.944408	43
0.94452	44
0.944636	45
0.944757	46
0.944884	47
0.945017	48
0.945136	49
0.945259	50
0.945383	51
0.94551	35
0.94565	35
0.94576	36
0.945862	37
0.945969	38
0.946081	39
0.946198	40
0.946319	41
0.946447	42
0.946563	43
0.946685	44
0.946807	45
0.946932	46
0.947061	47
0.947169	48
0.947284	49
0.947405	50
0.947528	51
0.947656	52
0.947789	35
0.947929	36
0.948036	37
0.948147	38
0.948263	39
0.948384	40
0.948496	41
0.948613	42
0.948734	43
0.94886	44
0.948979	45
0.949103	46
0.949232	47
0.949361	48
0.94948	49
0.949596	50
0.94972	51
0.949842	52
0.94997	53
0.950102	36
0.950239	37
0.950343	38
0.950453	39
0.950568	40
0.950688	41
0.950813	42
0.950943	43
0.951075	44
0.951188	45
0.951306	46
0.951429	47
0.951556	48
0.951688	49
0.95181	50
0.951935	51
0.952063	52
0.952156	35
0.952294	36
0.952402	37
0.952515	38
0.952618	39
0.952725	40
0.952839	41
0.952958	42
0.953082	43
0.95321	44
0.953344	45
0.953466	46
0.953594	47
0.953713	48
0.953836	49
0.953965	50
0.954098	51
0.954216	35
0.954338	35
0.954442	36
0.954555	37
0.954677	38
0.954804	39
0.954922	40
0.955036	41
0.955149	42
0.955267	43
0.955389	44
0.955517	45
0.955633	46
0.955755	47
0.955881	48
0.956012	49
0.956148	50
0.956287	33
0.956397	34
0.956464	35
0.956569	36
0.956678	37
0.956793	38
0.956914	39
0.957039	40
0.957154	41
0.957273	42
0.957397	43
0.957525	44
0.957644	45
0.957768	46
0.957881	47
0.957999	48
0.95812	49
0.958238	50
0.958364	51
0.958498	34
0.95862	34
0.958729	35
0.958844	36
0.958964	37
0.959082	38
0.959197	39
0.959318	40
0.959443	41
0.959556	42
0.959673	43
0.959796	44
0.959923	45
0.960056	46
0.960175	47
0.9603	48
0.960409	49
0.96051	50
0.960636	51
0.960767	52
0.960904	34
0.96103	35
0.961139	36
0.961253	37
0.961372	38
0.961496	39
0.961624	40
0.961742	41
0.961847	42
0.961956	43
0.96207	44
0.96219	45
0.962315	46
0.962446	47
0.962543	48
0.962668	49
0.962797	50
0.962933	33
0.963069	34
0.963178	35
0.963277	36
0.96338	37
0.963488	38
0.963601	39
0.963719	40
0.963842	41
0.963969	42
0.964085	43
0.964206	44
0.964332	45
0.964465	46
0.964587	47
0.964709	48
0.964828	49
0.964951	50
0.965045	51
0.965177	52
0.965314	34
0.965456	35
0.965566	36
0.965665	37
0.96577	38
0.965879	39
0.965993	40
0.966112	41
0.966236	42
0.96635	43
0.966472	44
0.966598	45
0.966725	46
0.966852	47
0.966974	31
0.967088	32
0.967187	33
0.96729	34
0.967399	35
0.967513	36
0.967632	37
0.96774	38
0.967853	39
0.967971	40
0.968093	41
0.968221	42
0.968353	43
0.968462	44
0.968577	45
0.968697	46
0.968822	47
0.968952	48
0.969071	49
0.969194	50
0.969323	51
0.969435	52
0.969572	34
0.9697	35
0.969811	36
0.969912	37
0.970018	38
0.970128	39
0.970246	40
0.970368	41
0.970494	42
0.970613	43
0.970699	44
0.970824	45
0.970941	46
0.971062	47
0.971188	48
0.97132	49
0.971454	50
0.97158	34
0.971711	34
0.971826	35
0.971945	36
0.972068	37
0.972181	38
0.9723	39
0.972411	40
0.972526	41
0.972647	42
0.972772	43
0.9729	44
0.973016	45
0.973138	46
0.973268	47
0.973403	48
0.973523	33
0.97363	34
0.973721	35
0.973824	36
0.973934	37
0.974049	38
0.974169	39
0.974294	40
0.974409	41
0.974528	42
0.974651	43
0.974781	44
0.974911	45
0.975022	46
0.975137	47
0.975258	48
0.975381	49
0.975498	50
0.975615	51
0.975754	34
0.975881	35
0.975992	36
0.976106	37
0.976226	38
0.976351	39
0.976457	40
0.976564	41
0.976676	42
0.976793	43
0.976916	44
0.977043	45
0.977176	46
0.977297	47
0.977417	48
0.977545	49
0.977662	50
0.977773	51
0.977902	52
0.978023	53
0.978149	54
0.978281	36
0.978419	37
0.978538	38
0.978661	39
0.97879	40
0.978921	41
0.979033	42
0.979149	43
0.979271	44
0.979397	45
0.979514	46
0.979635	47
0.979756	48
0.979877	49
0.979975	50
0.980115	33
0.980259	34
0.980372	35
0.980475	36
0.980583	37
0.980698	38
0.980817	39
0.980925	40
0.981038	41
0.981155	42
0.981278	43
0.981405	44
0.981538	45
0.98166	46
0.981788	47
0.981904	48
0.982026	49
0.982153	50
0.982285	51
0.982407	34
0.982532	34
0.98263	35
0.982728	36
0.982847	37
0.98297	38
0.983092	39
0.983211	40
0.983319	41
0.983432	42
0.98355	43
0.983672	44
0.9838	45
0.983915	46
0.984027	47
0.984128	48
0.984258	49
0.984389	50
0.984516	51
0.984648	52
0.984786	34
0.984912	34
0.985019	35
0.98513	36
0.985247	37
0.985368	38
0.985479	39
0.985594	40
0.985716	41
0.985842	42
0.985957	43
0.98608	44
0.986205	45
0.986334	46
0.986465	47
0.986584	48
0.986692	49
0.986811	50
0.986935	51
0.987065	52
0.987194	34
0.987321	35
0.987429	36
0.987542	37
0.98766	38
0.987781	39
0.987905	40
0.988018	41
0.988139	42
0.988254	43
0.988372	44
0.988495	45
0.988617	46
0.988714	47
0.988822	48
0.988948	49
0.989079	50
0.989215	33
0.989356	34
0.989464	35
0.989562	36
0.989666	37
0.989774	38
0.989889	39
0.990009	40
0.990134	41
0.99025	42
0.99037	43
0.990495	44
0.990625	45
0.990759	46
0.990883	47
0.990997	48
0.991114	49
0.991231	50
0.99135	51
0.991483	35
0.991606	35
0.991711	36
0.991823	37
0.99194	38
0.992061	39
0.992187	40
0.992318	41
0.992424	42
0.992531	43
0.992643	44
0.992762	45
0.992887	46
0.993012	47
0.993125	48
0.993222	49
0.99335	50
0.993481	51
0.993617	34
0.993758	35
0.993869	36
0.99397	37
0.994078	38
0.994191	39
0.994309	40
0.994432	41
0.994545	42
0.994661	43
0.994781	44
0.994906	45
0.995037	46
0.99516	47
0.995287	48
0.995404	49
0.995525	50
0.99564	51
0.995771	52
0.995908	34
0.996035	35
0.996144	36
0.996259	37
0.996378	38
0.996503	39
0.996618	40
0.996738	41
0.996864	42
0.996979	43
0.997096	44
0.997219	45
0.997346	46
0.997459	47
0.997576	48
0.997701	49
0.9978	50
0.997933	33
0.998058	34
0.998167	35
0.998282	36
0.998402	37
0.998527	38
0.99864	39
0.998756	40
0.998879	41
0.998992	42
0.99911	43
0.999234	44
0.999348	45
0.999467	46
0.999591	47
0.999718	48
0.999845	49
0.999974	33
1.00009	34
1.0002	35
1.00032	36
1.00044	37
1.00055	38
1.00067	39
1.00078	40
1.00089	41
1.00101	42
1.00113	43
1.00126	44
1.00139	45
1.00152	46
1.00164	47
1.00176	48
1.00188	49
1.00198	50
1.00211	51
1.00223	35
1.00236	36
1.00247	37
1.00259	38
1.00271	39
1.00284	40
1.00297	41
1.00308	42
1.00319	43
1.00331	44
1.00343	45
1.00354	46
1.00366	47
1.00379	48
1.00392	49
1.00404	50
1.00417	34
1.00432	35
1.00441	36
1.00452	37
1.00463	38
1.00474	39
1.00486	40
1.00499	41
1.0051	42
1.00522	43
1.00534	44
1.00547	45
1.00561	46
1.00573	47
1.00585	48
1.00597	49
1.0061	50
1.00623	51
1.00634	35
1.00647	36
1.00655	37
1.00666	38
1.00678	39
1.0069	40
1.00703	41
1.00715	42
1.00726	43
1.00737	44
1.00749	45
1.00762	46
1.00774	47
1.00786	48
1.00799	49
1.00811	50
1.00825	51
1.00838	35
1.00851	35
1.00862	36
1.00872	37
1.00883	38
1.00895	39
1.00907	40
1.00918	41
1.0093	42
1.00942	43
1.00954	44
1.00967	45
1.00979	46
1.00992	47
1.01005	48
1.01018	49
1.01031	33
1.01044	34
1.01053	35
1.01064	36
1.01075	37
1.01083	38
1.01094	39
1.01107	40
1.01118	41
1.0113	42
1.01143	43
1.01156	44
1.01169	45
1.01182	46
1.01193	47
1.01205	48
1.01218	49
1.01231	50
1.01244	35
1.01255	35
1.01266	36
1.01277	37
1.01289	38
1.01302	39
1.01315	40
1.01326	41
1.01337	42
1.01349	43
1.01361	44
1.01373	45
1.01385	46
1.01397	47
1.01409	48
1.01422	49
1.01436	50
1.01449	34
1.01462	35
1.01472	36
1.01483	37
1.01493	38
1.01505	39
1.01516	40
1.01526	41
1.01538	42
1.01549	43
1.01562	44
1.01575	45
1.01588	46
1.01602	47
1.01613	32
1.01625	33
1.01636	34
1.01646	35
1.01657	36
1.01668	37
1.01679	38
1.01691	39
1.01703	40
1.01715	41
1.01728	42
1.0174	43
1.01753	44
1.01764	45
1.01776	46
1.01789	47
1.018	48
1.01812	49
1.01825	50
1.01837	51
1.0185	36
1.01864	37
1.01876	38
1.01888	39
1.019	40
1.01911	41
1.01922	42
1.01934	43
1.01945	44
1.01956	45
1.01967	46
1.01979	47
1.01992	48
1.02003	49
1.02017	34
1.0203	35
1.02041	36
1.02052	37
1.02063	38
1.02074	39
1.02086	40
1.02097	41
1.02109	42
1.02121	43
1.02134	44
1.02147	45
1.0216	46
1.02172	47
1.02186	48
1.02198	49
1.02209	50
1.02221	51
1.02233	52
1.02245	53
1.02258	37
1.02272	38
1.02284	39
1.02296	40
1.02308	41
1.0232	42
1.02333	43
1.02346	44
1.02357	45
1.02368	46
1.0238	47
1.02392	48
1.02405	49
1.02418	50
1.02432	35
1.0244	35
1.02451	36
1.02463	37
1.02475	38
1.02487	39
1.02499	40
1.0251	41
1.02521	42
1.02532	43
1.02545	44
1.02557	45
1.02571	46
1.02583	47
1.02596	48
1.02609	49
1.02622	50
1.02635	51
1.02647	52
1.02659	53
1.02672	54
1.02686	37
1.02699	38
1.02711	39
1.02722	40
1.02734	41
1.02746	42
1.02758	43
1.0277	44
1.02782	45
1.02795	46
1.02808	47
1.0282	48
1.02832	49
1.02844	50
1.02853	51
1.02866	36
1.02879	37
1.0289	38
1.029	39
1.02911	40
1.02923	41
1.02935	42
1.02947	43
1.0296	44
1.02974	45
1.02986	46
1.02999	47
1.03011	48
1.03023	49
1.03036	50
1.03048	51
1.03061	52
1.03074	53
1.03087	37
1.03101	38
1.03113	39
1.03125	40
1.03137	41
1.03149	42
1.03161	43
1.03172	44
1.03183	45
1.03195	46
1.03207	47
1.0322	48
1.03233	49
1.03247	50
1.03261	34
1.03272	35
1.03282	36
1.03293	37
1.03304	38
1.0331	39
1.03322	40
1.03335	41
1.03346	42
1.03358	43
1.03371	44
1.03384	45
1.03397	46
1.0341	47
1.03421	48
1.03433	49
1.03446	50
1.03459	51
1.03471	52
1.03484	53
1.03497	37
1.03511	37
1.03523	38
1.03535	39
1.03549	40
1.03561	41
1.03572	42
1.03583	43
1.03595	44
1.03607	45
1.03619	46
1.03631	47
1.03644	48
1.03656	49
1.0367	35
1.03682	35
1.03694	36
1.03705	37
1.03717	38
1.03729	39
1.03739	40
1.0375	41
1.03761	42
1.03769	43
1.03781	44
1.03793	45
1.03806	46
1.03819	47
1.03832	48
1.03845	49
1.03859	35
1.03871	36
1.03881	37
1.03891	38
1.03902	39
1.03914	40
1.03926	41
1.03938	42
1.03951	43
1.03965	44
1.03977	45
1.03989	46
1.04001	47
1.04014	48
1.04027	49
1.04039	50
1.04051	51
1.04064	52
1.04077	37
1.04091	38
1.04102	39
1.04113	40
1.04126	41
1.04138	42
1.04149	43
1.04161	44
1.04174	45
1.04185	46
1.04197	47
1.04209	48
1.04222	49
1.04236	50
1.04247	51
1.0426	52
1.04273	37
1.04283	37
1.04294	38
1.04305	39
1.04317	40
1.0433	41
1.04343	42
1.04354	43
1.04366	44
1.04379	45
1.04392	46
1.04405	47
1.04416	48
1.04428	49
1.0444	50
1.04453	51
1.04466	52
1.0448	36
1.04494	37
1.04505	38
1.04515	39
1.04526	40
1.04536	41
1.04548	42
1.0456	43
1.04571	44
1.04583	45
1.04596	46
1.04608	47
1.04622	48
1.04636	34
1.04649	35
1.04659	36
1.0467	37
1.04681	38
1.04692	39
1.04703	40
1.04713	41
1.04724	42
1.04736	43
1.04748	44
1.04761	45
1.04774	46
1.04788	47
1.04799	34
1.04811	35
1.04822	36
1.04833	37
1.04844	38
1.04856	39
1.04867	40
1.04879	41
1.0489	42
1.04903	43
1.04916	44
1.04928	45
1.0494	46
1.04952	47
1.04964	48
1.04976	49
1.04989	50
1.05002	37
1.05014	37
1.05026	38
1.05037	39
1.0505	40
1.05063	41
1.05075	42
1.05087	43
1.05098	44
1.0511	45
1.05122	46
1.05135	47
1.05147	48
1.05159	49
1.05171	50
1.05183	51
1.05195	37
1.05209	38
1.05217	39
1.05229	40
1.0524	41
1.05251	42
1.05263	43
1.05275	44
1.05288	45
1.05299	46
1.05312	47
1.05324	48
1.05337	49
1.05349	50
1.05362	51
1.05375	52
1.05389	37
1.05402	38
1.05413	39
1.05424	40
1.05436	41
1.05448	42
1.0546	43
1.05472	44
1.05485	45
1.05497	46
1.05509	47
1.05522	48
1.05535	49
1.05549	50
1.05561	35
1.05574	36
1.05586	37
1.05597	38
1.05608	39
1.0562	40
1.05631	41
1.05642	42
1.05649	43
1.05661	44
1.05673	45
1.05686	46
1.05699	47
1.05712	48
1.05725	49
1.05737	50
1.05749	51
1.05762	52
1.05774	38
1.05787	38
1.05798	39
1.0581	40
1.05822	41
1.05835	42
1.05848	43
1.05862	44
1.05873	45
1.05885	46
1.05898	47
1.05909	48
1.05921	49
1.05934	50
1.05947	51
1.0596	37
1.05974	38
1.05987	39
1.06	40
1.06012	41
1.06023	42
1.06035	43
1.06047	44
1.06058	45
1.0607	46
1.06082	47
1.06095	48
1.06108	49
1.06121	37
1.06135	37
1.06146	38
1.06156	39
1.06162	40
1.06172	41
1.06183	42
1.06194	43
1.06205	44
1.06217	45
1.06229	46
1.06242	47
1.06256	48
1.0627	36
1.06284	37
1.06293	38
1.06303	39
1.06313	40
1.06324	41
1.06336	42
1.06347	43
1.0636	44
1.06372	45
1.06386	46
1.06399	47
1.06412	35
1.06425	36
1.06434	37
1.06445	38
1.06455	39
1.06466	40
1.06478	41
1.0649	42
1.06502	43
1.06515	44
1.06527	45
1.0654	46
1.06552	47
1.06564	48
1.06576	49
1.06587	50
1.06599	51
1.06612	52
1.06622	53
1.06636	39
1.0665	39
1.06662	40
1.06674	41
1.06686	42
1.06699	43
1.06712	44
1.06723	45
1.06734	46
1.06746	47
1.06758	48
1.06771	49
1.06784	50
1.06797	36
1.0681	37
1.06822	38
1.06834	39
1.06847	40
1.0686	41
1.06871	42
1.06882	43
1.06894	44
1.06906	45
1.06919	46
1.06932	47
1.06944	48
1.06957	49
1.0697	50
1.06984	36
1.06997	37
1.07008	38
1.07019	39
1.07029	40
1.0704	41
1.07052	42
1.07063	43
1.07076	44
1.07088	45
1.071	46
1.07108	47
1.07121	48
1.07135	49
1.07147	36
1.0716	37
1.07171	38
1.07182	39
1.07194	40
1.07206	41
1.07217	42
1.07229	43
1.07241	44
1.07254	45
1.07267	46
1.07279	47
1.07292	48
1.07305	49
1.07317	50
1.0733	51
1.07343	52
1.07356	53
1.07369	54
1.07382	39
1.07396	39
1.07407	40
1.07418	41
1.0743	42
1.07442	43
1.07455	44
1.07467	45
1.07478	46
1.07489	47
1.07501	48
1.07514	49
1.07527	50
1.0754	36
1.07553	37
1.07564	38
1.07576	39
1.07588	40
1.07598	41
1.07611	42
1.07622	43
1.07633	44
1.07645	45
1.07657	46
1.0767	47
1.07683	48
1.07695	49
1.07708	50
1.07722	51
1.07735	36
1.0775	37
1.0776	38
1.07771	39
1.07782	40
1.07794	41
1.07806	42
1.07819	43
1.07831	44
1.07843	45
1.07855	46
1.07868	47
1.0788	48
1.07893	49
1.07904	50
1.07917	51
1.0793	52
1.07943	37
1.07957	37
1.07968	38
1.07978	39
1.07989	40
1.08001	41
1.08014	42
1.08026	43
1.08037	44
1.08049	45
1.0806	46
1.08071	47
1.08083	48
1.08097	49
1.08109	50
1.08122	51
1.08136	36
1.0815	37
1.08161	38
1.08171	39
1.08182	40
1.08193	41
1.08205	42
1.08218	43
1.08231	44
1.08243	45
1.08256	46
1.08269	47
1.08282	48
1.08295	49
1.08306	50
1.08318	51
1.08331	52
1.08344	53
1.08357	37
1.0837	37
1.08381	38
1.08392	39
1.08402	40
1.08414	41
1.08427	42
1.08439	43
1.08451	44
1.08462	45
1.08474	46
1.08487	47
1.085	48
1.08512	49
1.08524	50
1.08537	51
1.0855	36
1.08563	36
1.08574	37
1.08583	38
1.08594	39
1.08605	40
1.08616	41
1.08628	42
1.08641	43
1.08653	44
1.08665	45
1.08678	46
1.08691	47
1.08705	48
1.08717	49
1.08729	50
1.08741	51
1.08754	52
1.08767	53
1.0878	36
1.08793	37
1.08804	38
1.08815	39
1.08827	40
1.08839	41
1.08852	42
1.08863	43
1.08874	44
1.08886	45
1.08898	46
1.08911	47
1.08922	48
1.08935	49
1.08947	50
1.0896	51
1.08973	35
1.08985	36
1.08998	37
1.09007	38
1.09017	39
1.09028	40
1.0904	41
1.09052	42
1.09064	43
1.09076	44
1.09088	45
1.09101	46
1.09114	47
1.09127	48
1.09141	33
1.09153	34
1.09163	35
1.09174	36
1.09185	37
1.09197	38
1.09208	39
1.09219	40
1.09231	41
1.09243	42
1.09256	43
1.09269	44
1.09283	45
1.09294	46
1.09305	47
1.09317	48
1.09329	49
1.0934	50
1.09352	51
1.09364	52
1.09377	53
1.09389	36
1.09402	37
1.09415	38
1.09426	39
1.09438	40
1.09449	41
1.0946	42
1.09472	43
1.09485	44
1.09496	45
1.09508	46
1.0952	47
1.09533	48
1.09547	49
1.09561	34
1.09573	34
1.09585	35
1.09595	36
1.09606	37
1.09617	38
1.09629	39
1.09641	40
1.09653	41
1.09664	42
1.09676	43
1.09689	44
1.09702	45
1.09714	46
1.09727	47
1.09739	48
1.09751	49
1.09764	50
1.09777	51
1.0979	34
1.09803	35
1.09813	36
1.09824	37
1.09831	38
1.09844	39
1.09856	40
1.09868	41
1.09879	42
1.09891	43
1.09903	44
1.09916	45
1.09928	46
1.0994	47
1.09952	48
1.09965	49
1.09979	34
1.09992	35
1.10003	36
1.10013	37
1.10024	38
1.10035	39
1.10046	40
1.10059	41
1.10071	42
1.10083	43
1.10096	44
1.10109	45
1.10121	46
1.10133	47
1.10145	48
1.10157	49
1.10169	50
1.10182	51
1.10195	36
1.10209	37
1.1022	38
1.10231	39
1.10242	40
1.10254	41
1.10266	42
1.10274	43
1.10286	44
1.10299	45
1.1031	46
1.10323	47
1.10336	48
1.10349	49
1.10361	50
1.10374	51
1.10388	37
1.104	37
1.10411	38
1.10422	39
1.10434	40
1.10447	41
1.10458	42
1.1047	43
1.10483	44
1.10496	45
1.10508	46
1.1052	47
1.10532	48
1.10544	49
1.10557	50
1.1057	51
1.10584	37
1.10596	38
1.10607	39
1.10619	40
1.10631	41
1.10644	42
1.10656	43
1.10667	44
1.10678	45
1.1069	46
1.10702	47
1.10715	48
1.10728	49
1.1074	50
1.10753	51
1.10766	52
1.1078	37
1.1079	38
1.10801	39
1.10812	40
1.10822	41
1.10834	42
1.10846	43
1.10859	44
1.10872	45
1.10885	46
1.10897	47
1.1091	48
1.10924	49
1.10936	35
1.10948	36
1.10958	37
1.10969	38
1.1098	39
1.10992	40
1.11004	41
1.11017	42
1.11031	43
1.11043	44
1.11055	45
1.11067	46
1.11078	47
1.1109	48
1.11102	49
1.11114	50
1.11126	51
1.11139	52
1.11153	37
1.11167	38
1.11178	39
1.1119	40
1.11201	41
1.11212	42
1.11223	43
1.11232	44
1.11244	45
1.11256	46
1.11268	47
1.11281	48
1.11295	49
1.11309	34
1.11322	35
1.11332	36
1.11343	37
1.11354	38
1.11365	39
1.11377	40
1.1139	41
1.11401	42
1.11413	43
1.11425	44
1.11438	45
1.11451	46
1.11465	47
1.11476	33
1.11488	34
1.11499	35
1.1151	36
1.11522	37
1.11534	38
1.11545	39
1.11557	40
1.11569	41
1.11581	42
1.11594	43
1.11605	44
1.11616	45
1.11627	46
1.11639	47
1.11651	48
1.11664	49
1.11677	50
1.11689	51
1.11702	52
1.11715	37
1.11726	37
1.11737	38
1.11749	39
1.11761	40
1.11773	41
1.11784	42
1.11796	43
1.11808	44
1.11821	45
1.11835	46
1.11847	47
1.1186	48
1.11872	49
1.11884	50
1.11897	51
1.11911	36
1.11923	37
1.11934	38
1.11946	39
1.11958	40
1.1197	41
1.11984	42
1.11994	43
1.12005	44
1.12017	45
1.12029	46
1.12042	47
1.12055	48
1.12067	49
1.1208	50
1.12093	51
1.12106	37
1.1212	37
1.12129	38
1.12138	39
1.12149	40
1.12157	41
1.12169	42
1.12181	43
1.12193	44
1.12206	45
1.12218	46
1.12231	47
1.12244	48
1.12256	49
1.12269	50
1.12281	51
1.12293	52
1.12306	53
1.12319	38
1.12333	39
1.12346	40
1.12358	41
1.1237	42
1.12381	43
1.12393	44
1.12405	45
1.12417	46
1.12431	47
1.12443	48
1.12455	49
1.12468	50
1.12482	37
1.12496	37
1.12507	38
1.12518	39
1.12529	40
1.1254	41
1.12551	42
1.12563	43
1.12575	44
1.12587	45
1.12599	46
1.12611	47
1.12623	48
1.12636	49
1.12647	37
1.12659	37
1.12669	38
1.1268	39
1.12692	40
1.12704	41
1.12717	42
1.12731	43
1.12743	44
1.12756	45
1.12769	46
1.1278	47
1.12791	48
1.12803	49
1.12815	50
1.12828	51
1.12841	39
1.12855	39
1.12868	40
1.1288	41
1.12892	42
1.12904	43
1.12917	44
1.12928	45
1.12939	46
1.1295	47
1.12963	48
1.12976	49
1.12989	50
1.13003	37
1.13017	38
1.1303	39
1.13039	40
1.13049	41
1.13059	42
1.1307	43
1.13082	44
1.13088	45
1.131	46
1.13113	47
1.13126	48
1.1314	49
1.13154	36
1.13167	37
1.13176	38
1.13186	39
1.13197	40
1.13208	41
1.1322	42
1.13232	43
1.13244	44
1.13257	45
1.1327	46
1.13284	47
1.13298	34
1.1331	35
1.1332	36
1.1333	37
1.13341	38
1.13352	39
1.13364	40
1.13377	41
1.13389	42
1.13403	43
1.13415	44
1.13427	45
1.13438	46
1.13449	47
1.13461	48
1.13473	49
1.13485	50
1.13498	51
1.13511	38
1.13525	39
1.13538	40
1.1355	41
1.13563	42
1.13574	43
1.13585	44
1.13592	45
1.13604	46
1.13616	47
1.13628	48
1.13641	49
1.13654	50
1.13668	37
1.13681	37
1.13693	38
1.13704	39
1.13715	40
1.13727	41
1.13739	42
1.13752	43
1.13764	44
1.13777	45
1.1379	46
1.13802	47
1.13815	48
1.13826	49
1.13839	50
1.13851	51
1.13865	52
1.13878	37
1.13892	38
1.13904	39
1.13915	40
1.13928	41
1.13941	42
1.13953	43
1.13964	44
1.13975	45
1.13987	46
1.13999	47
1.14012	48
1.14026	49
1.14039	35
1.14052	35
1.14064	36
1.14075	37
1.14086	38
1.14098	39
1.14108	40
1.14115	41
1.14127	42
1.14139	43
1.14152	44
1.14165	45
1.14178	46
1.14191	47
1.14203	48
1.14215	49
1.14227	50
1.14239	51
1.14252	52
1.14265	53
1.14278	37
1.14292	38
1.14305	39
1.14316	40
1.14329	41
1.14341	42
1.14353	43
1.14364	44
1.14376	45
1.14388	46
1.14401	47
1.14414	48
1.14428	49
1.14442	33
1.14453	34
1.14464	35
1.14475	36
1.14486	37
1.14498	38
1.14509	39
1.1452	40
1.14532	41
1.14545	42
1.14557	43
1.1457	44
1.14581	45
1.14592	46
1.14601	47
1.14613	48
1.14626	49
1.14639	50
1.14651	51
1.14664	52
1.14678	35
1.14692	36
1.14704	37
1.14716	38
1.14728	39
1.14739	40
1.14751	41
1.14763	42
1.14775	43
1.14787	44
1.14799	45
1.14812	46
1.14826	47
1.14838	48
1.14851	49
1.14863	50
1.14876	51
1.14888	52
1.14901	53
1.14914	54
1.14927	36
1.14941	36
1.14953	37
1.14965	38
1.14976	39
1.14989	40
1.15002	41
1.15013	42
1.15024	43
1.15036	44
1.15048	45
1.15061	46
1.15074	47
1.15086	48
1.15098	49
1.15111	50
1.1512	33
1.15133	34
1.15144	35
1.15154	36
1.15165	37
1.15176	38
1.15188	39
1.152	40
1.15213	41
1.15225	42
1.15238	43
1.15249	44
1.15262	45
1.15274	46
1.15288	47
1.153	48
1.15313	49
1.15326	50
1.1534	33
1.15353	33
1.15363	34
1.15374	35
1.15384	36
1.15396	37
1.15408	38
1.1542	39
1.15432	40
1.15445	41
1.15457	42
1.1547	43
1.15482	44
1.15493	45
1.15505	46
1.15516	47
1.15523	48
1.15536	49
1.15549	50
1.15563	32
1.15577	33
1.15587	34
1.15598	35
1.15609	36
1.15621	37
1.15633	38
1.15644	39
1.15656	40
1.15668	41
1.15681	42
1.15695	43
1.15706	44
1.15717	45
1.1573	46
1.15742	47
1.15755	48
1.15767	49
1.1578	50
1.15793	51
1.15807	33
1.1582	33
1.15831	34
1.15842	35
1.15852	36
1.15864	37
1.15876	38
1.15888	39
1.159	40
1.15912	41
1.15924	42
1.15936	43
1.15948	44
1.15954	45
1.15967	46
1.15979	47
1.15991	48
1.16004	49
1.16017	50
1.16031	32
1.16044	32
1.16055	33
1.16065	34
1.16075	35
1.16087	36
1.16098	37
1.16111	38
1.16122	39
1.16134	40
1.16146	41
1.16159	42
1.16172	43
1.16183	44
1.16195	45
1.16207	46
1.1622	47
1.16233	48
1.16245	49
1.16258	50
1.16271	51
1.16285	32
1.16298	33
1.16309	34
1.1632	35
1.1633	36
1.16342	37
1.16353	38
1.16366	39
1.16378	40
1.16389	41
1.16401	42
1.16408	43
1.16421	44
1.16433	45
1.16446	46
1.16458	47
1.1647	48
1.16483	49
1.16497	50
1.16509	32
1.16522	33
1.16534	34
1.16544	35
1.16555	36
1.16566	37
1.16579	38
1.16591	39
1.16603	40
1.16615	41
1.16627	42
1.16639	43
1.16651	44
1.16664	45
1.16676	46
1.16688	47
1.16701	48
1.16714	49
1.16728	32
1.16741	33
1.16753	34
1.16763	35
1.16774	36
1.16785	37
1.16797	38
1.16808	39
1.1682	40
1.16832	41
1.16844	42
1.16857	43
1.1687	44
1.16881	45
1.16892	46
1.169	47
1.16912	48
1.16924	49
1.16938	50
1.1695	34
1.16963	34
1.16975	35
1.16986	36
1.16999	37
1.17012	38
1.17025	39
1.17036	40
1.17047	41
1.17059	42
1.1707	43
1.17082	44
1.17094	45
1.17107	46
1.1712	47
1.17133	48
1.17147	33
1.17161	33
1.1717	34
1.17181	35
1.17192	36
1.17203	37
1.17214	38
1.17225	39
1.17237	40
1.17249	41
1.17262	42
1.17275	43
1.17289	44
1.17302	45
1.17312	46
1.17323	47
1.17334	48
1.17345	49
1.17352	50
1.17365	51
1.17378	52
1.17391	35
1.17405	36
1.17417	37
1.1743	38
1.17441	39
1.17452	40
1.17464	41
1.17476	42
1.17487	43
1.17499	44
1.17511	45
1.17524	46
1.17537	47
1.17551	48
1.17563	49
1.17575	50
1.17588	51
1.17601	52
1.17614	36
1.17628	36
1.17639	37
1.1765	38
1.17662	39
1.17674	40
1.17686	41
1.17698	42
1.1771	43
1.17722	44
1.17734	45
1.17746	46
1.17759	47
1.17773	48
1.17785	49
1.17798	50
1.17809	51
1.17821	52
1.17829	53
1.17843	36
1.17856	36
1.17867	37
1.17878	38
1.1789	39
1.17903	40
1.17915	41
1.17928	42
1.17939	43
1.17951	44
1.17962	45
1.17975	46
1.17987	47
1.18001	48
1.18013	49
1.18025	50
1.18038	51
1.18052	34
1.18065	35
1.18076	36
1.18086	37
1.18097	38
1.18108	39
1.1812	40
1.18133	41
1.18146	42
1.18157	43
1.1817	44
1.18182	45
1.18194	46
1.18206	47
1.18219	48
1.18231	49
1.18244	50
1.18255	51
1.18268	34
1.18278	35
1.1829	36
1.18301	37
1.18312	38
1.18323	39
1.18334	40
1.18346	41
1.18358	42
1.18371	43
1.18382	44
1.18395	45
1.18408	46
1.18421	47
1.18434	48
1.18445	49
1.18457	50
1.18469	51
1.18482	52
1.18496	35
1.1851	36
1.18521	37
1.18532	38
1.18544	39
1.18557	40
1.1857	41
1.18582	42
1.18593	43
1.18604	44
1.18616	45
1.18628	46
1.18641	47
1.18653	48
1.18665	49
1.18678	50
1.18686	51
1.18699	34
1.18713	35
1.18724	36
1.18734	37
1.18745	38
1.18756	39
1.18767	40
1.1878	41
1.18792	42
1.18805	43
1.18817	44
1.1883	45
1.18843	46
1.18855	47
1.18868	48
1.1888	49
1.18892	50
1.18905	51
1.18918	35
1.18932	36
1.18942	37
1.18954	38
1.18966	39
1.18978	40
1.18989	41
1.19001	42
1.19014	43
1.19026	44
1.19038	45
1.19051	46
1.19063	47
1.19077	48
1.19089	49
1.19101	50
1.19114	51
1.19121	52
1.19134	53
1.19147	36
1.19161	37
1.19172	38
1.19183	39
1.19195	40
1.19207	41
1.1922	42
1.19232	43
1.19244	44
1.19256	45
1.19269	46
1.19281	47
1.19294	48
1.19307	49
1.19321	34
1.19333	35
1.19344	36
1.19356	37
1.19368	38
1.1938	39
1.19392	40
1.19404	41
1.19415	42
1.19427	43
1.19439	44
1.19451	45
1.19464	46
1.19477	47
1.19489	48
1.19502	49
1.19516	50
1.19528	35
1.1954	35
1.1955	36
1.19561	37
1.19571	38
1.19582	39
1.19589	40
1.19601	41
1.19614	42
1.19626	43
1.19639	44
1.19651	45
1.19665	46
1.19677	47
1.19688	48
1.197	49
1.19712	50
1.19725	51
1.19738	52
1.19752	35
1.19766	36
1.19777	37
1.19788	38
1.198	39
1.19813	40
1.19825	41
1.19836	42
1.19847	43
1.19858	44
1.1987	45
1.19883	46
1.19896	47
1.19909	48
1.19922	49
1.19935	50
1.19948	51
1.19961	34
1.19972	35
1.19982	36
1.19992	37
1.20002	38
1.20013	39
1.20025	40
1.20037	41
1.20049	42
1.20058	43
1.20071	44
1.20083	45
1.20096	46
1.20108	47
1.20119	48
1.20131	49
1.20143	50
1.20155	51
1.20168	52
1.20182	34
1.20195	35
1.20208	36
1.20219	37
1.20231	38
1.20241	39
1.20253	40
1.20264	41
1.20277	42
1.20288	43
1.20299	44
1.20311	45
1.20324	46
1.20337	47
1.20351	48
1.20363	32
1.20375	32
1.20385	33
1.20395	34
1.20406	35
1.20418	36
1.20429	37
1.2044	38
1.20451	39
1.20463	40
1.20474	41
1.20487	42
1.205	43
1.20511	44
1.20522	45
1.20534	46
1.20546	47
1.20555	48
1.20568	49
1.20582	33
1.20595	34
1.20606	35
1.20617	36
1.20629	37
1.20642	38
1.20653	39
1.20664	40
1.20675	41
1.20686	42
1.20698	43
1.2071	44
1.20723	45
1.20735	46
1.20748	47
1.20761	48
1.20773	49
1.20785	50
1.20798	51
1.2081	52
1.20823	53
1.20836	37
1.20849	38
1.20861	39
1.20873	40
1.20884	41
1.20896	42
1.20909	43
1.20922	44
1.20934	45
1.20945	46
1.20957	47
1.20969	48
1.2098	49
1.20991	50
1.21005	36
1.21019	36
1.2103	37
1.21041	38
1.21053	39
1.21066	40
1.21077	41
1.21088	42
1.211	43
1.21111	44
1.21124	45
1.21137	46
1.2115	47
1.21162	48
1.21175	49
1.21189	50
1.21201	35
1.21214	36
1.21224	37
1.21234	38
1.21244	39
1.21255	40
1.21267	41
1.21279	42
1.21292	43
1.21305	44
1.21317	45
1.2133	46
1.21341	47
1.21354	48
1.21365	49
1.21377	50
1.2139	51
1.21402	52
1.21415	37
1.21428	38
1.21438	39
1.21451	40
1.21462	41
1.21474	42
1.21487	43
1.21499	44
1.2151	45
1.21522	46
1.21534	47
1.21546	48
1.21559	49
1.21572	50
1.21586	35
1.21601	36
1.21611	37
1.21621	38
1.21633	39
1.21644	40
1.21656	41
1.21667	42
1.21678	43
1.2169	44
1.21703	45
1.21715	46
1.21728	47
1.21742	34
1.21754	34
1.21764	35
1.21774	36
1.21785	37
1.21797	38
1.21809	39
1.21819	40
1.2183	41
1.21842	42
1.21854	43
1.21866	44
1.21878	45
1.2189	46
1.21902	47
1.21914	48
1.21926	49
1.21939	50
1.21951	51
1.21963	52
1.21976	53
1.2199	38
1.22003	39
1.22016	40
1.22027	41
1.22039	42
1.22051	43
1.22064	44
1.22076	45
1.22088	46
1.221	47
1.22111	48
1.22124	49
1.22136	50
1.22149	51
1.22163	36
1.22176	37
1.22187	38
1.22199	39
1.22211	40
1.22223	41
1.22235	42
1.22246	43
1.22257	44
1.22269	45
1.22282	46
1.22295	47
1.22307	48
1.2232	49
1.22333	50
1.22347	36
1.22359	36
1.22367	37
1.22377	38
1.22388	39
1.22399	40
1.2241	41
1.22422	42
1.22435	43
1.22447	44
1.22459	45
1.22472	46
1.22485	47
1.22498	48
1.22509	49
1.22521	50
1.22533	51
1.22546	52
1.22559	53
1.22572	37
1.22586	38
1.22596	39
1.22607	40
1.22619	41
1.22632	42
1.22645	43
1.22657	44
1.22668	45
1.22679	46
1.22692	47
1.22704	48
1.22717	49
1.22729	50
1.22742	51
1.22755	52
1.22768	36
1.22782	37
1.22793	38
1.22801	39
1.22812	40
1.22823	41
1.22834	42
1.22846	43
1.22859	44
1.22872	45
1.22884	46
1.22896	47
1.2291	48
1.22922	49
1.22934	50
1.22948	51
1.2296	36
1.22972	36
1.22983	37
1.22994	38
1.23006	39
1.23018	40
1.23029	41
1.2304	42
1.23052	43
1.23065	44
1.23078	45
1.23091	46
1.23102	47
1.23114	48
1.23127	49
1.2314	50
1.23152	51
1.23165	52
1.23178	53
1.23192	36
1.23205	37
1.23216	38
1.23227	39
1.23238	40
1.23249	41
1.23262	42
1.23273	43
1.23284	44
1.23296	45
1.23307	46
1.2332	47
1.23333	48
1.23345	49
1.23357	50
1.2337	51
1.23383	35
1.23396	36
1.23409	37
1.23419	38
1.23429	39
1.2344	40
1.23452	41
1.23464	42
1.23476	43
1.23489	44
1.23501	45
1.23512	46
1.23525	47
1.23537	48
1.23549	49
1.23562	50
1.23575	51
1.23587	52
1.236	53
1.23614	36
1.23628	37
1.23639	38
1.2365	39
1.23662	40
1.23674	41
1.23685	42
1.23697	43
1.2371	44
1.23722	45
1.23734	46
1.23747	47
1.2376	48
1.23772	49
1.23784	50
1.23795	51
1.23809	35
1.23821	35
1.23832	36
1.23843	37
1.23855	38
1.23867	39
1.2388	40
1.23894	41
1.23904	42
1.23916	43
1.23927	44
1.23939	45
1.23951	46
1.23963	47
1.23975	48
1.23988	49
1.24002	50
1.24016	34
1.2403	34
1.24039	35
1.24049	36
1.2406	37
1.24071	38
1.24083	39
1.24094	40
1.24105	41
1.24117	42
1.24128	43
1.24141	44
1.24155	45
1.24169	46
1.2418	32
1.24191	32
1.24201	33
1.2421	34
1.24218	35
1.24228	36
1.24239	37
1.24251	38
1.24263	39
1.24275	40
1.24288	41
1.24302	42
1.24313	43
1.24324	44
1.24335	45
1.24346	46
1.24358	47
1.2437	48
1.24383	49
1.24396	50
1.2441	34
1.24424	35
1.24435	36
1.24445	37
1.24457	38
1.24468	39
1.2448	40
1.24491	41
1.24502	42
1.24514	43
1.24526	44
1.24539	45
1.2455	46
1.24564	47
1.24575	48
1.24587	49
1.24598	50
1.24611	51
1.24623	35
1.24635	36
1.24645	37
1.24656	38
1.24668	39
1.2468	40
1.24693	41
1.24705	42
1.24716	43
1.24728	44
1.2474	45
1.24752	46
1.24765	47
1.24779	48
1.24791	49
1.24804	50
1.24818	35
1.24832	36
1.24841	37
1.24851	38
1.24862	39
1.24873	40
1.24884	41
1.24897	42
1.24909	43
1.24923	44
1.24935	45
1.24948	46
1.24961	47
1.24972	48
1.24983	49
1.24995	50
1.25007	51
1.2502	52
1.25034	37
1.25047	37
1.25055	38
1.25067	39
1.25079	40
1.25091	41
1.25104	42
1.25116	43
1.25127	44
1.25139	45
1.25151	46
1.25163	47
1.25176	48
1.2519	49
1.25203	34
1.25216	35
1.25226	36
1.25237	37
1.25248	38
1.2526	39
1.25272	40
1.25283	41
1.25294	42
1.25306	43
1.25319	44
1.25332	45
1.25345	46
1.25358	47
1.25369	48
1.25382	49
1.25394	50
1.25408	51
1.2542	36
1.25432	36
1.25443	37
1.25453	38
1.25465	39
1.25477	40
1.2549	41
1.25498	42
1.2551	43
1.25522	44
1.25533	45
1.25546	46
1.25559	47
1.2557	48
1.25583	49
1.25595	50
1.25609	51
1.25622	35
1.25635	36
1.25646	37
1.25656	38
1.25667	39
1.25679	40
1.25691	41
1.25703	42
1.25716	43
1.25728	44
1.2574	45
1.25753	46
1.25766	47
1.25778	48
1.25791	49
1.25803	50
1.25815	51
1.25828	52
1.25841	36
1.25855	37
1.25865	38
1.25876	39
1.25888	40
1.259	41
1.25912	42
1.25924	43
1.25937	44
1.25949	45
1.25961	46
1.25973	47
1.25986	48
1.25994	49
1.26008	35
1.2602	36
1.26031	37
1.26043	38
1.26055	39
1.26066	40
1.26078	41
1.2609	42
1.26103	43
1.26114	44
1.26126	45
1.26138	46
1.26151	47
1.26163	48
1.26176	49
1.26189	50
1.26202	36
1.26214	37
1.26226	38
1.26238	39
1.2625	40
1.26261	41
1.26273	42
1.26285	43
1.26297	44
1.2631	45
1.26323	46
1.26334	47
1.26346	48
1.26358	49
1.26371	50
1.26385	51
1.26398	36
1.26411	37
1.26422	38
1.26434	39
1.26441	40
1.26454	41
1.26465	42
1.26477	43
1.26489	44
1.265	45
1.26512	46
1.26525	47
1.26538	48
1.26551	49
1.26564	35
1.26577	36
1.26587	37
1.26598	38
1.26609	39
1.26621	40
1.26633	41
1.26644	42
1.26656	43
1.26668	44
1.26681	45
1.26694	46
1.26706	47
1.26719	48
1.26731	49
1.26743	50
1.26756	51
1.26769	37
1.26781	38
1.26793	39
1.26804	40
1.26816	41
1.26829	42
1.26842	43
1.26854	44
1.26865	45
1.26876	46
1.26888	47
1.269	48
1.2691	49
1.26922	50
1.26935	51
1.26948	52
1.26961	38
1.26974	38
1.26986	39
1.26999	40
1.27009	41
1.2702	42
1.27032	43
1.27044	44
1.27056	45
1.27067	46
1.2708	47
1.27092	48
1.27106	49
1.27119	36
1.27134	37
1.27145	38
1.27155	39
1.27166	40
1.27178	41
1.2719	42
1.27202	43
1.27213	44
1.27225	45
1.27237	46
1.2725	47
1.27263	48
1.27277	49
1.27291	35
1.27302	36
1.27313	37
1.27323	38
1.27334	39
1.27346	40
1.27357	41
1.27369	42
1.27381	43
1.27393	44
1.27405	45
1.27414	46
1.27427	47
1.27441	34
1.27453	34
1.27463	35
1.27473	36
1.27485	37
1.27496	38
1.27507	39
1.27518	40
1.2753	41
1.27542	42
1.27555	43
1.27567	44
1.27581	45
1.27592	46
1.27603	47
1.27615	48
1.27628	49
1.27641	50
1.27653	51
1.27665	52
1.27678	53
1.2769	38
1.27703	38
1.27715	39
1.27728	40
1.27739	41
1.2775	42
1.27761	43
1.27773	44
1.27785	45
1.27797	46
1.27808	47
1.2782	48
1.27833	49
1.27843	50
1.27856	36
1.2787	36
1.27881	37
1.27891	38
1.27902	39
1.27913	40
1.27925	41
1.27938	42
1.27949	43
1.2796	44
1.27973	45
1.27985	46
1.27998	47
1.28012	48
1.28024	35
1.28036	35
1.28046	36
1.28057	37
1.28068	38
1.2808	39
1.28092	40
1.28103	41
1.28114	42
1.28127	43
1.28139	44
1.28153	45
1.28164	46
1.28175	47
1.28187	48
1.28199	49
1.28212	50
1.28225	51
1.28238	36
1.28251	37
1.28261	38
1.28272	39
1.28282	40
1.28295	41
1.28308	42
1.28319	43
1.2833	44
1.28342	45
1.28354	46
1.28367	47
1.28379	48
1.28391	49
1.28403	50
1.28416	51
1.2843	36
1.28444	37
1.28456	38
1.28467	39
1.28478	40
1.28489	41
1.28501	42
1.28513	43
1.28524	44
1.28536	45
1.28549	46
1.28562	47
1.28575	48
1.28589	35
1.28602	35
1.28612	36
1.28622	37
1.28633	38
1.28645	39
1.28655	40
1.28666	41
1.28677	42
1.28689	43
1.28701	44
1.28714	45
1.28726	46
1.28739	47
1.28751	48
1.28762	49
1.28774	50
1.28786	51
1.28797	52
1.2881	53
1.28823	54
1.28836	39
1.2885	39
1.28862	40
1.28875	41
1.28888	42
1.289	43
1.28911	44
1.28923	45
1.28934	46
1.28946	47
1.28957	48
1.28969	49
1.28982	50
1.28995	51
1.29008	36
1.29022	37
1.29035	38
1.29046	39
1.29057	40
1.29068	41
1.2908	42
1.29091	43
1.29102	44
1.29114	45
1.29126	46
1.29138	47
1.29151	48
1.29164	35
1.29178	35
1.29189	36
1.29198	37
1.29208	38
1.29218	39
1.29228	40
1.29239	41
1.29251	42
1.29263	43
1.29276	44
1.29288	45
1.293	46
1.29314	34
1.29327	35
1.29336	36
1.29346	37
1.29356	38
1.29367	39
1.29378	40
1.2939	41
1.29402	42
1.29415	43
1.29428	44
1.29442	45
1.29454	46
1.29466	47
1.29477	48
1.29488	49
1.29499	50
1.29511	51
1.29524	52
1.29537	39
1.2955	40
1.29562	41
1.29574	42
1.29586	43
1.29599	44
1.29612	45
1.29622	46
1.29633	47
1.29645	48
1.29657	49
1.29669	50
1.29681	51
1.29695	38
1.29709	39
1.2972	40
1.29731	41
1.29744	42
1.29757	43
1.29769	44
1.2978	45
1.29791	46
1.29803	47
1.29816	48
1.29828	49
1.29842	50
1.29854	38
1.29868	38
1.29879	39
1.29892	40
1.29905	41
1.29918	42
1.29929	43
1.29941	44
1.29953	45
1.29965	46
1.29978	47
1.2999	48
1.30002	49
1.30014	50
1.30027	51
1.3004	38
1.30055	38
1.30066	39
1.30076	40
1.30087	41
1.30098	42
1.3011	43
1.30123	44
1.30135	45
1.30146	46
1.30158	47
1.30169	48
1.30182	49
1.30196	35
1.30209	36
1.30219	37
1.3023	38
1.30241	39
1.30252	40
1.30264	41
1.30277	42
1.30289	43
1.30301	44
1.30313	45
1.30327	46
1.3034	47
1.30352	48
1.30363	49
1.30375	50
1.30388	51
1.30401	52
1.30414	38
1.30427	39
1.30438	40
1.3045	41
1.30462	42
1.30474	43
1.30485	44
1.30498	45
1.30511	46
1.30522	47
1.30534	48
1.30546	49
1.30559	50
1.30571	51
1.30584	52
1.30597	53
1.3061	38
1.30623	39
1.30633	40
1.30644	41
1.30656	42
1.30668	43
1.30681	44
1.30693	45
1.30706	46
1.30719	47
1.3073	48
1.30743	49
1.30756	50
1.30769	37
1.30782	37
1.30793	38
1.30805	39
1.30817	40
1.3083	41
1.30841	42
1.30853	43
1.30866	44
1.30878	45
1.3089	46
1.30903	47
1.30916	48
1.30928	49
1.3094	50
1.30953	51
1.30967	38
1.30979	39
1.3099	40
1.31001	41
1.31013	42
1.31024	43
1.31036	44
1.31047	45
1.31059	46
1.31072	47
1.31085	48
1.31097	36
1.31108	37
1.3112	38
1.31131	39
1.31143	40
1.31155	41
1.31167	42
1.31178	43
1.3119	44
1.31203	45
1.31216	46
1.31229	47
1.31241	48
1.31254	49
1.31267	50
1.31279	38
1.31292	39
1.31304	40
1.31316	41
1.31327	42
1.31338	43
1.31351	44
1.31363	45
1.31377	46
1.31389	47
1.31401	48
1.31414	49
1.31427	50
1.31439	38
1.31451	39
1.31461	40
1.31472	41
1.31483	42
1.31495	43
1.31508	44
1.3152	45
1.31534	46
1.31541	47
1.31554	48
1.31567	49
1.31581	37
1.31593	38
1.31603	39
1.31614	40
1.31625	41
1.31637	42
1.31649	43
1.31662	44
1.31675	45
1.31688	46
1.317	47
1.31713	48
1.31727	49
1.31738	37
1.3175	38
1.3176	39
1.31772	40
1.31783	41
1.31795	42
1.31808	43
1.31821	44
1.31833	45
1.31846	46
1.31859	47
1.31871	48
1.31882	49
1.31893	50
1.31905	51
1.31917	52
1.3193	53
1.31944	39
1.31958	40
1.31971	41
1.31982	42
1.31995	43
1.32007	44
1.32019	45
1.32029	46
1.32038	47
1.3205	48
1.32062	49
1.32074	50
1.32087	51
1.32101	37
1.32115	38
1.32126	39
1.32138	40
1.3215	41
1.32162	42
1.32174	43
1.32186	44
1.32198	45
1.32209	46
1.32222	47
1.32234	48
1.32248	49
1.32261	36
1.32275	37
1.32287	38
1.32297	39
1.32308	40
1.3232	41
1.32332	42
1.32344	43
1.32356	44
1.32368	45
1.3238	46
1.32393	47
1.32406	48
1.32418	36
1.3243	37
1.32441	38
1.32452	39
1.32463	40
1.32475	41
1.32487	42
1.32498	43
1.3251	44
1.32522	45
1.32535	46
1.32547	47
1.32558	48
1.32571	36
1.32582	36
1.32593	37
1.32604	38
1.32615	39
1.32627	40
1.32639	41
1.32651	42
1.32662	43
1.32675	44
1.32688	45
1.32701	46
1.32713	47
1.32725	48
1.32737	49
1.32749	50
1.32762	51
1.32776	39
1.32788	39
1.32799	40
1.3281	41
1.32823	42
1.32834	43
1.32846	44
1.32857	45
1.32869	46
1.32881	47
1.32893	48
1.32906	49
1.32919	50
1.32931	38
1.32944	39
1.32955	40
1.32967	41
1.32979	42
1.32992	43
1.33001	44
1.33013	45
1.33025	46
1.33037	47
1.33049	48
1.33062	49
1.33075	50
1.33089	38
1.33102	38
1.33113	39
1.33124	40
1.33136	41
1.33147	42
1.3316	43
1.33171	44
1.33183	45
1.33195	46
1.33208	47
1.33221	48
1.33235	37
1.33247	37
1.33258	38
1.33269	39
1.3328	40
1.33292	41
1.33303	42
1.33314	43
1.33325	44
1.33337	45
1.33349	46
1.33363	47
1.33376	48
1.33389	37
1.334	37
1.33411	38
1.33422	39
1.33434	40
1.33446	41
1.33458	42
1.33469	43
1.33479	44
1.33491	45
1.33504	46
1.33517	47
1.33529	48
1.33541	49
1.33553	50
1.33565	51
1.33578	52
1.33592	40
1.33604	40
1.33616	41
1.33627	42
1.33639	43
1.33652	44
1.33665	45
1.33678	46
1.33689	47
1.33701	48
1.33713	49
1.33726	50
1.33739	51
1.33753	38
1.33765	39
1.33776	40
1.33788	41
1.338	42
1.33812	43
1.33824	44
1.33835	45
1.33846	46
1.33858	47
1.3387	48
1.33883	49
1.33897	50
1.33911	37
1.33923	38
1.33935	39
1.33946	40
1.33957	41
1.33968	42
1.3398	43
1.33991	44
1.34002	45
1.34014	46
1.34026	47
1.34039	48
1.34052	49
1.34065	37
1.34078	37
1.34089	38
1.34101	39
1.34112	40
1.34124	41
1.34136	42
1.34148	43
1.3416	44
1.34172	45
1.34185	46
1.34198	47
1.3421	48
1.34221	49
1.34234	50
1.34246	51
1.34259	52
1.34272	40
1.34286	40
1.34296	41
1.34308	42
1.3432	43
1.34332	44
1.34345	45
1.34358	46
1.34371	47
1.34382	48
1.34394	49
1.34405	50
1.34417	51
1.34431	39
1.34445	39
1.34456	40
1.34468	41
1.3448	42
1.34493	43
1.34506	44
1.34517	45
1.34528	46
1.3454	47
1.34552	48
1.34565	49
1.34578	50
1.34592	37
1.34605	38
1.34616	39
1.34628	40
1.34641	41
1.34653	42
1.34664	43
1.34675	44
1.34686	45
1.34698	46
1.34711	47
1.34724	48
1.34736	49
1.34748	36
1.34761	37
1.34773	38
1.34784	39
1.34796	40
1.34807	41
1.34818	42
1.34829	43
1.34841	44
1.34853	45
1.34866	46
1.34878	47
1.3489	48
1.34903	35
1.34915	36
1.34925	37
1.34936	38
1.34948	39
1.3496	40
1.34972	41
1.34984	42
1.34996	43
1.35008	44
1.35021	45
1.35035	46
1.35047	47
1.35059	48
1.35071	49
1.35083	50
1.35096	51
1.35107	38
1.3512	39
1.35131	40
1.35143	41
1.35155	42
1.35167	43
1.3518	44
1.35192	45
1.35203	46
1.35215	47
1.35228	48
1.3524	49
1.35254	50
1.35266	38
1.35279	38
1.35291	39
1.35303	40
1.35316	41
1.35325	42
1.35336	43
1.35349	44
1.35362	45
1.35374	46
1.35386	47
1.35398	48
1.3541	49
1.35423	50
1.35436	51
1.3545	38
1.35463	38
1.35474	39
1.35486	40
1.35498	41
1.35511	42
1.35523	43
1.35535	44
1.35546	45
1.35558	46
1.3557	47
1.35583	48
1.35596	49
1.35609	50
1.35622	51
1.35636	37
1.35648	38
1.3566	39
1.3567	40
1.35681	41
1.35692	42
1.35704	43
1.35715	44
1.35728	45
1.3574	46
1.35752	47
1.35765	48
1.35779	49
1.35791	50
1.35804	51
1.35815	37
1.35828	38
1.35839	39
1.35851	40
1.35863	41
1.35875	42
1.35887	43
1.35899	44
1.35912	45
1.35924	46
1.35936	47
1.35949	48
1.35962	49
1.35976	36
1.35989	36
1.36	37
1.36011	38
1.36022	39
1.36034	40
1.36046	41
1.36057	42
1.36068	43
1.3608	44
1.36093	45
1.36106	46
1.3612	47
1.36132	48
1.36145	49
1.36156	50
1.36169	51
1.36182	52
1.36194	37
1.36207	38
1.36218	39
1.3623	40
1.36242	41
1.36255	42
1.36268	43
1.36276	44
1.36288	45
1.363	46
1.36312	47
1.36325	48
1.36337	49
1.36349	50
1.36361	51
1.36374	52
1.36388	36
1.36402	37
1.36414	38
1.36424	39
1.36435	40
1.36446	41
1.36458	42
1.3647	43
1.36481	44
1.36493	45
1.36506	46
1.36519	47
1.36532	48
1.36546	34
1.36559	35
1.3657	36
1.3658	37
1.36591	38
1.36603	39
1.36615	40
1.36625	41
1.36636	42
1.36648	43
1.36661	44
1.36674	45
1.36687	46
1.367	47
1.36711	48
1.36723	49
1.36736	50
1.36749	51
1.36761	52
1.36774	53
1.36786	54
1.36797	38
1.36811	39
1.36823	40
1.36835	41
1.36847	42
1.36859	43
1.36871	44
1.36883	45
1.36895	46
1.36906	47
1.36918	48
1.36931	49
1.36944	50
1.36958	36
1.36972	36
1.36983	37
1.36994	38
1.37005	39
1.37017	40
1.37028	41
1.37041	42
1.37052	43
1.37064	44
1.37076	45
1.37088	46
1.37101	47
1.37114	48
1.37127	34
1.37138	35
1.37149	36
1.3716	37
1.37171	38
1.37183	39
1.37196	40
1.37208	41
1.3722	42
1.37232	43
1.37245	44
1.37257	45
1.37266	46
1.37278	47
1.37289	48
1.37302	49
1.37315	50
1.37327	51
1.37339	52
1.37352	53
1.37366	37
1.3738	38
1.37392	39
1.37404	40
1.37414	41
1.37425	42
1.37437	43
1.37449	44
1.37461	45
1.37474	46
1.37486	47
1.37498	48
1.37512	49
1.37525	50
1.37539	34
1.3755	35
1.3756	36
1.3757	37
1.37581	38
1.37593	39
1.37605	40
1.37617	41
1.37629	42
1.37641	43
1.37654	44
1.37667	45
1.37679	46
1.3769	47
1.37702	48
1.37714	49
1.37727	50
1.3774	51
1.37753	35
1.37766	36
1.37777	37
1.37789	38
1.37801	39
1.37811	40
1.37823	41
1.37834	42
1.37845	43
1.37857	44
1.37869	45
1.37882	46
1.37895	47
1.37907	48
1.3792	49
1.37933	50
1.37946	34
1.37959	35
1.37968	36
1.37979	37
1.37989	38
1.38	39
1.38012	40
1.38024	41
1.38037	42
1.38049	43
1.38061	44
1.38074	45
1.38087	46
1.38098	47
1.3811	48
1.38122	49
1.38134	50
1.38147	51
1.38161	35
1.38173	36
1.38184	37
1.38196	38
1.38208	39
1.3822	40
1.38233	41
1.38246	42
1.38257	43
1.38268	44
1.38279	45
1.38291	46
1.38302	47
1.38315	48
1.38328	49
1.3834	50
1.38353	51
1.38365	35
1.38379	35
1.3839	36
1.384	37
1.38411	38
1.38422	39
1.38433	40
1.38446	41
1.38458	42
1.3847	43
1.38482	44
1.38495	45
1.38508	46
1.3852	47
1.38531	48
1.38543	49
1.38555	50
1.38568	51
1.38581	52
1.38594	35
1.38607	36
1.38618	37
1.3863	38
1.38642	39
1.38655	40
1.38667	41
1.38679	42
1.3869	43
1.38702	44
1.38714	45
1.38727	46
1.3874	47
1.38752	48
1.38765	49
1.38778	50
1.38785	51
1.38799	34
1.38811	34
1.38822	35
1.38832	36
1.38843	37
1.38854	38
1.38866	39
1.38878	40
1.38891	41
1.38902	42
1.38914	43
1.38927	44
1.3894	45
1.38951	46
1.38964	47
1.38975	48
1.38987	49
1.38999	50
1.39012	51
1.39025	35
1.39038	35
1.39049	36
1.3906	37
1.39072	38
1.39084	39
1.39096	40
1.39107	41
1.3912	42
1.39131	43
1.39142	44
1.39154	45
1.39167	46
1.3918	47
1.39193	48
1.392	49
1.39213	50
1.39226	51
1.3924	34
1.39252	35
1.39263	36
1.39274	37
1.39284	38
1.39295	39
1.39307	40
1.39319	41
1.39332	42
1.39345	43
1.39357	44
1.3937	45
1.39382	46
1.39395	47
1.39407	48
1.39418	49
1.39429	50
1.39441	51
1.39454	52
1.39468	34
1.39482	35
1.39494	36
1.39505	37
1.39517	38
1.39529	39
1.3954	40
1.39552	41
1.39562	42
1.39573	43
1.39585	44
1.39597	45
1.39609	46
1.39623	47
1.39636	48
1.39648	49
1.39656	50
1.3967	51
1.39683	33
1.39696	34
1.39705	35
1.39715	36
1.39726	37
1.39736	38
1.39748	39
1.3976	40
1.39773	41
1.39786	42
1.39798	43
1.3981	44
1.39823	45
1.39835	46
1.39846	47
1.39857	48
1.39868	49
1.39881	50
1.39893	51
1.39907	34
1.39921	35
1.39933	36
1.39944	37
1.39955	38
1.39967	39
1.39978	40
1.3999	41
1.40002	42
1.40013	43
1.40024	44
1.40036	45
1.40049	46
1.40062	47
1.40074	48
1.40084	32
1.40096	33
1.40106	34
1.40116	35
1.40127	36
1.40138	37
1.4015	38
1.40162	39
1.40174	40
1.40185	41
1.40198	42
1.40211	43
1.40224	44
1.40235	45
1.40246	46
1.40258	47
1.4027	48
1.40283	49
1.40296	50
1.40308	34
1.4032	35
1.40331	36
1.40343	37
1.40355	38
1.40368	39
1.40381	40
1.40393	41
1.40404	42
1.40416	43
1.40428	44
1.40441	45
1.40452	46
1.40463	47
1.40472	48
1.40484	49
1.40498	50
1.40511	34
1.40524	35
1.40534	36
1.40544	37
1.40555	38
1.40566	39
1.40578	40
1.40591	41
1.40602	42
1.40614	43
1.40626	44
1.40639	45
1.4065	46
1.40663	47
1.40676	48
1.40689	49
1.40701	50
1.40714	51
1.40727	52
1.40741	35
1.40753	35
1.40764	36
1.40775	37
1.40787	38
1.408	39
1.40811	40
1.40823	41
1.40835	42
1.40848	43
1.4086	44
1.40872	45
1.40885	46
1.40898	47
1.4091	48
1.40921	49
1.40929	50
1.40941	51
1.40953	52
1.40966	53
1.4098	35
1.40994	36
1.41006	37
1.41017	38
1.41029	39
1.41041	40
1.41054	41
1.41065	42
1.41076	43
1.41087	44
1.41099	45
1.41111	46
1.41124	47
1.41137	48
1.4115	49
1.41162	32
1.41175	33
1.41186	34
1.41197	35
1.41208	36
1.41219	37
1.4123	38
1.4124	39
1.41252	40
1.41264	41
1.41276	42
1.41289	43
1.41302	44
1.41315	45
1.41328	46
1.41339	47
1.4135	48
1.41362	49
1.41374	50
1.41386	51
1.41398	52
1.41408	35
1.41422	36
1.41434	37
1.41446	38
1.41458	39
1.4147	40
1.41482	41
1.41493	42
1.41506	43
1.41516	44
1.41527	45
1.41538	46
1.41551	47
1.41564	48
1.41577	49
1.41592	32
1.41605	33
1.41615	34
1.41625	35
1.41636	36
1.41648	37
1.4166	38
1.41671	39
1.41682	40
1.41694	41
1.41707	42
1.4172	43
1.41733	44
1.41746	45
1.41757	46
1.41769	47
1.41781	48
1.41794	49
1.41806	50
1.41818	51
1.41831	52
1.41841	35
1.41855	36
1.41867	37
1.41878	38
1.41889	39
1.419	40
1.41911	41
1.41923	42
1.41935	43
1.41948	44
1.41959	45
1.4197	46
1.41982	47
1.41995	48
1.42009	49
1.42021	33
1.42033	34
1.42043	35
1.42054	36
1.42065	37
1.42077	38
1.42089	39
1.42102	40
1.42113	41
1.42125	42
1.42138	43
1.42151	44
1.42163	45
1.42174	46
1.42186	47
1.42198	48
1.42211	49
1.42224	50
1.42238	35
1.4225	35
1.42261	36
1.42269	37
1.4228	38
1.4229	39
1.42302	40
1.42314	41
1.42326	42
1.42338	43
1.4235	44
1.42363	45
1.42376	46
1.42389	47
1.42402	48
1.42413	49
1.42423	50
1.42435	51
1.42448	52
1.42462	36
1.42474	36
1.42485	37
1.42496	38
1.42508	39
1.4252	40
1.42533	41
1.42545	42
1.42556	43
1.42567	44
1.42579	45
1.42592	46
1.42605	47
1.42618	48
1.42631	49
1.42644	50
1.42657	51
1.42671	35
1.42683	35
1.42693	36
1.42701	37
1.42711	38
1.42722	39
1.42734	40
1.42746	41
1.42759	42
1.42771	43
1.42783	44
1.42796	45
1.42809	46
1.42821	47
1.42832	48
1.42844	49
1.42856	50
1.42869	51
1.42882	52
1.42893	35
1.42907	35
1.42919	36
1.4293	37
1.42942	38
1.42955	39
1.42966	40
1.42977	41
1.42988	42
1.42999	43
1.43011	44
1.43024	45
1.43037	46
1.4305	47
1.43064	48
1.43075	32
1.43087	33
1.43098	34
1.43108	35
1.4312	36
1.43129	37
1.4314	38
1.43151	39
1.43163	40
1.43175	41
1.43188	42
1.43201	43
1.43212	44
1.43223	45
1.43234	46
1.43247	47
1.43259	48
1.43272	49
1.43286	34
1.43298	34
1.43309	35
1.4332	36
1.43332	37
1.43344	38
1.43356	39
1.43368	40
1.43379	41
1.4339	42
1.43402	43
1.43415	44
1.43428	45
1.4344	46
1.43452	47
1.43464	48
1.43476	49
1.43488	50
1.43501	51
1.43515	35
1.43527	36
1.43538	37
1.43549	38
1.43557	39
1.43569	40
1.43582	41
1.43594	42
1.43606	43
1.43617	44
1.43629	45
1.43642	46
1.43655	47
1.43668	48
1.4368	49
1.43693	50
1.43706	51
1.43719	34
1.43732	35
1.43742	36
1.43752	37
1.43762	38
1.43774	39
1.43785	40
1.43798	41
1.4381	42
1.43823	43
1.43835	44
1.43848	45
1.43861	46
1.43874	47
1.43885	48
1.43897	49
1.43909	50
1.43922	51
1.43935	52
1.43947	34
1.43962	35
1.43973	36
1.43983	37
1.43994	38
1.44005	39
1.44012	40
1.44024	41
1.44036	42
1.44049	43
1.44061	44
1.44073	45
1.44086	46
1.44099	47
1.44112	48
1.44124	32
1.44135	33
1.44145	34
1.44156	35
1.44167	36
1.44179	37
1.44191	38
1.44203	39
1.44215	40
1.44227	41
1.4424	42
1.44252	43
1.44263	44
1.44274	45
1.44286	46
1.44298	47
1.44311	48
1.44324	49
1.44335	50
1.44348	51
1.44361	52
1.44374	35
1.44387	35
1.44398	36
1.44409	37
1.4442	38
1.44431	39
1.44442	40
1.44453	41
1.44465	42
1.44475	43
1.44488	44
1.445	45
1.4451	46
1.44522	47
1.44534	48
1.44546	49
1.44559	50
1.44573	33
1.44586	34
1.44597	35
1.44608	36
1.4462	37
1.44633	38
1.44644	39
1.44656	40
1.44667	41
1.44679	42
1.44691	43
1.44703	44
1.44716	45
1.44728	46
1.4474	47
1.44753	48
1.44766	49
1.4478	33
1.44792	33
1.44801	34
1.44812	35
1.44823	36
1.44834	37
1.44846	38
1.44859	39
1.4487	40
1.44882	41
1.44894	42
1.44907	43
1.4492	44
1.44931	45
1.44942	46
1.44954	47
1.44966	48
1.44973	49
1.44986	50
1.45	33
1.45012	34
1.45023	35
1.45034	36
1.45046	37
1.45059	38
1.4507	39
1.45082	40
1.45093	41
1.45104	42
1.45116	43
1.45129	44
1.45142	45
1.45154	46
1.45166	47
1.45179	48
1.45192	49
1.45205	33
1.45218	34
1.45228	35
1.45238	36
1.45249	37
1.4526	38
1.45272	39
1.45284	40
1.45297	41
1.45309	42
1.45321	43
1.45332	44
1.45344	45
1.45357	46
1.4537	47
1.45383	48
1.45396	49
1.45402	50
1.45415	51
1.45429	34
1.45443	35
1.45454	36
1.45464	37
1.45474	38
1.45485	39
1.45497	40
1.45508	41
1.45521	42
1.45534	43
1.45546	44
1.45558	45
1.45571	46
1.45584	47
1.45595	48
1.45606	49
1.45618	50
1.45631	51
1.45643	52
1.45657	35
1.45671	36
1.45681	37
1.45692	38
1.45704	39
1.45716	40
1.45729	41
1.45742	42
1.45752	43
1.45764	44
1.45776	45
1.45788	46
1.45801	47
1.45814	48
1.45826	49
1.45838	50
1.45848	51
1.45861	35
1.45873	36
1.45884	37
1.45894	38
1.45905	39
1.45915	40
1.45927	41
1.45939	42
1.45952	43
1.45965	44
1.45977	45
1.45989	46
1.46002	47
1.46015	48
1.46028	49
1.46039	50
1.46051	51
1.46063	52
1.46075	53
1.46088	36
1.46102	37
1.46114	38
1.46127	39
1.46138	40
1.4615	41
1.46161	42
1.46173	43
1.46186	44
1.46197	45
1.46209	46
1.46221	47
1.46234	48
1.46247	49
1.46261	34
1.46273	35
1.46283	36
1.46291	37
1.46302	38
1.46313	39
1.46325	40
1.46337	41
1.46348	42
1.4636	43
1.46372	44
1.46385	45
1.46398	46
1.4641	47
1.46422	48
1.46434	49
1.46446	50
1.46459	51
1.46472	52
1.46485	36
1.46498	36
1.46509	37
1.4652	38
1.46532	39
1.46545	40
1.46557	41
1.46568	42
1.46579	43
1.4659	44
1.46603	45
1.46615	46
1.46628	47
1.4664	48
1.46652	49
1.46665	50
1.46678	51
1.46691	34
1.46704	35
1.46714	36
1.46723	37
1.46733	38
1.46744	39
1.46756	40
1.46768	41
1.46781	42
1.46792	43
1.46804	44
1.46817	45
1.4683	46
1.46843	47
1.46854	48
1.46866	49
1.46878	50
1.46891	51
1.46904	35
1.46918	36
1.46928	37
1.46939	38
1.46951	39
1.46964	40
1.46976	41
1.46988	42
1.46998	43
1.4701	44
1.47021	45
1.47033	46
1.47046	47
1.47059	48
1.47072	49
1.47085	34
1.47098	35
1.47107	36
1.47119	37
1.4713	38
1.47141	39
1.47151	40
1.47162	41
1.47173	42
1.47185	43
1.47197	44
1.4721	45
1.47222	46
1.47234	47
1.47247	48
1.4726	49
1.47273	35
1.47285	35
1.47296	36
1.47306	37
1.47317	38
1.47328	39
1.4734	40
1.47353	41
1.47366	42
1.47378	43
1.47391	44
1.47404	45
1.47416	46
1.47427	47
1.47438	48
1.4745	49
1.47463	50
1.47476	51
1.47489	36
1.47502	37
1.47513	38
1.47524	39
1.47536	40
1.47549	41
1.47561	42
1.47572	43
1.47583	44
1.47594	45
1.47606	46
1.47616	47
1.47628	48
1.47642	49
1.47655	34
1.47668	35
1.47679	36
1.4769	37
1.47702	38
1.47714	39
1.47724	40
1.47735	41
1.47746	42
1.47757	43
1.47769	44
1.47781	45
1.47794	46
1.47808	47
1.4782	48
1.47833	49
1.47846	50
1.47859	35
1.4787	36
1.47881	37
1.47891	38
1.47902	39
1.47913	40
1.47925	41
1.47937	42
1.4795	43
1.47963	44
1.47975	45
1.47988	46
1.48	47
1.48011	48
1.48022	49
1.48034	50
1.48046	51
1.48058	52
1.48068	37
1.48082	37
1.48094	38
1.48106	39
1.48118	40
1.4813	41
1.48143	42
1.48154	43
1.48166	44
1.48177	45
1.48189	46
1.48201	47
1.48213	48
1.48226	49
1.4824	50
1.48253	35
1.48266	35
1.48278	36
1.48288	37
1.48299	38
1.48311	39
1.48323	40
1.48333	41
1.48344	42
1.48356	43
1.48367	44
1.48379	45
1.48392	46
1.48404	47
1.48417	48
1.48429	49
1.48441	50
1.48454	51
1.48467	52
1.4848	36
1.48492	36
1.48502	37
1.48513	38
1.48524	39
1.48536	40
1.48549	41
1.48563	42
1.48573	43
1.48585	44
1.48597	45
1.48609	46
1.48622	47
1.48634	48
1.48646	49
1.48659	50
1.48672	51
1.48686	34
1.487	35
1.48711	36
1.48721	37
1.48732	38
1.48743	39
1.48754	40
1.48767	41
1.48778	42
1.48789	43
1.48801	44
1.48813	45
1.48826	46
1.48838	47
1.48851	48
1.48862	49
1.48874	50
1.48886	51
1.48899	52
1.4891	35
1.48923	36
1.48932	37
1.48943	38
1.48954	39
1.48966	40
1.48979	41
1.48992	42
1.49004	43
1.49015	44
1.49027	45
1.49039	46
1.49051	47
1.49064	48
1.49078	49
1.4909	34
1.49103	34
1.49115	35
1.49125	36
1.49136	37
1.49147	38
1.49159	39
1.49171	40
1.49183	41
1.49195	42
1.49207	43
1.4922	44
1.49231	45
1.49244	46
1.49255	47
1.49267	48
1.49279	49
1.49292	50
1.49305	51
1.49318	35
1.4933	35
1.49338	36
1.4935	37
1.49361	38
1.49374	39
1.49385	40
1.49397	41
1.49408	42
1.49419	43
1.49431	44
1.49444	45
1.49457	46
1.49469	47
1.49481	48
1.49494	49
1.49507	50
1.49519	34
1.49531	35
1.49541	36
1.49551	37
1.49562	38
1.49573	39
1.49585	40
1.49598	41
1.49611	42
1.49624	43
1.49637	44
1.49649	45
1.49661	46
1.49673	47
1.49684	48
1.49696	49
1.49709	50
1.49722	51
1.49733	35
1.49746	36
1.49756	37
1.49767	38
1.49778	39
1.49788	40
1.498	41
1.49812	42
1.49824	43
1.49835	44
1.49847	45
1.4986	46
1.49873	47
1.49886	48
1.499	33
1.49913	34
1.49923	35
1.49933	36
1.49944	37
1.49956	38
1.49968	39
1.49979	40
1.49991	41
1.50002	42
1.50015	43
1.50028	44
1.50041	45
1.50054	46
1.50066	47
1.50078	48
1.50091	49
1.50104	50
1.50116	51
1.50128	52
1.50141	53
1.50153	37
1.50166	37
1.50176	38
1.50187	39
1.50198	40
1.5021	41
1.50222	42
1.50234	43
1.50246	44
1.50259	45
1.50272	46
1.50284	47
1.50296	48
1.50309	49
1.50321	50
1.50333	51
1.50346	52
1.5036	35
1.50372	36
1.50383	37
1.50395	38
1.50407	39
1.50419	40
1.5043	41
1.50442	42
1.50453	43
1.50465	44
1.50477	45
1.5049	46
1.50503	47
1.50516	48
1.50529	49
1.50541	50
1.50555	51
1.50568	34
1.50579	35
1.50588	36
1.50597	37
1.50607	38
1.50619	39
1.50631	40
1.50643	41
1.50656	42
1.50668	43
1.50681	44
1.50694	45
1.50706	46
1.50716	47
1.50728	48
1.5074	49
1.50752	50
1.50765	51
1.50778	34
1.50792	35
1.50804	36
1.50815	37
1.50827	38
1.50839	39
1.50851	40
1.50862	41
1.50873	42
1.50884	43
1.50896	44
1.50909	45
1.50922	46
1.50935	47
1.50949	48
1.50962	31
1.50972	32
1.50981	33
1.50989	34
1.50999	35
1.5101	36
1.51019	37
1.5103	38
1.51042	39
1.51054	40
1.51067	41
1.5108	42
1.51094	43
1.51104	44
1.51115	45
1.51126	46
1.51138	47
1.51149	48
1.51162	49
1.51174	50
1.51186	34
1.512	34
1.51212	35
1.51225	36
1.51236	37
1.51247	38
1.51257	39
1.51268	40
1.51278	41
1.5129	42
1.51302	43
1.51314	44
1.51327	45
1.5134	46
1.51354	47
1.51367	32
1.51378	33
1.51387	34
1.51397	35
1.51407	36
1.51417	37
1.51426	38
1.51438	39
1.5145	40
1.51462	41
1.51475	42
1.51488	43
1.51501	44
1.51512	45
1.51523	46
1.51534	47
1.51546	48
1.51558	49
1.5157	50
1.51581	51
1.51594	34
1.51608	35
1.5162	36
1.51632	37
1.51644	38
1.51656	39
1.51668	40
1.51678	41
1.51689	42
1.51701	43
1.51713	44
1.51725	45
1.51738	46
1.51751	47
1.51764	48
1.51777	49
1.5179	50
1.51802	51
1.51814	52
1.51826	53
1.51838	54
1.5185	37
1.51863	37
1.51875	38
1.51886	39
1.51898	40
1.5191	41
1.51922	42
1.51935	43
1.51947	44
1.51959	45
1.51971	46
1.51983	47
1.51995	48
1.52007	49
1.52019	50
1.52031	51
1.52044	52
1.52057	36
1.52071	36
1.52083	37
1.52094	38
1.52106	39
1.52118	40
1.52129	41
1.52141	42
1.52153	43
1.52165	44
1.52177	45
1.52189	46
1.52202	47
1.52215	48
1.52227	49
1.5224	50
1.52253	51
1.52267	35
1.5228	35
1.5229	36
1.52298	37
1.52308	38
1.5232	39
1.52331	40
1.52343	41
1.52356	42
1.52369	43
1.52381	44
1.52394	45
1.52407	46
1.52419	47
1.5243	48
1.52442	49
1.52454	50
1.52467	51
1.5248	52
1.52492	35
1.52505	35
1.52516	36
1.52527	37
1.52539	38
1.52551	39
1.52564	40
1.52576	41
1.52586	42
1.52598	43
1.5261	44
1.52622	45
1.52635	46
1.52648	47
1.52661	48
1.52673	49
1.52686	50
1.527	33
1.52712	34
1.52721	35
1.52729	36
1.52739	37
1.52751	38
1.52762	39
1.52774	40
1.52787	41
1.528	42
1.52811	43
1.52824	44
1.52837	45
1.5285	46
1.52861	47
1.52873	48
1.52885	49
1.52897	50
1.52908	51
1.52921	34
1.52935	35
1.52945	36
1.52957	37
1.52968	38
1.5298	39
1.52992	40
1.53004	41
1.53016	42
1.53027	43
1.53039	44
1.53051	45
1.53064	46
1.53077	47
1.53089	48
1.531	49
1.53113	50
1.53127	34
1.5314	35
1.53149	36
1.53159	37
1.5317	38
1.53181	39
1.53192	40
1.53204	41
1.53216	42
1.53229	43
1.53241	44
1.53254	45
1.53267	46
1.53279	47
1.53291	48
1.53304	49
1.53316	50
1.53328	51
1.53339	52
1.53352	36
1.53366	37
1.53378	38
1.53389	39
1.53401	40
1.53413	41
1.53425	42
1.53437	43
1.53449	44
1.53461	45
1.53472	46
1.53485	47
1.53497	48
1.53511	49
1.53524	35
1.53536	35
1.53546	36
1.53557	37
1.53567	38
1.53578	39
1.5359	40
1.53602	41
1.53613	42
1.53625	43
1.53637	44
1.5365	45
1.53663	46
1.53677	47
1.53688	48
1.53699	49
1.53712	50
1.53724	51
1.53738	52
1.5375	36
1.53763	37
1.53773	38
1.53785	39
1.53794	40
1.53806	41
1.53819	42
1.53832	43
1.53843	44
1.53854	45
1.53866	46
1.53879	47
1.53892	48
1.53904	49
1.53916	50
1.53928	51
1.53941	36
1.53955	37
1.53967	38
1.53979	39
1.53989	40
1.54	41
1.54012	42
1.54024	43
1.54037	44
1.5405	45
1.54062	46
1.54074	47
1.54087	48
1.541	49
1.54113	35
1.54124	35
1.54135	36
1.54145	37
1.54157	38
1.54167	39
1.54179	40
1.54191	41
1.54203	42
1.54215	43
1.54227	44
1.5424	45
1.54252	46
1.54261	47
1.54273	48
1.54285	49
1.54298	50
1.54311	51
1.54324	36
1.54338	36
1.54349	37
1.54361	38
1.54372	39
1.54384	40
1.54396	41
1.54406	42
1.54417	43
1.54429	44
1.54441	45
1.54453	46
1.54466	47
1.5448	48
1.54494	34
1.54506	34
1.54516	35
1.54527	36
1.54538	37
1.54549	38
1.54561	39
1.54572	40
1.54584	41
1.54595	42
1.54607	43
1.5462	44
1.54632	45
1.54645	46
1.54656	47
1.54668	48
1.5468	49
1.54693	50
1.54707	51
1.54719	36
1.54732	37
1.54743	38
1.54751	39
1.54763	40
1.54775	41
1.54789	42
1.548	43
1.54811	44
1.54823	45
1.54836	46
1.54849	47
1.5486	48
1.54873	49
1.54886	50
1.54899	51
1.54913	36
1.54927	36
1.54936	37
1.54947	38
1.54958	39
1.5497	40
1.54981	41
1.54994	42
1.55005	43
1.55017	44
1.55029	45
1.55042	46
1.55056	47
1.55068	48
1.55079	49
1.55091	50
1.55104	51
1.55116	52
1.5513	37
1.55143	38
1.55154	39
1.55165	40
1.55177	41
1.55189	42
1.55201	43
1.5521	44
1.55221	45
1.55233	46
1.55245	47
1.55257	48
1.5527	49
1.55283	50
1.55297	35
1.5531	36
1.55321	37
1.55331	38
1.55342	39
1.55354	40
1.55366	41
1.55378	42
1.5539	43
1.55402	44
1.55414	45
1.55427	46
1.55441	47
1.55453	48
1.55465	49
1.55478	50
1.5549	51
1.55503	52
1.55515	37
1.55528	37
1.55539	38
1.5555	39
1.55562	40
1.55574	41
1.55587	42
1.556	43
1.5561	44
1.55622	45
1.55633	46
1.55646	47
1.55657	48
1.55669	49
1.55682	50
1.55695	51
1.55708	36
1.55721	36
1.5573	37
1.55742	38
1.55753	39
1.55766	40
1.55777	41
1.55789	42
1.558	43
1.55812	44
1.55824	45
1.55837	46
1.5585	47
1.55863	48
1.55876	49
1.55889	50
1.55903	35
1.55916	36
1.55927	37
1.55937	38
1.55947	39
1.55959	40
1.5597	41
1.55983	42
1.55996	43
1.56008	44
1.5602	45
1.56033	46
1.56046	47
1.56058	48
1.5607	49
1.56082	50
1.56093	51
1.56105	52
1.56119	38
1.56132	38
1.5614	39
1.56152	40
1.56162	41
1.56174	42
1.56187	43
1.56201	44
1.56211	45
1.56223	46
1.56234	47
1.56247	48
1.56259	49
1.56272	50
1.56285	51
1.56298	52
1.56311	38
1.56325	39
1.56338	40
1.56351	41
1.56362	42
1.56373	43
1.56384	44
1.56396	45
1.56408	46
1.5642	47
1.56432	48
1.56445	49
1.56458	50
1.56471	37
1.56486	38
1.56497	39
1.56507	40
1.56518	41
1.5653	42
1.56542	43
1.56554	44
1.56565	45
1.56577	46
1.56588	47
1.566	48
1.56613	49
1.56627	36
1.56639	36
1.56648	37
1.56658	38
1.56669	39
1.56681	40
1.56693	41
1.56705	42
1.56717	43
1.56729	44
1.56741	45
1.56754	46
1.56768	47
1.5678	48
1.56792	49
1.56804	50
1.56817	51
1.5683	52
1.56843	38
1.56855	38
1.56867	39
1.56879	40
1.56891	41
1.56904	42
1.56917	43
1.56928	44
1.56939	45
1.56951	46
1.56963	47
1.56976	48
1.56988	49
1.57001	50
1.57014	51
1.57027	52
1.57041	37
1.57055	38
1.57063	39
1.57072	40
1.57083	41
1.57094	42
1.57106	43
1.57118	44
1.57131	45
1.57143	46
1.57155	47
1.57168	48
1.57181	49
1.57195	35
1.57208	35
1.57218	36
1.57229	37
1.57239	38
1.57251	39
1.57262	40
1.57275	41
1.57286	42
1.57298	43
1.57311	44
1.57324	45
1.57336	46
1.57349	47
1.57362	48
1.57373	49
1.57386	50
1.57398	51
1.5741	52
1.57423	53
1.57436	54
1.5745	37
1.57464	38
1.57476	39
1.57487	40
1.57499	41
1.57511	42
1.57519	43
1.57531	44
1.57542	45
1.57554	46
1.57565	47
1.57578	48
1.5759	49
1.57604	50
1.57617	34
1.5763	35
1.57641	36
1.57653	37
1.57665	38
1.57678	39
1.57689	40
1.577	41
1.57711	42
1.57723	43
1.57736	44
1.57749	45
1.57762	46
1.57774	47
1.57787	48
1.578	49
1.57814	34
1.57826	35
1.57835	36
1.57846	37
1.57857	38
1.57868	39
1.5788	40
1.57891	41
1.57904	42
1.57916	43
1.57928	44
1.57941	45
1.57954	46
1.57965	47
1.57976	48
1.57988	49
1.57999	50
1.58012	51
1.58021	52
1.58034	36
1.58048	36
1.58059	37
1.5807	38
1.58082	39
1.58094	40
1.58107	41
1.58118	42
1.58129	43
1.58141	44
1.58153	45
1.58166	46
1.58179	47
1.58191	48
1.58204	49
1.58217	50
1.5823	35
1.58243	36
1.58254	37
1.58264	38
1.58275	39
1.58286	40
1.58298	41
1.5831	42
1.58323	43
1.58336	44
1.58348	45
1.58361	46
1.58374	47
1.58386	48
1.58397	49
1.58409	50
1.58421	51
1.58434	52
1.58447	53
1.58461	36
1.58469	37
1.5848	38
1.58491	39
1.58503	40
1.58515	41
1.58528	42
1.5854	43
1.58551	44
1.58563	45
1.58575	46
1.58588	47
1.58601	48
1.58613	49
1.58625	50
1.58639	51
1.58652	35
1.58665	36
1.58676	37
1.58687	38
1.58699	39
1.58712	40
1.58723	41
1.58736	42
1.58748	43
1.58761	44
1.58773	45
1.58786	46
1.58799	47
1.58811	48
1.58823	49
1.58837	50
1.58849	51
1.58861	52
1.58874	53
1.58888	36
1.58901	37
1.58905	38
1.58917	39
1.58928	40
1.58941	41
1.58953	42
1.58966	43
1.58978	44
1.58989	45
1.59001	46
1.59013	47
1.59026	48
1.59039	49
1.59052	50
1.59064	51
1.59078	52
1.59091	35
1.59106	36
1.59116	37
1.59127	38
1.59138	39
1.59149	40
1.59161	41
1.59174	42
1.59186	43
1.59198	44
1.5921	45
1.59223	46
1.59236	47
1.59249	48
1.5926	49
1.59272	50
1.59285	51
1.59298	52
1.59311	36
1.59325	36
1.59335	37
1.59347	38
1.59352	39
1.59364	40
1.59377	41
1.5939	42
1.59401	43
1.59412	44
1.59423	45
1.59436	46
1.59448	47
1.59461	48
1.59473	49
1.59486	50
1.59499	51
1.59513	35
1.59526	35
1.59537	36
1.59547	37
1.59558	38
1.59569	39
1.59581	40
1.59593	41
1.59605	42
1.59617	43
1.59629	44
1.59642	45
1.59655	46
1.59667	47
1.5968	48
1.59692	49
1.59704	50
1.59717	51
1.5973	52
1.59744	35
1.59756	35
1.59767	36
1.59779	37
1.59791	38
1.59802	39
1.59808	40
1.5982	41
1.59832	42
1.59845	43
1.59857	44
1.59869	45
1.59882	46
1.59896	47
1.59908	48
1.5992	49
1.59932	50
1.59944	51
1.59957	52
1.59971	35
1.59985	35
1.59996	36
1.60007	37
1.60019	38
1.60031	39
1.60043	40
1.60055	41
1.60066	42
1.60077	43
1.60089	44
1.60101	45
1.60113	46
1.60127	47
1.60139	48
1.60152	49
1.60165	50
1.60178	34
1.6019	35
1.602	36
1.60211	37
1.60221	38
1.60233	39
1.60245	40
1.60257	41
1.6027	42
1.60277	43
1.60289	44
1.60302	45
1.60313	46
1.60326	47
1.60338	48
1.6035	49
1.60362	50
1.60375	51
1.60388	52
1.60401	35
1.60415	36
1.60427	37
1.60437	38
1.60448	39
1.60459	40
1.60471	41
1.60484	42
1.60495	43
1.60507	44
1.60519	45
1.60532	46
1.60545	47
1.60558	48
1.60571	49
1.60583	50
1.60596	51
1.60609	52
1.60622	35
1.60635	35
1.60646	36
1.60657	37
1.60669	38
1.60681	39
1.60693	40
1.60705	41
1.60717	42
1.6073	43
1.60742	44
1.60755	45
1.60767	46
1.60778	47
1.60787	48
1.60798	49
1.6081	50
1.60823	51
1.60836	52
1.60849	34
1.60863	35
1.60875	36
1.60887	37
1.60898	38
1.6091	39
1.60923	40
1.60934	41
1.60945	42
1.60956	43
1.60968	44
1.60981	45
1.60993	46
1.61007	47
1.61021	31
1.61034	32
1.61043	33
1.61052	34
1.61062	35
1.61072	36
1.61082	37
1.61093	38
1.61105	39
1.61117	40
1.6113	41
1.61143	42
1.61156	43
1.61169	44
1.61179	45
1.6119	46
1.61201	47
1.61213	48
1.61226	49
1.61238	50
1.61251	51
1.61259	33
1.61273	34
1.61285	35
1.61297	36
1.61307	37
1.61318	38
1.6133	39
1.61341	40
1.61353	41
1.61364	42
1.61376	43
1.61389	44
1.61402	45
1.61415	46
1.61428	47
1.61439	48
1.61452	49
1.61464	50
1.61478	51
1.6149	34
1.61502	34
1.61513	35
1.61525	36
1.61537	37
1.61549	38
1.61561	39
1.61573	40
1.61584	41
1.61596	42
1.61608	43
1.6162	44
1.61633	45
1.61645	46
1.61658	47
1.61664	48
1.61677	49
1.61689	50
1.61702	51
1.61716	34
1.61728	34
1.61738	35
1.61749	36
1.61761	37
1.61773	38
1.61786	39
1.61797	40
1.61809	41
1.6182	42
1.61832	43
1.61844	44
1.61856	45
1.61868	46
1.6188	47
1.61893	48
1.61906	49
1.61919	50
1.61933	33
1.61945	33
1.61955	34
1.61965	35
1.61976	36
1.61987	37
1.61999	38
1.62012	39
1.62023	40
1.62035	41
1.62047	42
1.6206	43
1.62073	44
1.62085	45
1.62097	46
1.62109	47
1.62115	48
1.62127	49
1.6214	50
1.62154	33
1.62166	33
1.62177	34
1.62188	35
1.62199	36
1.62212	37
1.62224	38
1.62236	39
1.62247	40
1.62259	41
1.6227	42
1.62283	43
1.62295	44
1.62307	45
1.6232	46
1.62332	47
1.62345	48
1.62358	49
1.6237	50
1.62383	51
1.62396	33
1.62408	34
1.6242	35
1.62431	36
1.62443	37
1.62455	38
1.62466	39
1.62478	40
1.6249	41
1.62502	42
1.62514	43
1.62527	44
1.6254	45
1.62545	46
1.62557	47
1.6257	48
1.62583	49
1.62597	32
1.62609	33
1.6262	34
1.6263	35
1.62641	36
1.62652	37
1.62664	38
1.62676	39
1.62689	40
1.62702	41
1.62714	42
1.62725	43
1.62737	44
1.62749	45
1.6276	46
1.62772	47
1.62784	48
1.62797	49
1.6281	50
1.62824	34
1.62838	34
1.62849	35
1.62859	36
1.6287	37
1.62881	38
1.62893	39
1.62904	40
1.62915	41
1.62927	42
1.6294	43
1.62952	44
1.62964	45
1.62977	46
1.62985	47
1.62998	33
1.63009	33
1.63018	34
1.63028	35
1.63039	36
1.6305	37
1.63061	38
1.63073	39
1.63085	40
1.63098	41
1.63112	42
1.63125	43
1.63135	44
1.63145	45
1.63157	46
1.63168	47
1.63181	48
1.63193	49
1.63206	50
1.6322	35
1.63234	36
1.63247	37
1.63258	38
1.63269	39
1.6328	40
1.63292	41
1.63303	42
1.63314	43
1.63326	44
1.63338	45
1.63351	46
1.63363	47
1.63375	48
1.63383	49
1.63396	50
1.63408	51
1.63421	52
1.63434	37
1.63446	37
1.63457	38
1.63468	39
1.6348	40
1.63492	41
1.63504	42
1.63517	43
1.63529	44
1.63542	45
1.63555	46
1.63567	47
1.63579	48
1.63592	49
1.63605	50
1.63617	51
1.63631	52
1.63644	36
1.63657	37
1.63668	38
1.6368	39
1.63692	40
1.63705	41
1.63717	42
1.63729	43
1.63741	44
1.63753	45
1.63765	46
1.63778	47
1.63791	48
1.63803	49
1.63816	50
1.63829	51
1.63843	35
1.63856	36
1.63866	37
1.63878	38
1.63883	39
1.63896	40
1.63907	41
1.63918	42
1.63931	43
1.63943	44
1.63955	45
1.63968	46
1.63981	47
1.63994	48
1.64006	49
1.64019	50
1.64033	51
1.64045	35
1.64058	36
1.64069	37
1.64079	38
1.6409	39
1.64101	40
1.64112	41
1.64125	42
1.64138	43
1.64151	44
1.64163	45
1.64176	46
1.64188	47
1.64201	48
1.64212	49
1.64224	50
1.64236	51
1.64249	52
1.64262	37
1.64276	37
1.64289	38
1.643	39
1.64311	40
1.64323	41
1.64336	42
1.64342	43
1.64353	44
1.64365	45
1.64377	46
1.64389	47
1.64401	48
1.64414	49
1.64428	50
1.64442	35
1.64455	35
1.64466	36
1.64478	37
1.6449	38
1.64501	39
1.64512	40
1.64522	41
1.64534	42
1.64546	43
1.64558	44
1.64571	45
1.64584	46
1.64597	47
1.64609	48
1.64623	49
1.64634	50
1.64645	51
1.64657	52
1.64669	53
1.64682	54
1.64696	37
1.64709	38
1.64721	39
1.64734	40
1.64747	41
1.64761	42
1.64773	43
1.64783	44
1.64794	45
1.64805	46
1.64817	47
1.64828	48
1.64841	49
1.64848	50
1.64862	34
1.64876	35
1.64888	36
1.64901	37
1.6491	38
1.64919	39
1.64929	40
1.6494	41
1.64952	42
1.64963	43
1.64976	44
1.64988	45
1.65002	46
1.65015	47
1.65029	32
1.65041	33
1.6505	34
1.6506	35
1.65069	36
1.6508	37
1.65091	38
1.65102	39
1.65114	40
1.65127	41
1.6514	42
1.65153	43
1.65165	44
1.65177	45
1.65188	46
1.65199	47
1.6521	48
1.65222	49
1.65235	50
1.65247	51
1.6526	52
1.65268	35
1.65282	36
1.65295	37
1.65305	38
1.65315	39
1.65327	40
1.65339	41
1.65351	42
1.65363	43
1.65374	44
1.65387	45
1.65399	46
1.65413	47
1.65426	48
1.65437	33
1.65449	33
1.65459	34
1.6547	35
1.65481	36
1.65493	37
1.65505	38
1.65517	39
1.65529	40
1.65541	41
1.65554	42
1.65566	43
1.65578	44
1.65589	45
1.65601	46
1.65613	47
1.65626	48
1.65639	49
1.65653	34
1.65666	35
1.65677	36
1.65688	37
1.65694	38
1.65706	39
1.65718	40
1.65728	41
1.65739	42
1.65751	43
1.65763	44
1.65776	45
1.65789	46
1.65803	47
1.65816	48
1.65829	49
1.65841	50
1.65852	51
1.65864	52
1.65876	53
1.65889	54
1.65902	38
1.65915	39
1.65928	40
1.6594	41
1.65953	42
1.65965	43
1.65978	44
1.6599	45
1.66001	46
1.66013	47
1.66024	48
1.66037	49
1.66049	50
1.66063	51
1.66077	35
1.66091	36
1.661	37
1.66111	38
1.66122	39
1.66133	40
1.6614	41
1.66152	42
1.66164	43
1.66176	44
1.66188	45
1.66201	46
1.66214	47
1.66228	48
1.66241	34
1.66253	34
1.66263	35
1.66274	36
1.66285	37
1.66297	38
1.66309	39
1.66321	40
1.66333	41
1.66345	42
1.66358	43
1.66371	44
1.66384	45
1.66395	46
1.66407	47
1.6642	48
1.66433	49
1.66445	50
1.66458	51
1.66471	52
1.66484	36
1.66498	37
1.66509	38
1.6652	39
1.66531	40
1.66542	41
1.66553	42
1.66565	43
1.66578	44
1.6659	45
1.66601	46
1.66613	47
1.66623	48
1.66637	49
1.66649	34
1.66662	35
1.66672	36
1.66683	37
1.66693	38
1.66705	39
1.66717	40
1.66729	41
1.66741	42
1.66753	43
1.66765	44
1.66778	45
1.66791	46
1.66804	47
1.66815	48
1.66828	49
1.6684	50
1.66854	51
1.66867	35
1.6688	36
1.66891	37
1.66903	38
1.66914	39
1.66927	40
1.66939	41
1.66951	42
1.66962	43
1.66974	44
1.66986	45
1.66998	46
1.6701	47
1.67023	48
1.67036	49
1.67048	50
1.67062	34
1.6707	35
1.67081	36
1.67091	37
1.67102	38
1.67113	39
1.67125	40
1.67137	41
1.67149	42
1.67162	43
1.67174	44
1.67187	45
1.672	46
1.67212	47
1.67224	48
1.67235	49
1.67248	50
1.67261	51
1.67274	36
1.67288	36
1.67299	37
1.6731	38
1.67322	39
1.67334	40
1.67347	41
1.67358	42
1.67369	43
1.67381	44
1.67393	45
1.67405	46
1.67418	47
1.6743	48
1.67442	49
1.67454	50
1.67467	51
1.67477	35
1.6749	36
1.67501	37
1.67511	38
1.67522	39
1.67533	40
1.67545	41
1.67557	42
1.6757	43
1.67583	44
1.67596	45
1.67609	46
1.67621	47
1.67633	48
1.67646	49
1.67658	50
1.6767	51
1.67683	52
1.67697	36
1.67711	37
1.67722	38
1.67733	39
1.67745	40
1.67757	41
1.6777	42
1.67782	43
1.67793	44
1.67804	45
1.67816	46
1.67829	47
1.67842	48
1.67854	49
1.67867	50
1.6788	51
1.67894	35
1.67906	36
1.67912	37
1.67924	38
1.67934	39
1.67945	40
1.67957	41
1.67969	42
1.67981	43
1.67994	44
1.68008	45
1.6802	46
1.68033	47
1.68046	48
1.68057	49
1.68069	50
1.68081	51
1.68094	52
1.68107	37
1.68121	37
1.68133	38
1.68144	39
1.68156	40
1.68168	41
1.68181	42
1.68194	43
1.68205	44
1.68216	45
1.68228	46
1.6824	47
1.68253	48
1.68267	49
1.68279	50
1.68292	51
1.68305	52
1.68319	36
1.68333	37
1.68343	38
1.68348	39
1.68359	40
1.68369	41
1.68381	42
1.68393	43
1.68406	44
1.68419	45
1.68432	46
1.68445	47
1.68458	48
1.68472	49
1.68483	34
1.68495	35
1.68505	36
1.68516	37
1.68527	38
1.68539	39
1.68551	40
1.68564	41
1.68576	42
1.68588	43
1.68601	44
1.68614	45
1.68625	46
1.68637	47
1.68649	48
1.68662	49
1.68675	50
1.68688	35
1.68701	36
1.68712	37
1.68724	38
1.68736	39
1.68749	40
1.6876	41
1.6877	42
1.68781	43
1.68793	44
1.688	45
1.68813	46
1.68826	47
1.68839	48
1.68852	49
1.68865	50
1.68878	35
1.68891	36
1.68902	37
1.68912	38
1.68923	39
1.68934	40
1.68946	41
1.68958	42
1.68971	43
1.68984	44
1.68996	45
1.69009	46
1.69022	47
1.69035	48
1.69047	49
1.69059	50
1.69071	51
1.69084	52
1.69097	37
1.69111	38
1.69123	39
1.69134	40
1.69146	41
1.69159	42
1.69171	43
1.69183	44
1.69194	45
1.69205	46
1.69217	47
1.6923	48
1.69242	49
1.69256	50
1.6927	35
1.69282	36
1.69292	37
1.69303	38
1.6931	39
1.69322	40
1.69334	41
1.69345	42
1.69357	43
1.69369	44
1.69381	45
1.69395	46
1.69408	47
1.6942	48
1.69434	49
1.69446	50
1.69459	51
1.69472	36
1.69485	37
1.69495	38
1.69507	39
1.69519	40
1.69531	41
1.69544	42
1.69557	43
1.6957	44
1.69581	45
1.69593	46
1.69605	47
1.69617	48
1.69629	49
1.69642	50
1.69655	51
1.69668	37
1.69682	38
1.69695	39
1.69703	40
1.69714	41
1.69724	42
1.69736	43
1.69748	44
1.6976	45
1.6977	46
1.69782	47
1.69795	48
1.69808	49
1.69822	36
1.69836	36
1.69847	37
1.69857	38
1.69868	39
1.69879	40
1.69891	41
1.69903	42
1.69915	43
1.69926	44
1.69938	45
1.69951	46
1.69964	47
1.69978	48
1.69991	35
1.70003	36
1.70014	37
1.70025	38
1.70037	39
1.70049	40
1.7006	41
1.70072	42
1.70084	43
1.70096	44
1.70109	45
1.70122	46
1.70134	47
1.70147	48
1.70159	49
1.7017	50
1.70183	51
1.70195	52
1.70207	53
1.7022	54
1.70234	39
1.70247	39
1.70257	40
1.70268	41
1.7028	42
1.70292	43
1.70305	44
1.70318	45
1.7033	46
1.70341	47
1.70353	48
1.70365	49
1.70378	50
1.70392	51
1.70405	36
1.70418	36
1.7043	37
1.70441	38
1.70454	39
1.70467	40
1.70477	41
1.70488	42
1.705	43
1.70512	44
1.70524	45
1.70537	46
1.7055	47
1.70563	48
1.70576	49
1.70589	50
1.70602	35
1.70614	35
1.70624	36
1.70634	37
1.70645	38
1.70656	39
1.70668	40
1.70681	41
1.70694	42
1.70702	43
1.70713	44
1.70726	45
1.70738	46
1.7075	47
1.70761	48
1.70773	49
1.70785	50
1.70798	51
1.70811	36
1.70825	37
1.70837	38
1.70849	39
1.7086	40
1.70871	41
1.70882	42
1.70894	43
1.70907	44
1.70919	45
1.70931	46
1.70943	47
1.70957	48
1.7097	49
1.70983	34
1.70995	35
1.71005	36
1.71016	37
1.71027	38
1.71039	39
1.71051	40
1.71063	41
1.71074	42
1.71087	43
1.71099	44
1.71112	45
1.71124	46
1.71135	47
1.71147	48
1.71159	49
1.71172	50
1.71185	51
1.71198	35
1.71209	36
1.7122	37
1.7123	38
1.7124	39
1.71251	40
1.71263	41
1.71275	42
1.71287	43
1.71299	44
1.71311	45
1.71323	46
1.71336	47
1.7135	48
1.71364	33
1.71375	34
1.71385	35
1.71395	36
1.71406	37
1.71418	38
1.7143	39
1.71441	40
1.71453	41
1.71465	42
1.71477	43
1.7149	44
1.71502	45
1.71514	46
1.71525	47
1.71537	48
1.71549	49
1.71562	50
1.71575	51
1.71588	36
1.71601	36
1.71612	37
1.71621	38
1.71633	39
1.71645	40
1.71657	41
1.71669	42
1.7168	43
1.71691	44
1.71704	45
1.71716	46
1.71728	47
1.7174	48
1.71753	49
1.71766	50
1.71778	36
1.71791	36
1.71802	37
1.71814	38
1.71827	39
1.71839	40
1.71851	41
1.71864	42
1.71875	43
1.71887	44
1.71898	45
1.7191	46
1.71922	47
1.71934	48
1.71947	49
1.7196	50
1.71974	35
1.71989	36
1.72	37
1.72009	38
1.72018	39
1.72028	40
1.72039	41
1.7205	42
1.72062	43
1.72074	44
1.72087	45
1.72101	46
1.72115	47
1.72129	32
1.72139	33
1.72147	34
1.72157	35
1.72167	36
1.72177	37
1.72188	38
1.72199	39
1.72211	40
1.72224	41
1.72237	42
1.7225	43
1.72263	44
1.72275	45
1.72285	46
1.72297	47
1.72309	48
1.72321	49
1.72334	50
1.72347	51
1.72361	34
1.72375	35
1.72386	36
1.72397	37
1.72407	38
1.72419	39
1.72431	40
1.72443	41
1.72453	42
1.72465	43
1.72477	44
1.72489	45
1.72503	46
1.72511	47
1.72524	48
1.72536	49
1.72548	50
1.72561	51
1.72574	35
1.72588	35
1.72598	36
1.72609	37
1.72621	38
1.72633	39
1.72645	40
1.72657	41
1.72669	42
1.7268	43
1.72692	44
1.72704	45
1.72716	46
1.7273	47
1.72743	48
1.72756	33
1.72769	33
1.72779	34
1.72789	35
1.72801	36
1.72812	37
1.72823	38
1.72834	39
1.72846	40
1.72858	41
1.7287	42
1.72883	43
1.72895	44
1.72907	45
1.72918	46
1.7293	47
1.72943	48
1.72954	49
1.72966	50
1.72979	51
1.72988	52
1.73002	35
1.73016	36
1.73028	37
1.7304	38
1.73051	39
1.73064	40
1.73077	41
1.73088	42
1.73099	43
1.73111	44
1.73122	45
1.73135	46
1.73147	47
1.7316	48
1.73172	49
1.73185	50
1.73199	34
1.73213	35
1.73224	36
1.73234	37
1.73244	38
1.73255	39
1.73267	40
1.73279	41
1.7329	42
1.73301	43
1.73314	44
1.73326	45
1.73339	46
1.73353	47
1.73365	48
1.73378	49
1.7339	50
1.73402	51
1.73414	52
1.73426	53
1.73435	54
1.73448	37
1.73462	37
1.73474	38
1.73486	39
1.73499	40
1.73512	41
1.73524	42
1.73536	43
1.73547	44
1.73558	45
1.7357	46
1.73581	47
1.73594	48
1.73606	49
1.7362	34
1.73634	35
1.73647	36
1.73657	37
1.73668	38
1.73679	39
1.73691	40
1.73704	41
1.73715	42
1.73727	43
1.73739	44
1.73752	45
1.73765	46
1.73777	47
1.7379	48
1.73802	49
1.73815	50
1.73828	51
1.73841	36
1.73854	37
1.73865	38
1.73876	39
1.73888	40
1.73896	41
1.73908	42
1.7392	43
1.73933	44
1.73946	45
1.73958	46
1.7397	47
1.73983	48
1.73997	49
1.74009	35
1.7402	36
1.7403	37
1.7404	38
1.74052	39
1.74064	40
1.74076	41
1.74089	42
1.74102	43
1.74114	44
1.74126	45
1.74138	46
1.74151	47
1.74164	48
1.74176	49
1.74188	50
1.74201	51
1.74215	37
1.74229	38
1.74241	39
1.74251	40
1.74262	41
1.74273	42
1.74285	43
1.74297	44
1.7431	45
1.74323	46
1.74334	47
1.74347	48
1.7436	49
1.74372	50
1.74381	51
1.74394	52
1.74406	38
1.74418	39
1.74429	40
1.74441	41
1.74454	42
1.74466	43
1.7448	44
1.74491	45
1.74502	46
1.74514	47
1.74527	48
1.7454	49
1.74551	50
1.74564	51
1.74577	52
1.7459	39
1.74604	39
1.74617	40
1.74629	41
1.7464	42
1.74651	43
1.74663	44
1.74675	45
1.74688	46
1.74701	47
1.74713	48
1.74726	49
1.7474	50
1.74752	37
1.74765	38
1.74777	39
1.74788	40
1.74799	41
1.74811	42
1.74823	43
1.74836	44
1.74849	45
1.74861	46
1.74872	47
1.74879	48
1.74891	49
1.74904	50
1.74917	51
1.74931	37
1.74943	38
1.74955	39
1.74966	40
1.74979	41
1.74992	42
1.75005	43
1.75016	44
1.75027	45
1.75039	46
1.75051	47
1.75064	48
1.75077	49
1.7509	36
1.75103	37
1.75115	38
1.75127	39
1.7514	40
1.75152	41
1.75163	42
1.75175	43
1.75186	44
1.75199	45
1.75211	46
1.75225	47
1.75237	48
1.7525	49
1.75263	50
1.75276	37
1.75289	37
1.753	38
1.75311	39
1.75322	40
1.75334	41
1.75346	42
1.75359	43
1.75372	44
1.75383	45
1.7539	46
1.75402	47
1.75413	48
1.75426	49
1.75439	50
1.75452	37
1.75465	37
1.75476	38
1.75488	39
1.755	40
1.75513	41
1.75526	42
1.75537	43
1.75548	44
1.7556	45
1.75572	46
1.75585	47
1.75598	48
1.7561	49
1.75622	50
1.75636	51
1.7565	37
1.75664	37
1.75674	38
1.75684	39
1.75695	40
1.75706	41
1.75718	42
1.7573	43
1.75742	44
1.75754	45
1.75766	46
1.75779	47
1.75792	48
1.75804	49
1.75817	50
1.75829	51
1.75841	52
1.75854	53
1.75867	39
1.75881	39
1.75893	40
1.75901	41
1.75912	42
1.75925	43
1.75937	44
1.7595	45
1.75963	46
1.75975	47
1.75987	48
1.75999	49
1.76012	50
1.76026	51
1.76038	37
1.76051	38
1.76062	39
1.76073	40
1.76085	41
1.76098	42
1.7611	43
1.76122	44
1.76135	45
1.76147	46
1.76159	47
1.76172	48
1.76185	49
1.76198	50
1.76211	51
1.76224	38
1.76236	38
1.76247	39
1.76259	40
1.76271	41
1.76283	42
1.76295	43
1.76306	44
1.76318	45
1.7633	46
1.76344	47
1.76355	48
1.76367	49
1.76378	50
1.7639	51
1.76403	52
1.76416	39
1.7643	39
1.76442	40
1.76454	41
1.76466	42
1.76478	43
1.76491	44
1.76502	45
1.76513	46
1.76525	47
1.76537	48
1.76549	49
1.76562	50
1.76575	51
1.76589	37
1.76602	38
1.76613	39
1.76625	40
1.76638	41
1.76649	42
1.76661	43
1.76672	44
1.76683	45
1.76695	46
1.76707	47
1.7672	48
1.76734	49
1.76747	35
1.7676	36
1.76771	37
1.76783	38
1.76796	39
1.76806	40
1.76816	41
1.76827	42
1.76838	43
1.7685	44
1.76863	45
1.76875	46
1.76886	47
1.76898	48
1.7691	49
1.76924	50
1.76937	36
1.76948	36
1.76958	37
1.76968	38
1.76979	39
1.7699	40
1.77002	41
1.77014	42
1.77026	43
1.77039	44
1.77052	45
1.77065	46
1.77078	47
1.77089	48
1.771	49
1.77112	50
1.77124	51
1.77137	52
1.7715	38
1.77163	38
1.77175	39
1.77187	40
1.77198	41
1.77211	42
1.77224	43
1.77235	44
1.77246	45
1.77258	46
1.7727	47
1.77282	48
1.77295	49
1.77308	50
1.77322	36
1.77335	36
1.77346	37
1.77357	38
1.77366	39
1.77378	40
1.77389	41
1.77399	42
1.7741	43
1.77422	44
1.77434	45
1.77447	46
1.7746	47
1.77473	48
1.77486	49
1.77499	50
1.77512	51
1.77524	36
1.77535	36
1.77545	37
1.77555	38
1.77566	39
1.77577	40
1.77589	41
1.77601	42
1.77614	43
1.77628	44
1.7764	45
1.77653	46
1.77666	47
1.77676	48
1.77687	49
1.77699	50
1.77711	51
1.77724	52
1.77737	53
1.7775	37
1.77764	37
1.77777	38
1.77788	39
1.778	40
1.77812	41
1.77821	42
1.77832	43
1.77843	44
1.77854	45
1.77865	46
1.77878	47
1.7789	48
1.77903	49
1.77917	34
1.77931	35
1.77942	36
1.77954	37
1.77966	38
1.77978	39
1.77988	40
1.77998	41
1.7801	42
1.78021	43
1.78033	44
1.78045	45
1.78057	46
1.78071	47
1.78083	48
1.78096	49
1.78109	50
1.78121	35
1.78132	36
1.78142	37
1.78153	38
1.78163	39
1.78175	40
1.78187	41
1.78199	42
1.78212	43
1.78224	44
1.78236	45
1.78249	46
1.78262	47
1.78273	48
1.78284	49
1.78296	50
1.78304	51
1.78317	52
1.7833	53
1.78343	37
1.78357	37
1.78369	38
1.78382	39
1.78394	40
1.78407	41
1.78419	42
1.7843	43
1.78441	44
1.78452	45
1.78463	46
1.78475	47
1.78488	48
1.78501	49
1.78515	35
1.78529	35
1.7854	36
1.7855	37
1.78561	38
1.78572	39
1.78583	40
1.78594	41
1.78605	42
1.78617	43
1.78629	44
1.78641	45
1.78654	46
1.78667	47
1.78679	48
1.78692	49
1.78704	50
1.78717	51
1.7873	52
1.78742	38
1.78754	38
1.78765	39
1.78776	40
1.78785	41
1.78797	42
1.7881	43
1.78824	44
1.78836	45
1.78848	46
1.7886	47
1.78872	48
1.78885	49
1.78897	50
1.7891	51
1.78922	52
1.78935	38
1.78949	38
1.78961	39
1.78972	40
1.78982	41
1.78994	42
1.79005	43
1.79018	44
1.7903	45
1.79043	46
1.79056	47
1.79068	48
1.79082	49
1.79095	36
1.79106	37
1.79116	38
1.79127	39
1.79138	40
1.79149	41
1.79161	42
1.79173	43
1.79186	44
1.79197	45
1.7921	46
1.79223	47
1.79236	48
1.79248	49
1.79259	50
1.79269	51
1.79281	52
1.79294	53
1.79307	39
1.79321	40
1.79333	41
1.79344	42
1.79356	43
1.79368	44
1.79381	45
1.79394	46
1.79406	47
1.79418	48
1.7943	49
1.79442	50
1.79455	51
1.79468	38
1.79481	39
1.79493	40
1.79505	41
1.79517	42
1.79529	43
1.7954	44
1.79552	45
1.79563	46
1.79575	47
1.79587	48
1.796	49
1.79613	50
1.79626	38
1.7964	39
1.79652	40
1.79662	41
1.79673	42
1.79684	43
1.79696	44
1.79709	45
1.7972	46
1.79732	47
1.79744	48
1.79757	49
1.79769	50
1.79783	37
1.79796	38
1.79806	39
1.79817	40
1.79828	41
1.79839	42
1.79851	43
1.79864	44
1.79875	45
1.79887	46
1.799	47
1.79913	48
1.79927	49
1.7994	36
1.79952	37
1.79963	38
1.79974	39
1.79985	40
1.79997	41
1.80009	42
1.80019	43
1.80031	44
1.80043	45
1.80056	46
1.80069	47
1.80081	48
1.80094	49
1.80106	50
1.80119	51
1.80131	52
1.80144	38
1.80157	39
1.80168	40
1.80179	41
1.80191	42
1.80204	43
1.80216	44
1.80229	45
1.80238	46
1.8025	47
1.80262	48
1.80274	49
1.80287	50
1.803	37
1.80313	38
1.80324	39
1.80336	40
1.80348	41
1.8036	42
1.80372	43
1.80384	44
1.80397	45
1.80408	46
1.8042	47
1.80433	48
1.80445	49
1.80458	50
1.80469	38
1.80482	38
1.80494	39
1.80504	40
1.80516	41
1.80527	42
1.8054	43
1.80552	44
1.80566	45
1.80578	46
1.8059	47
1.80603	48
1.80616	49
1.80629	37
1.80641	37
1.80651	38
1.80662	39
1.80673	40
1.80685	41
1.80697	42
1.8071	43
1.80723	44
1.80734	45
1.80745	46
1.80758	47
1.8077	48
1.80781	49
1.80793	50
1.80805	51
1.80818	52
1.80831	40
1.80845	40
1.80857	41
1.8087	42
1.80882	43
1.80895	44
1.80906	45
1.80917	46
1.80926	47
1.80938	48
1.8095	49
1.80962	50
1.80976	51
1.80989	38
1.81003	39
1.81016	40
1.81027	41
1.81038	42
1.81049	43
1.81061	44
1.81073	45
1.81084	46
1.81096	47
1.81108	48
1.81121	49
1.81134	50
1.81148	37
1.81162	38
1.81175	39
1.81185	40
1.81196	41
1.81208	42
1.8122	43
1.81232	44
1.81243	45
1.81255	46
1.81266	47
1.81279	48
1.81292	49
1.81306	36
1.81321	37
1.81331	38
1.81342	39
1.81353	40
1.81365	41
1.81378	42
1.81389	43
1.814	44
1.81412	45
1.81424	46
1.81436	47
1.81449	48
1.81461	36
1.81474	36
1.81485	37
1.81496	38
1.81507	39
1.81519	40
1.81532	41
1.81543	42
1.81555	43
1.81567	44
1.8158	45
1.81592	46
1.81604	47
1.81617	48
1.81629	49
1.81641	50
1.81654	51
1.81667	52
1.81679	53
1.81692	54
1.81706	39
1.8172	40
1.81731	41
1.81742	42
1.81754	43
1.81766	44
1.81779	45
1.81791	46
1.81803	47
1.81815	48
1.81827	49
1.81839	50
1.81852	51
1.81865	37
1.81877	38
1.81888	39
1.81899	40
1.81911	41
1.81923	42
1.81936	43
1.81948	44
1.81959	45
1.81971	46
1.81983	47
1.81996	48
1.82009	49
1.82021	50
1.82034	51
1.82047	52
1.82061	37
1.82075	38
1.82086	39
1.82097	40
1.82107	41
1.82118	42
1.8213	43
1.82142	44
1.82155	45
1.82168	46
1.8218	47
1.82193	48
1.82205	49
1.82218	50
1.8223	35
1.8224	36
1.8225	37
1.8226	38
1.8227	39
1.82282	40
1.82293	41
1.82305	42
1.82316	43
1.82327	44
1.82338	45
1.8235	46
1.82363	47
1.82376	48
1.82388	49
1.82401	50
1.82415	36
1.82428	36
1.82439	37
1.8245	38
1.82462	39
1.82473	40
1.82485	41
1.82497	42
1.82509	43
1.82521	44
1.82533	45
1.82545	46
1.82558	47
1.82569	48
1.8258	49
1.82592	50
1.82604	51
1.82616	52
1.82629	53
1.82642	38
1.82652	39
1.82663	40
1.82674	41
1.82686	42
1.82698	43
1.82711	44
1.82724	45
1.82737	46
1.8275	47
1.82761	48
1.82774	49
1.82786	50
1.82799	51
1.82811	37
1.82822	38
1.82833	39
1.82844	40
1.82856	41
1.82869	42
1.82882	43
1.82895	44
1.82906	45
1.82918	46
1.8293	47
1.82943	48
1.82956	49
1.82968	50
1.82981	51
1.82995	52
1.83008	37
1.83023	38
1.83033	39
1.83043	40
1.83053	41
1.83062	42
1.83073	43
1.83084	44
1.83094	45
1.83104	46
1.83117	47
1.8313	48
1.83143	49
1.83157	35
1.83168	36
1.83178	37
1.83189	38
1.832	39
1.83212	40
1.83224	41
1.83236	42
1.83247	43
1.83256	44
1.83268	45
1.83281	46
1.83294	47
1.83306	48
1.83318	49
1.8333	50
1.83342	51
1.83355	52
1.83368	38
1.83382	38
1.83393	39
1.83405	40
1.83416	41
1.83429	42
1.83441	43
1.83453	44
1.83465	45
1.83477	46
1.83488	47
1.83501	48
1.83514	49
1.83527	50
1.8354	36
1.83553	36
1.83563	37
1.83574	38
1.83585	39
1.83596	40
1.83608	41
1.8362	42
1.83631	43
1.83643	44
1.83654	45
1.83667	46
1.8368	47
1.83692	48
1.83705	49
1.83718	50
1.8373	51
1.83743	52
1.83756	38
1.83766	38
1.83778	39
1.83789	40
1.83801	41
1.83813	42
1.83826	43
1.83839	44
1.8385	45
1.83862	46
1.83874	47
1.83886	48
1.83899	49
1.83912	50
1.83926	36
1.83939	36
1.8395	37
1.83961	38
1.83972	39
1.83985	40
1.83995	41
1.84006	42
1.84017	43
1.84028	44
1.84041	45
1.84053	46
1.84067	47
1.84079	48
1.84092	49
1.84105	50
1.84119	36
1.84132	37
1.84142	38
1.84152	39
1.84163	40
1.84175	41
1.84186	42
1.84197	43
1.84208	44
1.84222	45
1.84234	46
1.84247	47
1.8426	48
1.84271	49
1.84282	50
1.84294	51
1.84307	52
1.8432	53
1.84333	37
1.84347	38
1.8436	39
1.84371	40
1.84383	41
1.84395	42
1.84406	43
1.84419	44
1.84429	45
1.84441	46
1.84453	47
1.84465	48
1.84478	49
1.84492	50
1.84506	34
1.84518	35
1.84529	36
1.84539	37
1.84551	38
1.84562	39
1.84574	40
1.84587	41
1.84598	42
1.84611	43
1.84623	44
1.84636	45
1.8465	46
1.8466	47
1.84671	48
1.84682	49
1.84694	50
1.84707	51
1.8472	35
1.84733	36
1.84744	37
1.84755	38
1.84767	39
1.84779	40
1.84791	41
1.84804	42
1.84814	43
1.84826	44
1.84837	45
1.8485	46
1.84862	47
1.84875	48
1.84887	49
1.84899	50
1.84912	51
1.84925	35
1.84938	35
1.84948	36
1.84958	37
1.84969	38
1.8498	39
1.84992	40
1.85004	41
1.85017	42
1.85028	43
1.8504	44
1.85053	45
1.85066	46
1.85079	47
1.85092	48
1.85104	49
1.85116	50
1.85128	51
1.85141	52
1.85152	35
1.85166	36
1.85176	37
1.85187	38
1.85199	39
1.85212	40
1.85224	41
1.85236	42
1.85247	43
1.85258	44
1.8527	45
1.85282	46
1.85295	47
1.85308	48
1.8532	33
1.85333	33
1.85343	34
1.85353	35
1.85364	36
1.85375	37
1.85387	38
1.85398	39
1.85409	40
1.85421	41
1.85433	42
1.85446	43
1.85459	44
1.85471	45
1.85484	46
1.85495	47
1.85507	48
1.8552	49
1.85532	50
1.85544	51
1.85557	52
1.8557	53
1.85581	36
1.85594	36
1.85606	37
1.85617	38
1.85627	39
1.85638	40
1.85649	41
1.85661	42
1.85673	43
1.85685	44
1.85696	45
1.85708	46
1.8572	47
1.85732	48
1.85746	49
1.8576	32
1.85771	33
1.85781	34
1.85792	35
1.85803	36
1.85814	37
1.85826	38
1.85839	39
1.8585	40
1.85862	41
1.85875	42
1.85888	43
1.859	44
1.85911	45
1.85922	46
1.85935	47
1.85947	48
1.8596	49
1.85972	50
1.85985	51
1.85996	52
1.86009	34
1.86023	35
1.86035	36
1.86045	37
1.86056	38
1.86067	39
1.86078	40
1.8609	41
1.86102	42
1.86115	43
1.86125	44
1.86137	45
1.86148	46
1.86161	47
1.86175	48
1.86186	49
1.86197	50
1.86209	51
1.86222	52
1.86235	35
1.86249	36
1.8626	37
1.86271	38
1.86283	39
1.86295	40
1.86307	41
1.8632	42
1.86332	43
1.86343	44
1.86354	45
1.86366	46
1.86378	47
1.86391	48
1.86404	49
1.86416	33
1.86427	34
1.86439	35
1.8645	36
1.86462	37
1.86474	38
1.86485	39
1.86496	40
1.86507	41
1.86519	42
1.86531	43
1.86544	44
1.86557	45
1.86569	46
1.86582	47
1.86595	48
1.86608	49
1.8662	50
1.86632	51
1.86644	52
1.86656	53
1.86668	36
1.86682	37
1.86694	38
1.86705	39
1.86717	40
1.86729	41
1.86742	42
1.86754	43
1.86766	44
1.86777	45
1.86789	46
1.86801	47
1.86814	48
1.86824	49
1.86837	34
1.8685	35
1.86861	36
1.86873	37
1.86885	38
1.86897	39
1.86908	40
1.86921	41
1.86932	42
1.86944	43
1.86956	44
1.86969	45
1.86982	46
1.86994	47
1.87007	48
1.8702	49
1.87033	50
1.87045	51
1.87059	52
1.87071	36
1.87084	36
1.87094	37
1.87106	38
1.87115	39
1.87128	40
1.87141	41
1.87153	42
1.87164	43
1.87176	44
1.87188	45
1.872	46
1.87213	47
1.87225	48
1.87237	49
1.87249	50
1.87261	35
1.87275	36
1.87287	37
1.87297	38
1.87308	39
1.87319	40
1.87331	41
1.87344	42
1.87355	43
1.87367	44
1.87379	45
1.87392	46
1.87406	47
1.87419	48
1.87431	34
1.87443	34
1.87453	35
1.87464	36
1.87476	37
1.87487	38
1.87499	39
1.8751	40
1.87522	41
1.87534	42
1.87547	43
1.8756	44
1.87569	45
1.8758	46
1.87592	47
1.87604	48
1.87617	49
1.8763	50
1.87643	51
1.87656	52
1.87669	36
1.87683	37
1.87692	38
1.87703	39
1.87715	40
1.87727	41
1.87739	42
1.87751	43
1.87764	44
1.87775	45
1.87787	46
1.87799	47
1.87812	48
1.87825	49
1.87838	50
1.87851	51
1.87864	36
1.87878	37
1.87889	38
1.879	39
1.87911	40
1.87922	41
1.87933	42
1.87945	43
1.87957	44
1.8797	45
1.87984	46
1.87996	47
1.88009	48
1.88023	49
1.88034	34
1.88046	35
1.88056	36
1.88067	37
1.88078	38
1.8809	39
1.88101	40
1.88113	41
1.88125	42
1.88135	43
1.88147	44
1.8816	45
1.88172	46
1.88183	47
1.88195	48
1.88207	49
1.8822	50
1.88233	51
1.88246	36
1.8826	37
1.88271	38
1.88282	39
1.88294	40
1.88307	41
1.88319	42
1.8833	43
1.88341	44
1.88353	45
1.88365	46
1.88378	47
1.88391	48
1.88404	49
1.88417	50
1.8843	51
1.88442	35
1.88454	36
1.88466	37
1.88476	38
1.88487	39
1.88498	40
1.8851	41
1.88522	42
1.88535	43
1.88548	44
1.8856	45
1.88571	46
1.88583	47
1.88595	48
1.88608	49
1.8862	50
1.88632	51
1.88643	52
1.88656	53
1.8867	36
1.88684	37
1.88696	38
1.88707	39
1.88719	40
1.88731	41
1.88742	42
1.88754	43
1.88766	44
1.88778	45
1.8879	46
1.88802	47
1.88815	48
1.88828	49
1.88842	34
1.88855	34
1.88864	35
1.88874	36
1.88884	37
1.88896	38
1.88907	39
1.88919	40
1.88931	41
1.88943	42
1.88955	43
1.88967	44
1.8898	45
1.88993	46
1.89004	47
1.89016	48
1.89028	49
1.8904	50
1.89053	51
1.89067	36
1.89079	36
1.89089	37
1.891	38
1.89108	39
1.8912	40
1.89133	41
1.89145	42
1.89156	43
1.89168	44
1.8918	45
1.89192	46
1.89205	47
1.89218	48
1.8923	49
1.89243	50
1.89256	51
1.89269	35
1.89282	36
1.89292	37
1.89302	38
1.89313	39
1.89325	40
1.89337	41
1.89349	42
1.89362	43
1.89375	44
1.89387	45
1.894	46
1.89413	47
1.89424	48
1.89435	49
1.89447	50
1.89459	51
1.89472	52
1.89485	37
1.89499	37
1.89511	38
1.89522	39
1.89533	40
1.89544	41
1.89557	42
1.89568	43
1.89578	44
1.8959	45
1.89601	46
1.89613	47
1.89626	48
1.89639	49
1.89653	50
1.89667	35
1.89679	35
1.89689	36
1.89699	37
1.8971	38
1.89722	39
1.89734	40
1.89745	41
1.89757	42
1.89769	43
1.89782	44
1.89795	45
1.89808	46
1.89821	47
1.89832	48
1.89844	49
1.89857	50
1.8987	51
1.89882	52
1.89895	53
1.89907	54
1.89921	37
1.89934	38
1.89946	39
1.89958	40
1.8997	41
1.89981	42
1.89992	43
1.90004	44
1.90015	45
1.90028	46
1.9004	47
1.90052	48
1.90064	49
1.90075	50
1.90089	34
1.90101	34
1.90112	35
1.90122	36
1.90133	37
1.90144	38
1.90156	39
1.90168	40
1.9018	41
1.90191	42
1.90203	43
1.90216	44
1.90229	45
1.90241	46
1.90254	47
1.90265	48
1.90277	49
1.9029	50
1.90303	51
1.90317	35
1.90329	36
1.9034	37
1.90351	38
1.90363	39
1.90376	40
1.90387	41
1.90399	42
1.90411	43
1.90422	44
1.90434	45
1.90447	46
1.9046	47
1.90471	48
1.90483	49
1.90493	50
1.90506	51
1.90519	35
1.90532	36
1.90543	37
1.90555	38
1.90567	39
1.90579	40
1.90591	41
1.90603	42
1.90616	43
1.90628	44
1.90639	45
1.9065	46
1.90662	47
1.90674	48
1.90687	49
1.907	50
1.90714	34
1.90727	35
1.90738	36
1.9075	37
1.90762	38
1.90774	39
1.90784	40
1.90795	41
1.90807	42
1.90818	43
1.9083	44
1.90842	45
1.90856	46
1.90868	47
1.9088	48
1.90893	49
1.90907	50
1.90918	35
1.9093	36
1.90939	37
1.90947	38
1.90959	39
1.90971	40
1.90983	41
1.90996	42
1.91009	43
1.91021	44
1.91033	45
1.91045	46
1.91057	47
1.9107	48
1.91082	49
1.91094	50
1.91107	51
1.9112	36
1.91133	37
1.91146	38
1.91156	39
1.91167	40
1.91178	41
1.9119	42
1.91202	43
1.91214	44
1.91226	45
1.91238	46
1.9125	47
1.91264	48
1.91277	49
1.9129	34
1.91301	35
1.91312	36
1.91322	37
1.91334	38
1.91345	39
1.91356	40
1.91369	41
1.9138	42
1.91391	43
1.91403	44
1.91417	45
1.91428	46
1.91439	47
1.9145	48
1.91463	49
1.91475	50
1.91488	51
1.91502	35
1.91516	36
1.91526	37
1.91538	38
1.91549	39
1.91561	40
1.91573	41
1.91585	42
1.91596	43
1.91607	44
1.91619	45
1.91632	46
1.91644	47
1.91658	48
1.9167	49
1.91683	50
1.91695	51
1.91707	52
1.9172	53
1.91734	36
1.91746	37
1.91756	38
1.91768	39
1.9178	40
1.91792	41
1.91805	42
1.91818	43
1.91828	44
1.91839	45
1.91851	46
1.91863	47
1.91876	48
1.91889	49
1.91901	50
1.91913	51
1.91926	52
1.9194	35
1.91953	36
1.91964	37
1.91973	38
1.91983	39
1.91994	40
1.92006	41
1.92018	42
1.9203	43
1.92043	44
1.92055	45
1.92067	46
1.9208	47
1.92092	48
1.92105	49
1.92118	50
1.92131	51
1.92144	52
1.92156	53
1.92169	35
1.92183	36
1.92193	37
1.92205	38
1.92216	39
1.92228	40
1.92241	41
1.92252	42
1.92264	43
1.92277	44
1.9229	45
1.92302	46
1.92314	47
1.92327	48
1.92339	49
1.92352	50
1.92364	51
1.92375	52
1.92387	35
1.924	36
1.92411	37
1.92422	38
1.92434	39
1.92447	40
1.92458	41
1.92471	42
1.92483	43
1.92497	44
1.92507	45
1.92518	46
1.9253	47
1.92542	48
1.92555	49
1.92568	50
1.92581	34
1.92593	35
1.92603	36
1.92615	37
1.92627	38
1.92639	39
1.92652	40
1.92663	41
1.92674	42
1.92685	43
1.92697	44
1.9271	45
1.92723	46
1.92735	47
1.92747	48
1.9276	49
1.92773	50
1.92787	34
1.92798	34
1.92807	35
1.92814	36
1.92824	37
1.92835	38
1.92846	39
1.92859	40
1.92871	41
1.92884	42
1.92896	43
1.92909	44
1.92922	45
1.92934	46
1.92944	47
1.92956	48
1.92967	49
1.9298	50
1.92992	51
1.93006	52
1.93018	34
1.93033	35
1.93044	36
1.93055	37
1.93067	38
1.9308	39
1.93091	40
1.93101	41
1.93112	42
1.93124	43
1.93136	44
1.93148	45
1.93161	46
1.93173	47
1.93185	48
1.93197	49
1.9321	50
1.93222	34
1.93234	35
1.93244	36
1.93254	37
1.93265	38
1.93276	39
1.93287	40
1.93299	41
1.93312	42
1.93325	43
1.93337	44
1.93349	45
1.93362	46
1.93374	47
1.93385	48
1.93396	49
1.93408	50
1.93421	51
1.93432	52
1.93445	35
1.93459	36
1.9347	37
1.93482	38
1.93493	39
1.93506	40
1.93518	41
1.9353	42
1.93541	43
1.93552	44
1.93564	45
1.93576	46
1.93588	47
1.93601	48
1.93613	49
1.93625	50
1.93635	51
1.93649	34
1.93663	35
1.93673	36
1.93683	37
1.93694	38
1.93705	39
1.93716	40
1.93728	41
1.93741	42
1.93754	43
1.93766	44
1.93778	45
1.93791	46
1.93804	47
1.93817	48
1.93828	49
1.9384	50
1.93853	51
1.93866	52
1.93876	34
1.93889	35
1.93899	36
1.9391	37
1.93922	38
1.93934	39
1.93947	40
1.93959	41
1.93971	42
1.93982	43
1.93994	44
1.94006	45
1.94018	46
1.94031	47
1.94043	48
1.94055	49
1.94066	50
1.9408	34
1.94094	35
1.94104	36
1.94114	37
1.94125	38
1.94136	39
1.94147	40
1.94159	41
1.94171	42
1.94183	43
1.94195	44
1.94207	45
1.9422	46
1.94233	47
1.94246	48
1.94258	49
1.94269	50
1.94281	51
1.94293	52
1.94306	36
1.94318	37
1.94329	38
1.9434	39
1.94352	40
1.94364	41
1.94377	42
1.9439	43
1.94402	44
1.94413	45
1.94425	46
1.94437	47
1.94449	48
1.94461	49
1.94473	50
1.94485	51
1.94496	52
1.9451	35
1.94524	36
1.94536	37
1.94547	38
1.94558	39
1.94568	40
1.9458	41
1.94592	42
1.94604	43
1.94616	44
1.94628	45
1.9464	46
1.94653	47
1.94667	48
1.94681	33
1.94693	34
1.94703	35
1.94714	36
1.94725	37
1.94737	38
1.94744	39
1.94755	40
1.94766	41
1.94778	42
1.9479	43
1.94803	44
1.94816	45
1.94828	46
1.94841	47
1.94853	48
1.94865	49
1.94878	50
1.94891	51
1.94903	52
1.94916	53
1.94929	36
1.94943	37
1.94955	38
1.94966	39
1.94978	40
1.94991	41
1.95002	42
1.95013	43
1.95026	44
1.95038	45
1.9505	46
1.95062	47
1.95075	48
1.95088	49
1.95102	34
1.95114	35
1.95126	36
1.95136	37
1.95147	38
1.95158	39
1.9517	40
1.95183	41
1.95194	42
1.95201	43
1.95214	44
1.95226	45
1.9524	46
1.95253	47
1.95266	48
1.95277	49
1.9529	50
1.95303	51
1.95315	52
1.95327	53
1.9534	54
1.95354	37
1.95368	37
1.95378	38
1.95391	39
1.95402	40
1.95414	41
1.95426	42
1.95437	43
1.9545	44
1.95461	45
1.95473	46
1.95485	47
1.95497	48
1.9551	49
1.95524	34
1.95538	34
1.95548	35
1.95559	36
1.9557	37
1.95581	38
1.95593	39
1.95606	40
1.95617	41
1.95629	42
1.95642	43
1.95655	44
1.95668	45
1.95679	46
1.9569	47
1.95702	48
1.95711	49
1.95724	50
1.95737	51
1.95749	52
1.95762	53
1.95776	36
1.9579	37
1.95802	38
1.95813	39
1.95822	40
1.95833	41
1.95845	42
1.95857	43
1.9587	44
1.95881	45
1.95894	46
1.95906	47
1.95919	48
1.95933	49
1.95946	33
1.95958	34
1.95969	35
1.9598	36
1.95991	37
1.96003	38
1.96016	39
1.96027	40
1.96039	41
1.96052	42
1.96065	43
1.96077	44
1.96088	45
1.961	46
1.96112	47
1.96125	48
1.96139	49
1.96151	50
1.96164	51
1.96177	52
1.96191	35
1.96205	36
1.96214	37
1.96222	38
1.96233	39
1.96244	40
1.96255	41
1.96268	42
1.9628	43
1.96292	44
1.96304	45
1.96316	46
1.96329	47
1.96341	48
1.96353	49
1.96365	50
1.96378	51
1.96391	52
1.96404	35
1.96418	36
1.9643	37
1.96442	38
1.96453	39
1.96466	40
1.96477	41
1.96489	42
1.96501	43
1.96513	44
1.96525	45
1.96537	46
1.9655	47
1.96564	48
1.96576	49
1.96589	50
1.96603	51
1.96615	34
1.96628	34
1.96638	35
1.96647	36
1.96657	37
1.96666	38
1.96678	39
1.9669	40
1.96702	41
1.96715	42
1.96727	43
1.9674	44
1.96752	45
1.96764	46
1.96775	47
1.96787	48
1.96799	49
1.9681	50
1.96822	51
1.96836	34
1.9685	34
1.96862	35
1.96872	36
1.96882	37
1.96894	38
1.96905	39
1.96917	40
1.9693	41
1.96941	42
1.96953	43
1.96966	44
1.96979	45
1.96993	46
1.97004	47
1.97015	48
1.97027	49
1.9704	50
1.97053	51
1.97064	52
1.97077	34
1.9709	34
1.971	35
1.97109	36
1.97121	37
1.97134	38
1.97147	39
1.97159	40
1.9717	41
1.97182	42
1.97194	43
1.97206	44
1.97217	45
1.97229	46
1.9724	47
1.97253	48
1.97266	49
1.9728	32
1.97293	33
1.97304	34
1.97314	35
1.97325	36
1.97336	37
1.97348	38
1.97359	39
1.97371	40
1.97382	41
1.97395	42
1.97407	43
1.97419	44
1.97432	45
1.97444	46
1.97456	47
1.97469	48
1.97479	49
1.97492	50
1.97504	33
1.97515	33
1.97525	34
1.97536	35
1.97548	36
1.9756	37
1.97573	38
1.97585	39
1.97596	40
1.97607	41
1.97619	42
1.97631	43
1.97643	44
1.97655	45
1.97667	46
1.97679	47
1.97692	48
1.97704	49
1.97717	50
1.9773	51
1.97742	52
1.97755	53
1.97768	35
1.97782	36
1.97793	37
1.97804	38
1.97816	39
1.97828	40
1.97841	41
1.97852	42
1.97865	43
1.97876	44
1.97888	45
1.97896	46
1.97907	47
1.9792	48
1.97933	49
1.97946	50
1.97959	51
1.97972	34
1.97986	35
1.97996	36
1.98006	37
1.98017	38
1.98028	39
1.9804	40
1.98052	41
1.98065	42
1.98078	43
1.9809	44
1.98103	45
1.98116	46
1.98127	47
1.98138	48
1.9815	49
1.98162	50
1.98175	51
1.98189	34
1.98203	35
1.98215	36
1.98226	37
1.98236	38
1.98248	39
1.9826	40
1.98272	41
1.98283	42
1.98295	43
1.98307	44
1.98319	45
1.98333	46
1.98346	47
1.98359	48
1.98371	49
1.98383	50
1.98391	51
1.98405	52
1.98417	34
1.9843	35
1.9844	36
1.98452	37
1.98464	38
1.98476	39
1.98489	40
1.98501	41
1.98512	42
1.98523	43
1.98536	44
1.98548	45
1.98562	46
1.98574	47
1.98587	48
1.986	49
1.98612	33
1.98625	34
1.98636	35
1.98647	36
1.98658	37
1.98669	38
1.98681	39
1.98693	40
1.98705	41
1.98716	42
1.98729	43
1.98742	44
1.98754	45
1.98766	46
1.98778	47
1.9879	48
1.98802	49
1.98815	50
1.98828	51
1.98837	34
1.9885	35
1.9886	36
1.98871	37
1.98882	38
1.98893	39
1.98905	40
1.98917	41
1.9893	42
1.98942	43
1.98955	44
1.98968	45
1.9898	46
1.98992	47
1.99003	48
1.99015	49
1.99028	50
1.99041	51
1.99055	33
1.99068	34
1.99079	35
1.9909	36
1.99102	37
1.99115	38
1.99127	39
1.99137	40
1.99148	41
1.9916	42
1.99172	43
1.99185	44
1.99198	45
1.9921	46
1.99223	47
1.99236	48
1.99248	49
1.99256	50
1.99269	51
1.99282	52
1.99294	53
1.99308	34
1.99321	35
1.99333	36
1.99345	37
1.99357	38
1.99369	39
1.9938	40
1.99392	41
1.99404	42
1.99417	43
1.99429	44
1.99441	45
1.99453	46
1.99465	47
1.99478	48
1.9949	49
1.99502	50
1.99514	51
1.99527	52
1.99541	34
1.99554	35
1.99567	36
1.99578	37
1.9959	38
1.99602	39
1.99614	40
1.99626	41
1.99637	42
1.99648	43
1.9966	44
1.99673	45
1.99686	46
1.99699	47
1.99711	48
1.99723	49
1.99732	50
1.99744	51
1.99757	52
1.99771	34
1.99783	35
1.99794	36
1.99805	37
1.99817	38
1.99829	39
1.99842	40
1.99854	41
1.99865	42
1.99876	43
1.99888	44
1.999	45
1.99913	46
1.99927	47
1.99939	48
1.99951	49
1.99963	50
1.99975	33
1.99988	34
2	35
