4.024e-05	10
0.000118659	11
0.000128677	12
0.000132283	13
0.000135889	14
0.000139495	15
0.000143101	16
0.000146707	17
0.000150313	18
0.000153919	19
0.000157525	17
0.000225239	18
0.000284137	19
0.000345439	20
0.000410347	21
0.000478861	22
0.000550981	23
0.000626707	24
0.000706039	25
0.000788977	26
0.000875521	27
0.000965671	28
0.00105943	29
0.00115679	28
0.00125655	27
0.00135392	27
0.00144527	28
0.00153782	29
0.00163639	27
0.00173615	28
0.00182991	29
0.00192968	27
0.00202463	28
0.00211959	29
0.00221455	21
0.00221695	22
0.00230831	22
0.00238283	23
0.00246336	24
0.00253909	25
0.00262563	26
0.00270857	27
0.00280233	28
0.00289248	29
0.00299344	26
0.0030872	27
0.00317855	28
0.00326991	29
0.00336847	26
0.00346343	27
0.00355718	28
0.00364613	29
0.00373508	30
0.00383004	26
0.0039286	27
0.00402596	28
0.00411852	29
0.00420746	26
0.00430002	26
0.00439377	27
0.00448993	28
0.0045897	21
0.0045921	22
0.00459451	23
0.00467624	23
0.00475077	24
0.0048325	25
0.00491785	26
0.00500439	27
0.00508613	28
0.00518109	29
0.00527965	26
0.00538182	26
0.00545875	27
0.00554649	28
0.00563664	29
0.0057292	30
0.00581815	26
0.00591911	27
0.00601768	28
0.00610302	29
0.00618956	30
0.00627611	31
0.00636986	26
0.00646723	27
0.00655016	28
0.00664752	29
0.0067497	24
0.00683864	24
0.00692038	21
0.00692158	22
0.00692398	23
0.00693601	24
0.00699851	24
0.00707784	25
0.00716078	26
0.00724732	27
0.00733627	28
0.00742402	29
0.00751417	30
0.00761393	24
0.0077173	25
0.00778822	26
0.00787116	27
0.00795771	28
0.00804785	29
0.00813921	30
0.00822695	23
0.00832672	24
0.00842048	25
0.00850822	26
0.00859957	27
0.00868131	28
0.00876545	29
0.008858	30
0.00894695	23
0.00904672	24
0.00914047	25
0.00923783	21
0.00923904	22
0.00924024	23
0.00931717	23
0.0093953	24
0.00947823	25
0.00956478	26
0.00965493	27
0.00974027	28
0.00982802	29
0.00992418	22
0.0100143	23
0.0100925	24
0.0101742	25
0.0102571	26
0.0103413	27
0.0104326	28
0.0105288	29
0.0106285	22
0.0107211	23
0.0108076	24
0.0108882	25
0.0109675	26
0.0110444	27
0.0111358	28
0.0112308	29
0.0113293	23
0.0114315	23
0.0115168	21
0.011518	22
0.0115938	22
0.0116707	23
0.0117512	24
0.0118281	25
0.0118931	26
0.0119844	27
0.0120782	28
0.0121755	29
0.0122777	22
0.0123606	23
0.0124364	24
0.0125181	25
0.0126022	26
0.0126912	27
0.0127837	28
0.0128799	29
0.0129797	22
0.0130806	23
0.0131515	24
0.0132249	25
0.013297	26
0.0133823	27
0.0134713	28
0.0135638	29
0.01366	30
0.0137598	21
0.013761	22
0.0137622	23
0.0138403	23
0.0139124	24
0.0139917	25
0.0140591	26
0.0141456	27
0.0142345	28
0.0143271	29
0.0144245	22
0.0145254	23
0.0146084	24
0.0146841	25
0.0147634	26
0.0148452	27
0.0149305	28
0.0150207	29
0.0151144	30
0.0152118	23
0.0153079	23
0.0154005	24
0.0154774	25
0.0155664	26
0.0156457	27
0.0157262	28
0.015814	29
0.0159041	30
0.0159979	21
0.0160003	22
0.0160027	23
0.0160796	23
0.0161505	24
0.0162191	25
0.016296	26
0.0163813	27
0.0164703	28
0.016564	29
0.0166614	30
0.0167612	22
0.0168645	23
0.0169378	24
0.0170148	25
0.0170917	26
0.0171662	27
0.0172528	28
0.0173441	29
0.0174379	30
0.0175352	22
0.0176362	23
0.01773	24
0.0178033	25
0.0178754	26
0.0179511	27
0.0180353	28
0.0181218	29
0.0182084	21
0.0182144	22
0.0182841	22
0.0183562	23
0.0184331	24
0.0185149	25
0.0185978	26
0.0186868	27
0.0187793	28
0.0188755	29
0.0189752	21
0.0190786	22
0.0191459	23
0.0192156	24
0.019289	25
0.0193599	26
0.0194344	27
0.0195221	28
0.0196135	29
0.0197085	30
0.019807	21
0.0199092	22
0.0199993	23
0.0200546	24
0.0201268	25
0.0202049	26
0.0202866	27
0.020372	21
0.0204513	21
0.0205246	22
0.0206015	23
0.0206821	24
0.0207662	25
0.0208528	26
0.0209417	27
0.0210343	28
0.0211328	29
0.021235	20
0.0213143	21
0.021384	22
0.0214453	23
0.0215223	24
0.0215944	25
0.0216761	26
0.0217639	27
0.0218564	28
0.021943	29
0.0220403	20
0.0221425	21
0.022211	22
0.0222831	23
0.0223589	24
0.022437	25
0.0225187	21
0.0225957	21
0.022669	22
0.0227459	23
0.022824	24
0.0229022	25
0.0229887	26
0.0230789	27
0.0231714	28
0.0232664	29
0.0233685	20
0.0234455	21
0.0235128	22
0.0235717	23
0.023645	24
0.0237099	25
0.0237929	26
0.0238794	27
0.0239695	28
0.0240633	29
0.0241607	30
0.0242616	20
0.0243662	21
0.0244311	22
0.0244996	23
0.024573	24
0.0246475	21
0.0247232	21
0.0247965	22
0.0248747	23
0.0249552	24
0.0250225	25
0.025109	26
0.0251992	27
0.0252917	28
0.0253843	29
0.0254865	19
0.0255634	20
0.0256271	21
0.0256824	22
0.0257569	23
0.0258351	24
0.0259168	25
0.0260021	26
0.0260899	27
0.0261812	28
0.0262774	29
0.0263711	19
0.0264745	20
0.0265394	21
0.0266067	22
0.0266801	23
0.0267546	21
0.0268291	21
0.0269	22
0.0269733	23
0.0270371	24
0.0271176	25
0.0272029	26
0.0272943	27
0.027382	28
0.0274806	29
0.0275828	19
0.0276597	20
0.0277258	21
0.0277955	22
0.0278676	23
0.0279398	24
0.0280215	25
0.0281056	26
0.0281946	27
0.0282883	28
0.0283845	29
0.0284831	19
0.0285792	20
0.0286441	21
0.0287114	22
0.0287763	23
0.0288473	21
0.0289182	21
0.0289903	22
0.0290648	23
0.0291261	24
0.0292103	25
0.029298	26
0.0293894	27
0.0294843	28
0.0295829	29
0.0296851	19
0.029762	19
0.0298197	20
0.0298882	21
0.0299603	22
0.030036	23
0.0301154	24
0.0301983	25
0.0302873	26
0.0303786	27
0.0304736	28
0.0305433	29
0.0306431	18
0.030732	19
0.0307933	20
0.0308618	21
0.0309303	21
0.0309928	21
0.031065	22
0.0311407	23
0.03122	24
0.0312897	25
0.0313751	26
0.0314652	27
0.0315602	28
0.0316575	29
0.0317513	18
0.0318438	19
0.03191	20
0.0319797	21
0.0320482	22
0.0321107	23
0.0321888	24
0.0322706	25
0.0323559	26
0.0324461	27
0.0325386	28
0.0326215	29
0.0327213	18
0.0328115	19
0.0328908	20
0.0329593	21
0.0330278	21
0.0330987	21
0.0331673	22
0.0332334	23
0.0333127	24
0.0333944	25
0.0334798	26
0.0335699	27
0.0336601	28
0.0337538	29
0.0338512	18
0.0339365	19
0.0340135	20
0.0340784	21
0.0341481	22
0.0342106	23
0.0342875	24
0.034368	25
0.034451	26
0.0345375	27
0.0346301	28
0.0347262	29
0.0348236	18
0.034921	19
0.0349991	20
0.035064	21
0.0351313	21
0.035201	21
0.0352683	22
0.0353309	23
0.0354078	24
0.0354883	25
0.0355725	26
0.0356614	27
0.0357528	28
0.0358477	29
0.0359463	18
0.0360232	19
0.0361013	20
0.0361686	21
0.0362396	22
0.0363141	23
0.0363934	24
0.0364764	25
0.0365605	26
0.0366374	27
0.0367276	28
0.0368213	29
0.0369187	18
0.0370197	19
0.037093	20
0.0371555	21
0.0372252	21
0.0372949	21
0.0373658	22
0.0374223	23
0.0375017	24
0.0375846	25
0.0376711	26
0.0377613	27
0.0378538	28
0.0379512	29
0.038051	18
0.0381411	18
0.0382036	19
0.0382709	20
0.0383395	21
0.038402	22
0.0384753	23
0.0385534	24
0.0386364	25
0.0387193	26
0.0388094	27
0.0389008	28
0.0389982	29
0.0390991	17
0.0391881	18
0.039241	19
0.039372	20
0.0394393	21
0.0395126	22
0.0395883	23
0.0396677	24
0.0397518	25
0.0398396	26
0.0399285	27
0.0400235	28
0.0401088	29
0.040211	17
0.0403011	18
0.0403636	19
0.0404273	20
0.040485	21
0.0405559	22
0.0406209	23
0.0407014	24
0.0407843	25
0.0408697	26
0.0409586	27
0.0410524	28
0.0411497	29
0.0412519	17
0.0413421	18
0.0414683	19
0.041532	20
0.0415957	21
0.041669	22
0.0417459	23
0.0418241	24
0.0419082	25
0.0419911	26
0.0420753	27
0.0421678	28
0.0422652	29
0.0423601	17
0.0424443	18
0.0425056	19
0.0425681	20
0.0426342	21
0.0427063	22
0.042782	23
0.0428626	24
0.0429455	25
0.0430309	26
0.0431198	27
0.0432148	28
0.0433145	29
0.0434179	17
0.0435682	17
0.0436343	18
0.0437028	19
0.0437521	20
0.0438302	21
0.0439119	22
0.0439973	23
0.0440826	24
0.0441716	25
0.0442641	26
0.0443471	27
0.0444336	28
0.0445249	29
0.0446199	30
0.044698	17
0.0447774	18
0.0448483	19
0.0449228	20
0.0449997	21
0.0450791	22
0.0451656	23
0.0452558	24
0.0453339	25
0.0454313	26
0.0455154	27
0.0456031	21
0.0456825	21
0.0457558	22
0.0458327	23
0.0459109	24
0.0459914	25
0.0460707	26
0.0461489	27
0.0462438	28
0.0463424	29
0.0464445	16
0.0465323	17
0.04659	18
0.0466513	19
0.0467174	20
0.0467883	21
0.0468628	22
0.0469422	23
0.0470251	24
0.0471092	25
0.0471946	26
0.0472787	27
0.0473737	28
0.0474723	29
0.0475588	16
0.0476345	17
0.0477331	18
0.0477992	19
0.0478677	20
0.0479386	21
0.0480144	22
0.0480937	23
0.0481778	24
0.0482656	25
0.0483569	26
0.0484519	27
0.0485492	28
0.0486502	29
0.0487259	16
0.0488029	17
0.0488546	18
0.0489183	19
0.048976	20
0.0490481	21
0.0491274	22
0.0492103	23
0.0492969	24
0.0493858	25
0.0494772	26
0.0495721	27
0.0496719	28
0.0497428	21
0.0497452	22
0.049815	22
0.0498823	23
0.0499532	24
0.0500265	25
0.0501034	26
0.0501731	27
0.0502537	28
0.0503378	29
0.0504268	30
0.0505145	17
0.0506107	18
0.0506948	19
0.050785	20
0.0508787	21
0.0509749	22
0.051041	23
0.0511119	24
0.0511864	25
0.0512646	26
0.0513463	27
0.0514316	28
0.0515206	29
0.0516131	30
0.0517093	17
0.0518091	18
0.0519605	19
0.0519906	20
0.0520651	21
0.0521432	22
0.0522262	23
0.0523127	24
0.0524029	25
0.0524978	26
0.0525964	27
0.0526889	28
0.0527635	29
0.0528416	30
0.0529233	31
0.0530087	32
0.0530976	18
0.0531902	19
0.0532683	20
0.05335	21
0.0534342	22
0.0535171	23
0.053552	24
0.0536445	25
0.0537431	26
0.0538404	27
0.0539138	28
0.0539907	21
0.0539919	22
0.05407	22
0.0541434	23
0.0542203	24
0.0543008	25
0.0543838	26
0.0544715	27
0.0545629	28
0.0546578	29
0.0547564	17
0.0548585	18
0.0549331	19
0.0549956	20
0.0550617	21
0.0551314	22
0.0552023	23
0.0552744	24
0.0553454	25
0.0553982	26
0.0554848	27
0.0555761	28
0.0556699	29
0.0557673	18
0.0558694	18
0.0559476	19
0.0560101	20
0.0561435	21
0.0562132	22
0.0562865	23
0.0563634	24
0.056444	25
0.0565281	26
0.0566159	27
0.0567072	28
0.0568022	29
0.0568983	18
0.0569993	19
0.0570702	20
0.0571231	21
0.0571628	22
0.0572337	23
0.0573082	24
0.0573863	25
0.0574681	26
0.0575534	27
0.0576424	28
0.0577349	29
0.0578311	30
0.0579297	19
0.0580318	19
0.0581063	20
0.0582302	21
0.0582951	22
0.0583636	23
0.0584333	24
0.0585054	25
0.0585763	26
0.0586593	27
0.0587434	28
0.0588047	29
0.0588985	30
0.0589958	18
0.0590968	19
0.0591857	20
0.0592615	21
0.0593384	22
0.0594213	23
0.0595079	24
0.059598	25
0.0596738	26
0.0597531	27
0.059836	28
0.0599226	29
0.0600139	30
0.0601089	19
0.060205	20
0.0603577	21
0.0604298	22
0.0605043	23
0.0605476	24
0.060633	25
0.0607207	26
0.060812	27
0.0609082	28
0.0610068	29
0.0610933	19
0.0611678	19
0.0612315	20
0.0612989	21
0.0613698	22
0.0614443	23
0.0615224	24
0.061603	25
0.0616871	26
0.0617761	27
0.0618686	28
0.0619636	29
0.0620621	19
0.0621475	19
0.062222	20
0.0622857	21
0.0623482	21
0.0623891	21
0.0624588	22
0.0625273	23
0.0626042	24
0.0626848	25
0.0627689	26
0.0628567	27
0.0629468	28
0.0630406	29
0.0631391	19
0.0632413	20
0.0633182	21
0.0633988	22
0.0634829	23
0.0635694	24
0.0636584	25
0.0637365	26
0.063817	27
0.0639012	28
0.0639781	29
0.0640418	30
0.0641368	20
0.0642353	20
0.0643051	21
0.0643784	22
0.0644589	21
0.0645322	21
0.0646056	22
0.0646801	23
0.0647606	24
0.0648448	25
0.0649325	26
0.0650239	27
0.0651188	28
0.0652186	29
0.0653171	19
0.0653929	19
0.0654578	20
0.0655263	21
0.0655984	22
0.0656741	23
0.0657114	24
0.0657931	25
0.0658785	26
0.065965	27
0.0660552	28
0.0661513	29
0.0662499	19
0.0663376	20
0.0664158	21
0.0664807	22
0.0665504	21
0.0666213	21
0.0666922	22
0.0667668	23
0.0668449	24
0.0669266	25
0.0670108	26
0.0670997	27
0.0671911	28
0.0672872	29
0.067387	19
0.0674904	20
0.0675637	21
0.0676033	22
0.0676719	23
0.067744	24
0.0678113	25
0.0678906	26
0.0679748	27
0.0680625	28
0.0681539	29
0.0682488	30
0.0683474	19
0.0684496	20
0.0685253	21
0.0686046	22
0.0686779	21
0.0687537	21
0.0688294	22
0.0689087	23
0.0689905	24
0.069071	25
0.0691551	26
0.0692405	27
0.069315	28
0.0694148	29
0.0695133	18
0.0695891	19
0.069654	20
0.0697189	21
0.0697814	22
0.0698571	23
0.0699364	24
0.0700194	25
0.0701059	26
0.0701961	27
0.0702898	28
0.070386	29
0.0704869	18
0.0705747	19
0.070636	20
0.0707009	21
0.0707682	21
0.0708379	21
0.0709052	22
0.0709485	23
0.0710254	24
0.0711072	25
0.0711925	26
0.0712815	27
0.0713716	28
0.0714618	29
0.0715615	18
0.0716649	19
0.071725	20
0.0717887	21
0.0718548	22
0.0719245	23
0.0719991	24
0.072076	25
0.0721577	26
0.0722419	27
0.0723308	28
0.0724234	29
0.0725171	30
0.0726133	19
0.072707	20
0.0727635	21
0.072832	21
0.0729042	21
0.0729727	22
0.07304	23
0.0731205	24
0.0732047	25
0.0732924	26
0.0733838	27
0.0734787	28
0.0735773	29
0.0736626	18
0.0737516	19
0.0738297	20
0.0739114	21
0.0739968	22
0.0740857	23
0.0741759	24
0.0742408	25
0.0743177	26
0.0743826	27
0.0744704	28
0.0745617	29
0.0746531	30
0.0747504	19
0.0748394	19
0.0749127	20
0.0750582	21
0.0751303	22
0.075206	23
0.0752853	24
0.0753683	25
0.0754548	26
0.075545	27
0.0756387	28
0.0757361	29
0.0758358	18
0.0759248	19
0.0760029	20
0.0760811	21
0.0761616	22
0.0762205	23
0.076289	24
0.0763743	25
0.0764537	26
0.0765366	27
0.0766232	28
0.0767133	29
0.0768071	30
0.0769044	18
0.0770054	19
0.0770775	20
0.0772145	21
0.0772879	22
0.0773648	23
0.0774453	24
0.0775295	25
0.0776136	26
0.0777001	27
0.0777903	28
0.0778841	29
0.077973	17
0.0780415	18
0.078116	19
0.0781737	20
0.0782386	21
0.0783072	22
0.0783793	23
0.0784538	24
0.0785331	25
0.0786161	26
0.0787038	27
0.0787952	28
0.0788889	29
0.0789863	30
0.0790885	18
0.0791774	19
0.0793072	20
0.0793481	21
0.0794202	22
0.0794959	23
0.0795741	24
0.0796558	25
0.0797435	26
0.0798349	27
0.0799287	28
0.080026	29
0.0801114	17
0.0802003	18
0.0802772	19
0.0803578	20
0.0804407	21
0.0805285	22
0.0806174	23
0.0806931	24
0.0807713	25
0.080853	26
0.0809311	27
0.0809984	28
0.0810922	29
0.0811896	30
0.0812737	18
0.0814215	19
0.0814901	20
0.0815574	21
0.0816331	22
0.0817136	23
0.0817966	24
0.0818843	25
0.0819745	26
0.0820694	27
0.0821656	28
0.0822497	29
0.0823375	30
0.0824108	31
0.0824901	32
0.0825731	33
0.0826608	20
0.0827498	21
0.0827918	22
0.0828712	23
0.0829529	24
0.0830382	25
0.0831236	26
0.0832149	27
0.0833123	28
0.0834133	29
0.083507	21
0.0835082	22
0.0835948	22
0.0836753	23
0.0837606	24
0.0838496	25
0.0839421	26
0.0840383	27
0.0841381	28
0.0842234	29
0.0842955	30
0.0843712	31
0.0844494	32
0.0845299	33
0.0845816	20
0.0846681	21
0.0847415	22
0.0848196	23
0.0849001	24
0.0849843	25
0.085072	26
0.0851646	27
0.0852595	28
0.0853569	29
0.0854603	17
0.0855336	18
0.0855949	19
0.0857259	20
0.0857956	21
0.0858689	22
0.0859459	23
0.0860252	24
0.0861081	25
0.0861923	26
0.0862295	27
0.0863221	28
0.0864183	29
0.086518	17
0.0866214	18
0.0866791	19
0.0867416	20
0.0868077	21
0.0868786	22
0.0869531	23
0.0870313	24
0.087113	25
0.0871972	26
0.0872849	27
0.0873775	28
0.0874736	29
0.0875734	18
0.0876671	19
0.087815	20
0.0878823	21
0.087922	22
0.0880049	23
0.0880926	24
0.0881852	25
0.0882802	26
0.0883787	27
0.0884605	28
0.0885326	29
0.0886083	30
0.0886876	31
0.0887706	32
0.0888571	33
0.0889473	20
0.089041	21
0.0891216	22
0.0892057	23
0.0892934	24
0.0893848	25
0.0894713	26
0.0895603	27
0.0896552	28
0.0897129	17
0.0897851	18
0.0899113	19
0.0899786	20
0.0900495	21
0.090124	22
0.0902022	23
0.0902839	24
0.0903692	25
0.0904582	26
0.0905495	27
0.0906457	28
0.0907455	29
0.0908332	18
0.0909065	19
0.090969	20
0.0910207	21
0.0910628	22
0.0911361	23
0.091213	24
0.0912936	25
0.0913777	26
0.0914655	27
0.0915568	28
0.0916518	29
0.0917491	18
0.0918273	19
0.0919655	20
0.0920388	21
0.0921157	22
0.0921963	23
0.0922804	24
0.0923682	25
0.0924595	26
0.0925473	27
0.0926314	28
0.0927131	29
0.092766	30
0.0928574	31
0.0929523	19
0.0930437	20
0.0931146	21
0.0931891	22
0.0932673	23
0.093349	24
0.0934343	25
0.0935233	26
0.0936158	27
0.093712	28
0.0938118	29
0.0939151	18
0.0939957	19
0.0941387	20
0.0942144	21
0.0942938	22
0.0943767	23
0.0944632	24
0.0945402	25
0.0945834	26
0.0946796	27
0.0947613	28
0.0948467	29
0.0949356	30
0.0950282	31
0.0951243	19
0.0952085	20
0.0952806	21
0.0953551	22
0.0954345	23
0.0955174	24
0.0956039	25
0.0956941	26
0.0957878	27
0.095884	28
0.0959693	29
0.0960571	30
0.0961484	31
0.0962326	21
0.0962338	22
0.096235	23
0.0962362	24
0.0963203	24
0.0964009	25
0.0964802	26
0.0965631	27
0.0966497	28
0.096699	29
0.0967963	30
0.0968973	18
0.0969898	19
0.0970668	20
0.0971305	21
0.0971978	22
0.0972687	23
0.0973444	24
0.0974238	25
0.0975067	26
0.0975932	27
0.0976834	28
0.0977772	29
0.0978745	30
0.0979755	18
0.0980644	19
0.0981414	20
0.0982111	21
0.0982844	22
0.0983505	21
0.098389	21
0.0984671	22
0.0985488	23
0.098633	24
0.0987219	25
0.0988157	26
0.098913	27
0.0990068	28
0.0990945	29
0.0991715	30
0.099252	31
0.0993361	32
0.0994239	19
0.0995152	20
0.0995934	21
0.0996751	22
0.0997605	23
0.0998494	24
0.099942	25
0.100029	26
0.100071	27
0.100173	28
0.100252	29
0.100329	30
0.100408	31
0.100491	21
0.100492	22
0.100494	23
0.100495	24
0.100578	24
0.100657	25
0.10074	26
0.100827	27
0.100917	28
0.101011	29
0.101108	30
0.101209	18
0.101313	19
0.101374	20
0.101437	21
0.101505	22
0.101575	23
0.10165	24
0.101729	25
0.101812	26
0.101895	27
0.101982	28
0.102069	29
0.102164	30
0.10222	18
0.102323	19
0.102399	20
0.102467	21
0.102539	22
0.102614	21
0.102692	21
0.10277	22
0.102852	23
0.102937	24
0.103025	25
0.103118	26
0.103214	27
0.103297	28
0.103382	29
0.103472	30
0.103567	18
0.103661	19
0.103729	20
0.103753	21
0.103828	22
0.103907	23
0.10399	24
0.104077	25
0.104167	26
0.104261	27
0.104358	28
0.104442	29
0.10453	30
0.10462	31
0.104714	19
0.104875	20
0.104952	21
0.105032	22
0.105117	23
0.105204	24
0.105294	25
0.105386	26
0.105424	27
0.105516	28
0.105605	29
0.105682	30
0.105762	31
0.105847	32
0.105936	19
0.106029	20
0.106108	21
0.106191	22
0.106278	23
0.106368	24
0.106462	25
0.106559	26
0.106643	27
0.106715	28
0.106791	29
0.10687	30
0.106951	21
0.106952	22
0.106953	23
0.107036	23
0.107114	24
0.107196	25
0.107281	26
0.10737	27
0.107456	28
0.107542	29
0.1076	18
0.107702	19
0.107778	20
0.107842	21
0.107909	22
0.10798	23
0.108053	24
0.108131	25
0.108213	26
0.108298	27
0.108387	28
0.10848	29
0.108576	30
0.108676	18
0.108778	19
0.108855	20
0.108925	21
0.108995	22
0.109068	21
0.109101	21
0.109179	22
0.109261	23
0.109346	24
0.109434	25
0.109526	26
0.109622	27
0.109706	28
0.109794	29
0.109885	30
0.10998	18
0.110078	19
0.110148	20
0.110223	21
0.110301	22
0.110381	23
0.110467	24
0.110556	25
0.110643	26
0.110731	27
0.110779	28
0.110865	29
0.110955	30
0.111046	31
0.111141	19
0.111307	20
0.111386	21
0.111469	22
0.111554	23
0.111645	24
0.111738	25
0.111836	26
0.111932	27
0.112005	28
0.112082	29
0.112163	30
0.112247	31
0.112335	32
0.112425	19
0.112518	20
0.1126	21
0.112682	22
0.112759	23
0.112811	24
0.112906	25
0.113003	26
0.113092	27
0.113165	28
0.113241	29
0.11332	30
0.113403	21
0.113404	22
0.113406	23
0.11349	23
0.113569	24
0.113652	25
0.113739	26
0.113829	27
0.113922	28
0.11402	29
0.114121	17
0.114211	18
0.114272	19
0.114335	20
0.1144	21
0.114466	22
0.114538	23
0.114616	24
0.114664	25
0.114749	26
0.114838	27
0.114932	28
0.115029	29
0.11513	17
0.115219	18
0.115296	19
0.115376	20
0.115448	21
0.115523	21
0.115602	21
0.115681	22
0.115764	23
0.115849	24
0.115938	25
0.116033	26
0.116129	27
0.116212	28
0.116287	29
0.116365	30
0.116448	31
0.116533	32
0.116586	19
0.116677	20
0.116756	21
0.116837	22
0.116924	23
0.117014	24
0.117108	25
0.117205	26
0.117305	27
0.117378	28
0.117453	29
0.11753	30
0.11761	31
0.117694	21
0.117695	22
0.117697	23
0.117699	24
0.117782	24
0.117863	25
0.117947	26
0.118034	27
0.118127	28
0.118218	29
0.118265	30
0.118366	18
0.118456	18
0.118533	19
0.118597	20
0.118664	21
0.118735	22
0.118811	23
0.11889	24
0.118973	25
0.11906	26
0.11915	27
0.119244	28
0.119341	29
0.119441	17
0.119529	18
0.119603	19
0.119682	20
0.119741	21
0.119787	21
0.119865	21
0.119944	22
0.120026	23
0.120113	24
0.120203	25
0.120298	26
0.120396	27
0.120491	28
0.120566	29
0.120644	30
0.120726	31
0.120811	32
0.120898	19
0.120988	20
0.121066	21
0.121148	22
0.121233	23
0.121314	24
0.121396	25
0.121489	26
0.12156	27
0.121648	28
0.121721	29
0.121797	30
0.121876	31
0.121959	21
0.12196	22
0.121961	23
0.121963	24
0.122044	24
0.122124	25
0.122207	26
0.122293	27
0.122383	28
0.122477	29
0.122574	30
0.122675	18
0.122766	18
0.122842	19
0.122923	20
0.123007	21
0.123094	22
0.123175	23
0.123242	24
0.123321	25
0.123405	26
0.123493	27
0.123579	28
0.123666	29
0.123745	30
0.123832	18
0.123921	19
0.123996	20
0.124067	21
0.124142	21
0.12422	21
0.124299	22
0.124381	23
0.124466	24
0.124557	25
0.12465	26
0.124748	27
0.124847	28
0.124918	29
0.124984	30
0.125058	31
0.125142	32
0.12523	19
0.125321	20
0.125379	21
0.12546	22
0.125546	23
0.125635	24
0.125727	25
0.125823	26
0.125909	27
0.125998	28
0.12609	29
0.126184	30
0.126269	18
0.126436	19
0.126517	20
0.126602	21
0.12669	22
0.126781	23
0.126878	24
0.126939	25
0.127018	26
0.127078	27
0.127155	28
0.127236	29
0.12732	30
0.127408	31
0.127499	19
0.127594	20
0.127677	21
0.127763	22
0.127851	23
0.127945	24
0.128042	25
0.128129	26
0.128201	27
0.128277	28
0.128354	29
0.128434	30
0.128518	21
0.12852	22
0.128521	23
0.128606	23
0.128688	24
0.128771	25
0.128856	26
0.128915	27
0.129005	28
0.129101	29
0.12919	18
0.12928	18
0.129357	19
0.129421	20
0.12949	21
0.12956	22
0.129635	23
0.129714	24
0.129797	25
0.129885	26
0.129976	27
0.130071	28
0.13017	29
0.130256	17
0.130348	18
0.130427	19
0.130496	20
0.130569	21
0.130601	21
0.130681	21
0.130761	22
0.130845	23
0.130933	24
0.131023	25
0.131117	26
0.131216	27
0.131317	28
0.131389	17
0.131466	18
0.131532	19
0.131601	20
0.131676	21
0.131753	22
0.131833	23
0.131919	24
0.132007	25
0.132099	26
0.132194	27
0.132293	28
0.13233	29
0.13242	30
0.132497	31
0.132575	32
0.132656	33
0.13274	21
0.132742	22
0.132745	23
0.132746	24
0.132748	25
0.132829	25
0.132909	26
0.132993	27
0.133081	28
0.133172	29
0.133267	30
0.133367	18
0.133471	19
0.133546	20
0.133616	21
0.133683	22
0.133754	23
0.13383	24
0.133909	25
0.133992	26
0.134079	27
0.134169	28
0.134261	29
0.134356	30
0.134455	18
0.134544	19
0.13462	20
0.134652	21
0.134716	22
0.134783	23
0.134854	21
0.13493	21
0.135004	22
0.135081	23
0.135163	24
0.135248	25
0.135337	26
0.13543	27
0.135527	28
0.135623	29
0.135712	18
0.135805	19
0.135883	20
0.135963	21
0.136051	22
0.136143	23
0.136216	24
0.136262	25
0.136346	26
0.136432	27
0.136522	28
0.136617	29
0.136716	18
0.136802	19
0.136867	20
0.136936	21
0.137009	21
0.137086	21
0.137165	22
0.137248	23
0.137333	24
0.137419	25
0.137509	26
0.137602	27
0.1377	28
0.137786	29
0.137861	30
0.13794	31
0.138018	32
0.138104	33
0.138192	20
0.138251	21
0.138329	22
0.138411	23
0.138496	24
0.138586	25
0.13868	26
0.138777	27
0.138877	28
0.138964	29
0.139044	30
0.139128	31
0.139215	21
0.139217	22
0.139219	23
0.13922	24
0.139304	24
0.139387	25
0.139475	26
0.139565	27
0.139658	28
0.139743	29
0.139829	30
0.139912	31
0.139975	19
0.14007	20
0.140152	21
0.140222	22
0.140296	23
0.140372	24
0.140454	25
0.14054	26
0.140628	27
0.140721	28
0.140817	29
0.140904	30
0.140994	31
0.141088	19
0.141179	20
0.141247	21
0.141323	22
0.141403	21
0.141485	21
0.141568	22
0.141609	23
0.141697	24
0.141788	25
0.141883	26
0.141982	27
0.142067	28
0.142142	29
0.14222	30
0.142302	31
0.142387	32
0.142477	19
0.142571	20
0.14265	21
0.142732	22
0.142816	23
0.142905	24
0.143	25
0.143099	26
0.143189	27
0.143261	28
0.143335	29
0.143412	30
0.143458	31
0.143541	21
0.143542	22
0.143545	23
0.143581	24
0.143627	24
0.143707	25
0.14379	26
0.143876	27
0.143965	28
0.144058	29
0.144153	30
0.144252	18
0.144343	19
0.14442	20
0.144483	21
0.144551	22
0.144623	23
0.1447	24
0.14478	25
0.144863	26
0.144951	27
0.145043	28
0.14514	29
0.145239	18
0.145327	19
0.145404	20
0.145468	21
0.145521	22
0.145595	23
0.145667	21
0.145743	21
0.145822	22
0.145905	23
0.145992	24
0.146082	25
0.146176	26
0.146273	27
0.146356	28
0.146432	29
0.146511	30
0.146594	31
0.146679	32
0.146769	20
0.146863	20
0.146944	21
0.147024	22
0.147107	23
0.147199	24
0.147259	25
0.14735	26
0.147445	27
0.147516	28
0.14759	29
0.147666	30
0.147747	31
0.147832	21
0.147833	22
0.147834	23
0.147837	24
0.147921	24
0.148002	25
0.148086	26
0.148175	27
0.148267	28
0.148361	29
0.148457	18
0.148547	19
0.148624	20
0.148689	21
0.148755	22
0.148826	23
0.148903	24
0.148984	25
0.149068	26
0.149152	27
0.149219	28
0.149307	29
0.149399	30
0.1495	18
0.149591	19
0.149669	20
0.149734	21
0.149801	22
0.149868	23
0.149939	21
0.150017	21
0.150094	22
0.150175	23
0.150258	24
0.150343	25
0.150432	26
0.150527	27
0.150612	28
0.150701	29
0.150794	30
0.150889	18
0.150966	19
0.151019	20
0.151091	21
0.151168	22
0.151247	23
0.15133	24
0.151419	25
0.151511	26
0.1516	27
0.15169	28
0.151776	29
0.151856	30
0.151939	31
0.152026	32
0.152115	21
0.152118	22
0.152121	23
0.152122	24
0.152124	25
0.152209	25
0.152296	26
0.152382	27
0.152457	28
0.152551	29
0.15263	18
0.152733	19
0.152794	20
0.152858	21
0.152926	22
0.152997	23
0.153072	24
0.153151	25
0.153236	26
0.153325	27
0.153417	28
0.153511	29
0.153611	18
0.1537	19
0.153778	20
0.153844	21
0.153914	22
0.153984	23
0.154056	24
0.154098	25
0.154176	21
0.154257	21
0.154335	22
0.154417	23
0.154502	24
0.154591	25
0.154682	26
0.154777	27
0.154876	28
0.154955	29
0.155033	30
0.155115	31
0.155202	32
0.155292	20
0.155385	21
0.155467	22
0.155552	23
0.155641	24
0.155734	25
0.15583	26
0.155912	27
0.155955	28
0.15604	29
0.156119	30
0.156198	31
0.156281	32
0.156367	21
0.156369	22
0.15637	23
0.156371	24
0.156372	25
0.156458	25
0.156539	26
0.156625	27
0.156712	28
0.156805	29
0.156902	30
0.157003	18
0.157107	19
0.157172	20
0.15724	21
0.157312	22
0.157388	23
0.157466	24
0.157548	25
0.157634	26
0.157725	27
0.157818	28
0.157916	29
0.158014	18
0.1581	18
0.158164	19
0.158207	20
0.158273	21
0.158341	22
0.158408	23
0.158483	21
0.158562	21
0.158642	22
0.158725	23
0.158811	24
0.158901	25
0.158995	26
0.159092	27
0.159178	28
0.159267	29
0.159344	30
0.159422	31
0.159505	32
0.159588	20
0.159678	20
0.159725	21
0.159806	22
0.159892	23
0.159981	24
0.160073	25
0.160167	26
0.160264	27
0.160338	28
0.160413	29
0.160492	30
0.160573	31
0.16066	21
0.160661	22
0.160662	23
0.160663	24
0.16075	24
0.160833	25
0.160918	26
0.161007	27
0.161101	28
0.161193	29
0.161279	18
0.161375	18
0.161411	19
0.161476	20
0.161544	21
0.161617	22
0.161691	23
0.161769	24
0.161852	25
0.161939	26
0.162029	27
0.162121	28
0.162218	29
0.162319	18
0.162407	18
0.162471	19
0.162536	20
0.1626	21
0.162658	22
0.162726	21
0.162783	21
0.162861	22
0.162942	23
0.163028	24
0.163117	25
0.163209	26
0.163305	27
0.163405	28
0.163493	29
0.163569	30
0.163647	31
0.163728	32
0.163816	20
0.163906	21
0.163985	22
0.164067	23
0.16415	24
0.164241	25
0.164326	26
0.164414	27
0.164474	28
0.16457	29
0.164644	19
0.164721	20
0.164789	21
0.16486	21
0.164934	21
0.16501	22
0.165089	23
0.165172	24
0.165259	25
0.165349	26
0.165444	27
0.165542	28
0.165643	29
0.165724	19
0.165801	19
0.165867	20
0.165935	21
0.166007	22
0.166084	23
0.166163	24
0.166206	25
0.166294	26
0.166385	27
0.16648	28
0.166578	29
0.166666	19
0.166756	20
0.166826	21
0.166899	22
0.166976	21
0.167057	21
0.167137	22
0.16722	23
0.167308	24
0.167401	25
0.167497	26
0.167582	27
0.16767	28
0.167747	29
0.167827	30
0.167911	31
0.167999	32
0.168089	20
0.168184	21
0.168222	22
0.168307	23
0.168396	24
0.168488	25
0.168583	26
0.168682	27
0.168755	28
0.168832	29
0.16891	30
0.16899	31
0.169073	32
0.169162	21
0.169164	22
0.169166	23
0.169169	24
0.169171	25
0.169255	25
0.169342	26
0.169432	27
0.169526	28
0.169623	29
0.169724	18
0.169813	19
0.169872	20
0.169933	21
0.169975	22
0.170049	23
0.170126	24
0.170205	25
0.170288	26
0.170376	27
0.170467	28
0.170562	29
0.170659	19
0.17076	20
0.170838	21
0.170904	22
0.170975	23
0.171047	24
0.171123	25
0.171201	26
0.171279	21
0.171361	21
0.171438	22
0.171517	23
0.171603	24
0.171668	25
0.171763	26
0.171861	27
0.171948	28
0.172022	29
0.1721	30
0.172181	31
0.172263	32
0.172352	20
0.172445	21
0.172527	22
0.172612	23
0.1727	24
0.172792	25
0.172888	26
0.172984	27
0.173055	28
0.173128	29
0.1732	30
0.173281	31
0.173365	32
0.173451	21
0.173454	22
0.173455	23
0.173456	24
0.173459	25
0.173539	25
0.173622	26
0.173685	27
0.173775	28
0.173869	29
0.173967	30
0.174067	19
0.174151	20
0.174229	21
0.174296	22
0.174367	23
0.174442	24
0.17452	25
0.174601	26
0.174686	27
0.174776	28
0.174869	29
0.174962	30
0.175059	19
0.175158	19
0.175233	20
0.175295	21
0.175358	22
0.175419	23
0.175484	24
0.175559	21
0.17562	21
0.175697	22
0.175776	23
0.17586	24
0.175947	25
0.176038	26
0.176133	27
0.176232	28
0.176333	29
0.176408	18
0.176485	19
0.17655	20
0.176621	21
0.176696	22
0.176773	23
0.176852	24
0.176935	25
0.177023	26
0.177109	27
0.177196	28
0.177268	29
0.17737	18
0.177459	19
0.177533	20
0.177612	21
0.177693	21
0.177779	21
0.177865	22
0.177954	23
0.178047	24
0.178142	25
0.178226	26
0.178299	27
0.178376	28
0.178457	29
0.17854	30
0.178626	31
0.178715	19
0.178808	20
0.178889	21
0.178934	22
0.179022	23
0.179114	24
0.17921	25
0.179296	26
0.17938	27
0.179457	28
0.179537	29
0.179618	30
0.179703	31
0.179792	32
0.179885	21
0.179886	22
0.179887	23
0.179888	24
0.179889	25
0.179981	25
0.18007	26
0.180161	27
0.180256	28
0.180347	29
0.180435	18
0.180511	18
0.180575	19
0.180626	20
0.180681	21
0.180755	22
0.180832	23
0.180913	24
0.180999	25
0.181088	26
0.18118	27
0.181276	28
0.181376	29
0.181476	17
0.181554	18
0.18162	19
0.181688	20
0.181754	21
0.181814	22
0.181888	23
0.181966	21
0.182041	21
0.182114	22
0.182195	23
0.182268	24
0.182359	25
0.182454	26
0.182552	27
0.182638	28
0.182714	29
0.182793	30
0.182876	31
0.182963	32
0.183054	19
0.183149	20
0.183231	21
0.183313	22
0.183396	23
0.18348	24
0.18357	25
0.183661	26
0.183739	27
0.183812	28
0.183887	29
0.183965	30
0.184043	31
0.184126	21
0.184131	22
0.184135	23
0.184138	24
0.184211	24
0.184294	25
0.18438	26
0.18447	27
0.184564	28
0.184661	29
0.184761	17
0.184851	18
0.184913	19
0.184979	20
0.185046	21
0.185118	22
0.185196	23
0.185277	24
0.185358	25
0.185443	26
0.185529	27
0.185617	28
0.185713	29
0.185813	17
0.185899	18
0.185959	19
0.186016	20
0.186078	21
0.186147	22
0.18622	21
0.186298	21
0.186375	22
0.186456	23
0.18654	24
0.186627	25
0.186718	26
0.186814	27
0.186914	28
0.187	29
0.187077	30
0.187155	31
0.187216	32
0.187302	33
0.187392	19
0.187484	20
0.187557	21
0.187637	22
0.18772	23
0.187808	24
0.187898	25
0.187996	26
0.18808	27
0.188157	28
0.188237	29
0.188321	30
0.188409	21
0.18841	22
0.188412	23
0.188502	23
0.188587	24
0.188676	25
0.188769	26
0.188865	27
0.188964	28
0.189044	29
0.189097	30
0.189175	31
0.189255	32
0.189341	33
0.18943	19
0.189522	20
0.189602	21
0.189684	22
0.189767	23
0.189853	24
0.189943	25
0.190038	26
0.190136	27
0.190222	28
0.190296	29
0.190373	30
0.190455	31
0.19054	32
0.190629	21
0.19063	22
0.190632	23
0.190633	24
0.190634	25
0.190722	25
0.190807	26
0.190895	27
0.190987	28
0.19108	29
0.191122	30
0.191223	17
0.191328	18
0.191385	19
0.191448	20
0.191514	21
0.191581	22
0.191656	23
0.191734	24
0.191816	25
0.191901	26
0.191991	27
0.192085	28
0.192181	29
0.192281	16
0.19237	17
0.192433	18
0.192501	19
0.192568	20
0.192604	21
0.192679	21
0.192757	21
0.192837	22
0.19292	23
0.193008	24
0.193098	25
0.193192	26
0.193275	27
0.193363	28
0.193454	29
0.193547	30
0.193635	17
0.193721	18
0.193793	19
0.193869	20
0.193949	21
0.194033	22
0.19412	23
0.194209	24
0.19425	25
0.194342	26
0.194426	27
0.194513	28
0.194591	29
0.194673	30
0.194759	31
0.194848	21
0.194851	22
0.194852	23
0.194854	24
0.194942	24
0.195027	25
0.195119	26
0.195214	27
0.195312	28
0.195405	29
0.195494	30
0.195571	31
0.195651	32
0.195735	33
0.195823	19
0.195914	19
0.195991	20
0.196072	21
0.196156	22
0.196237	23
0.196276	24
0.196369	25
0.196464	26
0.196561	27
0.196633	28
0.196707	29
0.196782	30
0.196862	31
0.196946	32
0.197034	21
0.197035	22
0.197036	23
0.197038	24
0.19704	25
0.197125	25
0.197209	26
0.197297	27
0.197388	28
0.197483	29
0.19758	17
0.197681	18
0.197755	19
0.197817	20
0.197883	21
0.197947	22
0.198017	23
0.198092	24
0.198139	25
0.198222	26
0.198309	27
0.198399	28
0.198493	29
0.19859	30
0.198691	17
0.198796	18
0.198861	19
0.198923	20
0.198989	21
0.199064	22
0.199143	21
0.199225	21
0.199306	22
0.199393	23
0.199483	24
0.199573	25
0.199671	26
0.199752	27
0.199837	28
0.199926	29
0.200018	30
0.200096	17
0.20016	18
0.200241	19
0.200326	20
0.200429	21
0.200552	22
0.200676	23
0.20079	24
0.200911	25
0.201025	26
0.201144	15
0.201266	16
0.201378	17
0.201494	18
0.201616	19
0.201873	20
0.202004	21
0.202047	22
0.202171	23
0.202295	24
0.20242	25
0.202535	26
0.202657	15
0.202783	16
0.202897	17
0.203016	18
0.203142	19
0.203273	20
0.203409	21
0.203541	22
0.203658	23
0.20378	24
0.203893	25
0.204011	26
0.204134	15
0.20426	16
0.204374	17
0.204493	18
0.204536	19
0.204664	20
0.204925	21
0.20505	22
0.205166	23
0.205288	24
0.2054	25
0.205515	26
0.205636	15
0.205763	16
0.205877	17
0.205993	18
0.206115	19
0.206241	20
0.206372	21
0.206503	22
0.206616	23
0.20666	24
0.206771	25
0.206884	26
0.207003	15
0.207127	16
0.207241	17
0.207358	18
0.207479	19
0.207604	20
0.207734	21
0.20786	21
0.207991	21
0.208123	22
0.208245	23
0.208358	24
0.208477	25
0.2086	26
0.208728	15
0.208859	16
0.20889	17
0.209006	18
0.209126	19
0.209251	20
0.209381	21
0.209515	22
0.209655	23
0.20976	24
0.209871	25
0.209986	26
0.210105	16
0.210229	17
0.210343	18
0.210459	19
0.210572	20
0.210698	21
0.210748	22
0.210884	21
0.211013	21
0.211141	22
0.211259	23
0.21137	24
0.211485	25
0.211605	26
0.21173	15
0.211855	16
0.21197	17
0.212087	18
0.212211	19
0.212341	20
0.212471	21
0.212584	22
0.212697	23
0.212816	24
0.21293	25
0.213049	26
0.21317	15
0.213225	16
0.21334	17
0.213459	18
0.213583	19
0.213711	20
0.213844	21
0.213969	21
0.214098	21
0.214217	22
0.214329	23
0.214446	24
0.214568	25
0.21469	26
0.214822	15
0.214947	16
0.214988	17
0.215106	18
0.215228	19
0.215356	20
0.215487	21
0.215608	22
0.21572	23
0.215836	24
0.215958	25
0.216085	26
0.216216	15
0.216336	16
0.216443	17
0.216559	18
0.216678	19
0.216802	20
0.216851	21
0.216984	21
0.217123	21
0.217236	22
0.217338	23
0.217446	24
0.217559	25
0.217676	26
0.217797	15
0.217922	16
0.21803	17
0.218153	18
0.21828	19
0.218412	20
0.21854	21
0.218653	22
0.218769	23
0.218876	24
0.218989	25
0.219107	26
0.219153	15
0.219279	16
0.219394	17
0.219513	18
0.219636	19
0.219762	20
0.219894	21
0.220021	21
0.220149	21
0.220267	22
0.220375	23
0.220489	24
0.220608	25
0.220732	26
0.220856	15
0.220982	16
0.221016	17
0.22114	18
0.221256	19
0.221378	20
0.221503	21
0.221634	22
0.221739	23
0.22185	24
0.221967	25
0.222088	26
0.222215	15
0.222346	15
0.222465	16
0.222589	17
0.2227	18
0.222831	19
0.222877	20
0.22313	21
0.223235	22
0.223344	23
0.223456	24
0.223575	25
0.223699	26
0.223827	14
0.22396	15
0.224082	16
0.224196	17
0.224315	18
0.224442	19
0.224569	20
0.22468	21
0.224788	22
0.224901	23
0.225017	24
0.225062	25
0.225188	26
0.225319	14
0.225454	15
0.225562	16
0.225674	17
0.225791	18
0.225913	19
0.226171	20
0.226278	21
0.226391	22
0.226508	23
0.22663	24
0.226758	25
0.226889	14
0.227014	15
0.227049	16
0.227162	17
0.227278	18
0.227401	19
0.227528	20
0.227661	21
0.227766	22
0.227879	23
0.227997	24
0.22812	25
0.228248	14
0.228381	15
0.228501	16
0.22859	17
0.228697	18
0.228747	19
0.228869	20
0.229125	21
0.229244	22
0.229352	23
0.229465	24
0.229583	25
0.229706	26
0.229835	15
0.229968	16
0.230092	17
0.230205	18
0.230323	19
0.230426	20
0.230553	21
0.230678	22
0.230782	23
0.230834	24
0.230948	25
0.231067	26
0.231191	15
0.231319	16
0.231436	17
0.231559	18
0.231685	19
0.231816	20
0.231937	21
0.232062	21
0.232193	21
0.232295	22
0.232404	23
0.232517	24
0.232625	25
0.232746	26
0.232872	15
0.233003	15
0.233049	16
0.233163	17
0.233279	18
0.233399	19
0.233523	20
0.233653	21
0.23377	22
0.23388	23
0.233994	24
0.234112	25
0.234234	26
0.234363	14
0.234494	15
0.234591	16
0.234701	17
0.23475	18
0.234867	19
0.235113	20
0.235243	21
0.235362	22
0.235471	23
0.235585	24
0.235704	25
0.235828	26
0.235954	14
0.236085	15
0.236207	16
0.236303	17
0.23642	18
0.23654	19
0.236664	20
0.236715	21
0.236841	22
0.236947	23
0.23706	24
0.237178	25
0.237302	26
0.237428	14
0.237559	15
0.23767	16
0.237784	17
0.237899	18
0.238132	19
0.23826	20
0.238391	21
0.238497	22
0.238607	23
0.238723	24
0.238843	25
0.238967	26
0.239039	14
0.239171	15
0.239274	16
0.239381	17
0.239499	18
0.239623	19
0.23975	20
0.239882	21
0.239995	22
0.240106	23
0.240209	24
0.24033	25
0.240452	26
0.240576	14
0.240703	15
0.240755	16
0.240871	17
0.241117	18
0.241246	19
0.241381	20
0.241492	21
0.241592	22
0.241697	23
0.241809	24
0.241926	25
0.242047	26
0.24217	14
0.242278	15
0.242396	16
0.242455	17
0.24258	18
0.242707	19
0.24283	20
0.24294	21
0.243041	22
0.243147	23
0.243258	24
0.243371	25
0.243487	26
0.24361	14
0.243737	15
0.243833	16
0.244079	17
0.244206	18
0.244263	19
0.244398	20
0.244505	21
0.244605	22
0.24471	23
0.244819	24
0.244933	25
0.245052	26
0.245174	14
0.2453	15
0.245416	16
0.245526	17
0.245652	18
0.245783	19
0.24592	20
0.246014	21
0.246111	22
0.246212	23
0.246266	24
0.246373	25
0.246486	26
0.246603	14
0.246725	15
0.246947	16
0.247067	17
0.247189	18
0.247307	19
0.247439	20
0.247549	21
0.247645	22
0.247748	23
0.247855	24
0.247967	25
0.248085	26
0.248206	14
0.248265	15
0.248378	16
0.248489	17
0.248611	18
0.248739	19
0.248871	20
0.248976	21
0.249069	22
0.249168	23
0.249271	24
0.249379	25
0.249492	26
0.24961	27
0.249733	21
0.249792	21
0.249911	22
0.250036	23
0.250163	24
0.250286	25
0.250423	14
0.250536	15
0.250622	16
0.250714	17
0.250811	18
0.250913	19
0.25102	20
0.251132	21
0.251249	22
0.251371	23
0.251499	24
0.25163	25
0.251765	14
0.25189	15
0.251984	16
0.252008	17
0.252113	18
0.252223	19
0.252339	20
0.252459	21
0.252584	21
0.252714	21
0.252828	22
0.252947	23
0.253071	24
0.253199	25
0.253332	14
0.253454	14
0.253553	15
0.25365	16
0.253757	17
0.253784	18
0.253898	19
0.254017	20
0.254141	21
0.254269	22
0.254403	23
0.254523	24
0.254648	25
0.254778	14
0.254906	15
0.255019	16
0.255136	17
0.255258	18
0.255381	19
0.255498	20
0.255716	21
0.255751	22
0.255869	23
0.255992	24
0.256119	25
0.256251	14
0.256372	15
0.25648	16
0.256593	17
0.25671	18
0.256833	19
0.25696	20
0.257077	21
0.257198	22
0.25731	23
0.257427	24
0.257548	25
0.257674	26
0.257804	14
0.257935	15
0.257955	16
0.258078	17
0.258189	18
0.258304	19
0.258425	20
0.258663	21
0.25878	22
0.258889	23
0.259001	24
0.259119	25
0.259242	26
0.259369	14
0.2595	15
0.259621	16
0.259642	17
0.25977	18
0.259902	19
0.260023	20
0.26013	21
0.260241	22
0.260344	23
0.260452	24
0.260565	25
0.260683	26
0.260804	14
0.260929	15
0.261042	16
0.261161	17
0.261285	18
0.261411	19
0.261568	20
0.261675	21
0.261784	22
0.261887	23
0.261994	24
0.262107	25
0.262225	26
0.262348	14
0.262473	15
0.262588	16
0.262708	17
0.262835	18
0.262961	19
0.26308	20
0.26319	21
0.263305	22
0.263424	23
0.263546	24
0.26359	25
0.263719	13
0.263854	14
0.263957	15
0.264062	16
0.264174	17
0.264291	18
0.26454	19
0.264657	20
0.264764	21
0.264874	22
0.26499	23
0.265111	24
0.265234	25
0.265284	14
0.265417	14
0.265538	15
0.265643	16
0.265752	17
0.265867	18
0.265988	19
0.266098	20
0.266198	21
0.266302	22
0.266412	23
0.266526	24
0.266643	25
0.266765	26
0.266808	14
0.266936	15
0.267054	16
0.267175	17
0.267435	18
0.267556	19
0.267652	20
0.267748	21
0.267849	22
0.267956	23
0.268068	24
0.268184	25
0.268305	26
0.268431	14
0.268477	15
0.268593	16
0.268715	17
0.268827	18
0.268942	19
0.269061	20
0.269185	21
0.2693	22
0.26942	23
0.269543	24
0.26967	25
0.269805	13
0.269922	14
0.270025	15
0.270055	16
0.270286	17
0.270393	18
0.270505	19
0.270621	20
0.270743	21
0.270868	22
0.270983	23
0.271102	24
0.271226	25
0.271348	14
0.271482	15
0.271604	16
0.271697	17
0.271728	18
0.271829	19
0.271935	20
0.272046	21
0.272162	22
0.272284	23
0.272409	24
0.27253	25
0.272656	26
0.272787	14
0.272916	15
0.273032	16
0.273234	17
0.273343	18
0.273456	19
0.273567	20
0.27362	21
0.273745	22
0.273875	23
0.274008	24
0.274138	25
0.274274	14
0.274415	15
0.274512	16
0.274596	17
0.274679	18
0.274774	19
0.274873	20
0.274977	21
0.275087	22
0.275202	23
0.275317	24
0.275439	25
0.275564	26
0.27569	14
0.275822	15
0.27588	16
0.276099	17
0.276205	18
0.276315	19
0.276426	20
0.276541	21
0.276667	22
0.276798	23
0.276925	24
0.277044	25
0.277167	26
0.277292	14
0.277411	15
0.277498	16
0.27756	17
0.277658	18
0.277756	19
0.277861	20
0.277974	21
0.278093	22
0.278214	23
0.278342	24
0.278473	25
0.278606	13
0.278728	14
0.278837	15
0.278987	16
0.279082	17
0.279182	18
0.279262	19
0.279368	20
0.279478	21
0.279592	22
0.279704	23
0.279826	24
0.279949	25
0.280076	13
0.2802	14
0.2803	15
0.280404	16
0.280492	17
0.280606	18
0.280726	19
0.28085	20
0.280979	21
0.281109	22
0.281219	23
0.281301	24
0.281421	25
0.281547	26
0.281648	14
0.281866	15
0.281966	16
0.282071	17
0.28218	18
0.282282	19
0.282401	20
0.282526	21
0.282654	22
0.282788	23
0.282927	24
0.283049	13
0.283146	14
0.283229	15
0.283273	16
0.28337	17
0.283471	18
0.283575	19
0.283686	20
0.283802	21
0.283919	22
0.284039	23
0.284164	24
0.284282	25
0.284412	13
0.284548	14
0.284734	15
0.284823	16
0.28487	17
0.284965	18
0.285066	19
0.285171	20
0.285282	21
0.285397	22
0.285518	23
0.285643	24
0.285762	25
0.285859	13
0.285968	14
0.286067	15
0.286171	16
0.286282	17
0.286397	18
0.286518	19
0.286578	20
0.286704	21
0.28683	22
0.286961	23
0.287098	24
0.287217	25
0.287341	26
0.28743	21
0.28756	21
0.28766	22
0.287763	23
0.287874	24
0.287989	25
0.288109	26
0.288233	14
0.288362	15
0.288481	16
0.288604	17
0.288731	18
0.2888	19
0.288936	20
0.289027	21
0.289124	22
0.289226	23
0.289334	24
0.289446	25
0.289562	26
0.289671	14
0.28977	15
0.289878	16
0.289995	17
0.290115	18
0.29024	19
0.290478	20
0.290584	21
0.290695	22
0.290775	23
0.290895	24
0.291022	25
0.291153	13
0.291282	14
0.291355	15
0.291461	16
0.291572	17
0.29169	18
0.291811	19
0.291909	20
0.292011	21
0.292118	22
0.292231	23
0.292349	24
0.292471	25
0.292588	26
0.292663	14
0.292787	15
0.29288	16
0.293005	17
0.293135	18
0.293382	19
0.293471	20
0.293565	21
0.293665	22
0.293769	23
0.293879	24
0.293992	25
0.294112	26
0.294237	14
0.294303	15
0.294409	16
0.294516	17
0.294626	18
0.294742	19
0.294861	20
0.294974	21
0.29509	22
0.295212	23
0.295338	24
0.295468	25
0.295583	13
0.295699	14
0.295804	15
0.295856	16
0.295968	17
0.296193	18
0.296292	19
0.296392	20
0.296497	21
0.296607	22
0.296723	23
0.296843	24
0.296967	25
0.297093	14
0.297227	15
0.297353	16
0.297473	17
0.297541	18
0.297665	19
0.297758	20
0.297855	21
0.297957	22
0.298063	23
0.298172	24
0.298279	25
0.298397	26
0.29852	14
0.298647	15
0.298755	16
0.298875	17
0.299124	18
0.299235	19
0.299341	20
0.299414	21
0.299531	22
0.299653	23
0.299779	24
0.299912	25
0.300026	14
0.300145	15
0.300232	16
0.300344	17
0.300454	18
0.300565	19
0.300677	20
0.300784	21
0.300896	22
0.301011	23
0.301132	24
0.301254	25
0.301376	26
0.301502	14
0.301629	15
0.301711	16
0.30183	17
0.30206	18
0.30218	19
0.30229	20
0.302411	21
0.302536	22
0.302665	23
0.302778	24
0.302897	25
0.303021	26
0.303149	14
0.303256	15
0.303364	16
0.303444	17
0.303561	18
0.303679	19
0.303784	20
0.303895	21
0.304016	22
0.304143	23
0.304272	24
0.304399	25
0.304513	14
0.304632	15
0.304739	16
0.304828	17
0.305068	18
0.305184	19
0.30526	20
0.305367	21
0.30548	22
0.305597	23
0.305716	24
0.305842	25
0.305968	14
0.306104	14
0.306202	15
0.306311	16
0.306411	17
0.306513	18
0.306605	19
0.30672	20
0.306823	21
0.306932	22
0.307047	23
0.307166	24
0.30728	25
0.307372	26
0.30749	14
0.307618	15
0.307716	16
0.307967	17
0.308097	18
0.308204	19
0.308315	20
0.308431	21
0.308554	22
0.308665	23
0.308796	24
0.308915	25
0.309034	14
0.309155	15
0.309227	16
0.309342	17
0.309455	18
0.309568	19
0.309671	20
0.309778	21
0.309889	22
0.310005	23
0.310125	24
0.310248	25
0.310374	26
0.310504	15
0.310639	15
0.310728	16
0.31091	17
0.311026	18
0.311148	19
0.311249	20
0.31134	21
0.311447	22
0.311558	23
0.311674	24
0.311795	25
0.311921	26
0.312051	14
0.312176	15
0.312296	16
0.312405	17
0.312521	18
0.312638	19
0.31272	20
0.312837	21
0.312951	22
0.313071	23
0.313192	24
0.313319	25
0.31345	14
0.313583	15
0.313674	16
0.313885	17
0.313998	18
0.314114	19
0.31422	20
0.314326	21
0.314432	22
0.314542	23
0.314658	24
0.314777	25
0.314857	26
0.314985	14
0.315111	15
0.31523	16
0.315354	17
0.315462	18
0.315584	19
0.315695	20
0.315809	21
0.315932	22
0.31606	23
0.31617	24
0.316282	25
0.316399	26
0.316522	14
0.316647	15
0.316829	16
0.31695	17
0.31706	18
0.317176	19
0.317279	20
0.317393	21
0.317512	22
0.317635	23
0.31776	24
0.317892	25
0.318014	14
0.318133	14
0.31824	15
0.318337	16
0.318391	17
0.3185	18
0.318613	19
0.318731	20
0.318845	21
0.318957	22
0.319074	23
0.319192	24
0.319311	25
0.319431	26
0.319555	14
0.319789	15
0.319883	16
0.319979	17
0.320084	18
0.320152	19
0.320265	20
0.320383	21
0.320505	22
0.320617	23
0.320735	24
0.320858	25
0.320985	26
0.321104	14
0.321209	15
0.321314	16
0.321429	17
0.321545	18
0.32167	19
0.321801	20
0.321932	21
0.322036	22
0.322132	23
0.32221	24
0.322324	25
0.322443	26
0.322567	21
0.322682	21
0.322769	22
0.322896	23
0.323014	24
0.323137	25
0.323265	14
0.323399	15
0.323521	16
0.323616	17
0.323715	18
0.323817	19
0.323925	20
0.324039	21
0.324157	22
0.32428	23
0.32439	24
0.324502	25
0.324616	26
0.32473	14
0.32484	15
0.324908	16
0.325024	17
0.325143	18
0.325268	19
0.325398	20
0.325657	21
0.325751	22
0.32585	23
0.325953	24
0.326061	25
0.326174	26
0.326285	27
0.32637	15
0.326491	16
0.326561	17
0.326679	18
0.3268	19
0.326928	20
0.32706	21
0.327169	22
0.327285	23
0.327405	24
0.32753	25
0.32766	14
0.327794	15
0.327897	16
0.328	17
0.328094	18
0.328173	19
0.328287	20
0.328493	21
0.328621	22
0.328739	23
0.32885	24
0.328965	25
0.329085	26
0.329212	15
0.329343	15
0.329462	16
0.329585	17
0.329709	18
0.329837	19
0.329968	20
0.330057	21
0.330159	22
0.33023	23
0.330332	24
0.330438	25
0.330549	26
0.330641	27
0.330761	15
0.330882	16
0.330993	17
0.331108	18
0.331228	19
0.331484	20
0.331603	21
0.331713	22
0.331826	23
0.331945	24
0.33207	25
0.3322	14
0.332328	15
0.332422	16
0.332521	17
0.332576	18
0.33269	19
0.332809	20
0.332933	21
0.333051	22
0.333155	23
0.333265	24
0.333379	25
0.333498	26
0.333622	15
0.33375	16
0.33386	17
0.33398	18
0.334098	19
0.334227	20
0.334464	21
0.334526	22
0.334621	23
0.33472	24
0.334826	25
0.334937	26
0.335052	27
0.335173	15
0.335298	16
0.33541	17
0.335527	18
0.335649	19
0.335779	20
0.335914	21
0.336024	22
0.33613	23
0.336247	24
0.336368	25
0.336486	26
0.336603	15
0.336729	15
0.336829	16
0.336889	17
0.336992	18
0.337106	19
0.337347	20
0.337472	21
0.337589	22
0.337707	23
0.337819	24
0.337936	25
0.338057	26
0.338182	14
0.338285	15
0.338404	16
0.338508	17
0.338609	18
0.338671	19
0.338788	20
0.33891	21
0.339031	22
0.339147	23
0.339253	24
0.339365	25
0.33948	26
0.3396	15
0.339724	16
0.339799	17
0.339915	18
0.340038	19
0.340296	20
0.340431	21
0.340531	22
0.340626	23
0.340695	24
0.340801	25
0.340911	26
0.341025	27
0.341143	15
0.341265	16
0.341377	17
0.341494	18
0.341586	19
0.341712	20
0.341845	21
0.341965	22
0.342074	23
0.34219	24
0.34231	25
0.342432	26
0.342561	15
0.342692	15
0.342788	16
0.342888	17
0.342961	18
0.343194	19
0.343317	20
0.343444	21
0.343561	22
0.343634	23
0.343744	24
0.343859	25
0.343979	26
0.344103	14
0.344229	15
0.344347	16
0.344465	17
0.344592	18
0.344719	19
0.344836	20
0.344912	21
0.345021	22
0.345137	23
0.345257	24
0.345372	25
0.345493	26
0.345616	14
0.345745	15
0.345836	16
0.345959	17
0.346198	18
0.346314	19
0.346439	20
0.346561	21
0.346668	22
0.346784	23
0.346907	24
0.347035	25
0.347166	14
0.347257	15
0.347356	16
0.347465	17
0.34756	18
0.34768	19
0.347799	20
0.347912	21
0.34803	22
0.348133	23
0.348246	24
0.348359	25
0.34848	26
0.348606	14
0.348736	15
0.34881	16
0.348929	17
0.34918	18
0.349297	19
0.349395	20
0.349493	21
0.349609	22
0.349731	23
0.349841	24
0.349958	25
0.350079	26
0.350196	14
0.350316	15
0.350434	16
0.350499	17
0.350624	18
0.350755	19
0.35089	20
0.350997	21
0.351094	22
0.351196	23
0.351303	24
0.35141	25
0.351518	26
0.351636	15
0.351748	16
0.351846	17
0.352089	18
0.352211	19
0.352294	20
0.352426	21
0.352534	22
0.352631	23
0.352733	24
0.35284	25
0.352952	26
0.353069	27
0.35319	15
0.353316	16
0.353408	17
0.353521	18
0.353629	19
0.353756	20
0.353889	21
0.353997	22
0.35411	23
0.354208	24
0.354307	25
0.354386	26
0.354499	27
0.354617	15
0.35474	16
0.35497	17
0.355088	18
0.35519	19
0.355319	20
0.355445	21
0.35555	22
0.35566	23
0.355764	24
0.355873	25
0.355987	26
0.356106	15
0.356229	16
0.35633	17
0.356407	18
0.356528	19
0.356654	20
0.356785	21
0.356921	22
0.357028	23
0.357127	24
0.357211	25
0.357318	26
0.35743	27
0.357544	16
0.35766	16
0.357873	17
0.357987	18
0.358087	19
0.35821	20
0.358316	21
0.358449	22
0.358557	23
0.358671	24
0.35879	25
0.358913	26
0.359042	15
0.359175	16
0.359298	17
0.359367	18
0.35948	19
0.359592	20
0.359707	21
0.359837	22
0.359949	23
0.360052	24
0.360173	25
0.360299	26
0.36043	15
0.360562	16
0.360658	17
0.36086	18
0.360967	19
0.361079	20
0.361194	21
0.36127	22
0.361393	23
0.361507	24
0.361625	25
0.361741	26
0.361869	15
0.361994	15
0.362108	16
0.362202	17
0.362318	18
0.36244	19
0.362566	20
0.362697	21
0.362816	22
0.362924	23
0.363037	24
0.363155	25
0.363277	26
0.363404	14
0.363536	15
0.363579	16
0.363799	17
0.363914	18
0.364025	19
0.364151	20
0.364282	21
0.364401	22
0.364509	23
0.364622	24
0.364741	25
0.364865	26
0.364994	14
0.365126	15
0.365233	16
0.365281	17
0.365395	18
0.365499	19
0.365616	20
0.365745	21
0.365877	22
0.365983	23
0.366088	24
0.366202	25
0.366322	26
0.366446	14
0.366573	15
0.366797	16
0.366909	17
0.367022	18
0.367079	19
0.367203	20
0.367333	21
0.36745	22
0.367572	23
0.367684	24
0.367801	25
0.367922	26
0.368043	14
0.368161	15
0.368278	16
0.368385	17
0.368499	18
0.368617	19
0.368739	20
0.368865	21
0.368983	22
0.369101	23
0.369179	24
0.369309	25
0.369445	13
0.369584	14
0.369763	15
0.369868	16
0.369977	17
0.370083	18
0.370185	19
0.370293	20
0.370406	21
0.370524	22
0.370647	23
0.370774	24
0.370898	25
0.370975	13
0.371113	14
0.371209	15
0.371284	16
0.37139	17
0.3715	18
0.371616	19
0.371727	20
0.371844	21
0.371964	22
0.372089	23
0.372219	24
0.372339	25
0.372463	14
0.372655	15
0.372762	16
0.372872	17
0.372956	18
0.373077	19
0.373204	20
0.373335	21
0.373461	22
0.373582	23
0.373708	24
0.373839	25
0.37396	14
0.374081	15
0.374142	16
0.374248	17
0.374357	18
0.374473	19
0.374592	20
0.374708	21
0.37483	22
0.374928	23
0.375059	24
0.375195	25
0.375319	14
0.375432	15
0.375638	16
0.375742	17
0.375818	18
0.375924	19
0.376033	20
0.376148	21
0.376269	22
0.376394	23
0.376522	24
0.376657	25
0.376796	14
0.376907	14
0.376971	15
0.377058	16
0.377148	17
0.377246	18
0.37735	19
0.377459	20
0.37757	21
0.377649	22
0.377771	23
0.377899	24
0.378031	25
0.378168	14
0.378307	14
0.378451	15
0.378543	16
0.37864	17
0.37874	18
0.378847	19
0.378959	20
0.379075	21
0.379197	22
0.379323	23
0.379454	24
0.379584	25
0.379664	13
0.379789	14
0.379872	15
0.379935	16
0.380028	17
0.380127	18
0.38023	19
0.380336	20
0.380448	21
0.380562	22
0.380681	23
0.380805	24
0.380934	25
0.381055	13
0.381256	14
0.381354	15
0.381458	16
0.381536	17
0.381649	18
0.381769	19
0.381894	20
0.382023	21
0.382149	22
0.382269	23
0.382394	24
0.38252	25
0.382598	13
0.382719	14
0.382816	15
0.382917	16
0.383024	17
0.383134	18
0.38325	19
0.383342	20
0.383465	21
0.383591	22
0.383722	23
0.383841	24
0.383965	25
0.384082	21
0.384155	21
0.384268	22
0.384374	23
0.384483	24
0.384598	25
0.384719	26
0.384845	14
0.384975	15
0.385094	16
0.385217	17
0.385347	18
0.385465	19
0.385574	20
0.385684	21
0.385782	22
0.385887	23
0.385995	24
0.386107	25
0.386226	26
0.386347	14
0.386412	15
0.386524	16
0.386641	17
0.386763	18
0.386891	19
0.387139	20
0.387266	21
0.387385	22
0.387507	23
0.387618	24
0.387704	25
0.387822	26
0.387945	14
0.388011	14
0.388125	15
0.388244	16
0.388355	17
0.38847	18
0.38859	19
0.388715	20
0.388831	21
0.388951	22
0.389076	23
0.389206	24
0.389336	25
0.389453	13
0.389485	14
0.389594	15
0.389708	16
0.389827	17
0.39008	18
0.390199	19
0.390308	20
0.390422	21
0.390541	22
0.390666	23
0.390796	24
0.390931	25
0.390959	13
0.391083	14
0.391196	15
0.391314	16
0.391426	17
0.391538	18
0.391654	19
0.391776	20
0.391886	21
0.392002	22
0.392121	23
0.392244	24
0.392368	25
0.392498	14
0.392529	15
0.392652	16
0.392779	17
0.393012	18
0.393135	19
0.393249	20
0.393354	21
0.393463	22
0.393577	23
0.393695	24
0.393818	25
0.393946	26
0.394075	14
0.394115	15
0.394239	16
0.394349	17
0.394451	18
0.394557	19
0.394669	20
0.394785	21
0.394907	22
0.395019	23
0.395134	24
0.395252	25
0.395374	26
0.395502	14
0.395634	15
0.395653	16
0.395903	17
0.396034	18
0.396154	19
0.396263	20
0.39636	21
0.396462	22
0.396569	23
0.396682	24
0.3968	25
0.396923	26
0.39705	14
0.397181	15
0.397294	16
0.397318	17
0.397432	18
0.39755	19
0.397673	20
0.397801	21
0.397919	22
0.39804	23
0.398167	24
0.398295	25
0.398409	13
0.39853	14
0.398638	15
0.398867	16
0.398989	17
0.399102	18
0.399131	19
0.399251	20
0.399375	21
0.399489	22
0.399608	23
0.39973	24
0.399859	25
0.399992	13
0.400113	14
0.400223	15
0.400324	16
0.400429	17
0.400542	18
0.40066	19
0.400782	20
0.400901	21
0.401023	22
0.401145	23
0.401188	24
0.401321	25
0.401457	13
0.401596	14
0.401781	15
0.401874	16
0.401971	17
0.402072	18
0.402179	19
0.402292	20
0.402409	21
0.402529	22
0.402655	23
0.402786	24
0.402922	25
0.402961	13
0.403098	14
0.403185	15
0.403275	16
0.403371	17
0.403471	18
0.403577	19
0.403687	20
0.4038	21
0.403918	22
0.404036	23
0.40416	24
0.404288	25
0.404421	13
0.404581	14
0.404692	15
0.404798	16
0.404909	17
0.405024	18
0.405143	19
0.405268	20
0.405398	21
0.405533	22
0.405651	23
0.405774	24
0.405903	25
0.405938	13
0.40606	14
0.406158	15
0.40626	16
0.406367	17
0.40648	18
0.406596	19
0.406716	20
0.406843	21
0.406969	22
0.4071	23
0.407218	24
0.40734	25
0.407465	21
0.4075	21
0.407628	22
0.407742	23
0.40785	24
0.407963	25
0.40808	26
0.408201	14
0.408327	14
0.408441	15
0.40856	16
0.408685	17
0.408814	18
0.408941	19
0.409068	20
0.409164	21
0.409265	22
0.409372	23
0.409483	24
0.409598	25
0.409718	26
0.409754	14
0.409881	14
0.409992	15
0.410106	16
0.410225	17
0.41048	18
0.410613	19
0.410724	20
0.410821	21
0.410923	22
0.411032	23
0.411145	24
0.411255	25
0.411294	26
0.411417	13
0.411545	14
0.411661	15
0.411783	16
0.411895	17
0.412012	18
0.412135	19
0.412247	20
0.412365	21
0.412487	22
0.412613	23
0.412745	24
0.412877	25
0.412992	13
0.413025	14
0.413132	15
0.413359	16
0.413479	17
0.413605	18
0.413721	19
0.413825	20
0.413934	21
0.414049	22
0.414168	23
0.414291	24
0.414413	25
0.414453	13
0.414587	14
0.414693	15
0.414805	16
0.414913	17
0.415021	18
0.415135	19
0.415254	20
0.415366	21
0.415477	22
0.415592	23
0.415712	24
0.415834	25
0.41596	26
0.415992	13
0.416244	14
0.416367	15
0.416477	16
0.416576	17
0.416683	18
0.416795	19
0.416912	20
0.417032	21
0.417143	22
0.417258	23
0.417378	24
0.417503	25
0.417534	26
0.417667	13
0.41779	14
0.417902	15
0.41802	16
0.418143	17
0.41827	18
0.418402	19
0.418514	20
0.418631	21
0.418747	22
0.418869	23
0.418995	24
0.419126	21
0.419244	21
0.419275	22
0.419393	23
0.419517	24
0.419632	25
0.419752	26
0.419877	13
0.420007	14
0.420125	15
0.420247	16
0.420375	17
0.420507	18
0.420626	19
0.420733	20
0.420834	21
0.420941	22
0.421054	23
0.421172	24
0.421291	25
0.421412	26
0.421452	13
0.421584	14
0.421704	15
0.421823	16
0.421947	17
0.422208	18
0.422329	19
0.422437	20
0.42255	21
0.422669	22
0.42278	23
0.422895	24
0.423016	25
0.423046	26
0.423172	13
0.423304	14
0.423424	15
0.423549	16
0.423679	17
0.423802	18
0.423912	19
0.424011	20
0.424114	21
0.424222	22
0.424335	23
0.424453	24
0.424576	25
0.424702	26
0.424736	13
0.424863	14
0.425097	15
0.425219	16
0.425345	17
0.42546	18
0.425571	19
0.425686	20
0.425807	21
0.425932	22
0.426061	23
0.426196	24
0.426316	25
0.426349	13
0.426476	14
0.426593	15
0.426702	16
0.426802	17
0.426906	18
0.427016	19
0.42713	20
0.427249	21
0.427373	22
0.427501	23
0.427635	24
0.427766	25
0.427879	13
0.42802	14
0.42813	15
0.428245	16
0.428367	17
0.428488	18
0.42859	19
0.428697	20
0.428809	21
0.428926	22
0.429047	23
0.429173	24
0.429303	25
0.429333	13
0.42947	14
0.429597	15
0.429708	16
0.429797	17
0.429892	18
0.429992	19
0.430097	20
0.430207	21
0.430323	22
0.430443	23
0.430567	24
0.430689	25
0.430812	21
0.43085	21
0.430976	22
0.431107	23
0.431242	24
0.431367	25
0.431464	14
0.431568	15
0.431662	16
0.431761	17
0.431866	18
0.431975	19
0.432089	20
0.43221	21
0.432335	22
0.432465	23
0.432587	24
0.4327	25
0.432817	26
0.432937	14
0.433056	15
0.433082	16
0.433198	17
0.433318	18
0.433443	19
0.433573	20
0.433816	21
0.433935	22
0.434058	23
0.434187	24
0.434307	25
0.43442	26
0.434537	15
0.434655	16
0.434766	17
0.434793	18
0.434912	19
0.435034	20
0.435163	21
0.435296	22
0.435435	23
0.435545	24
0.435661	25
0.435766	26
0.435877	27
0.435994	16
0.436114	16
0.436223	17
0.436331	18
0.436449	19
0.436566	20
0.436722	21
0.436847	22
0.436977	23
0.437113	24
0.437239	25
0.437337	15
0.437441	16
0.437536	17
0.437637	18
0.437742	19
0.437854	20
0.43797	21
0.438086	22
0.438208	23
0.438337	24
0.438459	25
0.438572	26
0.438688	16
0.438811	17
0.438926	18
0.438967	19
0.439085	20
0.439209	21
0.439339	22
0.439472	23
0.439586	21
0.439705	21
0.439824	22
0.439949	23
0.440074	24
0.440193	25
0.440316	26
0.44043	16
0.440548	17
0.440649	18
0.440766	19
0.440886	20
0.441013	21
0.441059	22
0.441192	23
0.44133	24
0.441454	25
0.441556	26
0.441663	27
0.441775	16
0.441892	17
0.441998	18
0.442108	19
0.442224	20
0.442335	21
0.442454	22
0.442567	21
0.442697	21
0.442827	22
0.442947	23
0.443073	24
0.443204	25
0.443339	15
0.443442	16
0.443495	17
0.443593	18
0.443695	19
0.443805	20
0.44392	21
0.444039	22
0.444164	23
0.444293	24
0.444412	25
0.444535	26
0.444644	15
0.444763	16
0.444872	17
0.444974	18
0.445092	19
0.445212	20
0.445287	21
0.445418	22
0.445537	21
0.445653	21
0.445771	22
0.445894	23
0.446011	24
0.44613	25
0.446254	26
0.446369	15
0.446485	16
0.446593	17
0.446705	18
0.446821	19
0.446928	20
0.447056	21
0.447188	22
0.44732	23
0.447422	24
0.44752	25
0.447584	26
0.447689	27
0.447801	16
0.447915	17
0.44802	18
0.448119	19
0.448234	20
0.448353	21
0.448472	21
0.448594	21
0.44872	22
0.448849	23
0.44897	24
0.449092	25
0.449212	15
0.449338	16
0.449456	17
0.449579	18
0.4497	19
0.449758	20
0.44988	21
0.449997	22
0.450118	23
0.450237	24
0.45037	25
0.450478	15
0.450591	16
0.450695	17
0.450805	18
0.45091	19
0.451021	20
0.451145	21
0.451273	22
0.451402	23
0.451522	21
0.451638	21
0.451752	22
0.45187	23
0.451949	24
0.452063	25
0.452169	26
0.452264	27
0.45238	16
0.452501	17
0.452611	18
0.452728	19
0.452849	20
0.452968	21
0.453097	22
0.453225	23
0.453358	24
0.453455	25
0.453558	26
0.453667	27
0.453778	16
0.453894	17
0.453996	18
0.454104	19
0.454221	20
0.454275	21
0.454394	21
0.454518	21
0.454644	22
0.454774	23
0.454908	24
0.455033	25
0.455128	15
0.455229	16
0.455327	17
0.455429	18
0.455536	19
0.455646	20
0.455758	21
0.455875	22
0.455997	23
0.456126	24
0.456252	25
0.456364	16
0.456466	17
0.456527	18
0.456638	19
0.456752	20
0.456862	21
0.456988	22
0.457119	23
0.45725	24
0.457364	21
0.457484	21
0.457603	22
0.457727	23
0.457854	24
0.45797	25
0.458078	16
0.458191	17
0.458285	18
0.458395	19
0.458467	20
0.458586	21
0.458709	22
0.458838	23
0.458972	24
0.45911	25
0.459211	16
0.459312	17
0.459406	18
0.459505	19
0.459607	20
0.459714	21
0.459822	22
0.459934	23
0.460048	24
0.460162	25
0.460287	21
0.460417	21
0.460542	22
0.460624	23
0.46076	24
0.460885	25
0.460982	16
0.461069	17
0.461166	18
0.461268	19
0.461375	20
0.461487	21
0.461602	22
0.461724	23
0.46185	24
0.461981	25
0.462101	16
0.46221	17
0.462311	18
0.462418	19
0.462533	20
0.462635	21
0.462755	22
0.462823	23
0.462956	24
0.463088	25
0.463208	21
0.463328	21
0.463446	22
0.463569	23
0.463697	24
0.463826	25
0.463935	16
0.464042	17
0.464144	18
0.464255	19
0.46437	20
0.464491	21
0.464616	22
0.464745	23
0.464872	24
0.465	25
0.465112	16
0.465209	17
0.465298	18
0.465354	19
0.465453	20
0.465558	21
0.465667	22
0.465774	23
0.46589	24
0.466006	25
0.46613	21
0.466259	21
0.466385	22
0.466516	23
0.466651	24
0.466761	25
0.466877	26
0.466961	27
0.467066	28
0.467177	18
0.467289	19
0.467361	20
0.467473	21
0.467589	22
0.467711	23
0.467837	24
0.467968	25
0.468089	16
0.468196	16
0.46829	17
0.468392	18
0.468503	19
0.468619	20
0.468741	21
0.468867	22
0.468994	23
0.469127	21
0.469263	21
0.469329	22
0.46944	23
0.469546	24
0.469672	25
0.469788	16
0.469885	16
0.469977	17
0.470077	18
0.470184	19
0.470296	20
0.470414	21
0.470537	22
0.470664	23
0.470796	24
0.470933	25
0.471061	15
0.471165	16
0.471261	17
0.471362	18
0.471465	19
0.471499	20
0.471609	21
0.471723	22
0.471843	23
0.471953	21
0.472067	21
0.472181	22
0.4723	23
0.472424	24
0.472554	25
0.472674	15
0.472799	16
0.472914	17
0.473036	18
0.473161	19
0.473292	20
0.473412	21
0.473512	22
0.473611	23
0.473669	24
0.473782	25
0.4739	26
0.474007	16
0.474119	17
0.474224	18
0.474336	19
0.474452	20
0.474572	21
0.474699	22
0.474828	23
0.474954	21
0.475078	21
0.475198	22
0.475323	23
0.475453	24
0.475587	25
0.475693	15
0.475801	16
0.4759	17
0.475929	18
0.476038	19
0.476152	20
0.476271	21
0.476395	22
0.476508	23
0.476627	24
0.476751	25
0.47688	16
0.476997	17
0.477108	18
0.477223	19
0.477344	20
0.477464	21
0.477594	22
0.477722	23
0.477832	24
0.477882	21
0.477991	21
0.4781	22
0.478213	23
0.478332	24
0.478455	25
0.47857	26
0.47869	17
0.478815	18
0.478931	19
0.479054	20
0.47918	21
0.479312	22
0.479434	23
0.47954	24
0.47965	25
0.479764	26
0.479887	17
0.480008	17
0.480111	18
0.480212	19
0.480245	20
0.480359	21
0.480478	22
0.480602	23
0.480728	24
0.480858	21
0.480978	21
0.481096	22
0.481219	23
0.481347	24
0.481481	25
0.481603	16
0.48171	17
0.481813	18
0.48192	19
0.482031	20
0.482148	21
0.482262	22
0.48238	23
0.482427	24
0.482545	25
0.482667	26
0.482795	16
0.482924	17
0.483031	18
0.483146	19
0.483265	20
0.483385	21
0.48351	22
0.483642	23
0.483765	24
0.483886	21
0.483995	21
0.484105	22
0.48422	23
0.48434	24
0.484465	25
0.48458	26
0.484689	16
0.484738	17
0.484851	18
0.484969	19
0.485092	20
0.485219	21
0.485351	22
0.485474	23
0.48558	24
0.48569	25
0.485804	26
0.485925	16
0.486038	17
0.486141	18
0.486249	19
0.486362	20
0.486479	21
0.486514	22
0.486636	23
0.486764	21
0.486896	21
0.487012	22
0.487134	23
0.48726	24
0.48739	25
0.487513	15
0.487639	16
0.487734	17
0.487838	18
0.487948	19
0.488062	20
0.488181	21
0.488303	22
0.488415	23
0.488533	24
0.488656	25
0.488782	26
0.4889	16
0.488946	17
0.489056	18
0.48917	19
0.489289	20
0.489413	21
0.489541	22
0.489675	23
0.489793	21
0.489906	21
0.490013	22
0.490124	23
0.490242	24
0.490365	25
0.490492	26
0.490609	16
0.490728	16
0.490752	17
0.490866	18
0.490985	19
0.491109	20
0.491238	21
0.491372	22
0.491491	23
0.491602	24
0.491716	25
0.491835	26
0.491959	15
0.49207	16
0.492173	17
0.492278	18
0.492383	19
0.492495	20
0.492534	21
0.492657	21
0.492784	21
0.492913	22
0.493032	23
0.493155	24
0.493285	25
0.493419	15
0.493544	15
0.493639	16
0.493739	17
0.493845	18
0.493954	19
0.494067	20
0.494184	21
0.494303	22
0.49441	23
0.494527	24
0.494649	25
0.494775	26
0.494834	15
0.494952	16
0.495057	17
0.495172	18
0.495292	19
0.495416	20
0.495543	21
0.495676	21
0.495801	21
0.495906	22
0.496014	23
0.496126	24
0.496243	25
0.496362	26
0.496484	15
0.496601	16
0.496628	17
0.496738	18
0.49685	19
0.496967	20
0.497092	21
0.497222	22
0.497348	23
0.497472	24
0.49758	25
0.497692	26
0.497808	27
0.497928	15
0.49804	16
0.498139	17
0.498242	18
0.49835	19
0.498376	20
0.498612	21
0.498736	22
0.498863	23
0.498982	24
0.499106	25
0.499234	15
0.499368	15
0.499477	16
0.499575	17
0.499677	18
0.499784	19
0.499894	20
0.500008	21
0.500127	22
0.500253	23
0.500367	24
0.500486	25
0.500525	26
0.500652	15
0.500783	16
0.500887	17
0.500998	18
0.501113	19
0.501233	20
0.501358	21
0.501487	21
0.501622	21
0.501738	22
0.501845	23
0.501957	24
0.502074	25
0.502194	26
0.502319	15
0.502431	16
0.502463	17
0.50257	18
0.502682	19
0.502801	20
0.502925	21
0.503054	22
0.503184	23
0.503303	24
0.503427	25
0.503556	15
0.503689	16
0.503798	17
0.503898	18
0.503994	19
0.504097	20
0.504201	21
0.504244	22
0.504359	21
0.504479	21
0.504598	22
0.504725	23
0.504842	24
0.504963	25
0.505088	26
0.505217	15
0.505339	16
0.505451	17
0.50555	18
0.505653	19
0.505761	20
0.505875	21
0.505994	22
0.506117	23
0.506235	24
0.506357	25
0.506482	15
0.506607	16
0.506654	17
0.506765	18
0.506883	19
0.507001	20
0.507112	21
0.507229	22
0.50735	21
0.507477	21
0.507604	22
0.507736	23
0.507868	24
0.507991	25
0.508118	16
0.50823	17
0.508322	18
0.508435	19
0.508505	20
0.508626	21
0.508737	22
0.508853	23
0.508973	24
0.509098	25
0.509225	16
0.509359	17
0.509485	18
0.509582	19
0.509683	20
0.509789	21
0.509894	22
0.510009	23
0.510128	24
0.510236	25
0.510352	21
0.510472	21
0.510589	22
0.510651	23
0.510776	24
0.510906	25
0.511026	16
0.511149	17
0.511266	18
0.511388	19
0.511514	20
0.511646	21
0.511769	22
0.511875	23
0.511988	24
0.512107	25
0.512229	26
0.512357	16
0.512488	17
0.512596	18
0.512708	19
0.512798	20
0.512917	21
0.512983	22
0.513113	23
0.513247	24
0.513371	21
0.513481	21
0.513589	22
0.513702	23
0.513821	24
0.513944	25
0.514059	26
0.514176	16
0.514298	17
0.514412	18
0.51453	19
0.514652	20
0.514763	21
0.514878	22
0.514985	23
0.515113	24
0.515244	25
0.515364	16
0.515421	17
0.515518	18
0.51562	19
0.515727	20
0.515841	21
0.515959	22
0.516073	23
0.516199	24
0.51632	21
0.516441	21
0.516561	22
0.516686	23
0.516816	24
0.516937	25
0.517064	26
0.517191	16
0.517227	17
0.517351	18
0.517459	19
0.517572	20
0.51769	21
0.517813	22
0.51794	23
0.518057	24
0.518162	25
0.518273	26
0.518388	27
0.518508	17
0.518633	17
0.51875	18
0.51887	19
0.51899	20
0.519019	21
0.51915	22
0.519286	21
0.519427	21
0.519519	22
0.519618	23
0.519723	24
0.519832	25
0.519946	26
0.520064	16
0.520185	17
0.520298	18
0.520417	19
0.520541	20
0.52067	21
0.520798	22
0.52091	23
0.521025	24
0.521141	25
0.521263	26
0.52131	16
0.521443	17
0.521566	18
0.521672	19
0.521784	20
0.521896	21
0.522011	22
0.522131	23
0.522258	21
0.522389	21
0.522504	22
0.522611	23
0.522724	24
0.522843	25
0.522967	26
0.523094	16
0.523228	17
0.523254	18
0.52338	19
0.523511	20
0.523641	21
0.523762	22
0.523859	23
0.52396	24
0.524064	25
0.524174	26
0.524289	27
0.524409	16
0.524534	17
0.524649	18
0.524767	19
0.524889	20
0.525014	21
0.525144	22
0.525176	21
0.525314	21
0.525419	22
0.525514	23
0.525614	24
0.525717	25
0.525825	26
0.525938	27
0.526055	16
0.526177	17
0.526291	18
0.52641	19
0.526534	20
0.526663	21
0.526784	22
0.526895	23
0.52701	24
0.527129	25
0.527253	26
0.527382	15
0.527515	16
0.527534	17
0.527642	18
0.527752	19
0.527865	20
0.527984	21
0.528108	21
0.528236	21
0.528367	22
0.528474	23
0.528587	24
0.528705	25
0.528828	26
0.528955	15
0.529087	16
0.529209	17
0.529314	18
0.52934	19
0.529455	20
0.529575	21
0.5297	22
0.52983	23
0.529942	24
0.530058	25
0.530181	26
0.53031	15
0.530443	16
0.530555	17
0.530667	18
0.530783	19
0.530905	20
0.531031	21
0.531161	21
0.531294	21
0.531408	22
0.53144	23
0.531562	24
0.53169	25
0.531822	14
0.531959	15
0.532057	16
0.532155	17
0.532259	18
0.53237	19
0.532485	20
0.532606	21
0.532731	22
0.532846	23
0.532964	24
0.533086	25
0.533214	26
0.533346	15
0.533483	16
0.533503	17
0.533618	18
0.533714	19
0.533815	20
0.533923	21
0.534036	21
0.534154	21
0.534274	22
0.534399	23
0.534513	24
0.534633	25
0.534758	26
0.534888	15
0.535007	15
0.535114	16
0.535226	17
0.535254	18
0.535373	19
0.535495	20
0.535623	21
0.535754	22
0.535875	23
0.535984	24
0.536099	25
0.536218	26
0.536343	14
0.536472	15
0.536575	16
0.53668	17
0.536791	18
0.536906	19
0.537147	20
0.537188	21
0.537319	22
0.537438	23
0.53756	24
0.53767	25
0.537784	26
0.5379	15
0.538018	15
0.538118	16
0.538222	17
0.538333	18
0.538448	19
0.538569	20
0.538692	21
0.538808	22
0.538924	23
0.539047	24
0.539174	25
0.539303	14
0.539439	15
0.539463	16
0.539559	17
0.539661	18
0.539768	19
0.539997	20
0.540117	21
0.540241	22
0.540369	23
0.540489	24
0.540614	25
0.540744	15
0.540878	15
0.540975	16
0.541066	17
0.541108	18
0.541212	19
0.54132	20
0.541433	21
0.54155	22
0.54167	23
0.541795	24
0.54191	25
0.542032	26
0.542158	15
0.542286	16
0.542389	17
0.542496	18
0.542598	19
0.542716	20
0.542952	21
0.543022	22
0.543157	23
0.543296	24
0.543407	14
0.543521	15
0.543627	16
0.54374	17
0.543854	18
0.543956	19
0.544064	20
0.544177	21
0.544299	22
0.544425	23
0.544555	24
0.544676	25
0.544799	15
0.54491	16
0.54501	17
0.545068	18
0.545175	19
0.545288	20
0.545404	21
0.54551	22
0.54562	23
0.545734	21
0.54585	21
0.545969	22
0.546096	23
0.546227	24
0.546347	25
0.546471	26
0.546588	15
0.546722	16
0.546813	17
0.546906	18
0.546956	19
0.54706	20
0.54717	21
0.547286	22
0.547403	23
0.547527	24
0.547657	25
0.547784	14
0.547907	15
0.548018	16
0.548133	17
0.54825	18
0.548336	19
0.54845	20
0.548572	21
0.548697	21
0.548825	21
0.548947	22
0.549015	23
0.549137	24
0.549263	25
0.549395	14
0.549525	15
0.549621	16
0.549721	17
0.549825	18
0.549935	19
0.550047	20
0.550167	21
0.550293	22
0.55041	23
0.550544	24
0.550666	25
0.550792	15
0.550908	16
0.551008	17
0.551059	18
0.551158	19
0.551264	20
0.551374	21
0.551487	22
0.551604	21
0.551729	21
0.551856	22
0.551988	23
0.552125	24
0.552255	15
0.552368	16
0.552458	17
0.552543	18
0.552636	19
0.552735	20
0.552845	21
0.552906	22
0.553024	23
0.553148	24
0.553274	25
0.553405	15
0.553541	16
0.553653	17
0.553769	18
0.553889	19
0.554013	20
0.554126	21
0.554244	22
0.554367	23
0.554482	24
0.554613	21
0.554727	21
0.554843	22
0.554963	23
0.555089	24
0.55522	25
0.555286	15
0.55541	16
0.555511	17
0.555615	18
0.555727	19
0.555844	20
0.555965	21
0.556089	22
0.556216	23
0.556341	24
0.55646	25
0.556584	26
0.556698	15
0.556817	16
0.556927	17
0.557022	18
0.55707	19
0.557177	20
0.557289	21
0.557405	22
0.557528	21
0.557655	21
0.557784	22
0.557917	23
0.558055	24
0.558165	15
0.558265	16
0.558355	17
0.558449	18
0.558551	19
0.55866	20
0.558773	21
0.558872	22
0.558991	23
0.559054	24
0.559182	25
0.559313	15
0.559434	16
0.559548	17
0.559667	18
0.559791	19
0.559909	20
0.560027	21
0.560148	22
0.560273	23
0.560403	24
0.560532	21
0.560652	21
0.560771	22
0.560897	23
0.561023	24
0.561137	25
0.561183	26
0.561295	16
0.561411	17
0.56152	18
0.561633	19
0.561752	20
0.561875	21
0.562004	22
0.562135	23
0.562271	24
0.562391	25
0.5625	26
0.562613	27
0.562731	17
0.562851	17
0.562956	18
0.563061	19
0.56317	20
0.563201	21
0.563317	22
0.563437	21
0.563562	21
0.563688	22
0.56382	23
0.563943	24
0.56407	25
0.564183	16
0.564288	16
0.564383	17
0.564484	18
0.56459	19
0.564701	20
0.564816	21
0.564935	22
0.565058	23
0.565187	24
0.565305	25
0.565418	26
0.565466	16
0.565594	17
0.565715	18
0.565825	19
0.565939	20
0.566061	21
0.566186	22
0.566317	23
0.566451	21
0.566569	21
0.566687	22
0.566796	23
0.566911	24
0.567031	25
0.567155	26
0.567269	16
0.567388	17
0.56742	18
0.567533	19
0.56765	20
0.567774	21
0.567902	22
0.568031	23
0.568166	24
0.568288	25
0.568399	16
0.568514	16
0.568621	17
0.568733	18
0.568846	19
0.56895	20
0.569057	21
0.569172	22
0.569288	23
0.569327	21
0.569453	21
0.569579	22
0.56971	23
0.56983	24
0.569956	25
0.570089	15
0.570221	16
0.570316	17
0.570416	18
0.570519	19
0.570627	20
0.57074	21
0.570858	22
0.570978	23
0.571102	24
0.571213	25
0.571329	26
0.571453	16
0.571582	17
0.571697	18
0.571734	19
0.571848	20
0.571967	21
0.572091	22
0.57222	23
0.572353	21
0.572475	21
0.572591	22
0.572698	23
0.572811	24
0.572929	25
0.573053	26
0.573167	16
0.573276	17
0.573385	18
0.5735	19
0.57362	20
0.573736	21
0.573787	22
0.573916	23
0.574036	24
0.574161	25
0.574291	15
0.574426	16
0.574532	17
0.57463	18
0.574731	19
0.574837	20
0.574941	21
0.575058	22
0.575178	23
0.575303	21
0.575434	21
0.575549	22
0.575668	23
0.575793	24
0.575923	25
0.576049	15
0.576093	16
0.576203	17
0.576319	18
0.576439	19
0.576564	20
0.576694	21
0.576828	22
0.576949	23
0.577055	24
0.577167	25
0.577285	26
0.577406	16
0.577533	16
0.577648	17
0.577751	18
0.57778	19
0.577894	20
0.578013	21
0.578137	22
0.578266	21
0.578399	21
0.57852	22
0.578645	23
0.578755	24
0.578871	25
0.57899	26
0.579113	15
0.579226	16
0.579331	17
0.57944	18
0.579552	19
0.579669	20
0.579794	21
0.579837	22
0.579952	23
0.580073	24
0.580198	25
0.580327	15
0.580462	16
0.580574	17
0.580671	18
0.580773	19
0.580869	20
0.580981	21
0.581098	22
0.58122	21
0.581348	21
0.581469	22
0.581587	23
0.581706	24
0.58183	25
0.58196	15
0.582065	16
0.582109	17
0.582223	18
0.582341	19
0.582464	20
0.582593	21
0.582727	22
0.582844	23
0.582951	24
0.583061	25
0.583178	26
0.583301	15
0.583429	16
0.583545	17
0.583644	18
0.583734	19
0.583848	20
0.583904	21
0.584027	22
0.584155	21
0.584288	21
0.584418	22
0.584524	23
0.584634	24
0.584749	25
0.584871	26
0.584997	15
0.585113	16
0.585219	17
0.585329	18
0.585438	19
0.585551	20
0.58567	21
0.58578	22
0.585912	23
0.586033	24
0.58615	25
0.586223	26
0.58634	27
0.586461	16
0.586586	17
0.586686	18
0.586793	19
0.586903	20
0.587019	21
0.587138	21
0.587259	21
0.587383	22
0.587509	23
0.587625	24
0.58775	25
0.58788	15
0.588012	16
0.588121	17
0.588204	18
0.588305	19
0.588365	20
0.588474	21
0.588589	22
0.588708	23
0.588831	24
0.588961	25
0.589085	15
0.589208	16
0.589323	17
0.589432	18
0.589547	19
0.589666	20
0.589781	21
0.589901	22
0.590015	23
0.590134	21
0.590261	21
0.590377	22
0.590499	23
0.590572	24
0.590685	25
0.5908	26
0.590921	15
0.591049	16
0.591156	17
0.591264	18
0.591377	19
0.591496	20
0.591618	21
0.591743	22
0.591868	23
0.591989	24
0.592096	25
0.592207	26
0.592323	27
0.592444	16
0.592554	17
0.592671	18
0.592728	19
0.592838	20
0.592951	21
0.593069	21
0.59319	21
0.593314	22
0.593444	23
0.593561	24
0.593684	25
0.593813	15
0.593945	16
0.594048	17
0.594141	18
0.594238	19
0.594323	20
0.594434	21
0.594548	22
0.594666	23
0.594732	24
0.594858	25
0.594973	26
0.595093	16
0.595218	16
0.595332	17
0.595447	18
0.595565	19
0.595693	20
0.595809	21
0.595933	22
0.596052	21
0.596166	21
0.596281	22
0.596398	23
0.596507	24
0.596622	25
0.596741	26
0.596863	15
0.596941	16
0.597059	17
0.597166	18
0.597276	19
0.597389	20
0.597506	21
0.597631	22
0.597761	23
0.597896	24
0.597999	25
0.598107	26
0.598222	27
0.598341	16
0.598463	17
0.598562	18
0.598618	19
0.598738	20
0.598847	21
0.59896	21
0.599079	21
0.599199	22
0.599323	23
0.599451	24
0.599573	25
0.599699	26
0.59983	15
0.599967	16
0.600075	17
0.600188	18
0.60029	19
0.600396	20
0.600487	21
0.600601	22
0.600658	23
0.600782	24
0.60091	25
0.601028	15
0.601151	16
0.601264	17
0.601382	18
0.601503	19
0.601629	20
0.601761	21
0.601865	22
0.601972	21
0.602085	21
0.602199	22
0.602317	23
0.602438	24
0.602549	25
0.602665	26
0.602757	15
0.60284	16
0.602955	17
0.603075	18
0.6032	19
0.603314	20
0.603432	21
0.603554	22
0.603681	23
0.603816	24
0.603949	25
0.604056	15
0.604168	16
0.604271	17
0.604378	18
0.604486	19
0.604528	20
0.604649	21
0.604774	22
0.604888	21
0.605007	21
0.605127	22
0.605253	23
0.605384	24
0.60552	25
0.605627	15
0.60573	16
0.605825	17
0.605934	18
0.606047	19
0.606163	20
0.606281	21
0.6064	22
0.606524	23
0.606637	24
0.606714	25
0.606849	15
0.606965	15
0.607067	16
0.607173	17
0.607282	18
0.607386	19
0.607503	20
0.60762	21
0.607749	22
0.607882	21
0.608001	21
0.608122	22
0.608249	23
0.608374	24
0.608489	25
0.608555	15
0.608669	16
0.608775	17
0.608887	18
0.609002	19
0.60912	20
0.609241	21
0.609369	22
0.609482	23
0.609597	24
0.609719	25
0.609836	26
0.609954	15
0.610061	16
0.61016	17
0.610262	18
0.610311	19
0.610422	20
0.610538	21
0.610659	22
0.610784	21
0.610915	21
0.611046	22
0.611179	23
0.611294	24
0.611393	25
0.611496	26
0.611605	27
0.611701	16
0.611817	17
0.611926	18
0.61204	19
0.612155	20
0.612274	21
0.612331	22
0.612459	23
0.612587	24
0.612712	25
0.612827	16
0.612946	16
0.613057	17
0.613172	18
0.613292	19
0.613416	20
0.613545	21
0.613638	22
0.613757	21
0.613882	21
0.614007	22
0.614137	23
0.614249	24
0.614361	25
0.614477	26
0.614599	16
0.61466	17
0.614777	18
0.614898	19
0.615024	20
0.615152	21
0.615285	22
0.615404	23
0.615512	24
0.615624	25
0.615741	26
0.615862	16
0.615971	17
0.616056	18
0.616165	19
0.616279	20
0.616393	21
0.616461	22
0.616588	23
0.61672	21
0.616856	21
0.616978	22
0.617086	23
0.617184	24
0.617288	25
0.617396	26
0.617509	27
0.617627	16
0.61774	17
0.617851	18
0.617956	19
0.618076	20
0.6182	21
0.618329	22
0.618448	23
0.618571	24
0.618698	25
0.618826	15
0.618884	16
0.618997	17
0.619094	18
0.619196	19
0.619305	20
0.619418	21
0.619531	22
0.619652	21
0.619779	21
0.619908	22
0.620011	23
0.620118	24
0.62023	25
0.620349	26
0.620471	15
0.620543	16
0.620659	17
0.620781	18
0.620908	19
0.621029	20
0.621156	21
0.621288	22
0.62141	23
0.621519	24
0.621633	25
0.621752	26
0.621872	15
0.62198	16
0.622081	17
0.622185	18
0.622228	19
0.622341	20
0.62246	21
0.622582	21
0.622712	21
0.622844	22
0.622966	23
0.623093	24
0.623213	25
0.623335	26
0.623464	15
0.623597	16
0.623688	17
0.623795	18
0.623907	19
0.624021	20
0.624139	21
0.624264	22
0.624313	23
0.624431	24
0.624555	25
0.624682	15
0.624813	16
0.624923	17
0.625037	18
0.625154	19
0.625274	20
0.625394	21
0.625513	22
0.625642	21
0.625764	21
0.625875	22
0.625991	23
0.626113	24
0.626239	25
0.626354	15
0.626472	16
0.626513	17
0.626627	18
0.626745	19
0.626866	20
0.626993	21
0.627124	22
0.627244	23
0.627351	24
0.627463	25
0.62758	26
0.627696	15
0.627822	16
0.627921	17
0.628024	18
0.628132	19
0.628246	20
0.628306	21
0.628431	22
0.62856	21
0.628693	21
0.628814	22
0.628922	23
0.629035	24
0.629153	25
0.629275	26
0.629381	15
0.629494	16
0.629599	17
0.629708	18
0.629822	19
0.629941	20
0.630064	21
0.630188	22
0.630308	23
0.630427	24
0.630551	25
0.630623	15
0.630758	15
0.630851	16
0.630948	17
0.631052	18
0.631147	19
0.63126	20
0.631376	21
0.631499	21
0.631624	21
0.631744	22
0.631864	23
0.631991	24
0.632122	25
0.632249	14
0.632303	15
0.63241	16
0.632522	17
0.632638	18
0.632761	19
0.632886	20
0.633016	21
0.633135	22
0.633241	23
0.633351	24
0.633469	25
0.633589	26
0.633714	15
0.633844	16
0.63388	17
0.633988	18
0.634102	19
0.63422	20
0.634344	21
0.634471	21
0.634605	21
0.634726	22
0.634832	23
0.634944	24
0.63506	25
0.635182	26
0.635308	15
0.635425	16
0.63552	17
0.635628	18
0.635672	19
0.635789	20
0.635911	21
0.636039	22
0.636154	23
0.636276	24
0.636402	25
0.636533	14
0.636666	15
0.636773	16
0.636871	17
0.63697	18
0.637074	19
0.637184	20
0.637289	21
0.63741	21
0.637532	21
0.637646	22
0.637713	23
0.637835	24
0.637958	25
0.638087	14
0.638219	15
0.638327	16
0.638424	17
0.638523	18
0.638629	19
0.638739	20
0.638852	21
0.638971	22
0.639093	23
0.639206	24
0.639324	25
0.639442	26
0.63957	15
0.639703	16
0.639737	17
0.639847	18
0.639961	19
0.640079	20
0.640203	21
0.640331	21
0.640465	21
0.640581	22
0.640688	23
0.6408	24
0.640918	25
0.641043	26
0.641171	15
0.641293	16
0.641389	17
0.641503	18
0.641552	19
0.641673	20
0.641796	21
0.641925	22
0.64206	23
0.642164	24
0.642274	25
0.642388	26
0.642504	15
0.642627	16
0.642739	17
0.642857	18
0.642958	19
0.643071	20
0.643191	21
0.643316	21
0.643446	21
0.643559	22
0.643607	23
0.643727	24
0.643852	25
0.643983	15
0.644117	15
0.64421	16
0.644309	17
0.644412	18
0.644521	19
0.644636	20
0.644755	21
0.644877	22
0.644997	23
0.645114	24
0.645237	25
0.645364	15
0.645496	16
0.645598	17
0.645651	18
0.645768	19
0.645889	20
0.646015	21
0.646145	22
0.646261	21
0.646381	21
0.646503	22
0.646631	23
0.646749	24
0.646871	25
0.646999	16
0.647119	17
0.647217	18
0.647333	19
0.647453	20
0.647573	21
0.647623	22
0.647752	23
0.647887	24
0.648008	25
0.648119	26
0.648236	27
0.648357	17
0.648482	18
0.648596	19
0.648715	20
0.648828	21
0.648942	22
0.649064	23
0.64918	24
0.649309	21
0.649442	21
0.649558	22
0.649679	23
0.649802	24
0.649921	25
0.650047	15
0.650121	16
0.650219	17
0.650319	18
0.650423	19
0.65053	20
0.650642	21
0.650761	22
0.650885	23
0.651015	24
0.651144	25
0.651267	16
0.651396	16
0.651516	17
0.651625	18
0.651738	19
0.651778	20
0.651899	21
0.652024	22
0.652155	23
0.652273	21
0.652396	21
0.652516	22
0.65264	23
0.652767	24
0.65289	25
0.653003	26
0.653118	17
0.653241	18
0.653355	19
0.653475	20
0.653599	21
0.653726	22
0.653858	23
0.653976	24
0.654011	25
0.654137	16
0.65427	17
0.654379	18
0.654492	19
0.654598	20
0.654708	21
0.654824	22
0.654943	23
0.655066	24
0.655195	25
0.655329	21
0.655467	21
0.655585	22
0.655706	23
0.655817	24
0.655933	25
0.656043	26
0.656075	27
0.656192	17
0.656313	18
0.656426	19
0.656543	20
0.656664	21
0.65679	22
0.656921	23
0.657057	24
0.657198	16
0.657296	17
0.657386	18
0.657483	19
0.657583	20
0.65769	21
0.657802	22
0.65792	23
0.658044	24
0.658169	25
0.658205	21
0.65834	21
0.658462	22
0.658586	23
0.658715	24
0.658832	25
0.658955	26
0.659081	17
0.659212	18
0.659319	19
0.659431	20
0.659544	21
0.659661	22
0.659783	23
0.659911	24
0.660043	25
0.660179	16
0.6603	17
0.660414	18
0.660518	19
0.660622	20
0.660652	21
0.660765	22
0.660883	23
0.661006	24
0.661115	25
0.661232	21
0.661353	21
0.661472	22
0.661595	23
0.66171	24
0.661831	25
0.661958	26
0.662087	16
0.662224	17
0.662348	18
0.662447	19
0.66255	20
0.662658	21
0.66277	22
0.662882	23
0.662916	24
0.663039	25
0.663168	16
0.663286	16
0.663394	17
0.663508	18
0.663628	19
0.663753	20
0.663884	21
0.664015	22
0.664124	23
0.664237	21
0.664354	21
0.664472	22
0.66458	23
0.664693	24
0.664811	25
0.664934	26
0.664965	16
0.665092	17
0.665213	18
0.665338	19
0.665465	20
0.665584	21
0.665709	22
0.665839	23
0.665973	24
0.666088	25
0.666199	26
0.666316	27
0.666437	16
0.666564	17
0.666679	18
0.666799	19
0.666918	20
0.666951	21
0.667083	22
0.667205	21
0.667333	21
0.667462	22
0.667579	23
0.667686	24
0.667799	25
0.667917	26
0.66804	16
0.668167	16
0.668285	17
0.668405	18
0.66853	19
0.668644	20
0.668763	21
0.668888	22
0.669017	23
0.66913	24
0.669253	25
0.669295	26
0.669409	16
0.669528	17
0.669638	18
0.669755	19
0.669876	20
0.670003	21
0.670135	22
0.670256	21
0.670368	21
0.670482	22
0.670602	23
0.670727	24
0.670857	25
0.670992	15
0.671113	16
0.671225	17
0.67134	18
0.671369	19
0.671487	20
0.671611	21
0.671724	22
0.671842	23
0.671964	24
0.672092	25
0.672212	15
0.672334	16
0.672449	17
0.672568	18
0.672691	19
0.672819	20
0.672951	21
0.673072	22
0.673182	23
0.673295	21
0.673414	21
0.673449	22
0.673569	23
0.673681	24
0.673797	25
0.673919	26
0.674044	16
0.674176	16
0.674298	17
0.674425	18
0.674555	19
0.674683	20
0.67479	21
0.674903	22
0.67502	23
0.67514	24
0.675252	25
0.675367	26
0.675487	16
0.67561	17
0.675723	18
0.675843	19
0.675882	20
0.67601	21
0.676145	22
0.676266	21
0.676379	21
0.676484	22
0.67659	23
0.676699	24
0.676814	25
0.676934	26
0.677058	15
0.677188	16
0.677308	17
0.677422	18
0.677548	19
0.677671	20
0.677802	21
0.677925	22
0.678044	23
0.678092	24
0.678212	25
0.678338	26
0.678469	15
0.678605	16
0.678713	17
0.678825	18
0.678943	19
0.679066	20
0.679193	21
0.679323	21
0.679425	21
0.679536	22
0.679652	23
0.679772	24
0.679896	25
0.680027	15
0.680162	16
0.680264	17
0.680308	18
0.680421	19
0.680539	20
0.680661	21
0.680787	22
0.680918	23
0.681039	24
0.681152	25
0.681271	26
0.681394	15
0.681523	16
0.681639	17
0.681758	18
0.681886	19
0.682017	20
0.682137	21
0.682252	22
0.682305	21
0.682435	21
0.682554	22
0.682662	23
0.682775	24
0.682896	25
0.683021	26
0.683149	15
0.68328	16
0.683404	17
0.683521	18
0.683644	19
0.683769	20
0.683901	21
0.684024	22
0.684131	23
0.684244	24
0.684363	25
0.684473	26
0.684583	16
0.684701	16
0.684745	17
0.684857	18
0.684969	19
0.685092	20
0.685221	21
0.685354	21
0.685493	21
0.68559	22
0.685691	23
0.685797	24
0.685907	25
0.686023	26
0.686143	16
0.686268	17
0.686365	18
0.686482	19
0.686535	20
0.686659	21
0.686788	22
0.686922	23
0.687049	24
0.687171	25
0.687284	26
0.687403	16
0.687527	17
0.687642	18
0.687762	19
0.687873	20
0.687987	21
0.688105	22
0.688227	23
0.688325	21
0.688457	21
0.688576	22
0.688685	23
0.688748	24
0.688866	25
0.688989	26
0.689116	16
0.689247	17
0.689348	18
0.689456	19
0.68957	20
0.689689	21
0.689812	22
0.68994	23
0.690072	24
0.690196	25
0.690309	16
0.690426	17
0.690534	18
0.690643	19
0.69076	20
0.690879	21
0.690993	22
0.691046	23
0.691166	24
0.691285	21
0.691415	21
0.691532	22
0.691654	23
0.691782	24
0.691913	25
0.69205	16
0.692175	16
0.69229	17
0.692396	18
0.6925	19
0.692606	20
0.692719	21
0.692841	22
0.692966	23
0.693097	24
0.693225	25
0.693339	16
0.693457	17
0.693565	18
0.693616	19
0.693732	20
0.693853	21
0.693964	22
0.694081	23
0.694202	24
0.694329	21
0.69446	21
0.694577	22
0.694694	23
0.694817	24
0.694945	25
0.695077	15
0.695201	16
0.6953	17
0.695403	18
0.695505	19
0.695608	20
0.69567	21
0.695785	22
0.695907	23
0.696031	24
0.696159	25
0.696279	15
0.696406	16
0.696522	17
0.696646	18
0.696765	19
0.696868	20
0.696991	21
0.697118	22
0.697251	23
0.697387	21
0.697504	21
0.697616	22
0.69773	23
0.697846	24
0.697971	25
0.698038	15
0.698164	16
0.698276	17
0.698393	18
0.698509	19
0.698632	20
0.698759	21
0.698891	22
0.699015	23
0.699125	24
0.699247	25
0.699364	26
0.699485	16
0.699611	17
0.699729	18
0.69983	19
0.69987	20
0.699985	21
0.700105	22
0.70023	23
0.70036	21
0.700483	21
0.700601	22
0.700723	23
0.700852	24
0.700985	25
0.701114	15
0.701225	16
0.701323	17
0.701426	18
0.701532	19
0.701644	20
0.701759	21
0.701875	22
0.701997	23
0.702049	24
0.70218	25
0.702315	15
0.702442	16
0.702545	17
0.702652	18
0.702751	19
0.702854	20
0.702961	21
0.703073	22
0.703189	23
0.703309	21
0.703436	21
0.703564	22
0.703681	23
0.703805	24
0.703934	25
0.704049	15
0.704104	16
0.704219	17
0.704338	18
0.70446	19
0.704588	20
0.704719	21
0.704839	22
0.704959	23
0.705085	24
0.705215	25
0.705334	14
0.705458	15
0.705572	16
0.705677	17
0.705788	18
0.705833	19
0.705952	20
0.706076	21
0.7062	22
0.706329	21
0.706464	21
0.706589	22
0.706698	23
0.706814	24
0.706917	25
0.707029	26
0.707146	27
0.707266	16
0.707388	16
0.707498	17
0.707614	18
0.707736	19
0.70786	20
0.707905	21
0.708033	22
0.708166	23
0.70829	24
0.708403	25
0.708521	26
0.708644	15
0.708767	16
0.708873	17
0.708983	18
0.709084	19
0.709201	20
0.709451	21
0.709572	22
0.709697	23
0.709827	24
0.709949	25
0.710075	15
0.710185	16
0.710231	17
0.710339	18
0.710449	19
0.710563	20
0.710683	21
0.710808	22
0.710933	23
0.71106	24
0.711163	25
0.711289	15
0.71142	16
0.711542	17
0.711657	18
0.711773	19
0.711886	20
0.712005	21
0.712064	22
0.712193	23
0.712325	21
0.71245	21
0.712557	22
0.712669	23
0.712785	24
0.712906	25
0.713032	26
0.713133	16
0.713257	17
0.713371	18
0.713485	19
0.713605	20
0.713729	21
0.713856	22
0.713983	23
0.714117	24
0.714242	25
0.714355	15
0.714473	16
0.714521	17
0.714634	18
0.714752	19
0.714874	20
0.714986	21
0.71508	22
0.715203	23
0.71533	21
0.715453	21
0.715573	22
0.715698	23
0.715828	24
0.715962	25
0.716067	15
0.716175	16
0.716276	17
0.71634	18
0.716445	19
0.716557	20
0.716674	21
0.716796	22
0.71692	23
0.717049	24
0.71717	25
0.717295	15
0.717425	16
0.717526	17
0.717637	18
0.717746	19
0.717858	20
0.71798	21
0.718107	22
0.71824	23
0.718306	21
0.718419	21
0.718532	22
0.71865	23
0.718772	24
0.7189	25
0.719032	15
0.719155	16
0.719268	17
0.719354	18
0.719472	19
0.719595	20
0.719718	21
0.719849	22
0.719971	23
0.720089	24
0.720214	25
0.720334	26
0.720459	16
0.720589	17
0.720697	18
0.720761	19
0.720875	20
0.720994	21
0.721119	22
0.721249	23
0.721345	21
0.721472	21
0.721584	22
0.721701	23
0.721822	24
0.721945	25
0.722058	15
0.722179	16
0.722293	17
0.722412	18
0.722528	19
0.722648	20
0.722769	21
0.722854	22
0.722982	23
0.723118	24
0.72323	25
0.723343	26
0.72346	17
0.723584	17
0.723699	18
0.723781	19
0.723881	20
0.723995	21
0.724115	22
0.724239	23
0.724369	21
0.724502	21
0.724625	22
0.724752	23
0.724883	24
0.725005	25
0.725115	16
0.72523	17
0.725302	18
0.725405	19
0.725515	20
0.725629	21
0.725745	22
0.725839	23
0.725959	24
0.726087	25
0.72622	16
0.726346	17
0.726465	18
0.72659	19
0.72672	20
0.726842	21
0.72695	22
0.727057	23
0.727174	24
0.727271	25
0.727396	21
0.727504	21
0.727619	22
0.727741	23
0.727867	24
0.727998	25
0.728118	16
0.728209	16
0.728326	17
0.728449	18
0.72857	19
0.728697	20
0.728828	21
0.728958	22
0.729076	23
0.729199	24
0.729326	25
0.729445	16
0.729566	16
0.729679	17
0.729797	18
0.729863	19
0.729941	20
0.730059	21
0.730183	22
0.730312	23
0.730445	21
0.730583	21
0.730689	22
0.730801	23
0.730919	24
0.731041	25
0.731153	26
0.731268	17
0.73139	18
0.731504	19
0.731618	20
0.731737	21
0.731856	22
0.731952	23
0.732073	24
0.732172	25
0.732311	16
0.732425	17
0.732532	18
0.732642	19
0.732757	20
0.732877	21
0.732987	22
0.733104	23
0.733221	24
0.733338	25
0.733468	21
0.733602	21
0.733721	22
0.73383	23
0.733943	24
0.73406	25
0.734179	26
0.734237	16
0.734354	17
0.734462	18
0.734572	19
0.734685	20
0.7348	21
0.73492	22
0.735044	23
0.735174	24
0.735295	25
0.735421	16
0.735552	17
0.735675	18
0.735788	19
0.735906	20
0.736031	21
0.736157	22
0.736203	23
0.736323	24
0.736449	21
0.73658	21
0.736699	22
0.736821	23
0.736947	24
0.737078	25
0.737199	16
0.737324	17
0.737441	18
0.737563	19
0.737687	20
0.737815	21
0.73794	22
0.738057	23
0.73818	24
0.738309	25
0.73844	16
0.738559	17
0.738672	18
0.738782	19
0.738841	20
0.738955	21
0.739074	22
0.739197	23
0.739323	24
0.739454	25
0.739574	21
0.739699	21
0.739809	22
0.739923	23
0.740043	24
0.740168	25
0.740296	16
0.740411	17
0.740524	18
0.74064	19
0.740759	20
0.740878	21
0.741006	22
0.741061	23
0.741195	24
0.741332	25
0.741443	16
0.741561	17
0.741672	18
0.741786	19
0.741905	20
0.74203	21
0.742139	22
0.74225	23
0.742374	24
0.742504	25
0.742638	21
0.742751	21
0.742859	22
0.742972	23
0.74309	24
0.743213	25
0.743338	26
0.7434	17
0.743519	17
0.74363	18
0.743742	19
0.743857	20
0.743977	21
0.744103	22
0.744232	23
0.744367	24
0.74449	25
0.744601	16
0.744718	17
0.744822	18
0.744933	19
0.745037	20
0.745149	21
0.745265	22
0.745314	23
0.745436	24
0.745565	21
0.745697	21
0.745814	22
0.745936	23
0.746063	24
0.746194	25
0.746316	16
0.746433	17
0.746544	18
0.746663	19
0.746785	20
0.746913	21
0.747044	22
0.747165	23
0.747286	24
0.747411	25
0.747528	16
0.747651	17
0.747765	18
0.747881	19
0.747925	20
0.748038	21
0.748153	22
0.748272	23
0.748396	24
0.748524	25
0.74866	21
0.748772	21
0.748881	22
0.748996	23
0.749115	24
0.749238	25
0.749355	26
0.749474	16
0.749598	17
0.749713	18
0.749827	19
0.749945	20
0.750069	21
0.750117	22
0.750246	23
0.750379	24
0.750504	25
0.750613	16
0.750726	17
0.750836	18
0.750949	19
0.751068	20
0.751178	21
0.751295	22
0.751416	23
0.751543	24
0.751674	21
0.751809	21
0.751928	22
0.752049	23
0.752174	24
0.752306	25
0.752428	16
0.752537	17
0.752569	18
0.752671	19
0.752775	20
0.752884	21
0.752999	22
0.753117	23
0.75324	24
0.753367	25
0.753499	16
0.753622	16
0.753735	17
0.753853	18
0.753962	19
0.754076	20
0.754192	21
0.754312	22
0.754441	23
0.754486	24
0.754621	21
0.754741	21
0.754846	22
0.754956	23
0.755072	24
0.755192	25
0.755315	26
0.75543	16
0.75555	17
0.755663	18
0.75578	19
0.755901	20
0.756027	21
0.756156	22
0.756289	23
0.75641	24
0.756519	25
0.756633	26
0.756753	16
0.75688	17
0.756977	18
0.757009	19
0.75712	20
0.757235	21
0.757355	22
0.757481	23
0.75761	21
0.757744	21
0.757863	22
0.757987	23
0.758116	24
0.758238	25
0.758346	26
0.758459	27
0.758571	17
0.758686	17
0.758797	18
0.758906	19
0.759018	20
0.759066	21
0.75919	22
0.759318	23
0.759452	24
0.759576	25
0.759704	15
0.759824	16
0.759937	17
0.760055	18
0.760178	19
0.760306	20
0.760435	21
0.76055	22
0.760674	21
0.760803	21
0.760916	22
0.761032	23
0.761153	24
0.761261	25
0.76138	26
0.761443	16
0.761569	17
0.761689	18
0.761814	19
0.761944	20
0.762078	21
0.762195	22
0.762315	23
0.762427	24
0.762543	25
0.762665	26
0.762791	16
0.76292	17
0.763025	18
0.763135	19
0.763251	20
0.76337	21
0.76341	22
0.763536	23
0.763667	21
0.763803	21
0.763926	22
0.764034	23
0.764147	24
0.764266	25
0.764376	26
0.764492	27
0.764612	16
0.76473	17
0.764842	18
0.764958	19
0.765082	20
0.765207	21
0.765337	22
0.765457	23
0.76558	24
0.765706	25
0.765831	15
0.765891	16
0.765987	17
0.766088	18
0.766195	19
0.766307	20
0.766421	21
0.766535	22
0.766661	21
0.766791	21
0.766907	22
0.767028	23
0.767155	24
0.767273	25
0.767396	26
0.767522	15
0.767577	16
0.767695	17
0.767819	18
0.767927	19
0.768041	20
0.768157	21
0.768277	22
0.768401	23
0.768516	24
0.768635	25
0.768758	26
0.768881	15
0.768997	16
0.769106	17
0.769216	18
0.76927	19
0.769391	20
0.769519	21
0.76965	21
0.769772	21
0.769878	22
0.769989	23
0.770104	24
0.770224	25
0.770336	26
0.770452	27
0.770571	15
0.770684	16
0.770796	17
0.770913	18
0.771035	19
0.771159	20
0.771285	21
0.771337	22
0.771457	23
0.771584	24
0.771695	25
0.771812	26
0.77192	15
0.772032	16
0.772136	17
0.772246	18
0.772346	19
0.772463	20
0.772713	21
0.772834	22
0.772955	23
0.77308	24
0.773197	25
0.773319	26
0.773445	15
0.773576	16
0.773691	17
0.773736	18
0.773846	19
0.77396	20
0.774078	21
0.774198	22
0.774313	23
0.774428	24
0.774547	25
0.77467	26
0.774798	15
0.774916	16
0.775024	17
0.775134	18
0.775252	19
0.775375	20
0.775502	21
0.775634	21
0.775679	21
0.775801	22
0.775908	23
0.77602	24
0.776136	25
0.776256	26
0.776369	15
0.776487	16
0.776594	17
0.776705	18
0.776822	19
0.776943	20
0.777066	21
0.777195	22
0.777328	23
0.777451	24
0.777578	25
0.777711	14
0.777827	15
0.777922	16
0.777954	17
0.778056	18
0.778162	19
0.778273	20
0.778389	21
0.778511	21
0.778637	21
0.778766	22
0.778883	23
0.778993	24
0.779107	25
0.779227	26
0.779352	15
0.779482	16
0.7796	17
0.77972	18
0.779764	19
0.779894	20
0.780029	21
0.780143	22
0.780261	23
0.780369	24
0.780481	25
0.780597	26
0.78072	15
0.780841	16
0.780946	17
0.781053	18
0.781168	19
0.781289	20
0.781414	21
0.781542	21
0.781674	21
0.781796	22
0.781837	23
0.781947	24
0.782048	25
0.782154	26
0.782266	27
0.782376	15
0.782493	16
0.782602	17
0.782718	18
0.782837	19
0.782956	20
0.783081	21
0.783211	22
0.783328	23
0.783451	24
0.78358	25
0.783701	14
0.783828	15
0.783946	16
0.784069	17
0.784195	18
0.784225	19
0.784358	20
0.784594	21
0.784703	22
0.784818	23
0.784935	24
0.785058	25
0.785176	26
0.785297	14
0.785419	15
0.785534	16
0.785654	17
0.785778	18
0.785909	19
0.786034	20
0.786155	21
0.786266	22
0.786314	23
0.78644	24
0.786571	25
0.786707	14
0.786811	15
0.786903	16
0.786993	17
0.787099	18
0.78721	19
0.787325	20
0.78757	21
0.787683	22
0.787802	23
0.787926	24
0.788041	25
0.788162	26
0.788287	14
0.788324	15
0.788437	16
0.788552	17
0.788676	18
0.788805	19
0.788938	20
0.78905	21
0.789153	22
0.78926	23
0.789374	24
0.789493	25
0.789617	26
0.789733	14
0.789853	15
0.789874	16
0.789986	17
0.790103	18
0.790224	19
0.790481	20
0.7906	21
0.790724	22
0.790853	23
0.790986	24
0.79109	25
0.791199	26
0.79131	27
0.791424	15
0.791546	15
0.791575	16
0.791687	17
0.791804	18
0.791921	19
0.792044	20
0.792156	21
0.792271	22
0.792394	23
0.792521	24
0.792653	25
0.792776	13
0.792903	14
0.792994	15
0.793084	16
0.793188	17
0.793345	18
0.793461	19
0.793583	20
0.793694	21
0.79381	22
0.79393	23
0.794048	24
0.794166	25
0.794287	26
0.794411	14
0.794535	15
0.794652	16
0.794774	17
0.794901	18
0.795033	19
0.795133	20
0.795173	21
0.795281	22
0.795394	23
0.795511	24
0.795632	25
0.795745	26
0.795865	14
0.795988	15
0.796091	16
0.796332	17
0.796455	18
0.796584	19
0.796704	20
0.796828	21
0.796957	22
0.797077	23
0.797181	24
0.797288	25
0.797397	26
0.797451	27
0.797564	15
0.797689	16
0.797798	17
0.797915	18
0.798036	19
0.798162	20
0.798278	21
0.798397	22
0.798519	23
0.798633	24
0.798752	25
0.798877	26
0.799008	14
0.799136	15
0.799352	16
0.799389	17
0.799506	18
0.799627	19
0.799739	20
0.799857	21
0.799981	22
0.800103	23
0.80022	24
0.800341	25
0.800468	26
0.800591	14
0.800709	15
0.800832	16
0.80094	17
0.801053	18
0.801156	19
0.801194	20
0.801304	21
0.80142	22
0.80154	23
0.801666	24
0.801781	25
0.801903	26
0.802029	14
0.802256	15
0.802379	16
0.802493	17
0.802612	18
0.802735	19
0.802862	20
0.802976	21
0.803095	22
0.803218	23
0.80334	24
0.803396	25
0.80353	13
0.803654	14
0.803756	15
0.803844	16
0.803947	17
0.804056	18
0.804169	19
0.804285	20
0.804408	21
0.804521	22
0.804639	23
0.804761	24
0.804889	25
0.805017	13
0.805185	14
0.805276	15
0.805369	16
0.805474	17
0.805583	18
0.805698	19
0.805815	20
0.805938	21
0.806051	22
0.806169	23
0.806291	24
0.806418	25
0.80647	13
0.806601	14
0.806705	15
0.806814	16
0.806914	17
0.807019	18
0.807128	19
0.807242	20
0.807362	21
0.807487	22
0.807602	23
0.80772	24
0.807846	25
0.807971	21
0.808015	21
0.808134	22
0.808254	23
0.808379	24
0.808505	25
0.808636	13
0.808772	14
0.808883	15
0.808978	16
0.809078	17
0.809182	18
0.809292	19
0.809406	20
0.809523	21
0.809645	22
0.809759	23
0.809878	24
0.810002	25
0.810129	26
0.810168	14
0.810292	15
0.810402	16
0.810518	17
0.810638	18
0.810763	19
0.811012	20
0.811119	21
0.81123	22
0.811347	23
0.81147	24
0.811597	25
0.811729	13
0.811841	14
0.811872	15
0.811984	16
0.812101	17
0.812222	18
0.812347	19
0.812477	20
0.812597	21
0.812704	22
0.812816	23
0.812931	24
0.813051	25
0.813173	26
0.813303	14
0.813416	15
0.813452	16
0.813563	17
0.813681	18
0.813925	19
0.814043	20
0.814162	21
0.814286	22
0.814414	23
0.814547	24
0.81467	25
0.814782	14
0.814895	15
0.814977	16
0.815083	17
0.815128	18
0.815243	19
0.815362	20
0.815485	21
0.815613	22
0.815732	23
0.815857	24
0.815987	25
0.816121	14
0.816251	14
0.816346	15
0.816447	16
0.816543	17
0.816635	18
0.816868	19
0.81699	20
0.817035	21
0.81715	22
0.817269	23
0.817395	24
0.817526	25
0.817661	13
0.817782	14
0.817879	15
0.81798	16
0.818084	17
0.818186	18
0.818292	19
0.818404	20
0.818523	21
0.818637	22
0.818755	23
0.818877	24
0.819006	25
0.819139	13
0.819196	14
0.819305	15
0.819421	16
0.819524	17
0.819747	18
0.819851	19
0.819956	20
0.820066	21
0.820182	22
0.820301	23
0.820426	24
0.820553	25
0.820605	13
0.820724	14
0.820831	15
0.820942	16
0.82106	17
0.821183	18
0.82131	19
0.821441	20
0.821564	21
0.821671	22
0.821785	23
0.821904	24
0.822027	25
0.822142	26
0.822191	14
0.822309	15
0.822417	16
0.822647	17
0.822768	18
0.82288	19
0.822997	20
0.823117	21
0.823243	22
0.823374	23
0.823511	24
0.823628	25
0.823737	14
0.82385	15
0.823872	16
0.823979	17
0.824091	18
0.824207	19
0.824327	20
0.824438	21
0.824553	22
0.824674	23
0.824799	24
0.824928	25
0.825063	14
0.825201	15
0.825311	16
0.82542	17
0.825564	18
0.825688	19
0.825815	20
0.825934	21
0.826041	22
0.826153	23
0.82627	24
0.826391	25
0.826517	26
0.826646	14
0.826778	15
0.826886	16
0.826999	17
0.827117	18
0.827235	19
0.82736	20
0.827475	21
0.827509	22
0.827633	23
0.827761	24
0.827896	25
0.828019	14
0.828142	15
0.828257	16
0.828361	17
0.828587	18
0.828706	19
0.828817	20
0.828932	21
0.829052	22
0.829177	23
0.829307	24
0.829442	25
0.829581	14
0.829685	14
0.829704	15
0.829801	16
0.829905	17
0.830013	18
0.830126	19
0.830244	20
0.830366	21
0.830479	22
0.830597	23
0.83072	24
0.830847	25
0.830977	14
0.831098	14
0.831208	15
0.831227	16
0.831465	17
0.83159	18
0.831721	19
0.831837	20
0.831944	21
0.832056	22
0.832174	23
0.832297	24
0.832425	25
0.832547	14
0.832667	14
0.832775	15
0.832887	16
0.832908	17
0.833027	18
0.833151	19
0.83328	20
0.833399	21
0.833523	22
0.833632	23
0.833746	24
0.833865	25
0.833989	26
0.834118	14
0.834237	15
0.834457	16
0.834572	17
0.834692	18
0.834716	19
0.83483	20
0.834951	21
0.835076	22
0.835205	23
0.83534	24
0.835479	25
0.835584	14
0.835695	15
0.835796	16
0.835901	17
0.836012	18
0.836127	19
0.836248	20
0.836371	21
0.836484	22
0.836602	23
0.836724	24
0.836763	25
0.836894	14
0.83703	14
0.837139	15
0.837334	16
0.83744	17
0.837549	18
0.837665	19
0.83777	20
0.837881	21
0.837996	22
0.838115	23
0.83824	24
0.83837	25
0.838404	13
0.838524	14
0.838632	15
0.838747	16
0.838864	17
0.838987	18
0.839114	19
0.839232	20
0.839355	21
0.839464	22
0.839578	23
0.839697	24
0.839821	25
0.83995	26
0.83998	14
0.840207	15
0.840319	16
0.840435	17
0.840557	18
0.840669	19
0.840788	20
0.840911	21
0.84104	22
0.841173	23
0.841292	24
0.841411	25
0.841523	26
0.841636	27
0.841671	14
0.841794	15
0.841902	16
0.842016	17
0.842134	18
0.842243	19
0.842357	20
0.842476	21
0.8426	22
0.84273	23
0.842865	24
0.84299	25
0.843103	21
0.843222	21
0.843331	22
0.843365	23
0.843474	24
0.843588	25
0.843707	26
0.843831	14
0.84396	15
0.844077	16
0.8442	17
0.844327	18
0.844439	19
0.844556	20
0.844676	21
0.844802	22
0.844932	23
0.845067	24
0.845176	25
0.84529	26
0.845409	27
0.845529	14
0.845569	15
0.845682	16
0.8458	17
0.845908	18
0.846138	19
0.846258	20
0.846371	21
0.846489	22
0.846611	23
0.846741	24
0.846876	25
0.847009	13
0.847133	14
0.847156	15
0.847257	16
0.847356	17
0.84746	18
0.847568	19
0.847681	20
0.847798	21
0.847919	22
0.848045	23
0.848162	24
0.848283	25
0.848411	26
0.848542	14
0.848668	14
0.848695	15
0.84879	16
0.848995	17
0.849103	18
0.849216	19
0.849335	20
0.849454	21
0.849568	22
0.849687	23
0.849811	24
0.849938	25
0.850057	13
0.850179	14
0.850211	15
0.850322	16
0.850437	17
0.850559	18
0.850684	19
0.850813	20
0.850938	21
0.851047	22
0.85116	23
0.851277	24
0.851401	25
0.851529	26
0.851644	13
0.851757	14
0.851914	15
0.852031	16
0.852152	17
0.852279	18
0.852395	19
0.852517	20
0.852643	21
0.852774	22
0.852892	23
0.853013	24
0.853124	25
0.853216	26
0.853329	14
0.853394	14
0.853503	15
0.853616	16
0.853734	17
0.853857	18
0.853984	19
0.854102	20
0.854225	21
0.854351	22
0.854482	23
0.854605	24
0.854713	25
0.854818	21
0.854858	21
0.854971	22
0.855089	23
0.855212	24
0.855339	25
0.855472	13
0.855596	14
0.855708	15
0.855825	16
0.855948	17
0.856063	18
0.85618	19
0.856301	20
0.856426	21
0.856555	22
0.856671	23
0.856791	24
0.856916	25
0.857043	14
0.857077	15
0.857184	16
0.857296	17
0.857411	18
0.857533	19
0.857659	20
0.857897	21
0.858023	22
0.858154	23
0.85829	24
0.858403	25
0.858516	14
0.858634	15
0.85865	16
0.85876	17
0.858874	18
0.858993	19
0.859117	20
0.85923	21
0.859346	22
0.859468	23
0.859593	24
0.859723	25
0.859857	14
0.859979	15
0.860077	16
0.860179	17
0.860284	18
0.860309	19
0.860423	20
0.860542	21
0.860666	21
0.860779	21
0.860895	22
0.861016	23
0.861142	24
0.861273	25
0.861409	14
0.861534	15
0.861633	16
0.861735	17
0.861843	18
0.861956	19
0.86207	20
0.862188	21
0.862291	22
0.862332	23
0.862449	24
0.862569	25
0.862694	26
0.862825	14
0.862946	15
0.863057	16
0.863172	17
0.863293	18
0.863419	19
0.863551	20
0.863777	21
0.863889	22
0.864005	23
0.864127	24
0.864249	25
0.864365	14
0.864484	15
0.864508	16
0.86462	17
0.864736	18
0.864859	19
0.864985	20
0.86511	21
0.86523	22
0.865355	23
0.865484	24
0.865617	25
0.865736	14
0.865846	15
0.865943	16
0.866045	17
0.866151	18
0.866181	19
0.866296	20
0.866417	21
0.866542	21
0.86667	21
0.866788	22
0.866911	23
0.867038	24
0.86717	25
0.867293	14
0.867402	15
0.867501	16
0.867605	17
0.867715	18
0.867829	19
0.867947	20
0.868067	21
0.86818	22
0.868224	23
0.868343	24
0.868467	25
0.868596	14
0.868729	15
0.86884	16
0.868953	17
0.869072	18
0.869196	19
0.869324	20
0.86944	21
0.86956	21
0.869685	21
0.869797	22
0.869913	23
0.870024	24
0.870139	25
0.870258	26
0.870312	15
0.870437	16
0.870553	17
0.870674	18
0.870799	19
0.870929	20
0.871065	21
0.871166	22
0.871273	23
0.871381	24
0.871495	25
0.871615	26
0.87174	15
0.871863	16
0.871971	17
0.872083	18
0.872125	19
0.872245	20
0.87237	21
0.8725	21
0.872635	21
0.872739	22
0.872847	23
0.87296	24
0.873079	25
0.873202	26
0.873316	15
0.873436	15
0.873537	16
0.873653	17
0.873773	18
0.873898	19
0.874024	20
0.874154	21
0.87419	22
0.874311	23
0.874438	24
0.874569	25
0.874703	14
0.874811	15
0.874911	16
0.875012	17
0.87512	18
0.875231	19
0.87535	20
0.875602	21
0.875733	22
0.875856	23
0.875977	24
0.876095	25
0.876218	26
0.876343	14
0.876391	15
0.876509	16
0.876614	17
0.876723	18
0.876834	19
0.876953	20
0.877072	21
0.877194	22
0.877316	23
0.877445	24
0.877578	25
0.877717	14
0.877848	14
0.877937	15
0.877967	16
0.87806	17
0.878159	18
0.878261	19
0.878482	20
0.878598	21
0.878718	22
0.878842	23
0.878971	24
0.879093	25
0.879213	26
0.879344	14
0.879465	15
0.879576	16
0.879604	17
0.879707	18
0.879815	19
0.879925	20
0.880039	21
0.880157	22
0.880279	23
0.880407	24
0.880539	25
0.880663	13
0.880791	14
0.880899	15
0.880998	16
0.88111	17
0.881228	18
0.881392	19
0.881512	20
0.881637	21
0.881767	22
0.88189	23
0.882016	24
0.882132	25
0.882252	26
0.882377	14
0.882498	15
0.882601	16
0.882702	17
0.882815	18
0.88293	19
0.883047	20
0.883169	21
0.883296	22
0.883426	23
0.883475	24
0.88361	25
0.883727	14
0.883848	15
0.883956	16
0.884067	17
0.884171	18
0.884396	19
0.884508	20
0.88463	21
0.884759	22
0.884893	23
0.885018	24
0.885146	25
0.885265	14
0.885391	15
0.885426	16
0.885543	17
0.885646	18
0.885758	19
0.885866	20
0.885982	21
0.886103	22
0.886228	23
0.886358	24
0.886491	25
0.886619	14
0.886734	15
0.88684	16
0.886949	17
0.88706	18
0.887103	19
0.88733	20
0.887442	21
0.887559	22
0.887681	23
0.88781	24
0.887932	25
0.888053	26
0.88818	14
0.888309	15
0.888431	16
0.888541	17
0.888642	18
0.888747	19
0.888853	20
0.888956	21
0.889066	22
0.889121	23
0.889244	24
0.889372	25
0.889506	14
0.889631	15
0.889743	16
0.889859	17
0.889984	18
0.890114	19
0.890341	20
0.890452	21
0.890566	22
0.890685	23
0.89081	24
0.890925	25
0.891046	26
0.891166	14
0.891219	15
0.891334	16
0.891452	17
0.891566	18
0.89168	19
0.891798	20
0.891921	21
0.892047	22
0.892179	23
0.892298	24
0.892422	25
0.892549	26
0.892668	14
0.892792	15
0.892827	16
0.89294	17
0.893058	18
0.893288	19
0.893405	20
0.893528	21
0.893651	22
0.89378	23
0.8939	24
0.894013	25
0.894131	26
0.894254	14
0.894381	15
0.894498	16
0.894529	17
0.894636	18
0.894749	19
0.894863	20
0.894982	21
0.895106	22
0.895232	23
0.895363	24
0.8955	25
0.895611	14
0.895727	14
0.895832	15
0.895938	16
0.896053	17
0.896281	18
0.896316	19
0.896429	20
0.89655	21
0.896676	22
0.896807	23
0.896943	24
0.897057	25
0.89717	26
0.897288	15
0.897411	16
0.897523	17
0.897623	18
0.897729	19
0.897838	20
0.897953	21
0.898072	22
0.898196	23
0.898324	24
0.898372	25
0.898504	14
0.898627	15
0.898742	16
0.898862	17
0.898987	18
0.899236	19
0.899337	20
0.899446	21
0.899559	22
0.899678	23
0.899803	24
0.89992	25
0.90004	26
0.900165	14
0.900208	15
0.900324	16
0.900444	17
0.900569	18
0.900699	19
0.900815	20
0.900936	21
0.901044	22
0.901157	23
0.901275	24
0.901395	25
0.90152	26
0.901636	14
0.901758	15
0.90179	16
0.901904	17
0.902147	18
0.902275	19
0.902391	20
0.902513	21
0.902639	22
0.902771	23
0.90289	24
0.902999	25
0.903114	26
0.903233	27
0.903342	15
0.90346	16
0.903509	17
0.903629	18
0.903737	19
0.903849	20
0.903966	21
0.904086	22
0.90421	23
0.904338	24
0.904472	25
0.904594	14
0.904705	14
0.904804	15
0.904908	16
0.905095	17
0.905206	18
0.905283	19
0.905409	20
0.905524	21
0.905643	22
0.905765	23
0.905893	24
0.906012	25
0.906134	26
0.906262	14
0.906394	15
0.906498	16
0.906608	17
0.906715	18
0.906822	19
0.906904	20
0.907025	21
0.907152	22
0.90728	23
0.90737	24
0.907479	25
0.907592	26
0.90771	14
0.907831	15
0.908059	16
0.90818	17
0.908306	18
0.908437	19
0.908555	20
0.908678	21
0.908804	22
0.908917	23
0.909024	24
0.909113	25
0.909232	26
0.909356	14
0.909431	15
0.909544	16
0.909662	17
0.909779	18
0.9099	19
0.910026	20
0.910159	21
0.910294	22
0.910411	23
0.910512	24
0.910619	25
0.910731	26
0.910847	27
0.910966	21
0.911007	21
0.911124	22
0.911245	23
0.911371	24
0.911504	25
0.911641	14
0.911782	15
0.911869	16
0.91196	17
0.912057	18
0.912159	19
0.912267	20
0.91238	21
0.912496	22
0.912615	23
0.912738	24
0.912867	25
0.913	14
0.913138	14
0.913251	15
0.913267	16
0.913356	17
0.91345	18
0.913548	19
0.913652	20
0.913875	21
0.913993	22
0.914116	23
0.914244	24
0.914378	25
0.914509	13
0.914622	14
0.914724	15
0.914831	16
0.914849	17
0.914962	18
0.91508	19
0.915202	20
0.915321	21
0.915445	22
0.915571	23
0.915702	24
0.915839	25
0.915964	13
0.916086	14
0.916176	15
0.916271	16
0.91637	17
0.916475	18
0.916584	19
0.916723	20
0.916843	21
0.916968	22
0.917098	23
0.917232	24
0.917356	25
0.917484	13
0.917588	14
0.917682	15
0.91778	16
0.917884	17
0.917992	18
0.918105	19
0.918222	20
0.918341	21
0.918464	22
0.918593	23
0.918725	24
0.918754	25
0.918893	13
0.919018	14
0.919107	15
0.919201	16
0.9193	17
0.919403	18
0.919624	19
0.919741	20
0.919862	21
0.919989	22
0.92012	23
0.920255	24
0.92038	25
0.920409	13
0.920509	14
0.920599	15
0.920694	16
0.920793	17
0.920897	18
0.921005	19
0.921117	20
0.921234	21
0.921355	22
0.921481	23
0.921611	24
0.921746	25
0.92187	13
0.921902	14
0.922003	15
0.92211	16
0.922222	17
0.92246	18
0.922585	19
0.922715	20
0.922831	21
0.922951	22
0.923076	23
0.923207	24
0.923329	25
0.92336	14
0.923473	15
0.923576	16
0.923686	17
0.9238	18
0.923918	19
0.924039	20
0.924164	21
0.924294	22
0.92443	23
0.924551	24
0.924678	25
0.924794	14
0.924918	15
0.925025	16
0.925049	17
0.925152	18
0.925373	19
0.92549	20
0.925611	21
0.925738	22
0.92587	23
0.926007	24
0.926119	25
0.926233	26
0.926351	27
0.926473	15
0.9266	16
0.9267	17
0.926805	18
0.926827	19
0.926937	20
0.92705	21
0.927168	22
0.927291	23
0.927418	24
0.92755	25
0.927687	14
0.927799	15
0.927901	16
0.928007	17
0.92812	18
0.928353	19
0.928463	20
0.928576	21
0.928695	22
0.928817	23
0.928848	24
0.928978	25
0.929113	14
0.929238	14
0.929344	15
0.929447	16
0.929555	17
0.929668	18
0.929779	19
0.929893	20
0.930013	21
0.930138	22
0.930268	23
0.930393	24
0.930517	25
0.930629	26
0.930661	14
0.930781	15
0.930892	16
0.931007	17
0.931252	18
0.931381	19
0.931514	20
0.931633	21
0.931757	22
0.931885	23
0.932015	24
0.93212	25
0.932231	26
0.93234	27
0.93238	15
0.932501	16
0.932613	17
0.932728	18
0.932847	19
0.932971	20
0.9331	21
0.933233	22
0.933367	23
0.933492	24
0.933606	25
0.933712	26
0.933822	27
0.933938	15
0.934058	16
0.934188	17
0.934302	18
0.934421	19
0.934545	20
0.934675	21
0.934809	22
0.934941	23
0.935051	24
0.935151	25
0.935255	26
0.935364	27
0.935479	15
0.935596	16
0.935703	17
0.935812	18
0.935907	19
0.935951	20
0.936072	21
0.936199	22
0.93633	23
0.936464	24
0.936589	25
0.936688	14
0.93679	15
0.936884	16
0.937086	17
0.937194	18
0.937307	19
0.937424	20
0.937545	21
0.93767	22
0.937799	23
0.937886	24
0.938009	25
0.93807	26
0.938188	15
0.938311	16
0.938422	17
0.93854	18
0.938662	19
0.938788	20
0.938919	21
0.939035	22
0.939156	23
0.939282	24
0.939413	25
0.939533	14
0.939645	15
0.939747	16
0.939854	17
0.939989	18
0.940104	19
0.940225	20
0.940352	21
0.940483	22
0.940618	23
0.940742	24
0.940856	25
0.940974	26
0.941098	15
0.941215	16
0.94132	17
0.94143	18
0.941543	19
0.941662	20
0.941781	21
0.9419	22
0.941947	23
0.94208	24
0.942219	14
0.942331	15
0.942435	16
0.942543	17
0.942656	18
0.942772	19
0.94299	20
0.943104	21
0.943224	22
0.943349	23
0.943478	24
0.943598	25
0.943723	15
0.943848	16
0.943877	17
0.944	18
0.944127	19
0.944259	20
0.944388	21
0.944502	22
0.94462	23
0.944742	24
0.94487	25
0.94499	15
0.945112	16
0.945221	17
0.945327	18
0.945437	19
0.945548	20
0.945667	21
0.94571	22
0.945838	21
0.94597	21
0.946103	22
0.94622	23
0.946341	24
0.946454	25
0.946572	26
0.946681	16
0.946794	17
0.946902	18
0.947015	19
0.947133	20
0.947253	21
0.947378	22
0.947505	23
0.947636	24
0.94777	25
0.94791	15
0.948019	16
0.948104	17
0.948137	18
0.948232	19
0.948332	20
0.948436	21
0.948542	22
0.948657	23
0.948778	21
0.948903	21
0.949028	22
0.949157	23
0.949292	24
0.949403	25
0.949516	26
0.949618	27
0.949725	28
0.949833	17
0.949947	18
0.949982	19
0.950091	20
0.950204	21
0.950323	22
0.950442	23
0.950566	24
0.950695	25
0.950827	15
0.95095	16
0.951063	17
0.95117	18
0.951281	19
0.951398	20
0.951519	21
0.951644	22
0.951774	21
0.951906	21
0.952021	22
0.952055	23
0.952177	24
0.952303	25
0.952434	15
0.952542	16
0.95264	17
0.952744	18
0.952855	19
0.95297	20
0.95309	21
0.953214	22
0.953339	23
0.95347	24
0.953606	25
0.953735	15
0.95386	15
0.953947	16
0.954041	17
0.954137	18
0.95416	19
0.954264	20
0.954372	21
0.954483	22
0.954601	21
0.954724	21
0.954849	22
0.954979	23
0.955113	24
0.955229	25
0.955345	26
0.955449	15
0.955557	16
0.955657	17
0.955761	18
0.955869	19
0.955982	20
0.9561	21
0.956125	22
0.956244	23
0.956368	24
0.956496	25
0.956615	15
0.956738	16
0.956854	17
0.956962	18
0.957076	19
0.957195	20
0.957319	21
0.957448	22
0.957581	21
0.957706	21
0.957826	22
0.957944	23
0.958061	24
0.958182	25
0.958295	26
0.958413	16
0.958444	17
0.958555	18
0.958671	19
0.958793	20
0.958915	21
0.959043	22
0.959169	23
0.959301	24
0.959438	25
0.959561	15
0.959675	16
0.959782	17
0.959892	18
0.960008	19
0.960114	20
0.960223	21
0.960249	22
0.960366	23
0.960487	21
0.960614	21
0.96074	22
0.960859	23
0.960982	24
0.96111	25
0.961234	15
0.961359	16
0.961477	17
0.961601	18
0.961729	19
0.961857	20
0.961979	21
0.962096	22
0.962214	23
0.962336	24
0.962464	25
0.962596	15
0.962714	16
0.962738	17
0.962854	18
0.962962	19
0.963077	20
0.963196	21
0.963318	22
0.963447	23
0.96358	21
0.963718	21
0.963836	22
0.963946	23
0.964061	24
0.964181	25
0.964289	26
0.9644	16
0.964508	17
0.964551	18
0.964666	19
0.964785	20
0.964905	21
0.96503	22
0.965154	23
0.965283	24
0.965418	25
0.965558	16
0.965684	16
0.96579	17
0.965883	18
0.965982	19
0.966085	20
0.966192	21
0.966282	22
0.966397	23
0.966451	21
0.966574	21
0.966698	22
0.966827	23
0.966945	24
0.967055	25
0.967171	26
0.967292	16
0.967418	17
0.967536	18
0.967659	19
0.967785	20
0.967915	21
0.968049	22
0.968162	23
0.96828	24
0.968403	25
0.96853	26
0.968644	16
0.96876	17
0.968857	18
0.968894	19
0.969004	20
0.969117	21
0.969232	22
0.969356	23
0.969484	21
0.969618	21
0.969751	22
0.96989	23
0.969999	24
0.970099	25
0.970204	26
0.970314	27
0.970427	16
0.970537	17
0.970648	18
0.970761	19
0.970878	20
0.970921	21
0.971041	22
0.971164	23
0.971292	24
0.971426	25
0.971547	15
0.971675	16
0.971781	17
0.971893	18
0.972011	19
0.972134	20
0.972256	21
0.972382	22
0.972499	21
0.97262	21
0.972743	22
0.97287	23
0.972991	24
0.973099	25
0.973211	26
0.973259	27
0.973374	16
0.9735	17
0.973618	18
0.973741	19
0.973865	20
0.973993	21
0.974124	22
0.974246	23
0.974366	24
0.97449	25
0.974606	15
0.974725	16
0.974821	17
0.974922	18
0.975029	19
0.975141	20
0.975244	21
0.975291	22
0.975415	21
0.975543	21
0.975671	22
0.975806	23
0.975945	24
0.976041	15
0.976142	16
0.976237	17
0.976338	18
0.976444	19
0.976553	20
0.976666	21
0.976784	22
0.976907	23
0.977028	24
0.977154	25
0.977287	16
0.977404	16
0.977508	17
0.977626	18
0.977676	19
0.97779	20
0.977909	21
0.978034	22
0.978164	23
0.978299	24
0.978426	21
0.97855	21
0.978673	22
0.978799	23
0.978914	24
0.979021	25
0.979128	26
0.979241	27
0.979362	17
0.979489	18
0.979606	19
0.979728	20
0.979772	21
0.979902	22
0.980032	23
0.980167	24
0.980287	25
0.980407	26
0.980521	16
0.98064	17
0.980752	18
0.980855	19
0.980964	20
0.981077	21
0.981194	22
0.981317	23
0.981432	21
0.981563	21
0.981694	22
0.981816	23
0.981942	24
0.982039	25
0.982089	26
0.982196	27
0.982307	17
0.982424	18
0.982532	19
0.982643	20
0.982758	21
0.982878	22
0.982999	23
0.983122	24
0.983251	25
0.983371	16
0.983496	16
0.983613	17
0.983729	18
0.983822	19
0.983939	20
0.98406	21
0.984186	22
0.984315	23
0.984381	21
0.9845	21
0.984619	22
0.984743	23
0.984857	24
0.984976	25
0.985098	26
0.985213	16
0.98533	17
0.98544	18
0.985552	19
0.985665	20
0.985784	21
0.985904	22
0.986034	23
0.986169	24
0.986304	25
0.986413	15
0.986529	16
0.986636	17
0.986743	18
0.986802	19
0.986907	20
0.987018	21
0.987132	22
0.987251	23
0.987375	21
0.987502	21
0.98763	22
0.987746	23
0.987871	24
0.988002	25
0.988131	15
0.988244	16
0.988355	17
0.98847	18
0.988591	19
0.98871	20
0.988828	21
0.988897	22
0.989031	23
0.989149	24
0.989272	25
0.989385	26
0.989503	16
0.989625	17
0.989739	18
0.989842	19
0.989929	20
0.990045	21
0.990165	22
0.99029	23
0.99042	21
0.990554	21
0.990675	22
0.990779	23
0.990888	24
0.991	25
0.991112	26
0.991231	16
0.991302	17
0.991405	18
0.991512	19
0.991622	20
0.991735	21
0.991852	22
0.991971	23
0.992089	24
0.992223	25
0.992346	15
0.992475	16
0.992597	17
0.992707	18
0.992822	19
0.992943	20
0.993056	21
0.993118	22
0.993252	23
0.993366	21
0.993485	21
0.993604	22
0.993728	23
0.993841	24
0.99396	25
0.994067	26
0.99417	27
0.99429	16
0.994415	17
0.994529	18
0.994647	19
0.99477	20
0.994898	21
0.995031	22
0.995166	23
0.995273	24
0.99538	25
0.995481	26
0.995546	27
0.995656	28
0.99577	17
0.995889	17
0.995996	18
0.996104	19
0.996194	20
0.996441	21
0.99657	22
0.996704	23
0.99683	24
0.996947	25
0.997068	26
0.997195	15
0.997326	16
0.997448	17
0.99755	18
0.997647	19
0.99771	20
0.997819	21
0.997933	22
0.998049	23
0.99817	24
0.998283	25
0.998399	26
0.998522	15
0.998651	16
0.998757	17
0.998866	18
0.998982	19
0.999102	20
0.999228	21
0.999353	21
0.999483	21
0.999609	22
0.999727	23
0.999847	24
0.999894	25
0.999992	26
1.0001	27
1.0002	28
1.00031	16
1.00043	17
1.00053	18
1.00064	19
1.00076	20
1.00088	21
1.001	22
1.00113	23
1.00125	24
1.00137	25
1.00148	26
1.0016	15
1.00173	16
1.00184	17
1.00196	18
1.00208	19
1.00221	20
1.00238	21
1.00249	22
1.00261	23
1.00272	24
1.00283	25
1.00296	26
1.00308	15
1.0032	16
1.00331	17
1.00342	18
1.00353	19
1.00365	20
1.00378	21
1.00391	22
1.00404	23
1.00415	24
1.00425	25
1.00437	26
1.00448	27
1.00453	16
1.00465	16
1.00475	17
1.00486	18
1.00497	19
1.00508	20
1.00532	21
1.00545	22
1.00557	23
1.00569	24
1.00581	25
1.00594	14
1.00606	15
1.00617	16
1.00629	17
1.00632	18
1.00644	19
1.00656	20
1.0067	21
1.00681	22
1.00693	23
1.00705	24
1.00716	25
1.00728	26
1.0074	15
1.00753	16
1.00763	17
1.00774	18
1.00785	19
1.00797	20
1.00809	21
1.00821	21
1.00826	21
1.00839	22
1.00851	23
1.00862	24
1.00873	25
1.00884	26
1.00896	15
1.00908	16
1.00918	17
1.00928	18
1.00939	19
1.00951	20
1.00962	21
1.00975	22
1.00987	23
1.01	24
1.01013	25
1.01025	26
1.01038	15
1.01049	16
1.01053	17
1.01064	18
1.01075	19
1.01087	20
1.011	21
1.01113	21
1.01126	21
1.01138	22
1.01148	23
1.0116	24
1.01171	25
1.01183	26
1.01195	15
1.01206	16
1.01214	17
1.01225	18
1.01231	19
1.01242	20
1.01255	21
1.01267	22
1.0128	23
1.01293	24
1.01305	25
1.01319	14
1.01331	15
1.0134	16
1.0135	17
1.0136	18
1.0137	19
1.01381	20
1.01392	21
1.01404	21
1.01416	21
1.01428	22
1.01434	23
1.01446	24
1.01458	25
1.01469	26
1.01481	15
1.01494	15
1.01505	16
1.01517	17
1.0153	18
1.01543	19
1.01555	20
1.01567	21
1.01578	22
1.01589	23
1.016	24
1.01612	25
1.01623	26
1.01634	14
1.01646	15
1.0165	16
1.01661	17
1.01672	18
1.01684	19
1.0171	20
1.01723	21
1.01735	22
1.01746	23
1.01757	24
1.01767	25
1.01778	26
1.01789	27
1.01799	15
1.01811	16
1.01816	17
1.01827	18
1.01839	19
1.01851	20
1.01863	21
1.01876	22
1.01888	23
1.019	24
1.01913	25
1.01925	14
1.01938	15
1.0195	16
1.01962	17
1.01974	18
1.01984	19
1.02002	20
1.02013	21
1.02024	22
1.02036	23
1.02048	24
1.0206	25
1.02072	26
1.02084	14
1.02097	15
1.02108	16
1.0212	17
1.02133	18
1.02146	19
1.02159	20
1.0217	21
1.0218	22
1.02189	23
1.022	24
1.02211	25
1.02219	26
1.0223	15
1.02242	15
1.02253	16
1.02264	17
1.02276	18
1.02301	19
1.02314	20
1.02327	21
1.02338	22
1.0235	23
1.02363	24
1.02376	25
1.02389	14
1.02401	15
1.02403	16
1.02414	17
1.02426	18
1.02438	19
1.0245	20
1.02462	21
1.02475	22
1.02487	23
1.02499	24
1.02512	25
1.02525	14
1.02538	15
1.02549	16
1.0256	17
1.02572	18
1.02577	19
1.02602	20
1.02614	21
1.02626	22
1.02638	23
1.02649	24
1.0266	25
1.02672	26
1.02684	14
1.02697	15
1.02708	16
1.02719	17
1.02732	18
1.02744	19
1.02756	20
1.02769	21
1.02782	22
1.02787	23
1.028	24
1.02813	25
1.02825	14
1.02836	15
1.02846	16
1.02856	17
1.02867	18
1.02878	19
1.02902	20
1.02915	21
1.02928	22
1.02939	23
1.02951	24
1.02963	25
1.02975	26
1.02988	14
1.02993	15
1.03005	16
1.03015	17
1.03026	18
1.03038	19
1.03049	20
1.03061	21
1.03073	22
1.03086	23
1.03098	24
1.0311	25
1.03123	26
1.03135	14
1.03147	15
1.0315	16
1.03161	17
1.03173	18
1.03198	19
1.03212	20
1.03224	21
1.03235	22
1.03246	23
1.03257	24
1.03268	25
1.0328	26
1.03292	14
1.03304	15
1.03315	16
1.03319	17
1.03331	18
1.03343	19
1.03356	20
1.03369	21
1.03382	22
1.03393	23
1.03404	24
1.03416	25
1.03428	26
1.0344	14
1.03452	15
1.03461	16
1.03472	17
1.03495	18
1.035	19
1.03513	20
1.03526	21
1.03539	22
1.0355	23
1.0356	24
1.03571	25
1.03582	26
1.03594	27
1.03604	15
1.03617	15
1.03627	16
1.03639	17
1.03651	18
1.03663	19
1.03675	20
1.03687	21
1.03699	22
1.03706	23
1.03717	24
1.0373	25
1.03742	26
1.03755	14
1.03767	15
1.03787	16
1.03799	17
1.03811	18
1.03823	19
1.03836	20
1.03848	21
1.03859	22
1.0387	23
1.03882	24
1.03893	25
1.03906	26
1.03918	14
1.03924	15
1.03937	16
1.03947	17
1.03958	18
1.03969	19
1.03981	20
1.03993	21
1.04004	22
1.04016	23
1.04028	24
1.04039	25
1.04051	26
1.04064	14
1.04079	15
1.04091	16
1.04104	17
1.04117	18
1.0413	19
1.0414	20
1.0415	21
1.0416	22
1.0417	23
1.04181	24
1.04193	25
1.04205	26
1.04217	14
1.04228	15
1.04232	16
1.04244	17
1.04256	18
1.04268	19
1.04281	20
1.04295	21
1.04307	22
1.04316	23
1.04327	24
1.04337	25
1.04349	26
1.0436	21
1.04372	21
1.04381	22
1.04393	23
1.04399	24
1.04412	25
1.04425	13
1.04436	14
1.04446	15
1.04456	16
1.04467	17
1.04478	18
1.0449	19
1.04503	20
1.04515	21
1.04528	22
1.0454	23
1.04551	24
1.04564	25
1.04576	26
1.0458	14
1.04593	14
1.04603	15
1.04613	16
1.04623	17
1.04634	18
1.04657	19
1.04669	20
1.04681	21
1.04695	22
1.04708	23
1.0472	24
1.04731	25
1.04734	26
1.04744	27
1.04755	15
1.04767	16
1.04777	17
1.04788	18
1.04799	19
1.04811	20
1.04823	21
1.04835	22
1.04848	23
1.04861	24
1.04875	25
1.04888	13
1.04899	14
1.04908	15
1.04917	16
1.04927	17
1.0494	18
1.04951	19
1.04963	20
1.04975	21
1.04987	22
1.05	23
1.05013	24
1.05026	25
1.05037	14
1.05049	15
1.0506	16
1.05071	17
1.05083	18
1.05095	19
1.05108	20
1.05121	21
1.05123	22
1.05137	23
1.05149	24
1.05161	25
1.05174	14
1.05187	15
1.05196	16
1.05206	17
1.05216	18
1.05239	19
1.0525	20
1.05263	21
1.05275	22
1.05289	23
1.05303	24
1.05314	14
1.05325	15
1.05335	16
1.05337	17
1.05347	18
1.05358	19
1.05369	20
1.05381	21
1.05393	22
1.05404	23
1.05415	24
1.05427	25
1.0544	26
1.05453	15
1.05466	16
1.05477	17
1.05489	18
1.055	19
1.05513	20
1.05528	21
1.05542	22
1.05553	23
1.05566	24
1.05578	25
1.05591	15
1.05605	16
1.05614	17
1.05624	18
1.05634	19
1.05645	20
1.05656	21
1.05668	22
1.0568	23
1.05692	24
1.05705	25
1.05717	14
1.05729	15
1.0574	16
1.05744	17
1.05756	18
1.05768	19
1.0578	20
1.05792	21
1.05805	22
1.05818	21
1.05829	21
1.05841	22
1.05852	23
1.05863	24
1.05875	25
1.05886	26
1.05899	15
1.0591	16
1.0592	17
1.05924	18
1.05936	19
1.05947	20
1.0596	21
1.05972	22
1.05986	23
1.05999	24
1.0601	25
1.06021	26
1.06032	27
1.06044	15
1.06057	16
1.06067	17
1.06075	18
1.06086	19
1.06097	20
1.06115	21
1.06128	22
1.0614	23
1.06154	24
1.06166	25
1.06177	26
1.06188	27
1.062	15
1.06213	16
1.06222	17
1.06233	18
1.06243	19
1.06255	20
1.06264	21
1.06276	22
1.06288	23
1.06302	24
1.06315	25
1.06328	14
1.0634	15
1.06345	16
1.06356	17
1.06367	18
1.06379	19
1.06391	20
1.06416	21
1.06428	22
1.06441	23
1.06454	24
1.06466	25
1.06478	15
1.06489	15
1.06497	16
1.06507	17
1.06513	18
1.06524	19
1.06536	20
1.06548	21
1.06561	22
1.06574	23
1.06585	24
1.06598	25
1.0661	26
1.06623	15
1.06635	16
1.06646	17
1.06656	18
1.06665	19
1.06676	20
1.06687	21
1.06698	21
1.06704	21
1.06716	22
1.06729	23
1.06742	24
1.06756	25
1.06769	14
1.0678	15
1.06789	16
1.06799	17
1.06809	18
1.06819	19
1.06831	20
1.06842	21
1.06854	22
1.06864	23
1.06877	24
1.0689	25
1.06903	14
1.06918	15
1.06926	16
1.0693	17
1.06939	18
1.06949	19
1.06959	20
1.0697	21
1.06982	21
1.06994	21
1.07006	22
1.07018	23
1.07031	24
1.07045	25
1.07057	14
1.07066	15
1.07077	16
1.07087	17
1.07098	18
1.07105	19
1.07117	20
1.0713	21
1.07142	22
1.07154	23
1.07166	24
1.07178	25
1.07191	26
1.07204	14
1.07217	15
1.07224	16
1.07234	17
1.07244	18
1.07255	19
1.07267	20
1.0729	21
1.07303	22
1.07311	23
1.07325	24
1.07337	25
1.07349	14
1.07361	15
1.07371	16
1.07381	17
1.07389	18
1.07401	19
1.07413	20
1.07425	21
1.07438	22
1.07449	23
1.07461	24
1.07474	25
1.07487	26
1.075	15
1.07511	16
1.07517	17
1.07527	18
1.07537	19
1.07548	20
1.07559	21
1.0757	21
1.0758	21
1.07593	22
1.07606	23
1.07618	24
1.0763	25
1.07643	15
1.07656	15
1.07666	16
1.07677	17
1.07687	18
1.07696	19
1.07708	20
1.07721	21
1.07734	22
1.07746	23
1.07758	24
1.07769	25
1.07781	26
1.07793	15
1.07804	16
1.07815	17
1.07827	18
1.07838	19
1.07848	20
1.07859	21
1.07872	21
1.07884	21
1.07897	22
1.07908	23
1.07918	24
1.07929	25
1.0794	26
1.07952	15
1.07964	16
1.07972	17
1.07982	18
1.07993	19
1.08004	20
1.08016	21
1.08028	22
1.08041	23
1.08054	24
1.08066	25
1.08079	15
1.0809	15
1.081	16
1.08108	17
1.08118	18
1.08126	19
1.08136	20
1.08144	21
1.08156	21
1.08168	21
1.0818	22
1.08193	23
1.08206	24
1.08219	25
1.0823	15
1.08241	16
1.08252	17
1.08263	18
1.08274	19
1.08286	20
1.08299	21
1.08312	22
1.08324	23
1.08333	24
1.08345	25
1.08357	26
1.08369	16
1.08379	16
1.0839	17
1.08401	18
1.08411	19
1.08423	20
1.08435	21
1.08447	22
1.08459	21
1.08472	21
1.08485	22
1.08498	23
1.08508	24
1.08519	25
1.0853	26
1.08542	27
1.08549	16
1.0856	17
1.0857	18
1.08581	19
1.08592	20
1.08603	21
1.08614	22
1.08627	23
1.08639	24
1.08653	25
1.08665	15
1.08678	15
1.08688	16
1.08697	17
1.08706	18
1.08716	19
1.08727	20
1.08731	21
1.08743	21
1.08754	21
1.08766	22
1.08779	23
1.08792	24
1.08805	25
1.08817	14
1.08828	15
1.08838	16
1.08849	17
1.0886	18
1.08873	19
1.08885	20
1.08897	21
1.0891	22
1.08923	23
1.08936	24
1.0895	25
1.08959	14
1.08966	15
1.08975	16
1.08985	17
1.08995	18
1.09007	19
1.09017	20
1.09028	21
1.09039	21
1.09052	21
1.09064	22
1.09077	23
1.0909	24
1.09103	25
1.09114	14
1.0912	15
1.0913	16
1.09141	17
1.09153	18
1.09164	19
1.09176	20
1.09189	21
1.09201	22
1.09212	23
1.09224	24
1.09236	25
1.09249	26
1.09263	15
1.09274	16
1.09278	17
1.09289	18
1.093	19
1.09312	20
1.09324	21
1.09336	21
1.09349	21
1.09362	22
1.09375	23
1.09387	24
1.09399	25
1.09411	14
1.09422	15
1.09433	16
1.09443	17
1.09454	18
1.09459	19
1.09471	20
1.09484	21
1.09496	22
1.09508	23
1.0952	24
1.09533	25
1.09546	15
1.09559	16
1.0957	17
1.0958	18
1.09592	19
1.09604	20
1.09614	21
1.09626	22
1.09638	21
1.09649	21
1.0966	22
1.09665	23
1.09677	24
1.0969	25
1.09703	15
1.09716	16
1.09728	17
1.09739	18
1.09752	19
1.09764	20
1.09777	21
1.09789	22
1.098	23
1.09811	24
1.09822	25
1.09833	26
1.09845	15
1.09857	16
1.09869	17
1.09881	18
1.09886	19
1.09899	20
1.09911	21
1.09924	22
1.09937	21
1.0995	21
1.0996	22
1.09971	23
1.09982	24
1.09994	25
1.10006	26
1.10018	15
1.10029	16
1.10039	17
1.1005	18
1.10062	19
1.10074	20
1.10085	21
1.10092	22
1.10105	23
1.10117	24
1.10129	25
1.10142	15
1.10155	16
1.10167	17
1.10178	18
1.10188	19
1.10197	20
1.10208	21
1.1022	22
1.10232	21
1.10244	21
1.10255	22
1.10267	23
1.10279	24
1.10291	25
1.10304	15
1.10315	16
1.10322	17
1.10334	18
1.10346	19
1.10358	20
1.10371	21
1.10383	22
1.10395	23
1.10405	24
1.10415	25
1.10426	26
1.10438	16
1.10451	17
1.10463	18
1.10474	19
1.10485	20
1.10497	21
1.10505	22
1.10517	23
1.1053	21
1.10544	21
1.10556	22
1.10567	23
1.10577	24
1.10589	25
1.106	26
1.10613	16
1.10624	17
1.10632	18
1.10643	19
1.10654	20
1.10666	21
1.10677	22
1.1069	23
1.10703	24
1.10715	25
1.10727	16
1.10738	17
1.10745	18
1.10755	19
1.10767	20
1.10778	21
1.1079	22
1.10801	23
1.10812	24
1.10823	21
1.10836	21
1.10848	22
1.10861	23
1.10873	24
1.10885	25
1.10898	26
1.1091	16
1.1092	17
1.10931	18
1.10938	19
1.10949	20
1.1096	21
1.10971	22
1.10983	23
1.10995	24
1.11008	25
1.11021	16
1.11033	16
1.11044	17
1.11055	18
1.11065	19
1.11077	20
1.11089	21
1.11099	22
1.11112	23
1.11124	21
1.11136	21
1.11146	22
1.11158	23
1.11168	24
1.11179	25
1.1119	26
1.11202	16
1.11214	17
1.11226	18
1.11237	19
1.11247	20
1.11258	21
1.1127	22
1.11283	23
1.11296	24
1.11309	25
1.1132	15
1.11329	16
1.11339	17
1.11349	18
1.11359	19
1.1137	20
1.1138	21
1.11392	22
1.11403	23
1.11415	21
1.11428	21
1.1144	22
1.11452	23
1.11465	24
1.11477	25
1.1149	15
1.11501	16
1.1151	17
1.1152	18
1.1153	19
1.11541	20
1.11552	21
1.11562	22
1.11573	23
1.11584	24
1.11596	25
1.11607	26
1.11619	16
1.11633	16
1.11645	17
1.11657	18
1.11665	19
1.11678	20
1.1169	21
1.11702	22
1.11712	21
1.11725	21
1.11737	22
1.1175	23
1.11762	24
1.11775	25
1.11787	15
1.11798	16
1.11806	17
1.11817	18
1.11828	19
1.1184	20
1.11852	21
1.11863	22
1.11872	23
1.11884	24
1.11896	25
1.11908	26
1.11922	15
1.11935	16
1.11948	17
1.11957	18
1.11966	19
1.11977	20
1.11987	21
1.11998	22
1.12009	21
1.1202	21
1.12031	22
1.12043	23
1.12055	24
1.12068	25
1.12081	15
1.12092	16
1.121	17
1.12112	18
1.12124	19
1.12137	20
1.12148	21
1.1216	22
1.12171	23
1.12182	24
1.12193	25
1.12205	26
1.12215	15
1.12228	16
1.1224	17
1.12251	18
1.12261	19
1.12273	20
1.12282	21
1.12293	22
1.12304	21
1.12316	21
1.12329	22
1.12342	23
1.12355	24
1.12368	25
1.1238	15
1.12392	15
1.12399	16
1.12409	17
1.1242	18
1.12432	19
1.12444	20
1.12455	21
1.12464	22
1.12476	23
1.12488	24
1.12499	25
1.12511	15
1.12524	16
1.12537	17
1.12548	18
1.12558	19
1.12566	20
1.12576	21
1.12587	22
1.12598	21
1.12609	21
1.12621	22
1.12633	23
1.12645	24
1.12658	25
1.12671	15
1.12683	15
1.12689	16
1.12701	17
1.12713	18
1.12725	19
1.12736	20
1.12748	21
1.1276	22
1.12773	23
1.12783	24
1.12795	25
1.12807	26
1.1282	15
1.12833	16
1.12845	17
1.12856	18
1.12863	19
1.12873	20
1.12884	21
1.12896	21
1.12908	21
1.12921	22
1.12933	23
1.12945	24
1.12957	25
1.1297	26
1.12981	15
1.12992	16
1.13002	17
1.13013	18
1.13025	19
1.13037	20
1.13048	21
1.1306	22
1.13067	23
1.13079	24
1.13092	25
1.13105	14
1.13118	15
1.13131	16
1.13142	17
1.13152	18
1.13162	19
1.13173	20
1.13184	21
1.13194	21
1.13206	21
1.13217	22
1.13229	23
1.13241	24
1.13254	25
1.13267	14
1.13274	15
1.13285	16
1.13297	17
1.1331	18
1.13322	19
1.13336	20
1.13348	21
1.13359	22
1.13369	23
1.1338	24
1.13392	25
1.13403	26
1.13415	15
1.13428	15
1.13433	16
1.13446	17
1.13457	18
1.13469	19
1.13482	20
1.13505	21
1.13517	22
1.1353	23
1.13543	24
1.13555	25
1.13567	26
1.13579	14
1.13588	15
1.13599	16
1.13605	17
1.13616	18
1.13628	19
1.13641	20
1.13652	21
1.13664	22
1.13676	23
1.13688	24
1.13701	25
1.13714	14
1.13728	15
1.13739	16
1.13747	17
1.13758	18
1.13769	19
1.1378	20
1.13797	21
1.13808	22
1.1382	23
1.13832	24
1.13845	25
1.13858	14
1.13871	15
1.13882	16
1.13892	17
1.13903	18
1.13913	19
1.13923	20
1.13935	21
1.13947	22
1.13959	23
1.1397	24
1.13982	25
1.13994	26
1.14006	14
1.14013	15
1.14025	16
1.14038	17
1.14049	18
1.14061	19
1.14074	20
1.14099	21
1.14109	22
1.14119	23
1.14131	24
1.14141	25
1.14153	26
1.14165	14
1.14174	15
1.14184	16
1.14195	17
1.14207	18
1.14219	19
1.14232	20
1.14245	21
1.14257	22
1.14268	23
1.14279	24
1.1429	25
1.14302	26
1.14314	14
1.14327	15
1.14329	16
1.1434	17
1.14351	18
1.14363	19
1.14387	20
1.14399	21
1.14411	22
1.14423	23
1.14436	24
1.14449	25
1.14462	13
1.14473	14
1.14483	15
1.14493	16
1.14496	17
1.14507	18
1.14519	19
1.14531	20
1.14543	21
1.14556	22
1.14568	23
1.1458	24
1.14592	25
1.14605	14
1.14618	15
1.1463	16
1.1464	17
1.1465	18
1.14661	19
1.14676	20
1.14688	21
1.14701	22
1.14712	23
1.14724	24
1.14736	25
1.14749	14
1.14762	15
1.14772	16
1.14783	17
1.14795	18
1.14807	19
1.1482	20
1.14833	21
1.14844	22
1.14855	23
1.14866	24
1.14877	25
1.14889	26
1.14896	15
1.14909	16
1.1492	17
1.14931	18
1.14942	19
1.14954	20
1.14979	21
1.14992	22
1.15003	23
1.15014	24
1.15026	25
1.15037	26
1.1505	15
1.15062	16
1.15073	17
1.15077	18
1.15088	19
1.15099	20
1.15111	21
1.15123	22
1.15136	23
1.15148	24
1.1516	25
1.15173	26
1.15186	15
1.15199	15
1.1521	16
1.15221	17
1.15233	18
1.15245	19
1.15256	20
1.15272	21
1.15284	22
1.15297	23
1.15308	24
1.1532	25
1.15333	26
1.15345	14
1.15358	15
1.1537	16
1.1538	17
1.1539	18
1.154	19
1.15411	20
1.15423	21
1.15435	22
1.15448	23
1.15459	24
1.15471	25
1.15483	26
1.15495	14
1.15502	15
1.15513	16
1.15524	17
1.15534	18
1.15544	19
1.15566	20
1.15578	21
1.1559	22
1.15601	23
1.15613	24
1.15625	25
1.15637	26
1.1565	14
1.15655	15
1.15666	16
1.15676	17
1.15688	18
1.157	19
1.15712	20
1.15725	21
1.15737	22
1.15749	23
1.15761	24
1.15772	25
1.15784	26
1.15797	14
1.1581	15
1.15812	16
1.15823	17
1.15834	18
1.15858	19
1.1587	20
1.15882	21
1.15894	22
1.15907	23
1.1592	24
1.15934	25
1.15946	13
1.15957	14
1.15967	15
1.15977	16
1.1598	17
1.15991	18
1.16002	19
1.16014	20
1.16027	21
1.16038	22
1.1605	23
1.16063	24
1.16075	25
1.16089	13
1.16103	14
1.16112	15
1.16122	16
1.16133	17
1.16155	18
1.16158	19
1.16169	20
1.1618	21
1.16192	22
1.16204	23
1.16217	24
1.16229	25
1.16242	13
1.16254	14
1.16266	15
1.16278	16
1.1629	17
1.16302	18
1.16314	19
1.16326	20
1.16339	21
1.1635	22
1.16361	23
1.16366	24
1.16378	25
1.16391	13
1.16404	14
1.16414	15
1.16426	16
1.16447	17
1.16458	18
1.1647	19
1.16483	20
1.16495	21
1.16508	22
1.16522	23
1.16534	24
1.16545	25
1.16549	26
1.16561	14
1.16573	15
1.16585	16
1.16595	17
1.16607	18
1.16618	19
1.1663	20
1.16642	21
1.16655	22
1.16668	23
1.16682	24
1.16694	14
1.16705	14
1.16714	15
1.16724	16
1.16736	17
1.16747	18
1.16758	19
1.16769	20
1.16781	21
1.16794	22
1.16806	23
1.1682	24
1.16832	25
1.16844	26
1.16856	15
1.16866	15
1.16876	16
1.16886	17
1.16896	18
1.16898	19
1.16909	20
1.16921	21
1.16933	22
1.16945	23
1.16958	24
1.16972	25
1.16984	14
1.16995	15
1.17006	16
1.17029	17
1.17041	18
1.17054	19
1.17067	20
1.17078	21
1.1709	22
1.17101	23
1.17104	24
1.17117	25
1.1713	14
1.17143	15
1.17153	16
1.17163	17
1.17174	18
1.17185	19
1.17197	20
1.17209	21
1.17221	22
1.17234	23
1.17248	24
1.1726	25
1.17273	14
1.17285	15
1.17294	16
1.17297	17
1.17317	18
1.17328	19
1.1734	20
1.17351	21
1.17364	22
1.17376	23
1.17389	24
1.17403	25
1.17416	14
1.17429	15
1.17439	16
1.17448	17
1.17458	18
1.17468	19
1.17471	20
1.17482	21
1.17493	22
1.17505	23
1.17517	24
1.1753	25
1.17543	14
1.17557	15
1.17568	16
1.1758	17
1.17592	18
1.17615	19
1.17627	20
1.1764	21
1.17653	22
1.17665	23
1.17676	24
1.17688	25
1.17692	26
1.17705	15
1.17718	15
1.17731	16
1.1774	17
1.1775	18
1.17761	19
1.17772	20
1.17784	21
1.17796	22
1.17809	23
1.17822	24
1.17834	25
1.17846	15
1.17859	15
1.1787	16
1.17873	17
1.17885	18
1.17906	19
1.17917	20
1.17928	21
1.17939	22
1.17951	23
1.17963	24
1.17976	25
1.17989	14
1.18003	15
1.18014	16
1.18026	17
1.18036	18
1.18046	19
1.1805	20
1.18061	21
1.18071	22
1.18083	23
1.18094	24
1.18106	25
1.18119	26
1.18132	15
1.18146	16
1.18157	17
1.18169	18
1.18181	19
1.18207	20
1.18219	21
1.18229	22
1.1824	23
1.18252	24
1.18263	25
1.18267	26
1.18279	15
1.18292	16
1.18304	17
1.18316	18
1.18328	19
1.1834	20
1.18352	21
1.18364	22
1.18375	23
1.18388	24
1.184	25
1.18414	14
1.18426	15
1.18436	16
1.18448	17
1.18459	18
1.18462	19
1.18474	20
1.18498	21
1.1851	22
1.18521	23
1.18533	24
1.18545	25
1.18558	26
1.18571	15
1.18584	15
1.18596	16
1.18607	17
1.18619	18
1.18631	19
1.18643	20
1.18654	21
1.18666	22
1.18669	23
1.1868	24
1.18691	25
1.18703	26
1.18716	14
1.18729	15
1.18741	16
1.18754	17
1.18767	18
1.18779	19
1.188	20
1.18812	21
1.18824	22
1.18836	23
1.18847	24
1.18859	25
1.18871	26
1.18883	14
1.18886	15
1.18898	16
1.1891	17
1.18922	18
1.18934	19
1.18946	20
1.18959	21
1.18972	22
1.18985	23
1.18996	24
1.19009	25
1.19021	26
1.19034	14
1.19046	15
1.19048	16
1.19058	17
1.19068	18
1.1909	19
1.19101	20
1.19113	21
1.19126	22
1.19139	23
1.19152	24
1.19165	25
1.19177	14
1.1919	14
1.19199	15
1.1921	16
1.19213	17
1.19224	18
1.19235	19
1.19246	20
1.19257	21
1.19269	22
1.19281	23
1.19293	24
1.19306	25
1.1932	13
1.19334	14
1.19345	15
1.19353	16
1.19363	17
1.19383	18
1.19387	19
1.19397	20
1.19409	21
1.19421	22
1.19433	23
1.19445	24
1.19458	25
1.19471	13
1.19485	14
1.19495	15
1.19505	16
1.19514	17
1.19523	18
1.19534	19
1.19544	20
1.19555	21
1.19567	22
1.19578	23
1.19583	24
1.19595	25
1.19608	13
1.19622	14
1.19633	15
1.19643	16
1.19665	17
1.19676	18
1.19688	19
1.197	20
1.19713	21
1.19726	22
1.19738	23
1.1975	24
1.19762	25
1.19767	14
1.1978	15
1.19791	16
1.19801	17
1.19811	18
1.19822	19
1.19834	20
1.19845	21
1.19858	22
1.1987	23
1.19884	24
1.19895	25
1.19908	14
1.19921	15
1.19929	16
1.19933	17
1.19954	18
1.19964	19
1.19976	20
1.19988	21
1.2	22
1.20013	23
1.20026	24
1.20039	25
1.20053	14
1.20064	15
1.20073	16
1.20082	17
1.20092	18
1.20102	19
1.20106	20
1.20117	21
1.20129	22
1.20141	23
1.20154	24
1.20167	25
1.2018	14
1.20194	15
1.20204	16
1.20212	17
1.20221	18
1.20241	19
1.20252	20
1.20263	21
1.20274	22
1.20286	23
1.20299	24
1.20311	25
1.20317	14
1.2033	15
1.20341	16
1.20352	17
1.20364	18
1.20376	19
1.20387	20
1.20399	21
1.20411	22
1.20424	23
1.20437	24
1.20449	25
1.20461	26
1.20474	15
1.20487	15
1.20491	16
1.20502	17
1.20512	18
1.20534	19
1.20546	20
1.20558	21
1.2057	22
1.20583	23
1.20597	24
1.20609	25
1.20621	15
1.20633	15
1.20645	16
1.20656	17
1.20659	18
1.20671	19
1.20683	20
1.20694	21
1.20706	22
1.20718	23
1.2073	24
1.20743	25
1.20756	14
1.2077	15
1.20781	16
1.20792	17
1.20804	18
1.20816	19
1.20837	20
1.20848	21
1.20851	22
1.20863	23
1.20875	24
1.20887	25
1.209	14
1.20914	15
1.20926	16
1.20938	17
1.2095	18
1.20962	19
1.20972	20
1.20983	21
1.20993	22
1.21004	23
1.21016	24
1.21028	25
1.2104	26
1.21053	15
1.21067	16
1.2107	17
1.21082	18
1.21095	19
1.21107	20
1.21126	21
1.21136	22
1.21147	23
1.21158	24
1.2117	25
1.21182	26
1.21195	15
1.21208	16
1.2122	17
1.21232	18
1.21245	19
1.21249	20
1.21261	21
1.21272	22
1.21284	23
1.21296	24
1.21308	25
1.21321	14
1.21334	15
1.21344	16
1.21355	17
1.21366	18
1.21378	19
1.21391	20
1.21403	21
1.21415	21
1.21426	21
1.21437	22
1.21449	23
1.21461	24
1.21468	25
1.21481	14
1.21493	15
1.21504	16
1.21515	17
1.21526	18
1.21537	19
1.2155	20
1.21562	21
1.21573	22
1.21583	23
1.21595	24
1.21607	25
1.21619	26
1.21632	15
1.21644	16
1.21648	17
1.21661	18
1.21674	19
1.21687	20
1.21698	21
1.21709	21
1.21719	21
1.21729	22
1.2174	23
1.21751	24
1.21763	25
1.21776	26
1.21788	15
1.21801	16
1.21813	17
1.21825	18
1.2183	19
1.21843	20
1.21854	21
1.21866	22
1.21876	23
1.21887	24
1.21898	25
1.21909	26
1.21921	15
1.21934	16
1.21945	17
1.21957	18
1.21969	19
1.21981	20
1.21993	21
1.22004	21
1.22015	21
1.22027	22
1.22032	23
1.22044	24
1.22058	25
1.22071	14
1.22083	15
1.22094	16
1.22105	17
1.22117	18
1.22129	19
1.22141	20
1.22152	21
1.22163	22
1.22174	23
1.22185	24
1.22198	25
1.2221	26
1.22223	15
1.22236	16
1.22241	17
1.22252	18
1.22264	19
1.22276	20
1.22288	21
1.223	21
1.2231	21
1.22321	22
1.22332	23
1.22344	24
1.22356	25
1.22369	26
1.22381	15
1.22395	15
1.22405	16
1.22416	17
1.22422	18
1.22434	19
1.22446	20
1.22456	21
1.22466	22
1.22477	23
1.22488	24
1.225	25
1.22512	26
1.22524	14
1.22537	15
1.22548	16
1.2256	17
1.22571	18
1.22584	19
1.22606	20
1.22612	21
1.22622	22
1.22633	23
1.22644	24
1.22656	25
1.22668	26
1.2268	14
1.22693	15
1.22705	16
1.22715	17
1.22728	18
1.2274	19
1.22751	20
1.22761	21
1.22771	22
1.22781	23
1.22792	24
1.22804	25
1.22816	26
1.22828	14
1.22835	15
1.22846	16
1.22858	17
1.22871	18
1.22892	19
1.22903	20
1.22914	21
1.22926	22
1.22938	23
1.22951	24
1.22964	25
1.22977	14
1.22991	14
1.22995	15
1.23006	16
1.23016	17
1.23027	18
1.23039	19
1.23049	20
1.2306	21
1.23071	22
1.23083	23
1.23094	24
1.23106	25
1.23119	14
1.23131	15
1.23144	16
1.2315	17
1.2316	18
1.2318	19
1.2319	20
1.23201	21
1.23212	22
1.23224	23
1.23236	24
1.23248	25
1.23261	14
1.23274	15
1.23283	16
1.23294	17
1.23306	18
1.23318	19
1.23325	20
1.23337	21
1.23349	22
1.23361	23
1.23374	24
1.23387	25
1.23399	14
1.23412	15
1.23423	16
1.23435	17
1.23447	18
1.23456	19
1.23478	20
1.23489	21
1.23501	22
1.23513	23
1.23526	24
1.23539	25
1.23547	14
1.23559	15
1.23569	16
1.23581	17
1.23593	18
1.23605	19
1.23616	20
1.23628	21
1.23638	22
1.2365	23
1.23659	24
1.23671	25
1.23683	26
1.23697	15
1.2371	16
1.23717	17
1.23728	18
1.2374	19
1.23752	20
1.23773	21
1.23784	22
1.23795	23
1.23807	24
1.23819	25
1.23832	26
1.23845	15
1.23859	16
1.23871	17
1.23878	18
1.2389	19
1.23896	20
1.23907	21
1.23919	22
1.23931	23
1.23942	24
1.23953	25
1.23964	26
1.23977	15
1.2399	15
1.24001	16
1.24014	17
1.24026	18
1.24039	19
1.24051	20
1.24072	21
1.24083	22
1.24095	23
1.24107	24
1.24114	25
1.24128	14
1.2414	15
1.24151	16
1.24162	17
1.24174	18
1.24186	19
1.24198	20
1.2421	21
1.24223	22
1.24234	23
1.24247	24
1.24259	25
1.24272	14
1.24285	15
1.24297	16
1.24299	17
1.2431	18
1.24322	19
1.24335	20
1.24346	21
1.24358	21
1.24371	21
1.24382	22
1.24393	23
1.24406	24
1.24418	25
1.24432	14
1.24445	15
1.24456	16
1.24466	17
1.24477	18
1.24479	19
1.2449	20
1.24501	21
1.24513	22
1.24526	23
1.24537	24
1.24549	25
1.24562	26
1.24574	14
1.24588	15
1.246	16
1.2461	17
1.24621	18
1.24631	19
1.24642	20
1.24666	21
1.24677	22
1.2468	23
1.24692	24
1.24704	25
1.24717	14
1.2473	15
1.24742	16
1.24754	17
1.24765	18
1.24778	19
1.2479	20
1.24804	21
1.24814	22
1.24825	23
1.24837	24
1.24848	25
1.24861	26
1.24874	15
1.24887	15
1.2489	16
1.249	17
1.24912	18
1.24924	19
1.24936	20
1.24961	21
1.24972	22
1.24983	23
1.24995	24
1.25007	25
1.25019	26
1.25032	14
1.25044	15
1.25055	16
1.25058	17
1.25069	18
1.25081	19
1.25094	20
1.25106	21
1.2512	22
1.25132	23
1.25143	24
1.25154	25
1.25166	26
1.25179	14
1.25192	15
1.25203	16
1.25213	17
1.25225	18
1.25236	19
1.25252	20
1.25264	21
1.25276	22
1.25288	23
1.25301	24
1.25314	25
1.25328	14
1.2534	15
1.25349	16
1.25359	17
1.2537	18
1.25381	19
1.25393	20
1.25405	21
1.25418	22
1.25429	23
1.25441	24
1.25453	25
1.25458	14
1.25471	15
1.25483	16
1.25494	17
1.25504	18
1.25515	19
1.25525	20
1.25549	21
1.25561	22
1.25572	23
1.25584	24
1.25596	25
1.25609	26
1.25621	15
1.25627	16
1.25638	17
1.25649	18
1.25661	19
1.25673	20
1.25686	21
1.25699	22
1.25711	23
1.25721	24
1.25732	25
1.25744	26
1.25755	15
1.25768	16
1.25779	17
1.2579	18
1.25794	19
1.25805	20
1.25817	21
1.25829	21
1.25841	21
1.25854	22
1.25867	23
1.25879	24
1.25889	25
1.259	26
1.25912	27
1.25924	16
1.25936	17
1.25946	18
1.25957	19
1.25968	20
1.25979	21
1.25991	22
1.25997	23
1.2601	24
1.26023	25
1.26036	14
1.26047	15
1.26057	16
1.26068	17
1.26078	18
1.2609	19
1.26101	20
1.26111	21
1.26123	21
1.26135	21
1.26147	22
1.2616	23
1.26173	24
1.26185	25
1.26197	15
1.26202	16
1.26213	17
1.26225	18
1.26237	19
1.26249	20
1.26261	21
1.26273	22
1.26287	23
1.26298	24
1.2631	25
1.26322	26
1.26335	15
1.26347	16
1.26358	17
1.2637	18
1.26374	19
1.26386	20
1.26397	21
1.26409	22
1.26422	21
1.26434	21
1.26447	22
1.26461	23
1.26473	24
1.26484	25
1.26495	26
1.26507	16
1.26518	17
1.26529	18
1.2654	19
1.26551	20
1.26562	21
1.26574	22
1.26579	23
1.26591	24
1.26604	25
1.26618	15
1.26632	16
1.26642	17
1.26652	18
1.26663	19
1.26674	20
1.26686	21
1.26695	22
1.26706	23
1.26718	21
1.2673	21
1.26742	22
1.26754	23
1.26768	24
1.26781	25
1.26793	15
1.26797	16
1.26807	17
1.26816	18
1.26826	19
1.26836	20
1.26846	21
1.26857	22
1.26869	23
1.26881	24
1.26893	25
1.26906	15
1.26919	16
1.26931	17
1.26942	18
1.26954	19
1.26958	20
1.26969	21
1.26981	22
1.26993	23
1.27005	21
1.27018	21
1.27031	22
1.27043	23
1.27055	24
1.27067	25
1.2708	16
1.27092	17
1.27102	18
1.27113	19
1.27125	20
1.27137	21
1.2715	22
1.27161	23
1.27173	24
1.27178	25
1.2719	26
1.27203	16
1.27216	17
1.27226	18
1.27237	19
1.27249	20
1.27261	21
1.27273	22
1.27284	23
1.27296	24
1.27308	21
1.27321	21
1.27332	22
1.27344	23
1.27356	24
1.27369	25
1.27382	16
1.27395	17
1.27397	18
1.27409	19
1.27419	20
1.27429	21
1.2744	22
1.27451	23
1.27463	24
1.27475	25
1.27488	26
1.27499	16
1.27511	17
1.27523	18
1.27535	19
1.27547	20
1.27558	21
1.2757	22
1.27582	23
1.27585	24
1.27598	21
1.27612	21
1.27624	22
1.27635	23
1.27646	24
1.27658	25
1.27669	26
1.27682	16
1.27693	17
1.27704	18
1.27715	19
1.27726	20
1.27738	21
1.2775	22
1.27763	23
1.27776	24
1.27789	25
1.27802	15
1.27813	16
1.27823	17
1.27832	18
1.27836	19
1.27847	20
1.27859	21
1.2787	22
1.27881	23
1.27893	21
1.27905	21
1.27917	22
1.2793	23
1.27943	24
1.27955	25
1.27968	26
1.2798	15
1.27992	16
1.28002	17
1.28013	18
1.28024	19
1.28036	20
1.28041	21
1.28054	22
1.28067	23
1.28079	24
1.28091	25
1.28104	26
1.28117	15
1.28129	16
1.28138	17
1.28148	18
1.28159	19
1.28169	20
1.2818	21
1.28192	21
1.28203	21
1.28216	22
1.28229	23
1.28243	24
1.28255	15
1.28266	15
1.28271	16
1.28281	17
1.28291	18
1.28302	19
1.28314	20
1.28326	21
1.28337	22
1.28348	23
1.28359	24
1.28371	25
1.28384	26
1.28397	16
1.28409	16
1.28421	17
1.28432	18
1.28437	19
1.28449	20
1.28462	21
1.28475	22
1.28487	21
1.28497	21
1.28508	22
1.28519	23
1.28531	24
1.28543	25
1.28556	26
1.28568	15
1.28579	16
1.28589	17
1.28601	18
1.28612	19
1.28624	20
1.28636	21
1.28643	22
1.28655	23
1.28667	24
1.28678	25
1.28689	26
1.28701	27
1.28713	16
1.28726	17
1.28735	18
1.28744	19
1.28756	20
1.28767	21
1.28779	21
1.28792	21
1.28805	22
1.28817	23
1.28829	24
1.2884	25
1.28853	15
1.28865	16
1.28876	17
1.28881	18
1.28891	19
1.28902	20
1.28912	21
1.28922	22
1.28934	23
1.28946	24
1.28959	25
1.28972	15
1.28984	15
1.28995	16
1.29007	17
1.29019	18
1.29029	19
1.2904	20
1.29052	21
1.29064	22
1.2907	21
1.29084	21
1.29097	22
1.2911	23
1.29121	24
1.29133	25
1.29146	26
1.29159	15
1.29171	16
1.2918	17
1.2919	18
1.292	19
1.2921	20
1.29221	21
1.29231	22
1.29243	23
1.29255	24
1.29268	25
1.29282	14
1.29294	15
1.29304	16
1.29309	17
1.2932	18
1.2933	19
1.29342	20
1.29354	21
1.29367	21
1.2938	21
1.29391	22
1.29403	23
1.29415	24
1.29427	25
1.29439	26
1.29448	15
1.29461	16
1.29472	17
1.29483	18
1.2949	19
1.29501	20
1.29513	21
1.29524	22
1.29536	23
1.29548	24
1.29561	25
1.29575	14
1.29589	15
1.29599	16
1.29609	17
1.29618	18
1.29626	19
1.29638	20
1.2965	21
1.29661	21
1.29672	21
1.29683	22
1.2969	23
1.29703	24
1.29715	25
1.29728	14
1.2974	15
1.29751	16
1.29763	17
1.29775	18
1.29787	19
1.298	20
1.29813	21
1.29823	22
1.29831	23
1.29842	24
1.29854	25
1.29866	26
1.29878	14
1.29891	15
1.29897	16
1.29908	17
1.29919	18
1.29931	19
1.29943	20
1.29967	21
1.29979	22
1.29991	23
1.30004	24
1.30017	25
1.3003	14
1.3004	15
1.30047	16
1.30057	17
1.30063	18
1.30074	19
1.30085	20
1.30097	21
1.30109	22
1.30122	23
1.30134	24
1.30146	25
1.30159	26
1.30172	14
1.30183	15
1.30194	16
1.30203	17
1.3021	18
1.30221	19
1.30231	20
1.30249	21
1.30261	22
1.30273	23
1.30285	24
1.30296	25
1.30308	26
1.30319	14
1.30331	15
1.30341	16
1.30352	17
1.30363	18
1.30374	19
1.30386	20
1.30397	21
1.3041	22
1.30423	23
1.30435	24
1.30446	25
1.30458	26
1.30468	14
1.30476	15
1.30486	16
1.30496	17
1.30507	18
1.30519	19
1.30543	20
1.30555	21
1.30568	22
1.3058	23
1.30593	24
1.30603	25
1.30614	26
1.30625	27
1.30632	15
1.30644	16
1.30654	17
1.30664	18
1.30674	19
1.30685	20
1.30696	21
1.30708	22
1.3072	23
1.30733	24
1.30746	25
1.30758	14
1.30771	14
1.30782	15
1.30793	16
1.30802	17
1.30807	18
1.30831	19
1.30844	20
1.30857	21
1.30869	22
1.30881	23
1.30892	24
1.30904	25
1.30916	26
1.30928	14
1.30941	15
1.30951	16
1.30962	17
1.30972	18
1.30983	19
1.30995	20
1.31	21
1.31012	22
1.31025	23
1.31039	24
1.31051	25
1.31062	26
1.31074	27
1.31086	14
1.31097	15
1.31107	16
1.31128	17
1.31139	18
1.31151	19
1.31162	20
1.31174	21
1.31186	22
1.31198	23
1.3121	24
1.31223	25
1.3123	13
1.31242	14
1.31253	15
1.31263	16
1.31273	17
1.31283	18
1.31294	19
1.31305	20
1.31317	21
1.31329	22
1.31342	23
1.31354	24
1.31366	25
1.31377	26
1.31381	14
1.31393	15
1.31415	16
1.31427	17
1.31439	18
1.31452	19
1.31465	20
1.31478	21
1.31489	22
1.31499	23
1.31511	24
1.31523	25
1.31535	26
1.31546	14
1.3155	15
1.3156	16
1.31571	17
1.31582	18
1.31594	19
1.31606	20
1.31619	21
1.31632	22
1.31645	23
1.31657	24
1.31669	25
1.31682	26
1.31693	14
1.31706	15
1.31716	16
1.31727	17
1.31738	18
1.3175	19
1.31762	20
1.31773	21
1.31785	22
1.31797	23
1.3181	24
1.31822	25
1.31835	26
1.31847	14
1.31859	15
1.31862	16
1.31874	17
1.31886	18
1.31898	19
1.31911	20
1.31924	21
1.31937	22
1.31947	23
1.31958	24
1.31968	25
1.31979	26
1.31991	21
1.32003	21
1.32013	22
1.32025	23
1.3203	24
1.32042	25
1.32055	13
1.32068	14
1.32079	15
1.32091	16
1.32103	17
1.32116	18
1.32127	19
1.32139	20
1.32152	21
1.32165	22
1.32176	23
1.32187	24
1.32199	25
1.32212	26
1.32215	14
1.32229	15
1.32239	16
1.32251	17
1.32263	18
1.32274	19
1.32297	20
1.3231	21
1.32322	22
1.32336	23
1.32349	24
1.3236	25
1.32371	26
1.32383	27
1.32386	14
1.32399	15
1.3241	16
1.3242	17
1.32431	18
1.32442	19
1.32454	20
1.32465	21
1.32478	22
1.32491	23
1.32504	24
1.32518	25
1.32531	13
1.32541	14
1.3255	15
1.32552	16
1.32561	17
1.32581	18
1.32592	19
1.32603	20
1.32615	21
1.32627	22
1.3264	23
1.32653	24
1.32665	25
1.32678	26
1.32691	14
1.32704	14
1.32714	15
1.32717	16
1.32726	17
1.32736	18
1.32746	19
1.32757	20
1.32768	21
1.3278	22
1.32792	23
1.32805	24
1.32818	25
1.3283	13
1.32841	14
1.32851	15
1.32873	16
1.32876	17
1.32888	18
1.329	19
1.32913	20
1.32926	21
1.3294	22
1.32951	23
1.32962	24
1.32973	25
1.32985	26
1.32996	14
1.33007	14
1.33017	15
1.33028	16
1.33039	17
1.3305	18
1.33054	19
1.33066	20
1.33079	21
1.33092	22
1.33104	23
1.33115	24
1.33127	25
1.33139	26
1.33152	21
1.33165	21
1.33175	22
1.33187	23
1.33198	24
1.3321	25
1.33223	26
1.33236	14
1.33249	14
1.33259	15
1.33263	16
1.33274	17
1.33285	18
1.33296	19
1.33308	20
1.3332	21
1.33333	22
1.33346	23
1.3336	24
1.33372	25
1.33384	14
1.33397	14
1.33406	15
1.33415	16
1.33425	17
1.33429	18
1.33451	19
1.33463	20
1.33475	21
1.33488	22
1.33501	23
1.33514	24
1.33527	25
1.33537	14
1.33549	15
1.33558	16
1.33569	17
1.3358	18
1.33591	19
1.33602	20
1.33613	21
1.33618	22
1.3363	23
1.33642	24
1.33655	25
1.33668	14
1.33682	15
1.33692	16
1.33702	17
1.33713	18
1.33725	19
1.33749	20
1.33761	21
1.33775	22
1.33787	23
1.33799	24
1.33811	25
1.33824	26
1.33837	14
1.33842	15
1.33853	16
1.33864	17
1.33875	18
1.33886	19
1.33898	20
1.3391	21
1.33922	22
1.33935	23
1.33948	24
1.33961	25
1.33973	13
1.33985	14
1.33994	15
1.33997	16
1.34007	17
1.34017	18
1.34039	19
1.34051	20
1.34063	21
1.34076	22
1.34088	23
1.34101	24
1.34113	25
1.34125	26
1.34137	14
1.34151	15
1.34163	16
1.34166	17
1.34178	18
1.3419	19
1.34203	20
1.34216	21
1.34228	22
1.3424	23
1.34252	24
1.34264	25
1.34277	14
1.34289	14
1.34299	15
1.34309	16
1.3432	17
1.34342	18
1.34347	19
1.34359	20
1.34372	21
1.34385	22
1.34399	23
1.3441	24
1.34421	25
1.34432	26
1.34443	27
1.34455	15
1.34467	15
1.34477	16
1.34487	17
1.34498	18
1.3451	19
1.34521	20
1.34533	21
1.34545	22
1.34551	23
1.34565	24
1.34578	25
1.34589	14
1.346	15
1.34609	16
1.34628	17
1.34639	18
1.3465	19
1.34661	20
1.34673	21
1.34685	22
1.34697	23
1.3471	24
1.34722	25
1.34734	26
1.34747	14
1.34753	15
1.34764	16
1.34775	17
1.34786	18
1.34798	19
1.3481	20
1.34823	21
1.34836	22
1.34848	23
1.3486	24
1.34873	25
1.34886	14
1.34896	15
1.34905	16
1.3492	17
1.34931	18
1.34943	19
1.34955	20
1.34968	21
1.3498	22
1.34993	23
1.35006	24
1.35018	25
1.35029	14
1.35041	15
1.35051	16
1.35061	17
1.35071	18
1.35083	19
1.35088	20
1.35099	21
1.3511	22
1.35122	23
1.35135	24
1.35147	25
1.35161	14
1.35173	15
1.35183	16
1.35194	17
1.35216	18
1.35228	19
1.35239	20
1.35251	21
1.35264	22
1.35277	23
1.3529	24
1.35302	25
1.35307	14
1.35318	15
1.35328	16
1.35339	17
1.3535	18
1.35362	19
1.35372	20
1.35383	21
1.35394	22
1.35406	23
1.35418	24
1.3543	25
1.35443	14
1.35457	15
1.35469	16
1.35474	17
1.35483	18
1.35502	19
1.35512	20
1.35523	21
1.35534	22
1.35546	23
1.35558	24
1.3557	25
1.35582	15
1.35595	16
1.35605	17
1.35616	18
1.35628	19
1.3564	20
1.35644	21
1.35656	22
1.35668	23
1.35681	24
1.35694	25
1.35707	15
1.35719	16
1.3573	17
1.35742	18
1.35754	19
1.35765	20
1.35775	21
1.35785	21
1.35796	21
1.35808	22
1.3582	23
1.35832	24
1.35845	25
1.35858	15
1.35871	15
1.35876	16
1.35889	17
1.35899	18
1.35909	19
1.3592	20
1.35931	21
1.35943	22
1.35953	23
1.35965	24
1.35976	25
1.35988	26
1.36001	15
1.36014	16
1.36023	17
1.36036	18
1.36041	19
1.36054	20
1.36066	21
1.36078	21
1.3609	21
1.36102	22
1.36115	23
1.36127	24
1.36139	25
1.36151	26
1.36164	15
1.36177	16
1.36186	17
1.36197	18
1.36208	19
1.3622	20
1.36232	21
1.36244	22
1.3625	23
1.36262	24
1.36275	25
1.36288	14
1.36302	15
1.36312	16
1.36324	17
1.36335	18
1.36347	19
1.36359	20
1.3637	21
1.36381	21
1.36392	21
1.36404	22
1.36413	23
1.36425	24
1.36438	25
1.36452	14
1.36459	15
1.36472	16
1.36481	17
1.36491	18
1.36502	19
1.36513	20
1.36525	21
1.36537	22
1.36548	23
1.36559	24
1.36571	25
1.36583	26
1.36595	14
1.36609	15
1.36613	16
1.36625	17
1.36637	18
1.36649	19
1.36661	20
1.36685	21
1.36696	22
1.36707	23
1.36719	24
1.36731	25
1.36743	26
1.36756	14
1.36767	15
1.36778	16
1.36782	17
1.36793	18
1.36805	19
1.36818	20
1.3683	21
1.36842	22
1.36855	23
1.36867	24
1.36881	25
1.36894	14
1.36907	15
1.36918	16
1.36928	17
1.36939	18
1.36951	19
1.36962	20
1.36979	21
1.3699	22
1.37002	23
1.37014	24
1.37026	25
1.3704	14
1.37053	15
1.37064	16
1.37075	17
1.37085	18
1.37094	19
1.37105	20
1.37117	21
1.37129	22
1.3714	23
1.37151	24
1.37163	25
1.37175	26
1.37186	14
1.37194	15
1.37205	16
1.37218	17
1.37229	18
1.37241	19
1.37254	20
1.3728	21
1.3729	22
1.373	23
1.37311	24
1.37323	25
1.37336	26
1.37349	14
1.37354	15
1.37365	16
1.37376	17
1.37388	18
1.374	19
1.37412	20
1.37425	21
1.37437	22
1.3745	23
1.37462	24
1.37475	25
1.37488	13
1.37501	14
1.37512	15
1.37515	16
1.37528	17
1.3754	18
1.37552	19
1.37577	20
1.37588	21
1.37598	22
1.3761	23
1.37621	24
1.37634	25
1.37646	26
1.37659	14
1.37671	15
1.37682	16
1.37685	17
1.37697	18
1.3771	19
1.37723	20
1.37735	21
1.37747	22
1.3776	23
1.37773	24
1.37784	25
1.37796	26
1.37809	14
1.37821	15
1.37832	16
1.37843	17
1.37854	18
1.37869	19
1.37882	20
1.37893	21
1.37905	22
1.37918	23
1.37931	24
1.37944	25
1.37956	13
1.37967	14
1.37977	15
1.37987	16
1.37999	17
1.3801	18
1.38022	19
1.38034	20
1.38045	21
1.38057	22
1.38067	23
1.38073	24
1.38086	25
1.38099	13
1.38113	14
1.38124	15
1.38134	16
1.38144	17
1.38167	18
1.38177	19
1.38188	20
1.382	21
1.38212	22
1.38224	23
1.38237	24
1.38249	25
1.38254	13
1.38266	14
1.38277	15
1.38289	16
1.38301	17
1.38314	18
1.38326	19
1.38336	20
1.38347	21
1.38359	22
1.3837	23
1.38382	24
1.38395	25
1.38408	13
1.38412	14
1.38423	15
1.38434	16
1.38455	17
1.38466	18
1.38478	19
1.38491	20
1.38504	21
1.38517	22
1.38529	23
1.38541	24
1.38554	25
1.38557	13
1.38569	14
1.3858	15
1.38591	16
1.38603	17
1.38615	18
1.38626	19
1.38638	20
1.3865	21
1.38663	22
1.38676	23
1.38689	24
1.38701	25
1.38713	14
1.38717	15
1.38727	16
1.38747	17
1.38757	18
1.38768	19
1.3878	20
1.38792	21
1.38805	22
1.38818	23
1.38832	24
1.38845	25
1.38856	14
1.38867	15
1.38869	16
1.38879	17
1.3889	18
1.38901	19
1.38913	20
1.38925	21
1.38936	22
1.38948	23
1.38961	24
1.38974	25
1.38987	14
1.39001	14
1.39011	15
1.39021	16
1.39033	17
1.39042	18
1.39052	19
1.39063	20
1.39075	21
1.39086	22
1.39099	23
1.39111	24
1.39124	25
1.39138	13
1.3915	14
1.39161	15
1.39173	16
1.39185	17
1.39197	18
1.39208	19
1.39211	20
1.39224	21
1.39236	22
1.39249	23
1.39262	24
1.39274	25
1.39287	26
1.393	14
1.39313	15
1.39333	16
1.39344	17
1.39355	18
1.39366	19
1.39378	20
1.39391	21
1.39403	22
1.39415	23
1.39428	24
1.39432	25
1.39444	26
1.39455	14
1.39467	15
1.39477	16
1.39489	17
1.395	18
1.39512	19
1.39523	20
1.39535	21
1.39547	22
1.39559	23
1.39572	24
1.39586	25
1.39599	14
1.3961	15
1.39622	16
1.39631	17
1.39641	18
1.39651	19
1.39662	20
1.39673	21
1.39685	22
1.39697	23
1.3971	24
1.39723	25
1.39734	14
1.39746	15
1.39758	16
1.39769	17
1.3978	18
1.39784	19
1.39797	20
1.39809	21
1.39821	22
1.39834	23
1.39846	24
1.39858	25
1.3987	26
1.39883	14
1.39896	15
1.39917	16
1.39927	17
1.39938	18
1.3995	19
1.39961	20
1.39973	21
1.39985	22
1.39989	23
1.40003	24
1.40015	25
1.40027	26
1.40038	15
1.4005	15
1.40061	16
1.40072	17
1.40084	18
1.40096	19
1.40107	20
1.40119	21
1.40131	22
1.40144	23
1.40157	24
1.4017	25
1.40183	14
1.40194	15
1.40206	16
1.40217	17
1.40228	18
1.40239	19
1.4025	20
1.40262	21
1.40273	22
1.40286	23
1.40298	24
1.40311	25
1.40323	14
1.40336	15
1.40347	16
1.40359	17
1.4037	18
1.40374	19
1.40387	20
1.404	21
1.4041	22
1.40421	23
1.40433	24
1.40445	25
1.40458	14
1.40471	15
1.40482	16
1.40505	17
1.40516	18
1.40527	19
1.40539	20
1.40551	21
1.40562	22
1.40575	23
1.4058	24
1.40593	25
1.40606	15
1.40618	16
1.40628	17
1.40639	18
1.4065	19
1.40661	20
1.40673	21
1.40685	22
1.40696	23
1.40708	24
1.40721	25
1.40734	15
1.40747	16
1.40758	17
1.40768	18
1.40779	19
1.40793	20
1.40805	21
1.40817	22
1.40829	23
1.40841	24
1.40853	25
1.40865	26
1.40878	15
1.40891	16
1.40902	17
1.40912	18
1.40924	19
1.40936	20
1.40949	21
1.40962	22
1.40975	23
1.40985	24
1.40996	25
1.41001	26
1.41013	15
1.41025	16
1.41037	17
1.41049	18
1.41061	19
1.41073	20
1.41096	21
1.41107	22
1.41119	23
1.41131	24
1.41144	25
1.41157	15
1.4117	16
1.41181	17
1.41193	18
1.41196	19
1.41208	20
1.4122	21
1.41231	22
1.41243	23
1.41255	24
1.41268	25
1.41281	14
1.41293	15
1.41304	16
1.41316	17
1.41327	18
1.4134	19
1.41353	20
1.41365	21
1.41376	22
1.41387	21
1.41397	21
1.41403	22
1.41415	23
1.41426	24
1.41438	25
1.41449	26
1.41462	15
1.41475	16
1.41487	17
1.41498	18
1.41509	19
1.4152	20
1.41533	21
1.41546	22
1.41559	23
1.41571	24
1.41582	25
1.41593	26
1.41605	27
1.41616	15
1.41627	16
1.41639	17
1.41644	18
1.41656	19
1.41668	20
1.41692	21
1.41704	22
1.41715	23
1.41728	24
1.4174	25
1.41753	14
1.41767	15
1.41778	16
1.41788	17
1.41797	18
1.41807	19
1.41818	20
1.41829	21
1.41834	22
1.41846	23
1.41859	24
1.41872	25
1.41884	14
1.41896	15
1.41907	16
1.41918	17
1.4193	18
1.41943	19
1.41956	20
1.41968	21
1.41978	21
1.41988	21
1.42	22
1.42011	23
1.42022	24
1.42033	25
1.42045	26
1.42051	15
1.42063	16
1.42075	17
1.42086	18
1.42097	19
1.42109	20
1.42121	21
1.42134	22
1.42147	23
1.42159	24
1.42172	25
1.42183	14
1.42194	15
1.42203	16
1.42213	17
1.42225	18
1.42229	19
1.42241	20
1.42254	21
1.42266	21
1.42278	21
1.4229	22
1.42301	23
1.42314	24
1.42326	25
1.42339	14
1.42353	15
1.42365	16
1.42374	17
1.42384	18
1.42393	19
1.42404	20
1.42415	21
1.42427	22
1.42432	23
1.42445	24
1.42458	25
1.42469	15
1.42482	16
1.42493	17
1.42505	18
1.42517	19
1.4253	20
1.42542	21
1.42554	22
1.42566	21
1.42579	21
1.4259	22
1.42602	23
1.42614	24
1.42627	25
1.42639	15
1.42651	15
1.42656	16
1.42667	17
1.42679	18
1.42691	19
1.42702	20
1.42713	21
1.42725	22
1.42738	23
1.42751	24
1.42763	25
1.42774	26
1.42787	15
1.42799	16
1.4281	17
1.4282	18
1.42826	19
1.42837	20
1.42849	21
1.42862	21
1.42873	21
1.42885	22
1.42897	23
1.42908	24
1.4292	25
1.42933	26
1.42946	15
1.42959	16
1.42971	17
1.42981	18
1.42991	19
1.43003	20
1.43015	21
1.43028	22
1.43036	23
1.43048	24
1.43059	25
1.4307	26
1.43082	15
1.43094	16
1.43106	17
1.43117	18
1.43129	19
1.43142	20
1.43153	21
1.43165	21
1.43175	21
1.43187	22
1.43199	23
1.43211	24
1.43224	25
1.43238	14
1.4325	15
1.43261	16
1.43265	17
1.43277	18
1.43289	19
1.43301	20
1.43312	21
1.43324	22
1.43336	23
1.43349	24
1.43361	25
1.43374	26
1.43386	15
1.43398	16
1.43409	17
1.43421	18
1.43432	19
1.43442	20
1.43447	21
1.43458	21
1.43469	21
1.43481	22
1.43493	23
1.43505	24
1.43516	25
1.43529	26
1.43542	15
1.43555	16
1.43566	17
1.43577	18
1.43588	19
1.436	20
1.43612	21
1.43625	22
1.43639	23
1.43649	24
1.4366	25
1.43671	26
1.43677	27
1.43689	15
1.43701	16
1.43713	17
1.43725	18
1.43737	19
1.43747	20
1.43771	21
1.43782	22
1.43794	23
1.43806	24
1.43819	25
1.43832	14
1.43845	15
1.43856	16
1.43867	17
1.43872	18
1.43883	19
1.43895	20
1.43906	21
1.43918	22
1.4393	23
1.43942	24
1.43955	25
1.43966	14
1.43978	15
1.4399	16
1.44002	17
1.44015	18
1.44028	19
1.4404	20
1.44051	21
1.44062	21
1.44066	21
1.44078	22
1.44091	23
1.44102	24
1.44114	25
1.44125	26
1.44136	14
1.44149	15
1.4416	16
1.44171	17
1.44183	18
1.44195	19
1.44207	20
1.4422	21
1.44234	22
1.44246	23
1.44258	24
1.4427	25
1.44283	26
1.44296	14
1.44302	15
1.44312	16
1.44323	17
1.44333	18
1.44344	19
1.44367	20
1.44379	21
1.4439	22
1.44401	23
1.44413	24
1.44425	25
1.44438	26
1.44451	14
1.44457	15
1.44468	16
1.44477	17
1.44487	18
1.44497	19
1.44508	20
1.4452	21
1.44532	22
1.44544	23
1.44555	24
1.44566	25
1.44578	26
1.44591	14
1.44603	15
1.44609	16
1.44621	17
1.44632	18
1.44653	19
1.44665	20
1.44678	21
1.4469	22
1.44702	23
1.44713	24
1.44725	25
1.44737	26
1.4475	14
1.44761	15
1.44772	16
1.44777	17
1.44788	18
1.44799	19
1.44811	20
1.44823	21
1.44836	22
1.44846	23
1.44858	24
1.4487	25
1.44883	14
1.44897	15
1.44909	16
1.4492	17
1.44929	18
1.44951	19
1.44956	20
1.44967	21
1.4498	22
1.44992	23
1.45003	24
1.45016	25
1.45028	26
1.4504	14
1.45051	15
1.45062	16
1.45074	17
1.45086	18
1.45098	19
1.45111	20
1.45124	21
1.45135	22
1.45146	23
1.45157	24
1.45168	25
1.45174	26
1.45186	14
1.45199	15
1.45208	16
1.4522	17
1.45243	18
1.45255	19
1.45267	20
1.45279	21
1.45291	22
1.45303	23
1.45316	24
1.4533	25
1.45341	14
1.45352	14
1.45356	15
1.45366	16
1.45374	17
1.45385	18
1.45397	19
1.45409	20
1.45421	21
1.45433	22
1.45444	23
1.45456	24
1.45468	25
1.45481	14
1.45494	15
1.45507	16
1.45512	17
1.45536	18
1.45547	19
1.45559	20
1.45569	21
1.4558	22
1.45591	23
1.45603	24
1.45615	25
1.45627	26
1.45641	15
1.45652	16
1.45663	17
1.45675	18
1.45686	19
1.45692	20
1.45704	21
1.45717	22
1.45729	23
1.45741	24
1.45751	25
1.45762	26
1.45773	15
1.45785	16
1.45796	17
1.45808	18
1.45831	19
1.45843	20
1.45854	21
1.45866	22
1.45877	23
1.4589	24
1.45902	25
1.4591	14
1.45923	15
1.45935	16
1.45946	17
1.45955	18
1.45967	19
1.45979	20
1.45992	21
1.46006	22
1.46018	23
1.46029	24
1.4604	25
1.46052	26
1.46064	15
1.46077	16
1.46081	17
1.46093	18
1.46105	19
1.46129	20
1.46141	21
1.46152	22
1.46163	23
1.46176	24
1.46188	25
1.46201	15
1.46215	15
1.46226	16
1.46237	17
1.46248	18
1.46259	19
1.46265	20
1.46276	21
1.46287	22
1.46299	23
1.46312	24
1.46325	25
1.46336	15
1.46349	16
1.46359	17
1.46369	18
1.46381	19
1.46394	20
1.46407	21
1.46419	21
1.4643	21
1.46441	22
1.46453	23
1.46464	24
1.46475	25
1.46482	26
1.46494	15
1.46507	16
1.46517	17
1.46529	18
1.4654	19
1.46551	20
1.46563	21
1.46575	22
1.46587	23
1.46601	24
1.46614	25
1.46625	15
1.46636	16
1.46646	17
1.46657	18
1.46668	19
1.46673	20
1.46685	21
1.46697	22
1.4671	21
1.46722	21
1.46733	22
1.46744	23
1.46755	24
1.46767	25
1.4678	26
1.46793	15
1.46807	16
1.46818	17
1.4683	18
1.46842	19
1.46853	20
1.46864	21
1.46875	22
1.46887	23
1.46892	24
1.46904	25
1.46917	15
1.46929	15
1.4694	16
1.46951	17
1.46963	18
1.46973	19
1.46986	20
1.46999	21
1.47012	21
1.47022	21
1.47033	22
1.47045	23
1.47057	24
1.47069	25
1.4708	26
1.47086	15
1.47098	16
1.47109	17
1.47121	18
1.47133	19
1.47146	20
1.47157	21
1.47168	22
1.47179	23
1.47192	24
1.47205	25
1.47217	15
1.47228	15
1.47238	16
1.47248	17
1.47259	18
1.47263	19
1.47275	20
1.47287	21
1.473	21
1.47311	21
1.47323	22
1.47335	23
1.47347	24
1.47359	25
1.47371	26
1.47382	15
1.47396	16
1.47408	17
1.47419	18
1.4743	19
1.47442	20
1.47453	21
1.47464	22
1.47469	23
1.4748	24
1.47493	25
1.47505	26
1.47518	15
1.4753	16
1.47542	17
1.47552	18
1.47563	19
1.47575	20
1.47588	21
1.476	21
1.47612	21
1.47622	22
1.47634	23
1.47646	24
1.47658	25
1.47669	26
1.47681	15
1.47693	16
1.47697	17
1.47708	18
1.4772	19
1.47732	20
1.47743	21
1.47754	22
1.47766	23
1.47778	24
1.47792	25
1.47804	15
1.47815	16
1.47825	17
1.47835	18
1.47846	19
1.47857	20
1.47869	21
1.47874	22
1.47887	21
1.47899	21
1.4791	22
1.47923	23
1.47936	24
1.47948	25
1.4796	26
1.47971	15
1.47983	16
1.47995	17
1.48007	18
1.48018	19
1.4803	20
1.4804	21
1.48052	22
1.48063	23
1.48076	24
1.48088	25
1.48101	14
1.48112	15
1.48118	16
1.48129	17
1.4814	18
1.4815	19
1.48163	20
1.48176	21
1.48188	21
1.482	21
1.48212	22
1.48225	23
1.48238	24
1.48251	25
1.48261	15
1.48271	15
1.48281	16
1.48288	17
1.48299	18
1.48311	19
1.48323	20
1.48334	21
1.48346	22
1.48355	23
1.48368	24
1.48381	25
1.48393	14
1.48406	15
1.48417	16
1.48426	17
1.48439	18
1.48451	19
1.48464	20
1.48473	21
1.48483	21
1.48495	21
1.48506	22
1.48518	23
1.4853	24
1.48542	25
1.48553	26
1.48564	15
1.48576	16
1.48588	17
1.486	18
1.48612	19
1.48623	20
1.48635	21
1.48648	22
1.48661	23
1.48674	24
1.48686	25
1.48697	15
1.48705	16
1.48715	17
1.48726	18
1.48737	19
1.48746	20
1.48758	21
1.4877	22
1.48783	21
1.48795	21
1.48806	22
1.48817	23
1.4883	24
1.48842	25
1.48854	15
1.48865	16
1.48872	17
1.48883	18
1.48894	19
1.48905	20
1.48917	21
1.48928	22
1.4894	23
1.48951	24
1.48962	25
1.48975	16
1.48987	17
1.48998	18
1.4901	19
1.49021	20
1.49031	21
1.49044	22
1.49052	23
1.49066	24
1.49077	21
1.49089	21
1.491	22
1.49112	23
1.49124	24
1.49136	25
1.49148	26
1.49159	16
1.4917	17
1.49182	18
1.49194	19
1.49207	20
1.49219	21
1.49231	22
1.49243	23
1.49255	24
1.49267	25
1.49279	16
1.4929	16
1.493	17
1.49308	18
1.49318	19
1.49329	20
1.49341	21
1.4935	22
1.49363	23
1.49376	21
1.49388	21
1.494	22
1.49413	23
1.49426	24
1.49438	25
1.49451	16
1.4946	17
1.4947	18
1.49481	19
1.49492	20
1.49502	21
1.49514	22
1.49525	23
1.49537	24
1.49549	25
1.49561	26
1.49574	16
1.49586	17
1.49594	18
1.49606	19
1.49618	20
1.4963	21
1.49641	22
1.49654	23
1.49666	24
1.49677	21
1.49689	21
1.497	22
1.49711	23
1.49724	24
1.49733	25
1.49745	26
1.49757	16
1.4977	17
1.49782	18
1.49792	19
1.49805	20
1.49817	21
1.49829	22
1.49842	23
1.49855	24
1.49867	25
1.49878	26
1.49888	16
1.49899	17
1.4991	18
1.49921	19
1.49932	20
1.49943	21
1.49954	22
1.49967	23
1.4998	21
1.49991	21
1.50001	22
1.50013	23
1.50025	24
1.50038	25
1.50051	15
1.50064	16
1.50074	17
1.50084	18
1.50096	19
1.50108	20
1.5012	21
1.50132	22
1.50143	23
1.50156	24
1.50168	25
1.50181	15
1.50193	16
1.50201	17
1.50211	18
1.50221	19
1.50231	20
1.50242	21
1.50253	22
1.50265	23
1.50278	21
1.5029	21
1.50302	22
1.50313	23
1.50324	24
1.50336	25
1.50349	26
1.5036	16
1.50374	17
1.50383	18
1.50395	19
1.50407	20
1.50418	21
1.50429	22
1.50439	23
1.50451	24
1.50463	25
1.50475	16
1.50488	16
1.50499	17
1.5051	18
1.50521	19
1.50534	20
1.50546	21
1.50556	22
1.5057	23
1.5058	21
1.50591	21
1.50602	22
1.50614	23
1.50627	24
1.50638	25
1.50649	26
1.50659	16
1.50672	17
1.50683	18
1.50696	19
1.50709	20
1.5072	21
1.50732	22
1.50744	23
1.50758	24
1.50769	25
1.50782	26
1.50793	16
1.50804	17
1.50814	18
1.50824	19
1.50836	20
1.50847	21
1.50857	22
1.5087	23
1.50882	21
1.50895	21
1.50906	22
1.50917	23
1.50928	24
1.50939	25
1.50951	26
1.50963	16
1.50975	16
1.50986	17
1.50998	18
1.5101	19
1.51022	20
1.51032	21
1.51044	22
1.51057	23
1.5107	24
1.51083	25
1.51094	15
1.51103	16
1.51114	17
1.51124	18
1.51135	19
1.51146	20
1.51158	21
1.5117	22
1.51183	21
1.51196	21
1.51208	22
1.5122	23
1.51232	24
1.51245	25
1.51258	15
1.51268	16
1.51276	17
1.51288	18
1.513	19
1.51312	20
1.51323	21
1.51334	22
1.51346	23
1.51359	24
1.51371	25
1.51385	15
1.51397	16
1.51406	17
1.51416	18
1.51427	19
1.51435	20
1.51447	21
1.51457	22
1.51469	23
1.51482	21
1.51494	21
1.51507	22
1.51519	23
1.51532	24
1.51544	25
1.51555	26
1.51567	15
1.51579	16
1.5159	17
1.51601	18
1.51612	19
1.51624	20
1.51635	21
1.51647	22
1.51657	23
1.51669	24
1.51682	25
1.51694	14
1.51704	15
1.51716	16
1.51728	17
1.5174	18
1.51751	19
1.51764	20
1.51776	21
1.51787	21
1.51798	21
1.5181	22
1.51822	23
1.51833	24
1.51845	25
1.51858	26
1.51866	15
1.51879	16
1.51891	17
1.51902	18
1.51914	19
1.51924	20
1.51935	21
1.51946	22
1.51956	23
1.51968	24
1.5198	25
1.51994	14
1.52006	15
1.52016	16
1.52028	17
1.52039	18
1.52046	19
1.52059	20
1.52072	21
1.52083	21
1.52094	21
1.52105	22
1.52117	23
1.52129	24
1.52141	25
1.52152	26
1.52163	15
1.52176	15
1.52187	16
1.52199	17
1.52211	18
1.52224	19
1.52236	20
1.52247	21
1.52255	22
1.52268	23
1.52281	24
1.52292	25
1.52304	26
1.52315	27
1.52327	15
1.52338	16
1.5235	17
1.52362	18
1.52374	19
1.524	20
1.52412	21
1.52425	22
1.52438	23
1.52448	24
1.52459	25
1.5247	26
1.52482	15
1.52494	15
1.52501	16
1.5251	17
1.52522	18
1.52534	19
1.52546	20
1.52558	21
1.5257	22
1.52583	23
1.52596	24
1.52607	25
1.52618	26
1.5263	27
1.52642	15
1.52652	16
1.52663	17
1.52672	18
1.52693	19
1.52704	20
1.52716	21
1.52729	22
1.52741	23
1.52753	24
1.52765	25
1.52778	26
1.52791	14
1.52805	15
1.52815	16
1.52825	17
1.52837	18
1.52848	19
1.5286	20
1.52869	21
1.52881	22
1.52893	23
1.52902	24
1.52913	25
1.52925	26
1.52937	14
1.5295	15
1.52962	16
1.52974	17
1.52999	18
1.53008	19
1.53019	20
1.53031	21
1.53042	22
1.53055	23
1.53066	24
1.53078	25
1.5309	26
1.531	14
1.53109	15
1.53121	16
1.53133	17
1.53144	18
1.53156	19
1.53168	20
1.53181	21
1.53193	22
1.53205	23
1.53215	24
1.53226	25
1.53238	26
1.53251	14
1.53264	15
1.53268	16
1.53292	17
1.53303	18
1.53315	19
1.53327	20
1.5334	21
1.53353	22
1.53365	23
1.53376	24
1.53387	25
1.53398	26
1.5341	14
1.53422	15
1.53433	16
1.53438	17
1.53449	18
1.5346	19
1.53472	20
1.53484	21
1.53497	22
1.5351	23
1.53522	24
1.53535	25
1.53548	13
1.53562	14
1.53572	15
1.5359	16
1.536	17
1.53609	18
1.53617	19
1.53629	20
1.53642	21
1.53655	22
1.53667	23
1.53679	24
1.53692	25
1.53705	13
1.53715	14
1.53725	15
1.53734	16
1.53743	17
1.53754	18
1.53765	19
1.53776	20
1.53789	21
1.538	22
1.53813	23
1.53821	24
1.53833	25
1.53846	14
1.53858	15
1.5388	16
1.53891	17
1.53903	18
1.53915	19
1.53927	20
1.5394	21
1.53953	22
1.53964	23
1.53975	24
1.53986	25
1.53998	26
1.54009	14
1.54016	15
1.54026	16
1.54036	17
1.54047	18
1.54059	19
1.54071	20
1.54084	21
1.54096	22
1.5411	23
1.54121	24
1.54132	25
1.54143	26
1.54155	15
1.5417	15
1.5418	16
1.54191	17
1.54202	18
1.54214	19
1.54226	20
1.54238	21
1.54251	22
1.54264	23
1.54277	24
1.54288	25
1.54299	26
1.5431	27
1.54318	16
1.54325	16
1.54335	17
1.54345	18
1.54356	19
1.54368	20
1.5438	21
1.54392	22
1.54405	23
1.54419	24
1.54431	25
1.54444	14
1.54466	15
1.54478	16
1.54489	17
1.54492	18
1.54504	19
1.54517	20
1.5453	21
1.54543	22
1.54555	23
1.54566	24
1.54578	25
1.5459	26
1.54602	15
1.54614	16
1.54625	17
1.54636	18
1.54648	19
1.54659	20
1.54671	21
1.54684	22
1.54688	23
1.54701	24
1.54714	25
1.54725	26
1.54736	27
1.54748	21
1.54761	21
1.54771	22
1.54783	23
1.54794	24
1.54806	25
1.54819	26
1.54832	15
1.54846	15
1.54858	16
1.54867	17
1.54877	18
1.54888	19
1.54899	20
1.5491	21
1.54921	22
1.54931	23
1.54936	24
1.54948	25
1.5496	26
1.54973	14
1.54986	15
1.54998	16
1.5501	17
1.55023	18
1.55035	19
1.55058	20
1.5507	21
1.55082	22
1.55095	23
1.55106	24
1.55118	25
1.5513	26
1.55142	14
1.55148	15
1.5516	16
1.55172	17
1.55184	18
1.55197	19
1.55208	20
1.5522	21
1.55233	22
1.55246	23
1.55258	24
1.55269	25
1.5528	26
1.55291	27
1.55303	15
1.55307	16
1.55319	17
1.5533	18
1.55355	19
1.55366	20
1.55378	21
1.55391	22
1.55404	23
1.55416	24
1.55428	25
1.55439	26
1.55451	27
1.55463	15
1.55475	16
1.55478	17
1.55489	18
1.55501	19
1.55514	20
1.55525	21
1.55537	22
1.5555	23
1.55562	24
1.55575	25
1.55587	14
1.556	15
1.55611	16
1.55623	17
1.55636	18
1.55658	19
1.55663	20
1.55673	21
1.55684	22
1.55696	23
1.55708	24
1.55721	25
1.55732	14
1.55744	15
1.55756	16
1.55767	17
1.55779	18
1.55792	19
1.55805	20
1.55817	21
1.55828	22
1.55839	23
1.5585	24
1.55861	25
1.55873	26
1.55879	15
1.55891	16
1.55902	17
1.55913	18
1.55925	19
1.5595	20
1.55963	21
1.55976	22
1.55987	23
1.55998	24
1.5601	25
1.56023	26
1.56034	15
1.56046	16
1.56056	17
1.5606	18
1.56071	19
1.56083	20
1.56096	21
1.56108	22
1.5612	23
1.56132	24
1.56144	25
1.56157	14
1.56171	15
1.56181	16
1.56191	17
1.56201	18
1.56212	19
1.56222	20
1.56245	21
1.5625	22
1.56262	23
1.56274	24
1.56286	25
1.56299	15
1.56312	16
1.56323	17
1.56334	18
1.56346	19
1.56358	20
1.5637	21
1.56383	22
1.56395	23
1.56406	24
1.56417	25
1.56429	26
1.56441	15
1.56453	16
1.56464	17
1.56476	18
1.56481	19
1.56493	20
1.56505	21
1.56517	22
1.5653	21
1.56543	21
1.56554	22
1.56565	23
1.56576	24
1.56588	25
1.566	26
1.56613	15
1.56625	16
1.56636	17
1.56647	18
1.56659	19
1.5667	20
1.56681	21
1.56689	22
1.567	23
1.56712	24
1.56725	25
1.56738	15
1.56751	16
1.56762	17
1.56773	18
1.56783	19
1.56793	20
1.56804	21
1.56815	22
1.56828	21
1.5684	21
1.56852	22
1.56864	23
1.56876	24
1.56887	25
1.56901	15
1.56912	16
1.56919	17
1.56929	18
1.56939	19
1.5695	20
1.56961	21
1.56973	22
1.56985	23
1.56998	24
1.57009	25
1.57021	26
1.57034	15
1.57047	16
1.57059	17
1.57069	18
1.57079	19
1.57091	20
1.57098	21
1.57111	22
1.57123	21
1.57135	21
1.57147	22
1.57159	23
1.5717	24
1.57182	25
1.57195	15
1.57208	16
1.57219	17
1.57231	18
1.57243	19
1.57255	20
1.57267	21
1.57279	22
1.57289	23
1.57301	24
1.57314	25
1.57327	15
1.57335	16
1.57346	17
1.57356	18
1.57366	19
1.57376	20
1.57388	21
1.574	22
1.57412	23
1.57425	21
1.57437	21
1.57449	22
1.57462	23
1.57474	24
1.57488	25
1.57498	15
1.57503	16
1.57513	17
1.57523	18
1.57534	19
1.57546	20
1.57558	21
1.5757	22
1.57583	23
1.57595	24
1.57608	25
1.57621	15
1.57634	16
1.57645	17
1.57655	18
1.57665	19
1.57668	20
1.57679	21
1.57691	22
1.57703	23
1.57716	21
1.57729	21
1.5774	22
1.57752	23
1.57765	24
1.57778	25
1.57791	15
1.57802	15
1.57812	16
1.57823	17
1.57833	18
1.57845	19
1.57856	20
1.57868	21
1.57879	22
1.57883	23
1.57895	24
1.57907	25
1.5792	15
1.57933	16
1.57944	17
1.57955	18
1.57967	19
1.57979	20
1.57992	21
1.58005	22
1.58017	21
1.58029	21
1.58041	22
1.58053	23
1.58065	24
1.58078	25
1.5809	15
1.58102	16
1.58105	17
1.58117	18
1.58129	19
1.58142	20
1.58155	21
1.58167	22
1.58178	23
1.58189	24
1.58201	25
1.58214	26
1.58227	15
1.58239	16
1.5825	17
1.58262	18
1.58272	19
1.58285	20
1.58289	21
1.58302	22
1.58315	21
1.58326	21
1.58337	22
1.58349	23
1.58361	24
1.58374	25
1.58385	15
1.58397	16
1.58408	17
1.58419	18
1.58431	19
1.58444	20
1.58457	21
1.58469	22
1.5848	23
1.58491	24
1.58503	25
1.58515	26
1.58521	15
1.58534	16
1.58544	17
1.58554	18
1.58565	19
1.58576	20
1.58588	21
1.58601	22
1.58614	21
1.58627	21
1.58637	22
1.58649	23
1.5866	24
1.58672	25
1.58684	26
1.58694	16
1.58701	17
1.58712	18
1.58723	19
1.58735	20
1.58747	21
1.58759	22
1.58771	23
1.58783	24
1.58796	25
1.58809	15
1.58823	16
1.58832	17
1.58842	18
1.58853	19
1.58864	20
1.58875	21
1.5888	22
1.58892	23
1.58904	21
1.58917	21
1.58929	22
1.58941	23
1.58954	24
1.58967	25
1.58979	15
1.58991	16
1.59002	17
1.59014	18
1.59027	19
1.5904	20
1.59051	21
1.59062	22
1.59073	23
1.59085	24
1.59096	25
1.59107	26
1.59119	16
1.59126	17
1.59137	18
1.59148	19
1.59159	20
1.59171	21
1.59184	22
1.59197	23
1.59211	21
1.59222	21
1.59232	22
1.59244	23
1.59255	24
1.59268	25
1.59279	26
1.5929	16
1.59302	17
1.59307	18
1.59319	19
1.59331	20
1.59343	21
1.59356	22
1.59368	23
1.59378	24
1.59389	25
1.59401	26
1.59413	16
1.59425	17
1.59436	18
1.59446	19
1.59457	20
1.59469	21
1.59481	22
1.59493	23
1.59501	21
1.59514	21
1.59526	22
1.59538	23
1.5955	24
1.59563	25
1.59575	15
1.59587	16
1.59596	17
1.59606	18
1.59617	19
1.59628	20
1.59639	21
1.59652	22
1.59664	23
1.59676	24
1.59688	25
1.59701	26
1.59714	16
1.59727	17
1.59736	18
1.59741	19
1.59751	20
1.59762	21
1.59773	22
1.59785	23
1.59796	21
1.59809	21
1.59822	22
1.59833	23
1.59846	24
1.59857	25
1.59869	26
1.59881	15
1.59894	16
1.59906	17
1.59917	18
1.59927	19
1.5994	20
1.59949	21
1.59961	22
1.59972	23
1.59983	24
1.59995	25
1.60008	26
1.60019	15
1.60031	16
1.6004	17
1.60052	18
1.60064	19
1.60077	20
1.6009	21
1.60102	21
1.60114	21
1.60126	22
1.60135	23
1.60146	24
1.60156	25
1.60166	26
1.60176	27
1.60187	16
1.602	17
1.60211	18
1.6022	19
1.60232	20
1.60245	21
1.60258	22
1.60271	23
1.60284	24
1.60295	25
1.60307	26
1.6032	15
1.60331	16
1.6034	17
1.60351	18
1.60363	19
1.60374	20
1.60383	21
1.60395	21
1.60408	21
1.60421	22
1.60431	23
1.60442	24
1.60453	25
1.60463	26
1.60475	27
1.60487	15
1.60497	16
1.60508	17
1.60519	18
1.60531	19
1.60543	20
1.60556	21
1.60569	22
1.60582	23
1.60593	24
1.60602	25
1.6061	26
1.60621	27
1.60632	15
1.60644	16
1.60654	17
1.60665	18
1.60676	19
1.60701	20
1.60713	21
1.60725	22
1.60736	23
1.60748	24
1.6076	25
1.60773	26
1.60787	15
1.608	15
1.6081	16
1.60815	17
1.60826	18
1.60838	19
1.6085	20
1.60862	21
1.60875	22
1.60886	23
1.60898	24
1.6091	25
1.60921	26
1.60934	14
1.60947	15
1.60958	16
1.60969	17
1.6098	18
1.60999	19
1.61012	20
1.61023	21
1.61035	22
1.61047	23
1.61059	24
1.61071	25
1.61083	26
1.61095	14
1.61107	15
1.61117	16
1.61128	17
1.6114	18
1.61151	19
1.61164	20
1.61177	21
1.61189	22
1.612	23
1.61208	24
1.6122	25
1.61233	14
1.61246	15
1.61257	16
1.61265	17
1.61277	18
1.61302	19
1.61315	20
1.61325	21
1.61336	22
1.61347	23
1.61359	24
1.61372	25
1.61385	14
1.61398	15
1.61405	16
1.61415	17
1.61427	18
1.61438	19
1.61446	20
1.61459	21
1.61472	22
1.61484	23
1.61495	24
1.61507	25
1.61519	26
1.61531	15
1.61544	16
1.61555	17
1.61566	18
1.61574	19
1.61598	20
1.6161	21
1.61622	22
1.61633	23
1.61646	24
1.61658	25
1.61668	14
1.6168	15
1.61692	16
1.61703	17
1.61714	18
1.61725	19
1.61736	20
1.61748	21
1.6176	22
1.61772	23
1.61782	24
1.61794	25
1.61806	15
1.61818	16
1.6183	17
1.61839	18
1.61852	19
1.61865	20
1.61877	21
1.61888	21
1.61899	21
1.61911	22
1.61923	23
1.61934	24
1.61946	25
1.61958	26
1.6197	15
1.61984	16
1.61991	17
1.62003	18
1.62015	19
1.62026	20
1.62036	21
1.62049	22
1.62062	23
1.62075	24
1.62086	25
1.62097	26
1.62109	16
1.62121	17
1.62133	18
1.62144	19
1.62156	20
1.62168	21
1.62177	22
1.62189	21
1.62201	21
1.62212	22
1.62224	23
1.62237	24
1.62248	25
1.62261	15
1.62273	16
1.62284	17
1.62296	18
1.62307	19
1.62319	20
1.6233	21
1.62341	22
1.62353	23
1.62364	24
1.62377	25
1.6239	15
1.62402	16
1.62413	17
1.62421	18
1.62433	19
1.62443	20
1.62456	21
1.62469	22
1.62481	23
1.62492	21
1.62503	21
1.62514	22
1.62526	23
1.62537	24
1.62549	25
1.62561	26
1.62572	15
1.62585	16
1.62597	17
1.62609	18
1.62616	19
1.62629	20
1.62642	21
1.62653	22
1.62663	23
1.62674	24
1.62686	25
1.62698	26
1.6271	15
1.62722	16
1.62732	17
1.62743	18
1.62754	19
1.62767	20
1.62779	21
1.62793	21
1.62805	21
1.62817	22
1.62823	23
1.62833	24
1.62844	25
1.62855	26
1.62866	27
1.62878	16
1.62891	16
1.62902	17
1.62913	18
1.62925	19
1.62937	20
1.62949	21
1.6296	22
1.62972	23
1.62985	24
1.62997	25
1.6301	26
1.63023	15
1.63036	16
1.63048	17
1.63058	18
1.63063	19
1.63075	20
1.63099	21
1.6311	22
1.63122	23
1.63133	24
1.63144	25
1.63156	26
1.63168	15
1.63181	16
1.63193	17
1.63206	18
1.63218	19
1.63231	20
1.63242	21
1.63252	22
1.63264	23
1.6327	24
1.63282	25
1.63294	26
1.63305	15
1.63317	16
1.63328	17
1.63339	18
1.63349	19
1.63361	20
1.63374	21
1.63388	21
1.634	21
1.63411	22
1.63421	23
1.63431	24
1.63442	25
1.63454	26
1.63466	27
1.63478	15
1.63483	16
1.63494	17
1.63506	18
1.63518	19
1.6353	20
1.63542	21
1.63554	22
1.63567	23
1.63578	24
1.6359	25
1.63603	26
1.63616	15
1.63628	16
1.63638	17
1.63649	18
1.63653	19
1.63665	20
1.6369	21
1.63703	22
1.63714	23
1.63725	24
1.63736	25
1.63748	26
1.63761	15
1.63774	15
1.63786	16
1.63796	17
1.63807	18
1.63819	19
1.63831	20
1.63843	21
1.63855	22
1.63859	23
1.63872	24
1.63884	25
1.63896	26
1.63909	14
1.63921	15
1.63932	16
1.63943	17
1.63955	18
1.63968	19
1.63994	20
1.64005	21
1.64015	22
1.64027	23
1.64039	24
1.64051	25
1.64063	26
1.64075	14
1.64079	15
1.6409	16
1.64101	17
1.64112	18
1.64124	19
1.64136	20
1.64149	21
1.64162	22
1.64174	23
1.64185	24
1.64197	25
1.64209	26
1.64221	14
1.64233	15
1.64235	16
1.64246	17
1.64257	18
1.64281	19
1.64293	20
1.64306	21
1.64318	22
1.64331	23
1.64344	24
1.64357	25
1.64368	14
1.64379	14
1.64388	15
1.64398	16
1.64401	17
1.64412	18
1.64423	19
1.64435	20
1.64447	21
1.6446	22
1.64471	23
1.64484	24
1.64496	25
1.6451	14
1.64522	14
1.64531	15
1.64541	16
1.64551	17
1.64573	18
1.64576	19
1.64588	20
1.64601	21
1.64612	22
1.64624	23
1.64636	24
1.64648	25
1.64662	13
1.64674	14
1.64685	15
1.64696	16
1.64708	17
1.6472	18
1.64733	19
1.64745	20
1.64756	21
1.64767	22
1.64778	23
1.64782	24
1.64795	25
1.64807	26
1.6482	14
1.64832	15
1.64843	16
1.64867	17
1.64879	18
1.6489	19
1.64902	20
1.64915	21
1.64928	22
1.64941	23
1.64953	24
1.64964	25
1.64975	26
1.64987	27
1.64992	14
1.65004	15
1.65015	16
1.65027	17
1.65039	18
1.65051	19
1.65063	20
1.65075	21
1.65087	22
1.651	23
1.65112	24
1.65123	25
1.65134	26
1.65145	27
1.65157	21
1.65162	21
1.65174	22
1.65186	23
1.65197	24
1.65209	25
1.65221	26
1.65234	14
1.65246	15
1.65257	16
1.65268	17
1.6528	18
1.65292	19
1.65304	20
1.65317	21
1.6533	22
1.65342	23
1.65352	24
1.65364	25
1.65375	26
1.65388	14
1.65393	15
1.65404	16
1.65415	17
1.65426	18
1.65437	19
1.65462	20
1.65475	21
1.65488	22
1.65501	23
1.65512	24
1.65523	25
1.65533	26
1.65543	27
1.65549	14
1.6556	15
1.6557	16
1.65581	17
1.65592	18
1.65604	19
1.65616	20
1.65629	21
1.65642	22
1.65654	23
1.65666	24
1.65679	25
1.65691	13
1.65704	14
1.65713	15
1.65716	16
1.65726	17
1.65748	18
1.6576	19
1.65771	20
1.65784	21
1.65795	22
1.65807	23
1.65818	24
1.6583	25
1.65842	26
1.65855	14
1.65867	15
1.65878	16
1.65882	17
1.65895	18
1.65908	19
1.6592	20
1.65932	21
1.65943	22
1.65954	23
1.65965	24
1.65977	25
1.6599	26
1.66001	14
1.66013	15
1.66024	16
1.66046	17
1.66058	18
1.66062	19
1.66075	20
1.66088	21
1.661	22
1.66111	23
1.66121	24
1.66132	25
1.66143	26
1.66155	27
1.66167	14
1.66179	15
1.6619	16
1.66202	17
1.66213	18
1.66224	19
1.66237	20
1.66249	21
1.66261	22
1.66267	23
1.6628	24
1.66293	25
1.66304	26
1.66315	27
1.66327	21
1.66338	21
1.6635	22
1.66362	23
1.66375	24
1.66386	25
1.66398	26
1.66409	14
1.66421	15
1.66431	16
1.66442	17
1.66453	18
1.66465	19
1.66478	20
1.66491	21
1.66504	22
1.66515	23
1.66522	24
1.66533	25
1.66544	26
1.66556	14
1.66567	15
1.66578	16
1.66588	17
1.66598	18
1.66609	19
1.66633	20
1.66646	21
1.66659	22
1.66671	23
1.66683	24
1.66695	25
1.66707	26
1.66718	14
1.66723	15
1.66733	16
1.66743	17
1.66754	18
1.66764	19
1.66776	20
1.66788	21
1.66801	22
1.66814	23
1.66826	24
1.66838	25
1.66851	14
1.66864	14
1.66875	15
1.66879	16
1.6689	17
1.66902	18
1.66927	19
1.6694	20
1.66951	21
1.66962	22
1.66973	23
1.66985	24
1.66997	25
1.67007	26
1.67019	15
1.67031	15
1.67042	16
1.67046	17
1.67058	18
1.6707	19
1.67083	20
1.67096	21
1.67109	22
1.67121	23
1.67132	24
1.67143	25
1.67155	26
1.67168	14
1.67179	15
1.67188	16
1.67199	17
1.67222	18
1.67226	19
1.67238	20
1.67251	21
1.67263	22
1.67276	23
1.67289	24
1.67302	25
1.67314	14
1.67326	15
1.67336	16
1.67346	17
1.67356	18
1.67367	19
1.67379	20
1.67391	21
1.67403	22
1.67415	23
1.67427	24
1.67433	25
1.67446	26
1.67459	15
1.67471	15
1.67482	16
1.67494	17
1.67519	18
1.67532	19
1.67541	20
1.67551	21
1.67562	22
1.67574	23
1.67586	24
1.67597	25
1.67609	26
1.67621	15
1.67627	15
1.67638	16
1.6765	17
1.67662	18
1.67674	19
1.67687	20
1.67699	21
1.67712	22
1.67725	23
1.67737	24
1.67749	25
1.6776	26
1.67771	15
1.67782	16
1.67786	17
1.67809	18
1.67822	19
1.67834	20
1.67846	21
1.67858	22
1.67871	23
1.67884	24
1.67896	25
1.67907	15
1.67919	15
1.67929	16
1.67939	17
1.6795	18
1.67961	19
1.67966	20
1.67978	21
1.6799	22
1.68003	23
1.68014	24
1.68027	25
1.68039	26
1.68052	15
1.68065	16
1.68076	17
1.68088	18
1.68113	19
1.68125	20
1.68136	21
1.68147	22
1.68158	23
1.6817	24
1.68181	25
1.68187	26
1.68199	15
1.68212	16
1.68223	17
1.68234	18
1.68246	19
1.68258	20
1.68271	21
1.68285	22
1.68296	23
1.68307	24
1.68318	25
1.68329	26
1.68341	15
1.68353	16
1.68365	17
1.68376	18
1.6838	19
1.68403	20
1.68416	21
1.68429	22
1.68442	23
1.68454	24
1.68466	25
1.68476	26
1.68487	27
1.68499	15
1.68511	16
1.6852	17
1.68532	18
1.68543	19
1.68555	20
1.68568	21
1.68581	22
1.68586	23
1.68598	24
1.6861	25
1.68623	15
1.68636	16
1.68649	17
1.68659	18
1.68669	19
1.6868	20
1.68702	21
1.68714	22
1.68727	23
1.68739	24
1.68751	25
1.68764	26
1.68777	15
1.68789	16
1.68801	17
1.68805	18
1.68817	19
1.68829	20
1.68842	21
1.68855	22
1.68867	23
1.6888	24
1.6889	25
1.68902	26
1.68913	16
1.68925	17
1.68936	18
1.68948	19
1.68961	20
1.68972	21
1.68985	22
1.68997	21
1.69003	21
1.69016	22
1.69029	23
1.6904	24
1.69051	25
1.69062	26
1.69075	16
1.69087	16
1.69098	17
1.69108	18
1.69119	19
1.6913	20
1.69142	21
1.69155	22
1.69168	23
1.69181	24
1.69193	25
1.69204	15
1.69215	16
1.69224	17
1.6923	18
1.69241	19
1.69252	20
1.69264	21
1.69276	22
1.69287	21
1.69299	21
1.69311	22
1.69324	23
1.69335	24
1.69347	25
1.6936	26
1.69373	16
1.69387	17
1.69398	18
1.69407	19
1.69417	20
1.69422	21
1.69434	22
1.69445	23
1.69457	24
1.6947	25
1.69483	15
1.69495	16
1.69506	17
1.69517	18
1.69528	19
1.6954	20
1.69553	21
1.69565	22
1.69577	23
1.6959	21
1.69602	21
1.69612	22
1.69624	23
1.69635	24
1.69646	25
1.69653	26
1.69665	16
1.69677	16
1.69689	17
1.697	18
1.69711	19
1.69722	20
1.69734	21
1.69746	22
1.69759	23
1.69772	24
1.69784	25
1.69795	26
1.69806	27
1.69818	16
1.69829	17
1.6984	18
1.69845	19
1.69857	20
1.69868	21
1.6988	21
1.69892	21
1.69904	22
1.69917	23
1.69929	24
1.69942	25
1.69954	15
1.69968	16
1.69979	17
1.69989	18
1.69999	19
1.70007	20
1.70017	21
1.70029	22
1.7004	23
1.70048	24
1.70061	25
1.70074	15
1.70086	16
1.70097	17
1.70108	18
1.7012	19
1.70132	20
1.70145	21
1.70157	22
1.70169	23
1.70182	21
1.70194	21
1.70205	22
1.70217	23
1.70226	24
1.70237	25
1.70249	26
1.70256	15
1.70269	16
1.7028	17
1.70292	18
1.70303	19
1.70315	20
1.70326	21
1.70338	22
1.70351	23
1.70364	24
1.70374	25
1.70385	26
1.70397	27
1.70409	16
1.70421	17
1.70433	18
1.70437	19
1.70449	20
1.7046	21
1.70472	21
1.70485	21
1.70497	22
1.70509	23
1.70521	24
1.70533	25
1.70547	14
1.7056	15
1.7057	16
1.7058	17
1.7059	18
1.70601	19
1.70612	20
1.70624	21
1.70636	22
1.70641	23
1.70654	24
1.70667	25
1.70679	15
1.70692	16
1.70703	17
1.70715	18
1.70728	19
1.70741	20
1.70752	21
1.70763	22
1.70774	21
1.70786	21
1.70798	22
1.70809	23
1.7082	24
1.70833	25
1.70845	26
1.70858	15
1.70863	16
1.70875	17
1.70886	18
1.70898	19
1.7091	20
1.70922	21
1.70935	22
1.70948	23
1.70959	24
1.7097	25
1.70982	26
1.70994	16
1.71006	17
1.71017	18
1.71029	19
1.71033	20
1.71046	21
1.71058	22
1.7107	21
1.71083	21
1.71095	22
1.71106	23
1.71119	24
1.71132	25
1.71145	15
1.71158	16
1.71169	17
1.7118	18
1.7119	19
1.71201	20
1.71213	21
1.71225	22
1.71237	23
1.7125	24
1.71255	25
1.71268	15
1.7128	16
1.71292	17
1.71304	18
1.71316	19
1.71329	20
1.71343	21
1.71353	22
1.71365	23
1.71376	21
1.71388	21
1.71399	22
1.7141	23
1.71422	24
1.71434	25
1.71446	26
1.71451	16
1.71465	17
1.71477	18
1.71488	19
1.71498	20
1.71509	21
1.7152	22
1.71531	23
1.71543	24
1.71556	25
1.71567	26
1.71579	16
1.71591	17
1.71602	18
1.71614	19
1.71626	20
1.71638	21
1.71643	22
1.71655	23
1.71668	21
1.71681	21
1.71692	22
1.71705	23
1.71715	24
1.71727	25
1.71738	26
1.71751	16
1.71763	17
1.71774	18
1.71785	19
1.71797	20
1.71808	21
1.71821	22
1.71833	23
1.71847	24
1.71858	25
1.71868	16
1.71879	17
1.71885	18
1.71895	19
1.71906	20
1.71917	21
1.71929	22
1.71941	23
1.71952	24
1.71964	21
1.71977	21
1.71989	22
1.72	23
1.72012	24
1.72025	25
1.72037	16
1.7205	17
1.72062	18
1.72071	19
1.72077	20
1.72087	21
1.72098	22
1.72109	23
1.72121	24
1.72133	25
1.72146	16
1.72157	17
1.72168	18
1.7218	19
1.72192	20
1.72204	21
1.72217	22
1.72227	23
1.72239	24
1.72253	25
1.72265	21
1.72277	21
1.72287	22
1.72293	23
1.72305	24
1.72316	25
1.72329	26
1.7234	17
1.72354	18
1.72365	19
1.72376	20
1.72388	21
1.724	22
1.72413	23
1.72426	24
1.72439	25
1.7245	16
1.72461	17
1.72471	18
1.72481	19
1.72492	20
1.72503	21
1.72515	22
1.72527	23
1.72538	24
1.72544	25
1.72557	21
1.7257	21
1.72582	22
1.72594	23
1.72606	24
1.72618	25
1.72632	16
1.72645	17
1.72657	18
1.72667	19
1.72677	20
1.72687	21
1.72698	22
1.72709	23
1.72722	24
1.72734	25
1.72747	16
1.72759	17
1.72771	18
1.72782	19
1.72794	20
1.72799	21
1.72812	22
1.72825	23
1.72837	24
1.72848	25
1.72859	21
1.7287	21
1.72881	22
1.72893	23
1.72904	24
1.72916	25
1.72928	26
1.7294	16
1.72953	17
1.72964	18
1.72976	19
1.72987	20
1.72999	21
1.73011	22
1.73024	23
1.7303	24
1.73042	25
1.73053	16
1.73064	17
1.73074	18
1.73085	19
1.73096	20
1.73108	21
1.7312	22
1.73132	23
1.73144	24
1.73156	21
1.73169	21
1.73182	22
1.73193	23
1.73206	24
1.73218	25
1.73232	16
1.73244	17
1.73249	18
1.73258	19
1.73269	20
1.73279	21
1.7329	22
1.73301	23
1.73313	24
1.73326	25
1.73339	16
1.7335	17
1.73361	18
1.73372	19
1.73384	20
1.73397	21
1.7341	22
1.7342	23
1.73432	24
1.73439	25
1.7345	21
1.73462	21
1.73473	22
1.73485	23
1.73497	24
1.73509	25
1.7352	26
1.73531	16
1.73543	17
1.73555	18
1.73566	19
1.73578	20
1.73589	21
1.73601	22
1.73614	23
1.73627	24
1.7364	25
1.73653	15
1.73666	16
1.73676	17
1.73687	18
1.73693	19
1.73706	20
1.73719	21
1.73729	22
1.73739	23
1.73751	21
1.73762	21
1.73774	22
1.73786	23
1.73799	24
1.73812	25
1.73824	16
1.73837	16
1.73848	17
1.73859	18
1.73871	19
1.73882	20
1.73894	21
1.73902	22
1.73915	23
1.73927	24
1.73938	25
1.7395	26
1.73961	16
1.73974	17
1.73985	18
1.73997	19
1.74008	20
1.7402	21
1.74033	22
1.74044	23
1.74057	21
1.74069	21
1.74082	22
1.74095	23
1.74106	24
1.74117	25
1.74128	26
1.7414	27
1.74147	16
1.74158	17
1.7417	18
1.74181	19
1.74192	20
1.74203	21
1.74215	22
1.74227	23
1.74239	24
1.74252	25
1.74266	15
1.74278	16
1.74287	17
1.74297	18
1.74308	19
1.74319	20
1.74331	21
1.74336	22
1.74348	21
1.7436	21
1.74371	22
1.74383	23
1.74395	24
1.74408	25
1.74421	15
1.74433	16
1.74443	17
1.74455	18
1.74467	19
1.7448	20
1.74492	21
1.74503	22
1.74514	23
1.74525	24
1.74536	25
1.74548	26
1.74561	15
1.74573	16
1.7458	17
1.74589	18
1.746	19
1.74612	20
1.74624	21
1.74636	22
1.74649	21
1.74661	21
1.74672	22
1.74682	23
1.74694	24
1.74706	25
1.74718	26
1.7473	15
1.74741	16
1.74753	17
1.7476	18
1.74772	19
1.74783	20
1.74796	21
1.74807	22
1.74818	23
1.74829	24
1.74841	25
1.74854	26
1.74867	15
1.7488	16
1.74891	17
1.749	18
1.74911	19
1.74923	20
1.74935	21
1.74947	21
1.74956	21
1.74966	22
1.74977	23
1.74987	24
1.74998	25
1.7501	26
1.75023	15
1.75036	16
1.75048	17
1.7506	18
1.75072	19
1.75083	20
1.75095	21
1.75106	22
1.75117	23
1.75127	24
1.75138	25
1.7515	26
1.75162	15
1.75173	16
1.75182	17
1.75193	18
1.75204	19
1.75216	20
1.7523	21
1.75242	21
1.75253	21
1.75262	22
1.75272	23
1.75283	24
1.75294	25
1.75305	26
1.75317	15
1.75328	16
1.75339	17
1.7535	18
1.75359	19
1.75372	20
1.75384	21
1.75396	22
1.75407	23
1.75416	24
1.75427	25
1.75437	26
1.75449	27
1.7546	16
1.75472	16
1.75483	17
1.75493	18
1.75505	19
1.75517	20
1.75542	21
1.75552	22
1.75562	23
1.75572	24
1.75582	25
1.75592	26
1.75603	27
1.75615	15
1.75627	16
1.75638	17
1.75649	18
1.7566	19
1.75672	20
1.75685	21
1.75698	22
1.7571	23
1.75722	24
1.75734	25
1.75747	14
1.75758	15
1.75767	16
1.75777	17
1.75787	18
1.75795	19
1.75806	20
1.75829	21
1.75841	22
1.75854	23
1.75866	24
1.75878	25
1.7589	26
1.75903	15
1.75914	15
1.75924	16
1.75935	17
1.75947	18
1.7596	19
1.75972	20
1.75984	21
1.75995	22
1.76005	23
1.76017	24
1.7603	25
1.76041	14
1.76054	15
1.76063	16
1.76072	17
1.76082	18
1.76094	19
1.76106	20
1.7613	21
1.76144	22
1.76157	23
1.7617	24
1.76182	25
1.76192	14
1.76203	15
1.76208	16
1.76218	17
1.76227	18
1.76238	19
1.76248	20
1.7626	21
1.76273	22
1.76285	23
1.76298	24
1.76312	25
1.76325	14
1.76337	15
1.76346	16
1.76356	17
1.76365	18
1.76371	19
1.76382	20
1.76393	21
1.76404	21
1.76415	21
1.76427	22
1.7644	23
1.76453	24
1.76466	25
1.76479	14
1.76489	15
1.76499	16
1.7651	17
1.76521	18
1.76532	19
1.76544	20
1.76556	21
1.76566	22
1.76573	23
1.76584	24
1.76596	25
1.76609	26
1.76622	14
1.76635	15
1.76644	16
1.76655	17
1.76667	18
1.7668	19
1.76693	20
1.76716	21
1.76727	22
1.76738	23
1.7675	24
1.76762	25
1.76774	26
1.76786	14
1.76793	15
1.76803	16
1.76813	17
1.76824	18
1.76836	19
1.76849	20
1.76862	21
1.76874	22
1.76887	23
1.76898	24
1.76909	25
1.76922	26
1.76934	14
1.76946	15
1.7695	16
1.76961	17
1.76971	18
1.76982	19
1.77008	20
1.77019	21
1.77031	22
1.77044	23
1.77057	24
1.77069	25
1.77079	26
1.77091	27
1.77101	14
1.77113	15
1.77118	16
1.77129	17
1.77141	18
1.77152	19
1.77164	20
1.77175	21
1.77186	22
1.77199	23
1.77211	24
1.77224	25
1.77236	14
1.77249	15
1.77261	16
1.77272	17
1.77284	18
1.77304	19
1.77314	20
1.77325	21
1.77336	22
1.77348	23
1.7736	24
1.77372	25
1.77383	14
1.77396	15
1.77407	16
1.77419	17
1.77431	18
1.77443	19
1.77456	20
1.77466	21
1.77477	22
1.77488	23
1.77495	24
1.77507	25
1.77519	26
1.77532	15
1.77544	15
1.77552	16
1.77563	17
1.77574	18
1.77599	19
1.77612	20
1.77624	21
1.77636	22
1.77648	23
1.7766	24
1.7767	25
1.77681	26
1.77692	27
1.777	15
1.77711	16
1.77722	17
1.77733	18
1.77745	19
1.77757	20
1.7777	21
1.77782	22
1.77795	23
1.77808	24
1.7782	25
1.77831	14
1.77842	15
1.77853	16
1.77864	17
1.77874	18
1.77891	19
1.77902	20
1.77915	21
1.77927	22
1.77939	23
1.77952	24
1.77963	25
1.77976	26
1.77988	14
1.78002	15
1.78014	16
1.78025	17
1.78036	18
1.78048	19
1.78059	20
1.78071	21
1.78082	22
1.78088	23
1.781	24
1.78112	25
1.78125	14
1.78137	15
1.78148	16
1.78159	17
1.78171	18
1.78196	19
1.7821	20
1.7822	21
1.78231	22
1.78242	23
1.78254	24
1.78266	25
1.78277	26
1.78289	15
1.78294	16
1.78305	17
1.78316	18
1.78327	19
1.78339	20
1.78352	21
1.78365	22
1.78377	23
1.78388	24
1.78399	25
1.78411	26
1.78423	15
1.78435	16
1.78445	17
1.78456	18
1.7846	19
1.78483	20
1.78495	21
1.78508	22
1.78521	23
1.78533	24
1.78546	25
1.78557	14
1.78569	15
1.78579	16
1.78589	17
1.78599	18
1.7861	19
1.78622	20
1.78634	21
1.78646	22
1.78659	23
1.78663	24
1.78676	25
1.78688	14
1.78701	15
1.78712	16
1.78722	17
1.78733	18
1.78745	19
1.78758	20
1.78784	21
1.78796	22
1.78808	23
1.78819	24
1.78831	25
1.78843	26
1.78856	15
1.7886	16
1.7887	17
1.78881	18
1.78893	19
1.78904	20
1.78917	21
1.7893	22
1.78943	23
1.78956	24
1.78967	25
1.78979	26
1.78991	15
1.79003	16
1.79015	17
1.79025	18
1.79027	19
1.79038	20
1.7905	21
1.79062	21
1.79075	21
1.79088	22
1.791	23
1.79113	24
1.79126	25
1.79139	15
1.79149	15
1.79159	16
1.79169	17
1.79179	18
1.7919	19
1.79202	20
1.79213	21
1.79226	22
1.79229	23
1.79242	24
1.79254	25
1.79267	26
1.79279	15
1.79293	16
1.79304	17
1.79315	18
1.79327	19
1.7934	20
1.79353	21
1.79365	21
1.79377	21
1.79388	22
1.79399	23
1.79411	24
1.79423	25
1.79435	26
1.79448	15
1.7946	16
1.79462	17
1.79474	18
1.79485	19
1.79498	20
1.7951	21
1.79524	22
1.79536	23
1.79546	24
1.79557	25
1.79569	26
1.79581	15
1.79594	16
1.79606	17
1.79616	18
1.79627	19
1.79639	20
1.79642	21
1.79654	21
1.79667	21
1.79679	22
1.79691	23
1.79704	24
1.79717	25
1.7973	14
1.79742	15
1.79752	16
1.79762	17
1.79772	18
1.79784	19
1.79795	20
1.79807	21
1.79819	22
1.7983	23
1.79842	24
1.79855	25
1.79867	26
1.79872	15
1.79885	15
1.79898	16
1.79907	17
1.79917	18
1.79928	19
1.79939	20
1.79962	21
1.79973	22
1.79984	23
1.79996	24
1.80008	25
1.80021	26
1.80034	14
1.80037	15
1.80048	16
1.80059	17
1.80071	18
1.80083	19
1.80096	20
1.80109	21
1.80121	22
1.80132	23
1.80143	24
1.80154	25
1.80167	26
1.80179	14
1.80191	15
1.80194	16
1.80204	17
1.80215	18
1.80226	19
1.80251	20
1.80263	21
1.80275	22
1.80287	23
1.803	24
1.80313	25
1.80325	14
1.80337	15
1.80346	16
1.80356	17
1.80359	18
1.8037	19
1.80381	20
1.80392	21
1.80404	22
1.80417	23
1.80428	24
1.8044	25
1.80453	26
1.80466	14
1.80479	15
1.80492	16
1.80501	17
1.80511	18
1.80521	19
1.80543	20
1.80547	21
1.80559	22
1.80571	23
1.80583	24
1.80595	25
1.80607	26
1.8062	14
1.80633	15
1.80644	16
1.80655	17
1.80667	18
1.8068	19
1.80692	20
1.80705	21
1.80715	22
1.80726	23
1.80737	24
1.80748	25
1.80761	26
1.80773	14
1.80778	15
1.8079	16
1.80801	17
1.80813	18
1.80837	19
1.8085	20
1.80862	21
1.80874	22
1.80886	23
1.80899	24
1.80912	25
1.80924	14
1.80934	15
1.80936	16
1.80946	17
1.80957	18
1.80968	19
1.8098	20
1.80992	21
1.81004	22
1.81016	23
1.81028	24
1.8104	25
1.81053	15
1.81066	15
1.81078	16
1.81088	17
1.81096	18
1.811	19
1.81121	20
1.81133	21
1.81145	22
1.81157	23
1.81168	24
1.8118	25
1.81193	26
1.81206	15
1.81219	16
1.8123	17
1.81241	18
1.81253	19
1.81265	20
1.81278	21
1.81289	22
1.81301	23
1.81306	24
1.81317	25
1.81328	26
1.81341	15
1.81353	16
1.81365	17
1.81377	18
1.8139	19
1.81401	20
1.81425	21
1.81437	22
1.81449	23
1.81461	24
1.81474	25
1.81487	14
1.815	15
1.81512	16
1.81523	17
1.81527	18
1.8154	19
1.81552	20
1.81563	21
1.81573	22
1.81583	23
1.81594	24
1.81605	25
1.81617	26
1.81629	15
1.81642	16
1.81653	17
1.81666	18
1.81678	19
1.81691	20
1.81702	21
1.81713	21
1.81717	21
1.81729	22
1.81741	23
1.81754	24
1.81768	25
1.8178	14
1.81792	15
1.81803	16
1.81814	17
1.81826	18
1.81839	19
1.81852	20
1.81862	21
1.81873	22
1.81885	23
1.81896	24
1.81909	25
1.81921	26
1.81934	15
1.81945	16
1.81949	17
1.8196	18
1.81971	19
1.81982	20
1.81994	21
1.82006	21
1.82018	21
1.82029	22
1.8204	23
1.82053	24
1.82065	25
1.82077	26
1.8209	15
1.82104	16
1.82115	17
1.82127	18
1.82131	19
1.82144	20
1.82157	21
1.82167	22
1.82179	23
1.8219	24
1.82202	25
1.82215	26
1.82228	15
1.8224	16
1.82251	17
1.82263	18
1.82275	19
1.82286	20
1.82296	21
1.82308	21
1.82321	21
1.82333	22
1.82339	23
1.82352	24
1.82364	25
1.82376	26
1.82387	15
1.82399	16
1.8241	17
1.82421	18
1.82432	19
1.82445	20
1.82456	21
1.82467	22
1.8248	23
1.82492	24
1.82504	25
1.82518	14
1.82531	15
1.82541	16
1.82551	17
1.82561	18
1.82566	19
1.82577	20
1.82589	21
1.826	21
1.82611	21
1.82623	22
1.82636	23
1.82648	24
1.82662	25
1.82675	14
1.82683	15
1.82695	16
1.82706	17
1.82718	18
1.8273	19
1.82744	20
1.82755	21
1.82766	22
1.82772	23
1.82783	24
1.82795	25
1.82807	26
1.8282	15
1.82834	15
1.82842	16
1.82853	17
1.82865	18
1.82877	19
1.82888	20
1.82912	21
1.82925	22
1.82938	23
1.82952	24
1.82964	25
1.82976	14
1.82988	15
1.82992	16
1.83002	17
1.83011	18
1.83023	19
1.83034	20
1.83046	21
1.83057	22
1.83069	23
1.83081	24
1.83094	25
1.83108	14
1.83122	15
1.83132	16
1.83144	17
1.83154	18
1.83158	19
1.83169	20
1.83181	21
1.83191	21
1.83202	21
1.83213	22
1.83225	23
1.83238	24
1.8325	25
1.83264	14
1.83277	15
1.83288	16
1.83298	17
1.83308	18
1.83319	19
1.83331	20
1.83342	21
1.83353	22
1.83358	23
1.83369	24
1.83381	25
1.83394	26
1.83407	15
1.83419	16
1.83429	17
1.8344	18
1.83452	19
1.83464	20
1.83477	21
1.83489	21
1.83502	21
1.83515	22
1.83528	23
1.8354	24
1.83552	25
1.83565	15
1.83576	16
1.83587	17
1.8359	18
1.83601	19
1.83613	20
1.83625	21
1.83638	22
1.83649	23
1.83662	24
1.83675	25
1.83688	15
1.837	15
1.83711	16
1.83722	17
1.83733	18
1.83744	19
1.83756	20
1.83768	21
1.83779	22
1.83782	21
1.83794	21
1.83806	22
1.83818	23
1.8383	24
1.83844	25
1.83857	14
1.83868	15
1.83878	16
1.83889	17
1.839	18
1.83911	19
1.83923	20
1.83934	21
1.83946	22
1.83958	23
1.83971	24
1.83984	25
1.83997	14
1.8401	15
1.8402	16
1.84022	17
1.84033	18
1.84044	19
1.84055	20
1.84067	21
1.84079	21
1.8409	21
1.84102	22
1.84115	23
1.84128	24
1.8414	25
1.84152	26
1.84165	15
1.84178	16
1.8419	17
1.84201	18
1.84204	19
1.84216	20
1.84227	21
1.8424	22
1.84251	23
1.84263	24
1.84276	25
1.84289	14
1.84302	15
1.84313	16
1.84324	17
1.84336	18
1.84349	19
1.84361	20
1.84373	21
1.84386	21
1.84397	21
1.84408	22
1.84411	23
1.84423	24
1.84436	25
1.84448	15
1.8446	16
1.84471	17
1.84483	18
1.84495	19
1.84508	20
1.84521	21
1.84533	22
1.84545	23
1.84556	24
1.84568	25
1.8458	26
1.84593	15
1.84604	16
1.84615	17
1.84626	18
1.84628	19
1.8464	20
1.84652	21
1.84665	22
1.84677	21
1.84689	21
1.84702	22
1.84715	23
1.84728	24
1.8474	25
1.84751	15
1.84763	16
1.84773	17
1.84785	18
1.84796	19
1.84808	20
1.84821	21
1.84832	22
1.84836	23
1.84848	24
1.84861	25
1.84874	15
1.84887	16
1.84898	17
1.8491	18
1.84922	19
1.84934	20
1.84947	21
1.84959	22
1.8497	23
1.84981	21
1.84993	21
1.85005	22
1.85017	23
1.8503	24
1.85041	25
1.85053	26
1.85058	15
1.8507	16
1.85082	17
1.85094	18
1.85107	19
1.85119	20
1.85131	21
1.85143	22
1.85156	23
1.8517	24
1.85182	25
1.85193	26
1.85204	27
1.85217	16
1.85229	17
1.85241	18
1.85244	19
1.85256	20
1.85268	21
1.8528	21
1.85292	21
1.85305	22
1.85318	23
1.85331	24
1.85342	25
1.85353	26
1.85364	27
1.85376	16
1.85388	16
1.85399	17
1.85411	18
1.85423	19
1.85434	20
1.85445	21
1.85448	22
1.85461	23
1.85473	24
1.85486	25
1.85499	14
1.85511	15
1.85523	16
1.85535	17
1.85548	18
1.8556	19
1.85573	20
1.85594	21
1.85605	22
1.85617	23
1.85629	24
1.85642	25
1.85653	14
1.85665	15
1.85668	16
1.8568	17
1.85691	18
1.85704	19
1.85716	20
1.85729	21
1.85742	22
1.85752	23
1.85764	24
1.85775	25
1.85787	26
1.858	15
1.85812	16
1.85821	17
1.85833	18
1.85836	19
1.85848	20
1.85861	21
1.85872	21
1.85884	21
1.85896	22
1.85909	23
1.85922	24
1.85935	25
1.85948	14
1.85958	15
1.85968	16
1.85978	17
1.85989	18
1.85999	19
1.86011	20
1.86023	21
1.86034	22
1.86039	23
1.86051	24
1.86064	25
1.86077	14
1.8609	15
1.86101	16
1.86112	17
1.86124	18
1.86136	19
1.86149	20
1.86161	21
1.86172	21
1.86182	21
1.86193	22
1.86204	23
1.86216	24
1.86228	25
1.8624	15
1.86246	15
1.86256	16
1.86267	17
1.86279	18
1.8629	19
1.86303	20
1.86316	21
1.86327	22
1.8634	23
1.86352	24
1.86366	25
1.86379	14
1.86391	15
1.86401	16
1.86403	17
1.86413	18
1.86424	19
1.86436	20
1.86448	21
1.8646	21
1.86471	21
1.86483	22
1.86495	23
1.86507	24
1.8652	25
1.86534	14
1.86546	15
1.86555	16
1.86565	17
1.86574	18
1.86578	19
1.86589	20
1.866	21
1.86611	22
1.86622	23
1.86633	24
1.86644	25
1.86656	26
1.86669	15
1.86682	16
1.86694	17
1.86705	18
1.86716	19
1.86728	20
1.8674	21
1.86753	21
1.86763	21
1.86775	22
1.86781	23
1.86794	24
1.86808	25
1.86819	14
1.86831	15
1.86841	16
1.86851	17
1.86861	18
1.86872	19
1.86884	20
1.86895	21
1.86907	22
1.86919	23
1.86931	24
1.86943	25
1.86956	26
1.86969	15
1.86982	15
1.86985	16
1.86995	17
1.87004	18
1.87014	19
1.87025	20
1.87048	21
1.8706	22
1.87071	23
1.87082	24
1.87094	25
1.87106	26
1.87118	14
1.8713	15
1.87141	16
1.87144	17
1.87155	18
1.87167	19
1.87179	20
1.87192	21
1.87205	22
1.87218	23
1.87229	24
1.8724	25
1.87251	26
1.87263	15
1.87275	16
1.87286	17
1.87296	18
1.87307	19
1.87318	20
1.87333	21
1.87345	22
1.87357	23
1.87368	24
1.87381	25
1.87393	15
1.87407	16
1.87419	17
1.8743	18
1.87442	19
1.87454	20
1.87467	21
1.8748	22
1.87492	23
1.87502	24
1.87513	25
1.87525	26
1.87536	27
1.87549	16
1.87553	17
1.87564	18
1.87576	19
1.87588	20
1.87599	21
1.87611	22
1.87624	21
1.87637	21
1.8765	22
1.87662	23
1.87672	24
1.87683	25
1.87694	26
1.87706	27
1.87718	16
1.87729	17
1.87733	18
1.87743	19
1.87754	20
1.87765	21
1.87776	22
1.87789	23
1.87801	24
1.87813	25
1.87825	26
1.87838	15
1.87851	16
1.87863	17
1.87874	18
1.87886	19
1.87898	20
1.8791	21
1.87922	21
1.87927	21
1.87939	22
1.87949	23
1.8796	24
1.87971	25
1.87983	26
1.87996	15
1.88008	16
1.8802	17
1.8803	18
1.88041	19
1.88053	20
1.88065	21
1.88077	22
1.8809	23
1.88102	24
1.88113	25
1.88124	26
1.88135	27
1.88146	15
1.88154	16
1.88165	17
1.88176	18
1.88187	19
1.88198	20
1.88221	21
1.88234	22
1.88245	23
1.88256	24
1.88269	25
1.88281	26
1.88294	15
1.88308	15
1.88317	16
1.88322	17
1.88332	18
1.88342	19
1.88353	20
1.88363	21
1.88375	22
1.88387	23
1.88398	24
1.8841	25
1.88422	26
1.88434	14
1.88447	15
1.88459	16
1.8847	17
1.88481	18
1.88492	19
1.88513	20
1.88526	21
1.88537	22
1.88548	23
1.88559	24
1.8857	25
1.88581	26
1.88593	14
1.88605	15
1.88615	16
1.88625	17
1.88636	18
1.88647	19
1.88659	20
1.88671	21
1.88683	22
1.88696	23
1.88706	24
1.88715	25
1.88726	26
1.88738	15
1.8875	15
1.88759	16
1.88769	17
1.8878	18
1.88802	19
1.88814	20
1.88826	21
1.88837	22
1.88848	23
1.8886	24
1.88873	25
1.88886	14
1.88899	15
1.88906	16
1.88915	17
1.88923	18
1.88934	19
1.88945	20
1.88956	21
1.88968	22
1.88979	23
1.88991	24
1.89003	25
1.89015	26
1.89028	14
1.89042	15
1.89052	16
1.89063	17
1.89069	18
1.89094	19
1.89107	20
1.89117	21
1.89128	22
1.89138	23
1.8915	24
1.89161	25
1.89173	26
1.89186	14
1.89199	15
1.8921	16
1.8922	17
1.89232	18
1.89244	19
1.89257	20
1.89266	21
1.89277	22
1.89287	23
1.89297	24
1.89307	25
1.89318	26
1.89329	27
1.89341	15
1.89353	16
1.89364	17
1.89387	18
1.89398	19
1.8941	20
1.89422	21
1.89433	22
1.89444	23
1.89456	24
1.89469	25
1.89481	14
1.89488	15
1.895	16
1.8951	17
1.89521	18
1.89532	19
1.89544	20
1.89555	21
1.89567	22
1.89578	23
1.89589	24
1.896	25
1.89612	26
1.89625	15
1.89638	16
1.89643	17
1.89656	18
1.89682	19
1.89694	20
1.89703	21
1.89713	22
1.89723	23
1.89734	24
1.89745	25
1.89757	26
1.89769	15
1.89782	16
1.89792	17
1.89803	18
1.89815	19
1.89822	20
1.89835	21
1.89847	22
1.89859	23
1.89871	24
1.89883	25
1.89896	26
1.89908	15
1.89921	16
1.89932	17
1.89944	18
1.89956	19
1.89982	20
1.89992	21
1.90002	22
1.90012	23
1.90023	24
1.90033	25
1.90039	26
1.90051	15
1.90063	16
1.90074	17
1.90086	18
1.90098	19
1.9011	20
1.90123	21
1.90136	22
1.90148	23
1.90159	24
1.90171	25
1.90184	15
1.90197	16
1.90207	17
1.90217	18
1.90228	19
1.90233	20
1.90245	21
1.90257	21
1.9027	21
1.90282	22
1.90293	23
1.90304	24
1.90316	25
1.90328	26
1.90341	16
1.90354	16
1.90364	17
1.90376	18
1.90387	19
1.90398	20
1.9041	21
1.90421	22
1.90433	23
1.90444	24
1.9045	25
1.90462	26
1.90473	27
1.90485	16
1.90498	17
1.90509	18
1.90522	19
1.90533	20
1.90545	21
1.90558	21
1.9057	21
1.9058	22
1.9059	23
1.90601	24
1.90612	25
1.90624	26
1.90636	16
1.90648	17
1.9066	18
1.90671	19
1.90677	20
1.90689	21
1.90702	22
1.90714	23
1.90726	24
1.90738	25
1.9075	26
1.90762	16
1.90775	17
1.90787	18
1.90798	19
1.90809	20
1.9082	21
1.90832	22
1.90843	23
1.90855	21
1.90866	21
1.90877	22
1.90888	23
1.90895	24
1.90907	25
1.9092	16
1.90933	17
1.90945	18
1.90955	19
1.90968	20
1.90981	21
1.90992	22
1.91003	23
1.91015	24
1.91026	25
1.91039	26
1.9105	16
1.91062	17
1.91073	18
1.91084	19
1.91096	20
1.91108	21
1.91114	22
1.91127	23
1.91141	24
1.91154	21
1.91162	21
1.91172	22
1.91182	23
1.91193	24
1.91205	25
1.91216	26
1.91228	16
1.91241	17
1.91252	18
1.91264	19
1.91276	20
1.91289	21
1.91301	22
1.91313	23
1.91325	24
1.91336	25
1.91349	26
1.91357	16
1.91371	17
1.91383	18
1.91391	19
1.91402	20
1.91414	21
1.91426	22
1.91438	23
1.9145	21
1.91461	21
1.91471	22
1.91483	23
1.91494	24
1.91507	25
1.91519	26
1.91533	16
1.91546	16
1.91552	17
1.91563	18
1.91574	19
1.91585	20
1.91595	21
1.91608	22
1.91619	23
1.9163	24
1.91641	25
1.91652	26
1.91663	27
1.91675	16
1.91688	17
1.917	18
1.91712	19
1.91724	20
1.91731	21
1.91744	21
1.91756	21
1.91767	22
1.91779	23
1.91792	24
1.91805	25
1.91817	15
1.91827	15
1.91837	16
1.91849	17
1.9186	18
1.91871	19
1.91883	20
1.91895	21
1.91906	22
1.91918	23
1.91929	24
1.91941	25
1.91953	26
1.91962	15
1.91975	16
1.91983	17
1.91995	18
1.92008	19
1.92022	20
1.92032	21
1.92043	21
1.92055	21
1.92066	22
1.92076	23
1.92087	24
1.92099	25
1.92111	26
1.92124	15
1.92137	16
1.92144	17
1.92156	18
1.92164	19
1.92177	20
1.92189	21
1.92202	22
1.92214	23
1.92228	24
1.92239	25
1.9225	26
1.92261	27
1.92273	15
1.92286	16
1.92297	17
1.92308	18
1.9232	19
1.92327	20
1.9235	21
1.92361	22
1.9237	23
1.92382	24
1.92394	25
1.92407	14
1.92421	15
1.92433	16
1.92444	17
1.92455	18
1.92466	19
1.92477	20
1.92489	21
1.925	22
1.92511	23
1.92522	24
1.92534	25
1.92541	26
1.92554	15
1.92566	16
1.92575	17
1.92587	18
1.926	19
1.92613	20
1.92626	21
1.92638	21
1.92648	21
1.92658	22
1.92668	23
1.92679	24
1.9269	25
1.92702	26
1.92714	15
1.92727	16
1.92733	17
1.92744	18
1.92754	19
1.92766	20
1.92779	21
1.92791	22
1.92803	23
1.92815	24
1.92827	25
1.92839	26
1.92852	15
1.92866	15
1.92876	16
1.92886	17
1.92897	18
1.92909	19
1.92915	20
1.92939	21
1.9295	22
1.92958	23
1.9297	24
1.92981	25
1.92994	26
1.93006	14
1.9302	15
1.93032	16
1.93044	17
1.93057	18
1.9307	19
1.93082	20
1.93092	21
1.93103	22
1.93114	23
1.93125	24
1.93132	25
1.93143	26
1.93155	15
1.93167	16
1.93176	17
1.93188	18
1.932	19
1.93213	20
1.93238	21
1.93249	22
1.93259	23
1.93269	24
1.93279	25
1.93289	26
1.93301	27
1.93312	15
1.93323	16
1.9333	17
1.93342	18
1.9335	19
1.93362	20
1.93375	21
1.93388	22
1.93399	23
1.9341	24
1.93422	25
1.93434	26
1.93447	15
1.9346	15
1.93472	16
1.93483	17
1.93493	18
1.93504	19
1.93524	20
1.93537	21
1.93547	22
1.93555	23
1.93566	24
1.93577	25
1.93589	26
1.93602	14
1.93615	15
1.93627	16
1.93638	17
1.93651	18
1.93663	19
1.93676	20
1.93688	21
1.93697	22
1.93707	23
1.93718	24
1.93725	25
1.93737	26
1.93749	15
1.93761	16
1.93769	17
1.9378	18
1.93793	19
1.93818	20
1.9383	21
1.93842	22
1.93853	23
1.93864	24
1.93876	25
1.93889	26
1.93902	15
1.93915	15
1.93925	16
1.93932	17
1.93943	18
1.93951	19
1.93963	20
1.93975	21
1.93988	22
1.94	23
1.94011	24
1.94022	25
1.94034	26
1.94046	14
1.94059	15
1.94069	16
1.94081	17
1.94093	18
1.94114	19
1.94125	20
1.94136	21
1.94146	22
1.94154	23
1.94165	24
1.94177	25
1.94188	26
1.94201	14
1.94212	15
1.94223	16
1.94235	17
1.94247	18
1.9426	19
1.94273	20
1.94285	21
1.94294	22
1.94303	23
1.94312	24
1.94323	25
1.94335	26
1.94346	14
1.94359	15
1.94366	16
1.94378	17
1.94403	18
1.94416	19
1.94428	20
1.94439	21
1.9445	22
1.94462	23
1.94474	24
1.94487	25
1.94499	14
1.9451	15
1.94517	16
1.94528	17
1.94537	18
1.94548	19
1.94561	20
1.94574	21
1.94585	22
1.94596	23
1.94607	24
1.94619	25
1.94631	26
1.94644	14
1.94658	15
1.94667	16
1.94678	17
1.94697	18
1.94709	19
1.94721	20
1.94731	21
1.94741	22
1.94752	23
1.94763	24
1.94775	25
1.94787	26
1.948	14
1.94812	15
1.94824	16
1.94834	17
1.94847	18
1.9486	19
1.94872	20
1.94879	21
1.94889	22
1.94899	23
1.9491	24
1.94921	25
1.94933	26
1.94945	14
1.94956	15
1.94965	16
1.94989	17
1.95002	18
1.95014	19
1.95026	20
1.95037	21
1.95047	22
1.95057	23
1.95068	24
1.95079	25
1.9509	26
1.95098	14
1.95109	15
1.9512	16
1.95131	17
1.95143	18
1.95156	19
1.95169	20
1.95181	21
1.95192	22
1.95202	23
1.95212	24
1.95223	25
1.95234	26
1.95246	15
1.95258	16
1.95274	17
1.95286	18
1.95298	19
1.95311	20
1.95323	21
1.95335	22
1.95347	23
1.9536	24
1.95373	25
1.95387	14
1.95398	15
1.95408	16
1.95417	17
1.95427	18
1.95438	19
1.95444	20
1.95455	21
1.95467	22
1.95479	23
1.9549	24
1.95503	25
1.95516	15
1.95529	16
1.95541	17
1.95553	18
1.95577	19
1.95589	20
1.95601	21
1.95612	22
1.95623	23
1.95633	24
1.95645	25
1.95655	26
1.95662	15
1.95674	16
1.95686	17
1.95698	18
1.9571	19
1.95721	20
1.95733	21
1.95746	22
1.95759	23
1.95771	24
1.95782	25
1.95793	26
1.95804	27
1.95817	16
1.9583	16
1.95841	17
1.95844	18
1.95869	19
1.95881	20
1.95893	21
1.95905	22
1.95918	23
1.9593	24
1.95941	25
1.95952	26
1.95964	27
1.95976	15
1.95988	16
1.96	17
1.96011	18
1.96024	19
1.96036	20
1.9604	21
1.96052	22
1.96064	23
1.96077	24
1.96089	25
1.96101	26
1.96113	15
1.96126	16
1.96138	17
1.96151	18
1.96177	19
1.96189	20
1.96199	21
1.9621	22
1.96222	23
1.96234	24
1.96245	25
1.96257	26
1.96269	15
1.96275	15
1.96286	16
1.96298	17
1.9631	18
1.96323	19
1.96336	20
1.96348	21
1.96359	22
1.96371	23
1.96383	24
1.96394	25
1.96405	26
1.96417	15
1.96428	16
1.96433	17
1.96444	18
1.96469	19
1.96482	20
1.96496	21
1.96506	22
1.96516	23
1.96527	24
1.96537	25
1.96549	26
1.9656	27
1.96572	16
1.96585	17
1.96595	18
1.96607	19
1.96612	20
1.96624	21
1.96638	22
1.96651	23
1.96663	24
1.96674	25
1.96686	26
1.96698	15
1.96711	16
1.96723	17
1.96735	18
1.96746	19
1.9677	20
1.96782	21
1.96794	22
1.96806	23
1.96818	24
1.9683	25
1.96835	15
1.96848	16
1.9686	17
1.96872	18
1.96882	19
1.96892	20
1.96903	21
1.96915	22
1.96927	23
1.96939	24
1.96952	25
1.96964	15
1.96977	15
1.96989	16
1.97	17
1.97012	18
1.97015	19
1.97028	20
1.9704	21
1.97051	21
1.97063	21
1.97075	22
1.97087	23
1.97098	24
1.9711	25
1.97122	26
1.97134	15
1.97147	16
1.97159	17
1.97171	18
1.97184	19
1.97197	20
1.97208	21
1.97219	22
1.97223	23
1.97234	24
1.97246	25
1.97258	26
1.9727	15
1.97282	16
1.97293	17
1.97305	18
1.97317	19
1.9733	20
1.97343	21
1.97356	21
1.97367	21
1.97379	22
1.9739	23
1.97402	24
1.97413	25
1.97424	26
1.97436	15
1.97448	16
1.97451	17
1.97463	18
1.97475	19
1.97488	20
1.97501	21
1.97514	22
1.97525	23
1.97537	24
1.97549	25
1.9756	26
1.97571	27
1.97583	16
1.97596	16
1.97606	17
1.97618	18
1.9763	19
1.97635	20
1.97662	21
1.97673	22
1.97683	23
1.97693	24
1.97704	25
1.97716	26
1.97728	15
1.9774	16
1.97752	17
1.97764	18
1.97776	19
1.97788	20
1.97801	21
1.97814	22
1.97825	23
1.97836	24
1.97846	25
1.97851	26
1.97862	27
1.97874	16
1.97887	17
1.97898	18
1.9791	19
1.97922	20
1.97935	21
1.97947	21
1.97959	21
1.9797	22
1.97982	23
1.97994	24
1.98006	25
1.98019	15
1.98032	15
1.98043	16
1.98054	17
1.98065	18
1.98069	19
1.98082	20
1.98094	21
1.98107	22
1.98119	23
1.98131	24
1.98142	25
1.98155	26
1.98167	15
1.98181	16
1.98192	17
1.98203	18
1.98214	19
1.98226	20
1.98238	21
1.98251	21
1.98263	21
1.98275	22
1.98278	23
1.98291	24
1.98304	25
1.98317	14
1.98331	15
1.98342	16
1.98352	17
1.98361	18
1.98371	19
1.98382	20
1.98393	21
1.98405	22
1.98417	23
1.98428	24
1.9844	25
1.98453	26
1.98465	15
1.98479	16
1.98482	17
1.98494	18
1.98505	19
1.98518	20
1.9853	21
1.98543	21
1.98554	21
1.98565	22
1.98575	23
1.98587	24
1.98599	25
1.98612	26
1.98625	15
1.98638	15
1.98649	16
1.98659	17
1.98663	18
1.98675	19
1.98687	20
1.987	21
1.98712	22
1.98723	23
1.98734	24
1.98746	25
1.98758	26
1.98771	14
1.98784	15
1.98795	16
1.98806	17
1.98817	18
1.98829	19
1.98852	20
1.98857	21
1.98868	22
1.98881	23
1.98894	24
1.98908	25
1.9892	14
1.98932	15
1.98944	16
1.98955	17
1.98966	18
1.98977	19
1.98989	20
1.99001	21
1.99014	22
1.99026	23
1.99038	24
1.9905	25
1.99064	14
1.99076	15
1.99087	16
1.99091	17
1.99101	18
1.99112	19
1.99123	20
1.99147	21
1.99158	22
1.9917	23
1.99182	24
1.99194	25
1.99207	14
1.99221	15
1.99231	16
1.99242	17
1.99254	18
1.99266	19
1.9927	20
1.99281	21
1.99292	22
1.99305	23
1.99317	24
1.99328	25
1.99341	26
1.99353	14
1.99366	15
1.99378	16
1.9939	17
1.99403	18
1.99415	19
1.99426	20
1.99449	21
1.9946	22
1.99472	23
1.99483	24
1.99488	25
1.995	26
1.99513	14
1.99526	15
1.99538	16
1.9955	17
1.99562	18
1.99574	19
1.99586	20
1.99599	21
1.99611	22
1.99622	23
1.99633	24
1.99645	25
1.99658	26
1.99671	14
1.99684	15
1.99687	16
1.99698	17
1.9971	18
1.99722	19
1.99747	20
1.99759	21
1.9977	22
1.99781	23
1.99792	24
1.99804	25
1.99817	26
1.9983	14
1.99843	15
1.99853	16
1.99857	17
1.99868	18
1.9988	19
1.99892	20
1.99905	21
1.99918	22
1.99929	23
1.9994	24
1.99952	25
1.99964	26
1.99977	14
1.99989	15
1.99999	16
