0.200083	10
0.200191	11
0.200255	12
0.200257	13
0.20026	14
0.200262	15
0.200265	16
0.200267	17
0.200269	18
0.200272	19
0.200274	20
0.200277	21
0.200279	22
0.200344	23
0.200346	24
0.200349	25
0.200351	26
0.200352	27
0.200355	28
0.200356	29
0.200358	30
0.20036	31
0.200362	32
0.200363	33
0.200366	34
0.200367	35
0.200369	36
0.20037	37
0.200373	36
0.200499	37
0.200624	38
0.200755	39
0.200875	40
0.200985	41
0.2011	42
0.20122	43
0.201327	44
0.201443	45
0.201562	46
0.201685	47
0.201815	48
0.201947	46
0.202084	44
0.202211	41
0.202336	42
0.202447	43
0.202565	44
0.202688	45
0.202801	46
0.202919	47
0.20304	48
0.203166	49
0.203298	45
0.203435	41
0.20357	41
0.203689	42
0.203813	43
0.203928	44
0.204048	45
0.204117	46
0.204241	47
0.204355	48
0.204475	49
0.2046	50
0.204731	44
0.204867	38
0.204998	39
0.205125	40
0.205243	41
0.205366	42
0.205479	43
0.205599	44
0.205724	45
0.205839	43
0.20596	43
0.20608	44
0.206205	45
0.206335	46
0.206469	40
0.206593	40
0.206712	41
0.206823	42
0.206938	43
0.207059	44
0.207175	45
0.207288	46
0.207406	47
0.207529	48
0.207658	42
0.207791	42
0.207919	43
0.208048	44
0.208163	45
0.208283	46
0.2084	47
0.208521	48
0.208647	49
0.208778	42
0.2089	42
0.209016	43
0.209138	44
0.209264	45
0.209394	46
0.209522	38
0.209617	39
0.209721	40
0.209829	41
0.209942	42
0.21006	43
0.210181	44
0.210294	45
0.210411	46
0.210532	47
0.210658	48
0.210789	39
0.210926	40
0.211053	41
0.211184	42
0.211304	43
0.211417	44
0.211535	45
0.211657	43
0.211785	43
0.211898	44
0.212015	45
0.212138	46
0.212265	47
0.212398	39
0.212532	39
0.212643	40
0.212761	41
0.212872	42
0.212989	43
0.21311	44
0.213237	45
0.213353	46
0.213473	47
0.213598	48
0.213728	40
0.213863	41
0.21399	42
0.214114	43
0.214181	44
0.214305	45
0.214419	46
0.21454	47
0.214665	48
0.214796	39
0.214931	40
0.215046	41
0.215166	42
0.215291	43
0.215421	44
0.215541	45
0.215665	46
0.215778	47
0.215897	48
0.21602	49
0.216149	40
0.216284	41
0.216395	42
0.21651	43
0.216629	44
0.216752	45
0.216881	46
0.217016	37
0.21715	38
0.217263	39
0.217368	40
0.217591	41
0.21771	42
0.217834	43
0.217948	44
0.218067	45
0.218192	46
0.218322	47
0.218457	37
0.218582	38
0.218698	39
0.218804	40
0.218914	41
0.219027	42
0.219144	43
0.219269	44
0.219346	45
0.219463	46
0.219584	47
0.219711	48
0.219842	38
0.219977	38
0.220104	39
0.220218	40
0.220337	41
0.220446	42
0.220562	43
0.220683	44
0.220809	45
0.22094	46
0.221062	36
0.221188	37
0.221302	38
0.221419	39
0.221541	40
0.221671	41
0.221778	42
0.221891	43
0.222009	44
0.222131	45
0.22226	46
0.222377	47
0.222497	48
0.222622	49
0.222752	39
0.222886	39
0.223012	40
0.223142	41
0.223359	42
0.223473	43
0.223593	44
0.223717	45
0.223842	46
0.223962	37
0.224085	37
0.224195	38
0.224305	39
0.224389	40
0.224515	41
0.224645	42
0.224752	43
0.224865	44
0.224982	45
0.225105	46
0.225234	47
0.225367	37
0.225495	37
0.225603	38
0.225715	39
0.225832	40
0.225956	41
0.226085	42
0.226216	43
0.226322	44
0.226435	45
0.226553	46
0.226677	47
0.226806	48
0.226939	37
0.227063	37
0.227177	38
0.227296	39
0.22742	40
0.227549	41
0.227681	42
0.227788	43
0.227902	44
0.228021	45
0.228144	46
0.228266	47
0.228383	35
0.228503	36
0.22861	37
0.228723	38
0.228837	39
0.229055	40
0.229185	41
0.229294	42
0.229405	43
0.22952	44
0.229639	45
0.229762	46
0.22989	47
0.23001	35
0.230137	36
0.230252	37
0.230371	38
0.230495	39
0.230625	40
0.230745	41
0.230854	42
0.23097	43
0.23109	44
0.231216	45
0.231337	46
0.231456	47
0.23158	48
0.231709	37
0.231842	37
0.231965	38
0.232092	39
0.232222	40
0.232327	41
0.232435	42
0.232549	43
0.232648	44
0.232769	45
0.232895	46
0.233021	35
0.233145	36
0.233258	37
0.233375	38
0.233497	39
0.233626	40
0.233732	41
0.233836	42
0.233946	43
0.23406	44
0.234179	45
0.234303	46
0.23443	47
0.234547	36
0.234779	37
0.234895	38
0.235018	39
0.235145	40
0.235276	41
0.235392	42
0.235502	43
0.235618	44
0.235738	45
0.235863	46
0.235993	47
0.236112	35
0.236236	36
0.236349	37
0.236466	38
0.23659	39
0.236719	40
0.236846	41
0.236952	42
0.237063	43
0.237171	44
0.237284	45
0.237408	46
0.237537	47
0.237655	36
0.237778	37
0.237892	38
0.238011	39
0.238135	40
0.238262	41
0.238392	42
0.238477	43
0.238587	44
0.238702	45
0.238816	46
0.238941	47
0.239071	36
0.239205	37
0.239315	38
0.239431	39
0.239551	40
0.239676	41
0.239806	42
0.23994	43
0.240048	44
0.240161	45
0.240278	46
0.240399	43
0.240526	43
0.240652	44
0.240767	45
0.240889	46
0.241015	47
0.241145	48
0.241279	36
0.241419	37
0.241516	38
0.241618	39
0.241725	40
0.241837	41
0.241954	42
0.242036	43
0.242161	44
0.242291	45
0.242409	46
0.242533	47
0.242664	35
0.2428	36
0.242918	37
0.243016	38
0.243118	39
0.243225	40
0.243333	41
0.24344	42
0.243561	43
0.243687	44
0.243802	45
0.243921	46
0.244045	47
0.244171	48
0.244302	35
0.24444	36
0.244537	37
0.244638	38
0.244743	39
0.244854	40
0.244968	41
0.245086	42
0.245211	43
0.245325	44
0.245444	45
0.245568	46
0.245698	47
0.245832	34
0.245965	35
0.246164	36
0.246268	37
0.246374	38
0.246485	39
0.2466	40
0.246721	41
0.246817	42
0.246933	43
0.247054	44
0.247179	45
0.247308	46
0.247441	33
0.247548	34
0.247641	35
0.24774	36
0.247846	37
0.247955	38
0.248066	39
0.248169	40
0.248294	41
0.248409	42
0.24853	43
0.248655	44
0.248784	45
0.248919	32
0.24903	33
0.249126	34
0.249227	35
0.249333	36
0.249443	37
0.249559	38
0.249679	39
0.249804	40
0.249925	41
0.250051	42
0.250182	43
0.250318	44
0.250456	31
0.250559	32
0.250649	33
0.250744	34
0.250844	35
0.250948	36
0.251053	37
0.251157	38
0.25124	39
0.251362	40
0.251619	41
0.251753	42
0.251877	43
0.251976	44
0.252077	45
0.252181	46
0.252282	47
0.2524	48
0.252523	49
0.25265	35
0.25278	36
0.252897	37
0.253018	38
0.253144	39
0.253275	40
0.253409	41
0.253505	42
0.253606	43
0.253711	44
0.253822	45
0.253939	46
0.25406	47
0.254186	48
0.254317	34
0.254453	35
0.254576	36
0.254703	37
0.254835	38
0.254945	39
0.255058	40
0.255171	41
0.255281	42
0.255406	43
0.255516	44
0.25562	45
0.25573	46
0.255846	47
0.255968	48
0.256093	49
0.256221	35
0.256353	35
0.256462	36
0.256573	37
0.25668	38
0.256789	39
0.256908	40
0.257036	41
0.257265	42
0.257379	43
0.257498	44
0.257622	45
0.25775	46
0.257881	47
0.258001	33
0.258128	34
0.258241	35
0.258358	36
0.258481	37
0.258608	38
0.258724	39
0.258828	40
0.258939	41
0.259054	42
0.259175	43
0.2593	44
0.259429	45
0.259548	46
0.259672	47
0.259792	48
0.259915	33
0.260028	34
0.260129	35
0.260232	36
0.260333	37
0.260438	38
0.260548	39
0.260665	40
0.260777	41
0.260897	42
0.261008	43
0.261125	44
0.261248	45
0.261375	46
0.261506	32
0.261627	33
0.261734	34
0.261835	35
0.26194	36
0.262051	37
0.262166	38
0.262287	39
0.26241	40
0.262523	41
0.262644	42
0.262898	43
0.263022	44
0.26313	45
0.263243	46
0.263362	47
0.263484	48
0.263598	49
0.263725	34
0.263852	34
0.263955	35
0.264063	36
0.264175	37
0.26429	38
0.26441	39
0.264534	40
0.264647	41
0.264753	42
0.264864	43
0.264979	44
0.265093	45
0.265203	46
0.265331	47
0.265465	32
0.26559	32
0.265699	33
0.265813	34
0.265932	35
0.266056	36
0.266153	37
0.266257	38
0.266365	39
0.266478	40
0.266593	41
0.266714	42
0.266839	43
0.266967	44
0.267087	45
0.267214	46
0.267342	47
0.26747	31
0.267585	32
0.267666	33
0.267762	34
0.267863	35
0.267968	36
0.268078	37
0.26819	38
0.26843	39
0.26856	40
0.26868	41
0.268787	42
0.268898	43
0.269013	44
0.269134	45
0.269249	46
0.269368	47
0.269489	48
0.269615	49
0.269747	32
0.269884	33
0.269989	34
0.270098	35
0.270214	36
0.270333	37
0.270442	38
0.270556	39
0.270674	40
0.270794	41
0.2709	42
0.271005	43
0.271126	44
0.271243	45
0.271362	46
0.271491	30
0.271618	30
0.271713	31
0.271812	32
0.271917	33
0.272026	34
0.272142	35
0.272261	36
0.272383	37
0.272502	38
0.272625	39
0.272754	40
0.272888	41
0.273012	42
0.273112	43
0.273216	44
0.273317	45
0.273429	46
0.273547	47
0.273669	48
0.273798	49
0.273932	43
0.27407	43
0.274203	44
0.274341	28
0.27447	29
0.274553	30
0.274641	31
0.274731	32
0.274821	33
0.2749	34
0.275007	35
0.275119	36
0.275236	37
0.275352	38
0.275472	39
0.275599	40
0.275731	41
0.275852	42
0.275979	43
0.276081	44
0.276185	45
0.276293	46
0.276409	47
0.276529	48
0.276653	49
0.276784	31
0.27692	32
0.277037	33
0.27716	34
0.277288	35
0.27742	36
0.27751	37
0.27759	38
0.277691	39
0.277798	40
0.27791	41
0.278027	42
0.278148	43
0.278272	44
0.278399	45
0.278529	29
0.278658	30
0.278748	31
0.27886	32
0.278947	33
0.279038	34
0.279133	35
0.279235	36
0.279452	37
0.279568	38
0.279688	39
0.279813	40
0.279943	41
0.280077	42
0.280201	43
0.280299	44
0.280403	45
0.280514	46
0.28063	47
0.280752	48
0.280878	49
0.281009	32
0.281141	33
0.281255	34
0.281372	35
0.281492	36
0.281618	37
0.281752	38
0.281824	39
0.281901	40
0.282003	41
0.28211	42
0.282222	43
0.282337	44
0.282456	45
0.282581	46
0.282712	47
0.282848	30
0.282989	31
0.283112	32
0.283198	33
0.283288	34
0.283385	35
0.283487	36
0.283594	37
0.283706	38
0.283824	39
0.283942	40
0.284064	41
0.284192	42
0.284324	43
0.284461	44
0.284584	28
0.284679	29
0.284764	30
0.284949	31
0.285049	32
0.285153	33
0.285263	34
0.285377	35
0.285496	36
0.28562	37
0.285748	38
0.285867	39
0.285971	40
0.286057	41
0.286157	42
0.28624	43
0.286352	44
0.286468	45
0.28659	46
0.286717	47
0.286845	48
0.286977	30
0.287115	31
0.287235	32
0.28736	33
0.28749	34
0.287603	35
0.287697	36
0.287801	37
0.287913	38
0.28803	39
0.288151	40
0.288277	41
0.288393	42
0.288513	43
0.288638	44
0.288768	45
0.288902	29
0.289013	30
0.289108	31
0.289209	32
0.289316	33
0.289428	34
0.289544	35
0.289662	36
0.289785	37
0.289898	38
0.290015	39
0.290138	40
0.290266	41
0.290501	42
0.290559	43
0.290668	44
0.290784	45
0.290905	46
0.291032	47
0.291165	30
0.291292	31
0.291398	32
0.291508	33
0.291624	34
0.291744	35
0.291857	36
0.291957	37
0.29206	38
0.292168	39
0.292282	40
0.292401	41
0.292525	42
0.29265	43
0.29278	44
0.292899	45
0.293025	46
0.293156	47
0.293292	30
0.293408	30
0.293499	31
0.293596	32
0.293698	33
0.293805	34
0.293917	35
0.294034	36
0.294155	37
0.294281	38
0.294397	39
0.294517	40
0.294624	41
0.294683	42
0.294799	43
0.29492	44
0.295034	45
0.295153	46
0.295277	47
0.295406	30
0.295537	31
0.295652	32
0.295755	33
0.295977	34
0.296095	35
0.296217	36
0.296328	37
0.296428	38
0.296532	39
0.296642	40
0.296759	41
0.29688	42
0.297006	43
0.297137	44
0.297259	45
0.297385	46
0.297516	47
0.29764	30
0.297753	31
0.297849	32
0.29795	33
0.298057	34
0.298169	35
0.298285	36
0.298404	37
0.298528	38
0.298649	39
0.298766	40
0.298884	41
0.298945	42
0.299074	43
0.299206	44
0.299314	45
0.299427	46
0.299546	47
0.29967	48
0.299799	32
0.299932	32
0.300049	33
0.300156	34
0.300267	35
0.300384	36
0.300505	37
0.30062	38
0.300734	39
0.300842	40
0.300956	41
0.301074	42
0.301196	43
0.30132	44
0.301449	43
0.301582	43
0.301701	44
0.301825	45
0.301954	46
0.302075	47
0.302201	48
0.302318	49
0.302441	50
0.302568	34
0.3027	34
0.302816	35
0.302936	36
0.303061	37
0.303192	38
0.303307	39
0.303417	40
0.303532	41
0.303588	42
0.303712	43
0.303826	44
0.303945	45
0.304069	46
0.304199	47
0.304333	31
0.304465	32
0.304581	33
0.304688	34
0.3048	35
0.304917	36
0.305038	37
0.305163	38
0.305266	39
0.305376	40
0.30549	41
0.305609	42
0.305732	43
0.305857	44
0.305986	45
0.306116	29
0.306245	30
0.306345	31
0.306449	32
0.306559	33
0.306673	34
0.306777	35
0.306886	36
0.307	37
0.307234	38
0.307356	39
0.307482	40
0.307613	41
0.307733	42
0.307851	43
0.30797	44
0.308043	45
0.308164	46
0.308275	47
0.30839	48
0.308511	49
0.308637	50
0.308768	32
0.308904	33
0.309022	34
0.309143	35
0.309255	36
0.309374	37
0.309496	38
0.309612	39
0.309716	40
0.309826	41
0.30994	42
0.310059	43
0.310183	44
0.310308	45
0.310437	46
0.310572	30
0.310696	31
0.310805	32
0.310919	33
0.311038	34
0.311162	35
0.311266	36
0.31137	37
0.31148	38
0.311594	39
0.311712	40
0.311833	41
0.311959	42
0.31209	43
0.312212	44
0.312325	45
0.31244	46
0.312559	47
0.312632	48
0.312759	43
0.312879	43
0.312995	44
0.313118	45
0.313242	46
0.31337	47
0.313503	30
0.313625	31
0.313732	32
0.313844	33
0.313959	34
0.31408	35
0.314189	36
0.314303	37
0.314406	38
0.314515	39
0.314629	40
0.314748	41
0.314872	42
0.315001	43
0.315131	44
0.315255	45
0.315383	46
0.315504	47
0.31563	48
0.315747	49
0.315868	50
0.315994	33
0.316125	34
0.316236	35
0.316351	36
0.316473	37
0.316599	38
0.316714	39
0.316835	40
0.31696	41
0.317074	42
0.317128	43
0.31725	44
0.317362	45
0.317479	46
0.3176	47
0.317726	48
0.317856	32
0.317991	33
0.318111	34
0.31822	35
0.318321	36
0.318541	37
0.318658	38
0.318779	39
0.318894	40
0.319009	41
0.319124	42
0.319245	43
0.31937	44
0.319499	45
0.319634	30
0.319758	31
0.319853	32
0.319953	33
0.320057	34
0.320166	35
0.320282	36
0.320402	37
0.320526	38
0.32064	39
0.320759	40
0.320883	41
0.321011	42
0.321145	43
0.321253	44
0.321367	45
0.321485	46
0.321606	47
0.321665	48
0.321795	32
0.32193	33
0.322033	34
0.322137	35
0.322247	36
0.322363	37
0.322482	38
0.322605	39
0.322727	40
0.322853	41
0.32297	42
0.323091	43
0.323218	44
0.323351	45
0.323473	30
0.323585	31
0.323682	32
0.323786	33
0.323894	34
0.324125	35
0.324246	36
0.324357	37
0.324472	38
0.324592	39
0.324717	40
0.324847	41
0.32496	42
0.325078	43
0.3252	44
0.325328	45
0.32546	46
0.325574	31
0.325649	31
0.325741	32
0.325839	33
0.325941	34
0.326048	35
0.32616	36
0.326276	37
0.326398	38
0.326523	39
0.326639	40
0.326761	41
0.326887	42
0.327018	43
0.327126	44
0.327239	45
0.327358	46
0.327482	47
0.32761	48
0.327744	31
0.327866	32
0.32797	33
0.328078	34
0.328191	35
0.32831	36
0.328434	37
0.328561	38
0.328679	39
0.328787	40
0.3289	41
0.329014	42
0.329068	43
0.329193	44
0.329323	45
0.329442	46
0.329566	43
0.329695	43
0.329822	44
0.329954	45
0.330061	30
0.330174	31
0.330274	32
0.330377	33
0.330486	34
0.3306	35
0.330718	36
0.33084	37
0.33095	38
0.331064	39
0.331184	40
0.331308	41
0.331438	42
0.331561	43
0.33167	44
0.331783	45
0.331902	46
0.332025	47
0.332154	48
0.332287	32
0.332411	32
0.332518	33
0.33263	34
0.332748	35
0.33287	36
0.332998	37
0.3331	38
0.333208	39
0.333321	40
0.333435	41
0.333553	42
0.333617	43
0.333745	44
0.333862	45
0.333983	46
0.334108	47
0.334239	31
0.334377	32
0.334497	33
0.334592	34
0.334691	35
0.334796	36
0.334904	37
0.335017	38
0.335261	39
0.335374	40
0.335492	41
0.335615	42
0.335743	43
0.335877	44
0.335992	45
0.336103	46
0.336219	47
0.336341	48
0.336467	49
0.336597	32
0.336731	33
0.336832	34
0.336937	35
0.337049	36
0.337166	37
0.337289	38
0.337415	39
0.337535	40
0.337652	41
0.337761	42
0.337874	43
0.337933	44
0.338053	45
0.33818	46
0.338311	31
0.338432	31
0.338538	32
0.338648	33
0.338764	34
0.338884	35
0.339009	36
0.339123	37
0.339228	38
0.339338	39
0.339453	40
0.339572	41
0.339694	42
0.339807	43
0.339926	44
0.34005	45
0.340179	46
0.340311	31
0.340448	32
0.340555	33
0.340649	34
0.340852	35
0.340963	36
0.341081	37
0.341204	38
0.341316	39
0.341432	40
0.341552	41
0.341679	42
0.341796	43
0.341881	44
0.342003	45
0.342115	46
0.342232	47
0.342352	48
0.342476	49
0.342605	33
0.342724	34
0.342829	35
0.342938	36
0.343053	37
0.343172	38
0.343294	39
0.343422	40
0.343538	41
0.343644	42
0.343753	43
0.343869	44
0.34399	45
0.344115	46
0.344235	47
0.344356	48
0.344481	49
0.34461	33
0.344744	34
0.344862	35
0.34497	36
0.345085	37
0.345205	38
0.345321	39
0.34544	40
0.345561	41
0.345689	42
0.345806	43
0.345929	44
0.346056	45
0.346173	46
0.346292	47
0.346415	43
0.346532	43
0.346613	44
0.346728	45
0.346848	46
0.346973	47
0.347103	32
0.347238	33
0.347344	34
0.347454	35
0.347571	36
0.347693	37
0.347814	38
0.347929	39
0.348049	40
0.348159	41
0.348274	42
0.348393	43
0.348514	44
0.348638	45
0.348751	46
0.348873	47
0.348999	48
0.34913	33
0.349264	34
0.349369	35
0.34948	36
0.349595	37
0.349715	38
0.349825	39
0.34994	40
0.35006	41
0.350184	42
0.350313	43
0.350432	44
0.350555	45
0.350683	46
0.350808	33
0.350916	33
0.350988	34
0.351086	35
0.351188	36
0.351293	37
0.351404	38
0.351517	39
0.351635	40
0.35176	41
0.351876	42
0.352123	43
0.352251	44
0.352385	45
0.352492	32
0.352605	33
0.352706	34
0.35281	35
0.35292	36
0.353035	37
0.353155	38
0.35328	39
0.353395	40
0.353514	41
0.353637	42
0.353767	43
0.353901	44
0.35401	32
0.354124	33
0.354228	34
0.354333	35
0.354439	36
0.354526	37
0.354628	38
0.354735	39
0.354847	40
0.354963	41
0.355083	42
0.355208	43
0.355339	44
0.355473	45
0.355582	33
0.355698	34
0.355803	35
0.355914	36
0.356029	37
0.35615	38
0.35626	39
0.356376	40
0.356496	41
0.35662	42
0.356747	43
0.35688	44
0.35699	32
0.357103	33
0.357204	34
0.357309	35
0.357419	36
0.357656	37
0.357765	38
0.357879	39
0.357998	40
0.358122	41
0.358251	42
0.358382	43
0.358487	44
0.358582	45
0.358685	46
0.358804	47
0.358921	48
0.359044	49
0.359173	35
0.359296	36
0.3594	37
0.359509	38
0.359631	39
0.359757	40
0.359888	41
0.360003	42
0.360122	43
0.360245	44
0.360371	45
0.360503	33
0.360627	33
0.360723	34
0.360824	35
0.360929	36
0.361038	37
0.361152	38
0.361271	39
0.361394	40
0.361506	41
0.361623	42
0.361747	43
0.361877	44
0.362007	45
0.362129	46
0.362244	47
0.362363	48
0.362486	49
0.362615	36
0.362749	37
0.362855	38
0.362966	39
0.363081	40
0.363303	41
0.3634	42
0.363527	43
0.363639	44
0.363746	45
0.36386	46
0.363979	47
0.364103	48
0.364232	35
0.364365	36
0.364471	37
0.364582	38
0.364697	39
0.364818	40
0.364945	41
0.365076	42
0.365196	43
0.365306	44
0.365423	45
0.365544	46
0.365671	47
0.365802	35
0.365921	36
0.366028	37
0.366139	38
0.366256	39
0.366377	40
0.366504	41
0.366619	42
0.366739	43
0.36685	44
0.366965	45
0.367085	46
0.367212	47
0.367343	48
0.367463	35
0.367587	36
0.367696	37
0.367811	38
0.367927	39
0.368036	40
0.368165	41
0.368242	42
0.368353	43
0.368465	44
0.368582	45
0.368703	46
0.368828	43
0.368958	43
0.369079	44
0.369206	45
0.369338	46
0.369475	33
0.36961	34
0.369709	35
0.369811	36
0.36992	37
0.370033	38
0.370143	39
0.370249	40
0.37036	41
0.370475	42
0.370595	43
0.37072	44
0.37085	45
0.370985	32
0.371123	33
0.371221	34
0.371325	35
0.371433	36
0.371546	37
0.371664	38
0.371778	39
0.371895	40
0.372015	41
0.372141	42
0.372273	43
0.372392	44
0.372512	45
0.372622	46
0.37273	47
0.372841	48
0.37294	49
0.373041	50
0.373165	51
0.373292	36
0.373426	37
0.373545	38
0.373669	39
0.373797	40
0.373931	41
0.374053	42
0.374168	43
0.374274	44
0.374386	45
0.374503	43
0.374624	43
0.374744	44
0.374868	45
0.374997	46
0.37513	33
0.375269	34
0.375395	35
0.375496	36
0.375601	37
0.375711	38
0.375825	39
0.375932	40
0.376044	41
0.37616	42
0.376282	43
0.376406	44
0.376529	45
0.376659	33
0.376795	33
0.376906	34
0.376992	35
0.377085	36
0.377179	37
0.377271	38
0.37737	39
0.377479	40
0.377568	41
0.377686	42
0.377808	43
0.377935	44
0.378067	45
0.378205	32
0.378336	33
0.378423	34
0.378513	35
0.378608	36
0.378707	37
0.378812	38
0.378921	39
0.379036	40
0.379153	41
0.379276	42
0.379406	43
0.379542	44
0.379677	31
0.379798	31
0.379885	32
0.380075	33
0.380176	34
0.380282	35
0.38039	36
0.380501	37
0.380617	38
0.380738	39
0.380863	40
0.380994	41
0.381127	42
0.38123	43
0.381322	44
0.381426	45
0.381535	46
0.381644	47
0.381752	48
0.381859	49
0.381987	34
0.382119	35
0.382237	36
0.382359	37
0.382487	38
0.382619	39
0.38274	40
0.38284	41
0.382945	42
0.383054	43
0.383168	44
0.383286	45
0.383406	46
0.383531	47
0.383661	34
0.383796	34
0.383917	35
0.384043	36
0.384161	37
0.384276	38
0.384383	39
0.384495	40
0.384612	41
0.384731	42
0.384854	43
0.384978	44
0.3851	45
0.385225	46
0.385353	47
0.385471	33
0.385701	34
0.385799	35
0.385901	36
0.386012	37
0.386082	38
0.386198	39
0.38632	40
0.386442	41
0.386555	42
0.386673	43
0.386797	44
0.386926	45
0.387052	46
0.387176	47
0.387303	48
0.387423	34
0.387548	35
0.38766	36
0.387777	37
0.387898	38
0.388024	39
0.38814	40
0.38826	41
0.388372	42
0.388488	43
0.38861	44
0.388736	45
0.388852	46
0.388975	47
0.389101	48
0.389223	35
0.38934	36
0.389451	37
0.389569	38
0.389678	39
0.389791	40
0.389908	41
0.390034	42
0.390163	43
0.39027	44
0.390379	45
0.390474	46
0.390595	47
0.390721	48
0.390852	34
0.390988	35
0.391111	36
0.391344	37
0.391457	38
0.39157	39
0.391687	40
0.391808	41
0.39192	42
0.392036	43
0.392155	44
0.392279	45
0.392405	46
0.392536	47
0.39266	33
0.392789	34
0.392904	35
0.393023	36
0.393142	37
0.393243	38
0.393343	39
0.393451	40
0.393564	41
0.393682	42
0.393803	43
0.393926	44
0.394051	45
0.394183	31
0.394308	32
0.394416	33
0.394522	34
0.394633	35
0.394745	36
0.394854	37
0.394957	38
0.39507	39
0.395188	40
0.395307	41
0.39543	42
0.395557	43
0.395675	44
0.395799	45
0.395926	46
0.396058	33
0.39618	33
0.396287	34
0.396384	35
0.396486	36
0.396594	37
0.396709	38
0.396951	39
0.397076	40
0.397183	41
0.397298	42
0.397408	43
0.397525	44
0.397644	45
0.397765	46
0.397882	47
0.398002	48
0.398127	49
0.398254	35
0.398387	35
0.398506	36
0.39861	37
0.398716	38
0.398828	39
0.398938	40
0.39905	41
0.399166	42
0.399287	43
0.399413	44
0.39953	45
0.399651	46
0.399777	47
0.399908	34
0.400044	35
0.40015	36
0.400258	37
0.400358	38
0.400464	39
0.400577	40
0.400696	41
0.400819	42
0.400938	43
0.401063	44
0.401191	45
0.401323	46
0.401458	33
0.401598	33
0.401696	34
0.401782	35
0.401871	36
0.401967	37
0.402066	38
0.402166	39
0.40227	40
0.402508	41
0.402633	42
0.402758	43
0.402883	44
0.403018	31
0.403142	31
0.403231	32
0.403324	33
0.403423	34
0.403526	35
0.403635	36
0.403746	37
0.403863	38
0.403984	39
0.404106	40
0.404231	41
0.404356	42
0.404483	43
0.404591	44
0.404706	45
0.404813	46
0.404924	47
0.405041	48
0.405162	49
0.405288	50
0.405418	34
0.405547	35
0.405658	36
0.405775	37
0.405902	38
0.406022	39
0.406131	40
0.406232	41
0.406325	42
0.406429	43
0.406541	44
0.40666	45
0.406784	46
0.406912	47
0.407041	33
0.407174	34
0.407295	35
0.40742	36
0.407551	37
0.407676	38
0.407781	39
0.407892	40
0.408128	41
0.408251	42
0.408363	43
0.40848	44
0.408601	45
0.408729	46
0.408858	47
0.408976	33
0.40909	33
0.409185	34
0.409288	35
0.409391	36
0.409492	37
0.409599	38
0.409717	39
0.409842	40
0.409965	41
0.41008	42
0.410199	43
0.410322	44
0.410451	45
0.410583	46
0.410691	32
0.410796	33
0.410886	34
0.410992	35
0.411103	36
0.411218	37
0.411338	38
0.411464	39
0.411591	40
0.41171	41
0.411833	42
0.411949	43
0.412069	44
0.412178	45
0.412293	46
0.412413	47
0.412526	48
0.412654	49
0.412785	34
0.412916	34
0.413032	35
0.413138	36
0.413247	37
0.41336	38
0.413468	39
0.413709	40
0.413812	41
0.41392	42
0.414033	43
0.414151	44
0.414269	45
0.414391	46
0.414521	32
0.414651	33
0.414757	34
0.414872	35
0.414979	36
0.415091	37
0.415207	38
0.415317	39
0.415425	40
0.415538	41
0.415656	42
0.415778	43
0.415901	44
0.41603	45
0.416162	46
0.416283	32
0.416409	32
0.416519	33
0.416614	34
0.416716	35
0.416825	36
0.416939	37
0.417056	38
0.417168	39
0.417284	40
0.417402	41
0.417514	42
0.417633	43
0.417757	44
0.417881	45
0.417997	46
0.418108	47
0.418228	48
0.418354	33
0.418483	34
0.418597	35
0.418717	36
0.418836	37
0.41896	38
0.419089	39
0.419327	40
0.419448	41
0.419574	42
0.419692	43
0.419815	44
0.419941	45
0.420056	46
0.420175	47
0.420297	48
0.420414	34
0.420539	35
0.420655	36
0.420764	37
0.420866	38
0.420975	39
0.421089	40
0.421208	41
0.421332	42
0.421459	43
0.42159	44
0.421711	45
0.421832	46
0.421957	47
0.422082	48
0.422209	33
0.422316	34
0.422403	35
0.422513	36
0.42263	37
0.42275	38
0.422864	39
0.422983	40
0.423107	41
0.423237	42
0.423367	43
0.423489	44
0.423617	45
0.423749	46
0.423858	32
0.423972	33
0.424073	34
0.424179	35
0.42429	36
0.424405	37
0.424505	38
0.424626	39
0.424751	40
0.424993	41
0.425112	42
0.425236	43
0.425364	44
0.425481	45
0.425593	46
0.425709	47
0.425831	48
0.425957	49
0.426085	34
0.426184	34
0.426293	35
0.426409	36
0.426536	37
0.426655	38
0.42676	39
0.426862	40
0.426969	41
0.427081	42
0.427199	43
0.42732	44
0.427446	45
0.427577	46
0.427713	31
0.427846	32
0.427965	33
0.428074	34
0.428187	35
0.428304	36
0.428426	37
0.428539	38
0.428643	39
0.428752	40
0.428853	41
0.428968	42
0.429084	43
0.429207	44
0.429339	45
0.429475	30
0.429603	31
0.429716	32
0.429802	33
0.42989	34
0.429973	35
0.430076	36
0.430182	37
0.430289	38
0.430526	39
0.430652	40
0.430777	41
0.430907	42
0.431035	43
0.431169	44
0.431291	30
0.431419	31
0.43152	32
0.431612	33
0.43171	34
0.431812	35
0.431919	36
0.432032	37
0.43215	38
0.432272	39
0.4324	40
0.432532	41
0.432642	42
0.432757	43
0.432874	44
0.432978	45
0.433087	46
0.433204	47
0.433325	48
0.433448	49
0.433572	33
0.433691	34
0.433804	35
0.433909	36
0.434028	37
0.434152	38
0.434281	39
0.43439	40
0.434504	41
0.434625	42
0.434734	43
0.434848	44
0.434969	45
0.435096	46
0.435227	47
0.435363	31
0.435503	32
0.435616	33
0.435721	34
0.43583	35
0.435946	36
0.436171	37
0.436281	38
0.436396	39
0.436518	40
0.436637	41
0.43676	42
0.436889	43
0.437022	44
0.437146	30
0.437275	30
0.437376	31
0.437458	32
0.437526	33
0.437626	34
0.437732	35
0.437842	36
0.437946	37
0.438066	38
0.438191	39
0.438321	40
0.438441	41
0.438553	42
0.438669	43
0.438791	44
0.438902	45
0.439018	46
0.43914	47
0.439269	48
0.439401	32
0.439533	33
0.439651	34
0.439769	35
0.439893	36
0.440017	37
0.440134	38
0.440257	39
0.440368	40
0.440487	41
0.440597	42
0.440713	43
0.440832	44
0.440953	45
0.441074	46
0.441202	31
0.441316	32
0.44144	33
0.44154	34
0.441756	35
0.441871	36
0.441976	37
0.442082	38
0.442181	39
0.4423	40
0.442424	41
0.442548	42
0.442677	43
0.442807	44
0.442927	45
0.443052	46
0.443179	47
0.443311	31
0.443436	32
0.443534	33
0.443637	34
0.443746	35
0.443859	36
0.443976	37
0.444099	38
0.444227	39
0.444345	40
0.444468	41
0.444582	42
0.4447	43
0.444809	44
0.444884	45
0.445	46
0.445122	47
0.445248	48
0.445378	32
0.445509	33
0.445625	34
0.445743	35
0.445866	36
0.445987	37
0.446105	38
0.446226	39
0.446338	40
0.446456	41
0.446564	42
0.446677	43
0.446795	44
0.446916	45
0.447036	46
0.447169	30
0.447413	31
0.44751	32
0.447613	33
0.447723	34
0.447836	35
0.447946	36
0.448054	37
0.448169	38
0.448288	39
0.448407	40
0.44853	41
0.448657	42
0.448788	43
0.448909	44
0.449034	45
0.44914	46
0.449241	47
0.449354	48
0.449473	49
0.449595	50
0.449724	33
0.449857	34
0.449974	35
0.450095	36
0.450222	37
0.450353	38
0.45046	39
0.450571	40
0.450671	41
0.45076	42
0.450872	43
0.450989	44
0.45111	45
0.451237	46
0.45137	31
0.451502	32
0.45162	33
0.451737	34
0.45186	35
0.451972	36
0.45209	37
0.4522	38
0.452314	39
0.452432	40
0.452544	41
0.452659	42
0.45278	43
0.452905	43
0.453034	43
0.453167	44
0.453304	30
0.453417	31
0.453515	32
0.453619	33
0.453695	34
0.453808	35
0.453912	36
0.45402	37
0.454133	38
0.45425	39
0.454365	40
0.454486	41
0.454611	42
0.454741	43
0.454876	44
0.455	30
0.455097	31
0.4552	32
0.455295	33
0.455395	34
0.4555	35
0.455609	36
0.455723	37
0.455842	38
0.455967	39
0.456097	40
0.456224	41
0.456335	42
0.45645	43
0.456559	44
0.456669	45
0.456781	46
0.456901	47
0.457026	48
0.457157	33
0.457283	33
0.457399	34
0.457501	35
0.457621	36
0.457746	37
0.457876	38
0.457997	39
0.458108	40
0.458211	41
0.458316	42
0.458535	43
0.458657	44
0.458785	45
0.458917	46
0.459054	31
0.459196	31
0.459294	32
0.459386	33
0.459482	34
0.459582	35
0.459687	36
0.459797	37
0.459911	38
0.460031	39
0.460151	40
0.460278	41
0.460409	42
0.460537	43
0.460671	44
0.460791	29
0.460904	30
0.460996	31
0.461093	32
0.461191	33
0.461294	34
0.461398	35
0.461511	36
0.461629	37
0.461751	38
0.461877	39
0.462008	40
0.46213	41
0.462232	42
0.462333	43
0.462438	44
0.462531	45
0.46265	46
0.462775	47
0.462905	48
0.46304	31
0.463174	32
0.463292	33
0.463408	34
0.463528	35
0.463654	36
0.46378	37
0.463899	38
0.464117	39
0.464213	40
0.464309	41
0.464417	42
0.464539	43
0.464665	44
0.464797	45
0.464934	29
0.465069	30
0.465182	31
0.465272	32
0.465367	33
0.465468	34
0.465574	35
0.465684	36
0.4658	37
0.46592	38
0.46604	39
0.466165	40
0.466288	41
0.466415	42
0.466542	43
0.466672	44
0.466759	28
0.466875	29
0.466978	30
0.467086	31
0.467199	32
0.467309	33
0.467419	34
0.467533	35
0.467652	36
0.467776	37
0.467904	38
0.468038	39
0.468146	40
0.468242	41
0.468327	42
0.468437	43
0.468551	44
0.46867	45
0.468794	46
0.468919	47
0.469049	48
0.469183	31
0.469318	31
0.469434	32
0.469682	33
0.469796	34
0.469894	35
0.469989	36
0.470062	37
0.470168	38
0.470278	39
0.470395	40
0.470516	41
0.470642	42
0.470773	43
0.470909	44
0.471035	28
0.471159	29
0.471254	30
0.471354	31
0.47146	32
0.47157	33
0.471687	34
0.471806	35
0.471914	36
0.472027	37
0.47214	38
0.472258	39
0.472379	40
0.472502	41
0.472619	42
0.472728	43
0.472842	44
0.472961	45
0.473085	46
0.473214	47
0.473347	30
0.473467	31
0.473569	32
0.473677	33
0.473792	34
0.473912	35
0.474022	36
0.474129	37
0.474203	38
0.474313	39
0.474429	40
0.474548	41
0.474674	42
0.474803	43
0.474929	44
0.475051	43
0.475174	43
0.475298	44
0.475426	45
0.47556	30
0.475684	31
0.475794	32
0.475896	33
0.476003	34
0.476116	35
0.476234	36
0.476357	37
0.476469	38
0.476586	39
0.476707	40
0.476828	41
0.476922	42
0.47703	43
0.477143	44
0.477259	45
0.477381	46
0.477508	47
0.47764	31
0.477775	32
0.477894	33
0.478002	34
0.478112	35
0.478226	36
0.478345	37
0.478467	38
0.47855	39
0.478668	40
0.47879	41
0.478905	42
0.479026	43
0.479153	44
0.479282	45
0.479403	30
0.479528	31
0.479638	32
0.479754	33
0.479875	34
0.479995	35
0.480096	36
0.480203	37
0.480315	38
0.480433	39
0.480555	40
0.480813	41
0.480932	42
0.481049	43
0.48117	44
0.481291	45
0.481405	46
0.481525	31
0.481649	32
0.481747	33
0.481849	34
0.481956	35
0.482069	36
0.482186	37
0.482309	38
0.482435	39
0.482552	40
0.482674	41
0.482799	42
0.482926	43
0.48301	44
0.483122	45
0.483238	46
0.48336	47
0.483486	48
0.483616	32
0.483751	33
0.483872	34
0.483981	35
0.48409	36
0.484205	37
0.484324	38
0.484447	39
0.48456	40
0.484678	41
0.484801	42
0.484916	43
0.485034	44
0.485151	45
0.485256	46
0.48539	31
0.485514	32
0.485623	33
0.485738	34
0.485857	35
0.485981	36
0.486081	37
0.486187	38
0.486413	39
0.48653	40
0.486654	41
0.486783	42
0.486912	43
0.487029	44
0.487152	45
0.487277	46
0.487406	47
0.487491	31
0.487617	32
0.487716	33
0.487819	34
0.487927	35
0.48804	36
0.488158	37
0.488281	38
0.488392	39
0.488509	40
0.48863	41
0.488755	42
0.488885	43
0.489001	44
0.489091	45
0.489206	46
0.489328	47
0.489454	48
0.489584	32
0.489718	33
0.489838	34
0.489944	35
0.490055	36
0.49017	37
0.49029	38
0.490415	39
0.49053	40
0.490649	41
0.490758	42
0.490873	43
0.490992	44
0.491114	45
0.491209	46
0.491342	31
0.491465	32
0.491574	33
0.491687	34
0.491805	35
0.492039	36
0.49214	37
0.492246	38
0.492357	39
0.492471	40
0.49259	41
0.492715	42
0.492842	43
0.492959	44
0.49308	45
0.493208	46
0.493337	47
0.493458	31
0.493569	32
0.493667	33
0.493769	34
0.493876	35
0.493988	36
0.494104	37
0.494226	38
0.494352	39
0.494466	40
0.494584	41
0.494706	42
0.494835	43
0.494949	44
0.495027	45
0.495142	46
0.495261	47
0.495383	48
0.495511	49
0.495643	32
0.49578	33
0.495882	34
0.495989	35
0.496101	36
0.496217	37
0.496339	38
0.496465	39
0.49658	40
0.496686	41
0.496799	42
0.496913	43
0.497035	44
0.497151	45
0.497284	46
0.497406	31
0.497645	31
0.49776	32
0.497876	33
0.497982	34
0.498079	35
0.498183	36
0.49829	37
0.498401	38
0.498519	39
0.498641	40
0.498767	41
0.49888	42
0.498999	43
0.499124	44
0.499254	45
0.49937	31
0.499459	31
0.499554	32
0.499654	33
0.499758	34
0.499868	35
0.499982	36
0.5001	37
0.500222	38
0.500335	39
0.500452	40
0.500575	41
0.500702	42
0.500827	43
0.500921	44
0.501034	45
0.50115	46
0.501271	47
0.501393	48
0.501521	32
0.501654	33
0.501772	34
0.50188	35
0.501994	36
0.502113	37
0.502237	38
0.502366	39
0.502469	40
0.502578	41
0.502694	42
0.502814	43
0.502895	44
0.503022	43
0.503154	43
0.503272	44
0.503393	45
0.50352	46
0.503651	47
0.503773	32
0.503886	33
0.503985	34
0.504088	35
0.504196	36
0.504309	37
0.504428	38
0.504548	39
0.504673	40
0.504788	41
0.504907	42
0.50503	43
0.505154	44
0.505286	45
0.505381	31
0.505494	32
0.505595	33
0.505701	34
0.505812	35
0.505927	36
0.506047	37
0.506172	38
0.506294	39
0.506419	40
0.506549	41
0.506666	42
0.506782	43
0.506902	44
0.507026	45
0.507139	46
0.507257	47
0.507379	48
0.507503	49
0.507581	50
0.507713	34
0.50785	35
0.507972	36
0.508098	37
0.508217	38
0.508326	39
0.508442	40
0.508563	41
0.508795	42
0.508912	43
0.509034	44
0.509159	45
0.50929	46
0.509414	31
0.509543	32
0.509643	33
0.509747	34
0.509856	35
0.509971	36
0.51009	37
0.510213	38
0.510328	39
0.510447	40
0.510563	41
0.510685	42
0.510811	43
0.510938	44
0.511054	45
0.511167	46
0.511282	47
0.511405	48
0.511533	49
0.511665	33
0.511787	34
0.511857	35
0.51197	36
0.512086	37
0.512205	38
0.51233	39
0.512461	40
0.512569	41
0.512682	42
0.5128	43
0.512923	44
0.513049	45
0.513174	46
0.513295	31
0.513422	32
0.513527	33
0.513638	34
0.513755	35
0.513876	36
0.514002	37
0.514119	38
0.51424	39
0.514473	40
0.514596	41
0.514708	42
0.514824	43
0.514946	44
0.515072	45
0.515202	46
0.515321	31
0.515437	32
0.515529	33
0.515627	34
0.515722	35
0.515811	36
0.515925	37
0.516046	38
0.516172	39
0.516291	40
0.516411	41
0.51653	42
0.516654	43
0.516782	44
0.5169	45
0.517022	46
0.51715	47
0.517284	32
0.51741	32
0.51752	33
0.517635	34
0.517754	35
0.517879	36
0.517993	37
0.518111	38
0.518219	39
0.518332	40
0.518451	41
0.518573	42
0.518685	43
0.518802	44
0.518918	45
0.519036	46
0.519159	47
0.519295	31
0.519433	32
0.519523	33
0.519611	34
0.519709	35
0.519814	36
0.520033	37
0.520154	38
0.520267	39
0.520385	40
0.520507	41
0.520635	42
0.520767	43
0.520876	44
0.520991	45
0.52111	46
0.521233	47
0.521361	48
0.521491	31
0.521616	32
0.521725	33
0.521839	34
0.521953	35
0.522071	36
0.522194	37
0.522322	38
0.522434	39
0.52255	40
0.52266	41
0.522776	42
0.52288	43
0.523002	44
0.523128	45
0.523243	46
0.523365	47
0.523492	31
0.523627	32
0.523746	33
0.523839	34
0.523938	35
0.52403	36
0.524139	37
0.524252	38
0.524369	39
0.524492	40
0.524605	41
0.524724	42
0.524844	43
0.524969	44
0.525095	45
0.525226	30
0.52535	31
0.525457	32
0.525654	33
0.52576	34
0.525871	35
0.525986	36
0.526106	37
0.526217	38
0.526334	39
0.526455	40
0.526581	41
0.526712	42
0.526822	43
0.526933	44
0.527037	45
0.52713	46
0.527254	47
0.527383	32
0.527516	33
0.527621	34
0.527729	35
0.52784	36
0.527955	37
0.528078	38
0.528205	39
0.528335	40
0.528441	41
0.528546	42
0.528656	43
0.528776	44
0.528901	45
0.529031	46
0.529151	32
0.529276	33
0.529388	34
0.529506	35
0.529628	36
0.529756	37
0.529878	38
0.529992	39
0.530113	40
0.530238	41
0.530369	42
0.530478	43
0.53059	44
0.530704	45
0.530823	46
0.530947	47
0.531069	48
0.531187	43
0.531298	43
0.531414	44
0.531535	45
0.531658	46
0.531787	47
0.531919	32
0.532033	33
0.532131	34
0.532234	35
0.532342	36
0.532455	37
0.532573	38
0.532696	39
0.532818	40
0.532931	41
0.533051	42
0.533176	43
0.533306	44
0.53344	45
0.533548	31
0.533663	31
0.533763	32
0.533868	33
0.533978	34
0.534092	35
0.534208	36
0.534329	37
0.534455	38
0.534571	39
0.534693	40
0.534821	41
0.534937	42
0.535043	43
0.535154	44
0.535269	45
0.535391	46
0.535508	47
0.535636	48
0.535733	32
0.535856	33
0.535963	34
0.536076	35
0.536194	36
0.536315	37
0.53644	38
0.536543	39
0.536648	40
0.53687	41
0.536981	42
0.537101	43
0.537226	44
0.537358	45
0.53748	31
0.537606	32
0.537719	33
0.537837	34
0.53796	35
0.538058	36
0.538161	37
0.538269	38
0.538382	39
0.5385	40
0.53862	41
0.538744	42
0.538858	43
0.538979	44
0.539104	45
0.539233	46
0.539368	32
0.539477	33
0.53954	34
0.53964	35
0.539744	36
0.539854	37
0.539968	38
0.540087	39
0.540211	40
0.540339	41
0.540458	42
0.540582	43
0.540709	44
0.540839	45
0.540943	32
0.541048	32
0.54114	33
0.541244	34
0.541354	35
0.541468	36
0.541586	37
0.541709	38
0.541838	39
0.541956	40
0.54208	41
0.542208	42
0.542421	43
0.542533	44
0.542649	45
0.542771	46
0.542897	47
0.543027	48
0.543162	33
0.543293	34
0.543369	35
0.543481	36
0.543585	37
0.543694	38
0.543809	39
0.543928	40
0.544037	41
0.544151	42
0.544271	43
0.544395	44
0.544514	45
0.544633	46
0.54477	31
0.544896	32
0.544995	33
0.545099	34
0.54521	35
0.545323	36
0.545439	37
0.545546	38
0.54566	39
0.545779	40
0.545898	41
0.546022	42
0.546151	43
0.546284	44
0.546407	45
0.546534	46
0.546664	32
0.546771	33
0.546864	34
0.54696	35
0.547055	36
0.547159	37
0.547257	38
0.547375	39
0.547498	40
0.547627	41
0.547753	42
0.547989	43
0.548105	44
0.548226	45
0.548335	46
0.548436	47
0.548556	48
0.54868	49
0.548807	34
0.548938	35
0.549056	36
0.54918	37
0.549307	38
0.549437	39
0.549549	40
0.549649	41
0.549753	42
0.549863	43
0.549977	44
0.550096	45
0.55022	46
0.550347	47
0.550478	33
0.550611	34
0.550732	35
0.550859	36
0.550965	37
0.551061	38
0.551162	39
0.551267	40
0.551375	41
0.551489	42
0.55159	43
0.551715	44
0.551841	45
0.551972	46
0.552108	32
0.552249	32
0.55236	33
0.552451	34
0.552546	35
0.552645	36
0.55275	37
0.552842	38
0.552958	39
0.553079	40
0.553203	41
0.553332	42
0.553591	43
0.553704	44
0.553821	45
0.553943	46
0.554056	47
0.554172	48
0.55429	49
0.554407	50
0.554538	34
0.554674	35
0.554788	36
0.554907	37
0.555031	38
0.555161	39
0.555291	40
0.555413	41
0.555516	42
0.55562	43
0.55573	44
0.555817	45
0.555938	46
0.556061	47
0.55619	32
0.556323	33
0.556442	34
0.556566	35
0.55668	36
0.556799	37
0.55691	38
0.557024	39
0.55712	40
0.55722	41
0.557334	42
0.557453	43
0.557577	44
0.557702	45
0.557832	46
0.557967	32
0.558106	32
0.558217	33
0.558308	34
0.558403	35
0.558501	36
0.558596	37
0.558706	38
0.558819	39
0.558938	40
0.559191	41
0.559324	42
0.559439	43
0.559554	44
0.559675	45
0.559796	46
0.55991	47
0.560008	48
0.560129	49
0.560255	50
0.560386	34
0.560522	34
0.560642	35
0.560761	36
0.560886	37
0.561011	38
0.56113	39
0.56124	40
0.561355	41
0.561469	42
0.561575	43
0.561684	44
0.561805	45
0.561928	46
0.562058	47
0.562192	31
0.56233	32
0.562443	33
0.562556	34
0.562671	35
0.56279	36
0.562901	37
0.563001	38
0.563105	39
0.563213	40
0.563329	41
0.56345	42
0.563573	43
0.5637	44
0.563833	45
0.563957	30
0.564086	31
0.564192	32
0.564289	33
0.564367	34
0.564467	35
0.564573	36
0.564799	37
0.564918	38
0.56504	39
0.565168	40
0.565284	41
0.565406	42
0.565532	43
0.565657	44
0.565766	45
0.565879	46
0.565996	47
0.566118	48
0.566247	49
0.566381	32
0.566518	33
0.566629	34
0.566741	35
0.566848	36
0.56696	37
0.567078	38
0.567203	39
0.567317	40
0.567424	41
0.567536	42
0.567651	43
0.567771	44
0.567899	45
0.568026	46
0.568155	30
0.568264	30
0.568372	31
0.568485	32
0.56859	33
0.5687	34
0.568815	35
0.568926	36
0.569036	37
0.56915	38
0.569269	39
0.569393	40
0.56952	41
0.56965	42
0.56977	43
0.569893	44
0.570011	45
0.570138	30
0.570249	31
0.570446	32
0.57055	33
0.57066	34
0.570774	35
0.57089	36
0.571013	37
0.57114	38
0.571257	39
0.571375	40
0.571494	41
0.571579	42
0.571699	43
0.57181	44
0.571925	45
0.572047	46
0.572173	47
0.572304	31
0.57244	32
0.572555	33
0.572661	34
0.572772	35
0.572887	36
0.573008	37
0.573133	38
0.573251	39
0.573356	40
0.573462	41
0.573572	42
0.573694	43
0.573821	44
0.573951	45
0.57407	46
0.574195	47
0.574326	32
0.57445	33
0.574558	34
0.574656	35
0.574758	36
0.574867	37
0.574981	38
0.5751	39
0.575222	40
0.575349	41
0.575476	42
0.575595	43
0.575715	44
0.575838	45
0.575962	43
0.576058	43
0.576177	44
0.57629	45
0.576408	46
0.57653	47
0.576658	48
0.576791	32
0.576927	33
0.577033	34
0.577143	35
0.57726	36
0.577381	37
0.577507	38
0.577623	39
0.577729	40
0.577837	41
0.577946	42
0.578053	43
0.578177	44
0.578307	45
0.578437	46
0.578557	32
0.578683	32
0.578795	33
0.578911	34
0.579034	35
0.579158	36
0.579261	37
0.579369	38
0.579482	39
0.5796	40
0.579723	41
0.579849	42
0.579964	43
0.580083	44
0.580208	45
0.580339	46
0.580463	31
0.580567	32
0.58064	33
0.58074	34
0.580844	35
0.580955	36
0.58107	37
0.581192	38
0.581318	39
0.581438	40
0.581676	41
0.581801	42
0.581931	43
0.582044	44
0.582144	45
0.582252	46
0.582372	47
0.582497	48
0.582627	33
0.582761	34
0.582882	35
0.582991	36
0.583105	37
0.583225	38
0.58335	39
0.583466	40
0.583569	41
0.583677	42
0.58379	43
0.583907	44
0.58403	45
0.584145	46
0.584275	33
0.584379	33
0.584483	34
0.584591	35
0.584704	36
0.584823	37
0.584947	38
0.585075	39
0.58518	40
0.585289	41
0.585402	42
0.585519	43
0.585641	44
0.585769	45
0.585901	46
0.586022	32
0.586149	33
0.58626	34
0.58637	35
0.586491	36
0.586609	37
0.58671	38
0.586817	39
0.58693	40
0.587048	41
0.587295	42
0.587424	43
0.587557	44
0.587678	45
0.587804	46
0.587936	47
0.588043	32
0.588127	33
0.588223	34
0.588324	35
0.588431	36
0.588544	37
0.588662	38
0.588785	39
0.588912	40
0.589035	41
0.589156	42
0.589269	43
0.589386	44
0.589507	45
0.589632	46
0.589745	47
0.589864	48
0.58999	49
0.59012	33
0.590255	34
0.59037	35
0.590489	36
0.590597	37
0.590709	38
0.590826	39
0.590952	40
0.591073	41
0.591179	42
0.59129	43
0.591405	44
0.591525	45
0.591648	46
0.591775	47
0.591871	31
0.591993	32
0.592099	33
0.592208	34
0.592322	35
0.592442	36
0.592569	37
0.592686	38
0.592905	39
0.59302	40
0.593141	41
0.593263	42
0.593391	43
0.593507	44
0.593629	45
0.593755	46
0.593885	32
0.594004	32
0.594102	33
0.594198	34
0.594302	35
0.59441	36
0.594522	37
0.594638	38
0.59476	39
0.594887	40
0.595003	41
0.595122	42
0.595237	43
0.59535	44
0.595465	45
0.59554	46
0.595668	47
0.595797	48
0.59592	34
0.596047	34
0.59616	35
0.596274	36
0.596393	37
0.596517	38
0.596632	39
0.596753	40
0.596878	41
0.596998	42
0.597118	43
0.597227	44
0.597342	45
0.597461	46
0.597584	47
0.597713	48
0.597846	33
0.597969	34
0.598077	35
0.59819	36
0.598308	37
0.598544	38
0.598657	39
0.598776	40
0.598886	41
0.599003	42
0.599123	43
0.599248	44
0.599378	45
0.599497	46
0.599618	47
0.599748	48
0.599883	33
0.599956	33
0.600063	34
0.600175	35
0.600277	36
0.600384	37
0.600494	38
0.600611	39
0.600732	40
0.600859	41
0.600975	42
0.601095	43
0.601207	44
0.601324	45
0.601445	46
0.601571	47
0.601703	32
0.601824	33
0.601931	34
0.602043	35
0.602156	36
0.602273	37
0.602396	38
0.602508	39
0.602624	40
0.602746	41
0.602871	42
0.602989	43
0.603112	44
0.603236	45
0.603353	46
0.603473	47
0.603597	48
0.603657	49
0.603789	33
0.603926	34
0.604145	35
0.604247	36
0.604354	37
0.604466	38
0.604582	39
0.604705	40
0.604833	41
0.60495	42
0.605069	43
0.605193	44
0.605322	45
0.605455	31
0.605578	32
0.605687	33
0.605789	34
0.605896	35
0.606008	36
0.606125	37
0.606246	38
0.606364	39
0.606488	40
0.606616	41
0.60675	42
0.606874	43
0.606985	44
0.607089	45
0.607197	46
0.60731	47
0.607428	48
0.607541	49
0.607667	50
0.607739	34
0.607874	35
0.607993	36
0.608113	37
0.608238	38
0.608366	39
0.608487	40
0.608596	41
0.60871	42
0.608818	43
0.608931	44
0.609049	45
0.609172	46
0.609298	47
0.609429	32
0.609565	33
0.60981	34
0.609927	35
0.610032	36
0.610129	37
0.610229	38
0.610336	39
0.610449	40
0.610567	41
0.61069	42
0.610817	43
0.610946	44
0.611079	45
0.611218	30
0.611332	31
0.611433	32
0.611537	33
0.611644	34
0.611754	35
0.611807	36
0.611913	37
0.612026	38
0.612142	39
0.612262	40
0.612387	41
0.612518	42
0.61264	43
0.612766	44
0.612881	45
0.612988	46
0.613101	47
0.613219	48
0.613341	49
0.613469	34
0.613601	35
0.613719	36
0.613842	37
0.613965	38
0.614094	39
0.614213	40
0.614322	41
0.614436	42
0.614557	43
0.614682	44
0.614799	45
0.614922	46
0.615051	47
0.615181	32
0.615428	33
0.615534	34
0.615648	35
0.615762	36
0.615876	37
0.615945	38
0.616048	39
0.616157	40
0.61627	41
0.616387	42
0.61651	43
0.616639	44
0.616772	45
0.616905	30
0.617029	31
0.61714	32
0.617241	33
0.617347	34
0.617456	35
0.61757	36
0.61769	37
0.617801	38
0.617917	39
0.618035	40
0.618158	41
0.618287	42
0.618404	43
0.618527	44
0.618654	45
0.618785	46
0.618907	31
0.619019	32
0.619113	33
0.619212	34
0.61932	35
0.619434	36
0.619551	37
0.619671	38
0.619791	39
0.619918	40
0.620038	41
0.620148	42
0.620227	43
0.620344	44
0.620467	45
0.620594	46
0.620715	47
0.62084	43
0.620969	43
0.621094	44
0.621224	45
0.621344	31
0.621469	32
0.621581	33
0.621698	34
0.621819	35
0.621941	36
0.622042	37
0.622147	38
0.622258	39
0.622372	40
0.622487	41
0.622608	42
0.622734	43
0.622865	44
0.622989	45
0.623117	46
0.623239	47
0.623363	48
0.623492	34
0.623611	34
0.623714	35
0.623819	36
0.623935	37
0.624052	38
0.624175	39
0.624288	40
0.624406	41
0.624528	42
0.624656	43
0.624787	44
0.624894	45
0.625006	46
0.625091	47
0.625212	48
0.625339	49
0.62547	34
0.625605	35
0.625727	36
0.625836	37
0.62595	38
0.626069	39
0.626193	40
0.62631	41
0.626428	42
0.626654	43
0.626774	44
0.626899	45
0.627026	46
0.627146	33
0.627269	33
0.627377	34
0.627491	35
0.627612	36
0.627732	37
0.627839	38
0.627941	39
0.628049	40
0.628163	41
0.628282	42
0.628406	43
0.628535	44
0.628668	45
0.628787	32
0.628911	33
0.629023	34
0.629139	35
0.629261	36
0.629371	37
0.629488	38
0.629555	39
0.629666	40
0.629781	41
0.6299	42
0.630024	43
0.630153	44
0.63027	45
0.630394	46
0.630523	47
0.630655	33
0.630789	34
0.630881	35
0.630976	36
0.631077	37
0.631184	38
0.631298	39
0.631417	40
0.63154	41
0.631665	42
0.631783	43
0.6319	44
0.632025	45
0.632158	43
0.632287	43
0.632394	44
0.632506	45
0.632623	46
0.632744	47
0.632869	48
0.632999	34
0.633134	35
0.633239	36
0.633349	37
0.633465	38
0.633586	39
0.633711	40
0.633842	41
0.633946	42
0.63404	43
0.634157	44
0.634278	45
0.634402	46
0.634529	47
0.634648	33
0.634772	33
0.634881	34
0.634993	35
0.635111	36
0.635233	37
0.635362	38
0.635465	39
0.635575	40
0.635688	41
0.635804	42
0.635926	43
0.636052	44
0.636169	45
0.63629	46
0.636413	47
0.636538	33
0.636667	34
0.63677	35
0.636866	36
0.636966	37
0.63707	38
0.637182	39
0.637299	40
0.637422	41
0.637549	42
0.637672	43
0.637793	43
0.637918	43
0.638045	44
0.638176	45
0.638282	32
0.638392	33
0.638479	34
0.63858	35
0.638687	36
0.638797	37
0.638912	38
0.639032	39
0.639141	40
0.639257	41
0.639378	42
0.639503	43
0.639632	44
0.639749	45
0.639859	46
0.639974	47
0.640094	48
0.640218	49
0.640347	34
0.640468	35
0.640579	36
0.640681	37
0.640792	38
0.640908	39
0.641032	40
0.641161	41
0.641287	42
0.641396	43
0.641512	44
0.641631	45
0.641754	46
0.641883	47
0.642014	33
0.642131	33
0.642229	34
0.642335	35
0.642447	36
0.642564	37
0.642675	38
0.64279	39
0.642909	40
0.643019	41
0.643132	42
0.643252	43
0.643378	43
0.643507	43
0.643622	44
0.643744	45
0.643871	46
0.644004	33
0.644132	34
0.644226	35
0.644323	36
0.644413	37
0.644519	38
0.644631	39
0.64475	40
0.644874	41
0.645002	42
0.645121	43
0.645246	44
0.645374	45
0.645499	46
0.645608	47
0.645722	48
0.645832	49
0.645954	50
0.64608	35
0.64621	36
0.646326	37
0.646446	38
0.646571	39
0.646686	40
0.646806	41
0.646933	42
0.647064	43
0.647175	44
0.647288	45
0.647406	46
0.647529	47
0.647655	48
0.647781	34
0.647907	35
0.648022	36
0.648135	37
0.648252	38
0.648375	39
0.648486	40
0.648605	41
0.648713	42
0.648826	43
0.648944	44
0.649065	43
0.649191	43
0.649321	44
0.649451	45
0.649569	46
0.649691	47
0.649819	48
0.649951	34
0.650088	34
0.650182	35
0.65028	36
0.650367	37
0.650476	38
0.650589	39
0.650707	40
0.650829	41
0.650958	42
0.651087	43
0.651209	44
0.651335	45
0.651453	46
0.651576	47
0.651689	48
0.651805	49
0.651924	50
0.652048	35
0.652178	36
0.652297	37
0.652416	38
0.652539	39
0.652667	40
0.65279	41
0.652911	42
0.653021	43
0.65314	44
0.65325	45
0.653366	46
0.653485	47
0.65361	48
0.653738	35
0.653868	35
0.653985	36
0.654109	37
0.654238	38
0.654349	39
0.654456	40
0.65455	41
0.654658	42
0.654889	43
0.65501	44
0.655136	45
0.655267	46
0.655403	33
0.655536	33
0.655657	34
0.655766	35
0.65588	36
0.655999	37
0.656097	38
0.656213	39
0.65633	40
0.656444	41
0.656562	42
0.656684	43
0.656812	44
0.656943	45
0.657079	31
0.65722	32
0.657309	33
0.657402	34
0.657499	35
0.657592	36
0.657695	37
0.657797	38
0.657914	39
0.658037	40
0.658164	41
0.658296	42
0.658422	43
0.658545	44
0.65867	45
0.658783	46
0.6589	47
0.659019	48
0.659144	34
0.659266	35
0.659376	36
0.65949	37
0.659605	38
0.659725	39
0.65985	40
0.659979	41
0.660106	42
0.660238	43
0.660349	31
0.660567	32
0.66067	33
0.660781	34
0.6609	35
0.661022	36
0.661133	37
0.66125	38
0.661365	39
0.66148	40
0.661603	41
0.661717	42
0.661835	43
0.661956	44
0.662084	45
0.662216	32
0.662342	33
0.662438	34
0.662541	35
0.662648	36
0.662759	37
0.66287	38
0.662979	39
0.663095	40
0.663223	41
0.663336	42
0.663448	43
0.663565	44
0.663687	45
0.663815	46
0.663943	33
0.664062	34
0.664172	35
0.664286	36
0.664401	37
0.66452	38
0.664627	39
0.664739	40
0.664857	41
0.664979	42
0.665104	43
0.665222	44
0.665348	45
0.665477	46
0.665597	47
0.665723	48
0.665847	35
0.665965	36
0.666187	37
0.666303	38
0.666423	39
0.666548	40
0.666663	41
0.666784	42
0.666909	43
0.667038	44
0.667157	45
0.667278	46
0.667397	47
0.667517	35
0.667638	35
0.667745	36
0.667852	37
0.66796	38
0.668083	39
0.668197	40
0.668316	41
0.668438	42
0.66856	43
0.668677	44
0.668798	45
0.668923	46
0.669053	47
0.669174	35
0.669301	35
0.669416	36
0.669531	37
0.669644	38
0.669761	39
0.66988	40
0.669998	41
0.67012	42
0.670239	43
0.670351	44
0.670465	45
0.670584	46
0.670708	47
0.670837	48
0.67097	35
0.671108	35
0.67122	36
0.671337	37
0.671445	38
0.671559	39
0.671667	40
0.671901	41
0.672011	42
0.672139	43
0.672262	44
0.672373	45
0.672488	46
0.672608	47
0.672733	48
0.672863	35
0.672998	36
0.673119	37
0.673229	38
0.673344	39
0.673461	40
0.673583	41
0.673694	42
0.67381	43
0.673933	44
0.674062	45
0.674181	46
0.674305	47
0.674432	48
0.674561	34
0.674686	35
0.674787	36
0.674895	37
0.675009	38
0.675129	39
0.67524	40
0.675354	41
0.675473	42
0.675595	43
0.675707	44
0.675825	45
0.67595	46
0.676082	34
0.676217	34
0.676323	35
0.676428	36
0.676533	37
0.676638	38
0.676745	39
0.676859	40
0.676978	41
0.677102	42
0.677216	43
0.677335	44
0.677457	43
0.677585	43
0.677713	44
0.677846	45
0.677969	46
0.678097	47
0.678218	48
0.678346	49
0.678474	35
0.678603	36
0.67871	37
0.67882	38
0.678936	39
0.679058	40
0.679186	41
0.679318	42
0.679426	43
0.679537	44
0.679651	45
0.679771	46
0.679897	47
0.680025	34
0.680139	35
0.680247	36
0.680363	37
0.680477	38
0.680595	39
0.68072	40
0.680848	41
0.680965	42
0.68108	43
0.681191	44
0.681311	45
0.681436	46
0.681551	47
0.681672	48
0.681797	49
0.681926	36
0.682061	36
0.682182	37
0.682309	38
0.682438	39
0.682556	40
0.682661	41
0.682771	42
0.68289	43
0.683015	44
0.683145	45
0.683279	43
0.683402	43
0.68352	44
0.683643	45
0.683771	46
0.683905	34
0.684026	34
0.684133	35
0.684216	36
0.684334	37
0.684457	38
0.684572	39
0.684692	40
0.684803	41
0.684917	42
0.685035	43
0.685159	44
0.685287	45
0.685421	33
0.685538	34
0.685636	35
0.685739	36
0.685847	37
0.685958	38
0.686073	39
0.686196	40
0.68631	41
0.686429	42
0.686549	43
0.686675	44
0.686805	45
0.686938	33
0.687069	34
0.68718	35
0.687293	36
0.687414	37
0.687529	38
0.687644	39
0.687758	40
0.687867	41
0.68798	42
0.688091	43
0.688206	44
0.688326	45
0.688458	34
0.688577	35
0.688686	36
0.688802	37
0.689052	38
0.68918	39
0.689285	40
0.689392	41
0.689504	42
0.68962	43
0.689742	44
0.689868	45
0.689998	46
0.690131	35
0.690256	35
0.690372	36
0.69048	37
0.690593	38
0.690708	39
0.690826	40
0.690933	41
0.691047	42
0.691167	43
0.691292	44
0.691422	45
0.69154	46
0.691664	47
0.691792	48
0.691926	35
0.692059	36
0.692176	37
0.692291	38
0.692397	39
0.692503	40
0.692586	41
0.692701	42
0.692823	43
0.692949	44
0.69308	45
0.693208	33
0.693336	34
0.693452	35
0.693562	36
0.693676	37
0.693796	38
0.693907	39
0.694022	40
0.694142	41
0.694258	42
0.694388	43
0.694515	44
0.694634	43
0.694758	43
0.694884	44
0.695014	45
0.695146	33
0.695259	33
0.69536	34
0.695465	35
0.695571	36
0.695682	37
0.695796	38
0.695915	39
0.696035	40
0.696163	41
0.696283	42
0.696407	43
0.696523	44
0.696645	45
0.696769	46
0.696889	47
0.697013	48
0.697133	49
0.697245	35
0.697382	36
0.697498	37
0.69761	38
0.697727	39
0.697848	40
0.697974	41
0.698104	42
0.698223	43
0.698337	44
0.698456	45
0.698576	46
0.698702	47
0.698831	48
0.698961	34
0.699075	34
0.699197	35
0.69931	36
0.699428	37
0.69955	38
0.699664	39
0.699783	40
0.699893	41
0.700009	42
0.700128	43
0.700251	44
0.700381	43
0.7005	43
0.700619	44
0.700744	45
0.700874	46
0.701008	32
0.701138	33
0.701237	34
0.701333	35
0.701438	36
0.701527	37
0.701639	38
0.701756	39
0.701877	40
0.702001	41
0.702128	42
0.702262	43
0.702387	31
0.702509	32
0.702615	33
0.702709	34
0.702803	35
0.702899	36
0.703009	37
0.703125	38
0.703245	39
0.70337	40
0.703494	41
0.703622	42
0.703741	43
0.703865	44
0.703995	45
0.704119	46
0.704236	47
0.704357	48
0.704481	49
0.704607	36
0.704738	37
0.704859	38
0.704982	39
0.705107	40
0.705233	41
0.70535	42
0.705465	43
0.705583	44
0.705692	45
0.705786	46
0.705904	47
0.706028	43
0.706156	43
0.706284	44
0.706416	45
0.706549	33
0.70667	34
0.706775	35
0.706878	36
0.706983	37
0.707096	38
0.707214	39
0.707337	40
0.707448	41
0.707561	42
0.70768	43
0.707805	44
0.70793	45
0.708061	46
0.708197	33
0.708325	34
0.70844	35
0.70856	36
0.708685	37
0.708785	38
0.708888	39
0.709	40
0.709117	41
0.709238	42
0.709364	43
0.709493	44
0.709613	45
0.709739	46
0.709868	47
0.709988	34
0.710117	34
0.710219	35
0.710322	36
0.710425	37
0.710512	38
0.71063	39
0.71075	40
0.710873	41
0.710996	42
0.711123	43
0.711246	44
0.711373	45
0.711492	46
0.711616	47
0.711732	43
0.711855	43
0.711975	44
0.7121	45
0.712231	46
0.712367	32
0.712488	33
0.712595	34
0.712708	35
0.712827	36
0.71295	37
0.713062	38
0.713176	39
0.713288	40
0.713404	41
0.713521	42
0.713642	43
0.713769	44
0.713896	45
0.714025	46
0.714159	32
0.714288	33
0.714403	34
0.714509	35
0.714617	36
0.714729	37
0.714848	38
0.714933	39
0.71505	40
0.71517	41
0.715294	42
0.715423	43
0.715538	44
0.715659	45
0.715787	46
0.715919	33
0.716043	33
0.716155	34
0.716258	35
0.716365	36
0.716472	37
0.716585	38
0.716704	39
0.716828	40
0.716953	41
0.717082	42
0.717203	43
0.717325	44
0.717442	43
0.717566	43
0.717677	44
0.717793	45
0.717907	46
0.718033	47
0.718164	34
0.718295	35
0.718407	36
0.718516	37
0.718629	38
0.718747	39
0.71887	40
0.719	41
0.719121	42
0.719235	43
0.719352	44
0.719449	45
0.719567	46
0.719691	47
0.719822	34
0.719953	35
0.720071	36
0.720193	37
0.720312	38
0.720435	39
0.720561	40
0.720667	41
0.720779	42
0.720896	43
0.721019	44
0.721146	45
0.721279	46
0.721404	33
0.721529	34
0.721642	35
0.721759	36
0.721882	37
0.722009	38
0.722128	39
0.722238	40
0.722342	41
0.722455	42
0.722574	43
0.722697	44
0.722823	45
0.722952	46
0.723079	32
0.72333	33
0.723448	34
0.723571	35
0.723685	36
0.72379	37
0.7239	38
0.723975	39
0.724094	40
0.724218	41
0.724346	42
0.72448	43
0.7246	44
0.724726	45
0.724857	46
0.724978	32
0.725102	33
0.725213	34
0.72532	35
0.725433	36
0.725545	37
0.725661	38
0.725783	39
0.725909	40
0.726035	41
0.726166	42
0.72629	43
0.726406	44
0.726528	45
0.726655	46
0.726786	33
0.726903	34
0.726989	35
0.727105	36
0.727225	37
0.727349	38
0.727477	39
0.727593	40
0.727713	41
0.727838	42
0.727968	43
0.728096	44
0.72822	45
0.728336	46
0.728457	47
0.728548	48
0.728671	49
0.728797	35
0.72905	35
0.729171	36
0.729297	37
0.729416	38
0.729539	39
0.729653	40
0.729772	41
0.729883	42
0.729999	43
0.730121	44
0.730247	45
0.730378	46
0.730514	32
0.730636	33
0.730738	34
0.730853	35
0.73097	36
0.731093	37
0.731208	38
0.73133	39
0.731444	40
0.731558	41
0.731677	42
0.731802	43
0.731932	44
0.732062	45
0.732196	32
0.732324	33
0.732434	34
0.732543	35
0.732656	36
0.73277	37
0.73289	38
0.732951	39
0.733067	40
0.733187	41
0.733312	42
0.733442	43
0.733576	44
0.733695	32
0.73382	32
0.733933	33
0.734051	34
0.734174	35
0.734287	36
0.734398	37
0.734502	38
0.734728	39
0.734847	40
0.734971	41
0.735097	42
0.735228	43
0.73535	44
0.735478	45
0.735599	46
0.735726	47
0.735843	48
0.735966	49
0.736095	36
0.736228	37
0.736351	38
0.736478	39
0.736604	40
0.736722	41
0.736842	42
0.736964	43
0.737093	44
0.737215	45
0.737329	46
0.737448	47
0.737529	48
0.737655	49
0.737783	36
0.737917	36
0.738037	37
0.738158	38
0.738285	39
0.738416	40
0.738535	41
0.738645	42
0.738762	43
0.738883	44
0.738997	45
0.739118	46
0.739243	47
0.739372	35
0.739507	35
0.73963	36
0.73975	37
0.739862	38
0.739978	39
0.7401	40
0.740226	41
0.740358	42
0.740586	43
0.740703	44
0.740823	45
0.740948	46
0.741079	47
0.741214	34
0.741353	35
0.741467	36
0.741577	37
0.741687	38
0.741802	39
0.741921	40
0.742046	41
0.742117	42
0.742236	43
0.742359	44
0.742487	45
0.742619	33
0.742744	33
0.742851	34
0.742962	35
0.743075	36
0.743191	37
0.74331	38
0.74344	39
0.743559	40
0.743672	41
0.743785	42
0.743904	43
0.744028	44
0.744155	45
0.744287	46
0.744423	33
0.744553	33
0.74467	34
0.744779	35
0.744893	36
0.744998	37
0.745106	38
0.745218	39
0.745335	40
0.745461	41
0.745588	42
0.745715	43
0.745834	44
0.745958	45
0.746087	46
0.746221	43
0.746344	43
0.746452	44
0.746523	45
0.746642	46
0.746762	47
0.746887	48
0.747017	34
0.747152	35
0.747272	36
0.747395	37
0.747508	38
0.747623	39
0.747736	40
0.747854	41
0.747975	42
0.74809	43
0.748211	44
0.748337	45
0.748468	46
0.748604	32
0.748735	33
0.748842	34
0.748954	35
0.74907	36
0.749192	37
0.749318	38
0.749434	39
0.749556	40
0.749669	41
0.749783	42
0.749902	43
0.750024	44
0.750147	45
0.750276	46
0.750409	31
0.750534	32
0.750647	33
0.750754	34
0.750866	35
0.750981	36
0.751094	37
0.751164	38
0.751276	39
0.751394	40
0.751516	41
0.751645	42
0.751779	43
0.751898	43
0.752022	43
0.752148	44
0.752281	45
0.752403	31
0.752531	31
0.752632	32
0.752735	33
0.752843	34
0.752956	35
0.753073	36
0.753192	37
0.753317	38
0.753447	39
0.753567	40
0.753679	41
0.753795	42
0.753917	43
0.754022	44
0.754133	45
0.754256	46
0.754383	47
0.754515	32
0.754653	33
0.75476	34
0.754869	35
0.754982	36
0.755099	37
0.755217	38
0.755337	39
0.755454	40
0.755531	41
0.755643	42
0.755757	43
0.755875	44
0.756	45
0.756127	46
0.756259	32
0.756396	33
0.756507	34
0.756622	35
0.756742	36
0.756867	37
0.75697	38
0.757077	39
0.75719	40
0.757307	41
0.75743	42
0.75769	43
0.757807	44
0.757929	45
0.758054	46
0.75818	32
0.7583	33
0.75841	34
0.758525	35
0.758643	36
0.758751	37
0.758864	38
0.758983	39
0.759103	40
0.759229	41
0.759357	42
0.759471	43
0.759594	44
0.759725	45
0.759834	46
0.759948	47
0.760067	48
0.760162	49
0.76029	35
0.760422	36
0.760541	37
0.760663	38
0.760791	39
0.760905	40
0.761024	41
0.761148	42
0.761263	43
0.761383	44
0.761507	45
0.761635	46
0.761756	47
0.761879	48
0.762001	34
0.762138	35
0.762257	36
0.762371	37
0.762486	38
0.762605	39
0.762728	40
0.762857	41
0.762977	42
0.763088	43
0.763202	44
0.763321	43
0.763447	43
0.763576	44
0.763709	45
0.763828	31
0.763952	32
0.764063	33
0.764177	34
0.764296	35
0.764404	36
0.76451	37
0.76459	38
0.764713	39
0.764825	40
0.764941	41
0.765064	42
0.765188	43
0.765316	44
0.765435	45
0.765559	46
0.765688	47
0.765821	32
0.765944	33
0.76604	34
0.766145	35
0.766254	36
0.766368	37
0.766487	38
0.766611	39
0.76674	40
0.766854	41
0.766973	42
0.767097	43
0.767225	44
0.767345	45
0.767468	46
0.767598	47
0.767718	32
0.767842	33
0.76795	34
0.768063	35
0.768178	36
0.7683	37
0.768426	38
0.768541	39
0.768657	40
0.768776	41
0.768901	42
0.769093	43
0.769207	44
0.769326	45
0.769451	46
0.769581	47
0.769716	32
0.769838	32
0.769945	33
0.770057	34
0.770174	35
0.770296	36
0.77041	37
0.770529	38
0.770651	39
0.770763	40
0.770879	41
0.771001	42
0.771123	43
0.771251	44
0.771377	45
0.771495	31
0.771615	31
0.771728	32
0.771846	33
0.771955	34
0.772055	35
0.772161	36
0.772271	37
0.772385	38
0.772503	39
0.772627	40
0.772754	41
0.772872	42
0.772995	43
0.773121	44
0.773235	45
0.773348	46
0.773435	47
0.773567	32
0.773688	32
0.773794	33
0.773906	34
0.774022	35
0.774139	36
0.77426	37
0.774387	38
0.774503	39
0.774751	40
0.774881	41
0.77498	42
0.775085	43
0.7752	44
0.775319	45
0.775443	46
0.775573	47
0.775708	31
0.775831	32
0.77594	33
0.776054	34
0.776173	35
0.776297	36
0.776412	37
0.776518	38
0.776628	39
0.776744	40
0.776864	41
0.776989	42
0.77711	43
0.777231	44
0.777318	45
0.777441	46
0.777568	47
0.777701	31
0.777824	32
0.777919	33
0.778019	34
0.778125	35
0.778234	36
0.778347	37
0.778466	38
0.778591	39
0.778719	40
0.778835	41
0.778957	42
0.77907	43
0.779185	44
0.779304	45
0.779428	46
0.779544	47
0.779666	48
0.779791	49
0.779923	32
0.780061	33
0.780178	34
0.780401	35
0.780517	36
0.780636	37
0.780761	38
0.780873	39
0.780981	40
0.781094	41
0.78121	42
0.781331	43
0.781412	44
0.781541	45
0.781676	29
0.781797	30
0.781903	31
0.782004	32
0.782109	33
0.78222	34
0.782335	35
0.782454	36
0.782563	37
0.782674	38
0.782792	39
0.782914	40
0.783037	41
0.783166	42
0.783281	43
0.783399	44
0.783522	45
0.783646	46
0.783765	47
0.78388	48
0.783999	49
0.784123	50
0.784253	32
0.784388	33
0.784506	34
0.784613	35
0.784725	36
0.784842	37
0.784958	38
0.785083	39
0.785157	40
0.785277	41
0.785403	42
0.785517	43
0.785636	44
0.78576	45
0.78589	43
0.786018	43
0.78614	44
0.786259	45
0.786383	46
0.786512	47
0.786647	30
0.786772	30
0.786869	31
0.786968	32
0.787071	33
0.787178	34
0.78729	35
0.787408	36
0.787532	37
0.787643	38
0.787758	39
0.787873	40
0.787992	41
0.788106	42
0.788229	43
0.788355	44
0.788472	45
0.788593	46
0.788719	47
0.78885	31
0.788986	31
0.789086	32
0.78919	33
0.789299	34
0.789412	35
0.789528	36
0.78965	37
0.789728	38
0.789848	39
0.789956	40
0.790072	41
0.790192	42
0.790317	43
0.790447	44
0.790564	45
0.790687	46
0.790814	47
0.790947	31
0.791069	32
0.791175	33
0.791286	34
0.791402	35
0.791633	36
0.791747	37
0.791865	38
0.791986	39
0.792097	40
0.792209	41
0.792316	42
0.792436	43
0.792563	44
0.792695	45
0.792818	30
0.792931	31
0.79303	32
0.793133	33
0.793241	34
0.793354	35
0.793472	36
0.793595	37
0.793706	38
0.793818	39
0.793925	40
0.79402	41
0.794137	42
0.794257	43
0.794382	44
0.794512	45
0.794631	46
0.794755	47
0.794881	48
0.795012	32
0.795132	33
0.795237	34
0.795347	35
0.795464	36
0.795584	37
0.795694	38
0.795811	39
0.795932	40
0.796043	41
0.796152	42
0.796263	43
0.796386	44
0.796514	45
0.796632	46
0.796755	47
0.796882	48
0.797014	32
0.797244	33
0.797354	34
0.79747	35
0.797591	36
0.797713	37
0.797823	38
0.797937	39
0.798058	40
0.798178	41
0.798296	42
0.798418	43
0.798543	44
0.798656	45
0.79874	46
0.798865	47
0.798995	32
0.79913	33
0.799234	34
0.799345	35
0.799459	36
0.799579	37
0.799694	38
0.799808	39
0.799928	40
0.800052	41
0.800164	42
0.800281	43
0.800405	44
0.800534	45
0.800664	46
0.800774	31
0.800894	32
0.801005	33
0.801106	34
0.801212	35
0.801323	36
0.801441	37
0.801564	38
0.801691	39
0.801808	40
0.80193	41
0.802058	42
0.802174	43
0.802295	44
0.802406	45
0.802522	46
0.802642	47
0.802754	43
0.802856	43
0.802969	44
0.803087	45
0.803208	46
0.803334	47
0.803467	32
0.803605	33
0.803723	34
0.803825	35
0.803927	36
0.804034	37
0.804141	38
0.80425	39
0.804362	40
0.804482	41
0.804598	42
0.804718	43
0.804843	44
0.804973	45
0.805107	31
0.805216	32
0.80531	33
0.805413	34
0.80552	35
0.805631	36
0.805748	37
0.805869	38
0.805991	39
0.806106	40
0.806226	41
0.806351	42
0.806481	43
0.806615	44
0.806723	31
0.806836	32
0.806937	33
0.807043	34
0.807153	35
0.807224	36
0.807343	37
0.807467	38
0.80758	39
0.807698	40
0.807821	41
0.80795	42
0.808084	43
0.808199	44
0.808317	43
0.808439	43
0.808563	44
0.808687	45
0.808808	32
0.80892	32
0.809016	33
0.809117	34
0.809224	35
0.809336	36
0.809453	37
0.809574	38
0.809686	39
0.809801	40
0.809923	41
0.810049	42
0.81018	43
0.810302	44
0.810414	45
0.810531	46
0.810652	47
0.810778	48
0.810909	34
0.811031	35
0.811139	36
0.811246	37
0.811322	38
0.811442	39
0.811568	40
0.811699	41
0.811821	42
0.811929	43
0.812043	44
0.812162	45
0.812281	46
0.812395	47
0.812524	33
0.812645	34
0.812753	35
0.812866	36
0.812984	37
0.813107	38
0.813234	39
0.813366	40
0.813473	41
0.813587	42
0.813708	43
0.813833	44
0.813954	43
0.814073	43
0.814193	44
0.814318	45
0.814448	46
0.814583	33
0.814708	34
0.81482	35
0.814917	36
0.81502	37
0.81513	38
0.81524	39
0.81535	40
0.815472	41
0.815586	42
0.815691	43
0.815814	44
0.815941	45
0.816073	46
0.816201	32
0.816311	33
0.816404	34
0.816501	35
0.816608	36
0.81672	37
0.816836	38
0.816957	39
0.817066	40
0.817181	41
0.817303	42
0.817431	43
0.817565	44
0.817696	31
0.817806	32
0.817904	33
0.818006	34
0.818113	35
0.818225	36
0.818341	37
0.818462	38
0.818573	39
0.818689	40
0.818809	41
0.818935	42
0.819066	43
0.819202	44
0.819313	31
0.819429	32
0.819642	33
0.81975	34
0.81985	35
0.819918	36
0.820022	37
0.820132	38
0.820251	39
0.820375	40
0.820504	41
0.820637	42
0.820755	43
0.820866	44
0.820981	45
0.821101	46
0.821226	47
0.821355	48
0.821488	33
0.821612	34
0.821721	35
0.821837	36
0.821957	37
0.822082	38
0.822212	39
0.82233	40
0.822439	41
0.822554	42
0.822673	43
0.822794	44
0.822903	45
0.823016	46
0.823137	47
0.823262	48
0.823387	33
0.823516	33
0.823625	34
0.823734	35
0.823845	36
0.823933	37
0.824029	38
0.824143	39
0.824261	40
0.824384	41
0.824497	42
0.824615	43
0.824736	44
0.824861	45
0.824992	46
0.825129	43
0.825241	43
0.825351	44
0.825467	45
0.825587	46
0.825712	47
0.825842	33
0.825962	34
0.826069	35
0.826181	36
0.8263	37
0.826424	38
0.826551	39
0.826681	40
0.826791	41
0.826901	42
0.827015	43
0.827122	44
0.827239	45
0.827366	46
0.827483	47
0.827603	48
0.827728	49
0.827856	34
0.827986	34
0.828103	35
0.828216	36
0.828314	37
0.828412	38
0.828524	39
0.828639	40
0.828759	41
0.828871	42
0.828985	43
0.829105	44
0.829231	45
0.829363	46
0.8295	31
0.829637	32
0.829727	33
0.829825	34
0.829931	35
0.83004	36
0.830152	37
0.83027	38
0.830394	39
0.830508	40
0.830627	41
0.830879	42
0.831012	43
0.831119	44
0.83123	45
0.831348	46
0.831468	47
0.83158	48
0.831709	33
0.831821	34
0.83192	35
0.83203	36
0.832146	37
0.832268	38
0.83239	39
0.832514	40
0.83263	41
0.832727	42
0.832837	43
0.832954	44
0.833074	45
0.833198	46
0.833318	47
0.833437	32
0.833562	33
0.833672	34
0.833786	35
0.833907	36
0.834032	37
0.834157	38
0.834262	39
0.834371	40
0.834484	41
0.834602	42
0.834723	43
0.83484	44
0.834961	45
0.835088	46
0.835219	47
0.835353	32
0.835487	32
0.83558	33
0.835673	34
0.835774	35
0.83588	36
0.835989	37
0.836103	38
0.836221	39
0.836456	40
0.836573	41
0.836696	42
0.836822	43
0.836953	44
0.837069	30
0.837174	31
0.837262	32
0.837364	33
0.837471	34
0.837583	35
0.8377	36
0.837807	37
0.837918	38
0.838035	39
0.838155	40
0.838279	41
0.838409	42
0.838528	43
0.838638	44
0.838753	45
0.838869	46
0.838989	47
0.839113	48
0.839224	33
0.839344	33
0.839447	34
0.839559	35
0.839677	36
0.839799	37
0.839927	38
0.840043	39
0.840164	40
0.840274	41
0.840387	42
0.840506	43
0.84061	44
0.840726	45
0.84084	46
0.840967	47
0.841098	33
0.841233	33
0.841355	34
0.841463	35
0.841575	36
0.84169	37
0.84181	38
0.842036	39
0.842155	40
0.842266	41
0.842381	42
0.842502	43
0.842625	44
0.842754	45
0.842887	31
0.843002	32
0.843085	33
0.843199	34
0.843312	35
0.843431	36
0.843543	37
0.843659	38
0.84378	39
0.843907	40
0.844026	41
0.844146	42
0.844272	43
0.844383	44
0.844498	45
0.844618	46
0.844741	47
0.844866	48
0.844978	33
0.845114	33
0.845224	34
0.845339	35
0.84546	36
0.845585	37
0.845698	38
0.845815	39
0.845925	40
0.846039	41
0.846157	42
0.846281	43
0.846395	44
0.846514	45
0.846605	46
0.846734	47
0.846858	32
0.846992	32
0.847115	33
0.847215	34
0.847318	35
0.84742	36
0.847639	37
0.847753	38
0.847872	39
0.847996	40
0.848125	41
0.848246	42
0.848372	43
0.848503	44
0.848639	30
0.848747	31
0.848822	32
0.848923	33
0.849027	34
0.849135	35
0.849247	36
0.849366	37
0.849486	38
0.849602	39
0.849723	40
0.849847	41
0.849974	42
0.850107	43
0.850216	44
0.850327	45
0.850428	46
0.850531	47
0.850655	48
0.850783	34
0.850916	35
0.851021	36
0.851133	37
0.85125	38
0.851371	39
0.851497	40
0.851628	41
0.851749	42
0.851857	43
0.85197	44
0.852088	45
0.852209	46
0.852333	47
0.852434	48
0.852556	49
0.852684	35
0.852816	36
0.852935	37
0.853059	38
0.853292	39
0.853412	40
0.853523	41
0.853637	42
0.853756	43
0.85388	44
0.854008	45
0.854127	46
0.854251	47
0.85438	48
0.854513	34
0.854637	34
0.854745	35
0.854849	36
0.854935	37
0.855052	38
0.855173	39
0.855299	40
0.85543	41
0.855552	42
0.855663	43
0.855779	44
0.8559	45
0.856026	46
0.856142	47
0.85626	48
0.856382	49
0.856511	35
0.856643	36
0.856756	37
0.85687	38
0.856974	39
0.857105	40
0.857212	41
0.857323	42
0.857442	43
0.857566	44
0.857688	45
0.857807	46
0.857929	47
0.858057	48
0.858189	34
0.858326	35
0.858435	36
0.858549	37
0.858654	38
0.858765	39
0.85898	40
0.859096	41
0.859203	42
0.859318	43
0.859437	44
0.85956	45
0.859688	46
0.85982	33
0.859957	33
0.860053	34
0.860154	35
0.86026	36
0.860369	37
0.860486	38
0.860607	39
0.860729	40
0.860842	41
0.860955	42
0.86107	43
0.861195	44
0.861325	45
0.861449	31
0.86156	32
0.86166	33
0.861765	34
0.861874	35
0.861988	36
0.862107	37
0.86223	38
0.862342	39
0.86246	40
0.862581	41
0.862707	42
0.862839	43
0.86295	44
0.863062	45
0.863176	46
0.863294	47
0.863414	48
0.86354	33
0.863651	34
0.863757	35
0.863866	36
0.86398	37
0.8641	38
0.864225	39
0.864341	40
0.864571	41
0.864687	42
0.864807	43
0.864922	44
0.865052	45
0.865148	46
0.86527	47
0.865396	48
0.865526	33
0.865661	34
0.865781	35
0.865877	36
0.865978	37
0.866084	38
0.866194	39
0.866311	40
0.866432	41
0.866557	42
0.866685	43
0.866804	44
0.866927	45
0.867056	46
0.867186	33
0.8673	33
0.867401	34
0.867474	35
0.867578	36
0.867686	37
0.8678	38
0.867919	39
0.868042	40
0.868164	41
0.868281	42
0.868402	43
0.868528	44
0.868659	45
0.868772	46
0.868885	47
0.869003	48
0.869126	49
0.869251	35
0.869375	36
0.869489	37
0.869613	38
0.869739	39
0.869854	40
0.869974	41
0.870205	42
0.870327	43
0.870452	44
0.870571	45
0.870693	46
0.870818	47
0.870947	34
0.871071	34
0.87117	35
0.871275	36
0.871383	37
0.871479	38
0.871601	39
0.871727	40
0.871848	41
0.871955	42
0.872067	43
0.872184	44
0.872306	45
0.872434	46
0.872566	34
0.872701	34
0.872808	35
0.872919	36
0.873037	37
0.87316	38
0.873274	39
0.873391	40
0.873494	41
0.873603	42
0.873707	43
0.873828	44
0.873953	45
0.874081	46
0.874202	47
0.874325	48
0.874452	49
0.874584	35
0.874721	36
0.874817	37
0.87491	38
0.875014	39
0.875124	40
0.875237	41
0.875356	42
0.875481	43
0.875607	44
0.875732	43
0.875846	43
0.875965	44
0.876082	45
0.876203	46
0.876329	47
0.876459	34
0.876578	35
0.876686	36
0.876801	37
0.87692	38
0.877037	39
0.877159	40
0.877279	41
0.877405	42
0.877536	43
0.877672	44
0.8778	32
0.877915	32
0.877999	33
0.87809	34
0.87819	35
0.878295	36
0.878404	37
0.878516	38
0.878618	39
0.878741	40
0.878868	41
0.878997	42
0.879113	43
0.879236	44
0.879366	45
0.879476	33
0.879589	34
0.879691	35
0.879798	36
0.879907	37
0.88002	38
0.880136	39
0.880258	40
0.880383	41
0.880506	42
0.880628	43
0.880755	44
0.880871	45
0.880974	46
0.881083	47
0.881195	48
0.881312	43
0.881428	43
0.881549	44
0.881674	45
0.881803	46
0.881926	34
0.882053	35
0.88217	36
0.882291	37
0.882418	38
0.882532	39
0.882639	40
0.882751	41
0.88286	42
0.882974	43
0.883088	44
0.883211	45
0.883334	46
0.883467	34
0.883605	35
0.883721	36
0.883841	37
0.883951	38
0.884066	39
0.884169	40
0.884278	41
0.884394	42
0.884513	43
0.884638	44
0.884767	45
0.884901	46
0.885022	34
0.885147	35
0.885257	36
0.885375	37
0.885487	38
0.885593	39
0.885704	40
0.885814	41
0.885919	42
0.886027	43
0.88615	44
0.886277	45
0.886409	46
0.886546	33
0.886675	34
0.886777	35
0.886885	36
0.887116	37
0.887239	38
0.887346	39
0.887456	40
0.887561	41
0.887685	42
0.887812	43
0.887934	44
0.888056	45
0.888186	46
0.888316	33
0.88844	34
0.888551	35
0.888654	36
0.888761	37
0.888866	38
0.888972	39
0.889085	40
0.889202	41
0.889311	42
0.88944	43
0.889562	44
0.889681	45
0.8898	46
0.889924	47
0.890053	48
0.890186	34
0.890309	35
0.890416	36
0.890502	37
0.890619	38
0.89074	39
0.890866	40
0.890982	41
0.891104	42
0.891233	43
0.891352	44
0.891476	45
0.891592	46
0.89171	47
0.891829	48
0.891953	49
0.892082	35
0.892214	36
0.892326	37
0.892451	38
0.892579	39
0.892805	40
0.892918	41
0.893035	42
0.893154	43
0.893266	44
0.893381	45
0.893501	46
0.893627	47
0.893758	34
0.893891	35
0.893994	36
0.894102	37
0.894215	38
0.89434	39
0.894454	40
0.894569	41
0.894674	42
0.894786	43
0.894902	44
0.895019	45
0.895144	46
0.895275	47
0.895411	33
0.895537	34
0.89565	35
0.895753	36
0.89586	37
0.895971	38
0.896088	39
0.896208	40
0.896315	41
0.896422	42
0.896541	43
0.896666	44
0.896796	45
0.896931	32
0.897054	33
0.897165	34
0.897282	35
0.897405	36
0.89752	37
0.89762	38
0.897723	39
0.897822	40
0.897934	41
0.898051	42
0.898175	43
0.898302	43
0.898433	43
0.898553	44
0.898672	45
0.898786	46
0.898908	47
0.899032	48
0.899157	34
0.899279	35
0.899386	36
0.899498	37
0.899615	38
0.899736	39
0.899861	40
0.899975	41
0.900095	42
0.900222	43
0.900338	44
0.90046	45
0.900585	46
0.900712	47
0.900812	33
0.900933	34
0.901039	35
0.901151	36
0.901269	37
0.90139	38
0.901515	39
0.901632	40
0.901754	41
0.901866	42
0.901984	43
0.902106	44
0.902233	45
0.902347	46
0.902463	47
0.902584	48
0.902709	34
0.902842	35
0.902949	36
0.903061	37
0.903173	38
0.903284	39
0.903411	40
0.903526	41
0.903647	42
0.903757	43
0.90387	44
0.903987	43
0.90411	43
0.904235	44
0.904365	45
0.904498	33
0.90462	33
0.904706	34
0.904796	35
0.904901	36
0.90501	37
0.905125	38
0.905244	39
0.905367	40
0.90548	41
0.905598	42
0.905721	43
0.905848	44
0.90597	45
0.906092	46
0.90622	47
0.906352	34
0.906473	35
0.906577	36
0.906679	37
0.906781	38
0.906896	39
0.907017	40
0.907143	41
0.907274	42
0.907401	43
0.907511	44
0.907625	45
0.907744	46
0.90786	47
0.907976	48
0.908094	49
0.908215	50
0.908319	37
0.908451	37
0.908568	38
0.908686	39
0.908801	40
0.908919	41
0.909027	42
0.909139	43
0.909258	44
0.909383	45
0.909506	46
0.909624	43
0.909745	43
0.909865	44
0.90999	45
0.910121	46
0.910257	33
0.910391	34
0.910489	35
0.910592	36
0.910702	37
0.910816	38
0.910935	39
0.91106	40
0.911181	41
0.911308	42
0.911439	43
0.911575	44
0.911715	31
0.911817	32
0.911907	33
0.912002	34
0.912101	35
0.912206	36
0.912316	37
0.912428	38
0.912539	39
0.912639	40
0.912764	41
0.912891	42
0.913014	43
0.91314	30
0.913245	31
0.913331	32
0.913423	33
0.913521	34
0.913623	35
0.913731	36
0.913844	37
0.91396	38
0.914082	39
0.914207	40
0.914335	41
0.91447	42
0.914581	43
0.91468	44
0.914786	45
0.914897	46
0.915013	47
0.915135	43
0.915261	43
0.915384	44
0.915509	45
0.915638	46
0.915773	33
0.915913	34
0.91604	35
0.916126	36
0.916218	37
0.916313	38
0.916411	39
0.916514	40
0.916582	41
0.916695	42
0.916814	43
0.916938	44
0.917066	45
0.9172	32
0.917338	33
0.917464	34
0.917565	35
0.917654	36
0.917749	37
0.91785	38
0.917956	39
0.918067	40
0.918182	41
0.9183	42
0.918422	43
0.91855	44
0.918682	45
0.918819	32
0.918962	33
0.919059	34
0.919151	35
0.919247	36
0.919348	37
0.919452	38
0.919561	39
0.919672	40
0.919789	41
0.919912	42
0.92004	43
0.920174	44
0.920294	31
0.920421	32
0.92052	33
0.920702	34
0.920783	35
0.920874	36
0.920979	37
0.921087	38
0.9212	39
0.921316	40
0.921436	41
0.921564	42
0.921698	43
0.92182	44
0.921947	45
0.92205	46
0.922159	47
0.922274	48
0.922393	49
0.922515	50
0.922643	36
0.922775	37
0.922894	38
0.923018	39
0.923146	40
0.923265	41
0.923389	42
0.923502	43
0.923607	44
0.923709	45
0.923824	46
0.923943	47
0.924066	48
0.924193	49
0.924325	35
0.924461	35
0.92458	36
0.924698	37
0.924781	38
0.924888	39
0.924991	40
0.925101	41
0.925206	42
0.925317	43
0.925431	44
0.92555	45
0.925674	46
0.925803	47
0.925936	33
0.926074	34
0.926301	35
0.926422	36
0.926547	37
0.92666	38
0.926763	39
0.92687	40
0.926981	41
0.927096	42
0.927216	43
0.927341	44
0.927471	45
0.927606	32
0.927731	33
0.927829	34
0.927934	35
0.928041	36
0.928152	37
0.928267	38
0.928377	39
0.928485	40
0.928601	41
0.928719	42
0.928832	43
0.928953	44
0.929059	45
0.929177	32
0.929297	33
0.929397	34
0.929501	35
0.929611	36
0.929726	37
0.929838	38
0.929954	39
0.930077	40
0.930204	41
0.930337	42
0.930464	43
0.930576	44
0.930692	45
0.930813	46
0.930924	47
0.931041	48
0.931162	49
0.931287	50
0.931417	35
0.931552	36
0.931672	37
0.931927	38
0.932057	39
0.932164	40
0.932275	41
0.932392	42
0.932511	43
0.932623	44
0.932739	45
0.932858	46
0.932977	47
0.933047	48
0.933177	33
0.933313	34
0.933434	35
0.93356	36
0.933676	37
0.933784	38
0.933897	39
0.934015	40
0.934122	41
0.934233	42
0.93435	43
0.934471	44
0.934598	45
0.934729	46
0.934864	31
0.934989	32
0.9351	33
0.935201	34
0.935307	35
0.935419	36
0.935535	37
0.93564	38
0.935748	39
0.935861	40
0.935979	41
0.936103	42
0.936231	43
0.936365	44
0.936487	31
0.936612	31
0.93671	32
0.936797	33
0.936889	34
0.936986	35
0.93704	36
0.937145	37
0.937371	38
0.93749	39
0.937613	40
0.937742	41
0.937861	42
0.937985	43
0.938099	44
0.938219	45
0.938338	46
0.938451	47
0.93857	48
0.938693	49
0.93882	35
0.938952	35
0.93907	36
0.939193	37
0.93932	38
0.939452	39
0.939574	40
0.939672	41
0.939776	42
0.939884	43
0.939997	44
0.940115	45
0.940237	46
0.940365	47
0.940497	34
0.940634	35
0.940758	36
0.940865	37
0.940975	38
0.941093	39
0.941167	40
0.94127	41
0.941377	42
0.941489	43
0.941604	44
0.941724	45
0.941849	46
0.941979	47
0.942114	33
0.942253	34
0.942359	35
0.942463	36
0.942573	37
0.942687	38
0.942805	39
0.943027	40
0.943144	41
0.943265	42
0.943391	43
0.943522	44
0.943644	45
0.94377	46
0.943888	47
0.944012	48
0.94414	49
0.944274	34
0.944404	35
0.94452	36
0.944639	37
0.944763	38
0.944886	39
0.944996	40
0.945114	41
0.945224	42
0.945329	43
0.945436	44
0.945551	45
0.945673	46
0.945749	47
0.945876	48
0.946005	33
0.946139	33
0.946258	34
0.946382	35
0.946496	36
0.946615	37
0.946727	38
0.94683	39
0.94694	40
0.947054	41
0.947173	42
0.947294	43
0.947421	44
0.947548	45
0.94768	46
0.947817	31
0.947959	32
0.948058	33
0.948148	34
0.948244	35
0.948345	36
0.948452	37
0.94868	38
0.948802	39
0.948923	40
0.949046	41
0.949172	42
0.949306	43
0.949418	29
0.949535	30
0.94963	31
0.949732	32
0.949797	33
0.949911	34
0.950016	35
0.950126	36
0.950239	37
0.950358	38
0.950478	39
0.950603	40
0.950733	41
0.950869	42
0.950982	43
0.951091	44
0.9512	45
0.951313	46
0.95143	47
0.951553	48
0.95168	49
0.951813	33
0.951946	33
0.952063	34
0.952185	35
0.952313	36
0.952445	37
0.952545	38
0.952644	39
0.952749	40
0.952858	41
0.952967	42
0.953077	43
0.953201	44
0.953326	45
0.953456	46
0.953538	30
0.953675	31
0.953796	32
0.953908	33
0.953997	34
0.954191	35
0.954296	36
0.954405	37
0.95452	38
0.95464	39
0.954761	40
0.954887	41
0.955017	42
0.955151	43
0.955266	29
0.955384	30
0.955488	31
0.955583	32
0.955684	33
0.95579	34
0.955899	35
0.956014	36
0.956133	37
0.956253	38
0.956378	39
0.956508	40
0.956628	41
0.956741	42
0.956856	43
0.956952	44
0.957017	45
0.957133	46
0.957253	47
0.957378	48
0.957508	32
0.957642	33
0.957759	34
0.95788	35
0.957999	36
0.958117	37
0.95824	38
0.958354	39
0.958473	40
0.958585	41
0.958703	42
0.958825	43
0.958949	44
0.959078	45
0.959206	46
0.95934	31
0.959478	32
0.959602	33
0.959812	34
0.959924	35
0.96004	36
0.960147	37
0.960259	38
0.960377	39
0.9605	40
0.960622	41
0.96075	42
0.96087	43
0.960995	44
0.961119	45
0.961238	46
0.961353	47
0.961418	48
0.961537	49
0.961662	50
0.96179	33
0.96192	34
0.962033	35
0.962151	36
0.96227	37
0.962394	38
0.962522	39
0.962656	40
0.962768	41
0.962885	42
0.962995	43
0.96311	44
0.96323	45
0.963355	46
0.963485	47
0.96362	31
0.963755	32
0.963874	33
0.963984	34
0.964101	35
0.964222	36
0.964335	37
0.964453	38
0.964562	39
0.964678	40
0.964798	41
0.964919	42
0.965045	43
0.965172	44
0.965303	45
0.965439	43
0.965573	43
0.965685	28
0.965783	29
0.965838	30
0.965933	31
0.966032	32
0.966137	33
0.966246	34
0.96636	35
0.966479	36
0.966601	37
0.966725	38
0.966854	39
0.966975	40
0.967088	41
0.967205	42
0.967328	43
0.967442	44
0.967561	45
0.967685	46
0.967812	47
0.967943	31
0.968079	32
0.968192	33
0.96831	34
0.968434	35
0.968563	36
0.968682	37
0.968792	38
0.968891	39
0.968982	40
0.969089	41
0.969168	42
0.969289	43
0.969414	44
0.969543	45
0.969673	46
0.969808	30
0.969947	31
0.970057	32
0.970159	33
0.970266	34
0.970378	35
0.970494	36
0.970602	37
0.970714	38
0.970828	39
0.97107	40
0.971195	41
0.971325	42
0.971459	43
0.971584	44
0.971701	45
0.971809	46
0.971922	47
0.972041	48
0.972165	49
0.972294	33
0.972427	34
0.972544	35
0.97266	36
0.972783	37
0.972911	38
0.97303	39
0.97314	40
0.973256	41
0.973377	42
0.973439	43
0.973564	44
0.973684	45
0.973807	46
0.973934	47
0.974065	32
0.974195	32
0.97431	33
0.974432	34
0.974558	35
0.974673	36
0.97478	37
0.97488	38
0.974984	39
0.975092	40
0.975206	41
0.975325	42
0.97545	43
0.975576	44
0.975707	45
0.975843	31
0.975984	31
0.976081	32
0.976172	33
0.97627	34
0.976372	35
0.97648	36
0.97671	37
0.97683	38
0.976949	39
0.97707	40
0.977198	41
0.977332	42
0.977444	43
0.977561	44
0.977682	45
0.977748	46
0.977865	47
0.977986	48
0.978112	49
0.978243	33
0.978379	34
0.978499	35
0.978618	36
0.978743	37
0.978873	38
0.978985	39
0.979096	40
0.979211	41
0.97933	42
0.979453	43
0.979567	44
0.979687	45
0.979812	46
0.979943	47
0.980075	31
0.980212	32
0.980333	33
0.98045	34
0.980567	35
0.980675	36
0.980787	37
0.980893	38
0.981003	39
0.981119	40
0.981239	41
0.981364	42
0.981494	43
0.981623	44
0.981756	45
0.981877	30
0.981992	30
0.982091	31
0.982198	32
0.982367	33
0.982478	34
0.982587	35
0.9827	36
0.982817	37
0.982934	38
0.983056	39
0.983184	40
0.983316	41
0.98344	42
0.983554	43
0.983672	44
0.983781	45
0.983896	46
0.984017	47
0.984142	48
0.984271	32
0.984406	33
0.984524	34
0.984644	35
0.984769	36
0.984883	37
0.985001	38
0.985124	39
0.985235	40
0.985342	41
0.985454	42
0.985572	43
0.985692	44
0.985814	45
0.985942	46
0.986023	47
0.986157	31
0.986297	32
0.986406	33
0.98652	34
0.986626	35
0.986737	36
0.986853	37
0.986963	38
0.987077	39
0.987196	40
0.98732	41
0.987448	42
0.987577	43
0.987696	44
0.98782	45
0.987945	43
0.988077	43
0.988196	44
0.988307	45
0.988422	46
0.988542	47
0.988665	48
0.988793	49
0.988924	32
0.98906	33
0.989178	34
0.989302	35
0.989417	36
0.989536	37
0.989642	38
0.989747	39
0.989855	40
0.98992	41
0.990034	42
0.990153	43
0.990275	44
0.990403	45
0.990536	30
0.99067	30
0.990773	31
0.990881	32
0.990995	33
0.991116	34
0.991237	35
0.991348	36
0.991455	37
0.991564	38
0.991678	39
0.991797	40
0.99192	41
0.992047	42
0.992179	43
0.992302	44
0.992429	45
0.992548	46
0.992657	47
0.992767	48
0.992881	49
0.993004	50
0.993134	33
0.99327	33
0.993387	34
0.993505	35
0.993754	36
0.993867	37
0.99397	38
0.994035	39
0.994149	40
0.994268	41
0.994392	42
0.994506	43
0.994623	44
0.994744	45
0.994872	46
0.995003	47
0.995139	30
0.995269	31
0.995377	32
0.995479	33
0.995585	34
0.995696	35
0.995813	36
0.995927	37
0.996038	38
0.996153	39
0.996273	40
0.996398	41
0.996527	42
0.99666	43
0.996784	44
0.996896	45
0.997013	46
0.997136	47
0.997264	48
0.997383	31
0.997508	31
0.997612	32
0.997722	33
0.997835	34
0.997953	35
0.998074	36
0.998199	37
0.998317	38
0.998437	39
0.998504	40
0.998632	41
0.998736	42
0.998846	43
0.998961	44
0.999081	45
0.999206	43
0.999335	43
0.999464	44
0.999596	45
0.999718	29
0.999846	29
0.999942	30
1.00004	31
1.00015	32
1.00026	33
1.00038	34
1.00049	35
1.0006	36
1.00071	37
1.00082	38
1.00094	39
1.00107	40
1.0012	41
1.00132	42
1.00143	43
1.00155	44
1.00167	45
1.00178	46
1.0019	47
1.00202	48
1.00215	49
1.00228	31
1.00242	32
1.00254	33
1.00265	34
1.00276	35
1.00288	36
1.003	37
1.00306	38
1.00318	39
1.00328	40
1.00339	41
1.00351	42
1.00363	43
1.00375	44
1.00388	45
1.00402	29
1.00414	30
1.00425	31
1.00436	32
1.00448	33
1.0046	34
1.00471	35
1.00492	36
1.00503	37
1.00514	38
1.00526	39
1.00539	40
1.00552	41
1.00564	42
1.00576	43
1.00589	44
1.00601	45
1.00612	46
1.00623	47
1.00635	48
1.00647	49
1.0066	32
1.00674	33
1.00685	34
1.00697	35
1.00709	36
1.00719	37
1.00731	38
1.00738	39
1.00751	40
1.00761	41
1.00772	42
1.00783	43
1.00795	44
1.00807	45
1.0082	46
1.00833	47
1.00846	31
1.00859	31
1.00869	32
1.00881	33
1.00893	34
1.00904	35
1.00914	36
1.00925	37
1.00935	38
1.00947	39
1.00958	40
1.0097	41
1.00983	42
1.00996	43
1.01008	44
1.01021	45
1.01034	46
1.01045	43
1.01057	43
1.01068	44
1.01079	45
1.01091	46
1.01104	47
1.01117	31
1.01129	31
1.01141	32
1.01151	33
1.01162	34
1.01174	35
1.01182	36
1.01193	37
1.01205	38
1.01215	39
1.01226	40
1.01238	41
1.0125	42
1.01263	43
1.01276	44
1.01288	45
1.013	46
1.01313	47
1.01326	31
1.01337	31
1.01347	32
1.01357	33
1.01367	34
1.01378	35
1.0139	36
1.01402	37
1.01414	38
1.01427	39
1.01439	40
1.0145	41
1.01462	42
1.01472	43
1.01485	44
1.01497	45
1.01508	46
1.0152	47
1.01533	48
1.01546	31
1.01559	32
1.0157	33
1.01581	34
1.01588	35
1.01611	36
1.01624	37
1.01635	38
1.01646	39
1.01657	40
1.01668	41
1.0168	42
1.01692	43
1.01705	44
1.01718	45
1.01731	29
1.01743	30
1.01754	31
1.01764	32
1.01775	33
1.01786	34
1.01798	35
1.0181	36
1.01821	37
1.01832	38
1.01844	39
1.01856	40
1.01869	41
1.01881	42
1.01893	43
1.01906	44
1.01916	45
1.01928	46
1.0194	47
1.01952	48
1.01964	49
1.01976	33
1.01986	34
1.01997	35
1.02009	36
1.0202	37
1.02032	38
1.02044	39
1.02055	40
1.02067	41
1.02079	42
1.02092	43
1.02103	44
1.02115	45
1.02128	46
1.0214	47
1.02153	33
1.02177	33
1.02188	34
1.022	35
1.02211	36
1.02223	37
1.02234	38
1.02246	39
1.02257	40
1.02269	41
1.02281	42
1.02294	43
1.02307	44
1.02319	45
1.02331	46
1.02343	47
1.02354	48
1.02367	49
1.02374	33
1.02387	34
1.02399	35
1.0241	36
1.02421	37
1.02433	38
1.02445	39
1.02457	40
1.02469	41
1.02482	42
1.02495	43
1.02507	44
1.0252	45
1.02533	46
1.02544	47
1.02556	48
1.02568	49
1.02581	34
1.02594	35
1.02606	36
1.02619	37
1.02632	38
1.02642	39
1.02653	40
1.02665	41
1.02677	42
1.0269	43
1.02701	44
1.02713	45
1.02725	46
1.02738	43
1.02751	43
1.02763	44
1.02775	45
1.02782	46
1.02794	47
1.02808	33
1.0282	33
1.02831	34
1.02842	35
1.02852	36
1.02863	37
1.02875	38
1.02887	39
1.02899	40
1.02911	41
1.02925	42
1.02936	43
1.02947	44
1.02959	45
1.02971	46
1.02984	47
1.02998	32
1.0301	33
1.03021	34
1.03032	35
1.03044	36
1.03055	37
1.03068	38
1.0308	39
1.03092	40
1.03104	41
1.03117	42
1.03129	43
1.03141	44
1.03152	45
1.03164	46
1.03175	47
1.03188	48
1.03196	33
1.03209	34
1.03221	35
1.03232	36
1.03243	37
1.03254	38
1.03265	39
1.03276	40
1.03289	41
1.03312	42
1.03324	43
1.03337	44
1.03349	45
1.03362	46
1.03375	32
1.03388	33
1.03399	34
1.03411	35
1.03423	36
1.03435	37
1.03447	38
1.03457	39
1.03468	40
1.0348	41
1.03492	42
1.03504	43
1.03517	44
1.03531	45
1.03542	31
1.03554	32
1.03564	33
1.03574	34
1.03584	35
1.03591	36
1.03602	37
1.03615	38
1.03626	39
1.03638	40
1.03649	41
1.03662	42
1.03674	43
1.03688	44
1.037	45
1.03711	46
1.03723	47
1.03736	48
1.03749	33
1.03762	34
1.03773	35
1.03784	36
1.03795	37
1.03807	38
1.03819	39
1.03832	40
1.03844	41
1.03855	42
1.03878	43
1.0389	44
1.03903	45
1.03916	46
1.03929	31
1.03941	32
1.03951	33
1.03961	34
1.03972	35
1.03984	36
1.03995	37
1.04003	38
1.04015	39
1.04026	40
1.04038	41
1.0405	42
1.04062	43
1.04075	44
1.04087	45
1.041	46
1.04113	47
1.04126	32
1.04138	32
1.04147	33
1.04157	34
1.04168	35
1.04178	36
1.0419	37
1.04202	38
1.04214	39
1.04227	40
1.04238	41
1.0425	42
1.04262	43
1.04275	44
1.04287	45
1.043	30
1.04312	30
1.04322	31
1.04332	32
1.04341	33
1.04352	34
1.04364	35
1.04375	36
1.04387	37
1.04399	38
1.04412	39
1.04433	40
1.04443	41
1.04454	42
1.04464	43
1.04475	44
1.04487	45
1.04499	46
1.04512	47
1.04524	32
1.04538	33
1.04549	34
1.04561	35
1.04574	36
1.04587	37
1.04599	38
1.04609	39
1.04619	40
1.0463	41
1.04641	42
1.04652	43
1.04664	44
1.04676	45
1.04689	46
1.04703	31
1.04714	32
1.04725	33
1.04736	34
1.04747	35
1.04758	36
1.04768	37
1.04779	38
1.04789	39
1.04801	40
1.04812	41
1.04824	42
1.04836	43
1.04848	44
1.0486	45
1.04874	30
1.04888	31
1.04898	32
1.04907	33
1.04916	34
1.04926	35
1.04936	36
1.04947	37
1.04959	38
1.04983	39
1.04996	40
1.05009	41
1.05021	42
1.05032	43
1.05044	44
1.05054	45
1.05063	46
1.05075	47
1.05087	48
1.05099	49
1.05111	50
1.05124	33
1.05138	33
1.0515	34
1.05162	35
1.05175	36
1.05187	37
1.05197	38
1.05206	39
1.05216	40
1.05226	41
1.05237	42
1.05248	43
1.05261	44
1.05273	45
1.05286	46
1.053	30
1.05313	30
1.05324	31
1.05333	32
1.05343	33
1.05354	34
1.05365	35
1.05376	36
1.05388	37
1.05401	38
1.05411	39
1.05423	40
1.05435	41
1.05448	42
1.05461	43
1.05472	44
1.05483	45
1.05493	46
1.05504	47
1.05517	48
1.0553	43
1.05543	43
1.05555	44
1.05567	45
1.0558	46
1.05593	31
1.05605	31
1.05615	32
1.05624	33
1.05634	34
1.05643	35
1.05654	36
1.05666	37
1.05678	38
1.05691	39
1.05703	40
1.05715	41
1.05727	42
1.05738	43
1.0575	44
1.05762	45
1.05774	46
1.05786	47
1.05798	48
1.05811	33
1.05825	33
1.05836	34
1.05847	35
1.05858	36
1.0587	37
1.05882	38
1.05894	39
1.05906	40
1.05916	41
1.05926	42
1.05937	43
1.05949	44
1.05961	45
1.05973	46
1.05986	32
1.05999	32
1.06009	33
1.0602	34
1.06031	35
1.06042	36
1.06055	37
1.06065	38
1.06075	39
1.06097	40
1.06109	41
1.06121	42
1.06134	43
1.06147	44
1.0616	31
1.06172	31
1.06184	32
1.06195	33
1.06208	34
1.06217	35
1.06227	36
1.06238	37
1.06249	38
1.0626	39
1.06272	40
1.06285	41
1.06298	42
1.06311	43
1.06323	44
1.06335	45
1.06345	46
1.06355	47
1.06366	48
1.06378	49
1.0639	50
1.06402	35
1.06415	35
1.06427	36
1.06439	37
1.06451	38
1.06464	39
1.06476	40
1.06488	41
1.06498	42
1.06508	43
1.0652	44
1.06531	45
1.06543	46
1.06556	47
1.06569	33
1.06582	34
1.06594	35
1.06607	36
1.06619	37
1.06631	38
1.06642	39
1.06661	40
1.06672	41
1.06683	42
1.06695	43
1.06707	44
1.0672	45
1.06733	46
1.06746	32
1.0676	33
1.06773	34
1.06782	35
1.06791	36
1.068	37
1.06808	38
1.06819	39
1.0683	40
1.06841	41
1.06853	42
1.06865	43
1.06878	44
1.06891	45
1.06905	31
1.06919	32
1.06927	33
1.06936	34
1.06946	35
1.06955	36
1.06966	37
1.06977	38
1.06989	39
1.07001	40
1.07013	41
1.07026	42
1.0704	43
1.07052	44
1.07063	45
1.07074	46
1.07085	47
1.07096	48
1.07108	49
1.0712	50
1.07133	35
1.07146	35
1.07158	36
1.0717	37
1.07182	38
1.07194	39
1.07219	40
1.07229	41
1.07237	42
1.07248	43
1.07259	44
1.0727	45
1.07282	46
1.07294	47
1.07307	48
1.0732	33
1.07333	33
1.07345	34
1.07356	35
1.07366	36
1.07376	37
1.07387	38
1.07399	39
1.07411	40
1.07423	41
1.07436	42
1.07447	43
1.07459	44
1.07471	45
1.07484	46
1.07497	32
1.07511	33
1.0752	34
1.07531	35
1.07541	36
1.07552	37
1.07564	38
1.07576	39
1.07589	40
1.07602	41
1.07614	42
1.07626	43
1.07638	44
1.07651	45
1.07661	46
1.07672	47
1.07684	48
1.07696	49
1.07704	50
1.07717	34
1.0773	35
1.07742	36
1.07753	37
1.07777	38
1.07789	39
1.07802	40
1.07813	41
1.07825	42
1.07836	43
1.07847	44
1.07859	45
1.07872	46
1.07885	47
1.07898	31
1.07912	32
1.07923	33
1.07934	34
1.07946	35
1.07958	36
1.07968	37
1.07978	38
1.07988	39
1.08	40
1.08011	41
1.08024	42
1.08036	43
1.08049	44
1.08062	45
1.08075	30
1.08088	31
1.08098	32
1.08106	33
1.08116	34
1.08122	35
1.08132	36
1.08143	37
1.08154	38
1.08166	39
1.08178	40
1.08191	41
1.08204	42
1.08217	43
1.08229	44
1.08241	45
1.08252	46
1.08263	47
1.08275	48
1.08288	49
1.08301	32
1.08314	33
1.08338	34
1.0835	35
1.08363	36
1.08375	37
1.08385	38
1.08397	39
1.08408	40
1.0842	41
1.08432	42
1.08443	43
1.08456	44
1.08468	45
1.08481	46
1.08494	31
1.08505	31
1.08516	32
1.08524	33
1.08536	34
1.08548	35
1.08559	36
1.08569	37
1.0858	38
1.08591	39
1.08603	40
1.08615	41
1.08627	42
1.0864	43
1.08654	44
1.08666	30
1.08678	30
1.08687	31
1.08696	32
1.08706	33
1.08716	34
1.08726	35
1.08737	36
1.08749	37
1.08761	38
1.08773	39
1.08786	40
1.088	41
1.08812	42
1.08823	43
1.08833	44
1.08843	45
1.08854	46
1.08866	47
1.08878	43
1.08888	43
1.089	44
1.08913	45
1.08926	46
1.0894	31
1.08954	31
1.08965	32
1.08974	33
1.08985	34
1.08996	35
1.09007	36
1.09017	37
1.09027	38
1.09038	39
1.0905	40
1.09063	41
1.09076	42
1.09089	43
1.09102	44
1.09113	45
1.09125	46
1.09136	47
1.09147	48
1.09159	49
1.09172	50
1.09185	34
1.09198	35
1.0921	36
1.09221	37
1.09234	38
1.09246	39
1.0926	40
1.09272	41
1.09283	42
1.09293	43
1.09299	44
1.09311	45
1.09323	46
1.09335	47
1.09348	48
1.09361	32
1.09375	33
1.09387	34
1.09399	35
1.0941	36
1.09422	37
1.09433	38
1.09456	39
1.09468	40
1.0948	41
1.09492	42
1.09504	43
1.09516	44
1.09529	45
1.09541	46
1.09555	31
1.09567	32
1.09578	33
1.0959	34
1.09601	35
1.09613	36
1.09624	37
1.09636	38
1.09648	39
1.09659	40
1.09671	41
1.09683	42
1.09696	43
1.09709	44
1.09721	45
1.09732	46
1.09743	47
1.09751	48
1.09764	32
1.09778	33
1.09789	34
1.098	35
1.09811	36
1.09822	37
1.09834	38
1.09846	39
1.09858	40
1.0987	41
1.09882	42
1.09895	43
1.09907	44
1.09919	45
1.09932	46
1.09945	31
1.09957	32
1.09968	33
1.09979	34
1.0999	35
1.10002	36
1.10027	37
1.10037	38
1.10048	39
1.1006	40
1.10072	41
1.10084	42
1.10097	43
1.10109	44
1.10121	45
1.10133	46
1.10146	47
1.10154	31
1.10167	32
1.10178	33
1.10188	34
1.10198	35
1.1021	36
1.10221	37
1.10233	38
1.10246	39
1.10257	40
1.10268	41
1.10281	42
1.10293	43
1.10305	44
1.10316	45
1.10328	46
1.1034	47
1.10353	48
1.10366	33
1.10379	34
1.10391	35
1.10402	36
1.10413	37
1.10425	38
1.10437	39
1.10449	40
1.1046	41
1.10472	42
1.10485	43
1.10497	44
1.10508	45
1.1052	46
1.10528	47
1.10542	32
1.10554	32
1.10565	33
1.10587	34
1.10598	35
1.1061	36
1.10622	37
1.10633	38
1.10644	39
1.10655	40
1.10667	41
1.1068	42
1.10693	43
1.10706	44
1.10718	30
1.10731	31
1.10741	32
1.10751	33
1.10761	34
1.10773	35
1.10785	36
1.10797	37
1.10808	38
1.1082	39
1.10833	40
1.10845	41
1.10858	42
1.1087	43
1.10882	44
1.10895	45
1.10908	46
1.10915	31
1.10926	32
1.10936	33
1.10947	34
1.10957	35
1.10969	36
1.1098	37
1.10993	38
1.11005	39
1.11018	40
1.1103	41
1.11042	42
1.11053	43
1.11065	44
1.11078	45
1.1109	46
1.11102	47
1.11114	48
1.11127	32
1.11152	33
1.11163	34
1.11174	35
1.11185	36
1.11197	37
1.11209	38
1.11221	39
1.11232	40
1.11243	41
1.11254	42
1.11266	43
1.11277	44
1.11286	45
1.11299	31
1.11312	31
1.11323	32
1.11333	33
1.11343	34
1.11354	35
1.11365	36
1.11377	37
1.11389	38
1.11401	39
1.11412	40
1.11425	41
1.11437	42
1.1145	43
1.11463	44
1.11476	30
1.1149	31
1.11502	32
1.11512	33
1.11522	34
1.11534	35
1.11545	36
1.11556	37
1.11567	38
1.11578	39
1.1159	40
1.11602	41
1.11614	42
1.11627	43
1.11639	44
1.11651	45
1.11658	46
1.1167	47
1.11682	48
1.11695	43
1.11707	43
1.11719	44
1.11731	45
1.11743	46
1.11756	47
1.11769	32
1.11783	33
1.11795	34
1.11805	35
1.11816	36
1.11827	37
1.11839	38
1.11851	39
1.11862	40
1.11874	41
1.11886	42
1.11898	43
1.11911	44
1.11924	45
1.11937	31
1.1195	31
1.11961	32
1.11972	33
1.11983	34
1.11994	35
1.12005	36
1.12016	37
1.12027	38
1.12039	39
1.12051	40
1.12064	41
1.12077	42
1.12089	43
1.121	44
1.12111	45
1.12123	46
1.12135	47
1.12148	32
1.12156	32
1.12166	33
1.12178	34
1.12189	35
1.12201	36
1.12213	37
1.12225	38
1.12237	39
1.12249	40
1.12274	41
1.12284	42
1.12295	43
1.12307	44
1.12319	45
1.12331	46
1.12344	47
1.12358	31
1.12371	32
1.12383	33
1.12395	34
1.12405	35
1.12416	36
1.12427	37
1.12439	38
1.1245	39
1.12461	40
1.12473	41
1.12485	42
1.12498	43
1.1251	44
1.12517	45
1.1253	30
1.12542	31
1.12554	32
1.12564	33
1.12574	34
1.12584	35
1.12595	36
1.12606	37
1.12617	38
1.12629	39
1.12642	40
1.12654	41
1.12667	42
1.1268	43
1.12691	44
1.12703	45
1.12715	46
1.12728	47
1.1274	48
1.12752	49
1.12765	33
1.12779	34
1.1279	35
1.12802	36
1.12814	37
1.12839	38
1.12851	39
1.12863	40
1.12874	41
1.12884	42
1.1289	43
1.12902	44
1.12914	45
1.12926	46
1.12939	32
1.12953	33
1.12965	34
1.12977	35
1.12989	36
1.12999	37
1.13011	38
1.13022	39
1.13035	40
1.13046	41
1.13057	42
1.1307	43
1.13082	44
1.13095	45
1.13108	46
1.13121	32
1.13133	33
1.13145	34
1.13156	35
1.13167	36
1.13179	37
1.13189	38
1.132	39
1.13212	40
1.13223	41
1.13236	42
1.13248	43
1.13262	44
1.13274	45
1.13286	46
1.13298	47
1.1331	48
1.13323	49
1.13329	33
1.13343	34
1.13353	35
1.13364	36
1.13376	37
1.13399	38
1.13412	39
1.13425	40
1.13436	41
1.13449	42
1.1346	43
1.13473	44
1.13485	45
1.13497	46
1.13509	47
1.13521	48
1.13534	33
1.13547	34
1.13559	35
1.13572	36
1.13584	37
1.13595	38
1.13606	39
1.13617	40
1.1363	41
1.13642	42
1.13654	43
1.13666	44
1.13678	45
1.1369	46
1.13703	47
1.13716	32
1.13728	33
1.13734	34
1.13745	35
1.13755	36
1.13766	37
1.13778	38
1.13789	39
1.138	40
1.13812	41
1.13824	42
1.13836	43
1.13849	44
1.13862	45
1.13874	31
1.13885	32
1.13896	33
1.13906	34
1.13917	35
1.13929	36
1.13941	37
1.13965	38
1.13977	39
1.13989	40
1.14001	41
1.14014	42
1.14026	43
1.14039	44
1.14051	45
1.14063	46
1.14075	47
1.14088	33
1.141	34
1.1411	35
1.14116	36
1.14127	37
1.14139	38
1.14151	39
1.14163	40
1.14177	41
1.14188	42
1.14199	43
1.14211	44
1.14223	45
1.14236	46
1.14249	33
1.14261	33
1.14272	34
1.14283	35
1.14295	36
1.14307	37
1.14319	38
1.14331	39
1.14342	40
1.14353	41
1.14365	42
1.14377	43
1.14389	44
1.14401	45
1.14413	46
1.14426	47
1.14439	48
1.14452	33
1.14465	34
1.14473	35
1.14483	36
1.14494	37
1.14505	38
1.14524	39
1.14536	40
1.14548	41
1.1456	42
1.14572	43
1.14584	44
1.14597	45
1.1461	46
1.14622	32
1.14635	33
1.14645	34
1.14655	35
1.14666	36
1.14678	37
1.1469	38
1.14702	39
1.14714	40
1.14726	41
1.14738	42
1.14751	43
1.14763	44
1.14774	45
1.14785	46
1.14797	47
1.1481	48
1.14822	34
1.14836	35
1.14848	36
1.14859	37
1.1487	38
1.14882	39
1.14894	40
1.14906	41
1.14918	42
1.14929	43
1.1494	44
1.14952	45
1.14964	46
1.14972	47
1.14985	33
1.14999	34
1.15009	35
1.1502	36
1.15032	37
1.15044	38
1.15057	39
1.15068	40
1.1509	41
1.15102	42
1.15114	43
1.15126	44
1.15139	45
1.15152	46
1.15164	47
1.15177	48
1.1519	33
1.15202	34
1.15213	35
1.15224	36
1.15235	37
1.15247	38
1.15259	39
1.1527	40
1.15282	41
1.15295	42
1.15307	43
1.15319	44
1.15331	45
1.15344	46
1.15357	32
1.15369	33
1.15378	34
1.15385	35
1.15395	36
1.15406	37
1.15417	38
1.15429	39
1.15441	40
1.15453	41
1.15465	42
1.15478	43
1.1549	44
1.15503	45
1.15516	32
1.15527	32
1.15537	33
1.15547	34
1.15558	35
1.1557	36
1.15581	37
1.15593	38
1.15605	39
1.15616	40
1.15628	41
1.15654	42
1.15665	43
1.15676	44
1.15688	45
1.157	46
1.15712	47
1.15724	48
1.15736	33
1.15749	34
1.1576	35
1.1577	36
1.15779	37
1.15792	38
1.15805	39
1.15816	40
1.15827	41
1.15839	42
1.15851	43
1.15863	44
1.15875	45
1.15887	46
1.15899	47
1.15912	48
1.15925	33
1.15938	33
1.15951	34
1.1596	35
1.1597	36
1.15981	37
1.15992	38
1.16003	39
1.16016	40
1.16028	41
1.1604	42
1.16052	43
1.16064	44
1.16077	45
1.1609	31
1.16103	32
1.16113	33
1.16123	34
1.16133	35
1.16144	36
1.16154	37
1.16165	38
1.16176	39
1.16187	40
1.16208	41
1.16221	42
1.16234	43
1.16247	44
1.16258	45
1.16269	46
1.16282	47
1.16294	48
1.16306	49
1.16318	50
1.16331	35
1.16343	36
1.16355	37
1.16367	38
1.16379	39
1.16392	40
1.16405	41
1.16416	42
1.16428	43
1.16438	44
1.16449	45
1.1646	46
1.16472	47
1.16484	48
1.16497	49
1.16509	34
1.16522	35
1.16534	36
1.16545	37
1.16557	38
1.16569	39
1.16581	40
1.16591	41
1.16602	42
1.16613	43
1.16625	44
1.16637	45
1.16649	46
1.16662	47
1.16674	32
1.16688	33
1.16701	34
1.1671	35
1.16719	36
1.16729	37
1.16739	38
1.1675	39
1.16773	40
1.16785	41
1.16797	42
1.1681	43
1.16824	44
1.16836	30
1.16849	31
1.16859	32
1.16868	33
1.16878	34
1.16888	35
1.16898	36
1.16907	37
1.16918	38
1.1693	39
1.16943	40
1.16956	41
1.16969	42
1.16981	43
1.16993	44
1.17003	45
1.17014	46
1.17025	47
1.17037	48
1.17046	49
1.17059	34
1.17072	34
1.17084	35
1.17095	36
1.17107	37
1.1712	38
1.17133	39
1.17146	40
1.17156	41
1.17167	42
1.17178	43
1.17189	44
1.17201	45
1.17213	46
1.17226	47
1.17239	33
1.17253	34
1.17265	35
1.17277	36
1.17287	37
1.17296	38
1.17305	39
1.17326	40
1.17337	41
1.17349	42
1.17362	43
1.17374	44
1.17387	45
1.174	46
1.17414	32
1.17428	32
1.17437	33
1.17446	34
1.17455	35
1.17465	36
1.17475	37
1.17486	38
1.17498	39
1.1751	40
1.17522	41
1.17535	42
1.17548	43
1.1756	44
1.17571	45
1.17583	46
1.17596	47
1.17607	48
1.17619	49
1.17632	50
1.17645	34
1.17658	35
1.17669	36
1.17681	37
1.17693	38
1.17706	39
1.17718	40
1.1773	41
1.1774	42
1.1775	43
1.1776	44
1.17771	45
1.17782	46
1.17793	47
1.17806	48
1.17819	33
1.17832	33
1.17844	34
1.17856	35
1.17867	36
1.1789	37
1.17902	38
1.17912	39
1.17923	40
1.17934	41
1.17945	42
1.17957	43
1.1797	44
1.17983	45
1.17996	31
1.18009	32
1.1802	33
1.1803	34
1.18041	35
1.18052	36
1.18062	37
1.18073	38
1.18084	39
1.18096	40
1.18108	41
1.18121	42
1.18134	43
1.18147	44
1.18158	45
1.18169	46
1.18181	47
1.18194	48
1.18205	33
1.18217	33
1.18227	34
1.18238	35
1.18249	36
1.1826	37
1.18272	38
1.18285	39
1.18297	40
1.1831	41
1.18321	42
1.18333	43
1.18345	44
1.18358	45
1.18369	46
1.18382	47
1.18394	48
1.18407	33
1.1842	34
1.18431	35
1.18453	36
1.18464	37
1.18476	38
1.18487	39
1.18499	40
1.18511	41
1.18523	42
1.18535	43
1.18547	44
1.1856	45
1.18572	46
1.18584	32
1.18594	33
1.18605	34
1.18617	35
1.18629	36
1.18641	37
1.18652	38
1.18664	39
1.18675	40
1.18686	41
1.18698	42
1.18711	43
1.18723	44
1.18735	45
1.18748	46
1.1876	47
1.18772	33
1.18784	33
1.18794	34
1.18805	35
1.18817	36
1.18828	37
1.1884	38
1.18851	39
1.18863	40
1.18875	41
1.18888	42
1.189	43
1.18912	44
1.18923	45
1.18935	46
1.18948	47
1.1896	48
1.18971	33
1.18984	33
1.18996	34
1.1902	35
1.19033	36
1.19045	37
1.19055	38
1.19065	39
1.19075	40
1.19086	41
1.19097	42
1.19109	43
1.19121	44
1.19133	45
1.19145	46
1.19157	32
1.19171	33
1.19184	34
1.19195	35
1.19205	36
1.19216	37
1.19227	38
1.19237	39
1.19248	40
1.1926	41
1.19272	42
1.19284	43
1.19297	44
1.1931	45
1.19323	31
1.19336	32
1.19347	33
1.19354	34
1.19363	35
1.19373	36
1.19383	37
1.19394	38
1.19405	39
1.19417	40
1.19429	41
1.19441	42
1.19454	43
1.19468	44
1.19481	30
1.19493	31
1.19503	32
1.19512	33
1.19519	34
1.19529	35
1.19539	36
1.19562	37
1.19573	38
1.19586	39
1.19598	40
1.19612	41
1.19623	42
1.19635	43
1.19645	44
1.19656	45
1.19667	46
1.19679	47
1.19691	48
1.19704	49
1.19717	33
1.19728	34
1.1974	35
1.19752	36
1.19764	37
1.19777	38
1.19788	39
1.19798	40
1.19808	41
1.19819	42
1.1983	43
1.19842	44
1.19854	45
1.19867	46
1.1988	32
1.19892	33
1.19903	34
1.19916	35
1.19926	36
1.19936	37
1.19946	38
1.19957	39
1.19968	40
1.1998	41
1.19992	42
1.20004	43
1.20017	44
1.2003	45
1.20044	32
1.20058	32
1.20068	33
1.20077	34
1.20086	35
1.20096	36
1.20115	37
1.20127	38
1.20139	39
1.20151	40
1.20164	41
1.20177	42
1.20191	43
1.20201	31
1.20211	31
1.2022	32
1.2023	33
1.2024	34
1.20248	35
1.20259	36
1.2027	37
1.20282	38
1.20294	39
1.20307	40
1.2032	41
1.20333	42
1.20344	43
1.20356	44
1.20368	45
1.2038	46
1.20391	47
1.20404	48
1.20416	49
1.20429	35
1.20442	36
1.20455	37
1.20467	38
1.20479	39
1.20491	40
1.20502	41
1.20512	42
1.20521	43
1.20532	44
1.20544	45
1.20555	46
1.20568	47
1.20581	48
1.20594	34
1.20608	35
1.2062	36
1.20632	37
1.20642	38
1.20653	39
1.20676	40
1.20688	41
1.20699	42
1.2071	43
1.20722	44
1.20735	45
1.20748	46
1.20761	32
1.20774	33
1.20785	34
1.20797	35
1.20809	36
1.20821	37
1.20832	38
1.20842	39
1.20853	40
1.20865	41
1.20877	42
1.2089	43
1.20902	44
1.20914	45
1.20927	46
1.2094	47
1.20952	33
1.20964	34
1.20975	35
1.20985	36
1.20995	37
1.21004	38
1.21015	39
1.21027	40
1.21039	41
1.21051	42
1.21063	43
1.21075	44
1.21088	45
1.21101	32
1.21112	33
1.21122	34
1.21131	35
1.21142	36
1.21153	37
1.21164	38
1.21176	39
1.21189	40
1.21202	41
1.21213	42
1.21239	43
1.21252	44
1.21263	45
1.21274	46
1.21286	47
1.21298	48
1.21311	49
1.21323	34
1.21336	35
1.21346	36
1.21357	37
1.21369	38
1.21381	39
1.21394	40
1.21407	41
1.21419	42
1.21429	43
1.21438	44
1.21449	45
1.21461	46
1.21473	47
1.21485	33
1.21498	33
1.21508	34
1.21519	35
1.21531	36
1.21543	37
1.21556	38
1.21569	39
1.21579	40
1.2159	41
1.21602	42
1.21614	43
1.21626	44
1.21639	45
1.21651	46
1.21664	47
1.21677	33
1.2169	34
1.21701	35
1.21713	36
1.21723	37
1.21733	38
1.21744	39
1.21755	40
1.21768	41
1.2178	42
1.21805	43
1.21817	44
1.2183	45
1.21844	46
1.21855	32
1.21866	33
1.21871	34
1.21882	35
1.21892	36
1.21904	37
1.21915	38
1.21927	39
1.21938	40
1.2195	41
1.21962	42
1.21975	43
1.21988	44
1.21999	45
1.22011	46
1.22022	47
1.22035	48
1.22047	49
1.22061	33
1.22074	34
1.22085	35
1.22096	36
1.22107	37
1.22119	38
1.22132	39
1.22144	40
1.22156	41
1.22167	42
1.22178	43
1.2219	44
1.22202	45
1.22215	46
1.22228	32
1.2224	33
1.22251	34
1.22257	35
1.22268	36
1.22281	37
1.22293	38
1.22305	39
1.22316	40
1.22327	41
1.22339	42
1.22363	43
1.22376	44
1.22389	45
1.22401	32
1.22414	33
1.22425	34
1.22437	35
1.2245	36
1.2246	37
1.2247	38
1.22481	39
1.22492	40
1.22504	41
1.22516	42
1.22529	43
1.2254	44
1.22552	45
1.22565	46
1.22578	47
1.22591	33
1.22602	33
1.2261	34
1.2262	35
1.22631	36
1.22641	37
1.2265	38
1.22662	39
1.22674	40
1.22687	41
1.22699	42
1.22711	43
1.22724	44
1.22737	45
1.22748	32
1.22759	32
1.22769	33
1.22779	34
1.2279	35
1.22801	36
1.22813	37
1.22826	38
1.22838	39
1.2285	40
1.22862	41
1.22875	42
1.22886	43
1.22897	44
1.22908	43
1.2292	43
1.22932	44
1.22944	45
1.22957	46
1.2297	47
1.22983	33
1.22994	33
1.23005	34
1.23015	35
1.23025	36
1.23036	37
1.23048	38
1.23058	39
1.23069	40
1.23078	41
1.2309	42
1.23103	43
1.23116	44
1.23129	45
1.23141	31
1.23154	32
1.23165	33
1.23175	34
1.23184	35
1.23195	36
1.23206	37
1.23217	38
1.23229	39
1.23242	40
1.23254	41
1.23267	42
1.23279	43
1.2329	44
1.23301	45
1.23313	46
1.23326	47
1.23338	48
1.2335	49
1.2336	50
1.23373	34
1.23386	35
1.23398	36
1.2341	37
1.23422	38
1.23434	39
1.23446	40
1.23458	41
1.2348	42
1.23492	43
1.23503	44
1.23512	45
1.23525	46
1.23538	32
1.23551	33
1.23563	34
1.23575	35
1.23586	36
1.23599	37
1.2361	38
1.23621	39
1.23632	40
1.23643	41
1.23654	42
1.23667	43
1.23679	44
1.23692	45
1.23705	32
1.23718	33
1.23729	34
1.23741	35
1.23754	36
1.23765	37
1.23775	38
1.23783	39
1.23794	40
1.23806	41
1.23818	42
1.23831	43
1.23844	44
1.23857	45
1.2387	32
1.23883	33
1.23893	34
1.23904	35
1.23915	36
1.23923	37
1.23936	38
1.23947	39
1.23958	40
1.2397	41
1.23983	42
1.23995	43
1.24007	44
1.24019	45
1.24032	43
1.24045	43
1.24057	44
1.24068	45
1.2408	46
1.24092	47
1.24104	48
1.24117	35
1.2413	36
1.24142	37
1.24153	38
1.24165	39
1.24177	40
1.2419	41
1.24201	42
1.24213	43
1.24225	44
1.24234	45
1.24246	46
1.24258	47
1.24271	48
1.24285	34
1.24297	35
1.24308	36
1.24319	37
1.2433	38
1.2434	39
1.24352	40
1.24364	41
1.24376	42
1.24387	43
1.24399	44
1.24411	45
1.24424	46
1.24437	33
1.2445	34
1.24461	35
1.24471	36
1.24481	37
1.24493	38
1.24504	39
1.24516	40
1.24529	41
1.2454	42
1.24552	43
1.24565	44
1.24578	45
1.2459	33
1.24613	34
1.24623	35
1.24634	36
1.24645	37
1.24657	38
1.24669	39
1.2468	40
1.24688	41
1.247	42
1.24712	43
1.24725	44
1.24738	45
1.24749	46
1.2476	47
1.24771	48
1.24783	49
1.24796	35
1.2481	36
1.2482	37
1.24831	38
1.24843	39
1.24855	40
1.24868	41
1.24881	42
1.24893	43
1.24904	44
1.24916	45
1.24928	46
1.24941	47
1.24954	34
1.24966	35
1.24976	36
1.24987	37
1.24999	38
1.25012	39
1.25024	40
1.25037	41
1.25048	42
1.25059	43
1.2507	44
1.25082	45
1.25095	46
1.25108	47
1.25121	34
1.25133	34
1.25144	35
1.25155	36
1.25176	37
1.25188	38
1.25199	39
1.2521	40
1.2522	41
1.25232	42
1.25244	43
1.25256	44
1.25269	45
1.25281	46
1.25293	47
1.25306	48
1.25319	34
1.25333	34
1.25343	35
1.25353	36
1.25363	37
1.25374	38
1.25385	39
1.25397	40
1.25409	41
1.25422	42
1.25434	43
1.25446	44
1.25459	45
1.25472	46
1.25484	32
1.25495	33
1.25505	34
1.25516	35
1.25527	36
1.25538	37
1.2555	38
1.25562	39
1.25573	40
1.25582	41
1.25595	42
1.25607	43
1.2562	44
1.25632	45
1.25643	46
1.25654	47
1.25666	48
1.25679	49
1.25692	33
1.25705	34
1.25717	35
1.25739	36
1.25751	37
1.25763	38
1.25774	39
1.25786	40
1.25796	41
1.25807	42
1.25819	43
1.25831	44
1.25843	45
1.25856	46
1.25868	32
1.2588	32
1.25891	33
1.25902	34
1.25914	35
1.25926	36
1.25937	37
1.25947	38
1.25958	39
1.2597	40
1.25981	41
1.25994	42
1.26006	43
1.26019	44
1.26032	31
1.26044	31
1.26053	32
1.26063	33
1.26073	34
1.26084	35
1.26096	36
1.26106	37
1.26117	38
1.26128	39
1.2614	40
1.26152	41
1.26165	42
1.26178	43
1.2619	44
1.26203	45
1.26214	46
1.26226	47
1.26237	48
1.26249	49
1.26261	50
1.26273	35
1.26298	36
1.2631	37
1.26323	38
1.26336	39
1.26348	40
1.26359	41
1.2637	42
1.26382	43
1.26393	44
1.26403	45
1.26415	46
1.26428	47
1.26441	48
1.26454	33
1.26467	34
1.26479	35
1.2649	36
1.26502	37
1.26514	38
1.26525	39
1.26535	40
1.26546	41
1.26557	42
1.26569	43
1.26581	44
1.26594	45
1.26608	46
1.26621	31
1.26635	32
1.26645	33
1.26655	34
1.26666	35
1.26677	36
1.26687	37
1.26696	38
1.26707	39
1.26719	40
1.26731	41
1.26743	42
1.26756	43
1.26769	44
1.26783	30
1.26795	31
1.26805	32
1.26814	33
1.26823	34
1.26833	35
1.26852	36
1.26863	37
1.26874	38
1.26886	39
1.26899	40
1.26912	41
1.26924	42
1.26936	43
1.26948	44
1.2696	45
1.26972	46
1.26984	47
1.26996	48
1.27009	49
1.27022	33
1.27035	33
1.27047	34
1.27058	35
1.2707	36
1.27083	37
1.27094	38
1.27104	39
1.27115	40
1.27126	41
1.27139	42
1.27151	43
1.27163	44
1.27174	45
1.27186	46
1.27199	47
1.27211	32
1.27224	32
1.27234	33
1.27244	34
1.27255	35
1.27267	36
1.27278	37
1.2729	38
1.27302	39
1.27314	40
1.27327	41
1.27338	42
1.2735	43
1.27362	44
1.27375	45
1.27388	46
1.27399	31
1.27421	32
1.27432	33
1.27443	34
1.27454	35
1.27465	36
1.27478	37
1.2749	38
1.27502	39
1.27513	40
1.27525	41
1.27536	42
1.27548	43
1.27559	44
1.2757	45
1.27581	46
1.27593	47
1.27605	31
1.27618	32
1.2763	33
1.27642	34
1.27652	35
1.27664	36
1.27676	37
1.27688	38
1.27698	39
1.27708	40
1.27719	41
1.27731	42
1.27743	43
1.27755	44
1.27768	45
1.27782	46
1.27795	30
1.27808	31
1.27818	32
1.27828	33
1.27839	34
1.27849	35
1.2786	36
1.27871	37
1.27883	38
1.27895	39
1.27907	40
1.27919	41
1.27932	42
1.27945	43
1.27956	44
1.27967	43
1.27978	43
1.27989	44
1.28	45
1.28011	46
1.28023	47
1.28034	48
1.28046	49
1.2806	32
1.28073	33
1.28085	34
1.28097	35
1.2811	36
1.28123	37
1.28133	38
1.28143	39
1.28153	40
1.28164	41
1.28175	42
1.28187	43
1.28199	44
1.28211	45
1.28223	46
1.28237	30
1.28251	31
1.28262	32
1.28272	33
1.28283	34
1.28293	35
1.28304	36
1.28316	37
1.28328	38
1.28339	39
1.28351	40
1.28362	41
1.28374	42
1.28387	43
1.284	44
1.28412	45
1.28424	46
1.28435	47
1.28443	48
1.28456	49
1.28469	32
1.28482	33
1.28493	34
1.28503	35
1.28514	36
1.28538	37
1.2855	38
1.28563	39
1.28574	40
1.28584	41
1.28595	42
1.28607	43
1.28619	44
1.28632	45
1.28645	46
1.28657	30
1.28669	31
1.2868	32
1.28692	33
1.28703	34
1.28716	35
1.28727	36
1.28738	37
1.28748	38
1.2876	39
1.28772	40
1.28784	41
1.28797	42
1.28808	43
1.2882	44
1.28832	45
1.28845	46
1.28851	47
1.28865	30
1.28876	31
1.28885	32
1.28895	33
1.28906	34
1.28917	35
1.28929	36
1.28941	37
1.28953	38
1.28966	39
1.28978	40
1.28989	41
1.29	42
1.29012	43
1.29024	44
1.29035	45
1.29047	46
1.2906	47
1.29072	48
1.29085	43
1.29099	43
1.29112	44
1.29124	45
1.29136	46
1.29149	47
1.29162	30
1.29173	31
1.29182	32
1.29192	33
1.29202	34
1.29212	35
1.29217	36
1.29229	37
1.29241	38
1.29253	39
1.29266	40
1.29279	41
1.29292	42
1.29302	43
1.29312	44
1.29323	45
1.29334	46
1.29346	47
1.29359	48
1.29371	32
1.29385	32
1.29396	33
1.29408	34
1.2942	35
1.29432	36
1.29445	37
1.29457	38
1.29468	39
1.2948	40
1.29492	41
1.29503	42
1.29514	43
1.29526	44
1.29538	45
1.29551	46
1.29564	47
1.29578	31
1.2959	31
1.296	32
1.29609	33
1.29619	34
1.29626	35
1.29649	36
1.2966	37
1.29671	38
1.29683	39
1.29694	40
1.29707	41
1.29719	42
1.29733	43
1.29744	44
1.29755	45
1.29766	46
1.29779	47
1.29791	48
1.29804	32
1.29818	32
1.29828	33
1.29839	34
1.2985	35
1.29862	36
1.29874	37
1.29887	38
1.29898	39
1.29909	40
1.2992	41
1.29932	42
1.29944	43
1.29957	44
1.29967	45
1.29979	46
1.29991	47
1.30003	48
1.30016	31
1.30025	32
1.30037	33
1.30046	34
1.30056	35
1.30067	36
1.30078	37
1.30089	38
1.30101	39
1.30114	40
1.30126	41
1.30138	42
1.3015	43
1.30163	44
1.30176	45
1.30187	30
1.30208	30
1.30218	31
1.30228	32
1.30239	33
1.3025	34
1.30262	35
1.30275	36
1.30286	37
1.30298	38
1.3031	39
1.30321	40
1.30331	41
1.30342	42
1.30353	43
1.30364	44
1.30371	45
1.30384	46
1.30396	47
1.30409	31
1.30423	32
1.30434	33
1.30446	34
1.30457	35
1.30469	36
1.3048	37
1.3049	38
1.30501	39
1.30511	40
1.30523	41
1.30534	42
1.30547	43
1.30559	44
1.30573	45
1.30586	29
1.306	30
1.3061	31
1.30622	32
1.30633	33
1.30645	34
1.30655	35
1.30665	36
1.30676	37
1.30687	38
1.30698	39
1.3071	40
1.30723	41
1.30735	42
1.30761	43
1.30771	44
1.30779	45
1.30791	46
1.30801	47
1.30813	48
1.30825	49
1.30838	50
1.30851	32
1.30864	33
1.30876	34
1.30888	35
1.30899	36
1.3091	37
1.30922	38
1.30934	39
1.30945	40
1.30956	41
1.30967	42
1.30978	43
1.3099	44
1.31002	45
1.31015	46
1.31028	30
1.31042	31
1.31054	32
1.31065	33
1.31077	34
1.31089	35
1.31099	36
1.31109	37
1.3112	38
1.31131	39
1.31142	40
1.31154	41
1.31166	42
1.31179	43
1.31191	44
1.31203	45
1.31216	46
1.31229	47
1.31237	30
1.31249	31
1.31259	32
1.31268	33
1.31278	34
1.31289	35
1.31311	36
1.31323	37
1.31335	38
1.31348	39
1.3136	40
1.31372	41
1.31383	42
1.31395	43
1.31406	44
1.31418	45
1.31429	46
1.31442	47
1.31455	48
1.31468	31
1.31481	31
1.31492	32
1.31503	33
1.31514	34
1.31526	35
1.31539	36
1.3155	37
1.31561	38
1.31572	39
1.31583	40
1.31589	41
1.31601	42
1.31614	43
1.31627	44
1.31639	45
1.31652	46
1.31665	47
1.31677	31
1.31689	31
1.317	32
1.3171	33
1.3172	34
1.31731	35
1.31742	36
1.31754	37
1.31766	38
1.31777	39
1.31789	40
1.31802	41
1.31815	42
1.31827	43
1.31839	44
1.31852	45
1.31864	43
1.31876	43
1.31888	44
1.319	45
1.31913	46
1.31927	30
1.3194	31
1.3195	32
1.3196	33
1.31971	34
1.31982	35
1.31994	36
1.32005	37
1.32015	38
1.32027	39
1.32035	40
1.32048	41
1.32061	42
1.32073	43
1.32084	44
1.32096	45
1.32108	46
1.3212	47
1.32132	48
1.32144	49
1.32157	33
1.3217	34
1.32181	35
1.32193	36
1.32205	37
1.32218	38
1.32231	39
1.32242	40
1.32253	41
1.32265	42
1.32276	43
1.32288	44
1.323	45
1.32312	46
1.32325	47
1.32339	31
1.32353	32
1.32364	33
1.32375	34
1.32387	35
1.32399	36
1.3241	37
1.32421	38
1.32441	39
1.32452	40
1.32464	41
1.32476	42
1.32488	43
1.32497	44
1.32511	45
1.32525	29
1.32538	30
1.32546	31
1.32555	32
1.32565	33
1.32575	34
1.32585	35
1.32596	36
1.32607	37
1.32619	38
1.32631	39
1.32644	40
1.32657	41
1.32669	42
1.32682	43
1.32695	44
1.32707	29
1.32718	30
1.32728	31
1.32738	32
1.32748	33
1.32759	34
1.3277	35
1.32782	36
1.32794	37
1.32807	38
1.3282	39
1.32831	40
1.32841	41
1.32851	42
1.32858	43
1.32869	44
1.3288	45
1.32892	46
1.32905	47
1.32917	48
1.32931	32
1.32945	32
1.32955	33
1.32966	34
1.3299	35
1.33001	36
1.33011	37
1.33022	38
1.33033	39
1.33044	40
1.33056	41
1.33068	42
1.33081	43
1.33094	44
1.33107	45
1.33118	46
1.3313	47
1.33142	48
1.33155	33
1.33168	33
1.33179	34
1.3319	35
1.33202	36
1.33214	37
1.33227	38
1.3324	39
1.33251	40
1.33261	41
1.33272	42
1.33283	43
1.33294	44
1.33301	45
1.33313	46
1.33326	47
1.33338	48
1.33351	32
1.33365	33
1.33377	34
1.3339	35
1.33401	36
1.33411	37
1.33421	38
1.33431	39
1.33442	40
1.33454	41
1.33466	42
1.33478	43
1.33491	44
1.33504	45
1.33518	31
1.3353	31
1.33552	32
1.33562	33
1.33573	34
1.33585	35
1.33596	36
1.33607	37
1.33618	38
1.3363	39
1.33643	40
1.33655	41
1.33668	42
1.33682	43
1.33692	44
1.33703	45
1.33714	46
1.33725	47
1.33732	48
1.33744	49
1.33757	50
1.3377	33
1.33783	34
1.33795	35
1.33807	36
1.33819	37
1.33832	38
1.33845	39
1.33856	40
1.33868	41
1.33879	42
1.3389	43
1.33902	44
1.33914	45
1.33927	46
1.3394	47
1.33953	31
1.33967	32
1.33979	33
1.33989	34
1.33999	35
1.34009	36
1.34019	37
1.3403	38
1.34041	39
1.34053	40
1.34065	41
1.34078	42
1.34091	43
1.34104	43
1.34117	43
1.34129	44
1.34142	45
1.34154	46
1.34164	47
1.34172	48
1.34184	49
1.34196	50
1.34209	32
1.34222	33
1.34234	34
1.34245	35
1.34258	36
1.3427	37
1.34283	38
1.34293	39
1.34303	40
1.34314	41
1.34325	42
1.34337	43
1.34349	44
1.34362	45
1.34375	46
1.34388	29
1.34402	30
1.34413	31
1.34424	32
1.34435	33
1.34447	34
1.34459	35
1.3447	36
1.3448	37
1.34491	38
1.34503	39
1.34514	40
1.34526	41
1.34539	42
1.34552	43
1.34565	44
1.34577	28
1.34589	29
1.34594	30
1.34603	31
1.34613	32
1.34623	33
1.34633	34
1.34644	35
1.34667	36
1.34679	37
1.34691	38
1.34704	39
1.34717	40
1.34729	41
1.34742	42
1.34755	43
1.34766	44
1.34777	45
1.34788	46
1.34801	47
1.34813	48
1.34826	31
1.3484	32
1.34851	33
1.34864	34
1.34876	35
1.3489	36
1.34898	37
1.34908	38
1.34918	39
1.34925	40
1.34936	41
1.34948	42
1.3496	43
1.34973	44
1.34985	45
1.34998	46
1.35012	30
1.35025	30
1.35036	31
1.35046	32
1.35057	33
1.35068	34
1.35079	35
1.3509	36
1.35101	37
1.35113	38
1.35125	39
1.35138	40
1.35151	41
1.35164	42
1.35175	43
1.35186	44
1.35197	45
1.35208	46
1.3522	43
1.35232	43
1.35244	44
1.35256	45
1.35269	46
1.35283	29
1.35296	30
1.35307	31
1.35318	32
1.35328	33
1.35338	34
1.35349	35
1.35354	36
1.35366	37
1.35377	38
1.35388	39
1.354	40
1.35412	41
1.35425	42
1.35438	43
1.35451	44
1.35464	28
1.35476	29
1.35485	30
1.35494	31
1.35504	32
1.35514	33
1.35525	34
1.35536	35
1.35548	36
1.3556	37
1.35573	38
1.35586	39
1.35598	40
1.35609	41
1.35621	42
1.35633	43
1.35644	44
1.35655	45
1.35667	46
1.3568	47
1.35693	31
1.35706	32
1.35718	33
1.3573	34
1.35741	35
1.35753	36
1.35759	37
1.35781	38
1.35792	39
1.35803	40
1.35815	41
1.35827	42
1.3584	43
1.35853	44
1.35866	45
1.35878	30
1.35891	31
1.35901	32
1.35912	33
1.35922	34
1.35934	35
1.35946	36
1.35956	37
1.35968	38
1.3598	39
1.35992	40
1.36005	41
1.36017	42
1.3603	43
1.36041	44
1.36052	45
1.36065	46
1.36076	47
1.36088	48
1.361	49
1.36113	34
1.36126	35
1.36138	36
1.3615	37
1.36162	38
1.36175	39
1.36182	40
1.36193	41
1.36205	42
1.36217	43
1.36229	44
1.3624	45
1.36252	46
1.36265	47
1.36278	48
1.36291	33
1.36304	34
1.36315	35
1.36326	36
1.36351	37
1.36362	38
1.36374	39
1.36385	40
1.36396	41
1.36408	42
1.3642	43
1.36433	44
1.36446	45
1.3646	30
1.36472	31
1.36482	32
1.36492	33
1.36503	34
1.36513	35
1.36524	36
1.36536	37
1.36547	38
1.36558	39
1.3657	40
1.36583	41
1.36595	42
1.36608	43
1.3662	44
1.36631	45
1.36641	46
1.36653	47
1.36666	48
1.36678	33
1.3669	34
1.367	35
1.36711	36
1.36723	37
1.36735	38
1.36748	39
1.36761	40
1.36772	41
1.36783	42
1.36795	43
1.36807	44
1.36819	45
1.36832	46
1.36844	47
1.36857	48
1.36869	49
1.36882	33
1.36895	34
1.36917	35
1.36929	36
1.36941	37
1.36954	38
1.36965	39
1.36976	40
1.36987	41
1.36998	42
1.37011	43
1.37023	44
1.37036	45
1.37049	31
1.37062	31
1.37072	32
1.37078	33
1.37088	34
1.37099	35
1.3711	36
1.37122	37
1.37134	38
1.37146	39
1.37157	40
1.37169	41
1.37182	42
1.37195	43
1.37207	44
1.37219	45
1.37231	46
1.37243	47
1.37255	48
1.37268	33
1.3728	33
1.3729	34
1.37301	35
1.37313	36
1.37325	37
1.37337	38
1.3735	39
1.37362	40
1.37373	41
1.37384	42
1.37396	43
1.37409	44
1.37421	45
1.37433	46
1.37445	47
1.37454	48
1.37467	43
1.3748	43
1.37493	44
1.37505	45
1.37517	46
1.3753	47
1.37542	48
1.37554	49
1.37567	33
1.37579	34
1.3759	35
1.376	36
1.37612	37
1.37624	38
1.37635	39
1.37646	40
1.3766	41
1.37672	42
1.37683	43
1.37695	44
1.37707	45
1.3772	46
1.37732	47
1.37744	48
1.37756	49
1.37769	33
1.37783	34
1.37794	35
1.37807	36
1.3782	37
1.3783	38
1.37841	39
1.37853	40
1.37864	41
1.37877	42
1.37888	43
1.379	44
1.37912	45
1.37925	46
1.37939	32
1.37952	33
1.37962	34
1.37969	35
1.37979	36
1.3799	37
1.38001	38
1.38013	39
1.38025	40
1.38048	41
1.3806	42
1.38072	43
1.38085	44
1.38098	45
1.38112	31
1.38124	31
1.38134	32
1.38144	33
1.38154	34
1.38166	35
1.38176	36
1.38187	37
1.38198	38
1.3821	39
1.38222	40
1.38235	41
1.38248	42
1.3826	43
1.38273	44
1.38284	45
1.38297	46
1.38309	47
1.38321	33
1.38333	34
1.38341	35
1.38351	36
1.38362	37
1.38374	38
1.38387	39
1.38399	40
1.38413	41
1.38423	42
1.38435	43
1.38445	44
1.38456	45
1.38467	46
1.38479	47
1.38491	48
1.38503	34
1.38516	35
1.38529	36
1.38541	37
1.38553	38
1.38565	39
1.38577	40
1.38588	41
1.38612	42
1.38623	43
1.38635	44
1.38647	45
1.38659	46
1.38672	47
1.38685	33
1.38699	34
1.38711	35
1.38722	36
1.38731	37
1.3874	38
1.3875	39
1.38761	40
1.38772	41
1.38784	42
1.38796	43
1.38809	44
1.38822	45
1.38835	31
1.38849	32
1.3886	33
1.3887	34
1.3888	35
1.38891	36
1.38902	37
1.38912	38
1.38923	39
1.38935	40
1.38947	41
1.38959	42
1.38972	43
1.38985	44
1.38999	30
1.3901	31
1.3902	32
1.3903	33
1.39039	34
1.3905	35
1.3906	36
1.39071	37
1.39083	38
1.39095	39
1.39108	40
1.3912	41
1.39133	42
1.39146	43
1.39157	43
1.39166	43
1.39178	44
1.39189	45
1.39202	46
1.39213	47
1.39226	48
1.39238	49
1.39251	33
1.39264	34
1.39276	35
1.39288	36
1.39301	37
1.39313	38
1.39324	39
1.39333	40
1.39343	41
1.39354	42
1.39365	43
1.39377	44
1.3939	45
1.39402	46
1.39416	31
1.39429	32
1.39441	33
1.39452	34
1.39463	35
1.39475	36
1.39486	37
1.39497	38
1.39509	39
1.3952	40
1.39532	41
1.39544	42
1.39556	43
1.39569	44
1.39582	45
1.39593	30
1.39606	31
1.39616	32
1.39626	33
1.39635	34
1.39643	35
1.39653	36
1.39664	37
1.39675	38
1.39687	39
1.39699	40
1.39725	41
1.39737	42
1.39747	43
1.39758	44
1.39769	45
1.39781	46
1.39794	47
1.39806	48
1.39818	49
1.39831	33
1.39844	34
1.39856	35
1.39869	36
1.39881	37
1.39894	38
1.39905	39
1.39915	40
1.39925	41
1.39936	42
1.39947	43
1.39959	44
1.39971	45
1.39984	46
1.39997	32
1.40011	33
1.40022	34
1.40033	35
1.40041	36
1.40052	37
1.40063	38
1.40074	39
1.40086	40
1.40098	41
1.4011	42
1.40122	43
1.40134	44
1.40147	45
1.4016	46
1.40173	31
1.40186	32
1.40196	33
1.40206	34
1.40215	35
1.40226	36
1.40238	37
1.40248	38
1.4026	39
1.40283	40
1.40296	41
1.40309	42
1.40321	43
1.40333	44
1.40345	45
1.40357	46
1.40369	47
1.40381	48
1.40393	32
1.40406	33
1.40417	34
1.40428	35
1.4044	36
1.40448	37
1.40461	38
1.40473	39
1.40484	40
1.40495	41
1.40507	42
1.40519	43
1.4053	44
1.40542	45
1.40554	46
1.40567	47
1.40579	32
1.40593	33
1.40605	34
1.40617	35
1.40627	36
1.40637	37
1.40648	38
1.4066	39
1.40672	40
1.40683	41
1.40694	42
1.40706	43
1.40719	44
1.40732	45
1.40745	31
1.40758	32
1.40768	33
1.40778	34
1.40789	35
1.408	36
1.40812	37
1.40824	38
1.40848	39
1.4086	40
1.40868	41
1.40881	42
1.40893	43
1.40904	44
1.40915	45
1.40927	46
1.4094	47
1.40952	48
1.40965	33
1.40978	34
1.40989	35
1.41	36
1.41011	37
1.41024	38
1.41035	39
1.41047	40
1.41059	41
1.41071	42
1.41083	43
1.41095	44
1.41105	45
1.41117	46
1.4113	47
1.41143	48
1.41156	32
1.4117	33
1.41181	34
1.41192	35
1.41204	36
1.41216	37
1.41227	38
1.41238	39
1.4125	40
1.41263	41
1.41276	42
1.41288	43
1.41299	44
1.41311	45
1.41323	46
1.41336	47
1.41343	48
1.41356	32
1.41369	33
1.41379	34
1.41391	35
1.41414	36
1.41425	37
1.41436	38
1.41448	39
1.41461	40
1.41474	41
1.41486	42
1.41497	43
1.41508	44
1.4152	45
1.41531	46
1.41544	47
1.41558	31
1.4157	32
1.41581	33
1.41592	34
1.41604	35
1.41616	36
1.41628	37
1.4164	38
1.41652	39
1.41664	40
1.41676	41
1.41688	42
1.417	43
1.41711	44
1.41723	45
1.41735	46
1.41744	47
1.41757	30
1.4177	31
1.4178	32
1.41791	33
1.41801	34
1.41812	35
1.41823	36
1.41834	37
1.41846	38
1.41858	39
1.41871	40
1.41883	41
1.41895	42
1.41906	43
1.41918	44
1.4193	45
1.41943	46
1.41956	30
1.41979	31
1.4199	32
1.42001	33
1.42013	34
1.42024	35
1.42035	36
1.42047	37
1.4206	38
1.42072	39
1.42083	40
1.42094	41
1.42105	42
1.42112	43
1.42124	44
1.42137	45
1.4215	46
1.42163	31
1.42176	32
1.42187	33
1.42197	34
1.42207	35
1.42218	36
1.4223	37
1.42242	38
1.42255	39
1.42267	40
1.42279	41
1.4229	42
1.42301	43
1.42313	44
1.42326	45
1.42339	46
1.42352	31
1.42365	31
1.42375	32
1.42385	33
1.42395	34
1.42406	35
1.42417	36
1.42429	37
1.42441	38
1.42454	39
1.42466	40
1.42478	41
1.42489	42
1.42501	43
1.42513	44
1.42526	43
1.42533	43
1.42546	44
1.42558	45
1.42571	46
1.42584	47
1.42595	48
1.42608	49
1.42621	33
1.42634	33
1.42646	34
1.42657	35
1.42668	36
1.4268	37
1.42691	38
1.42702	39
1.42713	40
1.42725	41
1.42737	42
1.4275	43
1.42762	44
1.42774	45
1.42787	46
1.428	31
1.42812	32
1.42823	33
1.42835	34
1.42847	35
1.42859	36
1.42871	37
1.42883	38
1.42894	39
1.42905	40
1.42917	41
1.4293	42
1.42942	43
1.42956	44
1.42968	45
1.42979	46
1.42991	47
1.43003	48
1.43011	49
1.43023	33
1.43037	34
1.43049	35
1.4306	36
1.43071	37
1.43083	38
1.43106	39
1.43118	40
1.4313	41
1.43143	42
1.43154	43
1.43167	44
1.43178	45
1.4319	46
1.43202	47
1.43214	48
1.43228	32
1.43241	33
1.43252	34
1.43263	35
1.43274	36
1.43286	37
1.43298	38
1.4331	39
1.43321	40
1.43334	41
1.43346	42
1.43358	43
1.43371	44
1.43383	45
1.43396	46
1.43409	31
1.43421	31
1.43427	32
1.43438	33
1.43448	34
1.43459	35
1.43471	36
1.43483	37
1.43495	38
1.43506	39
1.43518	40
1.43531	41
1.43544	42
1.43556	43
1.43568	44
1.43579	45
1.43591	46
1.43603	47
1.43615	48
1.43628	32
1.43642	33
1.43653	34
1.43675	35
1.43687	36
1.437	37
1.43711	38
1.43723	39
1.43735	40
1.43747	41
1.43759	42
1.43771	43
1.43782	44
1.43789	45
1.43801	46
1.43813	47
1.43826	32
1.4384	33
1.4385	34
1.43861	35
1.43873	36
1.43885	37
1.43897	38
1.43908	39
1.4392	40
1.43932	41
1.43945	42
1.43958	43
1.4397	44
1.43982	45
1.43993	46
1.44005	47
1.44018	48
1.44031	32
1.44043	33
1.44054	34
1.44065	35
1.44077	36
1.44089	37
1.441	38
1.44112	39
1.44124	40
1.44137	41
1.4415	42
1.44161	43
1.44172	44
1.44184	45
1.44195	46
1.44207	47
1.44214	48
1.44227	43
1.44241	43
1.44253	44
1.44265	45
1.44278	46
1.44291	47
1.44304	31
1.44317	32
1.44327	33
1.44338	34
1.44348	35
1.4436	36
1.44371	37
1.44383	38
1.44394	39
1.44406	40
1.44418	41
1.4443	42
1.44443	43
1.44457	44
1.44468	29
1.44479	30
1.44489	31
1.44499	32
1.44511	33
1.44522	34
1.44534	35
1.44547	36
1.44558	37
1.44569	38
1.44581	39
1.44594	40
1.44606	41
1.44618	42
1.44629	43
1.4464	44
1.44651	45
1.44664	46
1.44672	47
1.44685	31
1.44697	32
1.44708	33
1.44719	34
1.44731	35
1.44743	36
1.44756	37
1.44766	38
1.44777	39
1.44799	40
1.44811	41
1.44823	42
1.44836	43
1.44848	44
1.4486	45
1.44872	46
1.44886	47
1.44898	31
1.44911	31
1.44922	32
1.44932	33
1.44943	34
1.44954	35
1.44965	36
1.44977	37
1.44989	38
1.45001	39
1.45013	40
1.45026	41
1.45039	42
1.45051	43
1.45057	44
1.45068	45
1.4508	46
1.45092	47
1.45104	48
1.45118	31
1.45131	32
1.45141	33
1.45152	34
1.45163	35
1.45175	36
1.45187	37
1.45199	38
1.45211	39
1.45223	40
1.45234	41
1.45246	42
1.45258	43
1.4527	44
1.45282	45
1.45294	46
1.45307	47
1.4532	31
1.45334	32
1.45346	33
1.45365	34
1.45375	35
1.45387	36
1.45398	37
1.4541	38
1.45423	39
1.45434	40
1.45446	41
1.45458	42
1.45469	43
1.45481	44
1.45489	45
1.45501	46
1.45514	47
1.45526	48
1.45538	49
1.45551	32
1.45565	33
1.45575	34
1.45585	35
1.45596	36
1.45608	37
1.4562	38
1.45633	39
1.45646	40
1.45657	41
1.45668	42
1.45679	43
1.45691	44
1.45703	45
1.45716	46
1.45728	31
1.45741	31
1.45752	32
1.45763	33
1.45775	34
1.45787	35
1.45798	36
1.4581	37
1.45821	38
1.45833	39
1.45845	40
1.45856	41
1.45868	42
1.4588	43
1.45893	44
1.45906	45
1.45919	43
1.45931	43
1.45938	44
1.45949	45
1.45961	46
1.45973	47
1.45985	48
1.45998	32
1.46012	33
1.46024	34
1.46035	35
1.46046	36
1.46058	37
1.4607	38
1.46081	39
1.46093	40
1.46105	41
1.46118	42
1.46129	43
1.46142	44
1.46154	45
1.46166	46
1.46179	47
1.46191	48
1.46205	31
1.46217	32
1.46228	33
1.46239	34
1.4625	35
1.46262	36
1.46273	37
1.46285	38
1.46296	39
1.46309	40
1.46322	41
1.46334	42
1.46346	43
1.46357	44
1.46369	45
1.46381	46
1.46389	47
1.46402	31
1.46414	32
1.46424	33
1.46435	34
1.46447	35
1.46459	36
1.46471	37
1.46495	38
1.46507	39
1.46518	40
1.4653	41
1.46542	42
1.46554	43
1.46565	44
1.46577	45
1.4659	46
1.46604	31
1.46617	32
1.46628	33
1.46638	34
1.46649	35
1.46659	36
1.46671	37
1.46683	38
1.46695	39
1.46708	40
1.4672	41
1.46732	42
1.46743	43
1.46754	44
1.46766	45
1.46774	46
1.46787	47
1.468	31
1.46813	32
1.46824	33
1.46835	34
1.46847	35
1.46858	36
1.46869	37
1.4688	38
1.46892	39
1.46905	40
1.46918	41
1.4693	42
1.46941	43
1.46952	44
1.46963	45
1.46975	46
1.46988	47
1.47002	31
1.47014	32
1.47024	33
1.47036	34
1.47059	35
1.47072	36
1.47084	37
1.47096	38
1.47107	39
1.47118	40
1.47131	41
1.47143	42
1.47154	43
1.47165	44
1.47173	45
1.47186	46
1.47199	31
1.47213	31
1.47224	32
1.47234	33
1.47244	34
1.47254	35
1.47265	36
1.47276	37
1.47289	38
1.47301	39
1.47313	40
1.47325	41
1.47337	42
1.47349	43
1.47361	44
1.47371	45
1.47384	46
1.47397	31
1.4741	31
1.47421	32
1.47432	33
1.47444	34
1.47456	35
1.47467	36
1.47478	37
1.4749	38
1.47503	39
1.47516	40
1.47528	41
1.47538	42
1.47549	43
1.47557	44
1.4757	45
1.47582	46
1.47594	31
1.47617	31
1.47628	32
1.4764	33
1.47652	34
1.47664	35
1.47675	36
1.47687	37
1.47697	38
1.47709	39
1.47721	40
1.47733	41
1.47745	42
1.47756	43
1.47768	44
1.47781	45
1.47794	31
1.47807	32
1.47816	33
1.47826	34
1.47837	35
1.47848	36
1.47859	37
1.47871	38
1.47884	39
1.47896	40
1.47907	41
1.4792	42
1.47932	43
1.47944	44
1.47953	45
1.47965	46
1.47978	47
1.4799	32
1.48002	33
1.48013	34
1.48025	35
1.48035	36
1.48046	37
1.48057	38
1.48069	39
1.48081	40
1.48094	41
1.48107	42
1.48118	43
1.48129	44
1.48141	45
1.48153	46
1.48165	43
1.48178	43
1.4819	44
1.48202	45
1.48215	46
1.48228	47
1.48241	32
1.48254	32
1.48265	33
1.48275	34
1.48286	35
1.48297	36
1.48309	37
1.48321	38
1.48332	39
1.48343	40
1.48355	41
1.48367	42
1.48375	43
1.48389	44
1.48401	45
1.48412	46
1.48424	47
1.48436	48
1.48448	49
1.48461	33
1.48475	34
1.48486	35
1.48497	36
1.48508	37
1.4852	38
1.48532	39
1.48544	40
1.48556	41
1.48568	42
1.4858	43
1.48591	44
1.48604	45
1.48617	46
1.48628	47
1.48641	48
1.48653	49
1.48667	32
1.48681	33
1.48692	34
1.48704	35
1.48714	36
1.48724	37
1.48747	38
1.48759	39
1.48771	40
1.48784	41
1.48796	42
1.48808	43
1.48821	44
1.48833	45
1.48845	30
1.48858	31
1.48865	32
1.48875	33
1.48885	34
1.48896	35
1.48908	36
1.4892	37
1.48931	38
1.48943	39
1.48955	40
1.48968	41
1.48981	42
1.48992	43
1.49003	44
1.49015	45
1.49027	46
1.49039	47
1.4905	32
1.49064	33
1.49076	34
1.49087	35
1.49099	36
1.4911	37
1.49123	38
1.49134	39
1.49146	40
1.49158	41
1.4917	42
1.49182	43
1.49194	44
1.49207	45
1.49218	46
1.49227	47
1.49239	48
1.49252	32
1.49266	33
1.49278	34
1.49289	35
1.4931	36
1.4932	37
1.49332	38
1.49344	39
1.49356	40
1.49368	41
1.49381	42
1.49393	43
1.49406	44
1.49418	45
1.49431	46
1.49442	31
1.49455	32
1.49465	33
1.49476	34
1.49487	35
1.49499	36
1.49511	37
1.49522	38
1.49534	39
1.49546	40
1.49558	41
1.49571	42
1.49583	43
1.49595	44
1.49606	45
1.49619	46
1.49631	47
1.4964	32
1.49654	33
1.49666	34
1.49677	35
1.49688	36
1.497	37
1.49711	38
1.49724	39
1.49735	40
1.49747	41
1.4976	42
1.49772	43
1.49784	44
1.49797	45
1.49809	46
1.4982	47
1.49832	48
1.49845	34
1.49858	34
1.49882	35
1.49894	36
1.49904	37
1.49915	38
1.49927	39
1.49939	40
1.49951	41
1.49964	42
1.49977	43
1.49989	44
1.50002	45
1.50013	46
1.50024	47
1.50034	48
1.50046	34
1.5006	35
1.50071	36
1.50082	37
1.50094	38
1.50106	39
1.50118	40
1.50129	41
1.50141	42
1.50153	43
1.50166	44
1.5018	45
1.50192	32
1.50204	33
1.50214	34
1.50225	35
1.50236	36
1.50245	37
1.50257	38
1.5027	39
1.50283	40
1.50295	41
1.50306	42
1.50318	43
1.5033	44
1.50342	45
1.50355	46
1.50369	33
1.50381	34
1.50393	35
1.50405	36
1.50416	37
1.50427	38
1.50451	39
1.50458	40
1.5047	41
1.50483	42
1.50496	43
1.50507	44
1.50519	45
1.50531	46
1.50544	47
1.50557	34
1.50571	34
1.50582	35
1.50593	36
1.50604	37
1.50616	38
1.50629	39
1.50641	40
1.50653	41
1.50665	42
1.50675	43
1.50687	44
1.507	45
1.50713	46
1.50725	47
1.50737	48
1.50751	35
1.50764	36
1.50777	37
1.50788	38
1.508	39
1.50811	40
1.50822	41
1.50834	42
1.50846	43
1.50859	44
1.50872	45
1.50885	33
1.50897	34
1.50909	35
1.50919	36
1.50926	37
1.50937	38
1.50949	39
1.50961	40
1.50974	41
1.50986	42
1.50998	43
1.51011	43
1.51023	43
1.51034	44
1.51047	45
1.5106	46
1.51073	34
1.51086	35
1.51098	36
1.51108	37
1.51119	38
1.5113	39
1.51142	40
1.51154	41
1.51167	42
1.51179	43
1.51192	44
1.51204	45
1.51216	46
1.51228	47
1.5124	48
1.51253	36
1.51267	37
1.51278	38
1.51289	39
1.51301	40
1.51313	41
1.51326	42
1.51338	43
1.5135	44
1.51357	45
1.5137	46
1.51384	34
1.51396	34
1.51406	35
1.51417	36
1.51428	37
1.51439	38
1.51451	39
1.51463	40
1.51476	41
1.51488	42
1.515	43
1.51512	44
1.51525	45
1.51537	46
1.5155	47
1.51563	35
1.51576	36
1.51598	37
1.5161	38
1.51622	39
1.51633	40
1.51644	41
1.51656	42
1.51669	43
1.51682	44
1.51694	45
1.51706	46
1.51718	47
1.5173	48
1.51742	49
1.51755	36
1.51769	37
1.51781	38
1.51787	39
1.51799	40
1.51811	41
1.51823	42
1.51835	43
1.51847	44
1.51859	45
1.51872	46
1.51885	33
1.51897	34
1.51909	35
1.51919	36
1.5193	37
1.51941	38
1.51953	39
1.51965	40
1.51977	41
1.5199	42
1.52002	43
1.52013	44
1.52025	45
1.52036	46
1.52049	47
1.52062	35
1.52075	35
1.52086	36
1.52097	37
1.52109	38
1.52121	39
1.52134	40
1.52145	41
1.5217	42
1.52181	43
1.52193	44
1.52205	45
1.52218	46
1.52229	47
1.52238	48
1.5225	49
1.52263	35
1.52276	36
1.52288	37
1.523	38
1.52311	39
1.52323	40
1.52336	41
1.52347	42
1.52359	43
1.52371	44
1.52384	45
1.52396	46
1.52409	47
1.52421	48
1.52435	34
1.52447	35
1.52458	36
1.52469	37
1.52481	38
1.52494	39
1.52505	40
1.52517	41
1.5253	42
1.52541	43
1.52553	44
1.52565	45
1.52578	46
1.52591	34
1.52603	34
1.52614	35
1.52626	36
1.52637	37
1.52649	38
1.5266	39
1.52672	40
1.52684	41
1.52691	42
1.52703	43
1.52715	44
1.52727	43
1.5274	43
1.52751	44
1.52763	45
1.52776	46
1.52789	47
1.52803	34
1.52815	34
1.52826	35
1.52838	36
1.5285	37
1.52862	38
1.52874	39
1.52885	40
1.52898	41
1.52909	42
1.52921	43
1.52933	44
1.52946	45
1.52957	46
1.52969	47
1.52982	48
1.52995	35
1.53007	35
1.53018	36
1.53029	37
1.53041	38
1.53053	39
1.53065	40
1.53076	41
1.53089	42
1.53101	43
1.53114	44
1.53126	45
1.53137	46
1.53149	47
1.53161	48
1.53173	49
1.53181	35
1.53194	36
1.53206	37
1.53217	38
1.53228	39
1.53241	40
1.53253	41
1.53265	42
1.53277	43
1.53288	44
1.533	43
1.53311	43
1.53323	44
1.53336	45
1.53349	46
1.53361	33
1.53373	34
1.53384	35
1.53396	36
1.53408	37
1.53421	38
1.53432	39
1.53443	40
1.53454	41
1.53466	42
1.53478	43
1.53491	44
1.53504	45
1.53516	46
1.53528	47
1.53541	48
1.53555	34
1.53567	35
1.53577	36
1.53586	37
1.53596	38
1.53602	39
1.53613	40
1.53625	41
1.53638	42
1.5365	43
1.53663	44
1.53675	45
1.53688	46
1.53701	33
1.53713	34
1.53723	35
1.53733	36
1.53743	37
1.53754	38
1.53765	39
1.53777	40
1.53789	41
1.53801	42
1.53814	43
1.53826	44
1.53839	45
1.53852	46
1.53864	43
1.53876	43
1.53887	44
1.53898	45
1.5391	46
1.53923	47
1.53936	48
1.53949	34
1.53961	34
1.53972	35
1.53984	36
1.53996	37
1.54008	38
1.54018	39
1.54028	40
1.54039	41
1.54046	42
1.54058	43
1.5407	44
1.54082	45
1.54095	46
1.54108	32
1.54121	33
1.54132	34
1.54143	35
1.54155	36
1.54167	37
1.54177	38
1.54187	39
1.54198	40
1.5421	41
1.54222	42
1.54234	43
1.54247	44
1.5426	45
1.54272	31
1.54285	32
1.54297	33
1.54307	34
1.54318	35
1.54329	36
1.5434	37
1.54351	38
1.54362	39
1.54374	40
1.54386	41
1.54399	42
1.54412	43
1.54423	43
1.54436	43
1.54448	44
1.54459	45
1.54469	46
1.5448	47
1.54487	48
1.54499	49
1.54512	50
1.54525	34
1.54539	35
1.54551	36
1.54563	37
1.54574	38
1.54586	39
1.54599	40
1.5461	41
1.54621	42
1.54632	43
1.54643	44
1.54655	45
1.54667	46
1.5468	47
1.54693	33
1.54707	33
1.54719	34
1.54731	35
1.54743	36
1.54755	37
1.54765	38
1.54776	39
1.54788	40
1.548	41
1.54812	42
1.54825	43
1.54838	44
1.54851	31
1.54863	32
1.54873	33
1.54884	34
1.54894	35
1.54905	36
1.54915	37
1.54926	38
1.54932	39
1.54944	40
1.54956	41
1.54968	42
1.54994	43
1.55006	44
1.55019	45
1.55032	46
1.55044	47
1.55055	48
1.55066	49
1.55078	50
1.55091	36
1.55104	37
1.55116	38
1.55128	39
1.55141	40
1.55154	41
1.55166	42
1.55179	43
1.55192	44
1.55203	45
1.55215	46
1.55228	47
1.55241	48
1.55252	34
1.55264	35
1.55275	36
1.55287	37
1.55299	38
1.55311	39
1.55322	40
1.55333	41
1.55346	42
1.55358	43
1.5537	44
1.55381	45
1.55389	46
1.55402	47
1.55415	33
1.55427	34
1.55438	35
1.5545	36
1.55462	37
1.55474	38
1.55486	39
1.55498	40
1.5551	41
1.55521	42
1.55533	43
1.55546	44
1.55559	43
1.55572	43
1.55584	44
1.55596	45
1.55607	46
1.55619	47
1.55632	48
1.55645	34
1.55658	35
1.55668	36
1.55679	37
1.5569	38
1.55702	39
1.55715	40
1.55726	41
1.55738	42
1.55748	43
1.55759	44
1.55771	45
1.55783	46
1.55796	47
1.55807	34
1.55816	34
1.55827	35
1.55838	36
1.5585	37
1.55862	38
1.55875	39
1.55887	40
1.55898	41
1.55909	42
1.55921	43
1.55933	44
1.55946	45
1.55959	46
1.55971	33
1.55984	34
1.55995	35
1.56007	36
1.5602	37
1.56031	38
1.56042	39
1.56053	40
1.56064	41
1.56076	42
1.56089	43
1.56101	44
1.56113	45
1.56125	43
1.56138	43
1.56151	44
1.56164	45
1.56174	32
1.56185	33
1.56195	34
1.562	35
1.56211	36
1.56222	37
1.56234	38
1.56246	39
1.56258	40
1.56269	41
1.56281	42
1.56294	43
1.56307	44
1.56318	45
1.5633	46
1.56341	47
1.56353	48
1.56366	49
1.56379	35
1.56392	36
1.56403	37
1.56414	38
1.56426	39
1.56438	40
1.56451	41
1.56462	42
1.56475	43
1.56487	44
1.56499	45
1.56511	46
1.56524	47
1.56536	34
1.56548	35
1.56558	36
1.56569	37
1.56581	38
1.56593	39
1.566	40
1.56613	41
1.56626	42
1.56637	43
1.56649	44
1.56661	45
1.56673	46
1.56686	43
1.56697	43
1.56709	44
1.56722	45
1.56734	46
1.56747	34
1.5676	34
1.56771	35
1.56781	36
1.56791	37
1.56802	38
1.56814	39
1.56826	40
1.56838	41
1.56851	42
1.56862	43
1.56875	44
1.56887	45
1.569	46
1.56913	33
1.56924	34
1.56934	35
1.56944	36
1.56955	37
1.56967	38
1.56979	39
1.56991	40
1.57003	41
1.57015	42
1.57027	43
1.5704	44
1.57052	45
1.5706	46
1.57071	47
1.57083	48
1.57095	49
1.57108	36
1.57122	36
1.57133	37
1.57145	38
1.57157	39
1.57168	40
1.5718	41
1.57193	42
1.57206	43
1.57217	44
1.57229	45
1.57241	46
1.57253	43
1.57266	43
1.57279	44
1.5729	45
1.57303	46
1.57316	47
1.57329	34
1.57341	35
1.57351	36
1.5736	37
1.57371	38
1.57382	39
1.57394	40
1.57406	41
1.57419	42
1.57432	43
1.57444	44
1.57456	45
1.57469	46
1.57482	34
1.57494	35
1.57506	36
1.57516	37
1.57527	38
1.57533	39
1.57544	40
1.57556	41
1.57568	42
1.57581	43
1.57593	44
1.57606	45
1.57619	46
1.57632	34
1.57644	34
1.57654	35
1.57665	36
1.57676	37
1.57687	38
1.57699	39
1.57712	40
1.57725	41
1.57736	42
1.57748	43
1.5776	44
1.57772	45
1.57785	34
1.57798	34
1.57808	35
1.57829	36
1.5784	37
1.57851	38
1.57863	39
1.57876	40
1.57887	41
1.57899	42
1.57912	43
1.57925	44
1.57936	45
1.57947	46
1.57959	47
1.57971	48
1.57979	49
1.57991	36
1.58004	37
1.58016	38
1.58028	39
1.58039	40
1.58051	41
1.58064	42
1.58077	43
1.58089	44
1.58101	45
1.58112	46
1.58125	47
1.58137	48
1.5815	35
1.58164	36
1.58174	37
1.58186	38
1.58198	39
1.5821	40
1.58223	41
1.58235	42
1.58246	43
1.58257	44
1.58269	45
1.58281	46
1.58294	47
1.58308	34
1.5832	35
1.58331	36
1.58342	37
1.58354	38
1.58366	39
1.58378	40
1.584	41
1.58412	42
1.58423	43
1.58431	44
1.58443	45
1.58456	46
1.58468	34
1.58481	34
1.58492	35
1.58504	36
1.58516	37
1.58529	38
1.58539	39
1.5855	40
1.58561	41
1.58572	42
1.58584	43
1.58596	44
1.58609	45
1.58623	33
1.58635	33
1.58646	34
1.58658	35
1.5867	36
1.58681	37
1.58693	38
1.58705	39
1.58716	40
1.58728	41
1.5874	42
1.58752	43
1.58766	44
1.58778	45
1.5879	46
1.58803	47
1.58816	33
1.58827	34
1.58837	35
1.58847	36
1.58858	37
1.58864	38
1.58875	39
1.58887	40
1.589	41
1.58913	42
1.58925	43
1.58937	44
1.58949	43
1.58963	43
1.58974	44
1.58987	45
1.58998	46
1.5901	47
1.59022	48
1.59035	35
1.59049	35
1.59059	36
1.5907	37
1.59082	38
1.59093	39
1.59106	40
1.59119	41
1.5913	42
1.59141	43
1.59153	44
1.59165	45
1.59177	46
1.5919	47
1.59203	33
1.59216	34
1.59227	35
1.59238	36
1.59249	37
1.59261	38
1.59273	39
1.59285	40
1.59297	41
1.59302	42
1.59313	43
1.59325	44
1.59337	45
1.5935	46
1.59363	33
1.59375	33
1.59386	34
1.59398	35
1.5941	36
1.59422	37
1.59434	38
1.59444	39
1.59455	40
1.59467	41
1.59479	42
1.59491	43
1.59504	44
1.59518	43
1.5953	43
1.59542	44
1.59555	45
1.59568	46
1.5958	32
1.59592	33
1.59602	34
1.59613	35
1.59624	36
1.59635	37
1.59647	38
1.5966	39
1.59671	40
1.59683	41
1.59696	42
1.59709	43
1.59722	44
1.59733	31
1.59743	32
1.59748	33
1.59759	34
1.5977	35
1.59782	36
1.59794	37
1.59806	38
1.59819	39
1.59831	40
1.59843	41
1.59854	42
1.59866	43
1.59878	44
1.59891	45
1.59902	46
1.59915	47
1.59927	48
1.5994	34
1.59954	35
1.59965	36
1.59976	37
1.59988	38
1.6	39
1.60012	40
1.60024	41
1.60035	42
1.60046	43
1.60058	44
1.60071	45
1.60083	43
1.60095	43
1.60108	44
1.60122	32
1.60128	33
1.60138	34
1.60148	35
1.60159	36
1.6017	37
1.60182	38
1.60194	39
1.60205	40
1.60217	41
1.60229	42
1.60241	43
1.60255	44
1.60267	45
1.6028	46
1.60291	47
1.60303	48
1.60315	49
1.60328	36
1.6034	37
1.60351	38
1.60362	39
1.60374	40
1.60386	41
1.60398	42
1.60411	43
1.60425	44
1.60436	33
1.60448	34
1.60458	35
1.60469	36
1.60481	37
1.60492	38
1.60499	39
1.6051	40
1.60522	41
1.60534	42
1.60546	43
1.60559	44
1.60573	45
1.60585	34
1.60597	35
1.60607	36
1.60618	37
1.6063	38
1.60652	39
1.60664	40
1.60675	41
1.60688	42
1.607	43
1.60713	44
1.60725	45
1.60736	46
1.60747	47
1.6076	48
1.60772	49
1.60786	36
1.60799	37
1.6081	38
1.60821	39
1.60833	40
1.60845	41
1.60858	42
1.60871	43
1.60882	44
1.60893	45
1.60903	46
1.60915	47
1.60928	48
1.6094	35
1.6095	36
1.60961	37
1.60972	38
1.60984	39
1.60996	40
1.61009	41
1.6102	42
1.61033	43
1.61045	44
1.61056	45
1.61069	46
1.61081	47
1.61094	34
1.61108	35
1.61118	36
1.61129	37
1.61141	38
1.61153	39
1.61166	40
1.61179	41
1.61191	42
1.61202	43
1.61214	43
1.61226	43
1.61239	44
1.61251	45
1.61262	46
1.61274	47
1.61286	48
1.61299	49
1.61312	35
1.61324	36
1.61335	37
1.61345	38
1.61355	39
1.61365	40
1.61377	41
1.6139	42
1.61402	43
1.61413	44
1.61425	45
1.61436	46
1.61449	47
1.61461	48
1.61475	34
1.61487	35
1.61498	36
1.6151	37
1.61522	38
1.61534	39
1.61546	40
1.61558	41
1.61569	42
1.6158	43
1.61592	44
1.61605	45
1.61617	46
1.61629	47
1.61642	48
1.61655	35
1.61668	35
1.6168	36
1.61691	37
1.61703	38
1.61714	39
1.61725	40
1.61736	41
1.61748	42
1.61759	43
1.6177	44
1.61783	43
1.61795	43
1.61807	44
1.61819	45
1.61829	46
1.61842	47
1.61855	48
1.61868	34
1.6188	35
1.61891	36
1.61902	37
1.61914	38
1.61927	39
1.61938	40
1.6195	41
1.61962	42
1.61975	43
1.61987	44
1.62	45
1.62012	46
1.62024	47
1.62036	48
1.62049	49
1.62062	34
1.62075	35
1.62086	36
1.62097	37
1.62109	38
1.62121	39
1.62132	40
1.62144	41
1.62156	42
1.62169	43
1.62181	44
1.62194	45
1.62206	46
1.62217	47
1.62229	48
1.62241	49
1.62254	33
1.62268	34
1.62279	35
1.62286	36
1.62298	37
1.6231	38
1.62322	39
1.62333	40
1.62345	41
1.62369	42
1.62382	43
1.62395	44
1.62406	45
1.62418	46
1.6243	47
1.62443	48
1.62456	32
1.62469	33
1.6248	34
1.62491	35
1.62503	36
1.62514	37
1.62526	38
1.62537	39
1.62548	40
1.6256	41
1.62573	42
1.62586	43
1.62598	44
1.6261	45
1.62623	46
1.62637	32
1.62649	32
1.62659	33
1.6267	34
1.62681	35
1.62693	36
1.62701	37
1.62713	38
1.62723	39
1.62734	40
1.62746	41
1.62758	42
1.6277	43
1.62783	44
1.62797	45
1.62809	31
1.62821	32
1.62832	33
1.62842	34
1.62853	35
1.62865	36
1.62877	37
1.62889	38
1.62901	39
1.62913	40
1.62937	41
1.62949	42
1.6296	43
1.62973	44
1.62986	45
1.62998	46
1.6301	47
1.63023	48
1.63034	33
1.63046	33
1.63057	34
1.63068	35
1.6308	36
1.63092	37
1.63103	38
1.63113	39
1.63125	40
1.63136	41
1.63148	42
1.6316	43
1.63173	44
1.63185	45
1.63197	46
1.63209	47
1.63222	33
1.63236	34
1.63246	35
1.63257	36
1.63268	37
1.6328	38
1.63292	39
1.63304	40
1.63316	41
1.63326	42
1.63338	43
1.6335	44
1.63362	45
1.63375	46
1.63389	32
1.63401	33
1.63412	34
1.6342	35
1.6343	36
1.63441	37
1.63452	38
1.63464	39
1.63476	40
1.63499	41
1.63511	42
1.63522	43
1.63535	44
1.63547	45
1.63559	46
1.63571	47
1.63583	48
1.63595	49
1.63607	34
1.63621	35
1.63631	36
1.63642	37
1.63653	38
1.63665	39
1.63677	40
1.63689	41
1.63702	42
1.63713	43
1.63724	44
1.63736	45
1.63748	46
1.63761	47
1.63774	33
1.63786	33
1.63796	34
1.63807	35
1.63817	36
1.63829	37
1.63841	38
1.63853	39
1.63866	40
1.63877	41
1.6389	42
1.63902	43
1.63915	44
1.63926	45
1.63937	46
1.63949	47
1.63961	48
1.63974	49
1.63987	33
1.63999	34
1.64009	35
1.64019	36
1.64031	37
1.64043	38
1.64068	39
1.6408	40
1.6409	41
1.64101	42
1.64113	43
1.64124	44
1.64137	45
1.64149	46
1.64162	32
1.64174	33
1.64185	34
1.64196	35
1.64208	36
1.64221	37
1.64231	38
1.64242	39
1.64252	40
1.64264	41
1.64275	42
1.64287	43
1.643	44
1.64312	45
1.64324	46
1.64337	47
1.64351	32
1.64364	33
1.64374	34
1.64382	35
1.64392	36
1.64402	37
1.64413	38
1.64424	39
1.64436	40
1.64449	41
1.64462	42
1.64473	43
1.64486	44
1.64499	45
1.64512	32
1.64522	32
1.64531	33
1.64541	34
1.64552	35
1.64563	36
1.64574	37
1.64585	38
1.64597	39
1.6462	40
1.64632	41
1.64644	42
1.64657	43
1.6467	44
1.64681	45
1.64693	46
1.64704	47
1.64716	48
1.64727	49
1.6474	34
1.64753	35
1.64763	36
1.64772	37
1.64784	38
1.64796	39
1.64809	40
1.64822	41
1.64833	42
1.64844	43
1.64856	44
1.64868	45
1.64881	46
1.64892	47
1.64904	48
1.64917	49
1.6493	33
1.64943	34
1.64955	35
1.64966	36
1.64978	37
1.64989	38
1.65001	39
1.65012	40
1.65024	41
1.65036	42
1.65048	43
1.6506	44
1.65072	45
1.65084	46
1.65097	47
1.65109	32
1.65122	32
1.65132	33
1.65144	34
1.65154	35
1.65167	36
1.6519	37
1.652	38
1.65212	39
1.65224	40
1.65237	41
1.65248	42
1.65259	43
1.65271	44
1.65282	45
1.65294	46
1.65307	47
1.6532	32
1.65332	33
1.65343	34
1.65354	35
1.65365	36
1.65377	37
1.65389	38
1.65401	39
1.65411	40
1.65423	41
1.65434	42
1.65446	43
1.65459	44
1.65471	45
1.65485	46
1.65497	31
1.65509	32
1.6552	33
1.6553	34
1.65541	35
1.65552	36
1.65563	37
1.65574	38
1.65584	39
1.65595	40
1.65607	41
1.65619	42
1.65632	43
1.65645	44
1.65657	45
1.6567	46
1.65683	47
1.65695	32
1.65704	32
1.65713	33
1.65723	34
1.65745	35
1.65756	36
1.65768	37
1.6578	38
1.65793	39
1.65804	40
1.65815	41
1.65827	42
1.65839	43
1.65851	44
1.65863	45
1.65875	46
1.65887	47
1.659	48
1.65913	32
1.65927	33
1.65938	34
1.65949	35
1.6596	36
1.65972	37
1.65984	38
1.65995	39
1.66007	40
1.66017	41
1.66028	42
1.6604	43
1.66051	44
1.6606	45
1.66073	46
1.66086	30
1.66098	31
1.66109	32
1.66119	33
1.6613	34
1.66141	35
1.66152	36
1.66164	37
1.66176	38
1.66187	39
1.66199	40
1.66211	41
1.66223	42
1.66236	43
1.66248	44
1.6626	45
1.66273	46
1.66285	31
1.66308	32
1.6632	33
1.66332	34
1.66343	35
1.66355	36
1.66368	37
1.6638	38
1.66392	39
1.66403	40
1.66415	41
1.66425	42
1.66435	43
1.66444	44
1.66456	45
1.66468	46
1.66481	47
1.66494	31
1.66507	32
1.66519	33
1.66531	34
1.66542	35
1.66554	36
1.66566	37
1.66577	38
1.66587	39
1.66598	40
1.66609	41
1.6662	42
1.66632	43
1.66644	44
1.66656	45
1.66668	31
1.66681	31
1.66692	32
1.66704	33
1.66716	34
1.66727	35
1.66738	36
1.66748	37
1.6676	38
1.66771	39
1.66784	40
1.66796	41
1.66809	42
1.66821	43
1.66833	44
1.66846	45
1.66858	43
1.66867	43
1.66877	44
1.66888	45
1.669	46
1.66913	47
1.66926	48
1.66939	32
1.66951	33
1.66962	34
1.66973	35
1.66984	36
1.66996	37
1.67008	38
1.67019	39
1.6703	40
1.67041	41
1.67053	42
1.67065	43
1.67077	44
1.6709	45
1.67103	46
1.67116	31
1.67128	32
1.6714	33
1.67151	34
1.67164	35
1.67175	36
1.67185	37
1.67196	38
1.67208	39
1.67219	40
1.67231	41
1.67244	42
1.67256	43
1.67268	44
1.67281	45
1.67295	46
1.67307	31
1.67319	32
1.67325	33
1.67335	34
1.67346	35
1.67357	36
1.67369	37
1.67381	38
1.67393	39
1.67405	40
1.67429	41
1.67442	42
1.67455	43
1.67467	44
1.67478	45
1.67488	46
1.67501	47
1.67513	48
1.67526	32
1.67538	33
1.67549	34
1.6756	35
1.67571	36
1.67583	37
1.67595	38
1.67606	39
1.67619	40
1.67631	41
1.67642	42
1.67654	43
1.67667	44
1.67679	45
1.67691	46
1.67699	47
1.67711	48
1.67724	33
1.67737	34
1.67749	35
1.6776	36
1.67772	37
1.67784	38
1.67795	39
1.67806	40
1.67818	41
1.67831	42
1.67842	43
1.67854	44
1.67867	45
1.6788	46
1.67892	32
1.67905	32
1.67916	33
1.67926	34
1.67937	35
1.67948	36
1.67959	37
1.67971	38
1.67996	39
1.68008	40
1.6802	41
1.68032	42
1.68045	43
1.68058	44
1.68069	45
1.68081	46
1.68093	47
1.68105	48
1.68117	33
1.68126	33
1.68137	34
1.68148	35
1.6816	36
1.68172	37
1.68183	38
1.68195	39
1.68207	40
1.68218	41
1.6823	42
1.68242	43
1.68254	44
1.68267	45
1.68281	31
1.68294	32
1.68304	33
1.68315	34
1.68327	35
1.68339	36
1.68351	37
1.68363	38
1.68373	39
1.68385	40
1.68397	41
1.68409	42
1.68422	43
1.68435	44
1.68447	31
1.6846	32
1.68471	33
1.68481	34
1.68491	35
1.68499	36
1.68511	37
1.68521	38
1.68533	39
1.68557	40
1.6857	41
1.68583	42
1.68595	43
1.68607	44
1.68619	45
1.68632	46
1.68644	32
1.68656	33
1.68666	34
1.68677	35
1.68688	36
1.687	37
1.68712	38
1.68724	39
1.68736	40
1.68748	41
1.68761	42
1.68774	43
1.68786	44
1.68798	45
1.68809	46
1.68822	47
1.68834	48
1.68847	34
1.68861	34
1.68872	35
1.68884	36
1.68895	37
1.68906	38
1.68914	39
1.68926	40
1.68937	41
1.6895	42
1.68962	43
1.68974	44
1.68986	45
1.68999	46
1.69011	47
1.69024	32
1.69036	33
1.69047	34
1.69059	35
1.69071	36
1.69083	37
1.69094	38
1.69105	39
1.69128	40
1.69139	41
1.69152	42
1.69165	43
1.69178	44
1.6919	31
1.69202	31
1.69213	32
1.69224	33
1.69234	34
1.69246	35
1.69257	36
1.69269	37
1.6928	38
1.69292	39
1.69303	40
1.69315	41
1.69327	42
1.69339	43
1.69351	44
1.69362	45
1.69375	46
1.69387	32
1.69399	32
1.69408	33
1.69418	34
1.69429	35
1.69441	36
1.69453	37
1.69465	38
1.69478	39
1.6949	40
1.69501	41
1.69512	42
1.69524	43
1.69536	44
1.69549	45
1.6956	46
1.69573	47
1.69585	48
1.69599	32
1.69612	33
1.69624	34
1.69634	35
1.69645	36
1.69657	37
1.6967	38
1.69694	39
1.69705	40
1.69716	41
1.69727	42
1.69739	43
1.6975	44
1.69759	45
1.69772	30
1.69784	31
1.69794	32
1.69805	33
1.69817	34
1.69829	35
1.69841	36
1.69853	37
1.69863	38
1.69875	39
1.69887	40
1.69899	41
1.69912	42
1.69924	43
1.69936	44
1.69949	45
1.69962	46
1.69973	31
1.69985	32
1.69995	33
1.70005	34
1.70016	35
1.70028	36
1.7004	37
1.70052	38
1.70065	39
1.70078	40
1.70089	41
1.701	42
1.70112	43
1.70123	44
1.7013	45
1.70143	46
1.70154	47
1.70167	48
1.7018	32
1.70193	33
1.70204	34
1.70216	35
1.70227	36
1.7025	37
1.70263	38
1.70275	39
1.70287	40
1.70297	41
1.70309	42
1.70321	43
1.70333	44
1.70346	45
1.70359	31
1.70371	32
1.70382	33
1.70394	34
1.70405	35
1.70418	36
1.70429	37
1.70441	38
1.70452	39
1.70464	40
1.70476	41
1.70488	42
1.70501	43
1.70513	44
1.70526	45
1.70538	46
1.70551	32
1.70562	33
1.70568	34
1.70578	35
1.70588	36
1.70599	37
1.7061	38
1.70622	39
1.70634	40
1.70647	41
1.7066	42
1.70672	43
1.70684	44
1.70696	45
1.70708	46
1.70721	47
1.70734	33
1.70747	34
1.70758	35
1.70769	36
1.70781	37
1.70793	38
1.70816	39
1.70828	40
1.7084	41
1.70853	42
1.70867	43
1.70878	44
1.70889	45
1.70901	46
1.70913	47
1.70925	48
1.70938	34
1.70951	34
1.70957	35
1.70968	36
1.7098	37
1.70991	38
1.71003	39
1.71015	40
1.71027	41
1.71039	42
1.71051	43
1.71063	44
1.71076	45
1.71088	46
1.711	47
1.71112	48
1.71125	49
1.71138	34
1.71152	35
1.71163	36
1.71174	37
1.71185	38
1.71196	39
1.71207	40
1.71219	41
1.71231	42
1.71244	43
1.71257	44
1.7127	45
1.71282	46
1.71294	47
1.71307	48
1.7132	49
1.71333	33
1.71345	34
1.71356	35
1.71361	36
1.71385	37
1.71397	38
1.71408	39
1.71419	40
1.71431	41
1.71444	42
1.71457	43
1.7147	44
1.71482	30
1.71493	31
1.71503	32
1.71514	33
1.71525	34
1.71537	35
1.71549	36
1.71562	37
1.71574	38
1.71586	39
1.71597	40
1.71608	41
1.71621	42
1.71633	43
1.71645	44
1.71657	45
1.7167	46
1.71683	47
1.71695	32
1.71707	33
1.71718	34
1.71729	35
1.71741	36
1.71753	37
1.71765	38
1.71771	39
1.71782	40
1.71793	41
1.71805	42
1.71817	43
1.71829	44
1.71842	45
1.71855	31
1.71868	31
1.71878	32
1.71889	33
1.719	34
1.71911	35
1.71923	36
1.71946	37
1.71958	38
1.7197	39
1.71982	40
1.71995	41
1.72007	42
1.72019	43
1.72032	44
1.72045	45
1.72057	31
1.72069	32
1.72078	33
1.72089	34
1.721	35
1.72111	36
1.72123	37
1.72136	38
1.72149	39
1.72159	40
1.7217	41
1.72181	42
1.72193	43
1.72206	44
1.72214	45
1.72226	46
1.72238	47
1.72251	32
1.72265	33
1.72277	34
1.72287	35
1.72298	36
1.72309	37
1.72321	38
1.72333	39
1.72346	40
1.72358	41
1.72369	42
1.72381	43
1.72393	44
1.72405	45
1.72418	46
1.72432	31
1.72445	32
1.72455	33
1.72465	34
1.72476	35
1.72487	36
1.72511	37
1.72523	38
1.72534	39
1.72546	40
1.72559	41
1.72571	42
1.72584	43
1.72596	44
1.72608	45
1.72621	46
1.72633	47
1.72642	31
1.72654	32
1.72664	33
1.72674	34
1.72685	35
1.72696	36
1.72707	37
1.72719	38
1.72732	39
1.72745	40
1.72757	41
1.72768	42
1.72779	43
1.7279	44
1.72802	45
1.72815	46
1.72828	30
1.72841	31
1.72852	32
1.72864	33
1.72875	34
1.72887	35
1.72898	36
1.72909	37
1.72921	38
1.72933	39
1.72946	40
1.72958	41
1.72969	42
1.7298	43
1.72992	44
1.73004	45
1.73012	46
1.73025	31
1.73039	32
1.73049	33
1.73071	34
1.73082	35
1.73093	36
1.73105	37
1.73117	38
1.73128	39
1.7314	40
1.73153	41
1.73165	42
1.73177	43
1.73188	44
1.732	45
1.73213	46
1.73226	47
1.7324	31
1.73251	32
1.73261	33
1.73271	34
1.73282	35
1.73293	36
1.73305	37
1.73317	38
1.7333	39
1.73343	40
1.73354	41
1.73365	42
1.73377	43
1.73389	44
1.73396	45
1.73409	46
1.73421	31
1.73434	31
1.73444	32
1.73456	33
1.73467	34
1.73479	35
1.73491	36
1.73503	37
1.73515	38
1.73527	39
1.73539	40
1.73551	41
1.73562	42
1.73574	43
1.73585	44
1.73597	45
1.73609	46
1.73622	43
1.73636	43
1.73649	44
1.73661	45
1.73672	46
1.73684	47
1.73697	48
1.7371	33
1.73723	34
1.73734	35
1.73745	36
1.73756	37
1.73767	38
1.73778	39
1.73785	40
1.73798	41
1.73811	42
1.73823	43
1.73835	44
1.73847	45
1.73859	46
1.73872	47
1.73884	48
1.73896	49
1.73908	34
1.73921	35
1.73933	36
1.73945	37
1.73958	38
1.73971	39
1.73982	40
1.73993	41
1.74004	42
1.74016	43
1.74029	44
1.74041	45
1.74053	46
1.74066	47
1.74078	48
1.74091	33
1.74104	34
1.74115	35
1.74126	36
1.74137	37
1.74149	38
1.74161	39
1.74173	40
1.74185	41
1.74207	42
1.74219	43
1.74231	44
1.74242	45
1.74252	46
1.74265	31
1.74278	32
1.74288	33
1.74298	34
1.74308	35
1.74319	36
1.74331	37
1.74343	38
1.74354	39
1.74365	40
1.74377	41
1.74389	42
1.74402	43
1.74415	44
1.74428	45
1.74439	46
1.74451	47
1.74463	48
1.74474	49
1.74488	33
1.745	34
1.7451	35
1.74521	36
1.74533	37
1.74545	38
1.74557	39
1.7457	40
1.74582	41
1.74593	42
1.74605	43
1.74616	44
1.74628	45
1.74637	46
1.7465	32
1.74661	32
1.74672	33
1.74682	34
1.74693	35
1.74705	36
1.74717	37
1.7473	38
1.74742	39
1.74767	40
1.74779	41
1.74792	42
1.74803	43
1.74814	44
1.74825	45
1.74837	46
1.74849	47
1.74862	48
1.74874	32
1.74886	33
1.74897	34
1.74908	35
1.7492	36
1.74932	37
1.74945	38
1.74957	39
1.74967	40
1.74978	41
1.7499	42
1.75002	43
1.75014	44
1.75022	45
1.75035	46
1.75047	32
1.7506	33
1.75071	34
1.75083	35
1.75095	36
1.75107	37
1.75118	38
1.75129	39
1.7514	40
1.75151	41
1.75164	42
1.75175	43
1.75187	44
1.75199	45
1.75212	46
1.75225	33
1.75239	33
1.75249	34
1.75258	35
1.75268	36
1.75279	37
1.7529	38
1.75302	39
1.75326	40
1.75337	41
1.75349	42
1.75361	43
1.75374	44
1.75387	45
1.754	32
1.7541	33
1.7542	34
1.75426	35
1.75436	36
1.75447	37
1.75459	38
1.75471	39
1.75482	40
1.75494	41
1.75506	42
1.75518	43
1.75532	44
1.75545	45
1.75556	32
1.75567	33
1.75578	34
1.75588	35
1.75599	36
1.7561	37
1.75623	38
1.75634	39
1.75644	40
1.75656	41
1.75669	42
1.75682	43
1.75695	44
1.75706	45
1.75718	46
1.75731	47
1.75744	34
1.75757	35
1.75767	36
1.75775	37
1.75785	38
1.75796	39
1.75807	40
1.75816	41
1.75828	42
1.7584	43
1.75853	44
1.75866	43
1.75878	43
1.75891	44
1.75904	45
1.75915	46
1.75926	47
1.75938	48
1.7595	49
1.75963	50
1.75975	36
1.75989	36
1.76001	37
1.76013	38
1.76026	39
1.76039	40
1.76051	41
1.76061	42
1.76072	43
1.76082	44
1.76094	45
1.76105	46
1.76118	47
1.76131	48
1.76144	33
1.76157	34
1.76169	35
1.76181	36
1.76191	37
1.76201	38
1.7621	39
1.76221	40
1.76231	41
1.76243	42
1.76254	43
1.76266	44
1.76276	45
1.76289	46
1.76302	32
1.76316	33
1.76329	34
1.7634	35
1.76349	36
1.76359	37
1.76369	38
1.7638	39
1.76391	40
1.76403	41
1.76415	42
1.7644	43
1.76453	44
1.76466	31
1.76479	31
1.7649	32
1.765	33
1.7651	34
1.76521	35
1.76532	36
1.76544	37
1.76556	38
1.76567	39
1.76577	40
1.76589	41
1.766	42
1.76612	43
1.76626	44
1.76638	45
1.76649	46
1.76661	47
1.76672	48
1.76683	49
1.76696	34
1.7671	34
1.7672	35
1.76731	36
1.76742	37
1.76754	38
1.76767	39
1.76779	40
1.76791	41
1.76802	42
1.76813	43
1.76825	44
1.76838	45
1.7685	46
1.76863	47
1.76876	32
1.76888	33
1.76899	34
1.7691	35
1.76921	36
1.76934	37
1.76946	38
1.76956	39
1.76967	40
1.76979	41
1.77004	42
1.77015	43
1.77025	44
1.77038	45
1.7705	46
1.77064	32
1.77076	33
1.77086	34
1.77095	35
1.77107	36
1.77117	37
1.77128	38
1.7714	39
1.77152	40
1.77164	41
1.77175	42
1.77187	43
1.77199	44
1.77212	45
1.77225	46
1.77237	47
1.77249	48
1.77261	49
1.77273	50
1.77286	34
1.773	35
1.7731	36
1.77321	37
1.77332	38
1.77344	39
1.77356	40
1.77369	41
1.7738	42
1.77393	43
1.77404	44
1.77415	45
1.77427	46
1.77439	47
1.7745	32
1.77463	33
1.77473	34
1.77484	35
1.77494	36
1.77505	37
1.77518	38
1.7753	39
1.77542	40
1.77564	41
1.77576	42
1.77588	43
1.77601	44
1.77614	45
1.77626	46
1.77638	47
1.77651	33
1.77663	34
1.77674	35
1.77684	36
1.77695	37
1.77707	38
1.77719	39
1.7773	40
1.77742	41
1.77754	42
1.77767	43
1.77779	44
1.77791	45
1.77804	46
1.77817	33
1.77829	34
1.77838	35
1.77847	36
1.77858	37
1.77868	38
1.7788	39
1.77891	40
1.77904	41
1.77917	42
1.77929	43
1.77941	44
1.77954	45
1.77966	46
1.77978	47
1.77991	48
1.78003	34
1.78015	35
1.78026	36
1.78037	37
1.78049	38
1.78061	39
1.78074	40
1.78085	41
1.78096	42
1.78109	43
1.78122	43
1.78134	43
1.78145	44
1.78156	45
1.78168	46
1.7818	47
1.78193	48
1.78207	33
1.78218	34
1.78228	35
1.78238	36
1.7825	37
1.78262	38
1.78274	39
1.78286	40
1.78298	41
1.78309	42
1.7832	43
1.78332	44
1.78343	45
1.78356	46
1.78369	32
1.78381	33
1.78392	34
1.78403	35
1.78415	36
1.78427	37
1.78437	38
1.78448	39
1.78459	40
1.7847	41
1.78482	42
1.78494	43
1.78507	44
1.7852	45
1.78532	46
1.78545	47
1.78556	33
1.78568	34
1.78577	35
1.78587	36
1.78597	37
1.78608	38
1.78619	39
1.78631	40
1.78643	41
1.78655	42
1.78668	43
1.7868	43
1.78693	43
1.78705	44
1.78716	45
1.78726	46
1.78738	47
1.78749	48
1.78761	49
1.78774	34
1.78787	35
1.78799	36
1.78811	37
1.78823	38
1.78835	39
1.78847	40
1.7886	41
1.7887	42
1.78881	43
1.78892	44
1.78904	45
1.78917	46
1.78929	47
1.78942	32
1.78955	33
1.78966	34
1.78978	35
1.78989	36
1.79002	37
1.79013	38
1.79023	39
1.79034	40
1.79046	41
1.79058	42
1.79071	43
1.79083	44
1.79095	45
1.79107	46
1.7912	47
1.79133	32
1.79145	33
1.79154	34
1.79164	35
1.79174	36
1.79182	37
1.79193	38
1.79205	39
1.79217	40
1.7923	41
1.79255	42
1.79268	43
1.79281	44
1.79293	45
1.79304	46
1.79315	47
1.79326	48
1.79338	49
1.79351	34
1.79364	34
1.79376	35
1.79386	36
1.79397	37
1.79409	38
1.79421	39
1.79433	40
1.79446	41
1.79458	42
1.79469	43
1.79481	44
1.79493	45
1.79505	46
1.79517	47
1.7953	32
1.79542	33
1.79553	34
1.79565	35
1.79577	36
1.79589	37
1.79601	38
1.79608	39
1.79619	40
1.79631	41
1.79643	42
1.79655	43
1.79668	44
1.7968	45
1.79692	46
1.79705	47
1.79717	32
1.7973	33
1.79741	34
1.79751	35
1.79761	36
1.79771	37
1.79782	38
1.79793	39
1.79818	40
1.79829	41
1.79841	42
1.79853	43
1.79866	44
1.79879	45
1.79892	30
1.79904	31
1.79912	32
1.79923	33
1.79933	34
1.79945	35
1.79956	36
1.79967	37
1.79978	38
1.7999	39
1.80002	40
1.80014	41
1.80027	42
1.8004	43
1.80049	44
1.80061	45
1.80072	46
1.80084	47
1.80096	48
1.80108	32
1.8012	32
1.80131	33
1.80142	34
1.80153	35
1.80165	36
1.80178	37
1.8019	38
1.80201	39
1.80211	40
1.80222	41
1.80234	42
1.80246	43
1.80259	44
1.8027	45
1.80283	46
1.80295	47
1.80308	32
1.80321	33
1.80333	34
1.80343	35
1.80353	36
1.80374	37
1.80386	38
1.80398	39
1.8041	40
1.80421	41
1.80433	42
1.80445	43
1.80458	44
1.8047	45
1.80479	30
1.80491	31
1.80501	32
1.80511	33
1.80521	34
1.80532	35
1.80543	36
1.80555	37
1.80567	38
1.80579	39
1.8059	40
1.80603	41
1.80615	42
1.80629	43
1.80639	44
1.80651	45
1.80662	46
1.80674	47
1.80684	48
1.80697	33
1.8071	34
1.80721	35
1.80732	36
1.80744	37
1.80756	38
1.80768	39
1.80781	40
1.80792	41
1.80803	42
1.80814	43
1.80825	44
1.80836	45
1.80849	46
1.8086	47
1.80872	48
1.80885	49
1.80898	33
1.80911	34
1.80934	35
1.80944	36
1.80955	37
1.80966	38
1.80977	39
1.80989	40
1.81001	41
1.81013	42
1.81024	43
1.81037	44
1.81049	45
1.81063	46
1.81074	31
1.81085	32
1.81094	33
1.81104	34
1.81115	35
1.81126	36
1.81138	37
1.8115	38
1.81161	39
1.81173	40
1.81185	41
1.81197	42
1.8121	43
1.81222	44
1.81234	45
1.81245	46
1.81257	47
1.81269	48
1.81281	49
1.81291	33
1.81303	34
1.81314	35
1.81326	36
1.81338	37
1.8135	38
1.81362	39
1.81374	40
1.81386	41
1.81398	42
1.81409	43
1.81422	44
1.81433	45
1.81444	46
1.81456	47
1.81469	48
1.81482	43
1.81495	43
1.81507	44
1.81519	45
1.81532	46
1.81545	31
1.81558	32
1.81569	33
1.81579	34
1.81589	35
1.816	36
1.81611	37
1.81623	38
1.81636	39
1.81647	40
1.81659	41
1.81671	42
1.81683	43
1.81691	44
1.81703	45
1.81715	46
1.81726	47
1.81739	48
1.81751	49
1.81765	33
1.81778	34
1.8179	35
1.81801	36
1.81812	37
1.81824	38
1.81836	39
1.81849	40
1.8186	41
1.8187	42
1.81882	43
1.81893	44
1.81905	45
1.81917	46
1.8193	31
1.81944	32
1.81954	33
1.81966	34
1.81976	35
1.81988	36
1.81999	37
1.82011	38
1.82022	39
1.82034	40
1.82058	41
1.8207	42
1.82083	43
1.82096	44
1.82108	45
1.82121	46
1.82134	47
1.82146	31
1.82158	32
1.82166	33
1.82177	34
1.82189	35
1.82201	36
1.82213	37
1.82226	38
1.82238	39
1.82249	40
1.82261	41
1.82273	42
1.82285	43
1.82296	44
1.82305	45
1.82317	46
1.82329	47
1.82342	32
1.82356	33
1.82368	34
1.8238	35
1.82391	36
1.82402	37
1.82413	38
1.82424	39
1.82436	40
1.82448	41
1.82459	42
1.82471	43
1.82483	44
1.82496	45
1.82509	46
1.82523	31
1.82535	32
1.82543	33
1.82553	34
1.82564	35
1.82575	36
1.82586	37
1.82598	38
1.82621	39
1.82633	40
1.82646	41
1.82659	42
1.82672	43
1.82684	44
1.82695	45
1.82706	46
1.82718	47
1.82728	48
1.82741	33
1.82753	34
1.82764	35
1.82775	36
1.82786	37
1.82798	38
1.82811	39
1.82824	40
1.82836	41
1.82847	42
1.82859	43
1.82871	44
1.82883	45
1.82894	46
1.82905	47
1.82916	48
1.82929	49
1.82942	33
1.82956	34
1.82968	35
1.82981	36
1.82991	37
1.83001	38
1.83012	39
1.83024	40
1.83036	41
1.83047	42
1.83059	43
1.83071	44
1.83083	45
1.83096	46
1.8311	31
1.83122	32
1.83132	33
1.83143	34
1.83153	35
1.83165	36
1.83187	37
1.83198	38
1.83209	39
1.83221	40
1.83233	41
1.83246	42
1.83259	43
1.83272	44
1.83283	30
1.83294	31
1.83304	32
1.83315	33
1.83326	34
1.83334	35
1.83345	36
1.83356	37
1.83368	38
1.8338	39
1.83392	40
1.83405	41
1.83418	42
1.83429	43
1.83441	44
1.83453	45
1.83465	46
1.83477	47
1.83489	48
1.83501	49
1.83514	34
1.83527	35
1.83538	36
1.83551	37
1.83563	38
1.83575	39
1.83585	40
1.83596	41
1.83608	42
1.8362	43
1.83633	44
1.83644	45
1.83656	46
1.83669	47
1.83682	33
1.83695	34
1.83706	35
1.83717	36
1.83727	37
1.83748	38
1.83759	39
1.83771	40
1.83783	41
1.83794	42
1.83806	43
1.83819	44
1.83832	45
1.83845	32
1.83859	33
1.83869	34
1.83879	35
1.8389	36
1.839	37
1.83911	38
1.83922	39
1.83933	40
1.83944	41
1.83956	42
1.83969	43
1.83982	44
1.83995	45
1.84008	32
1.84019	33
1.84029	34
1.8404	35
1.84051	36
1.84063	37
1.84074	38
1.84085	39
1.84097	40
1.84109	41
1.84122	42
1.84133	43
1.84146	44
1.84158	45
1.8417	46
1.84182	33
1.84194	34
1.84205	35
1.84217	36
1.84229	37
1.84242	38
1.84253	39
1.84265	40
1.84278	41
1.84291	42
1.84313	43
1.84325	44
1.84336	45
1.84349	46
1.84362	47
1.84372	33
1.84385	34
1.84396	35
1.84407	36
1.84419	37
1.84431	38
1.84443	39
1.84454	40
1.84465	41
1.84477	42
1.84489	43
1.84501	44
1.84514	45
1.84527	46
1.84539	33
1.84552	33
1.84562	34
1.84573	35
1.84585	36
1.84597	37
1.84608	38
1.84618	39
1.8463	40
1.84642	41
1.84654	42
1.84667	43
1.84679	44
1.84691	45
1.84704	46
1.84717	47
1.8473	33
1.84742	34
1.84753	35
1.84763	36
1.84772	37
1.84783	38
1.84794	39
1.84807	40
1.84819	41
1.8483	42
1.84842	43
1.84855	44
1.84868	43
1.84881	43
1.84892	44
1.84904	45
1.84915	46
1.84928	47
1.8494	48
1.84952	33
1.84964	34
1.84975	35
1.84986	36
1.84997	37
1.85009	38
1.85022	39
1.85034	40
1.85046	41
1.85058	42
1.85071	43
1.85083	44
1.85095	45
1.85108	46
1.8512	47
1.85132	48
1.85145	49
1.85157	33
1.85171	34
1.85183	35
1.85193	36
1.85204	37
1.85216	38
1.85228	39
1.85239	40
1.85252	41
1.85263	42
1.85275	43
1.85287	44
1.85299	45
1.85312	46
1.85324	31
1.85337	32
1.85348	33
1.85357	34
1.85369	35
1.85381	36
1.85391	37
1.85403	38
1.85415	39
1.85427	40
1.8545	41
1.85462	42
1.85475	43
1.85488	44
1.855	45
1.85512	46
1.85523	47
1.85535	48
1.85548	49
1.85561	33
1.85573	33
1.85583	34
1.85594	35
1.85605	36
1.85617	37
1.85629	38
1.85641	39
1.85653	40
1.85664	41
1.85675	42
1.85687	43
1.85699	44
1.85711	45
1.85724	46
1.85735	31
1.85745	32
1.85756	33
1.85768	34
1.85779	35
1.85792	36
1.85805	37
1.85815	38
1.85826	39
1.85838	40
1.8585	41
1.85862	42
1.85874	43
1.85885	44
1.85898	45
1.8591	46
1.85923	47
1.85936	31
1.85947	32
1.85958	33
1.85968	34
1.85978	35
1.85989	36
1.86012	37
1.86024	38
1.86036	39
1.86047	40
1.86059	41
1.86071	42
1.86084	43
1.86095	44
1.86104	45
1.86115	46
1.86127	47
1.8614	48
1.86153	31
1.86166	32
1.86177	33
1.86188	34
1.86199	35
1.86211	36
1.86223	37
1.86236	38
1.86247	39
1.86258	40
1.86269	41
1.8628	42
1.86292	43
1.86302	44
1.86315	45
1.86327	46
1.86339	47
1.86352	48
1.86365	31
1.86379	32
1.86391	33
1.864	34
1.86411	35
1.86421	36
1.86433	37
1.86444	38
1.86457	39
1.86468	40
1.86479	41
1.86491	42
1.86504	43
1.86515	44
1.86525	45
1.86538	29
1.86549	29
1.86569	30
1.86579	31
1.8659	32
1.86601	33
1.86613	34
1.86624	35
1.86635	36
1.86647	37
1.86659	38
1.86671	39
1.86683	40
1.86695	41
1.86706	42
1.86717	43
1.86728	44
1.8674	45
1.86753	46
1.86765	47
1.86777	48
1.8679	49
1.86803	31
1.86817	32
1.86829	33
1.86838	34
1.86848	35
1.86859	36
1.86865	37
1.86876	38
1.86888	39
1.869	40
1.86912	41
1.86924	42
1.86936	43
1.86948	44
1.86961	45
1.86975	29
1.86987	29
1.86997	30
1.87006	31
1.87016	32
1.87027	33
1.87039	34
1.8705	35
1.87062	36
1.87074	37
1.87085	38
1.87097	39
1.87123	40
1.87133	41
1.87144	42
1.87154	43
1.87165	44
1.87177	45
1.87189	46
1.87202	47
1.87214	30
1.87226	30
1.87237	31
1.87248	32
1.87259	33
1.87271	34
1.87281	35
1.87291	36
1.87301	37
1.87312	38
1.87324	39
1.87336	40
1.87348	41
1.8736	42
1.87371	43
1.87384	44
1.87397	45
1.87409	46
1.87421	47
1.87432	48
1.87445	49
1.87457	50
1.8747	31
1.87483	32
1.87495	33
1.87506	34
1.87517	35
1.87528	36
1.8754	37
1.87552	38
1.87562	39
1.87574	40
1.87585	41
1.87596	42
1.87608	43
1.8762	44
1.87633	45
1.87645	46
1.87657	30
1.87678	30
1.87689	31
1.87701	32
1.87712	33
1.87725	34
1.87735	35
1.87745	36
1.87756	37
1.87767	38
1.87779	39
1.87792	40
1.87805	41
1.87817	42
1.87829	43
1.87842	44
1.87854	45
1.87866	46
1.87877	47
1.87889	48
1.87901	49
1.87914	32
1.87928	33
1.87939	34
1.87949	35
1.87959	36
1.87971	37
1.87982	38
1.87995	39
1.88001	40
1.88013	41
1.88025	42
1.88036	43
1.88047	44
1.88059	45
1.88071	46
1.88084	47
1.88097	31
1.8811	32
1.8812	33
1.88132	34
1.88144	35
1.88156	36
1.88167	37
1.88179	38
1.8819	39
1.88201	40
1.88213	41
1.88238	42
1.88249	43
1.88261	44
1.88273	45
1.88286	46
1.88299	31
1.88311	32
1.88321	33
1.88331	34
1.88341	35
1.88352	36
1.88363	37
1.88375	38
1.88387	39
1.88398	40
1.8841	41
1.88422	42
1.88434	43
1.88447	44
1.88455	45
1.88466	46
1.88477	47
1.88489	48
1.88502	49
1.88514	33
1.88528	33
1.88539	34
1.8855	35
1.88561	36
1.88573	37
1.88585	38
1.88597	39
1.88609	40
1.88619	41
1.8863	42
1.88641	43
1.88653	44
1.88664	45
1.88677	46
1.8869	31
1.88702	32
1.88713	33
1.88725	34
1.88737	35
1.88749	36
1.8876	37
1.88771	38
1.88793	39
1.88804	40
1.88816	41
1.88829	42
1.88841	43
1.88853	44
1.88865	45
1.88878	46
1.88891	31
1.88899	32
1.88908	33
1.88918	34
1.88928	35
1.88939	36
1.8895	37
1.88962	38
1.88974	39
1.88986	40
1.88997	41
1.8901	42
1.89022	43
1.89035	44
1.89047	45
1.89057	46
1.89069	47
1.89081	48
1.89093	49
1.89106	33
1.89119	33
1.89129	34
1.8914	35
1.89151	36
1.89163	37
1.89175	38
1.89188	39
1.892	40
1.89211	41
1.89223	42
1.89236	43
1.89249	44
1.89257	45
1.8927	30
1.89281	30
1.89291	31
1.89301	32
1.89312	33
1.89323	34
1.89348	35
1.89359	36
1.8937	37
1.89382	38
1.89395	39
1.89406	40
1.89418	41
1.89429	42
1.8944	43
1.89451	44
1.89463	45
1.89475	46
1.89487	31
1.895	32
1.8951	33
1.89521	34
1.89533	35
1.89545	36
1.89557	37
1.89568	38
1.8958	39
1.89591	40
1.89603	41
1.89611	42
1.89623	43
1.89636	44
1.89648	45
1.89661	46
1.89674	47
1.89687	31
1.89699	32
1.8971	33
1.8972	34
1.89731	35
1.89742	36
1.89753	37
1.89765	38
1.89777	39
1.89788	40
1.898	41
1.89812	42
1.89824	43
1.89836	44
1.89848	45
1.89859	46
1.8987	47
1.89882	48
1.89895	43
1.89908	43
1.8992	44
1.89932	45
1.89945	46
1.89957	47
1.89971	31
1.89983	32
1.89994	33
1.90004	34
1.90014	35
1.90025	36
1.90036	37
1.90047	38
1.90057	39
1.90069	40
1.90081	41
1.90093	42
1.90105	43
1.90118	44
1.9013	45
1.90142	46
1.90154	47
1.90166	48
1.90179	49
1.90192	32
1.90204	33
1.90215	34
1.90226	35
1.90237	36
1.90249	37
1.90262	38
1.90274	39
1.90285	40
1.90296	41
1.90307	42
1.90318	43
1.9033	44
1.9034	45
1.90354	46
1.90366	31
1.90379	31
1.9039	32
1.90401	33
1.90413	34
1.90424	35
1.90436	36
1.90448	37
1.9047	38
1.90482	39
1.90495	40
1.90504	41
1.90516	42
1.90528	43
1.90541	44
1.90555	45
1.90567	31
1.90578	31
1.90588	32
1.90599	33
1.9061	34
1.90621	35
1.90633	36
1.90645	37
1.90656	38
1.90668	39
1.9068	40
1.90692	41
1.90705	42
1.90716	43
1.90726	44
1.90738	45
1.9075	46
1.90763	47
1.90776	32
1.90789	32
1.908	33
1.90811	34
1.90823	35
1.90835	36
1.90847	37
1.90859	38
1.90869	39
1.9088	40
1.90892	41
1.90904	42
1.90916	43
1.90926	44
1.90938	45
1.90951	46
1.90963	47
1.90976	32
1.9099	33
1.91001	34
1.91012	35
1.91036	36
1.91047	37
1.91058	38
1.91069	39
1.91081	40
1.91092	41
1.91105	42
1.91118	43
1.91131	44
1.91144	29
1.91154	30
1.91164	31
1.91174	32
1.91184	33
1.91195	34
1.91207	35
1.91219	36
1.91231	37
1.91242	38
1.91254	39
1.91266	40
1.91279	41
1.91292	42
1.91303	43
1.91316	44
1.91328	45
1.9134	46
1.91353	47
1.91361	48
1.91375	32
1.91387	32
1.91398	33
1.9141	34
1.91422	35
1.91434	36
1.91447	37
1.91457	38
1.91467	39
1.91477	40
1.91487	41
1.91499	42
1.91512	43
1.91525	44
1.91538	45
1.91551	30
1.91563	30
1.91574	31
1.91597	32
1.91609	33
1.9162	34
1.91632	35
1.91643	36
1.91654	37
1.91666	38
1.91678	39
1.91689	40
1.91701	41
1.91713	42
1.91726	43
1.91739	44
1.91749	45
1.9176	46
1.91772	47
1.91784	48
1.91797	49
1.9181	32
1.91823	32
1.91834	33
1.91844	34
1.91855	35
1.91867	36
1.91877	37
1.91889	38
1.919	39
1.91912	40
1.91924	41
1.91935	42
1.91947	43
1.9196	44
1.91973	45
1.91985	46
1.91997	47
1.92011	31
1.92024	32
1.92035	33
1.92046	34
1.92057	35
1.92069	36
1.9208	37
1.92091	38
1.92103	39
1.92115	40
1.92128	41
1.9214	42
1.92164	43
1.92176	44
1.92187	45
1.92199	46
1.92211	47
1.92224	31
1.92237	32
1.92247	33
1.92259	34
1.9227	35
1.92282	36
1.92292	37
1.92303	38
1.92315	39
1.92327	40
1.92339	41
1.9235	42
1.92361	43
1.92372	44
1.92384	45
1.92397	46
1.9241	47
1.92423	31
1.92435	32
1.92446	33
1.92457	34
1.92468	35
1.9248	36
1.92492	37
1.92504	38
1.92515	39
1.92527	40
1.92538	41
1.9255	42
1.92563	43
1.92575	44
1.92586	45
1.92596	46
1.92609	47
1.92622	31
1.92636	31
1.92645	32
1.92655	33
1.92666	34
1.92676	35
1.92687	36
1.92698	37
1.92722	38
1.92733	39
1.92745	40
1.92757	41
1.9277	42
1.92783	43
1.92795	44
1.92807	45
1.92819	46
1.92831	47
1.92843	48
1.92856	31
1.92868	32
1.92878	33
1.92889	34
1.929	35
1.92912	36
1.92925	37
1.92937	38
1.92948	39
1.92959	40
1.9297	41
1.92979	42
1.92991	43
1.93003	44
1.93016	45
1.93028	46
1.9304	47
1.93052	48
1.93066	31
1.93079	32
1.93089	33
1.931	34
1.93111	35
1.93122	36
1.93133	37
1.93144	38
1.93156	39
1.93168	40
1.93179	41
1.93191	42
1.93203	43
1.93216	44
1.93229	45
1.93242	29
1.93253	30
1.93262	31
1.93283	32
1.93294	33
1.93305	34
1.93317	35
1.93328	36
1.93339	37
1.93351	38
1.93363	39
1.93376	40
1.93389	41
1.934	42
1.93411	43
1.93422	44
1.93431	45
1.93444	46
1.93457	47
1.93469	31
1.93481	32
1.93492	33
1.93503	34
1.93514	35
1.93526	36
1.93538	37
1.93548	38
1.93559	39
1.9357	40
1.93581	41
1.93593	42
1.93606	43
1.93618	44
1.9363	45
1.93642	46
1.93655	47
1.93668	32
1.93682	33
1.93692	34
1.93702	35
1.93712	36
1.93723	37
1.93734	38
1.93746	39
1.93758	40
1.93769	41
1.93781	42
1.93794	43
1.93807	44
1.9382	45
1.93831	43
1.93839	43
1.9385	44
1.93861	45
1.93873	46
1.93885	47
1.93898	48
1.93911	32
1.93923	33
1.93934	34
1.93945	35
1.93956	36
1.93969	37
1.93981	38
1.93994	39
1.94005	40
1.94016	41
1.94027	42
1.94039	43
1.94051	44
1.94062	45
1.94074	46
1.94087	47
1.941	32
1.94113	33
1.94124	34
1.94135	35
1.94145	36
1.94156	37
1.94167	38
1.94178	39
1.9419	40
1.94203	41
1.94214	42
1.94226	43
1.94238	44
1.94251	45
1.94264	46
1.94277	31
1.94288	32
1.94293	33
1.94303	34
1.94314	35
1.94325	36
1.94337	37
1.94349	38
1.9436	39
1.94372	40
1.94397	41
1.94409	42
1.94422	43
1.94433	44
1.94444	45
1.94456	46
1.94468	47
1.9448	48
1.94493	33
1.94506	34
1.94516	35
1.94527	36
1.94539	37
1.94551	38
1.94563	39
1.94576	40
1.94587	41
1.94598	42
1.9461	43
1.94622	44
1.94634	45
1.94647	46
1.94659	32
1.94667	33
1.94678	34
1.94689	35
1.94701	36
1.94713	37
1.94725	38
1.94736	39
1.94746	40
1.94757	41
1.94768	42
1.9478	43
1.94792	44
1.94805	45
1.94817	46
1.94829	47
1.94842	48
1.94855	33
1.94869	34
1.94879	35
1.94888	36
1.94898	37
1.94909	38
1.9492	39
1.94932	40
1.94957	41
1.94968	42
1.9498	43
1.94992	44
1.95005	45
1.95018	46
1.95028	32
1.95037	33
1.95046	34
1.95056	35
1.95067	36
1.95078	37
1.95089	38
1.95101	39
1.95114	40
1.95125	41
1.95137	42
1.95149	43
1.95162	44
1.95175	45
1.95186	32
1.95198	33
1.95208	34
1.95219	35
1.9523	36
1.95242	37
1.95254	38
1.95265	39
1.95277	40
1.95289	41
1.95302	42
1.95315	43
1.95327	44
1.95339	45
1.95351	46
1.95364	47
1.95378	33
1.95391	34
1.954	35
1.95405	36
1.95415	37
1.95426	38
1.95437	39
1.95449	40
1.95461	41
1.95474	42
1.95486	43
1.95498	43
1.95511	43
1.95524	44
1.95536	45
1.95547	46
1.95558	47
1.95571	48
1.95583	49
1.95596	35
1.95609	35
1.95619	36
1.9563	37
1.95642	38
1.95653	39
1.95666	40
1.95678	41
1.9569	42
1.95702	43
1.95713	44
1.95725	45
1.95737	46
1.9575	47
1.95763	34
1.95775	35
1.95785	36
1.95796	37
1.95807	38
1.95816	39
1.95828	40
1.9584	41
1.95852	42
1.95865	43
1.95876	44
1.95888	45
1.95901	46
1.95914	47
1.95925	35
1.95938	35
1.95949	36
1.9596	37
1.95972	38
1.95984	39
1.95995	40
1.96007	41
1.96019	42
1.96032	43
1.96043	44
1.96056	45
1.96068	43
1.96081	43
1.96093	44
1.96106	45
1.96118	46
1.9613	47
1.96142	48
1.96155	49
1.96168	35
1.9618	36
1.96191	37
1.96202	38
1.96214	39
1.96225	40
1.96238	41
1.96249	42
1.9626	43
1.96269	44
1.96281	45
1.96293	46
1.96305	47
1.96318	48
1.96331	34
1.96344	35
1.96355	36
1.96367	37
1.96378	38
1.96391	39
1.96402	40
1.96414	41
1.96426	42
1.96438	43
1.9645	44
1.96462	45
1.96475	46
1.96488	33
1.965	34
1.96512	35
1.96522	36
1.96532	37
1.96543	38
1.96554	39
1.96565	40
1.96577	41
1.96588	42
1.966	43
1.96612	44
1.96625	45
1.96639	43
1.96652	43
1.96663	44
1.96674	45
1.96686	46
1.96697	47
1.9671	48
1.96722	35
1.96733	36
1.96743	37
1.96754	38
1.96766	39
1.96779	40
1.96791	41
1.96804	42
1.96816	43
1.96828	44
1.96841	45
1.96854	46
1.96865	34
1.96877	35
1.96887	36
1.96898	37
1.96909	38
1.96921	39
1.96933	40
1.96946	41
1.96959	42
1.96971	43
1.96983	44
1.96994	45
1.97005	46
1.97016	47
1.9703	35
1.97042	36
1.97053	37
1.97064	38
1.97076	39
1.97089	40
1.971	41
1.97111	42
1.97123	43
1.97134	44
1.97145	45
1.97157	46
1.97169	47
1.97182	48
1.97195	35
1.97219	36
1.9723	37
1.97242	38
1.97254	39
1.97265	40
1.97277	41
1.97288	42
1.973	43
1.97311	44
1.97324	45
1.97337	46
1.9735	34
1.97362	35
1.97373	36
1.97384	37
1.97396	38
1.97408	39
1.97419	40
1.9743	41
1.97442	42
1.97453	43
1.97465	44
1.97477	45
1.9749	46
1.97503	35
1.97516	35
1.97528	36
1.97539	37
1.97551	38
1.97563	39
1.97574	40
1.97586	41
1.97596	42
1.97608	43
1.97618	44
1.9763	45
1.97643	46
1.97656	34
1.97669	35
1.9768	36
1.9769	37
1.97701	38
1.97712	39
1.97724	40
1.97736	41
1.97747	42
1.97759	43
1.97771	43
1.97784	43
1.97796	44
1.97809	45
1.97822	33
1.97833	34
1.97844	35
1.97854	36
1.97865	37
1.97876	38
1.97888	39
1.979	40
1.97912	41
1.97924	42
1.97937	43
1.97949	44
1.97962	45
1.97973	46
1.97985	47
1.97997	48
1.9801	49
1.98023	35
1.98036	36
1.98046	37
1.98056	38
1.98065	39
1.98076	40
1.98089	41
1.98101	42
1.98115	43
1.98126	44
1.98137	45
1.98149	46
1.98162	47
1.98175	48
1.98187	34
1.98199	35
1.9821	36
1.98222	37
1.98234	38
1.98247	39
1.98258	40
1.98268	41
1.9828	42
1.98293	43
1.98306	44
1.98319	45
1.98332	32
1.98353	32
1.98363	33
1.98374	34
1.98385	35
1.98396	36
1.98408	37
1.9842	38
1.98432	39
1.98444	40
1.98457	41
1.98469	42
1.98481	43
1.98492	44
1.98503	45
1.98513	46
1.98525	47
1.98538	34
1.98551	35
1.98562	36
1.98572	37
1.98584	38
1.98596	39
1.98608	40
1.98621	41
1.98634	42
1.98645	43
1.98656	44
1.98667	45
1.98678	46
1.9869	47
1.98703	34
1.98715	35
1.98726	36
1.98738	37
1.9875	38
1.98762	39
1.98775	40
1.98787	41
1.98797	42
1.98809	43
1.9882	44
1.98833	45
1.98845	46
1.98857	47
1.98869	48
1.98882	49
1.98895	35
1.9892	36
1.98932	37
1.98944	38
1.98951	39
1.98962	40
1.98973	41
1.98985	42
1.98997	43
1.9901	44
1.99023	45
1.99035	46
1.99047	47
1.9906	34
1.99074	35
1.99085	36
1.99094	37
1.99104	38
1.99115	39
1.99126	40
1.99138	41
1.99151	42
1.99162	43
1.99174	44
1.99186	45
1.99199	46
1.99212	34
1.99224	34
1.99235	35
1.99247	36
1.99258	37
1.99271	38
1.99282	39
1.99294	40
1.99306	41
1.99318	42
1.9933	43
1.99342	44
1.99355	45
1.99367	46
1.99379	47
1.99392	48
1.99401	35
1.99413	36
1.99424	37
1.99435	38
1.99447	39
1.99459	40
1.9948	41
1.99492	42
1.99504	43
1.99517	44
1.9953	45
1.99542	46
1.99555	47
1.99567	48
1.99579	49
1.99592	36
1.99605	37
1.99616	38
1.99627	39
1.99639	40
1.99651	41
1.99663	42
1.99677	43
1.99689	44
1.997	45
1.99712	46
1.99724	47
1.99737	48
1.99749	35
1.99762	35
1.99772	36
1.99784	37
1.99795	38
1.99808	39
1.9982	40
1.99829	41
1.99842	42
1.99853	43
1.99864	44
1.99876	45
1.99888	46
1.999	47
1.99912	34
1.99926	35
1.99937	36
1.99948	37
1.99959	38
1.99971	39
1.99983	40
1.99995	41
