4.024e-05	10
8.6205e-05	11
8.9811e-05	12
9.3417e-05	13
9.7023e-05	14
0.000100629	15
0.000104235	16
0.000107841	17
0.000111447	18
0.000115053	19
0.000118659	20
0.000129879	21
0.000133485	22
0.000137091	23
0.000140697	24
0.000144303	25
0.000147909	26
0.000151515	27
0.000155121	28
0.000158727	29
0.000162333	30
0.000165939	31
0.000169545	32
0.000173151	33
0.000176757	34
0.000180363	35
0.000183969	36
0.000187575	37
0.000191181	30
0.000319795	15
0.000426773	16
0.000482065	17
0.000540963	18
0.000599861	19
0.000662365	20
0.000728475	21
0.000798191	22
0.000871513	23
0.000948441	24
0.00102897	25
0.00111312	26
0.00120086	27
0.00129221	28
0.00138717	29
0.00148093	15
0.00156266	15
0.00161435	16
0.00167084	17
0.00173094	18
0.00179465	19
0.00186196	20
0.00192567	21
0.00200019	22
0.00207111	23
0.00215285	24
0.00223098	25
0.00231992	26
0.00240527	27
0.00250142	28
0.00257835	29
0.00268052	15
0.00276346	15
0.00281515	16
0.00287164	17
0.00293294	18
0.00299785	19
0.00306637	20
0.00313728	21
0.00321181	22
0.00328994	23
0.00337047	24
0.00344259	25
0.00353154	26
0.00362409	27
0.00371905	28
0.00377915	29
0.00388132	15
0.00396306	15
0.00401594	16
0.00407244	17
0.00413254	18
0.00419625	19
0.00426356	20
0.00433568	21
0.0044114	22
0.00449074	23
0.00457367	24
0.00466022	25
0.00475037	26
0.00484412	27
0.00493908	28
0.00497754	29
0.00508092	15
0.00516265	15
0.00521554	16
0.00527083	17
0.00533093	18
0.00539464	19
0.00546195	20
0.00553287	21
0.00560619	22
0.00568552	23
0.00576846	24
0.005855	25
0.00594515	26
0.00603891	27
0.00613627	28
0.00617474	29
0.00627691	14
0.00635864	15
0.00641153	16
0.00646802	17
0.00652813	18
0.00659183	19
0.00665794	20
0.00672886	21
0.00680218	22
0.00688031	23
0.00696205	24
0.00704739	25
0.00713513	26
0.00722769	27
0.00732385	28
0.00736472	29
0.00746809	14
0.00755584	15
0.00760872	16
0.00766522	17
0.00772532	18
0.00778902	19
0.00785634	20
0.00792725	21
0.00800178	22
0.00807991	23
0.00816164	24
0.00824699	25
0.00833593	26
0.00842849	27
0.00851022	28
0.0085571	29
0.00866047	14
0.00875784	15
0.00881072	16
0.00886722	17
0.00892732	18
0.00899102	19
0.00905834	20
0.00912925	21
0.00920378	22
0.00928191	23
0.00936364	24
0.00944899	25
0.00953793	26
0.00963049	27
0.00971222	28
0.0097591	29
0.00986247	14
0.00995984	15
0.0100127	16
0.0100692	17
0.0101293	18
0.010193	19
0.0102603	20
0.0103313	21
0.0104058	22
0.0104839	23
0.0105656	24
0.010651	25
0.0107399	26
0.0108325	27
0.0109142	28
0.0109611	29
0.0110645	14
0.0111618	15
0.0112147	16
0.0112712	17
0.0113313	18
0.011395	19
0.0114623	20
0.0115333	21
0.0116078	22
0.0116859	23
0.0117676	24
0.011853	25
0.0119419	26
0.0120345	27
0.0121162	28
0.0121631	29
0.0122665	14
0.0123638	15
0.0124179	16
0.0124756	17
0.0125369	18
0.0126018	19
0.0126703	20
0.0127425	21
0.0128182	22
0.0128975	23
0.0129805	24
0.013067	25
0.0131572	26
0.0132509	27
0.0133338	28
0.0133807	29
0.0134841	14
0.0135694	15
0.0136247	16
0.0136836	17
0.0137461	18
0.0138122	19
0.013882	20
0.0139553	21
0.0140322	22
0.0141127	23
0.0141969	24
0.0142846	25
0.014376	26
0.0144709	27
0.0145551	28
0.014602	29
0.0147029	14
0.014775	15
0.0148315	16
0.0148916	17
0.0149553	18
0.0150227	19
0.0150936	20
0.0151681	21
0.0152462	22
0.015328	23
0.0154133	24
0.0155023	25
0.0155948	26
0.015691	27
0.0157763	28
0.0158244	29
0.0159242	14
0.0159963	15
0.0160528	16
0.0161129	17
0.0161766	18
0.0162439	19
0.0163148	20
0.0163893	21
0.0164675	22
0.0165492	23
0.0166345	24
0.0167235	25
0.016816	26
0.0169122	27
0.0169975	28
0.0170456	29
0.0171454	14
0.0172175	15
0.017274	16
0.0173341	17
0.0173978	18
0.0174651	19
0.017536	20
0.0176106	21
0.0176887	22
0.0177704	23
0.0178558	24
0.0179447	25
0.0180373	26
0.0181334	27
0.0182188	28
0.0182669	29
0.0183666	14
0.0184387	15
0.0184952	16
0.0185553	17
0.018619	18
0.0186864	19
0.0187573	20
0.0188318	21
0.0189099	22
0.0189917	23
0.019077	24
0.019166	25
0.0192585	26
0.0193547	27
0.01944	28
0.0194881	29
0.0195879	14
0.01966	15
0.0197165	16
0.0197766	17
0.0198403	18
0.0199076	19
0.0199785	20
0.020053	21
0.0201312	22
0.0202129	23
0.0202982	24
0.0203872	25
0.0204797	26
0.0205759	27
0.0206612	28
0.0207093	29
0.0208091	14
0.0208812	15
0.0209377	16
0.0209978	17
0.0210615	18
0.0211288	19
0.0211997	20
0.0212743	21
0.0213524	22
0.0214341	23
0.0215195	24
0.0216084	25
0.021701	26
0.0217971	27
0.0218825	28
0.0219306	29
0.0220303	14
0.0221024	15
0.0221589	16
0.022219	17
0.0222827	18
0.0223501	19
0.022421	20
0.0224955	21
0.0225736	22
0.0226554	23
0.0227407	24
0.0228296	25
0.0229222	26
0.0230184	27
0.0231037	28
0.0231518	29
0.0232516	14
0.0233237	15
0.0233802	16
0.0234403	17
0.023504	18
0.0235713	19
0.0236422	20
0.0237167	21
0.0237949	22
0.0238766	23
0.0239619	24
0.0240509	25
0.0241434	26
0.0242396	27
0.0243249	28
0.024373	29
0.0244728	14
0.0245449	15
0.0246014	16
0.0246615	17
0.0247252	18
0.0247925	19
0.0248634	20
0.024938	21
0.0250161	22
0.0250978	23
0.0251832	24
0.0252721	25
0.0253647	26
0.0254608	27
0.0255462	28
0.0255942	29
0.025694	14
0.0257661	15
0.0258226	16
0.0258827	17
0.0259464	18
0.0260137	19
0.0260847	20
0.0261592	21
0.0262373	22
0.0263191	23
0.0264044	24
0.0264933	25
0.0265859	26
0.0266821	27
0.0267674	28
0.0268155	29
0.0269152	14
0.0269874	15
0.0270439	16
0.027104	17
0.0271677	18
0.027235	19
0.0273059	20
0.0273804	21
0.0274586	22
0.0275403	23
0.0276256	24
0.0277146	25
0.0278071	26
0.0279033	27
0.0279886	28
0.0280367	29
0.0281365	14
0.0282086	15
0.0282651	16
0.0283252	17
0.0283889	18
0.0284562	19
0.0285271	20
0.0286017	21
0.0286798	22
0.0287615	23
0.0288469	24
0.0289358	25
0.0290284	26
0.0291245	27
0.0292099	28
0.0292579	29
0.0293577	14
0.0294298	15
0.0294863	16
0.0295464	17
0.0296101	18
0.0296774	19
0.0297484	20
0.0298229	21
0.029901	22
0.0299828	23
0.0300681	24
0.030157	25
0.0302496	26
0.0303458	27
0.0304311	28
0.0304792	29
0.0305789	14
0.0306511	15
0.0307076	16
0.0307677	17
0.0308314	18
0.0308987	19
0.0309696	20
0.0310441	21
0.0311222	22
0.031204	23
0.0312893	24
0.0313783	25
0.0314708	26
0.031567	27
0.0316523	28
0.0317004	29
0.0318002	14
0.0318723	15
0.0319288	16
0.0319889	17
0.0320526	18
0.0321199	19
0.0321908	20
0.0322653	21
0.0323435	22
0.0324252	23
0.0325106	24
0.0325995	25
0.0326921	26
0.0327882	27
0.0328736	28
0.0329216	29
0.0330214	14
0.0330935	15
0.03315	16
0.0332101	17
0.0332738	18
0.0333411	19
0.0334121	20
0.0334866	21
0.0335647	22
0.0336464	23
0.0337318	24
0.0338207	25
0.0339133	26
0.0340095	27
0.0340948	28
0.0341429	29
0.0342426	14
0.0343148	15
0.0343713	16
0.0344314	17
0.0344951	18
0.0345624	19
0.0346333	20
0.0347078	21
0.0347859	22
0.0348677	23
0.034953	24
0.035042	25
0.0351345	26
0.0352307	27
0.035316	28
0.0353641	29
0.0354639	14
0.035536	15
0.0355925	16
0.0356526	17
0.0357163	18
0.0357836	19
0.0358545	20
0.035929	21
0.0360072	22
0.0360889	23
0.0361743	24
0.0362632	25
0.0363558	26
0.0364519	27
0.0365373	28
0.0365853	29
0.0366851	14
0.0367572	15
0.0368137	16
0.0368738	17
0.0369375	18
0.0370048	19
0.0370758	20
0.0371503	21
0.0372284	22
0.0373101	23
0.0373955	24
0.0374844	25
0.037577	26
0.0376731	27
0.0377585	28
0.0378066	29
0.0379063	14
0.0379785	15
0.0380349	16
0.038095	17
0.0381588	18
0.0382261	19
0.038297	20
0.0383715	21
0.0384496	22
0.0385314	23
0.0386167	24
0.0387057	25
0.0387982	26
0.0388944	27
0.0389797	28
0.0390278	29
0.0391276	14
0.0391997	15
0.0392562	16
0.0393163	17
0.03938	18
0.0394473	19
0.0395182	20
0.0395927	21
0.0396709	22
0.0397526	23
0.0398379	24
0.0399269	25
0.0400195	26
0.0401156	27
0.040201	28
0.040249	29
0.0403488	14
0.0404209	15
0.0404774	16
0.0405375	17
0.0406012	18
0.0406685	19
0.0407394	20
0.040814	21
0.0408921	22
0.0409738	23
0.0410592	24
0.0411481	25
0.0412407	26
0.0413368	27
0.0414222	28
0.0414703	29
0.04157	14
0.0416422	15
0.0416986	16
0.0417587	17
0.0418225	18
0.0418898	19
0.0419607	20
0.0420352	21
0.0421133	22
0.0421951	23
0.0422804	24
0.0423694	25
0.0424619	26
0.0425581	27
0.0426434	28
0.0426915	29
0.0427913	14
0.0428634	15
0.0429199	16
0.04298	17
0.0430437	18
0.043111	19
0.0431819	20
0.0432564	21
0.0433346	22
0.0434163	23
0.0435016	24
0.0435906	25
0.0436831	26
0.0437793	27
0.0438646	28
0.0439127	29
0.0440125	14
0.0440846	15
0.0441411	16
0.0442012	17
0.0442649	18
0.0443322	19
0.0444031	20
0.0444777	21
0.0445558	22
0.0446375	23
0.0447229	24
0.0448118	25
0.0449044	26
0.0450005	27
0.0450859	28
0.045134	29
0.0452337	14
0.0453058	15
0.0453623	16
0.0454224	17
0.0454861	18
0.0455535	19
0.0456244	20
0.0456989	21
0.045777	22
0.0458588	23
0.0459441	24
0.0460331	25
0.0461256	26
0.0462218	27
0.0463071	28
0.0463552	29
0.046455	14
0.0465271	15
0.0465836	16
0.0466437	17
0.0467074	18
0.0467747	19
0.0468456	20
0.0469201	21
0.0469983	22
0.04708	23
0.0471653	24
0.0472543	25
0.0473468	26
0.047443	27
0.0475283	28
0.0475764	29
0.0476762	14
0.0477483	15
0.0478048	16
0.0478649	17
0.0479286	18
0.0479959	19
0.0480668	20
0.0481414	21
0.0482195	22
0.0483012	23
0.0483866	24
0.0484755	25
0.0485681	26
0.0486642	27
0.0487496	28
0.0487977	29
0.0488974	14
0.0489695	15
0.049026	16
0.0490861	17
0.0491498	18
0.0492172	19
0.0492881	20
0.0493626	21
0.0494407	22
0.0495225	23
0.0496078	24
0.0496968	25
0.0497893	26
0.0498855	27
0.0499708	28
0.0500189	29
0.0501187	14
0.0501908	15
0.0502473	16
0.0503074	17
0.0503711	18
0.0504384	19
0.0505093	20
0.0505838	21
0.050662	22
0.0507437	23
0.050829	24
0.050918	25
0.0510105	26
0.0511067	27
0.051192	28
0.0512401	29
0.0513399	14
0.051412	15
0.0514685	16
0.0515286	17
0.0515923	18
0.0516596	19
0.0517305	20
0.0518051	21
0.0518832	22
0.0519649	23
0.0520503	24
0.0521392	25
0.0522318	26
0.0523279	27
0.0524133	28
0.0524614	29
0.0525611	14
0.0526332	15
0.0526897	16
0.0527498	17
0.0528135	18
0.0528809	19
0.0529518	20
0.0530263	21
0.0531044	22
0.0531862	23
0.0532715	24
0.0533604	25
0.053453	26
0.0535492	27
0.0536345	28
0.0536826	29
0.0537824	14
0.0538545	15
0.053911	16
0.0539711	17
0.0540348	18
0.0541021	19
0.054173	20
0.0542475	21
0.0543257	22
0.0544074	23
0.0544927	24
0.0545817	25
0.0546742	26
0.0547704	27
0.0548557	28
0.0549038	29
0.0550036	14
0.0550757	15
0.0551322	16
0.0551923	17
0.055256	18
0.0553233	19
0.0553942	20
0.0554688	21
0.0555469	22
0.0556286	23
0.055714	24
0.0558029	25
0.0558955	26
0.0559916	27
0.056077	28
0.056125	29
0.0562248	14
0.0562969	15
0.0563534	16
0.0564135	17
0.0564772	18
0.0565445	19
0.0566155	20
0.05669	21
0.0567681	22
0.0568499	23
0.0569352	24
0.0570241	25
0.0571167	26
0.0572129	27
0.0572982	28
0.0573463	29
0.057446	14
0.0575182	15
0.0575747	16
0.0576348	17
0.0576985	18
0.0577658	19
0.0578367	20
0.0579112	21
0.0579894	22
0.0580711	23
0.0581564	24
0.0582454	25
0.0583379	26
0.0584341	27
0.0585194	28
0.0585675	29
0.0586673	14
0.0587394	15
0.0587959	16
0.058856	17
0.0589197	18
0.058987	19
0.0590579	20
0.0591325	21
0.0592106	22
0.0592923	23
0.0593777	24
0.0594666	25
0.0595592	26
0.0596553	27
0.0597407	28
0.0597887	29
0.0598885	14
0.0599606	15
0.0600171	16
0.0600772	17
0.0601409	18
0.0602082	19
0.0602792	20
0.0603537	21
0.0604318	22
0.0605136	23
0.0605989	24
0.0606878	25
0.0607804	26
0.0608766	27
0.0609619	28
0.06101	29
0.0611097	14
0.0611819	15
0.0612384	16
0.0612985	17
0.0613622	18
0.0614295	19
0.0615004	20
0.0615749	21
0.061653	22
0.0617348	23
0.0618201	24
0.0619091	25
0.0620016	26
0.0620978	27
0.0621831	28
0.0622312	29
0.062331	14
0.0624031	15
0.0624596	16
0.0625197	17
0.0625834	18
0.0626507	19
0.0627216	20
0.0627961	21
0.0628743	22
0.062956	23
0.0630414	24
0.0631303	25
0.0632229	26
0.063319	27
0.0634044	28
0.0634524	29
0.0635522	14
0.0636243	15
0.0636808	16
0.0637409	17
0.0638046	18
0.0638719	19
0.0639429	20
0.0640174	21
0.0640955	22
0.0641772	23
0.0642626	24
0.0643515	25
0.0644441	26
0.0645403	27
0.0646256	28
0.0646737	29
0.0647734	14
0.0648456	15
0.0649021	16
0.0649622	17
0.0650259	18
0.0650932	19
0.0651641	20
0.0652386	21
0.0653167	22
0.0653985	23
0.0654838	24
0.0655728	25
0.0656653	26
0.0657615	27
0.0658468	28
0.0658949	29
0.0659947	14
0.0660668	15
0.0661233	16
0.0661834	17
0.0662471	18
0.0663144	19
0.0663853	20
0.0664598	21
0.066538	22
0.0666197	23
0.0667051	24
0.066794	25
0.0668866	26
0.0669827	27
0.0670681	28
0.0671161	29
0.0672159	14
0.067288	15
0.0673445	16
0.0674046	17
0.0674683	18
0.0675356	19
0.0676066	20
0.0676811	21
0.0677592	22
0.0678409	23
0.0679263	24
0.0680152	25
0.0681078	26
0.0682039	27
0.0682893	28
0.0683374	29
0.0684371	14
0.0685093	15
0.0685657	16
0.0686258	17
0.0686896	18
0.0687569	19
0.0688278	20
0.0689023	21
0.0689804	22
0.0690622	23
0.0691475	24
0.0692365	25
0.069329	26
0.0694252	27
0.0695105	28
0.0695586	29
0.0696584	14
0.0697305	15
0.069787	16
0.0698471	17
0.0699108	18
0.0699781	19
0.070049	20
0.0701235	21
0.0702017	22
0.0702834	23
0.0703687	24
0.0704577	25
0.0705503	26
0.0706464	27
0.0707318	28
0.0707798	29
0.0708796	14
0.0709517	15
0.0710082	16
0.0710683	17
0.071132	18
0.0711993	19
0.0712702	20
0.0713448	21
0.0714229	22
0.0715046	23
0.07159	24
0.0716789	25
0.0717715	26
0.0718676	27
0.071953	28
0.0720011	29
0.0721008	14
0.072173	15
0.0722294	16
0.0722895	17
0.0723533	18
0.0724206	19
0.0724915	20
0.072566	21
0.0726441	22
0.0727259	23
0.0728112	24
0.0729002	25
0.0729927	26
0.0730889	27
0.0731742	28
0.0732223	29
0.0733221	14
0.0733942	15
0.0734507	16
0.0735108	17
0.0735745	18
0.0736418	19
0.0737127	20
0.0737872	21
0.0738654	22
0.0739471	23
0.0740324	24
0.0741214	25
0.0742139	26
0.0743101	27
0.0743954	28
0.0744435	29
0.0745433	14
0.0746154	15
0.0746719	16
0.074732	17
0.0747957	18
0.074863	19
0.0749339	20
0.0750085	21
0.0750866	22
0.0751683	23
0.0752537	24
0.0753426	25
0.0754352	26
0.0755313	27
0.0756167	28
0.0756648	29
0.0757645	14
0.0758366	15
0.0758931	16
0.0759532	17
0.0760169	18
0.0760843	19
0.0761552	20
0.0762297	21
0.0763078	22
0.0763896	23
0.0764749	24
0.0765639	25
0.0766564	26
0.0767526	27
0.0768379	28
0.076886	29
0.0769858	14
0.0770579	15
0.0771144	16
0.0771745	17
0.0772382	18
0.0773055	19
0.0773764	20
0.0774509	21
0.0775291	22
0.0776108	23
0.0776961	24
0.0777851	25
0.0778776	26
0.0779738	27
0.0780591	28
0.0781072	29
0.078207	14
0.0782791	15
0.0783356	16
0.0783957	17
0.0784594	18
0.0785267	19
0.0785976	20
0.0786722	21
0.0787503	22
0.078832	23
0.0789174	24
0.0790063	25
0.0790989	26
0.079195	27
0.0792804	28
0.0793285	29
0.0794282	14
0.0795003	15
0.0795568	16
0.0796169	17
0.0796806	18
0.079748	19
0.0798189	20
0.0798934	21
0.0799715	22
0.0800533	23
0.0801386	24
0.0802276	25
0.0803201	26
0.0804163	27
0.0805016	28
0.0805497	29
0.0806495	14
0.0807216	15
0.0807781	16
0.0808382	17
0.0809019	18
0.0809692	19
0.0810401	20
0.0811146	21
0.0811928	22
0.0812745	23
0.0813598	24
0.0814488	25
0.0815413	26
0.0816375	27
0.0817228	28
0.0817709	29
0.0818707	14
0.0819428	15
0.0819993	16
0.0820594	17
0.0821231	18
0.0821904	19
0.0822613	20
0.0823359	21
0.082414	22
0.0824957	23
0.0825811	24
0.08267	25
0.0827626	26
0.0828587	27
0.0829441	28
0.0829922	29
0.0830919	14
0.083164	15
0.0832205	16
0.0832806	17
0.0833443	18
0.0834117	19
0.0834826	20
0.0835571	21
0.0836352	22
0.083717	23
0.0838023	24
0.0838912	25
0.0839838	26
0.08408	27
0.0841653	28
0.0842134	29
0.0843132	14
0.0843853	15
0.0844418	16
0.0845019	17
0.0845656	18
0.0846329	19
0.0847038	20
0.0847783	21
0.0848565	22
0.0849382	23
0.0850235	24
0.0851125	25
0.085205	26
0.0853012	27
0.0853865	28
0.0854346	29
0.0855344	14
0.0856065	15
0.085663	16
0.0857231	17
0.0857868	18
0.0858541	19
0.085925	20
0.0859996	21
0.0860777	22
0.0861594	23
0.0862448	24
0.0863337	25
0.0864263	26
0.0865224	27
0.0866078	28
0.0866558	29
0.0867556	14
0.0868277	15
0.0868842	16
0.0869443	17
0.087008	18
0.0870753	19
0.0871463	20
0.0872208	21
0.0872989	22
0.0873807	23
0.087466	24
0.0875549	25
0.0876475	26
0.0877437	27
0.087829	28
0.0878771	29
0.0879768	14
0.088049	15
0.0881055	16
0.0881656	17
0.0882293	18
0.0882966	19
0.0883675	20
0.088442	21
0.0885202	22
0.0886019	23
0.0886872	24
0.0887762	25
0.0888687	26
0.0889649	27
0.0890502	28
0.0890983	29
0.0891981	14
0.0892702	15
0.0893267	16
0.0893868	17
0.0894505	18
0.0895178	19
0.0895887	20
0.0896633	21
0.0897414	22
0.0898231	23
0.0899085	24
0.0899974	25
0.09009	26
0.0901861	27
0.0902715	28
0.0903195	29
0.0904193	14
0.0904914	15
0.0905479	16
0.090608	17
0.0906717	18
0.090739	19
0.09081	20
0.0908845	21
0.0909626	22
0.0910444	23
0.0911297	24
0.0912186	25
0.0913112	26
0.0914074	27
0.0914927	28
0.0915408	29
0.0916405	14
0.0917127	15
0.0917692	16
0.0918293	17
0.091893	18
0.0919603	19
0.0920312	20
0.0921057	21
0.0921838	22
0.0922656	23
0.0923509	24
0.0924399	25
0.0925324	26
0.0926286	27
0.0927139	28
0.092762	29
0.0928618	14
0.0929339	15
0.0929904	16
0.0930505	17
0.0931142	18
0.0931815	19
0.0932524	20
0.0933269	21
0.0934051	22
0.0934868	23
0.0935722	24
0.0936611	25
0.0937537	26
0.0938498	27
0.0939352	28
0.0939832	29
0.094083	14
0.0941551	15
0.0942116	16
0.0942717	17
0.0943354	18
0.0944027	19
0.0944737	20
0.0945482	21
0.0946263	22
0.094708	23
0.0947934	24
0.0948823	25
0.0949749	26
0.0950711	27
0.0951564	28
0.0952045	29
0.0953042	14
0.0953764	15
0.0954329	16
0.095493	17
0.0955567	18
0.095624	19
0.0956949	20
0.0957694	21
0.0958475	22
0.0959293	23
0.0960146	24
0.0961036	25
0.0961961	26
0.0962923	27
0.0963776	28
0.0964257	29
0.0965255	14
0.0965976	15
0.0966541	16
0.0967142	17
0.0967779	18
0.0968452	19
0.0969161	20
0.0969906	21
0.0970688	22
0.0971505	23
0.0972359	24
0.0973248	25
0.0974174	26
0.0975135	27
0.0975989	28
0.0976469	29
0.0977467	14
0.0978188	15
0.0978753	16
0.0979354	17
0.0979991	18
0.0980664	19
0.0981374	20
0.0982119	21
0.09829	22
0.0983717	23
0.0984571	24
0.098546	25
0.0986386	26
0.0987347	27
0.0988201	28
0.0988682	29
0.0989679	14
0.0990401	15
0.0990965	16
0.0991566	17
0.0992204	18
0.0992877	19
0.0993586	20
0.0994331	21
0.0995112	22
0.099593	23
0.0996783	24
0.0997673	25
0.0998598	26
0.099956	27
0.100041	28
0.100089	29
0.100189	14
0.100261	15
0.100318	16
0.100378	17
0.100442	18
0.100509	19
0.10058	20
0.100654	21
0.100732	22
0.100814	23
0.1009	24
0.100988	25
0.101081	26
0.101177	27
0.101263	28
0.101311	29
0.10141	14
0.101483	15
0.101539	16
0.101599	17
0.101663	18
0.10173	19
0.101801	20
0.101876	21
0.101954	22
0.102035	23
0.102121	24
0.10221	25
0.102302	26
0.102398	27
0.102484	28
0.102532	29
0.102632	14
0.102704	15
0.10276	16
0.10282	17
0.102884	18
0.102951	19
0.103022	20
0.103097	21
0.103175	22
0.103257	23
0.103342	24
0.103431	25
0.103524	26
0.10362	27
0.103705	28
0.103753	29
0.103853	14
0.103925	15
0.103981	16
0.104042	17
0.104105	18
0.104173	19
0.104244	20
0.104318	21
0.104396	22
0.104478	23
0.104563	24
0.104652	25
0.104745	26
0.104841	27
0.104926	28
0.104974	29
0.105074	14
0.105146	15
0.105203	16
0.105263	17
0.105327	18
0.105394	19
0.105465	20
0.105539	21
0.105617	22
0.105699	23
0.105784	24
0.105873	25
0.105966	26
0.106062	27
0.106147	28
0.106196	29
0.106295	14
0.106367	15
0.106424	16
0.106484	17
0.106548	18
0.106615	19
0.106686	20
0.106761	21
0.106839	22
0.10692	23
0.107006	24
0.107095	25
0.107187	26
0.107283	27
0.107369	28
0.107417	29
0.107517	14
0.107589	15
0.107645	16
0.107705	17
0.107769	18
0.107836	19
0.107907	20
0.107982	21
0.10806	22
0.108142	23
0.108227	24
0.108316	25
0.108408	26
0.108505	27
0.10859	28
0.108638	29
0.108738	14
0.10881	15
0.108866	16
0.108927	17
0.10899	18
0.109058	19
0.109128	20
0.109203	21
0.109281	22
0.109363	23
0.109448	24
0.109537	25
0.10963	26
0.109726	27
0.109811	28
0.109859	29
0.109959	14
0.110031	15
0.110088	16
0.110148	17
0.110211	18
0.110279	19
0.11035	20
0.110424	21
0.110502	22
0.110584	23
0.110669	24
0.110758	25
0.110851	26
0.110947	27
0.111032	28
0.11108	29
0.11118	14
0.111252	15
0.111309	16
0.111369	17
0.111433	18
0.1115	19
0.111571	20
0.111645	21
0.111724	22
0.111805	23
0.111891	24
0.11198	25
0.112072	26
0.112168	27
0.112254	28
0.112302	29
0.112401	14
0.112474	15
0.11253	16
0.11259	17
0.112654	18
0.112721	19
0.112792	20
0.112867	21
0.112945	22
0.113027	23
0.113112	24
0.113201	25
0.113293	26
0.11339	27
0.113475	28
0.113523	29
0.113623	14
0.113695	15
0.113751	16
0.113811	17
0.113875	18
0.113942	19
0.114013	20
0.114088	21
0.114166	22
0.114248	23
0.114333	24
0.114422	25
0.114515	26
0.114611	27
0.114696	28
0.114744	29
0.114844	14
0.114916	15
0.114973	16
0.115033	17
0.115096	18
0.115164	19
0.115235	20
0.115309	21
0.115387	22
0.115469	23
0.115554	24
0.115643	25
0.115736	26
0.115832	27
0.115917	28
0.115965	29
0.116065	14
0.116137	15
0.116194	16
0.116254	17
0.116318	18
0.116385	19
0.116456	20
0.11653	21
0.116608	22
0.11669	23
0.116776	24
0.116865	25
0.116957	26
0.117053	27
0.117139	28
0.117187	29
0.117286	14
0.117359	15
0.117415	16
0.117475	17
0.117539	18
0.117606	19
0.117677	20
0.117752	21
0.11783	22
0.117911	23
0.117997	24
0.118086	25
0.118178	26
0.118274	27
0.11836	28
0.118408	29
0.118508	14
0.11858	15
0.118636	16
0.118696	17
0.11876	18
0.118827	19
0.118898	20
0.118973	21
0.119051	22
0.119133	23
0.119218	24
0.119307	25
0.1194	26
0.119496	27
0.119581	28
0.119629	29
0.119729	14
0.119801	15
0.119857	16
0.119918	17
0.119981	18
0.120049	19
0.12012	20
0.120194	21
0.120272	22
0.120354	23
0.120439	24
0.120528	25
0.120621	26
0.120717	27
0.120802	28
0.12085	29
0.12095	14
0.121022	15
0.121079	16
0.121139	17
0.121203	18
0.12127	19
0.121341	20
0.121415	21
0.121493	22
0.121575	23
0.12166	24
0.121749	25
0.121842	26
0.121938	27
0.122023	28
0.122072	29
0.122171	14
0.122243	15
0.1223	16
0.12236	17
0.122424	18
0.122491	19
0.122562	20
0.122637	21
0.122715	22
0.122796	23
0.122882	24
0.122971	25
0.123063	26
0.123159	27
0.123245	28
0.123293	29
0.123393	14
0.123465	15
0.123521	16
0.123581	17
0.123645	18
0.123712	19
0.123783	20
0.123858	21
0.123936	22
0.124018	23
0.124103	24
0.124192	25
0.124284	26
0.124381	27
0.124466	28
0.124514	29
0.124614	14
0.124686	15
0.124742	16
0.124803	17
0.124866	18
0.124934	19
0.125004	20
0.125079	21
0.125157	22
0.125239	23
0.125324	24
0.125413	25
0.125506	26
0.125602	27
0.125687	28
0.125735	29
0.125835	14
0.125907	15
0.125964	16
0.126024	17
0.126087	18
0.126155	19
0.126226	20
0.1263	21
0.126378	22
0.12646	23
0.126545	24
0.126634	25
0.126727	26
0.126823	27
0.126908	28
0.126957	29
0.127056	14
0.127128	15
0.127185	16
0.127245	17
0.127309	18
0.127376	19
0.127447	20
0.127521	21
0.1276	22
0.127681	23
0.127767	24
0.127856	25
0.127948	26
0.128044	27
0.12813	28
0.128178	29
0.128278	14
0.12835	15
0.128406	16
0.128466	17
0.12853	18
0.128597	19
0.128668	20
0.128743	21
0.128821	22
0.128903	23
0.128988	24
0.129077	25
0.129169	26
0.129266	27
0.129351	28
0.129399	29
0.129499	14
0.129571	15
0.129627	16
0.129687	17
0.129751	18
0.129818	19
0.129889	20
0.129964	21
0.130042	22
0.130124	23
0.130209	24
0.130298	25
0.130391	26
0.130487	27
0.130572	28
0.13062	29
0.13072	14
0.130792	15
0.130849	16
0.130909	17
0.130972	18
0.13104	19
0.131111	20
0.131185	21
0.131263	22
0.131345	23
0.13143	24
0.131519	25
0.131612	26
0.131708	27
0.131793	28
0.131841	29
0.131941	14
0.132013	15
0.13207	16
0.13213	17
0.132194	18
0.132261	19
0.132332	20
0.132406	21
0.132485	22
0.132566	23
0.132652	24
0.132741	25
0.132833	26
0.132929	27
0.133015	28
0.133063	29
0.133162	14
0.133235	15
0.133291	16
0.133351	17
0.133415	18
0.133482	19
0.133553	20
0.133628	21
0.133706	22
0.133787	23
0.133873	24
0.133962	25
0.134054	26
0.13415	27
0.134236	28
0.134284	29
0.134384	14
0.134456	15
0.134512	16
0.134572	17
0.134636	18
0.134703	19
0.134774	20
0.134849	21
0.134927	22
0.135009	23
0.135094	24
0.135183	25
0.135276	26
0.135372	27
0.135457	28
0.135505	29
0.135605	14
0.135677	15
0.135734	16
0.135794	17
0.135857	18
0.135925	19
0.135996	20
0.13607	21
0.136148	22
0.13623	23
0.136315	24
0.136404	25
0.136497	26
0.136593	27
0.136678	28
0.136726	29
0.136826	14
0.136898	15
0.136955	16
0.137015	17
0.137079	18
0.137146	19
0.137217	20
0.137291	21
0.137369	22
0.137451	23
0.137537	24
0.137625	25
0.137718	26
0.137814	27
0.1379	28
0.137948	29
0.138047	14
0.138119	15
0.138176	16
0.138236	17
0.1383	18
0.138367	19
0.138438	20
0.138513	21
0.138591	22
0.138672	23
0.138758	24
0.138847	25
0.138939	26
0.139035	27
0.139121	28
0.139169	29
0.139269	14
0.139341	15
0.139397	16
0.139457	17
0.139521	18
0.139588	19
0.139659	20
0.139734	21
0.139812	22
0.139894	23
0.139979	24
0.140068	25
0.14016	26
0.140257	27
0.140342	28
0.14039	29
0.14049	14
0.140562	15
0.140618	16
0.140679	17
0.140742	18
0.14081	19
0.14088	20
0.140955	21
0.141033	22
0.141115	23
0.1412	24
0.141289	25
0.141382	26
0.141478	27
0.141563	28
0.141611	29
0.141711	14
0.141783	15
0.14184	16
0.1419	17
0.141963	18
0.142031	19
0.142102	20
0.142176	21
0.142254	22
0.142336	23
0.142421	24
0.14251	25
0.142603	26
0.142699	27
0.142784	28
0.142833	29
0.142932	14
0.143004	15
0.143061	16
0.143121	17
0.143185	18
0.143252	19
0.143323	20
0.143397	21
0.143476	22
0.143557	23
0.143643	24
0.143732	25
0.143824	26
0.14392	27
0.144006	28
0.144054	29
0.144154	14
0.144226	15
0.144282	16
0.144342	17
0.144406	18
0.144473	19
0.144544	20
0.144619	21
0.144697	22
0.144779	23
0.144864	24
0.144953	25
0.145045	26
0.145142	27
0.145227	28
0.145275	29
0.145375	14
0.145447	15
0.145503	16
0.145563	17
0.145627	18
0.145694	19
0.145765	20
0.14584	21
0.145918	22
0.146	23
0.146085	24
0.146174	25
0.146267	26
0.146363	27
0.146448	28
0.146496	29
0.146596	14
0.146668	15
0.146725	16
0.146785	17
0.146848	18
0.146916	19
0.146987	20
0.147061	21
0.147139	22
0.147221	23
0.147306	24
0.147395	25
0.147488	26
0.147584	27
0.147669	28
0.147717	29
0.147817	14
0.147889	15
0.147946	16
0.148006	17
0.14807	18
0.148137	19
0.148208	20
0.148282	21
0.148361	22
0.148442	23
0.148528	24
0.148617	25
0.148709	26
0.148805	27
0.148891	28
0.148939	29
0.149038	14
0.149111	15
0.149167	16
0.149227	17
0.149291	18
0.149358	19
0.149429	20
0.149504	21
0.149582	22
0.149663	23
0.149749	24
0.149838	25
0.14993	26
0.150026	27
0.150112	28
0.15016	29
0.15026	14
0.150332	15
0.150388	16
0.150448	17
0.150512	18
0.150579	19
0.15065	20
0.150725	21
0.150803	22
0.150885	23
0.15097	24
0.151059	25
0.151152	26
0.151248	27
0.151333	28
0.151381	29
0.151481	14
0.151553	15
0.15161	16
0.15167	17
0.151733	18
0.151801	19
0.151872	20
0.151946	21
0.152024	22
0.152106	23
0.152191	24
0.15228	25
0.152373	26
0.152469	27
0.152554	28
0.152602	29
0.152702	14
0.152774	15
0.152831	16
0.152891	17
0.152955	18
0.153022	19
0.153093	20
0.153167	21
0.153245	22
0.153327	23
0.153413	24
0.153501	25
0.153594	26
0.15369	27
0.153776	28
0.153824	29
0.153923	14
0.153995	15
0.154052	16
0.154112	17
0.154176	18
0.154243	19
0.154314	20
0.154389	21
0.154467	22
0.154548	23
0.154634	24
0.154723	25
0.154815	26
0.154911	27
0.154997	28
0.155045	29
0.155145	14
0.155217	15
0.155273	16
0.155333	17
0.155397	18
0.155464	19
0.155535	20
0.15561	21
0.155688	22
0.15577	23
0.155855	24
0.155944	25
0.156036	26
0.156133	27
0.156218	28
0.156266	29
0.156366	14
0.156438	15
0.156494	16
0.156555	17
0.156618	18
0.156686	19
0.156756	20
0.156831	21
0.156909	22
0.156991	23
0.157076	24
0.157165	25
0.157258	26
0.157354	27
0.157439	28
0.157487	29
0.157587	14
0.157659	15
0.157716	16
0.157776	17
0.157839	18
0.157907	19
0.157978	20
0.158052	21
0.15813	22
0.158212	23
0.158297	24
0.158386	25
0.158479	26
0.158575	27
0.15866	28
0.158709	29
0.158808	14
0.15888	15
0.158937	16
0.158997	17
0.159061	18
0.159128	19
0.159199	20
0.159273	21
0.159352	22
0.159433	23
0.159519	24
0.159608	25
0.1597	26
0.159796	27
0.159882	28
0.15993	29
0.16003	14
0.160102	15
0.160158	16
0.160218	17
0.160282	18
0.160349	19
0.16042	20
0.160495	21
0.160573	22
0.160655	23
0.16074	24
0.160829	25
0.160921	26
0.161018	27
0.161103	28
0.161151	29
0.161251	14
0.161323	15
0.161379	16
0.161439	17
0.161503	18
0.16157	19
0.161641	20
0.161716	21
0.161794	22
0.161876	23
0.161961	24
0.16205	25
0.162143	26
0.162239	27
0.162324	28
0.162372	29
0.162472	14
0.162544	15
0.162601	16
0.162661	17
0.162724	18
0.162792	19
0.162863	20
0.162937	21
0.163015	22
0.163097	23
0.163182	24
0.163271	25
0.163364	26
0.16346	27
0.163545	28
0.163593	29
0.163693	14
0.163765	15
0.163822	16
0.163882	17
0.163946	18
0.164013	19
0.164084	20
0.164158	21
0.164237	22
0.164318	23
0.164404	24
0.164493	25
0.164585	26
0.164681	27
0.164767	28
0.164815	29
0.164914	14
0.164987	15
0.165043	16
0.165103	17
0.165167	18
0.165234	19
0.165305	20
0.16538	21
0.165458	22
0.16554	23
0.165625	24
0.165714	25
0.165806	26
0.165903	27
0.165988	28
0.166036	29
0.166136	14
0.166208	15
0.166264	16
0.166324	17
0.166388	18
0.166455	19
0.166526	20
0.166601	21
0.166679	22
0.166761	23
0.166846	24
0.166935	25
0.167028	26
0.167124	27
0.167209	28
0.167257	29
0.167357	14
0.167429	15
0.167486	16
0.167546	17
0.167609	18
0.167677	19
0.167748	20
0.167822	21
0.1679	22
0.167982	23
0.168067	24
0.168156	25
0.168249	26
0.168345	27
0.16843	28
0.168478	29
0.168578	14
0.16865	15
0.168707	16
0.168767	17
0.168831	18
0.168898	19
0.168969	20
0.169043	21
0.169121	22
0.169203	23
0.169289	24
0.169377	25
0.16947	26
0.169566	27
0.169652	28
0.1697	29
0.169799	14
0.169872	15
0.169928	16
0.169988	17
0.170052	18
0.170119	19
0.17019	20
0.170265	21
0.170343	22
0.170424	23
0.17051	24
0.170599	25
0.170691	26
0.170787	27
0.170873	28
0.170921	29
0.171021	14
0.171093	15
0.171149	16
0.171209	17
0.171273	18
0.17134	19
0.171411	20
0.171486	21
0.171564	22
0.171646	23
0.171731	24
0.17182	25
0.171913	26
0.172009	27
0.172094	28
0.172142	29
0.172242	14
0.172314	15
0.17237	16
0.172431	17
0.172494	18
0.172562	19
0.172633	20
0.172707	21
0.172785	22
0.172867	23
0.172952	24
0.173041	25
0.173134	26
0.17323	27
0.173315	28
0.173363	29
0.173463	14
0.173535	15
0.173592	16
0.173652	17
0.173716	18
0.173783	19
0.173854	20
0.173928	21
0.174006	22
0.174088	23
0.174173	24
0.174262	25
0.174355	26
0.174451	27
0.174536	28
0.174585	29
0.174684	14
0.174756	15
0.174813	16
0.174873	17
0.174937	18
0.175004	19
0.175075	20
0.175149	21
0.175228	22
0.175309	23
0.175395	24
0.175484	25
0.175576	26
0.175672	27
0.175758	28
0.175806	29
0.175906	14
0.175978	15
0.176034	16
0.176094	17
0.176158	18
0.176225	19
0.176296	20
0.176371	21
0.176449	22
0.176531	23
0.176616	24
0.176705	25
0.176797	26
0.176894	27
0.176979	28
0.177027	29
0.177127	14
0.177199	15
0.177255	16
0.177315	17
0.177379	18
0.177447	19
0.177517	20
0.177592	21
0.17767	22
0.177752	23
0.177837	24
0.177926	25
0.178019	26
0.178115	27
0.1782	28
0.178248	29
0.178348	14
0.17842	15
0.178477	16
0.178537	17
0.1786	18
0.178668	19
0.178739	20
0.178813	21
0.178891	22
0.178973	23
0.179058	24
0.179147	25
0.17924	26
0.179336	27
0.179421	28
0.179469	29
0.179569	14
0.179641	15
0.179698	16
0.179758	17
0.179822	18
0.179889	19
0.17996	20
0.180034	21
0.180113	22
0.180194	23
0.18028	24
0.180369	25
0.180461	26
0.180557	27
0.180643	28
0.180691	29
0.18079	14
0.180863	15
0.180919	16
0.180979	17
0.181043	18
0.18111	19
0.181181	20
0.181256	21
0.181334	22
0.181416	23
0.181501	24
0.18159	25
0.181682	26
0.181779	27
0.181864	28
0.181912	29
0.182012	14
0.182084	15
0.18214	16
0.1822	17
0.182264	18
0.182331	19
0.182402	20
0.182477	21
0.182555	22
0.182637	23
0.182722	24
0.182811	25
0.182904	26
0.183	27
0.183085	28
0.183133	29
0.183233	14
0.183305	15
0.183362	16
0.183422	17
0.183485	18
0.183553	19
0.183624	20
0.183698	21
0.183776	22
0.183858	23
0.183943	24
0.184032	25
0.184125	26
0.184221	27
0.184306	28
0.184354	29
0.184454	14
0.184526	15
0.184583	16
0.184643	17
0.184707	18
0.184774	19
0.184845	20
0.184919	21
0.184997	22
0.185079	23
0.185165	24
0.185254	25
0.185346	26
0.185442	27
0.185528	28
0.185576	29
0.185675	14
0.185748	15
0.185804	16
0.185864	17
0.185928	18
0.185995	19
0.186066	20
0.186141	21
0.186219	22
0.1863	23
0.186386	24
0.186475	25
0.186567	26
0.186663	27
0.186749	28
0.186797	29
0.186897	14
0.186969	15
0.187025	16
0.187085	17
0.187149	18
0.187216	19
0.187287	20
0.187362	21
0.18744	22
0.187522	23
0.187607	24
0.187696	25
0.187789	26
0.187885	27
0.18797	28
0.188018	29
0.188118	14
0.18819	15
0.188246	16
0.188307	17
0.18837	18
0.188438	19
0.188509	20
0.188583	21
0.188661	22
0.188743	23
0.188828	24
0.188917	25
0.18901	26
0.189106	27
0.189191	28
0.189239	29
0.189339	14
0.189411	15
0.189468	16
0.189528	17
0.189592	18
0.189659	19
0.18973	20
0.189804	21
0.189882	22
0.189964	23
0.190049	24
0.190138	25
0.190231	26
0.190327	27
0.190412	28
0.190461	29
0.19056	14
0.190632	15
0.190689	16
0.190749	17
0.190813	18
0.19088	19
0.190951	20
0.191026	21
0.191104	22
0.191185	23
0.191271	24
0.19136	25
0.191452	26
0.191548	27
0.191634	28
0.191682	29
0.191782	14
0.191854	15
0.19191	16
0.19197	17
0.192034	18
0.192101	19
0.192172	20
0.192247	21
0.192325	22
0.192407	23
0.192492	24
0.192581	25
0.192673	26
0.19277	27
0.192855	28
0.192903	29
0.193003	14
0.193075	15
0.193131	16
0.193192	17
0.193255	18
0.193323	19
0.193393	20
0.193468	21
0.193546	22
0.193628	23
0.193713	24
0.193802	25
0.193895	26
0.193991	27
0.194076	28
0.194124	29
0.194224	14
0.194296	15
0.194353	16
0.194413	17
0.194476	18
0.194544	19
0.194615	20
0.194689	21
0.194767	22
0.194849	23
0.194934	24
0.195023	25
0.195116	26
0.195212	27
0.195297	28
0.195345	29
0.195445	14
0.195517	15
0.195574	16
0.195634	17
0.195698	18
0.195765	19
0.195836	20
0.19591	21
0.195989	22
0.19607	23
0.196156	24
0.196245	25
0.196337	26
0.196433	27
0.196519	28
0.196567	29
0.196666	14
0.196739	15
0.196795	16
0.196855	17
0.196919	18
0.196986	19
0.197057	20
0.197132	21
0.19721	22
0.197292	23
0.197377	24
0.197466	25
0.197558	26
0.197655	27
0.19774	28
0.197788	29
0.197888	14
0.19796	15
0.198016	16
0.198076	17
0.19814	18
0.198207	19
0.198278	20
0.198353	21
0.198431	22
0.198513	23
0.198598	24
0.198687	25
0.19878	26
0.198876	27
0.198961	28
0.199009	29
0.199109	14
0.199181	15
0.199238	16
0.199298	17
0.199361	18
0.199429	19
0.1995	20
0.199574	21
0.199652	22
0.199734	23
0.199819	24
0.199908	25
0.200001	26
0.200097	27
0.200182	28
0.200243	14
0.200366	15
0.200461	16
0.200561	17
0.200666	18
0.200775	19
0.200889	20
0.201008	21
0.201132	22
0.201261	23
0.201394	24
0.201531	25
0.201638	12
0.20175	13
0.20184	14
0.201874	15
0.201983	16
0.202098	17
0.202219	18
0.202344	19
0.202473	20
0.202608	21
0.202747	22
0.202892	23
0.203007	24
0.203091	25
0.203185	26
0.203273	27
0.203373	28
0.20343	14
0.203542	15
0.203641	16
0.203744	17
0.203853	18
0.203968	19
0.204087	20
0.20421	21
0.204338	22
0.204471	23
0.204577	24
0.204688	25
0.204803	26
0.204923	14
0.205047	14
0.205066	15
0.205182	16
0.205302	17
0.205427	18
0.205557	19
0.205691	20
0.205829	21
0.205941	22
0.206042	23
0.206135	24
0.206232	25
0.206333	26
0.20644	27
0.206546	28
0.206588	15
0.206706	15
0.20681	16
0.206921	17
0.207036	18
0.207155	19
0.207279	20
0.20741	21
0.207529	22
0.207637	23
0.20775	24
0.207868	25
0.207991	26
0.208118	13
0.208243	14
0.208266	15
0.208387	16
0.208513	17
0.208644	18
0.20878	19
0.20892	20
0.209033	21
0.209123	22
0.209219	23
0.20932	24
0.209426	25
0.209532	26
0.209639	27
0.209753	14
0.209804	15
0.209914	16
0.210028	17
0.210147	18
0.210271	19
0.210399	20
0.210528	21
0.210636	22
0.210749	23
0.210867	24
0.21099	25
0.211117	26
0.211249	13
0.211372	14
0.211402	15
0.211528	16
0.211659	17
0.211795	18
0.211936	19
0.21205	20
0.212139	21
0.212234	22
0.212333	23
0.212438	24
0.212547	25
0.212662	26
0.212766	14
0.212885	15
0.212928	16
0.213044	17
0.213164	18
0.213289	19
0.213419	20
0.21355	21
0.213657	22
0.21377	23
0.213888	24
0.21401	25
0.214138	26
0.21427	14
0.214392	15
0.214493	16
0.214622	17
0.214686	18
0.214823	19
0.214965	20
0.21508	21
0.215171	22
0.215266	23
0.215367	24
0.215473	25
0.215584	26
0.215699	27
0.215819	14
0.215929	15
0.21604	16
0.216153	17
0.216276	18
0.216403	19
0.216526	20
0.216586	21
0.216694	22
0.216807	23
0.216925	24
0.217046	25
0.217173	26
0.217305	14
0.217428	15
0.217537	16
0.217666	17
0.2178	18
0.217938	19
0.218079	20
0.218168	21
0.218262	22
0.21836	23
0.21846	24
0.218562	25
0.218668	26
0.218779	27
0.218855	14
0.218967	15
0.21908	16
0.219198	17
0.219321	18
0.219448	19
0.219578	20
0.219684	21
0.219794	22
0.21991	23
0.22003	24
0.220154	25
0.220283	14
0.220417	15
0.220542	16
0.220562	17
0.220693	18
0.220829	19
0.22097	20
0.221086	21
0.221178	22
0.221275	23
0.221377	24
0.221484	25
0.221595	26
0.22171	27
0.22183	15
0.221955	16
0.22207	17
0.222189	18
0.22231	19
0.222344	20
0.222476	21
0.222607	22
0.222718	23
0.222832	24
0.222952	25
0.223077	26
0.223207	14
0.223341	15
0.223464	16
0.223593	17
0.223722	18
0.223859	19
0.224002	20
0.22409	21
0.224186	22
0.224283	23
0.224385	24
0.224488	25
0.224542	26
0.22466	27
0.224781	15
0.224906	16
0.225022	17
0.225143	18
0.225268	19
0.225398	20
0.225517	21
0.225624	22
0.225741	23
0.225863	24
0.225989	25
0.22612	13
0.226257	14
0.226384	15
0.226513	16
0.226644	17
0.226683	18
0.226824	19
0.226926	20
0.227017	21
0.227112	22
0.227213	23
0.227319	24
0.227429	25
0.227547	26
0.22766	14
0.227788	15
0.227903	16
0.228024	17
0.228151	18
0.228264	19
0.228368	20
0.228476	21
0.228521	22
0.228636	23
0.228759	24
0.228886	25
0.229017	13
0.229153	14
0.229274	15
0.229395	16
0.229529	17
0.22967	18
0.229791	19
0.229883	20
0.229978	21
0.230079	22
0.230184	23
0.230294	24
0.230406	25
0.23052	26
0.230571	14
0.230699	15
0.230815	16
0.230937	17
0.231047	18
0.231163	19
0.231283	20
0.231395	21
0.231513	22
0.231634	23
0.23176	24
0.231892	25
0.232029	13
0.232171	14
0.232287	15
0.232309	16
0.232403	17
0.232502	18
0.232604	19
0.232712	20
0.232825	21
0.232942	22
0.233048	23
0.233159	24
0.233277	25
0.233397	26
0.233522	14
0.23365	15
0.233757	16
0.233867	17
0.233903	18
0.234022	19
0.234145	20
0.234272	21
0.23439	22
0.234513	23
0.23464	24
0.234774	25
0.234912	13
0.235054	14
0.235143	15
0.235229	16
0.235329	17
0.235435	18
0.235544	19
0.235658	20
0.235769	21
0.235819	22
0.23593	23
0.236044	24
0.236164	25
0.236289	26
0.236417	14
0.236536	14
0.236645	15
0.236758	16
0.23687	17
0.236992	18
0.237122	19
0.237242	20
0.237365	21
0.237494	22
0.237627	23
0.23775	24
0.237878	25
0.238011	13
0.238066	14
0.23819	15
0.238292	16
0.238396	17
0.238506	18
0.23862	19
0.238739	20
0.238863	21
0.238976	22
0.239094	23
0.239216	24
0.239329	25
0.239447	26
0.239478	14
0.239603	14
0.239716	15
0.239834	16
0.239957	17
0.240084	18
0.240216	19
0.240338	20
0.240464	21
0.240596	22
0.240716	23
0.240842	24
0.240973	25
0.241108	13
0.241141	14
0.241267	15
0.241369	16
0.241476	17
0.241588	18
0.241706	19
0.241828	20
0.241941	21
0.242058	22
0.242179	23
0.242292	24
0.24241	25
0.242532	26
0.242566	13
0.242695	14
0.242811	15
0.242932	16
0.243058	17
0.243189	18
0.243309	19
0.243434	20
0.243564	21
0.243695	22
0.24382	23
0.24395	24
0.244084	25
0.244224	13
0.244256	14
0.244356	15
0.24446	16
0.244571	17
0.244686	18
0.244807	19
0.24492	20
0.245034	21
0.245153	22
0.245275	23
0.24539	24
0.24551	25
0.245634	26
0.245671	13
0.245801	14
0.245919	15
0.246042	16
0.246171	17
0.246304	18
0.246427	19
0.246554	20
0.246672	21
0.246796	22
0.246923	23
0.247056	24
0.247195	25
0.247309	13
0.247343	14
0.247446	15
0.247556	16
0.24767	17
0.247789	18
0.247913	19
0.248026	20
0.248129	21
0.248237	22
0.24835	23
0.248467	24
0.248589	25
0.248718	26
0.24875	13
0.248884	14
0.249006	15
0.249134	16
0.249255	17
0.249373	18
0.249487	19
0.249607	20
0.249732	21
0.249862	22
0.249996	23
0.250134	24
0.250266	12
0.250384	13
0.250398	14
0.250508	15
0.250622	16
0.250741	17
0.250864	18
0.250963	19
0.251068	20
0.251178	21
0.251294	22
0.251414	23
0.251539	24
0.251669	25
0.251802	13
0.251834	14
0.251959	15
0.252074	16
0.252181	17
0.252293	18
0.252409	19
0.252532	20
0.252659	21
0.25279	22
0.252927	23
0.253069	24
0.253187	12
0.253311	13
0.253326	14
0.253441	15
0.253552	16
0.253663	17
0.253763	18
0.253867	19
0.253977	20
0.25409	21
0.254208	22
0.254331	23
0.254461	24
0.254595	25
0.25473	13
0.254769	14
0.254884	15
0.254994	16
0.255105	17
0.255222	18
0.255345	19
0.255472	20
0.255603	21
0.25574	22
0.255882	23
0.255985	24
0.256093	25
0.256206	26
0.256239	27
0.256357	14
0.25648	15
0.256578	16
0.256681	17
0.256789	18
0.256902	19
0.25702	20
0.257142	21
0.257269	22
0.257401	23
0.257526	24
0.257656	25
0.257776	13
0.257901	14
0.258009	15
0.258036	16
0.258156	17
0.258281	18
0.258411	19
0.258547	20
0.258686	21
0.258787	22
0.258894	23
0.258994	24
0.259097	25
0.259207	26
0.259321	27
0.25944	14
0.259564	15
0.259673	16
0.259696	17
0.259814	18
0.259936	19
0.260064	20
0.260181	21
0.260303	22
0.260417	23
0.260536	24
0.260661	25
0.260791	13
0.260925	14
0.261048	15
0.261177	16
0.261309	17
0.261445	18
0.261573	19
0.2616	20
0.261692	21
0.261791	22
0.261894	23
0.262001	24
0.262113	25
0.262231	26
0.262352	14
0.262478	15
0.262596	16
0.262718	17
0.262844	18
0.262962	19
0.263072	20
0.263185	21
0.263304	22
0.263427	23
0.263552	24
0.263679	25
0.263729	13
0.263868	14
0.263997	15
0.264112	16
0.264209	17
0.26431	18
0.264404	19
0.264503	20
0.264605	21
0.264713	22
0.264828	23
0.264947	24
0.265072	25
0.265202	14
0.265244	15
0.265354	16
0.265465	17
0.265566	18
0.265672	19
0.265785	20
0.265903	21
0.266027	22
0.266155	23
0.266289	24
0.266426	25
0.266568	14
0.266681	14
0.266765	15
0.266791	16
0.26688	17
0.266978	18
0.267079	19
0.267186	20
0.267296	21
0.26741	22
0.26753	23
0.267654	24
0.267785	25
0.267908	13
0.268021	14
0.268124	15
0.268232	16
0.268342	17
0.268375	18
0.268493	19
0.268618	20
0.268747	21
0.268882	22
0.269021	23
0.269124	24
0.269224	25
0.269325	26
0.269426	27
0.269539	15
0.269657	16
0.269763	17
0.269876	18
0.269993	19
0.270116	20
0.270239	21
0.270285	22
0.270418	23
0.270528	24
0.270644	25
0.270765	26
0.270891	14
0.271022	15
0.271144	16
0.27127	17
0.271386	18
0.271521	19
0.271623	20
0.271717	21
0.271816	22
0.271919	23
0.272026	24
0.272139	25
0.272257	26
0.272376	14
0.272501	15
0.272545	16
0.272664	17
0.272788	18
0.272917	19
0.273033	20
0.273134	21
0.273236	22
0.273355	23
0.27348	24
0.273611	25
0.273747	13
0.273881	14
0.273988	15
0.27408	16
0.27418	17
0.274222	18
0.274331	19
0.274444	20
0.274549	21
0.27466	22
0.274776	23
0.274898	24
0.275024	25
0.275155	14
0.275279	14
0.27539	15
0.275506	16
0.275622	17
0.275732	18
0.27585	19
0.275971	20
0.276097	21
0.276151	22
0.276285	23
0.276411	24
0.27653	25
0.276651	26
0.276759	14
0.276881	15
0.276985	16
0.277088	17
0.277195	18
0.277305	19
0.277421	20
0.27754	21
0.277665	22
0.277796	23
0.277918	24
0.278047	25
0.278179	14
0.278303	14
0.278395	15
0.27843	16
0.278526	17
0.278629	18
0.278737	19
0.27885	20
0.278969	21
0.279093	22
0.279207	23
0.279325	24
0.279436	25
0.279552	26
0.279667	14
0.279791	15
0.279905	16
0.280022	17
0.280063	18
0.280188	19
0.280319	20
0.280441	21
0.28057	22
0.280691	23
0.280816	24
0.280924	25
0.281039	26
0.281158	15
0.281283	16
0.281381	17
0.2815	18
0.28161	19
0.281724	20
0.281845	21
0.281958	22
0.28201	23
0.282131	24
0.282257	25
0.282387	14
0.282522	15
0.282648	16
0.282779	17
0.282903	18
0.283015	19
0.283135	20
0.283248	21
0.283378	22
0.283491	23
0.283608	24
0.283732	25
0.283858	15
0.283979	16
0.284092	17
0.284133	18
0.284241	19
0.284354	20
0.284471	21
0.284593	22
0.284721	23
0.284855	24
0.28499	25
0.285127	15
0.285231	15
0.285325	16
0.285421	17
0.285512	18
0.285613	19
0.285726	20
0.285845	21
0.285969	22
0.286026	23
0.286157	24
0.286277	25
0.286395	26
0.286517	15
0.286645	16
0.286762	17
0.286885	18
0.287012	19
0.287144	20
0.287277	21
0.287395	22
0.287485	23
0.287587	24
0.28769	25
0.287806	26
0.287925	16
0.28805	16
0.288165	17
0.288287	18
0.288342	19
0.288471	20
0.288594	21
0.288707	22
0.288826	23
0.28895	24
0.289079	25
0.289212	15
0.289349	16
0.289463	17
0.289575	18
0.289689	19
0.289787	20
0.289898	21
0.290003	22
0.290112	23
0.290225	24
0.290344	25
0.290411	26
0.290539	15
0.290671	16
0.290794	17
0.290913	18
0.291036	19
0.29115	20
0.291269	21
0.291394	22
0.291524	23
0.291658	24
0.291774	25
0.291894	26
0.291991	15
0.292117	16
0.292228	17
0.29233	18
0.292384	19
0.292492	20
0.292607	21
0.292727	22
0.292851	23
0.29298	24
0.293113	25
0.293242	14
0.293376	15
0.293488	16
0.293604	17
0.293723	18
0.293811	19
0.29394	20
0.294072	21
0.29419	22
0.294307	23
0.294422	24
0.294478	25
0.2946	26
0.294726	15
0.294857	16
0.294964	17
0.295079	18
0.295199	19
0.295324	20
0.295455	21
0.295579	22
0.295707	23
0.295817	24
0.295921	25
0.296027	26
0.296139	27
0.296258	15
0.296382	16
0.296493	17
0.296543	18
0.296659	19
0.296781	20
0.296897	21
0.297016	22
0.297141	23
0.29727	24
0.297403	25
0.297531	14
0.297665	15
0.297788	16
0.297917	17
0.298038	18
0.298149	19
0.298256	20
0.298368	21
0.298484	22
0.298535	23
0.298661	24
0.298778	25
0.2989	26
0.299028	14
0.29916	15
0.299269	16
0.299385	17
0.299505	18
0.29963	19
0.29976	20
0.299882	21
0.300009	22
0.300135	23
0.30025	24
0.300368	25
0.300479	14
0.300594	15
0.300698	16
0.300747	17
0.30086	18
0.300979	19
0.301102	20
0.301231	21
0.301351	22
0.301476	23
0.301606	24
0.301729	25
0.301856	26
0.301988	15
0.302123	16
0.302224	17
0.302333	18
0.302434	19
0.30254	20
0.302604	21
0.302718	22
0.302838	23
0.30295	24
0.303066	25
0.303188	26
0.303314	15
0.303444	16
0.303565	17
0.303691	18
0.303807	19
0.303929	20
0.30402	21
0.304152	22
0.304276	23
0.304392	24
0.304504	25
0.304621	26
0.304742	15
0.304868	16
0.304925	17
0.305042	18
0.305153	19
0.305268	20
0.305389	21
0.305502	22
0.305619	23
0.305742	24
0.305863	25
0.305996	14
0.306133	15
0.306242	16
0.306315	17
0.306419	18
0.306527	19
0.306639	20
0.306702	21
0.306821	22
0.306933	23
0.307051	24
0.307172	25
0.3073	26
0.307432	15
0.307556	16
0.30766	17
0.307778	18
0.307901	19
0.308017	20
0.308105	21
0.30823	22
0.30836	23
0.308495	24
0.308618	25
0.308729	14
0.308844	15
0.30895	16
0.309016	17
0.309129	18
0.309247	19
0.309361	20
0.309465	21
0.309581	22
0.309704	23
0.309831	24
0.309965	25
0.310088	15
0.310218	15
0.31034	16
0.310421	17
0.31055	18
0.310676	19
0.310801	20
0.310857	21
0.310966	22
0.31108	23
0.311199	24
0.311324	25
0.31144	26
0.311559	15
0.311682	16
0.311787	17
0.311907	18
0.312031	19
0.312149	20
0.312238	21
0.312363	22
0.312494	23
0.312617	24
0.312746	25
0.31288	14
0.313003	15
0.31311	16
0.313175	17
0.313288	18
0.313399	19
0.313521	20
0.313632	21
0.313751	22
0.313863	23
0.313981	24
0.314103	25
0.314231	26
0.314363	15
0.314501	16
0.314592	17
0.314701	18
0.314805	19
0.314913	20
0.314984	21
0.3151	22
0.315208	23
0.31532	24
0.315435	25
0.315556	26
0.315683	15
0.315811	15
0.315931	16
0.316053	17
0.316168	18
0.316285	19
0.316364	20
0.316483	21
0.316606	22
0.316734	23
0.31687	24
0.317006	25
0.31713	14
0.317244	15
0.317308	16
0.317409	17
0.317508	18
0.317613	19
0.317722	20
0.317837	21
0.317953	22
0.318075	23
0.318203	24
0.318332	25
0.31847	14
0.318578	15
0.318667	16
0.318761	17
0.318858	18
0.318927	19
0.319028	20
0.319137	21
0.319254	22
0.319374	23
0.3195	24
0.31963	25
0.319754	14
0.319869	15
0.319973	16
0.320036	17
0.32015	18
0.320271	19
0.320394	20
0.320524	21
0.320659	22
0.320797	23
0.320909	24
0.320989	25
0.321093	26
0.3212	27
0.321313	15
0.321433	16
0.321542	17
0.321658	18
0.321777	19
0.321862	20
0.321991	21
0.322112	22
0.322238	23
0.322356	24
0.32248	25
0.322609	15
0.322742	15
0.322866	16
0.322974	17
0.323087	18
0.323143	19
0.323264	20
0.323375	21
0.323493	22
0.323616	23
0.323728	24
0.323845	25
0.323968	26
0.324064	15
0.324195	16
0.324317	17
0.324444	18
0.324577	19
0.324701	20
0.324823	21
0.324925	22
0.325032	23
0.32514	24
0.325207	25
0.325325	26
0.325448	15
0.325575	16
0.325694	17
0.325805	18
0.325897	19
0.326016	20
0.326141	21
0.32627	22
0.326392	23
0.32652	24
0.326652	25
0.326789	14
0.326909	15
0.32702	16
0.327123	17
0.32723	18
0.327277	19
0.327392	20
0.327514	21
0.32764	22
0.327757	23
0.327878	24
0.327973	25
0.328103	14
0.328239	15
0.328352	16
0.328467	17
0.328588	18
0.328717	19
0.328849	20
0.328967	21
0.329075	22
0.329188	23
0.329302	24
0.329361	25
0.329486	26
0.329616	15
0.329744	16
0.329831	17
0.329947	18
0.330067	19
0.330192	20
0.330322	21
0.330441	22
0.330566	23
0.330697	24
0.330833	25
0.330954	14
0.331066	15
0.331168	16
0.331276	17
0.331382	18
0.331441	19
0.331554	20
0.33166	21
0.331775	22
0.331895	23
0.33202	24
0.33215	25
0.33227	14
0.332398	15
0.332513	16
0.332632	17
0.332758	18
0.33289	19
0.333019	20
0.333127	21
0.333238	22
0.33335	23
0.33347	24
0.333534	25
0.33366	14
0.333771	15
0.33387	16
0.333983	17
0.334103	18
0.334227	19
0.334357	20
0.334491	21
0.334617	22
0.334727	23
0.334842	24
0.334949	25
0.335061	26
0.335178	27
0.335292	15
0.335347	16
0.335459	17
0.335566	18
0.335687	19
0.335814	20
0.335931	21
0.336053	22
0.33618	23
0.336298	24
0.336421	25
0.336549	26
0.336683	14
0.336821	15
0.336929	16
0.337042	17
0.337073	18
0.337192	19
0.337316	20
0.337423	21
0.337542	22
0.337653	23
0.337768	24
0.337888	25
0.338013	26
0.338143	14
0.338278	15
0.3384	16
0.338511	17
0.338625	18
0.338731	19
0.338842	20
0.338947	21
0.338995	22
0.339117	23
0.33923	24
0.339346	25
0.339469	26
0.339595	14
0.339721	15
0.339843	16
0.339968	17
0.340099	18
0.34022	19
0.340345	20
0.340445	21
0.340551	22
0.340661	23
0.340776	24
0.340897	25
0.341023	26
0.341153	14
0.341279	15
0.341319	16
0.341431	17
0.341547	18
0.34167	19
0.341784	20
0.341903	21
0.342026	22
0.342153	23
0.342286	24
0.342407	25
0.342532	14
0.342663	15
0.342773	16
0.342875	17
0.342976	18
0.34302	19
0.343129	20
0.343244	21
0.343363	22
0.343488	23
0.343618	24
0.343753	25
0.343892	14
0.344019	15
0.344111	16
0.344207	17
0.344308	18
0.344412	19
0.344523	20
0.344633	21
0.344752	22
0.344877	23
0.345005	24
0.345073	25
0.345212	14
0.345332	15
0.345422	16
0.345519	17
0.345621	18
0.345728	19
0.34584	20
0.345956	21
0.346078	22
0.346204	23
0.346336	24
0.346472	25
0.346599	14
0.346706	15
0.346789	16
0.346825	17
0.346924	18
0.347028	19
0.347138	20
0.347253	21
0.347373	22
0.347498	23
0.347628	24
0.34775	25
0.347876	26
0.348007	14
0.348129	15
0.348238	16
0.348354	17
0.348464	18
0.348589	19
0.348634	20
0.348768	21
0.348902	22
0.349028	23
0.349146	24
0.34927	25
0.349399	14
0.349518	15
0.349627	16
0.34974	17
0.349855	18
0.349976	19
0.350103	20
0.350235	21
0.350352	22
0.350467	23
0.350583	24
0.350702	25
0.350813	26
0.35086	27
0.350981	15
0.351107	16
0.351222	17
0.351341	18
0.351466	19
0.351596	20
0.351715	21
0.351838	22
0.351966	23
0.352098	24
0.352222	25
0.352333	14
0.352447	15
0.352554	16
0.352665	17
0.352775	18
0.352814	19
0.352936	20
0.353062	21
0.353181	22
0.353305	23
0.353434	24
0.353553	25
0.353677	26
0.353806	15
0.353934	15
0.354048	16
0.354174	17
0.35429	18
0.354397	19
0.354507	20
0.354621	21
0.354736	22
0.354859	23
0.354901	24
0.35502	25
0.355143	26
0.35527	14
0.355404	15
0.355523	16
0.355649	17
0.355769	18
0.355893	19
0.356023	20
0.356158	21
0.356263	22
0.356374	23
0.356489	24
0.356609	25
0.356736	26
0.356866	14
0.356986	15
0.357011	16
0.357123	17
0.357238	18
0.357361	19
0.357489	20
0.357622	21
0.357745	22
0.357857	23
0.357974	24
0.358095	25
0.358223	26
0.358342	14
0.358462	15
0.35857	16
0.358685	17
0.358721	18
0.358846	19
0.358976	20
0.359102	21
0.359226	22
0.359356	23
0.359489	24
0.359614	25
0.359729	14
0.359848	15
0.359957	16
0.360066	17
0.360184	18
0.360304	19
0.360432	20
0.360547	21
0.360669	22
0.360713	23
0.360842	24
0.360962	25
0.361086	26
0.361216	14
0.36135	15
0.36147	16
0.361581	17
0.361695	18
0.361815	19
0.361937	20
0.36205	21
0.362156	22
0.362265	23
0.362378	24
0.362497	25
0.362622	26
0.362751	14
0.362885	15
0.36293	16
0.363053	17
0.363183	18
0.363319	19
0.363427	20
0.363526	21
0.363629	22
0.363736	23
0.363849	24
0.363967	25
0.364091	26
0.364219	14
0.364353	15
0.364474	16
0.364597	17
0.364634	18
0.364753	19
0.364861	20
0.364975	21
0.365096	22
0.365221	23
0.365352	24
0.365486	25
0.365606	14
0.365731	14
0.365846	15
0.365962	16
0.366081	17
0.366198	18
0.366304	19
0.366412	20
0.366527	21
0.366576	22
0.366699	23
0.366826	24
0.366959	25
0.367092	13
0.367222	14
0.367322	15
0.367414	16
0.36751	17
0.367611	18
0.367717	19
0.367828	20
0.367943	21
0.368063	22
0.36819	23
0.368319	24
0.36844	25
0.368561	14
0.368604	15
0.368723	16
0.368833	17
0.368947	18
0.369067	19
0.369192	20
0.369322	21
0.369455	22
0.369574	23
0.369698	24
0.369827	25
0.369946	14
0.370069	15
0.37017	16
0.37019	17
0.370298	18
0.370411	19
0.370529	20
0.370652	21
0.370781	22
0.370914	23
0.371053	24
0.371174	13
0.37128	14
0.371372	15
0.37147	16
0.371572	17
0.371679	18
0.371791	19
0.371899	20
0.37193	21
0.372053	22
0.37218	23
0.372311	24
0.372436	25
0.372566	14
0.372686	15
0.372798	16
0.372916	17
0.373038	18
0.373166	19
0.373298	20
0.373435	21
0.373554	22
0.373665	23
0.37378	24
0.3739	25
0.374012	26
0.374121	15
0.374238	16
0.37427	17
0.374385	18
0.374504	19
0.374627	20
0.374757	21
0.37488	22
0.375007	23
0.375132	24
0.375256	25
0.375385	15
0.375518	16
0.375624	17
0.375732	18
0.375843	19
0.375954	20
0.376075	21
0.37611	22
0.376238	23
0.376358	24
0.376473	25
0.376592	26
0.376715	16
0.376844	17
0.376965	18
0.377092	19
0.377223	20
0.377358	21
0.377486	22
0.377584	23
0.377688	24
0.377796	25
0.377907	26
0.378022	27
0.378142	16
0.37827	17
0.378387	18
0.3785	19
0.378545	20
0.378673	21
0.378794	22
0.378905	23
0.379022	24
0.379143	25
0.379271	15
0.379404	16
0.379529	17
0.379658	18
0.379791	19
0.379921	20
0.380029	21
0.380124	22
0.380226	23
0.380335	24
0.380446	25
0.380559	26
0.380683	16
0.380735	17
0.380851	18
0.380974	19
0.381101	20
0.381234	21
0.381359	22
0.381475	23
0.381597	24
0.381723	25
0.381854	15
0.38199	16
0.382096	17
0.382206	18
0.38232	19
0.382438	20
0.382546	21
0.38258	22
0.382699	23
0.382824	24
0.382947	25
0.383067	26
0.383192	16
0.383322	17
0.383444	18
0.383567	19
0.383689	20
0.383817	21
0.383948	22
0.384084	23
0.384216	24
0.384325	25
0.384439	26
0.384558	16
0.384682	17
0.384784	18
0.38489	19
0.384998	20
0.385033	21
0.385153	22
0.385278	23
0.385408	24
0.385542	25
0.385668	15
0.385794	16
0.385905	17
0.38602	18
0.38614	19
0.386265	20
0.386395	21
0.38653	22
0.386646	23
0.386766	24
0.386893	25
0.387018	15
0.387126	16
0.387221	17
0.387321	18
0.38736	19
0.387471	20
0.387587	21
0.38771	22
0.387839	23
0.387972	24
0.38811	25
0.388232	15
0.388347	16
0.38844	17
0.388537	18
0.388639	19
0.388745	20
0.388852	21
0.388964	22
0.389084	23
0.389205	24
0.389335	25
0.38939	15
0.389515	16
0.389632	17
0.389739	18
0.389852	19
0.38997	20
0.390094	21
0.390222	22
0.390356	23
0.390495	24
0.390606	14
0.39072	15
0.390815	16
0.390912	17
0.391014	18
0.391113	19
0.391149	20
0.391263	21
0.391381	22
0.391506	23
0.391636	24
0.39177	25
0.391897	15
0.392028	16
0.392137	17
0.39225	18
0.392369	19
0.392493	20
0.392623	21
0.392757	22
0.392875	23
0.392998	24
0.393112	25
0.393231	26
0.39335	15
0.393394	16
0.393495	17
0.3936	18
0.393709	19
0.393825	20
0.393944	21
0.394069	22
0.394198	23
0.394332	24
0.394458	25
0.394589	15
0.394706	15
0.394799	16
0.394899	17
0.394998	18
0.395031	19
0.395142	20
0.395256	21
0.395376	22
0.395501	23
0.39563	24
0.39575	25
0.395875	26
0.395992	15
0.396112	16
0.396221	17
0.396339	18
0.396464	19
0.396593	20
0.396726	21
0.396856	22
0.396965	23
0.397078	24
0.397117	25
0.397237	26
0.397349	15
0.397467	16
0.397575	17
0.397688	18
0.397801	19
0.397922	20
0.39805	21
0.398182	22
0.398306	23
0.398434	24
0.398554	25
0.398682	26
0.398814	15
0.398951	16
0.399057	17
0.399164	18
0.399194	19
0.399311	20
0.399432	21
0.399557	22
0.399674	23
0.399782	24
0.399891	25
0.400008	26
0.40013	15
0.400258	16
0.400376	17
0.400499	18
0.400629	19
0.400764	20
0.400894	21
0.400995	22
0.401098	23
0.401204	24
0.401237	25
0.401353	26
0.401472	15
0.401597	16
0.401712	17
0.401831	18
0.401956	19
0.402086	20
0.402221	21
0.402332	22
0.402449	23
0.40257	24
0.402698	25
0.402831	14
0.402969	15
0.403076	16
0.403188	17
0.403294	18
0.403326	19
0.403449	20
0.403575	21
0.403679	22
0.403787	23
0.4039	24
0.404018	25
0.40414	26
0.404268	15
0.4044	16
0.404522	17
0.404651	18
0.404784	19
0.404913	20
0.40501	21
0.40511	22
0.405209	23
0.405318	24
0.405359	25
0.405477	26
0.405598	15
0.405726	16
0.405843	17
0.405966	18
0.406093	19
0.406226	20
0.406336	21
0.406452	22
0.406574	23
0.406702	24
0.406834	25
0.406971	14
0.407092	15
0.407204	16
0.407321	17
0.407435	18
0.407463	19
0.40759	20
0.407693	21
0.407801	22
0.407914	23
0.408032	24
0.408155	25
0.408282	15
0.408414	15
0.40854	16
0.408671	17
0.408806	18
0.408921	19
0.409017	20
0.409118	21
0.40922	22
0.409326	23
0.409439	24
0.409477	25
0.409598	26
0.409725	15
0.409854	16
0.409976	17
0.410102	18
0.410233	19
0.410343	20
0.410457	21
0.410578	22
0.410704	23
0.410835	24
0.410971	25
0.41109	14
0.411214	15
0.411328	16
0.411447	17
0.411564	18
0.411591	19
0.411692	20
0.411798	21
0.411909	22
0.412024	23
0.412144	24
0.412269	25
0.412399	15
0.412536	15
0.412662	16
0.412777	17
0.412876	18
0.412974	19
0.413076	20
0.413183	21
0.413289	22
0.413398	23
0.413516	24
0.41356	25
0.413688	15
0.41382	16
0.413944	17
0.414071	18
0.414178	19
0.41429	20
0.414406	21
0.414528	22
0.414656	23
0.41479	24
0.414928	25
0.41505	15
0.415176	16
0.415294	17
0.415403	18
0.415497	19
0.415527	20
0.415634	21
0.415744	22
0.415861	23
0.415982	24
0.41611	25
0.416242	15
0.416379	15
0.416506	16
0.416627	17
0.416719	18
0.416819	19
0.416923	20
0.417033	21
0.417147	22
0.417266	23
0.417389	24
0.417515	25
0.417639	14
0.417682	15
0.417807	16
0.41791	17
0.418018	18
0.418131	19
0.418249	20
0.418372	21
0.418498	22
0.418633	23
0.418772	24
0.418896	14
0.419005	15
0.419099	16
0.41919	17
0.419218	18
0.419323	19
0.419432	20
0.419546	21
0.419665	22
0.419789	23
0.419918	24
0.42005	25
0.420189	14
0.420329	15
0.420418	16
0.420511	17
0.420612	18
0.420718	19
0.420824	20
0.420933	21
0.42105	22
0.421091	23
0.421216	24
0.421347	25
0.421483	14
0.421594	15
0.421695	16
0.421802	17
0.421914	18
0.422031	19
0.422152	20
0.422278	21
0.422409	22
0.422548	23
0.42267	24
0.422783	25
0.422889	26
0.422996	27
0.423103	15
0.423147	16
0.423253	17
0.423363	18
0.423478	19
0.423598	20
0.423723	21
0.423854	22
0.42399	23
0.424131	24
0.424238	14
0.424339	15
0.424434	16
0.424533	17
0.424638	18
0.424741	19
0.424769	20
0.424884	21
0.425004	22
0.42513	23
0.425258	24
0.425393	25
0.425503	14
0.425619	15
0.425724	16
0.425835	17
0.42595	18
0.426071	19
0.426198	20
0.42633	21
0.426467	22
0.426588	23
0.426713	24
0.426807	25
0.426899	26
0.426951	27
0.427062	16
0.427178	16
0.427283	17
0.427394	18
0.427509	19
0.427631	20
0.427757	21
0.427888	22
0.428024	23
0.428165	24
0.428267	14
0.428366	15
0.42846	16
0.428559	17
0.428662	18
0.428764	19
0.428792	20
0.428906	21
0.429025	22
0.429149	23
0.429276	24
0.42941	25
0.429519	15
0.429633	16
0.429739	17
0.42985	18
0.429965	19
0.430085	20
0.430213	21
0.430345	22
0.430482	23
0.430601	24
0.430725	25
0.43082	26
0.430914	16
0.430966	17
0.431065	18
0.431167	19
0.431274	20
0.431387	21
0.431505	22
0.431628	23
0.431756	24
0.43189	25
0.432028	15
0.432156	16
0.432262	17
0.432373	18
0.432489	19
0.432612	20
0.432727	21
0.432769	22
0.432903	23
0.433018	24
0.433138	25
0.433263	26
0.433393	16
0.433528	16
0.433624	17
0.433723	18
0.433827	19
0.433938	20
0.434052	21
0.434173	22
0.4343	23
0.434431	24
0.434568	25
0.434708	15
0.434812	16
0.434902	17
0.434991	18
0.435081	19
0.435128	20
0.435234	21
0.435343	22
0.435456	23
0.435575	24
0.435699	25
0.435827	15
0.435962	16
0.436087	17
0.436189	18
0.436298	19
0.436414	20
0.436533	21
0.436657	22
0.436782	23
0.43691	24
0.437041	25
0.437157	15
0.437281	16
0.437312	17
0.43743	18
0.437553	19
0.437652	20
0.437757	21
0.437865	22
0.437978	23
0.438097	24
0.438222	25
0.43835	15
0.438484	16
0.43861	17
0.438741	18
0.438861	19
0.438959	20
0.43905	21
0.4391	22
0.439201	23
0.439308	24
0.439421	25
0.439539	26
0.439662	16
0.439788	17
0.439907	18
0.440027	19
0.440152	20
0.440274	21
0.440382	22
0.440496	23
0.440615	24
0.44074	25
0.44087	16
0.441001	17
0.441117	18
0.441227	19
0.441338	20
0.441457	21
0.441501	22
0.441629	23
0.441756	24
0.441864	25
0.441977	26
0.442095	17
0.442218	18
0.442335	19
0.442456	20
0.442583	21
0.442712	22
0.442847	23
0.442984	24
0.443077	15
0.443178	16
0.443271	17
0.443367	18
0.443468	19
0.443578	20
0.443693	21
0.443811	22
0.443861	23
0.443988	24
0.44412	25
0.444257	16
0.444377	17
0.444483	18
0.444592	19
0.444705	20
0.444815	21
0.444938	22
0.445068	23
0.445202	24
0.445318	25
0.445441	26
0.445567	16
0.445701	17
0.445797	18
0.445896	19
0.446005	20
0.446115	21
0.446169	22
0.44629	23
0.446415	24
0.446544	25
0.446679	15
0.446818	16
0.44693	17
0.447019	18
0.447102	19
0.447201	20
0.4473	21
0.44741	22
0.447524	23
0.447643	24
0.447769	25
0.4479	16
0.448036	16
0.448163	17
0.448272	18
0.448379	19
0.448423	20
0.448537	21
0.448655	22
0.448779	23
0.448906	24
0.449037	25
0.449165	15
0.449286	16
0.4494	17
0.449518	18
0.449638	19
0.449767	20
0.449871	21
0.449983	22
0.450099	23
0.45022	24
0.450346	25
0.450476	15
0.450611	16
0.45066	17
0.45079	18
0.450905	19
0.451011	20
0.451106	21
0.451206	22
0.451311	23
0.451422	24
0.451537	25
0.451658	26
0.451785	16
0.451917	17
0.452041	18
0.452167	19
0.452297	20
0.452413	21
0.452457	22
0.452572	23
0.452673	24
0.452779	25
0.452891	26
0.453007	27
0.453113	16
0.453238	17
0.453355	18
0.453475	19
0.453601	20
0.453732	21
0.45384	22
0.453953	23
0.454072	24
0.454197	25
0.454327	15
0.454462	16
0.454588	17
0.4547	18
0.454815	19
0.454861	20
0.454984	21
0.455093	22
0.455211	23
0.45532	24
0.455434	25
0.455553	26
0.455677	16
0.455806	17
0.455927	18
0.456055	19
0.456187	20
0.456324	21
0.456438	22
0.456538	23
0.456642	24
0.456752	25
0.456866	26
0.456981	27
0.457043	16
0.457166	17
0.457283	18
0.4574	19
0.457502	20
0.457632	21
0.457766	22
0.457891	23
0.458007	24
0.45811	25
0.458221	26
0.458336	27
0.458456	16
0.458582	17
0.458699	18
0.45882	19
0.458941	20
0.458987	21
0.45912	22
0.459243	23
0.459358	24
0.459478	25
0.459602	26
0.459718	15
0.459852	16
0.459959	17
0.460072	18
0.460189	19
0.460312	20
0.460439	21
0.460558	22
0.460667	23
0.46078	24
0.460899	25
0.461022	26
0.461151	15
0.461283	16
0.461331	17
0.461459	18
0.461567	19
0.461702	20
0.461817	21
0.46193	22
0.462048	23
0.46217	24
0.462282	25
0.4624	26
0.462521	15
0.462648	16
0.462765	17
0.462884	18
0.463008	19
0.46314	20
0.463202	21
0.463325	22
0.463436	23
0.463554	24
0.463645	25
0.463758	26
0.463876	16
0.463999	16
0.464113	17
0.464231	18
0.464353	19
0.464481	20
0.464613	21
0.464734	22
0.464859	23
0.46496	24
0.465066	25
0.465177	26
0.465292	27
0.465411	16
0.465488	17
0.465602	18
0.465697	19
0.465821	20
0.465948	21
0.466067	22
0.466191	23
0.466315	24
0.466436	25
0.466562	26
0.466693	15
0.466829	16
0.466956	17
0.467067	18
0.467184	19
0.467302	20
0.46735	21
0.467477	22
0.467593	23
0.467702	24
0.467801	25
0.467921	26
0.468046	15
0.468177	16
0.468298	17
0.468423	18
0.468553	19
0.468689	20
0.468811	21
0.46891	22
0.469013	23
0.469123	24
0.469237	25
0.469353	26
0.469474	15
0.469601	16
0.469662	17
0.469784	18
0.469882	19
0.470013	20
0.470148	21
0.470261	22
0.470361	23
0.470465	24
0.470576	25
0.470691	26
0.47081	15
0.470934	16
0.47105	17
0.471169	18
0.471291	19
0.471417	20
0.471486	21
0.471605	22
0.471719	23
0.471836	24
0.471928	25
0.472056	15
0.472189	16
0.472315	17
0.472434	18
0.472552	19
0.472672	20
0.472798	21
0.472915	22
0.473023	23
0.473135	24
0.47325	25
0.473371	26
0.473497	15
0.473624	16
0.473746	17
0.473831	18
0.473919	19
0.474053	20
0.474192	21
0.474302	22
0.474403	23
0.47451	24
0.474622	25
0.474737	26
0.474856	15
0.474981	16
0.475097	17
0.475213	18
0.475332	19
0.475462	20
0.475582	21
0.475705	22
0.475795	23
0.47591	24
0.475995	25
0.476122	15
0.476255	16
0.476362	17
0.476473	18
0.476587	19
0.476709	20
0.476836	21
0.476968	22
0.477088	23
0.477198	24
0.477314	25
0.477427	26
0.477555	15
0.477687	16
0.47781	17
0.477919	18
0.477967	19
0.478084	20
0.478205	21
0.478332	22
0.478457	23
0.478566	24
0.478679	25
0.478796	26
0.478919	15
0.479046	16
0.479163	17
0.47928	18
0.479395	19
0.479527	20
0.479663	21
0.479771	22
0.479885	23
0.479989	24
0.480033	25
0.480145	26
0.480263	16
0.480385	17
0.4805	18
0.480617	19
0.480741	20
0.48087	21
0.481002	22
0.481123	23
0.48125	24
0.481351	25
0.481452	26
0.481562	27
0.481678	16
0.481799	17
0.48191	18
0.482025	19
0.482145	20
0.482194	21
0.482323	22
0.482452	23
0.482577	24
0.482692	25
0.482812	26
0.482937	15
0.483067	16
0.483187	17
0.483312	18
0.483443	19
0.483578	20
0.483681	21
0.483805	22
0.483919	23
0.484038	24
0.484162	25
0.484275	26
0.484392	27
0.484513	16
0.484565	17
0.484681	18
0.484803	19
0.484929	20
0.48506	21
0.485196	22
0.485317	23
0.485429	24
0.485532	25
0.485641	26
0.485754	27
0.485871	16
0.485986	17
0.4861	18
0.486219	19
0.486337	20
0.486386	21
0.486517	22
0.486638	23
0.486764	24
0.486881	25
0.487002	26
0.487129	15
0.48726	16
0.487381	17
0.487487	18
0.487597	19
0.487709	20
0.487825	21
0.487951	22
0.488081	23
0.488191	24
0.488303	25
0.488418	26
0.488537	15
0.488662	16
0.488696	17
0.488815	18
0.488939	19
0.489067	20
0.489202	21
0.489337	22
0.489446	23
0.48956	24
0.489666	25
0.489775	26
0.489891	27
0.490011	16
0.490136	16
0.49025	17
0.490356	18
0.490469	19
0.490532	20
0.490664	21
0.490786	22
0.490899	23
0.491017	24
0.49114	25
0.491267	15
0.491399	16
0.491522	17
0.491628	18
0.491738	19
0.491853	20
0.491975	21
0.492103	22
0.492234	23
0.492339	24
0.492451	25
0.492559	26
0.492678	15
0.49274	16
0.492855	17
0.492975	18
0.493099	19
0.493229	20
0.493363	21
0.493496	22
0.493606	23
0.493707	24
0.493813	25
0.493924	26
0.49404	27
0.494162	16
0.494287	17
0.494401	18
0.494437	19
0.494561	20
0.494689	21
0.494823	22
0.494946	23
0.495061	24
0.495159	25
0.495263	26
0.495371	27
0.495484	16
0.495602	17
0.49571	18
0.495824	19
0.495943	20
0.496062	21
0.496191	22
0.496319	23
0.496429	24
0.496467	25
0.496584	26
0.496705	15
0.496831	16
0.496948	17
0.49707	18
0.497197	19
0.497326	20
0.49745	21
0.497572	22
0.497698	23
0.4978	24
0.497907	25
0.498021	26
0.49814	27
0.498264	15
0.498393	16
0.498504	17
0.498534	18
0.498658	19
0.498787	20
0.498919	21
0.499057	22
0.499152	23
0.499252	24
0.499358	25
0.499467	26
0.49958	27
0.499699	15
0.499825	16
0.49994	17
0.500057	18
0.500176	19
0.500299	20
0.500414	21
0.500454	22
0.500566	23
0.500681	24
0.500801	25
0.500929	26
0.501061	15
0.501198	15
0.501305	16
0.501413	17
0.501526	18
0.501649	19
0.501776	20
0.501904	21
0.502013	22
0.502127	23
0.502246	24
0.502371	25
0.5025	15
0.502631	15
0.502753	16
0.502788	17
0.5029	18
0.503018	19
0.503139	20
0.503262	21
0.503365	22
0.503473	23
0.503585	24
0.503704	25
0.503828	26
0.503958	15
0.50409	16
0.504205	17
0.504333	18
0.504465	19
0.504588	20
0.504621	21
0.50472	22
0.504823	23
0.504931	24
0.505046	25
0.505165	26
0.505287	15
0.505413	16
0.505531	17
0.505651	18
0.505775	19
0.505908	20
0.506016	21
0.506129	22
0.50625	23
0.506376	24
0.506507	25
0.506643	14
0.506765	15
0.506868	16
0.506905	17
0.507022	18
0.507141	19
0.507267	20
0.507399	21
0.507505	22
0.507618	23
0.507736	24
0.507858	25
0.507986	26
0.508118	15
0.508253	15
0.508358	16
0.508471	17
0.508582	18
0.508699	19
0.508751	20
0.508867	21
0.50897	22
0.509078	23
0.509193	24
0.509312	25
0.509437	26
0.509566	14
0.509695	15
0.509812	16
0.509938	17
0.510068	18
0.51019	19
0.510301	20
0.510402	21
0.510503	22
0.510613	23
0.510729	24
0.51085	25
0.510909	26
0.511039	14
0.511173	15
0.511292	16
0.511408	17
0.511527	18
0.511652	19
0.511782	20
0.511903	21
0.512029	22
0.51216	23
0.512278	24
0.512401	25
0.512528	26
0.512659	14
0.512784	15
0.512818	16
0.512928	17
0.513045	18
0.513168	19
0.513281	20
0.5134	21
0.513523	22
0.513651	23
0.513784	24
0.513924	25
0.514047	14
0.514164	14
0.514267	15
0.514371	16
0.514484	17
0.514525	18
0.514646	19
0.514752	20
0.514868	21
0.514989	22
0.515115	23
0.515246	24
0.515382	25
0.515491	14
0.515605	15
0.51571	16
0.515817	17
0.51593	18
0.51604	19
0.516162	20
0.516275	21
0.51639	22
0.516445	23
0.516572	24
0.516703	25
0.516825	14
0.516953	15
0.517069	16
0.517189	17
0.517316	18
0.517447	19
0.517568	20
0.517674	21
0.517786	22
0.517902	23
0.518022	24
0.51815	25
0.518268	14
0.518391	15
0.518504	16
0.518543	17
0.518662	18
0.518788	19
0.518918	20
0.519038	21
0.519154	22
0.519265	23
0.519382	24
0.519505	25
0.519618	26
0.519735	27
0.519857	15
0.519978	16
0.520096	17
0.520219	18
0.520345	19
0.520386	20
0.520511	21
0.520634	22
0.520763	23
0.520896	24
0.52102	25
0.52113	15
0.521244	15
0.52135	16
0.521458	17
0.521566	18
0.521677	19
0.5218	20
0.521929	21
0.522047	22
0.522171	23
0.522286	24
0.522406	25
0.52253	26
0.522576	15
0.522708	16
0.52283	17
0.522958	18
0.52307	19
0.523189	20
0.52331	21
0.523436	22
0.523553	23
0.523657	24
0.523767	25
0.523886	26
0.52401	15
0.524138	16
0.524257	17
0.524381	18
0.524423	19
0.524553	20
0.524689	21
0.524829	22
0.524924	23
0.525023	24
0.525127	25
0.525237	26
0.525351	27
0.525471	15
0.525593	16
0.525701	17
0.525813	18
0.525936	19
0.526065	20
0.526198	21
0.526311	22
0.526426	23
0.526464	24
0.526586	25
0.526712	26
0.526843	15
0.526977	15
0.527083	16
0.527193	17
0.527303	18
0.527422	19
0.527546	20
0.52766	21
0.527779	22
0.527903	23
0.528018	24
0.528139	25
0.528262	26
0.528392	14
0.528512	15
0.528562	16
0.528688	17
0.5288	18
0.528903	19
0.529011	20
0.529123	21
0.529238	22
0.52936	23
0.52947	24
0.529587	25
0.529708	26
0.529835	14
0.529966	15
0.530068	16
0.530179	17
0.530228	18
0.530348	19
0.530473	20
0.530603	21
0.530736	22
0.530859	23
0.530967	24
0.53108	25
0.531198	26
0.531321	14
0.531449	15
0.531545	16
0.531648	17
0.531736	18
0.531851	19
0.531972	20
0.532095	21
0.532177	22
0.532312	23
0.532436	24
0.532564	25
0.532698	14
0.532824	14
0.532915	15
0.533008	16
0.533109	17
0.533207	18
0.533316	19
0.533431	20
0.533554	21
0.533667	22
0.533784	23
0.533906	24
0.534019	25
0.534136	26
0.534205	14
0.534329	15
0.534441	16
0.534557	17
0.534679	18
0.534808	19
0.534942	20
0.535073	21
0.535192	22
0.535288	23
0.535388	24
0.535494	25
0.535605	26
0.535722	27
0.535835	15
0.535899	15
0.536012	16
0.536129	17
0.536252	18
0.536379	19
0.53651	20
0.536632	21
0.536744	22
0.536839	23
0.536938	24
0.537045	25
0.537158	26
0.537273	27
0.537387	15
0.537442	15
0.537554	16
0.53767	17
0.537792	18
0.537917	19
0.538032	20
0.53814	21
0.538253	22
0.538371	23
0.538493	24
0.538618	25
0.538749	13
0.538886	14
0.539002	15
0.539037	16
0.53915	17
0.539268	18
0.539389	19
0.539501	20
0.539602	21
0.539709	22
0.539821	23
0.539937	24
0.540059	25
0.54018	26
0.540305	14
0.540437	15
0.540556	16
0.540684	17
0.540727	18
0.54085	19
0.540963	20
0.541079	21
0.541203	22
0.541332	23
0.541466	24
0.541583	25
0.541704	26
0.54183	14
0.54196	15
0.542047	16
0.542157	17
0.542273	18
0.542393	19
0.542518	20
0.54263	21
0.542672	22
0.542793	23
0.542921	24
0.543053	25
0.54319	13
0.543315	14
0.543412	15
0.543516	16
0.543621	17
0.543724	18
0.543839	19
0.54396	20
0.54407	21
0.544184	22
0.544304	23
0.544429	24
0.544559	25
0.544674	13
0.544715	14
0.544826	15
0.544941	16
0.545063	17
0.545189	18
0.54532	19
0.545441	20
0.545565	21
0.545671	22
0.545784	23
0.545903	24
0.546027	25
0.546141	26
0.546185	14
0.546306	14
0.546415	15
0.546529	16
0.546648	17
0.546772	18
0.546886	19
0.547004	20
0.547129	21
0.547259	22
0.547386	23
0.547512	24
0.547625	25
0.547737	26
0.547772	27
0.547893	14
0.548018	15
0.548133	16
0.548237	17
0.548347	18
0.548461	19
0.54858	20
0.548704	21
0.548818	22
0.548937	23
0.549061	24
0.54919	25
0.549325	13
0.549464	14
0.549571	15
0.549588	16
0.549689	17
0.549795	18
0.549906	19
0.550021	20
0.550141	21
0.550252	22
0.550367	23
0.550487	24
0.550612	25
0.550742	14
0.550877	14
0.550986	15
0.551099	16
0.551216	17
0.551242	18
0.55137	19
0.551493	20
0.551617	21
0.551739	22
0.551852	23
0.551969	24
0.552092	25
0.552219	26
0.552352	14
0.552473	15
0.552584	16
0.552699	17
0.552818	18
0.552939	19
0.55305	20
0.553167	21
0.553205	22
0.553332	23
0.553465	24
0.553602	25
0.553724	14
0.553837	14
0.553939	15
0.554046	16
0.554158	17
0.554274	18
0.554394	19
0.554504	20
0.55462	21
0.554739	22
0.554863	23
0.554992	24
0.555127	25
0.555252	14
0.555293	14
0.555393	15
0.555497	16
0.555605	17
0.55572	18
0.55584	19
0.555949	20
0.556063	21
0.556181	22
0.556304	23
0.556432	24
0.556566	25
0.556687	13
0.556723	14
0.556839	15
0.556958	16
0.557081	17
0.557211	18
0.557336	19
0.557441	20
0.55755	21
0.557664	22
0.557783	23
0.557907	24
0.558036	25
0.558154	13
0.558184	14
0.558292	15
0.558405	16
0.558524	17
0.558648	18
0.558776	19
0.558894	20
0.559017	21
0.559145	22
0.559279	23
0.559417	24
0.559525	13
0.559638	14
0.559656	15
0.559761	16
0.559871	17
0.559987	18
0.560107	19
0.560232	20
0.560346	21
0.560465	22
0.56059	23
0.560721	24
0.560857	25
0.560986	14
0.561095	15
0.561192	16
0.561216	17
0.561322	18
0.561434	19
0.56155	20
0.561672	21
0.561782	22
0.561899	23
0.56202	24
0.562147	25
0.562278	14
0.562414	15
0.562525	16
0.562643	17
0.562765	18
0.562887	19
0.563016	20
0.563048	21
0.563174	22
0.56328	23
0.563391	24
0.563506	25
0.563626	26
0.563751	14
0.563881	15
0.563987	16
0.564098	17
0.564214	18
0.564336	19
0.564462	20
0.564593	21
0.564712	22
0.564836	23
0.564965	24
0.565101	25
0.56522	14
0.565327	14
0.565356	15
0.565456	16
0.565562	17
0.565673	18
0.565789	19
0.56591	20
0.566036	21
0.566152	22
0.566272	23
0.566397	24
0.566527	25
0.566648	14
0.566762	14
0.566875	15
0.566911	16
0.567032	17
0.567158	18
0.567288	19
0.567425	20
0.567529	21
0.567637	22
0.567752	23
0.567871	24
0.567994	25
0.568109	26
0.568216	14
0.568339	15
0.568452	16
0.568563	17
0.568612	18
0.568737	19
0.568868	20
0.568991	21
0.569116	22
0.569228	23
0.569343	24
0.569449	25
0.569559	26
0.569676	27
0.569797	15
0.569924	16
0.570039	17
0.570159	18
0.570278	19
0.570401	20
0.570516	21
0.570559	22
0.570684	23
0.570816	24
0.570936	25
0.57106	26
0.57117	15
0.571285	15
0.57139	16
0.571501	17
0.571616	18
0.571736	19
0.571861	20
0.571974	21
0.572093	22
0.572212	23
0.572328	24
0.572445	25
0.572568	26
0.572697	14
0.572825	15
0.572855	16
0.57298	17
0.57311	18
0.573245	19
0.573358	20
0.573467	21
0.573581	22
0.573702	23
0.573822	24
0.573936	25
0.574055	26
0.574179	14
0.574305	15
0.574414	16
0.574536	17
0.574572	18
0.574702	19
0.574822	20
0.574946	21
0.575074	22
0.575208	23
0.575331	24
0.575438	25
0.575551	26
0.575669	27
0.575789	15
0.575913	16
0.576026	17
0.576143	18
0.576269	19
0.576384	20
0.576503	21
0.576544	22
0.576672	23
0.576788	24
0.57691	25
0.577036	26
0.577167	14
0.577303	15
0.577428	16
0.577537	17
0.577645	18
0.577763	19
0.577883	20
0.577994	21
0.57811	22
0.578219	23
0.578332	24
0.578451	25
0.578574	26
0.578703	14
0.57883	15
0.57886	16
0.578983	17
0.579112	18
0.579245	19
0.579367	20
0.579471	21
0.579567	22
0.579668	23
0.579775	24
0.579886	25
0.580001	26
0.580123	14
0.580249	15
0.580352	16
0.580471	17
0.580519	18
0.580645	19
0.580778	20
0.580885	21
0.580995	22
0.581112	23
0.581236	24
0.581363	25
0.581494	13
0.581621	14
0.581722	15
0.581825	16
0.581938	17
0.582049	18
0.582173	19
0.582302	20
0.582404	21
0.582445	22
0.582557	23
0.582673	24
0.582795	25
0.582921	26
0.583048	14
0.583183	15
0.583303	16
0.58341	17
0.583524	18
0.58363	19
0.583741	20
0.583855	21
0.583957	22
0.584065	23
0.584178	24
0.584297	25
0.584422	26
0.584551	14
0.584681	15
0.584721	16
0.584831	17
0.584944	18
0.585062	19
0.585185	20
0.585315	21
0.585435	22
0.585556	23
0.585664	24
0.585778	25
0.585897	26
0.58602	14
0.586143	15
0.586247	16
0.586343	17
0.586402	18
0.586516	19
0.586635	20
0.586758	21
0.586869	22
0.586987	23
0.587111	24
0.587241	25
0.587375	13
0.587515	14
0.587603	15
0.587694	16
0.587794	17
0.58789	18
0.587999	19
0.58811	20
0.58823	21
0.5883	22
0.588412	23
0.588528	24
0.58865	25
0.588772	26
0.588898	14
0.589019	14
0.589124	15
0.589239	16
0.589354	17
0.589479	18
0.589609	19
0.589743	20
0.589849	21
0.589955	22
0.590066	23
0.59018	24
0.5903	25
0.590411	26
0.590457	14
0.590578	15
0.590687	16
0.590801	17
0.59092	18
0.591043	19
0.59117	20
0.591304	21
0.591426	22
0.591552	23
0.591649	24
0.591752	25
0.59186	26
0.591973	27
0.592091	15
0.592133	16
0.592242	17
0.592357	18
0.592474	19
0.592597	20
0.592726	21
0.592842	22
0.59295	23
0.593063	24
0.593181	25
0.593303	26
0.593429	14
0.59356	15
0.593681	16
0.593804	17
0.593836	18
0.593971	19
0.594099	20
0.594221	21
0.594323	22
0.594425	23
0.594533	24
0.594646	25
0.594764	26
0.594887	14
0.595012	15
0.595125	16
0.595245	17
0.59537	18
0.595496	19
0.595627	20
0.595745	21
0.59578	22
0.595877	23
0.595979	24
0.596086	25
0.596198	26
0.596315	27
0.596436	15
0.596561	15
0.596673	16
0.59679	17
0.596913	18
0.597042	19
0.597154	20
0.597263	21
0.597377	22
0.597496	23
0.59762	24
0.59775	25
0.597885	13
0.59802	14
0.598124	15
0.59815	16
0.598251	17
0.598356	18
0.598466	19
0.598583	20
0.598704	21
0.598823	22
0.598938	23
0.599057	24
0.59918	25
0.599309	14
0.599442	15
0.599566	16
0.59968	17
0.599799	18
0.599821	19
0.599947	20
0.600078	21
0.600214	22
0.600316	23
0.600423	24
0.600535	25
0.600653	26
0.600774	14
0.600902	15
0.601018	16
0.601125	17
0.601237	18
0.601354	19
0.601475	20
0.601601	21
0.601733	22
0.601856	23
0.601888	24
0.602012	25
0.602125	26
0.602244	15
0.602366	15
0.602462	16
0.602565	17
0.602673	18
0.602786	19
0.602904	20
0.603026	21
0.603153	22
0.60327	23
0.603391	24
0.603516	25
0.603647	14
0.60377	15
0.603883	16
0.603904	17
0.604024	18
0.604151	19
0.604282	20
0.604417	21
0.604536	22
0.604648	23
0.604761	24
0.604879	25
0.605002	26
0.605115	15
0.605231	16
0.605337	17
0.60545	18
0.605568	19
0.605692	20
0.605724	21
0.605855	22
0.605991	23
0.606131	24
0.606234	14
0.606337	15
0.606432	16
0.606532	17
0.606636	18
0.606746	19
0.606859	20
0.606975	21
0.607098	22
0.607226	23
0.60736	24
0.607485	25
0.6076	14
0.607721	15
0.607827	16
0.607858	17
0.607975	18
0.608098	19
0.608225	20
0.608358	21
0.608495	22
0.608614	23
0.608724	24
0.60884	25
0.60896	26
0.609082	15
0.609193	16
0.609294	17
0.6094	18
0.60951	19
0.609626	20
0.609674	21
0.609801	22
0.609933	23
0.610057	24
0.610186	25
0.610319	14
0.610457	15
0.610569	16
0.610667	17
0.610769	18
0.61087	19
0.610982	20
0.611098	21
0.611218	22
0.611329	23
0.611443	24
0.611562	25
0.611685	26
0.61181	15
0.611943	16
0.612	17
0.612115	18
0.612235	19
0.61236	20
0.61249	21
0.612611	22
0.612738	23
0.612841	24
0.612949	25
0.613067	26
0.613188	15
0.613315	15
0.613431	16
0.613523	17
0.613632	18
0.613741	19
0.613807	20
0.613917	21
0.614031	22
0.614151	23
0.614276	24
0.614406	25
0.614539	14
0.614678	15
0.614791	16
0.614887	17
0.61499	18
0.615096	19
0.615196	20
0.615299	21
0.615409	22
0.615521	23
0.615634	24
0.615755	25
0.615881	14
0.615963	15
0.616085	16
0.616213	17
0.616315	18
0.616424	19
0.616541	20
0.616662	21
0.616788	22
0.616919	23
0.617054	24
0.617162	25
0.617275	15
0.6174	16
0.617517	17
0.617571	18
0.617669	19
0.617774	20
0.617882	21
0.617996	22
0.618113	23
0.618233	24
0.618363	25
0.618499	15
0.618639	16
0.618749	17
0.61884	18
0.618933	19
0.619024	20
0.619125	21
0.619231	22
0.619341	23
0.619396	24
0.619516	25
0.619642	26
0.619773	15
0.619902	16
0.620015	17
0.62013	18
0.62025	19
0.620363	20
0.620481	21
0.620604	22
0.620732	23
0.620864	24
0.620994	25
0.621111	15
0.621217	15
0.621318	16
0.621425	17
0.621534	18
0.621596	19
0.621718	20
0.621828	21
0.621944	22
0.622063	23
0.622188	24
0.62232	25
0.622449	14
0.622578	15
0.622697	16
0.622801	17
0.622929	18
0.623062	19
0.623164	20
0.623271	21
0.62338	22
0.623494	23
0.623616	24
0.623679	25
0.623808	14
0.623928	15
0.62404	16
0.624148	17
0.624268	18
0.624395	19
0.62451	20
0.624616	21
0.624741	22
0.624871	23
0.625006	24
0.625112	25
0.625223	26
0.625339	27
0.625457	15
0.625534	16
0.625648	17
0.625766	18
0.625876	19
0.625978	20
0.626094	21
0.626218	22
0.626346	23
0.626474	24
0.626599	25
0.626728	14
0.62686	15
0.626971	16
0.627081	17
0.62718	18
0.627221	19
0.62733	20
0.627444	21
0.627563	22
0.627688	23
0.627813	24
0.627933	25
0.628056	26
0.628181	15
0.628316	16
0.628425	17
0.628537	18
0.628644	19
0.628768	20
0.628896	21
0.629028	22
0.629138	23
0.629246	24
0.629306	25
0.629423	26
0.629544	15
0.629671	16
0.629789	17
0.629897	18
0.629998	19
0.630114	20
0.630234	21
0.630358	22
0.630482	23
0.630603	24
0.630728	25
0.630863	14
0.630997	15
0.631107	16
0.631206	17
0.63131	18
0.631348	19
0.63146	20
0.631577	21
0.631699	22
0.631822	23
0.631938	24
0.632056	25
0.632182	26
0.632315	14
0.632447	15
0.632547	16
0.632663	17
0.632783	18
0.632908	19
0.633039	20
0.633166	21
0.63327	22
0.633377	23
0.633439	24
0.633556	25
0.63368	26
0.633809	14
0.633942	15
0.634027	16
0.634136	17
0.634246	18
0.634365	19
0.63449	20
0.634606	21
0.634726	22
0.634852	23
0.634984	24
0.635121	25
0.635254	14
0.635379	15
0.635473	16
0.635514	17
0.635623	18
0.635728	19
0.635845	20
0.635965	21
0.636076	22
0.636191	23
0.636312	24
0.63644	25
0.636572	14
0.636709	14
0.63682	15
0.636917	16
0.637018	17
0.63712	18
0.637231	19
0.637295	20
0.6374	21
0.63751	22
0.637623	23
0.637737	24
0.637861	25
0.637986	14
0.638091	15
0.638202	16
0.638317	17
0.638438	18
0.638563	19
0.638678	20
0.638798	21
0.638923	22
0.639054	23
0.639185	24
0.639304	25
0.639426	14
0.639488	15
0.639593	16
0.639676	17
0.63979	18
0.639909	19
0.640033	20
0.640146	21
0.640263	22
0.640386	23
0.640513	24
0.640645	25
0.640782	14
0.640889	15
0.640981	16
0.641039	17
0.641146	18
0.641256	19
0.641372	20
0.641458	21
0.641575	22
0.64169	23
0.64181	24
0.641935	25
0.642065	15
0.642187	15
0.642298	16
0.642415	17
0.642534	18
0.642657	19
0.642786	20
0.64285	21
0.642976	22
0.643107	23
0.64324	24
0.643361	25
0.643474	26
0.643591	16
0.643711	16
0.643796	17
0.643914	18
0.644035	19
0.644162	20
0.644279	21
0.644401	22
0.644526	23
0.644657	24
0.644781	25
0.644909	15
0.645041	16
0.645135	17
0.645211	18
0.645325	19
0.645444	20
0.645568	21
0.645651	22
0.645769	23
0.645891	24
0.64602	25
0.646144	15
0.646267	16
0.646383	17
0.646503	18
0.646624	19
0.646751	20
0.646884	21
0.64698	22
0.647082	23
0.647171	24
0.647293	25
0.647419	26
0.647534	16
0.647655	16
0.647766	17
0.647883	18
0.647978	19
0.648104	20
0.648234	21
0.648354	22
0.64848	23
0.648609	24
0.648742	25
0.648849	15
0.648961	16
0.649065	17
0.649171	18
0.649269	19
0.649353	20
0.649474	21
0.649601	22
0.64973	23
0.649852	24
0.649977	25
0.650075	15
0.650199	16
0.650313	17
0.650432	18
0.650556	19
0.650685	20
0.650817	21
0.650935	22
0.651059	23
0.651173	24
0.651291	25
0.651399	26
0.651511	15
0.651613	16
0.651722	17
0.651835	18
0.651917	19
0.652041	20
0.652169	21
0.652303	22
0.65244	23
0.65255	24
0.652665	25
0.65277	26
0.652881	27
0.652996	16
0.653115	16
0.653222	17
0.653287	18
0.653405	19
0.653526	20
0.653654	21
0.653785	22
0.653905	23
0.654	24
0.654123	25
0.654246	26
0.654375	15
0.654508	16
0.654613	17
0.654722	18
0.654837	19
0.654956	20
0.655078	21
0.655206	22
0.655288	23
0.655398	24
0.655511	25
0.65563	26
0.655754	15
0.655882	16
0.656001	17
0.656126	18
0.65622	19
0.656353	20
0.656492	21
0.656615	22
0.656715	23
0.65682	24
0.65693	25
0.657046	26
0.657166	15
0.657291	16
0.657405	17
0.657524	18
0.657587	19
0.657715	20
0.657849	21
0.657974	22
0.658089	23
0.658186	24
0.658268	25
0.658379	26
0.658494	27
0.658614	16
0.658739	16
0.658854	17
0.658971	18
0.659094	19
0.659223	20
0.659342	21
0.659451	22
0.659557	23
0.65962	24
0.659743	25
0.65987	15
0.660003	16
0.660128	17
0.660256	18
0.66039	19
0.6605	20
0.660607	21
0.660719	22
0.660822	23
0.660929	24
0.661041	25
0.661159	26
0.661282	15
0.661409	16
0.661527	17
0.661637	18
0.661712	19
0.661843	20
0.661966	21
0.662093	22
0.662193	23
0.662296	24
0.662403	25
0.662514	26
0.66261	16
0.662731	16
0.662843	17
0.66296	18
0.66308	19
0.663207	20
0.663324	21
0.663444	22
0.663544	23
0.663644	24
0.66374	25
0.663866	26
0.663998	15
0.664135	16
0.664261	17
0.66437	18
0.664457	19
0.664566	20
0.664678	21
0.664796	22
0.664919	23
0.665031	24
0.665147	25
0.665269	26
0.665395	15
0.665527	16
0.66565	17
0.665776	18
0.66583	19
0.665951	20
0.666078	21
0.666209	22
0.666331	23
0.666436	24
0.666534	25
0.666652	26
0.666775	15
0.666902	16
0.667021	17
0.667131	18
0.667238	19
0.667357	20
0.667482	21
0.66761	22
0.667728	23
0.667851	24
0.66792	25
0.668055	14
0.668194	15
0.668312	16
0.668414	17
0.668518	18
0.668598	19
0.668714	20
0.668833	21
0.668958	22
0.669073	23
0.669193	24
0.669317	25
0.669446	15
0.669567	15
0.669678	16
0.669732	17
0.669852	18
0.669976	19
0.670107	20
0.670238	21
0.670363	22
0.67047	23
0.67058	24
0.670667	25
0.670776	26
0.67089	27
0.671011	16
0.671128	16
0.671243	17
0.671362	18
0.671485	19
0.671561	20
0.671692	21
0.671803	22
0.671919	23
0.672042	24
0.672169	25
0.672302	14
0.672439	15
0.672555	16
0.672667	17
0.672778	18
0.672856	19
0.67298	20
0.673095	21
0.673199	22
0.673309	23
0.673424	24
0.673544	25
0.673668	26
0.673743	15
0.673877	16
0.674001	17
0.674131	18
0.674254	19
0.674367	20
0.674484	21
0.674607	22
0.674734	23
0.674863	24
0.674974	25
0.675091	14
0.675214	15
0.675327	16
0.675445	17
0.675555	18
0.675608	19
0.675726	20
0.67585	21
0.675964	22
0.676084	23
0.67621	24
0.676341	25
0.676477	14
0.676605	15
0.676706	16
0.67678	17
0.676886	18
0.676997	19
0.677112	20
0.677232	21
0.677357	22
0.677471	23
0.67759	24
0.677647	25
0.677767	26
0.677887	14
0.678012	15
0.678126	16
0.678241	17
0.678356	18
0.678482	19
0.678595	20
0.678718	21
0.678845	22
0.678977	23
0.679101	24
0.679207	25
0.679316	26
0.679432	27
0.679551	15
0.679617	16
0.67973	17
0.679847	18
0.679969	19
0.680094	20
0.680213	21
0.680325	22
0.680442	23
0.680559	24
0.680681	25
0.680791	14
0.680926	15
0.681051	16
0.681159	17
0.68127	18
0.681332	19
0.681451	20
0.681561	21
0.681663	22
0.68177	23
0.681882	24
0.681998	25
0.682121	26
0.682248	14
0.682377	15
0.68247	16
0.682596	17
0.682725	18
0.682846	19
0.682959	20
0.683076	21
0.683199	22
0.683324	23
0.683385	24
0.68352	25
0.68364	14
0.683764	15
0.683879	16
0.68399	17
0.684111	18
0.684204	19
0.684311	20
0.684421	21
0.684537	22
0.684658	23
0.684786	24
0.684918	25
0.685054	14
0.685186	15
0.685295	16
0.68533	17
0.685424	18
0.685522	19
0.685626	20
0.685728	21
0.685837	22
0.685954	23
0.686076	24
0.686198	25
0.68633	14
0.686466	15
0.686579	16
0.686685	17
0.686795	18
0.686912	19
0.687028	20
0.687074	21
0.687203	22
0.687336	23
0.687474	24
0.687595	25
0.687708	26
0.687825	15
0.687944	16
0.688031	17
0.688134	18
0.688242	19
0.688355	20
0.688473	21
0.688596	22
0.688725	23
0.688859	24
0.688999	25
0.68912	14
0.689226	15
0.689313	16
0.689348	17
0.689447	18
0.689547	19
0.689655	20
0.689761	21
0.689878	22
0.690001	23
0.690128	24
0.690261	25
0.690383	14
0.690511	15
0.690614	16
0.69072	17
0.690832	18
0.690947	19
0.691064	20
0.691121	21
0.691252	22
0.691387	23
0.691525	24
0.691632	14
0.691745	15
0.69185	16
0.691958	17
0.692068	18
0.692173	19
0.692282	20
0.692398	21
0.692519	22
0.692647	23
0.692779	24
0.692916	25
0.693042	14
0.693169	15
0.693274	16
0.693316	17
0.693432	18
0.693552	19
0.693676	20
0.693803	21
0.693935	22
0.694047	23
0.694167	24
0.694291	25
0.69442	15
0.69454	16
0.694647	17
0.694741	18
0.694846	19
0.694958	20
0.69507	21
0.695129	22
0.695254	23
0.695384	24
0.695517	25
0.695656	15
0.695766	15
0.695866	16
0.69597	17
0.696078	18
0.696185	19
0.696285	20
0.696393	21
0.696505	22
0.69662	23
0.696744	24
0.696873	25
0.697005	14
0.697126	15
0.697238	16
0.697291	17
0.697415	18
0.697528	19
0.697646	20
0.69777	21
0.697898	22
0.69803	23
0.698147	24
0.698262	25
0.698389	26
0.698518	15
0.698627	16
0.698732	17
0.698835	18
0.698942	19
0.69905	20
0.699107	21
0.699226	22
0.69935	23
0.69948	24
0.699615	25
0.699754	14
0.699879	15
0.699967	16
0.700059	17
0.700156	18
0.700241	19
0.700347	20
0.700452	21
0.700569	22
0.700689	23
0.700814	24
0.700945	25
0.70108	14
0.70122	15
0.70132	16
0.701366	17
0.701458	18
0.701555	19
0.701656	20
0.701763	21
0.701874	22
0.701991	23
0.702111	24
0.702227	25
0.702359	14
0.702481	15
0.702576	16
0.702673	17
0.702777	18
0.702886	19
0.702996	20
0.70307	21
0.703197	22
0.703328	23
0.703463	24
0.703604	14
0.703715	15
0.703817	16
0.703923	17
0.70401	18
0.704123	19
0.704228	20
0.704338	21
0.70445	22
0.70457	23
0.704695	24
0.704824	25
0.704956	14
0.705078	15
0.70517	16
0.705258	17
0.705382	18
0.705509	19
0.705627	20
0.705748	21
0.705869	22
0.705992	23
0.706125	24
0.706242	25
0.706352	26
0.706467	15
0.706587	16
0.706684	17
0.706794	18
0.706893	19
0.707012	20
0.707108	21
0.707226	22
0.707348	23
0.707476	24
0.707608	25
0.707732	15
0.70786	16
0.70796	17
0.708063	18
0.708169	19
0.708255	20
0.708364	21
0.708479	22
0.708591	23
0.708703	24
0.708815	25
0.708941	26
0.709054	15
0.709171	16
0.709271	17
0.709371	18
0.709491	19
0.709615	20
0.709745	21
0.709878	22
0.71	23
0.710125	24
0.710235	25
0.710329	26
0.710429	27
0.710541	16
0.71065	17
0.710756	18
0.71083	19
0.710945	20
0.711054	21
0.711175	22
0.711305	23
0.711425	24
0.71155	25
0.711666	26
0.711786	15
0.711913	16
0.712031	17
0.712154	18
0.712281	19
0.712408	20
0.71251	21
0.712625	22
0.712744	23
0.712853	24
0.71293	25
0.713051	26
0.713176	15
0.713284	16
0.713381	17
0.713487	18
0.713599	19
0.713719	20
0.713844	21
0.713974	22
0.714104	23
0.71423	24
0.714361	25
0.71448	14
0.714606	15
0.714699	16
0.714778	17
0.71488	18
0.714944	19
0.715053	20
0.715162	21
0.715281	22
0.715404	23
0.715533	24
0.715652	25
0.715778	26
0.715896	15
0.716017	16
0.716124	17
0.716238	18
0.716357	19
0.716482	20
0.716584	21
0.716718	22
0.716834	23
0.716941	24
0.717026	25
0.717143	26
0.717266	15
0.717374	15
0.717472	16
0.717577	17
0.717684	18
0.717801	19
0.717915	20
0.718039	21
0.718167	22
0.718285	23
0.718409	24
0.718539	25
0.718672	14
0.718788	15
0.718872	16
0.718933	17
0.719035	18
0.719139	19
0.719252	20
0.719367	21
0.719488	22
0.719613	23
0.719747	24
0.719856	25
0.71997	26
0.720089	27
0.72021	15
0.72033	16
0.720445	17
0.720545	18
0.720666	19
0.720748	20
0.720882	21
0.721016	22
0.721138	23
0.721247	24
0.721349	25
0.721459	26
0.721573	27
0.721691	15
0.721814	16
0.721927	17
0.722022	18
0.722144	19
0.72227	20
0.722391	21
0.722514	22
0.722627	23
0.722737	24
0.722838	25
0.722918	26
0.723028	27
0.723145	15
0.723268	16
0.723379	17
0.72348	18
0.723603	19
0.72373	20
0.723853	21
0.723953	22
0.724063	23
0.724179	24
0.724299	25
0.724424	26
0.724551	14
0.724686	15
0.724791	16
0.724894	17
0.72497	18
0.72509	19
0.725215	20
0.725324	21
0.725426	22
0.725536	23
0.725651	24
0.725771	25
0.725895	26
0.72602	14
0.726149	15
0.726258	16
0.726383	17
0.726514	18
0.726631	19
0.726744	20
0.726858	21
0.726932	22
0.727041	23
0.727155	24
0.727273	25
0.727396	26
0.727525	14
0.72765	15
0.727752	16
0.727863	17
0.72797	18
0.728091	19
0.728217	20
0.728335	21
0.728459	22
0.72857	23
0.728685	24
0.728805	25
0.72893	26
0.72906	14
0.729191	15
0.729257	16
0.729369	17
0.729464	18
0.729583	19
0.729708	20
0.729824	21
0.72994	22
0.730066	23
0.730197	24
0.730333	25
0.730456	13
0.730569	14
0.730667	15
0.730769	16
0.730877	17
0.730944	18
0.731064	19
0.731189	20
0.731307	21
0.731414	22
0.731537	23
0.731665	24
0.731797	25
0.73192	13
0.732028	14
0.732124	15
0.732225	16
0.732329	17
0.732439	18
0.732554	19
0.732674	20
0.732797	21
0.732874	22
0.732994	23
0.73312	24
0.73325	25
0.733372	13
0.733467	14
0.733578	15
0.733695	16
0.733816	17
0.733943	18
0.734072	19
0.734187	20
0.734296	21
0.734409	22
0.734528	23
0.734653	24
0.734768	25
0.734889	26
0.734937	13
0.73506	14
0.735173	15
0.735291	16
0.735414	17
0.735542	18
0.735675	19
0.735797	20
0.735908	21
0.736024	22
0.736131	23
0.736243	24
0.73636	25
0.736478	26
0.736515	13
0.736641	14
0.736756	15
0.736875	16
0.737	17
0.73713	18
0.73725	19
0.737372	20
0.73749	21
0.737612	22
0.73774	23
0.737872	24
0.737988	25
0.738103	14
0.738144	14
0.738257	15
0.738374	16
0.738497	17
0.738624	18
0.738741	19
0.738847	20
0.73896	21
0.739077	22
0.739201	23
0.73933	24
0.739462	25
0.739593	13
0.739635	14
0.739746	15
0.739862	16
0.739972	17
0.740086	18
0.740204	19
0.74031	20
0.740421	21
0.740539	22
0.740662	23
0.740788	24
0.740915	25
0.741046	13
0.741093	14
0.741198	15
0.741301	16
0.741409	17
0.741522	18
0.74164	19
0.741763	20
0.741873	21
0.741989	22
0.742109	23
0.742234	24
0.742364	25
0.742492	13
0.742531	14
0.742643	15
0.742759	16
0.742881	17
0.743008	18
0.74314	19
0.743262	20
0.74337	21
0.743483	22
0.743601	23
0.743722	24
0.743849	25
0.743964	13
0.744002	14
0.744111	15
0.744226	16
0.744345	17
0.74447	18
0.744599	19
0.744727	20
0.744833	21
0.744943	22
0.745059	23
0.745179	24
0.745298	25
0.745414	26
0.745446	14
0.745568	15
0.74568	16
0.745797	17
0.745918	18
0.746044	19
0.746175	20
0.746298	21
0.746425	22
0.746558	23
0.746681	24
0.746792	25
0.746907	26
0.747028	14
0.747154	15
0.747171	16
0.747287	17
0.747409	18
0.747535	19
0.747666	20
0.747786	21
0.747899	22
0.748017	23
0.748139	24
0.748268	25
0.748401	14
0.748532	15
0.748643	16
0.748758	17
0.748879	18
0.748899	19
0.749025	20
0.749156	21
0.749275	22
0.749387	23
0.749504	24
0.749626	25
0.749754	14
0.749886	15
0.750008	16
0.750136	17
0.750268	18
0.750405	19
0.750528	20
0.750626	21
0.75073	22
0.750838	23
0.750945	24
0.75098	25
0.7511	26
0.751225	15
0.751355	16
0.751475	17
0.751601	18
0.751732	19
0.751855	20
0.751982	21
0.752102	22
0.752225	23
0.752333	24
0.752445	25
0.752562	26
0.752684	15
0.752813	16
0.752932	17
0.753056	18
0.753081	19
0.753205	20
0.753326	21
0.753452	22
0.753583	23
0.753703	24
0.75383	25
0.753961	14
0.754096	15
0.754203	16
0.754315	17
0.754432	18
0.754553	19
0.754679	20
0.754796	21
0.754917	22
0.755045	23
0.75516	24
0.755189	25
0.755312	26
0.755439	15
0.755573	16
0.755696	17
0.755825	18
0.755944	19
0.756068	20
0.756196	21
0.75633	22
0.756448	23
0.756556	24
0.756669	25
0.756785	26
0.756908	15
0.757035	16
0.757154	17
0.757277	18
0.757302	19
0.757426	20
0.757549	21
0.757676	22
0.757808	23
0.757936	24
0.758043	25
0.758153	26
0.758269	27
0.758389	15
0.758514	16
0.758628	17
0.758747	18
0.758871	19
0.758984	20
0.759102	21
0.759225	22
0.759347	23
0.75938	24
0.759514	25
0.759639	14
0.759769	15
0.759889	16
0.760014	17
0.760144	18
0.760278	19
0.760383	20
0.760492	21
0.760605	22
0.760724	23
0.760848	24
0.760977	25
0.761095	14
0.761218	15
0.761324	16
0.761354	17
0.761476	18
0.761602	19
0.761722	20
0.761843	21
0.76197	22
0.762099	23
0.762234	24
0.762363	25
0.762471	14
0.762584	15
0.762687	16
0.762794	17
0.762901	18
0.763015	19
0.763137	20
0.763175	21
0.763292	22
0.763412	23
0.763537	24
0.763668	25
0.763804	14
0.763929	15
0.764024	16
0.764124	17
0.764228	18
0.764338	19
0.764452	20
0.764569	21
0.764673	22
0.764786	23
0.764904	24
0.765026	25
0.765155	26
0.765287	14
0.765407	15
0.76543	16
0.765544	17
0.765663	18
0.765787	19
0.765916	20
0.766034	21
0.766156	22
0.766286	23
0.766416	24
0.766535	25
0.766659	26
0.766787	14
0.766919	15
0.767022	16
0.767131	17
0.767165	18
0.767285	19
0.76741	20
0.767528	21
0.767647	22
0.76777	23
0.767899	24
0.768032	25
0.768171	14
0.768293	15
0.768391	16
0.768493	17
0.768596	18
0.768703	19
0.768817	20
0.768936	21
0.769047	22
0.769091	23
0.769209	24
0.769333	25
0.769462	14
0.769595	15
0.769719	16
0.769832	17
0.76995	18
0.770071	19
0.770198	20
0.770331	21
0.77045	22
0.770552	23
0.770658	24
0.770773	25
0.770893	26
0.771018	14
0.771141	15
0.771187	16
0.771293	17
0.771405	18
0.771521	19
0.771641	20
0.771767	21
0.771884	22
0.772004	23
0.772129	24
0.77226	25
0.772396	14
0.772515	15
0.77262	16
0.772723	17
0.772824	18
0.772857	19
0.772969	20
0.773086	21
0.773206	22
0.773332	23
0.773449	24
0.77357	25
0.773696	26
0.773827	14
0.773962	15
0.774086	16
0.774182	17
0.774283	18
0.77439	19
0.774496	20
0.774611	21
0.774729	22
0.774839	23
0.774887	24
0.775008	25
0.775133	26
0.775261	14
0.775395	15
0.775503	16
0.775616	17
0.775735	18
0.775859	19
0.775986	20
0.776118	21
0.776224	22
0.776335	23
0.776449	24
0.776565	25
0.776684	26
0.776813	14
0.776924	15
0.776968	16
0.777078	17
0.777192	18
0.777311	19
0.777436	20
0.777551	21
0.77767	22
0.777794	23
0.777923	24
0.778056	25
0.778194	13
0.778318	14
0.778413	15
0.778493	16
0.778594	17
0.778646	18
0.77876	19
0.778879	20
0.779003	21
0.779119	22
0.779239	23
0.779364	24
0.779494	25
0.779628	13
0.779766	14
0.779859	15
0.779955	16
0.780046	17
0.780147	18
0.780257	19
0.78037	20
0.78047	21
0.780539	22
0.780655	23
0.780775	24
0.7809	25
0.781028	14
0.781161	14
0.781268	15
0.781379	16
0.781496	17
0.781617	18
0.781745	19
0.781852	20
0.781974	21
0.78209	22
0.78222	23
0.782331	24
0.782452	25
0.782571	26
0.782651	14
0.782783	15
0.78289	16
0.783002	17
0.783119	18
0.78324	19
0.78336	20
0.783477	21
0.783598	22
0.783726	23
0.783858	24
0.783984	25
0.784101	13
0.784215	14
0.784314	15
0.784347	16
0.784453	17
0.784564	18
0.784679	19
0.784799	20
0.784907	21
0.785022	22
0.785142	23
0.785267	24
0.785397	25
0.785531	13
0.785656	14
0.785751	15
0.785851	16
0.785954	17
0.785996	18
0.786108	19
0.786225	20
0.786332	21
0.786442	22
0.786558	23
0.786679	24
0.786806	25
0.786938	13
0.787049	14
0.787159	15
0.787274	16
0.787393	17
0.787517	18
0.78763	19
0.787748	20
0.787871	21
0.787946	22
0.788078	23
0.788195	24
0.788315	25
0.78844	26
0.788543	14
0.788665	15
0.788775	16
0.788891	17
0.789011	18
0.789136	19
0.78925	20
0.789369	21
0.789493	22
0.78962	23
0.789753	24
0.789872	25
0.789995	14
0.79011	15
0.790212	16
0.79025	17
0.790364	18
0.790483	19
0.790607	20
0.79072	21
0.790838	22
0.790961	23
0.791087	24
0.791219	25
0.791356	14
0.791485	15
0.791574	16
0.791675	17
0.791782	18
0.791892	19
0.79201	20
0.79206	21
0.792172	22
0.792289	23
0.79241	24
0.792536	25
0.792667	14
0.792788	15
0.792898	16
0.793014	17
0.793124	18
0.79325	19
0.79338	20
0.793514	21
0.793617	22
0.793725	23
0.793838	24
0.793956	25
0.794081	26
0.794211	14
0.79432	15
0.794373	16
0.794484	17
0.7946	18
0.79472	19
0.794847	20
0.794976	21
0.795094	22
0.795218	23
0.795347	24
0.795481	25
0.7956	14
0.79571	14
0.795801	15
0.795891	16
0.795999	17
0.796062	18
0.796178	19
0.796301	20
0.796429	21
0.796544	22
0.796667	23
0.796794	24
0.796925	25
0.797046	13
0.797152	14
0.797248	15
0.797348	16
0.797455	17
0.79755	18
0.797665	19
0.797787	20
0.797908	21
0.797981	22
0.798102	23
0.798227	24
0.798357	25
0.79847	13
0.798592	14
0.798703	15
0.798818	16
0.798938	17
0.799062	18
0.799192	19
0.79931	20
0.799417	21
0.799504	22
0.799622	23
0.799745	24
0.799872	25
0.79999	13
0.800065	14
0.800172	15
0.800283	16
0.8004	17
0.800521	18
0.800648	19
0.800777	20
0.800898	21
0.801002	22
0.801114	23
0.801232	24
0.801354	25
0.801483	26
0.801525	14
0.801644	15
0.801752	16
0.801865	17
0.801983	18
0.802106	19
0.802233	20
0.802365	21
0.802487	22
0.802595	23
0.802708	24
0.802827	25
0.802949	26
0.803062	14
0.803181	15
0.803207	16
0.803316	17
0.80343	18
0.803549	19
0.803673	20
0.803802	21
0.803921	22
0.804044	23
0.804173	24
0.804306	25
0.80443	13
0.80454	14
0.804638	15
0.80474	16
0.804849	17
0.804876	18
0.804992	19
0.805112	20
0.805238	21
0.805369	22
0.805489	23
0.805615	24
0.805732	25
0.805853	26
0.805976	14
0.806106	15
0.806226	16
0.80635	17
0.806478	18
0.806593	19
0.806713	20
0.806819	21
0.806865	22
0.806981	23
0.807102	24
0.807214	25
0.807332	26
0.807454	14
0.807582	15
0.80769	16
0.80781	17
0.807935	18
0.808066	19
0.808201	20
0.808307	21
0.808418	22
0.808521	23
0.808628	24
0.808739	25
0.808856	26
0.808979	14
0.809105	15
0.809134	16
0.809251	17
0.809374	18
0.809503	19
0.809635	20
0.80976	21
0.809872	22
0.809973	23
0.810078	24
0.81019	25
0.810306	26
0.810426	14
0.810552	15
0.810665	16
0.810776	17
0.810822	18
0.810949	19
0.811081	20
0.811203	21
0.811316	22
0.811434	23
0.811557	24
0.811684	25
0.811815	13
0.811933	14
0.81204	15
0.812147	16
0.812265	17
0.812387	18
0.812515	19
0.812637	20
0.812737	21
0.812787	22
0.812901	23
0.813021	24
0.813146	25
0.813275	14
0.813406	14
0.813529	15
0.81364	16
0.813755	17
0.813876	18
0.814002	19
0.814118	20
0.814237	21
0.814348	22
0.814465	23
0.814586	24
0.814705	25
0.814828	14
0.814882	14
0.815004	15
0.815114	16
0.815228	17
0.815332	18
0.815442	19
0.815555	20
0.815673	21
0.815796	22
0.815909	23
0.816027	24
0.81615	25
0.816277	26
0.816312	14
0.816447	15
0.81657	16
0.816687	17
0.816788	18
0.816894	19
0.817004	20
0.81712	21
0.81724	22
0.817365	23
0.817479	24
0.817598	25
0.817722	26
0.817851	14
0.817983	15
0.818001	16
0.81811	17
0.818224	18
0.818346	19
0.818472	20
0.818603	21
0.818739	22
0.818852	23
0.818962	24
0.819079	25
0.8192	26
0.819327	14
0.819458	15
0.819562	16
0.81967	17
0.819694	18
0.81981	19
0.819931	20
0.820059	21
0.820191	22
0.820313	23
0.820441	24
0.820573	25
0.82071	13
0.820819	14
0.820918	15
0.82102	16
0.821127	17
0.82124	18
0.821358	19
0.821481	20
0.821608	21
0.821637	22
0.821753	23
0.821875	24
0.822002	25
0.822133	13
0.822257	14
0.82237	15
0.822488	16
0.82261	17
0.822737	18
0.822869	19
0.822989	20
0.823107	21
0.823222	22
0.823342	23
0.823466	24
0.823595	25
0.823707	13
0.823749	14
0.823861	15
0.823977	16
0.824099	17
0.824225	18
0.824356	19
0.824492	20
0.824599	21
0.824709	22
0.824826	23
0.824948	24
0.825061	25
0.825177	26
0.825212	14
0.825335	15
0.825448	16
0.825567	17
0.825691	18
0.82582	19
0.825953	20
0.826075	21
0.826201	22
0.826302	23
0.826408	24
0.826518	25
0.826635	26
0.826756	14
0.826881	15
0.826902	16
0.827018	17
0.827141	18
0.827268	19
0.8274	20
0.827521	21
0.827632	22
0.827751	23
0.827875	24
0.828004	25
0.828137	13
0.828257	14
0.828364	15
0.828475	16
0.828592	17
0.828623	18
0.828748	19
0.828879	20
0.828995	21
0.829105	22
0.829219	23
0.829339	24
0.829464	25
0.829595	14
0.82973	14
0.829853	15
0.829962	16
0.830075	17
0.830193	18
0.830313	19
0.830429	20
0.830534	21
0.830569	22
0.830682	23
0.8308	24
0.830922	25
0.831049	14
0.831176	15
0.831297	16
0.831424	17
0.831555	18
0.831677	19
0.831787	20
0.831885	21
0.83199	22
0.832101	23
0.832218	24
0.832341	25
0.832468	26
0.8326	14
0.832736	15
0.832764	16
0.83289	17
0.833007	18
0.833128	19
0.83324	20
0.833356	21
0.833479	22
0.833606	23
0.833737	24
0.833854	25
0.833978	26
0.834105	14
0.834236	15
0.834353	16
0.834466	17
0.834493	18
0.834612	19
0.834729	20
0.834843	21
0.834963	22
0.835087	23
0.835217	24
0.83535	25
0.83549	14
0.835614	15
0.835716	16
0.835823	17
0.835933	18
0.836051	19
0.836174	20
0.836287	21
0.836403	22
0.836445	23
0.836572	24
0.836702	25
0.836836	14
0.836976	14
0.837069	15
0.837167	16
0.837272	17
0.837383	18
0.837498	19
0.837604	20
0.837715	21
0.83783	22
0.837952	23
0.838078	24
0.838209	25
0.838335	14
0.83837	14
0.838479	15
0.838596	16
0.838718	17
0.838836	18
0.838954	19
0.839077	20
0.839204	21
0.839336	22
0.839454	23
0.839577	24
0.839704	25
0.839836	14
0.839869	14
0.839978	15
0.840092	16
0.840211	17
0.840322	18
0.840436	19
0.840556	20
0.840683	21
0.840814	22
0.840951	23
0.841083	24
0.841196	25
0.841302	26
0.841333	27
0.841445	15
0.841561	16
0.841668	17
0.84178	18
0.841897	19
0.842018	20
0.842144	21
0.842275	22
0.842411	23
0.842536	24
0.842635	25
0.842739	26
0.84285	27
0.842965	15
0.843084	16
0.843192	17
0.843216	18
0.843332	19
0.843452	20
0.843578	21
0.843709	22
0.843826	23
0.84394	24
0.844059	25
0.844183	26
0.844311	14
0.844445	15
0.844567	16
0.844677	17
0.844791	18
0.84491	19
0.845028	20
0.845142	21
0.845174	22
0.845298	23
0.845411	24
0.84553	25
0.845654	26
0.845783	14
0.845915	15
0.846036	16
0.846164	17
0.846296	18
0.84642	19
0.84653	20
0.846646	21
0.846765	22
0.846874	23
0.846989	24
0.84711	25
0.847235	26
0.847363	14
0.847483	15
0.847517	16
0.84763	17
0.847749	18
0.847873	19
0.848002	20
0.848122	21
0.848247	22
0.848359	23
0.848474	24
0.848595	25
0.848722	26
0.848853	14
0.84897	15
0.84908	16
0.849195	17
0.849228	18
0.849353	19
0.849479	20
0.8496	21
0.849726	22
0.849857	23
0.849993	24
0.850103	25
0.850216	26
0.850333	14
0.850456	15
0.850565	16
0.850681	17
0.850802	18
0.850915	19
0.851033	20
0.851154	21
0.851192	22
0.85132	23
0.851455	24
0.851581	25
0.851695	14
0.851814	15
0.851924	16
0.852034	17
0.85215	18
0.852257	19
0.85237	20
0.85249	21
0.852615	22
0.852745	23
0.852865	24
0.85299	25
0.85312	15
0.853255	16
0.853383	17
0.853414	18
0.853519	19
0.853627	20
0.853741	21
0.853858	22
0.85398	23
0.854106	24
0.854223	25
0.854344	26
0.854472	15
0.854605	16
0.854717	17
0.854834	18
0.854955	19
0.85508	20
0.855211	21
0.855346	22
0.855401	23
0.855521	24
0.855635	25
0.855754	26
0.855879	15
0.856008	16
0.856113	17
0.856222	18
0.856323	19
0.856443	20
0.856568	21
0.856697	22
0.85683	23
0.856955	24
0.857067	25
0.857185	26
0.857307	15
0.857434	16
0.857536	17
0.857644	18
0.857687	19
0.857801	20
0.857922	21
0.858045	22
0.858175	23
0.858295	24
0.858405	25
0.858536	14
0.85867	15
0.858781	16
0.85888	17
0.858985	18
0.859096	19
0.859211	20
0.859332	21
0.859457	22
0.859572	23
0.859686	24
0.859741	25
0.859868	26
0.859999	15
0.860116	16
0.860226	17
0.860342	18
0.860465	19
0.860592	20
0.860725	21
0.860862	22
0.860969	23
0.86108	24
0.861197	25
0.861317	26
0.861443	15
0.861576	16
0.861684	17
0.861797	18
0.861826	19
0.861945	20
0.862066	21
0.862195	22
0.862316	23
0.862442	24
0.862573	25
0.862709	14
0.86285	15
0.862946	16
0.863048	17
0.863153	18
0.863262	19
0.863379	20
0.8635	21
0.863622	22
0.863739	23
0.863852	24
0.863908	25
0.864036	14
0.86417	15
0.864278	16
0.864392	17
0.864512	18
0.864637	19
0.864767	20
0.864902	21
0.865006	22
0.865116	23
0.86523	24
0.865349	25
0.865474	26
0.865604	14
0.865736	15
0.865757	16
0.865867	17
0.865981	18
0.8661	19
0.866225	20
0.86634	21
0.866461	22
0.866586	23
0.866715	24
0.86685	25
0.866988	14
0.867112	15
0.867212	16
0.867313	17
0.867419	18
0.867449	19
0.867565	20
0.867687	21
0.867808	22
0.867926	23
0.868048	24
0.868175	25
0.868306	14
0.868443	15
0.868556	16
0.868674	17
0.868796	18
0.868924	19
0.869053	20
0.869174	21
0.869278	22
0.869388	23
0.8695	24
0.869543	25
0.869664	26
0.86979	14
0.869919	15
0.870027	16
0.870138	17
0.870253	18
0.870373	19
0.870484	20
0.870599	21
0.870719	22
0.870846	23
0.870977	24
0.871112	25
0.871243	13
0.871367	14
0.871463	15
0.871481	16
0.871586	17
0.871695	18
0.87181	19
0.871929	20
0.872039	21
0.872155	22
0.872275	23
0.8724	24
0.87253	25
0.872663	13
0.872801	14
0.872914	15
0.87301	16
0.873098	17
0.873123	18
0.873219	19
0.87332	20
0.873426	21
0.873537	22
0.873652	23
0.873774	24
0.8739	25
0.874031	14
0.874163	14
0.874259	15
0.874359	16
0.874465	17
0.874574	18
0.874688	19
0.874809	20
0.874931	21
0.874974	22
0.875108	23
0.875246	24
0.875372	25
0.875497	14
0.87561	15
0.875702	16
0.875798	17
0.875899	18
0.876007	19
0.87612	20
0.876238	21
0.87636	22
0.876488	23
0.87662	24
0.876743	25
0.87687	14
0.877002	15
0.877107	16
0.877131	17
0.877246	18
0.877366	19
0.877491	20
0.87762	21
0.877753	22
0.877869	23
0.877989	24
0.878114	25
0.878243	15
0.878364	16
0.878461	17
0.878562	18
0.878668	19
0.878778	20
0.878893	21
0.87893	22
0.879055	23
0.879185	24
0.879318	25
0.879457	15
0.879574	16
0.879674	17
0.879764	18
0.879858	19
0.879958	20
0.880062	21
0.880172	22
0.880287	23
0.880406	24
0.88053	25
0.880659	15
0.880779	16
0.880892	17
0.88101	18
0.881126	19
0.881173	20
0.881287	21
0.881406	22
0.881529	23
0.881658	24
0.881791	25
0.881928	15
0.882046	16
0.882143	17
0.882245	18
0.882352	19
0.882465	20
0.882583	21
0.882706	22
0.882819	23
0.882939	24
0.883061	25
0.883185	15
0.883317	16
0.883352	17
0.883465	18
0.883581	19
0.883702	20
0.883831	21
0.883964	22
0.884088	23
0.884193	24
0.884302	25
0.884416	26
0.884536	16
0.88466	17
0.884776	18
0.884882	19
0.884989	20
0.885106	21
0.885142	22
0.885265	23
0.885391	24
0.88551	25
0.885633	26
0.88576	16
0.885892	17
0.886017	18
0.886133	19
0.886253	20
0.886378	21
0.886506	22
0.88664	23
0.886754	24
0.886861	25
0.886973	26
0.887088	27
0.887205	17
0.887331	17
0.887446	18
0.887553	19
0.887593	20
0.887704	21
0.887825	22
0.887951	23
0.888082	24
0.888204	25
0.88833	16
0.888463	17
0.888589	18
0.88872	19
0.888843	20
0.888948	21
0.889056	22
0.889158	23
0.889276	24
0.889398	25
0.889511	26
0.889629	17
0.889751	17
0.889799	18
0.889915	19
0.890034	20
0.890152	21
0.890267	22
0.890391	23
0.89052	24
0.890653	25
0.890782	16
0.890909	17
0.891008	18
0.891111	19
0.891219	20
0.891332	21
0.89145	22
0.891556	23
0.891668	24
0.891729	25
0.891849	26
0.891974	16
0.892102	17
0.892222	18
0.892334	19
0.892451	20
0.892573	21
0.892699	22
0.892833	23
0.892956	24
0.893063	25
0.893175	26
0.89329	27
0.893411	17
0.893537	17
0.893639	18
0.893746	19
0.893858	20
0.893893	21
0.89401	22
0.894133	23
0.894254	24
0.894375	25
0.894498	26
0.894628	16
0.894762	17
0.894872	18
0.894988	19
0.895108	20
0.895234	21
0.895363	22
0.895499	23
0.895603	24
0.895713	25
0.895825	26
0.895944	16
0.896071	17
0.896186	18
0.896217	19
0.896341	20
0.896454	21
0.896573	22
0.896697	23
0.896826	24
0.896959	25
0.897083	15
0.897211	16
0.897312	17
0.897417	18
0.897526	19
0.897641	20
0.89776	21
0.897881	22
0.897994	23
0.898112	24
0.898237	25
0.898281	16
0.898405	16
0.898514	17
0.898629	18
0.898748	19
0.898871	20
0.898999	21
0.899131	22
0.899255	23
0.899364	24
0.899478	25
0.899597	26
0.899721	16
0.899835	17
0.899941	18
0.900048	19
0.900088	20
0.900208	21
0.900333	22
0.900463	23
0.900582	24
0.900706	25
0.900835	16
0.90097	16
0.901082	17
0.901179	18
0.901281	19
0.901388	20
0.9015	21
0.901612	22
0.901732	23
0.901858	24
0.901988	25
0.902104	15
0.902225	16
0.902262	17
0.902382	18
0.9025	19
0.902614	20
0.902733	21
0.902857	22
0.902986	23
0.90312	24
0.903254	25
0.903376	15
0.903491	16
0.903596	17
0.903707	18
0.903816	19
0.903922	20
0.904044	21
0.904098	22
0.904215	23
0.904338	24
0.904465	25
0.904598	15
0.904735	16
0.904849	17
0.904949	18
0.905052	19
0.90516	20
0.905274	21
0.905392	22
0.905515	23
0.905628	24
0.905746	25
0.905863	26
0.905986	15
0.906115	16
0.906225	17
0.906338	18
0.906375	19
0.906497	20
0.906623	21
0.906753	22
0.906874	23
0.907	24
0.907112	25
0.90723	26
0.907353	15
0.90748	16
0.907598	17
0.907699	18
0.907799	19
0.907916	20
0.908038	21
0.908163	22
0.908278	23
0.908395	24
0.908463	25
0.908592	15
0.908725	16
0.90885	17
0.908961	18
0.909062	19
0.909166	20
0.909277	21
0.909391	22
0.909513	23
0.909633	24
0.909758	25
0.909873	15
0.909999	16
0.910117	17
0.910239	18
0.910356	19
0.910408	20
0.910526	21
0.910649	22
0.910776	23
0.910907	24
0.911043	25
0.911165	15
0.911278	16
0.911383	17
0.911492	18
0.911602	19
0.911705	20
0.91183	21
0.911949	22
0.912068	23
0.912192	24
0.912319	25
0.912449	15
0.912569	15
0.912628	16
0.912724	17
0.912825	18
0.912931	19
0.913041	20
0.913156	21
0.913276	22
0.913401	23
0.913515	24
0.91363	25
0.913749	26
0.91388	15
0.914007	16
0.914103	17
0.914216	18
0.914268	19
0.914389	20
0.914515	21
0.914646	22
0.914782	23
0.914907	24
0.915017	25
0.915131	26
0.91525	16
0.915375	16
0.91549	17
0.915588	18
0.915683	19
0.91579	20
0.915895	21
0.916018	22
0.916145	23
0.916275	24
0.916345	25
0.916471	26
0.916602	15
0.916738	16
0.916863	17
0.916955	18
0.917054	19
0.917157	20
0.917267	21
0.917382	22
0.917495	23
0.917614	24
0.917726	25
0.917845	26
0.917968	15
0.918095	16
0.918214	17
0.918319	18
0.91837	19
0.918484	20
0.918603	21
0.918728	22
0.918859	23
0.918995	24
0.919125	25
0.919234	15
0.919347	16
0.919453	17
0.919565	18
0.919676	19
0.919779	20
0.919888	21
0.920001	22
0.92012	23
0.920244	24
0.920368	25
0.920441	15
0.920563	15
0.920674	16
0.920791	17
0.920911	18
0.921031	19
0.921161	20
0.921284	21
0.921388	22
0.921498	23
0.921612	24
0.921726	25
0.921844	26
0.921947	15
0.922066	16
0.92212	17
0.922232	18
0.922349	19
0.922469	20
0.922595	21
0.922711	22
0.922832	23
0.922956	24
0.923083	25
0.923218	14
0.923332	15
0.923427	16
0.923528	17
0.923634	18
0.923714	19
0.923827	20
0.923901	21
0.924023	22
0.924136	23
0.924254	24
0.924377	25
0.924505	15
0.924637	16
0.924743	17
0.924844	18
0.924962	19
0.925083	20
0.925211	21
0.925344	22
0.925469	23
0.925577	24
0.925683	25
0.925771	26
0.925892	15
0.926019	16
0.926133	17
0.926199	18
0.926307	19
0.92642	20
0.926535	21
0.926656	22
0.926767	23
0.926886	24
0.92701	25
0.92714	15
0.927275	16
0.927401	17
0.927516	18
0.927618	19
0.927699	20
0.927807	21
0.927919	22
0.928038	23
0.928126	24
0.92824	25
0.928359	26
0.928484	15
0.928612	16
0.928729	17
0.928847	18
0.928966	19
0.929084	20
0.929207	21
0.929336	22
0.929469	23
0.929593	24
0.9297	25
0.929805	26
0.929897	27
0.930015	16
0.93014	17
0.930256	18
0.930334	19
0.930442	20
0.930552	21
0.930669	22
0.930793	23
0.930903	24
0.931019	25
0.931144	26
0.931275	15
0.931411	16
0.93153	17
0.931641	18
0.931742	19
0.931845	20
0.931928	21
0.932043	22
0.932163	23
0.932288	24
0.932366	25
0.932484	26
0.932608	15
0.932735	16
0.932851	17
0.932966	18
0.933089	19
0.933215	20
0.933339	21
0.933467	22
0.933601	23
0.933725	24
0.933833	25
0.933946	26
0.93406	27
0.934172	15
0.934281	16
0.934398	17
0.934469	18
0.934577	19
0.934687	20
0.934804	21
0.934928	22
0.935054	23
0.935171	24
0.935297	25
0.935428	14
0.935564	15
0.93568	16
0.935791	17
0.935892	18
0.935966	19
0.936076	20
0.93619	21
0.936309	22
0.936389	23
0.936502	24
0.93662	25
0.936743	26
0.93687	15
0.937	16
0.937112	17
0.937236	18
0.937356	19
0.937481	20
0.937611	21
0.937745	22
0.93785	23
0.93795	24
0.938046	25
0.938165	26
0.93829	15
0.93842	15
0.938524	16
0.938631	17
0.938691	18
0.938804	19
0.938922	20
0.939049	21
0.939182	22
0.939304	23
0.939432	24
0.939565	25
0.939697	14
0.939805	15
0.939903	16
0.939982	17
0.94009	18
0.940203	19
0.940322	20
0.940445	21
0.940564	22
0.940638	23
0.940756	24
0.940879	25
0.941006	14
0.94114	15
0.941253	16
0.94137	17
0.941493	18
0.941618	19
0.941735	20
0.941844	21
0.941964	22
0.942075	23
0.94219	24
0.94231	25
0.942437	26
0.942553	14
0.942666	15
0.942724	16
0.942836	17
0.942954	18
0.943075	19
0.943201	20
0.943333	21
0.943455	22
0.943581	23
0.943711	24
0.943831	25
0.943943	14
0.944051	15
0.944136	16
0.944235	17
0.944343	18
0.944409	19
0.944527	20
0.944648	21
0.944775	22
0.944892	23
0.945015	24
0.945142	25
0.945267	14
0.94539	15
0.945501	16
0.945596	17
0.945713	18
0.945821	19
0.945951	20
0.946084	21
0.946216	22
0.946325	23
0.946439	24
0.946517	25
0.946639	26
0.946751	15
0.946868	16
0.946975	17
0.947088	18
0.947206	19
0.947329	20
0.947436	21
0.947569	22
0.947693	23
0.947813	24
0.947936	25
0.948058	15
0.948164	16
0.948263	17
0.948369	18
0.948479	19
0.948548	20
0.948665	21
0.948788	22
0.948915	23
0.949048	24
0.949168	25
0.949283	26
0.949403	16
0.949528	17
0.949629	18
0.94973	19
0.949836	20
0.949964	21
0.950096	22
0.950233	23
0.950354	24
0.950482	25
0.950584	15
0.950692	16
0.950751	17
0.950854	18
0.950964	19
0.951078	20
0.951197	21
0.951319	22
0.951447	23
0.951565	24
0.9517	25
0.951825	15
0.951918	16
0.952005	17
0.952098	18
0.952196	19
0.952295	20
0.952402	21
0.952484	22
0.952602	23
0.952725	24
0.952852	25
0.952984	15
0.953116	16
0.953217	17
0.953323	18
0.953433	19
0.953496	20
0.953613	21
0.953734	22
0.953862	23
0.953995	24
0.954126	25
0.954246	15
0.954373	16
0.954484	17
0.95458	18
0.954679	19
0.954752	20
0.954862	21
0.954975	22
0.955093	23
0.955218	24
0.955347	25
0.955482	15
0.955617	16
0.955703	17
0.95581	18
0.9559	19
0.955993	20
0.956093	21
0.956197	22
0.956307	23
0.956421	24
0.956542	25
0.956666	26
0.956796	15
0.956897	16
0.957022	17
0.957135	18
0.957238	19
0.957332	20
0.957421	21
0.957539	22
0.957662	23
0.95779	24
0.957923	25
0.958055	15
0.958176	15
0.958287	16
0.958404	17
0.958523	18
0.958606	19
0.958705	20
0.958809	21
0.958918	22
0.959031	23
0.959149	24
0.959273	25
0.9594	15
0.959518	15
0.95964	16
0.959738	17
0.959851	18
0.959956	19
0.960051	20
0.960152	21
0.960259	22
0.96037	23
0.960487	24
0.960572	25
0.960696	26
0.960825	15
0.960955	16
0.961056	17
0.961182	18
0.961284	19
0.961391	20
0.961488	21
0.961605	22
0.961728	23
0.961856	24
0.961991	25
0.962124	14
0.962248	15
0.962362	16
0.96248	17
0.962603	18
0.962678	19
0.962785	20
0.962867	21
0.962978	22
0.963092	23
0.963212	24
0.963336	25
0.963467	14
0.963603	15
0.963719	16
0.963818	17
0.963933	18
0.964052	19
0.964162	20
0.964265	21
0.964373	22
0.964485	23
0.964602	24
0.964683	25
0.964808	26
0.964939	15
0.965074	16
0.965163	17
0.965283	18
0.965392	19
0.965499	20
0.965612	21
0.965731	22
0.965855	23
0.965984	24
0.966118	25
0.966241	14
0.966368	15
0.966486	16
0.966609	17
0.966733	18
0.966806	19
0.966918	20
0.966995	21
0.967109	22
0.967227	23
0.967349	24
0.967476	25
0.967605	14
0.967741	15
0.967846	16
0.967956	17
0.968075	18
0.968198	19
0.968311	20
0.968421	21
0.968531	22
0.968645	23
0.968764	24
0.968848	25
0.968976	26
0.969108	14
0.96923	15
0.96931	16
0.969437	17
0.969533	18
0.969638	19
0.969747	20
0.969861	21
0.969979	22
0.970089	23
0.970204	24
0.970325	25
0.970452	26
0.970583	14
0.970719	15
0.970777	16
0.970886	17
0.970964	18
0.971085	19
0.971211	20
0.971342	21
0.971463	22
0.971588	23
0.971716	24
0.971852	25
0.971971	14
0.972095	15
0.972209	16
0.972315	17
0.972425	18
0.972487	19
0.972604	20
0.972725	21
0.972838	22
0.972934	23
0.973055	24
0.973181	25
0.973312	14
0.973448	15
0.973559	16
0.973654	17
0.973756	18
0.973863	19
0.973974	20
0.974089	21
0.97421	22
0.974322	23
0.974439	24
0.974513	25
0.974638	26
0.974768	14
0.974898	15
0.974966	16
0.975078	17
0.975195	18
0.975316	19
0.975442	20
0.975575	21
0.975712	22
0.975815	23
0.975926	24
0.976041	25
0.976161	26
0.976286	14
0.9764	15
0.976459	16
0.976566	17
0.976637	18
0.976753	19
0.976874	20
0.977	21
0.977131	22
0.977254	23
0.977381	24
0.977513	25
0.977637	13
0.977747	14
0.977843	15
0.977943	16
0.97805	17
0.978116	18
0.978233	19
0.978356	20
0.978476	21
0.978562	22
0.978681	23
0.978804	24
0.978922	25
0.979045	26
0.979172	14
0.979302	15
0.979421	16
0.979544	17
0.979672	18
0.979808	19
0.979931	20
0.980041	21
0.980105	22
0.980208	23
0.980318	24
0.980432	25
0.980552	26
0.980677	14
0.980801	15
0.980889	16
0.98101	17
0.981136	18
0.981261	19
0.981372	20
0.981486	21
0.981605	22
0.981729	23
0.981857	24
0.981992	25
0.982111	13
0.982235	14
0.982343	15
0.982406	16
0.982523	17
0.982612	18
0.982741	19
0.982845	20
0.982957	21
0.983074	22
0.983195	23
0.983321	24
0.983452	25
0.983585	13
0.983721	14
0.983825	15
0.98391	16
0.984001	17
0.984058	18
0.984157	19
0.984257	20
0.984358	21
0.984473	22
0.984593	23
0.984718	24
0.984848	25
0.984979	13
0.98511	14
0.985222	15
0.985308	16
0.985401	17
0.9855	18
0.9856	19
0.985701	20
0.985808	21
0.985877	22
0.985996	23
0.98612	24
0.986245	25
0.986375	13
0.986484	14
0.986583	15
0.986683	16
0.986793	17
0.986908	18
0.987028	19
0.987152	20
0.987282	21
0.987418	22
0.987556	23
0.987667	24
0.987772	25
0.987879	26
0.987926	27
0.988038	14
0.988155	15
0.98826	16
0.98837	17
0.988485	18
0.988607	19
0.988734	20
0.988865	21
0.988996	22
0.989124	23
0.989237	24
0.989341	25
0.98945	26
0.989565	27
0.98968	14
0.989716	15
0.989824	16
0.989937	17
0.990055	18
0.990176	19
0.990304	20
0.990422	21
0.990544	22
0.990657	23
0.990776	24
0.990901	25
0.991031	14
0.991166	14
0.991285	15
0.991309	16
0.991419	17
0.991535	18
0.991654	19
0.991778	20
0.991892	21
0.992011	22
0.99212	23
0.992234	24
0.992353	25
0.992477	26
0.992605	14
0.992738	15
0.992858	16
0.992986	17
0.99302	18
0.993149	19
0.993274	20
0.993369	21
0.99347	22
0.993576	23
0.993685	24
0.993799	25
0.99392	26
0.994045	14
0.994174	15
0.99429	16
0.994412	17
0.994541	18
0.99466	19
0.994768	20
0.994879	21
0.994916	22
0.995039	23
0.995167	24
0.995301	25
0.995432	13
0.995554	14
0.995666	15
0.995783	16
0.995902	17
0.996011	18
0.996128	19
0.996235	20
0.996346	21
0.996463	22
0.996586	23
0.996712	24
0.996843	25
0.996977	13
0.997025	14
0.997154	15
0.997253	16
0.997343	17
0.997439	18
0.997539	19
0.997642	20
0.99775	21
0.997864	22
0.997985	23
0.99811	24
0.99824	25
0.998374	13
0.998417	14
0.998529	15
0.998634	16
0.998742	17
0.998854	18
0.99897	19
0.999093	20
0.999219	21
0.999351	22
0.999485	23
0.999606	24
0.999732	25
0.999849	13
0.999886	14
0.999994	15
1.00009	16
1.0002	17
1.00031	18
1.00042	19
1.00054	20
1.00067	21
1.00079	22
1.00093	23
1.00105	24
1.00116	25
1.00127	26
1.00131	27
1.00142	15
1.00153	16
1.00163	17
1.00174	18
1.00185	19
1.00197	20
1.00209	21
1.00222	22
1.00235	23
1.00248	24
1.00259	25
1.00272	26
1.00284	14
1.00297	15
1.00309	16
1.00321	17
1.00324	18
1.00337	19
1.00351	20
1.00364	21
1.00375	22
1.00386	23
1.00396	24
1.00408	25
1.0042	26
1.00432	14
1.00445	15
1.00457	16
1.00469	17
1.00482	18
1.00495	19
1.00506	20
1.00515	21
1.00518	22
1.00529	23
1.00539	24
1.00551	25
1.00562	26
1.00574	14
1.00587	15
1.00599	16
1.00611	17
1.00623	18
1.00636	19
1.00648	20
1.00659	21
1.00671	22
1.00683	23
1.00696	24
1.00709	25
1.00723	14
1.00735	14
1.00745	15
1.00748	16
1.00759	17
1.0077	18
1.00781	19
1.00794	20
1.00805	21
1.00816	22
1.00829	23
1.00841	24
1.00855	25
1.00868	13
1.00881	14
1.00891	15
1.00901	16
1.00912	17
1.00915	18
1.00927	19
1.00939	20
1.0095	21
1.00962	22
1.00974	23
1.00986	24
1.00999	25
1.01011	14
1.01023	14
1.01034	15
1.01047	16
1.01059	17
1.01072	18
1.01086	19
1.01096	20
1.01107	21
1.01111	22
1.01123	23
1.01135	24
1.01147	25
1.01158	26
1.0117	14
1.01183	15
1.01195	16
1.01207	17
1.0122	18
1.01233	19
1.01246	20
1.01257	21
1.01267	22
1.01278	23
1.01289	24
1.01301	25
1.01313	26
1.01326	14
1.01339	15
1.01341	16
1.01353	17
1.01366	18
1.01379	19
1.0139	20
1.01401	21
1.01413	22
1.01425	23
1.01438	24
1.01452	25
1.01464	13
1.01477	14
1.01488	15
1.015	16
1.01512	17
1.01515	18
1.01526	19
1.01537	20
1.01548	21
1.0156	22
1.01572	23
1.01584	24
1.01597	25
1.0161	13
1.01625	14
1.01635	15
1.01646	16
1.01656	17
1.01667	18
1.01679	19
1.01691	20
1.01702	21
1.01705	22
1.01717	23
1.0173	24
1.01743	25
1.01756	13
1.0177	14
1.01779	15
1.01789	16
1.018	17
1.01811	18
1.01823	19
1.01835	20
1.01846	21
1.01858	22
1.0187	23
1.01883	24
1.01896	25
1.01908	13
1.01912	14
1.01923	15
1.01935	16
1.01947	17
1.0196	18
1.01973	19
1.01985	20
1.01996	21
1.02007	22
1.02019	23
1.02031	24
1.02044	25
1.02056	13
1.0206	14
1.02071	15
1.02083	16
1.02095	17
1.02107	18
1.0212	19
1.02132	20
1.02145	21
1.02156	22
1.02168	23
1.0218	24
1.02192	25
1.02204	26
1.02207	14
1.0222	14
1.02231	15
1.02243	16
1.02256	17
1.02268	18
1.0228	19
1.02292	20
1.02305	21
1.02317	22
1.02329	23
1.0234	24
1.02352	25
1.02364	26
1.02368	14
1.0238	14
1.02392	15
1.02404	16
1.02415	17
1.02426	18
1.02439	19
1.02451	20
1.02463	21
1.02475	22
1.02488	23
1.02501	24
1.02514	25
1.02527	13
1.0253	14
1.02541	15
1.02553	16
1.02564	17
1.02575	18
1.02587	19
1.026	20
1.02611	21
1.02623	22
1.02635	23
1.02648	24
1.02662	25
1.02676	13
1.02679	14
1.0269	15
1.027	16
1.02711	17
1.02722	18
1.02734	19
1.02746	20
1.02757	21
1.02768	22
1.02781	23
1.02793	24
1.02806	25
1.02819	13
1.02823	14
1.02835	15
1.02845	16
1.02856	17
1.02867	18
1.02878	19
1.0289	20
1.02901	21
1.02913	22
1.02925	23
1.02937	24
1.0295	25
1.02963	13
1.02967	14
1.02978	15
1.02989	16
1.03001	17
1.03014	18
1.03027	19
1.03039	20
1.0305	21
1.03061	22
1.03073	23
1.03085	24
1.03098	25
1.03111	13
1.03114	14
1.03125	15
1.03136	16
1.03148	17
1.0316	18
1.03172	19
1.03184	20
1.03196	21
1.03209	22
1.03222	23
1.03236	24
1.03248	25
1.0326	13
1.03263	14
1.03273	15
1.03284	16
1.03295	17
1.03307	18
1.03318	19
1.03329	20
1.03341	21
1.03353	22
1.03366	23
1.03379	24
1.03393	25
1.03406	13
1.03409	14
1.03419	15
1.0343	16
1.03441	17
1.03452	18
1.03464	19
1.03475	20
1.03486	21
1.03498	22
1.03511	23
1.03524	24
1.03537	25
1.03551	13
1.03554	14
1.03564	15
1.03573	16
1.03582	17
1.03592	18
1.03602	19
1.03613	20
1.03625	21
1.03636	22
1.03649	23
1.03661	24
1.03675	25
1.03688	13
1.03691	14
1.03702	15
1.03713	16
1.03722	17
1.03732	18
1.03743	19
1.03753	20
1.03765	21
1.03777	22
1.03789	23
1.03802	24
1.03815	25
1.03827	13
1.03831	14
1.03841	15
1.03852	16
1.03863	17
1.03874	18
1.03886	19
1.03899	20
1.03912	21
1.03926	22
1.03938	23
1.03949	24
1.03961	25
1.03973	26
1.03976	14
1.03989	14
1.03999	15
1.0401	16
1.04021	17
1.04033	18
1.04045	19
1.04057	20
1.0407	21
1.04083	22
1.04096	23
1.04107	24
1.04119	25
1.04132	26
1.04135	13
1.04147	14
1.04157	15
1.04168	16
1.0418	17
1.04192	18
1.04204	19
1.04216	20
1.04228	21
1.0424	22
1.04254	23
1.04267	24
1.04278	25
1.04288	14
1.04293	14
1.04303	15
1.04314	16
1.04325	17
1.04337	18
1.04348	19
1.04359	20
1.04371	21
1.04383	22
1.04396	23
1.0441	24
1.04422	25
1.04435	14
1.04438	15
1.04448	16
1.04459	17
1.0447	18
1.04481	19
1.04492	20
1.04503	21
1.04515	22
1.04527	23
1.0454	24
1.04554	25
1.04567	14
1.0458	15
1.04591	16
1.04594	17
1.04605	18
1.04616	19
1.04629	20
1.04641	21
1.04654	22
1.04666	23
1.04678	24
1.04691	25
1.04704	14
1.04718	15
1.04729	16
1.04739	17
1.0475	18
1.04761	19
1.04773	20
1.04777	21
1.04789	22
1.04802	23
1.04816	24
1.04828	25
1.04841	14
1.04854	15
1.04865	16
1.04875	17
1.04885	18
1.04896	19
1.04907	20
1.04919	21
1.04931	22
1.04944	23
1.04957	24
1.04971	25
1.04983	14
1.04994	15
1.05005	16
1.05009	17
1.05019	18
1.05029	19
1.0504	20
1.05051	21
1.05063	22
1.05075	23
1.05088	24
1.05102	25
1.05116	14
1.05128	15
1.05137	16
1.05146	17
1.05156	18
1.05166	19
1.05177	20
1.05181	21
1.05192	22
1.05204	23
1.05217	24
1.05229	25
1.05243	14
1.05257	15
1.05268	16
1.05278	17
1.05289	18
1.053	19
1.05311	20
1.05322	21
1.05333	22
1.05345	23
1.05357	24
1.0537	25
1.05383	14
1.05395	15
1.05406	16
1.0541	17
1.05422	18
1.05435	19
1.05448	20
1.05461	21
1.05471	22
1.05483	23
1.05494	24
1.05506	25
1.05519	26
1.05532	14
1.05544	15
1.05554	16
1.05566	17
1.05578	18
1.0559	19
1.05594	20
1.05607	21
1.05621	22
1.05631	23
1.05643	24
1.05655	25
1.05667	26
1.0568	14
1.05691	15
1.05702	16
1.05713	17
1.05724	18
1.05737	19
1.05749	20
1.05762	21
1.05775	22
1.05786	23
1.05797	24
1.05809	25
1.05814	26
1.05827	14
1.05838	15
1.05848	16
1.05859	17
1.05871	18
1.05883	19
1.05895	20
1.05908	21
1.0592	22
1.05933	23
1.05944	24
1.05956	25
1.05968	26
1.0598	14
1.05992	15
1.05995	16
1.06005	17
1.06017	18
1.06029	19
1.06041	20
1.06054	21
1.06066	22
1.06079	23
1.06092	24
1.06106	25
1.06117	13
1.06128	14
1.06138	15
1.06148	16
1.06159	17
1.06163	18
1.06175	19
1.06187	20
1.062	21
1.06211	22
1.06224	23
1.06236	24
1.0625	25
1.06263	13
1.06274	14
1.06284	15
1.06295	16
1.06306	17
1.06316	18
1.06328	19
1.06341	20
1.06353	21
1.06358	22
1.0637	23
1.06383	24
1.06396	25
1.06409	13
1.0642	14
1.06429	15
1.0644	16
1.06451	17
1.06462	18
1.06474	19
1.06486	20
1.06499	21
1.06511	22
1.06523	23
1.06536	24
1.06549	25
1.06561	13
1.06565	14
1.06575	15
1.06585	16
1.06596	17
1.06607	18
1.06619	19
1.06631	20
1.06644	21
1.06655	22
1.06668	23
1.0668	24
1.06693	25
1.06706	13
1.06709	14
1.0672	15
1.0673	16
1.06741	17
1.06752	18
1.06764	19
1.06776	20
1.06789	21
1.06801	22
1.06813	23
1.06826	24
1.06839	25
1.06851	13
1.06855	14
1.06866	15
1.06878	16
1.0689	17
1.06903	18
1.06916	19
1.06928	20
1.0694	21
1.06952	22
1.06964	23
1.06976	24
1.06989	25
1.07	13
1.07004	14
1.07015	15
1.07027	16
1.07039	17
1.07051	18
1.07064	19
1.07077	20
1.0709	21
1.07101	22
1.07112	23
1.07125	24
1.07137	25
1.07149	13
1.07152	14
1.07163	15
1.07174	16
1.07186	17
1.07198	18
1.0721	19
1.07223	20
1.07237	21
1.07248	22
1.0726	23
1.07272	24
1.07284	25
1.07295	26
1.07299	14
1.07311	15
1.07322	16
1.07333	17
1.07345	18
1.07357	19
1.0737	20
1.07384	21
1.07395	22
1.07406	23
1.07418	24
1.0743	25
1.07443	26
1.07455	14
1.07466	15
1.07469	16
1.0748	17
1.07492	18
1.07504	19
1.07517	20
1.0753	21
1.07544	22
1.07555	23
1.07566	24
1.07579	25
1.07591	26
1.07603	14
1.07615	14
1.07625	15
1.07636	16
1.07639	17
1.07651	18
1.07664	19
1.07677	20
1.0769	21
1.07702	22
1.07713	23
1.07725	24
1.07737	25
1.07749	26
1.07761	14
1.07773	15
1.07784	16
1.07795	17
1.07807	18
1.07819	19
1.07823	20
1.07836	21
1.0785	22
1.07861	23
1.07872	24
1.07883	25
1.07894	26
1.07906	27
1.07918	15
1.07931	16
1.07942	17
1.07954	18
1.07967	19
1.0798	20
1.07993	21
1.08005	22
1.08016	23
1.08026	24
1.08037	25
1.08041	26
1.08053	27
1.08065	15
1.08077	16
1.08089	17
1.081	18
1.08113	19
1.08125	20
1.08139	21
1.08151	22
1.08162	23
1.08172	24
1.08183	25
1.08195	26
1.08207	15
1.08219	16
1.0823	17
1.08242	18
1.08245	19
1.08257	20
1.0827	21
1.08284	22
1.08295	23
1.08305	24
1.08315	25
1.08327	26
1.08338	27
1.0835	15
1.08363	16
1.08374	17
1.08387	18
1.08399	19
1.08412	20
1.08425	21
1.08436	22
1.08447	23
1.08451	24
1.08461	25
1.08472	26
1.08484	27
1.08496	15
1.08509	16
1.0852	17
1.08532	18
1.08545	19
1.08558	20
1.08571	21
1.08582	22
1.08594	23
1.08606	24
1.08618	25
1.08631	14
1.08644	15
1.08655	16
1.08666	17
1.08678	18
1.08681	19
1.08694	20
1.08707	21
1.08719	22
1.08731	23
1.08743	24
1.08755	25
1.08768	26
1.08781	15
1.08794	15
1.08805	16
1.08816	17
1.08828	18
1.0884	19
1.08853	20
1.08866	21
1.08878	22
1.08889	23
1.08893	24
1.08905	25
1.08917	26
1.0893	14
1.08943	15
1.08956	16
1.08966	17
1.08978	18
1.0899	19
1.09002	20
1.09015	21
1.09027	22
1.09038	23
1.0905	24
1.09062	25
1.09074	26
1.09087	14
1.09101	15
1.09104	16
1.09115	17
1.09126	18
1.09138	19
1.0915	20
1.09163	21
1.09175	22
1.09186	23
1.09197	24
1.09209	25
1.09221	26
1.09234	14
1.09248	15
1.0926	16
1.0927	17
1.09273	18
1.09284	19
1.09297	20
1.09309	21
1.09321	22
1.09333	23
1.09344	24
1.09355	25
1.09367	26
1.09379	14
1.09392	15
1.09404	16
1.09416	17
1.09429	18
1.09442	19
1.09454	20
1.09465	21
1.09469	22
1.0948	23
1.09491	24
1.09502	25
1.09514	26
1.09526	14
1.09539	15
1.0955	16
1.09562	17
1.09575	18
1.09588	19
1.09602	20
1.09613	21
1.09622	22
1.09633	23
1.09643	24
1.09655	25
1.09667	26
1.09679	14
1.09692	15
1.09694	16
1.09706	17
1.09718	18
1.09731	19
1.09745	20
1.09757	21
1.09768	22
1.0978	23
1.09792	24
1.09805	25
1.09818	13
1.0983	14
1.09841	15
1.09852	16
1.09864	17
1.09867	18
1.09879	19
1.09892	20
1.09905	21
1.09916	22
1.09928	23
1.0994	24
1.09952	25
1.09965	14
1.09978	15
1.0999	16
1.10001	17
1.10013	18
1.10025	19
1.10037	20
1.1005	21
1.10061	22
1.10065	23
1.10076	24
1.10088	25
1.101	26
1.10113	14
1.10126	15
1.10138	16
1.10149	17
1.10161	18
1.10172	19
1.10185	20
1.10198	21
1.10209	22
1.1022	23
1.10231	24
1.10243	25
1.10256	26
1.10268	14
1.10282	15
1.10284	16
1.10297	17
1.10308	18
1.1032	19
1.10332	20
1.10345	21
1.10357	22
1.10367	23
1.10378	24
1.1039	25
1.10402	26
1.10415	14
1.10428	15
1.10439	16
1.10452	17
1.10455	18
1.10469	19
1.10482	20
1.10494	21
1.10504	22
1.10514	23
1.10525	24
1.10536	25
1.10548	26
1.10561	14
1.10574	15
1.10586	16
1.10598	17
1.10611	18
1.10624	19
1.10636	20
1.10646	21
1.10649	22
1.10659	23
1.1067	24
1.10681	25
1.10693	26
1.10706	14
1.10718	15
1.1073	16
1.10742	17
1.10755	18
1.10768	19
1.10781	20
1.10792	21
1.10802	22
1.10813	23
1.10824	24
1.10835	25
1.10847	26
1.10859	14
1.10872	15
1.10875	16
1.10887	17
1.10899	18
1.10912	19
1.10926	20
1.10937	21
1.10947	22
1.10958	23
1.10969	24
1.1098	25
1.10992	26
1.11005	14
1.11018	15
1.1103	16
1.11042	17
1.11044	18
1.11057	19
1.11071	20
1.11082	21
1.11093	22
1.11105	23
1.11117	24
1.1113	25
1.11144	13
1.11156	14
1.11167	15
1.11178	16
1.1119	17
1.11203	18
1.11216	19
1.11226	20
1.11237	21
1.1124	22
1.11251	23
1.11263	24
1.11276	25
1.11289	13
1.11302	14
1.11315	15
1.11326	16
1.11338	17
1.1135	18
1.11363	19
1.11374	20
1.11385	21
1.11396	22
1.11408	23
1.1142	24
1.11432	25
1.11445	14
1.11449	14
1.11461	15
1.11472	16
1.11483	17
1.11495	18
1.11507	19
1.1152	20
1.1153	21
1.11541	22
1.11553	23
1.11565	24
1.11577	25
1.1159	26
1.11593	14
1.11607	15
1.11619	16
1.11632	17
1.11643	18
1.11655	19
1.11667	20
1.11677	21
1.11687	22
1.11698	23
1.1171	24
1.11722	25
1.11735	26
1.11748	14
1.11762	15
1.11764	16
1.11777	17
1.11789	18
1.118	19
1.1181	20
1.1182	21
1.11831	22
1.11842	23
1.11854	24
1.11866	25
1.11878	26
1.11891	14
1.11905	15
1.11918	16
1.1193	17
1.11932	18
1.11945	19
1.11956	20
1.11968	21
1.11981	22
1.11994	23
1.12007	24
1.12019	25
1.12031	26
1.12044	14
1.12057	15
1.1207	16
1.12081	17
1.12093	18
1.12105	19
1.12116	20
1.12128	21
1.12131	22
1.12143	23
1.12156	24
1.1217	25
1.12184	13
1.12196	14
1.12208	15
1.12218	16
1.1223	17
1.12241	18
1.12253	19
1.12265	20
1.12276	21
1.12288	22
1.12301	23
1.12315	24
1.12328	25
1.12339	13
1.12343	14
1.12353	15
1.12363	16
1.12375	17
1.12386	18
1.12398	19
1.12409	20
1.1242	21
1.12432	22
1.12445	23
1.12458	24
1.12471	25
1.12483	13
1.12486	14
1.12498	15
1.1251	16
1.12523	17
1.12536	18
1.12548	19
1.12559	20
1.1257	21
1.12582	22
1.12594	23
1.12607	24
1.12619	25
1.12631	26
1.12634	13
1.12647	14
1.12659	15
1.12671	16
1.12683	17
1.12695	18
1.12707	19
1.1272	20
1.12734	21
1.12744	22
1.12755	23
1.12766	24
1.12779	25
1.12791	26
1.12794	13
1.12807	14
1.12818	15
1.12829	16
1.1284	17
1.12852	18
1.12864	19
1.12877	20
1.12889	21
1.12902	22
1.12915	23
1.12929	24
1.12941	25
1.12952	13
1.12955	14
1.12965	15
1.12976	16
1.12987	17
1.12999	18
1.13011	19
1.13022	20
1.13034	21
1.13046	22
1.13059	23
1.13073	24
1.13087	25
1.13099	13
1.13101	14
1.13112	15
1.13122	16
1.13133	17
1.13145	18
1.13156	19
1.13167	20
1.13179	21
1.13191	22
1.13203	23
1.13217	24
1.13229	25
1.13241	14
1.13244	15
1.13256	16
1.13268	17
1.1328	18
1.13292	19
1.13305	20
1.13318	21
1.13331	22
1.13343	23
1.13356	24
1.13367	25
1.1338	26
1.13392	14
1.13405	15
1.13407	16
1.13418	17
1.13429	18
1.1344	19
1.13453	20
1.13466	21
1.13479	22
1.13493	23
1.13505	24
1.13516	25
1.13528	26
1.13541	14
1.13552	15
1.13562	16
1.13573	17
1.13575	18
1.13587	19
1.13599	20
1.13611	21
1.13624	22
1.13636	23
1.13649	24
1.13662	25
1.13675	14
1.13688	14
1.13697	15
1.13707	16
1.13717	17
1.13728	18
1.13739	19
1.13751	20
1.13763	21
1.13766	22
1.13778	23
1.1379	24
1.13803	25
1.13816	14
1.13828	14
1.13839	15
1.13851	16
1.13863	17
1.13875	18
1.13888	19
1.139	20
1.13912	21
1.13923	22
1.13935	23
1.13947	24
1.13959	25
1.13971	26
1.13975	14
1.13987	15
1.13999	16
1.14011	17
1.14022	18
1.14034	19
1.14046	20
1.14059	21
1.14072	22
1.14084	23
1.14095	24
1.14106	25
1.14118	26
1.1413	14
1.14142	15
1.14145	16
1.14155	17
1.14166	18
1.14178	19
1.1419	20
1.14202	21
1.14215	22
1.14229	23
1.14241	24
1.14254	25
1.14266	14
1.14279	14
1.1429	15
1.14301	16
1.14313	17
1.14317	18
1.1433	19
1.14343	20
1.14355	21
1.14368	22
1.14381	23
1.14392	24
1.14404	25
1.14415	26
1.14428	14
1.1444	15
1.14451	16
1.14463	17
1.14474	18
1.14487	19
1.14501	20
1.14513	21
1.14518	22
1.14528	23
1.14538	24
1.14549	25
1.14561	26
1.14573	14
1.14585	15
1.14596	16
1.14608	17
1.1462	18
1.14633	19
1.14645	20
1.14657	21
1.14669	22
1.14681	23
1.14693	24
1.14706	25
1.1472	14
1.14732	15
1.14743	16
1.14747	17
1.14757	18
1.14768	19
1.1478	20
1.14792	21
1.14805	22
1.14816	23
1.14828	24
1.14841	25
1.14854	14
1.14867	15
1.14879	16
1.14888	17
1.14898	18
1.14909	19
1.1492	20
1.14926	21
1.14938	22
1.1495	23
1.14962	24
1.14974	25
1.14986	26
1.14999	14
1.15011	15
1.15022	16
1.15033	17
1.15045	18
1.15057	19
1.15071	20
1.15084	21
1.15096	22
1.15107	23
1.15117	24
1.15128	25
1.1514	26
1.15151	27
1.15157	15
1.15168	15
1.15179	16
1.15191	17
1.15204	18
1.15217	19
1.15229	20
1.15242	21
1.15253	22
1.15265	23
1.15278	24
1.15291	25
1.15303	13
1.15315	14
1.15326	15
1.15329	16
1.1534	17
1.15353	18
1.15364	19
1.15376	20
1.15389	21
1.15402	22
1.15414	23
1.15426	24
1.15439	25
1.15452	13
1.15465	14
1.15474	15
1.15484	16
1.15495	17
1.15499	18
1.1551	19
1.15522	20
1.15535	21
1.15547	22
1.15559	23
1.15572	24
1.15583	25
1.15595	26
1.15606	14
1.15619	15
1.15631	16
1.15643	17
1.15656	18
1.1567	19
1.15684	20
1.15695	21
1.15699	22
1.15709	23
1.1572	24
1.15731	25
1.15743	26
1.15756	14
1.15768	15
1.15778	16
1.1579	17
1.15803	18
1.15816	19
1.15828	20
1.15841	21
1.15853	22
1.15865	23
1.15878	24
1.15891	25
1.15903	13
1.15915	14
1.15926	15
1.1593	16
1.15941	17
1.15953	18
1.15964	19
1.15976	20
1.15989	21
1.16001	22
1.16013	23
1.16025	24
1.16038	25
1.16051	13
1.16065	14
1.16074	15
1.16083	16
1.16094	17
1.16098	18
1.16109	19
1.16121	20
1.16133	21
1.16146	22
1.16157	23
1.16169	24
1.16182	25
1.16194	13
1.16205	14
1.16216	15
1.16228	16
1.1624	17
1.16252	18
1.16265	19
1.16279	20
1.16291	21
1.16296	22
1.16307	23
1.16318	24
1.16329	25
1.1634	26
1.1635	14
1.16363	15
1.16374	16
1.16386	17
1.16398	18
1.16411	19
1.16424	20
1.16436	21
1.16449	22
1.16459	23
1.1647	24
1.16481	25
1.16492	26
1.16504	15
1.16517	16
1.16519	17
1.1653	18
1.16543	19
1.16555	20
1.16567	21
1.16579	22
1.16592	23
1.16605	24
1.16618	25
1.1663	26
1.16644	15
1.16657	15
1.16668	16
1.16679	17
1.16689	18
1.167	19
1.16702	20
1.16714	21
1.16726	22
1.16738	23
1.16751	24
1.16764	25
1.16776	14
1.16789	15
1.16801	16
1.16812	17
1.16823	18
1.16835	19
1.16848	20
1.16861	21
1.16874	22
1.16886	23
1.16898	24
1.16911	25
1.16924	14
1.16927	15
1.16937	16
1.16947	17
1.16957	18
1.16969	19
1.1698	20
1.16993	21
1.17005	22
1.17019	23
1.17032	24
1.17044	25
1.17055	15
1.17067	15
1.17078	16
1.1708	17
1.1709	18
1.17101	19
1.17112	20
1.17123	21
1.17136	22
1.17148	23
1.1716	24
1.17172	25
1.17185	26
1.17198	15
1.17212	16
1.17225	17
1.17235	18
1.17245	19
1.17256	20
1.17259	21
1.1727	22
1.17282	23
1.17295	24
1.17306	25
1.17318	26
1.17331	15
1.17344	16
1.17356	17
1.17368	18
1.1738	19
1.17392	20
1.17405	21
1.17418	22
1.1743	23
1.17442	24
1.17454	25
1.17465	26
1.17477	15
1.17489	16
1.17492	17
1.17504	18
1.17516	19
1.17529	20
1.17541	21
1.17552	22
1.17564	23
1.17576	24
1.17588	25
1.17601	14
1.17615	15
1.17628	16
1.17639	17
1.17649	18
1.1766	19
1.17672	20
1.17678	21
1.17688	22
1.17699	23
1.1771	24
1.17722	25
1.17734	26
1.17747	15
1.1776	16
1.17772	17
1.17785	18
1.17798	19
1.17811	20
1.17823	21
1.17832	22
1.17842	23
1.17853	24
1.17864	25
1.17876	26
1.17888	15
1.17901	16
1.17905	17
1.17917	18
1.1793	19
1.17943	20
1.17955	21
1.17966	22
1.17978	23
1.1799	24
1.18002	25
1.18015	14
1.18029	15
1.1804	16
1.1805	17
1.18061	18
1.18072	19
1.18083	20
1.18088	21
1.181	22
1.18112	23
1.18123	24
1.18135	25
1.18147	26
1.1816	15
1.18173	16
1.18185	17
1.18198	18
1.18211	19
1.18224	20
1.18236	21
1.18247	22
1.18259	23
1.1827	24
1.18281	25
1.18293	26
1.18305	15
1.18318	16
1.18321	17
1.18333	18
1.18345	19
1.18358	20
1.1837	21
1.18383	22
1.18395	23
1.18409	24
1.18421	25
1.18432	15
1.18443	15
1.18454	16
1.18465	17
1.18475	18
1.18486	19
1.18498	20
1.18503	21
1.18514	22
1.18526	23
1.18539	24
1.18552	25
1.18564	15
1.18576	15
1.18588	16
1.186	17
1.18612	18
1.18625	19
1.18638	20
1.18651	21
1.18661	22
1.18672	23
1.18684	24
1.18696	25
1.18709	15
1.1872	16
1.1873	17
1.18734	18
1.18746	19
1.18758	20
1.18771	21
1.18782	22
1.18795	23
1.18807	24
1.1882	25
1.18834	15
1.18846	16
1.18856	17
1.18866	18
1.18876	19
1.18886	20
1.18897	21
1.18909	22
1.18921	23
1.18926	24
1.18938	25
1.1895	26
1.18963	15
1.18976	16
1.18989	17
1.19	18
1.19011	19
1.19024	20
1.19036	21
1.19049	22
1.19061	23
1.19071	24
1.19082	25
1.19093	26
1.19105	15
1.19117	16
1.19129	17
1.19141	18
1.19147	19
1.19158	20
1.1917	21
1.19182	22
1.19195	23
1.19207	24
1.19219	25
1.19232	15
1.19246	16
1.19259	17
1.1927	18
1.19281	19
1.19291	20
1.19303	21
1.19314	22
1.19326	23
1.19336	24
1.19348	25
1.19353	26
1.19365	15
1.19378	16
1.1939	17
1.19402	18
1.19415	19
1.19428	20
1.19442	21
1.19453	22
1.19463	23
1.19474	24
1.19485	25
1.19496	26
1.19507	16
1.1952	17
1.19531	18
1.19543	19
1.19547	20
1.1956	21
1.19573	22
1.19586	23
1.19597	24
1.19609	25
1.19621	26
1.19634	16
1.19647	17
1.1966	18
1.19671	19
1.19682	20
1.19694	21
1.19704	22
1.19716	23
1.19728	24
1.19739	25
1.1975	26
1.19761	27
1.19768	16
1.19781	17
1.19792	18
1.19804	19
1.19816	20
1.19829	21
1.19842	22
1.19855	23
1.19866	24
1.19878	25
1.1989	26
1.19902	15
1.19913	16
1.19924	17
1.19935	18
1.19946	19
1.19958	20
1.19962	21
1.19975	22
1.19987	23
1.2	24
1.20012	25
1.20026	15
1.20038	15
1.20048	16
1.20058	17
1.20068	18
1.20079	19
1.20091	20
1.20103	21
1.20114	22
1.20125	23
1.20137	24
1.2015	25
1.20163	15
1.20174	16
1.20185	17
1.20189	18
1.20201	19
1.20213	20
1.20226	21
1.20239	22
1.20251	23
1.20262	24
1.20273	25
1.20286	26
1.20298	15
1.20312	16
1.20323	17
1.20334	18
1.20344	19
1.20355	20
1.20367	21
1.20379	22
1.20385	23
1.20397	24
1.2041	25
1.20423	14
1.20437	15
1.20448	16
1.20459	17
1.20469	18
1.2048	19
1.20491	20
1.20503	21
1.20516	22
1.20527	23
1.20538	24
1.20549	25
1.20562	26
1.20575	15
1.20589	16
1.20594	17
1.20605	18
1.20615	19
1.20626	20
1.20637	21
1.20649	22
1.2066	23
1.20671	24
1.20683	25
1.20695	26
1.20708	15
1.20722	16
1.20733	17
1.20744	18
1.20752	19
1.20764	20
1.20771	21
1.20784	22
1.20796	23
1.20808	24
1.20821	25
1.20835	14
1.20847	15
1.20858	16
1.20869	17
1.20881	18
1.20894	19
1.20905	20
1.20916	21
1.20927	22
1.20938	23
1.20951	24
1.20961	25
1.20974	14
1.20987	15
1.21	16
1.21005	17
1.21016	18
1.21027	19
1.21038	20
1.21049	21
1.21061	22
1.21072	23
1.21084	24
1.21096	25
1.21109	26
1.21122	15
1.21136	15
1.21144	16
1.21155	17
1.21167	18
1.21178	19
1.21186	20
1.21198	21
1.2121	22
1.21223	23
1.21236	24
1.21248	25
1.2126	26
1.21273	14
1.21287	15
1.21298	16
1.21309	17
1.21316	18
1.21327	19
1.21339	20
1.21351	21
1.21363	22
1.21376	23
1.21388	24
1.21402	25
1.2141	14
1.21422	15
1.21431	16
1.21441	17
1.21451	18
1.21461	19
1.21472	20
1.21484	21
1.21495	22
1.21504	23
1.21517	24
1.2153	25
1.21544	14
1.21557	15
1.21567	16
1.21574	17
1.21586	18
1.21597	19
1.2161	20
1.21623	21
1.21636	22
1.21648	23
1.2166	24
1.21672	25
1.21684	14
1.21697	15
1.21708	16
1.21716	17
1.21727	18
1.21738	19
1.21749	20
1.21757	21
1.21769	22
1.21782	23
1.21795	24
1.21807	25
1.21821	14
1.21834	15
1.21845	16
1.21856	17
1.21868	18
1.2188	19
1.21891	20
1.219	21
1.21912	22
1.21923	23
1.21934	24
1.21946	25
1.21959	14
1.21971	15
1.21983	16
1.21993	17
1.22006	18
1.22018	19
1.22028	20
1.22037	21
1.22047	22
1.22058	23
1.2207	24
1.22082	25
1.22094	26
1.22106	15
1.22118	15
1.22127	16
1.22138	17
1.2215	18
1.22162	19
1.22169	20
1.22181	21
1.22193	22
1.22206	23
1.22219	24
1.22233	25
1.22246	14
1.22259	15
1.22269	16
1.22278	17
1.22289	18
1.22297	19
1.22309	20
1.2232	21
1.22331	22
1.22343	23
1.22355	24
1.22367	25
1.22381	14
1.22391	15
1.22402	16
1.22414	17
1.22426	18
1.22439	19
1.22452	20
1.22461	21
1.22472	22
1.22483	23
1.22495	24
1.22505	25
1.22517	26
1.22529	14
1.2254	15
1.22548	16
1.22559	17
1.22571	18
1.22583	19
1.22596	20
1.22608	21
1.2262	22
1.22633	23
1.22646	24
1.22658	25
1.22668	14
1.22679	15
1.22689	16
1.22697	17
1.22708	18
1.22716	19
1.22728	20
1.22741	21
1.22753	22
1.22765	23
1.22777	24
1.22789	25
1.22801	26
1.22814	15
1.22826	16
1.22837	17
1.22849	18
1.22862	19
1.22875	20
1.22886	21
1.22897	22
1.22907	23
1.22917	24
1.22925	25
1.22936	26
1.22948	15
1.22961	16
1.22972	17
1.22984	18
1.22996	19
1.23008	20
1.23021	21
1.23033	22
1.23044	23
1.23054	24
1.23064	25
1.23075	26
1.23086	27
1.23097	15
1.23109	16
1.2312	17
1.23129	18
1.23141	19
1.23153	20
1.23165	21
1.23177	22
1.23188	23
1.23199	24
1.23211	25
1.23224	26
1.23236	15
1.23248	16
1.2326	17
1.23271	18
1.23281	19
1.23293	20
1.23304	21
1.23315	22
1.23323	23
1.23336	24
1.23347	25
1.23359	26
1.23371	15
1.23384	15
1.23396	16
1.23408	17
1.23418	18
1.2343	19
1.23442	20
1.23455	21
1.23468	22
1.23482	23
1.23492	24
1.23503	25
1.23515	26
1.23527	15
1.23539	16
1.23546	17
1.23556	18
1.23567	19
1.23579	20
1.23591	21
1.23603	22
1.23614	23
1.23627	24
1.2364	25
1.23652	14
1.23664	15
1.23673	16
1.23683	17
1.23693	18
1.23703	19
1.23713	20
1.2372	21
1.23732	22
1.23744	23
1.23757	24
1.2377	25
1.23783	14
1.23794	15
1.23804	16
1.23814	17
1.23826	18
1.23838	19
1.2385	20
1.23863	21
1.23877	22
1.23889	23
1.239	24
1.23913	25
1.23925	14
1.23935	15
1.23944	16
1.23951	17
1.23962	18
1.23973	19
1.23983	20
1.23994	21
1.24007	22
1.2402	23
1.24034	24
1.24047	25
1.24058	14
1.24069	15
1.24078	16
1.24087	17
1.24097	18
1.24106	19
1.24118	20
1.24125	21
1.24137	22
1.24149	23
1.24163	24
1.24176	25
1.24189	14
1.242	15
1.24209	16
1.24218	17
1.24228	18
1.24238	19
1.24249	20
1.24259	21
1.2427	22
1.24283	23
1.24295	24
1.24308	25
1.24319	14
1.2433	15
1.24341	16
1.24346	17
1.24357	18
1.24369	19
1.24381	20
1.24393	21
1.24406	22
1.2442	23
1.24433	24
1.24445	25
1.24455	26
1.24466	27
1.24477	15
1.24486	16
1.24496	17
1.24508	18
1.24519	19
1.24525	20
1.24538	21
1.24551	22
1.24564	23
1.24577	24
1.24588	25
1.24598	26
1.24609	27
1.2462	16
1.24632	17
1.24643	18
1.24652	19
1.24664	20
1.24677	21
1.24689	22
1.24702	23
1.24715	24
1.24726	25
1.24738	26
1.24744	15
1.24756	16
1.24768	17
1.2478	18
1.24792	19
1.24806	20
1.24819	21
1.24831	22
1.24842	23
1.24854	24
1.24864	25
1.24876	26
1.24888	15
1.249	16
1.24911	17
1.24922	18
1.24927	19
1.2494	20
1.24952	21
1.24966	22
1.24979	23
1.2499	24
1.25001	25
1.25013	26
1.25026	15
1.25037	16
1.25047	17
1.25058	18
1.25068	19
1.25079	20
1.25092	21
1.25105	22
1.25118	23
1.2513	24
1.25136	25
1.25149	14
1.25162	15
1.25173	16
1.25183	17
1.25193	18
1.25204	19
1.25215	20
1.25226	21
1.25239	22
1.25251	23
1.25263	24
1.25273	25
1.25286	26
1.25299	14
1.25311	15
1.25317	16
1.25328	17
1.2534	18
1.25352	19
1.25365	20
1.25378	21
1.25389	22
1.254	23
1.25411	24
1.25423	25
1.25435	26
1.25448	14
1.25461	15
1.2547	16
1.25481	17
1.25485	18
1.25497	19
1.2551	20
1.25522	21
1.25536	22
1.25548	23
1.25559	24
1.2557	25
1.25582	26
1.25595	14
1.25608	15
1.25618	16
1.25628	17
1.25637	18
1.25649	19
1.25661	20
1.25673	21
1.2568	22
1.25691	23
1.25704	24
1.25717	25
1.2573	14
1.25744	14
1.25753	15
1.25763	16
1.25773	17
1.25784	18
1.25795	19
1.25806	20
1.25818	21
1.25828	22
1.25839	23
1.25851	24
1.25864	25
1.25876	14
1.25883	15
1.25894	16
1.25905	17
1.25917	18
1.25929	19
1.25942	20
1.25955	21
1.25968	22
1.25979	23
1.2599	24
1.26001	25
1.26013	26
1.26026	14
1.26039	15
1.26041	16
1.26051	17
1.26063	18
1.26074	19
1.26086	20
1.26099	21
1.26112	22
1.26124	23
1.26137	24
1.2615	25
1.26164	14
1.26176	14
1.26186	15
1.26196	16
1.26206	17
1.26208	18
1.26219	19
1.26231	20
1.26243	21
1.26255	22
1.26267	23
1.26278	24
1.26291	25
1.26304	14
1.26317	15
1.26328	16
1.2634	17
1.26351	18
1.26364	19
1.26376	20
1.2639	21
1.26399	22
1.26403	23
1.26414	24
1.26425	25
1.26437	26
1.26449	15
1.26462	15
1.26474	16
1.26484	17
1.26495	18
1.26507	19
1.26519	20
1.26532	21
1.26545	22
1.26557	23
1.26569	24
1.2658	25
1.26591	26
1.26603	15
1.26616	16
1.26619	17
1.26629	18
1.2664	19
1.26651	20
1.26662	21
1.26675	22
1.26687	23
1.267	24
1.26712	25
1.26725	26
1.26738	15
1.26752	15
1.26764	16
1.26774	17
1.26783	18
1.26794	19
1.26796	20
1.26807	21
1.26819	22
1.26831	23
1.26843	24
1.26855	25
1.26867	26
1.26879	14
1.26892	15
1.26904	16
1.26915	17
1.26926	18
1.26938	19
1.2695	20
1.26963	21
1.26976	22
1.26988	23
1.26998	24
1.27009	25
1.27013	26
1.27024	15
1.27037	16
1.27048	17
1.2706	18
1.27071	19
1.27082	20
1.27094	21
1.27106	22
1.27119	23
1.27132	24
1.27144	25
1.27157	26
1.2717	15
1.27183	15
1.27194	16
1.27204	17
1.27206	18
1.27216	19
1.27227	20
1.27238	21
1.2725	22
1.27262	23
1.27274	24
1.27286	25
1.27298	26
1.27311	14
1.27324	15
1.27336	16
1.27348	17
1.27361	18
1.27373	19
1.27385	20
1.27398	21
1.27401	22
1.27415	23
1.27427	24
1.27438	25
1.27449	26
1.27461	15
1.27474	16
1.27485	17
1.27497	18
1.27509	19
1.27521	20
1.27532	21
1.27545	22
1.27558	23
1.27571	24
1.27583	25
1.27594	15
1.27605	16
1.27615	17
1.27626	18
1.27636	19
1.2764	20
1.27652	21
1.27665	22
1.27676	23
1.27688	24
1.277	25
1.27713	15
1.27725	16
1.27737	17
1.27748	18
1.2776	19
1.27773	20
1.27786	21
1.27797	22
1.2781	23
1.27821	24
1.27832	25
1.27843	26
1.27855	15
1.27861	16
1.27872	17
1.27883	18
1.27894	19
1.27906	20
1.27918	21
1.27931	22
1.27943	23
1.27955	24
1.27967	25
1.2798	15
1.27994	16
1.28007	17
1.28016	18
1.28026	19
1.28029	20
1.28039	21
1.28051	22
1.28062	23
1.28074	24
1.28087	25
1.28098	15
1.28111	16
1.28122	17
1.28134	18
1.28146	19
1.28158	20
1.2817	21
1.28182	22
1.28195	23
1.28208	24
1.28222	25
1.28234	15
1.28245	16
1.28247	17
1.28257	18
1.28268	19
1.28279	20
1.28291	21
1.28304	22
1.28315	23
1.28327	24
1.28339	25
1.28352	26
1.28365	16
1.28377	16
1.28388	17
1.284	18
1.28412	19
1.28424	20
1.28427	21
1.28441	22
1.28453	23
1.28464	24
1.28475	25
1.28486	26
1.28498	16
1.28511	17
1.28522	18
1.28532	19
1.28543	20
1.28555	21
1.28567	22
1.28579	23
1.28592	24
1.28606	25
1.28618	15
1.28631	16
1.28643	17
1.28656	18
1.28659	19
1.28672	20
1.28682	21
1.28693	22
1.28704	23
1.28716	24
1.28728	25
1.2874	26
1.28754	15
1.28766	16
1.28777	17
1.28788	18
1.28801	19
1.28813	20
1.28825	21
1.28837	22
1.28849	23
1.28862	24
1.28865	25
1.28879	15
1.28891	15
1.28901	16
1.28911	17
1.28921	18
1.28932	19
1.28944	20
1.28956	21
1.28967	22
1.28979	23
1.28991	24
1.29003	25
1.29016	15
1.2903	16
1.2904	17
1.29043	18
1.29055	19
1.29067	20
1.2908	21
1.29093	22
1.29104	23
1.29115	24
1.29126	25
1.29138	26
1.2915	16
1.29163	17
1.29175	18
1.29186	19
1.29198	20
1.29209	21
1.29222	22
1.29233	23
1.29237	24
1.29251	25
1.29263	15
1.29274	16
1.29284	17
1.29295	18
1.29306	19
1.29318	20
1.2933	21
1.29341	22
1.29353	23
1.29365	24
1.29378	25
1.29391	15
1.29403	16
1.29415	17
1.29426	18
1.29439	19
1.29441	20
1.29454	21
1.29468	22
1.2948	23
1.29491	24
1.29503	25
1.29515	26
1.29527	16
1.2954	16
1.29551	17
1.29562	18
1.29573	19
1.29585	20
1.29598	21
1.29609	22
1.29621	23
1.29633	24
1.29646	25
1.29659	15
1.29663	16
1.29676	17
1.29686	18
1.29696	19
1.29706	20
1.29717	21
1.29729	22
1.2974	23
1.29753	24
1.29764	25
1.29776	26
1.29788	15
1.29801	16
1.29813	17
1.29826	18
1.29828	19
1.29841	20
1.29853	21
1.29865	22
1.29879	23
1.29892	24
1.29903	25
1.29914	26
1.29926	27
1.29938	16
1.2995	16
1.29962	17
1.29974	18
1.29986	19
1.29997	20
1.30009	21
1.30022	22
1.30033	23
1.30037	24
1.30049	25
1.30061	26
1.30074	15
1.30088	16
1.301	17
1.30111	18
1.30122	19
1.30134	20
1.30146	21
1.30157	22
1.30169	23
1.30181	24
1.30192	25
1.30204	26
1.30216	15
1.30229	16
1.3024	17
1.30252	18
1.30255	19
1.30267	20
1.30281	21
1.30293	22
1.30305	23
1.30316	24
1.30328	25
1.3034	26
1.30352	15
1.30364	16
1.30375	17
1.30386	18
1.30398	19
1.3041	20
1.30423	21
1.30434	22
1.30447	23
1.30458	24
1.30462	25
1.30475	14
1.30487	15
1.30499	16
1.30509	17
1.30519	18
1.3053	19
1.30541	20
1.30553	21
1.30566	22
1.30578	23
1.3059	24
1.30602	25
1.30615	26
1.30627	15
1.3064	15
1.30641	16
1.30653	17
1.30665	18
1.30677	19
1.3069	20
1.30704	21
1.30716	22
1.30727	23
1.30739	24
1.30751	25
1.30762	26
1.30774	14
1.30786	15
1.30797	16
1.30807	17
1.3081	18
1.30822	19
1.30835	20
1.30848	21
1.30861	22
1.30873	23
1.30884	24
1.30894	25
1.30905	26
1.30916	27
1.30927	15
1.30939	16
1.3095	17
1.30962	18
1.30974	19
1.30985	20
1.30997	21
1.31002	22
1.31014	23
1.31025	24
1.31037	25
1.31049	26
1.31062	14
1.31075	15
1.31087	16
1.31099	17
1.31112	18
1.31125	19
1.31137	20
1.3115	21
1.31161	22
1.31172	23
1.31184	24
1.31195	25
1.31206	26
1.31218	14
1.31231	15
1.31235	16
1.31247	17
1.3126	18
1.31273	19
1.31286	20
1.31299	21
1.31308	22
1.31318	23
1.31329	24
1.3134	25
1.31351	26
1.31363	14
1.31376	15
1.31386	16
1.31397	17
1.31402	18
1.31415	19
1.31428	20
1.31439	21
1.3145	22
1.31461	23
1.31473	24
1.31486	25
1.31498	14
1.31512	15
1.31524	16
1.31535	17
1.31546	18
1.31556	19
1.31568	20
1.31581	21
1.31591	22
1.31596	23
1.31607	24
1.31619	25
1.31631	26
1.31644	15
1.31657	16
1.31669	17
1.31681	18
1.31694	19
1.31708	20
1.3172	21
1.3173	22
1.3174	23
1.3175	24
1.3176	25
1.31771	26
1.31784	15
1.31796	16
1.31807	17
1.31819	18
1.31824	19
1.31837	20
1.3185	21
1.31861	22
1.31872	23
1.31884	24
1.31896	25
1.31909	15
1.31922	16
1.31934	17
1.31945	18
1.31956	19
1.31966	20
1.31979	21
1.31991	22
1.32001	23
1.32012	24
1.32023	25
1.32029	26
1.32041	15
1.32054	16
1.32065	17
1.32077	18
1.32089	19
1.32101	20
1.32115	21
1.32129	22
1.32139	23
1.32149	24
1.32159	25
1.32169	26
1.3218	27
1.32192	16
1.32204	17
1.32215	18
1.3222	19
1.32232	20
1.32244	21
1.32257	22
1.32269	23
1.3228	24
1.32292	25
1.32304	26
1.32317	15
1.3233	16
1.32342	17
1.32354	18
1.32365	19
1.32377	20
1.32387	21
1.324	22
1.32411	23
1.32422	24
1.32427	25
1.32439	26
1.3245	15
1.32463	16
1.32474	17
1.32486	18
1.32498	19
1.32511	20
1.32524	21
1.32538	22
1.32549	23
1.32559	24
1.32569	25
1.3258	26
1.32592	27
1.32603	16
1.32614	17
1.32625	18
1.3263	19
1.32642	20
1.32654	21
1.32668	22
1.3268	23
1.32692	24
1.32705	25
1.32718	15
1.3273	15
1.3274	16
1.3275	17
1.32761	18
1.32772	19
1.32783	20
1.32793	21
1.32805	22
1.32817	23
1.32829	24
1.32835	25
1.32847	15
1.32861	16
1.32872	17
1.32883	18
1.32895	19
1.32907	20
1.3292	21
1.32933	22
1.32947	23
1.32958	24
1.32969	25
1.32981	26
1.32993	15
1.33005	16
1.33014	17
1.33024	18
1.33029	19
1.33041	20
1.33053	21
1.33065	22
1.33078	23
1.33091	24
1.33103	25
1.33116	15
1.3313	16
1.33141	17
1.33151	18
1.33161	19
1.33171	20
1.33182	21
1.33192	22
1.33204	23
1.33215	24
1.33227	25
1.33234	26
1.33246	15
1.33259	16
1.3327	17
1.33282	18
1.33295	19
1.33306	20
1.33318	21
1.33331	22
1.33344	23
1.33357	24
1.33368	25
1.33379	26
1.33391	27
1.33403	16
1.33415	16
1.33425	17
1.3343	18
1.33442	19
1.33453	20
1.33465	21
1.33477	22
1.33489	23
1.33502	24
1.33516	25
1.33528	14
1.33539	15
1.33549	16
1.3356	17
1.33571	18
1.33582	19
1.33594	20
1.33604	21
1.33616	22
1.33622	23
1.33634	24
1.33647	25
1.3366	14
1.33673	15
1.33684	16
1.33696	17
1.33708	18
1.33721	19
1.33735	20
1.33745	21
1.33755	22
1.33767	23
1.33778	24
1.3379	25
1.33803	26
1.33814	15
1.33826	16
1.33832	17
1.33843	18
1.33855	19
1.33867	20
1.3388	21
1.33892	22
1.33904	23
1.33916	24
1.33927	25
1.33939	26
1.33952	15
1.33964	15
1.33975	16
1.33986	17
1.33994	18
1.34006	19
1.34013	20
1.34025	21
1.34038	22
1.3405	23
1.34063	24
1.34076	25
1.34089	14
1.34101	15
1.34111	16
1.34121	17
1.34132	18
1.34143	19
1.34155	20
1.34167	21
1.34179	22
1.34188	23
1.34201	24
1.34213	25
1.34226	14
1.34233	15
1.34245	16
1.34257	17
1.34267	18
1.34277	19
1.34288	20
1.343	21
1.34312	22
1.34325	23
1.34336	24
1.34349	25
1.34361	26
1.34374	14
1.34387	15
1.34391	16
1.34402	17
1.34412	18
1.34423	19
1.34434	20
1.34445	21
1.34457	22
1.34469	23
1.34481	24
1.34493	25
1.34505	26
1.34518	14
1.3453	15
1.3454	16
1.34552	17
1.34556	18
1.34568	19
1.34581	20
1.34593	21
1.34607	22
1.34618	23
1.34629	24
1.3464	25
1.34653	26
1.34665	14
1.34678	15
1.34687	16
1.34698	17
1.34709	18
1.34721	19
1.34734	20
1.34746	21
1.34752	22
1.34766	23
1.34777	24
1.34788	25
1.348	26
1.34812	14
1.34825	15
1.34837	16
1.34847	17
1.34857	18
1.34869	19
1.34881	20
1.34894	21
1.34907	22
1.3492	23
1.34931	24
1.34942	25
1.34954	26
1.34967	14
1.34979	15
1.34984	16
1.34995	17
1.35006	18
1.35017	19
1.35028	20
1.3504	21
1.35053	22
1.35066	23
1.35078	24
1.3509	25
1.35101	26
1.35114	14
1.35126	15
1.35138	16
1.35148	17
1.35152	18
1.35163	19
1.35175	20
1.35188	21
1.352	22
1.35213	23
1.35225	24
1.35237	25
1.35248	26
1.3526	14
1.35273	15
1.35284	16
1.35294	17
1.35305	18
1.35317	19
1.35329	20
1.35341	21
1.35346	22
1.35359	23
1.35372	24
1.35384	25
1.35398	13
1.35411	14
1.35421	15
1.3543	16
1.3544	17
1.35451	18
1.35462	19
1.35474	20
1.35486	21
1.35499	22
1.35511	23
1.35523	24
1.35536	25
1.35549	13
1.35555	14
1.35567	15
1.35577	16
1.35587	17
1.35597	18
1.35608	19
1.35619	20
1.35632	21
1.35644	22
1.35657	23
1.3567	24
1.35682	25
1.35695	13
1.35701	14
1.35714	15
1.35723	16
1.35733	17
1.35743	18
1.35754	19
1.35765	20
1.35776	21
1.35788	22
1.35801	23
1.35814	24
1.35827	25
1.35839	14
1.35846	15
1.35858	16
1.35869	17
1.3588	18
1.35892	19
1.35904	20
1.35917	21
1.3593	22
1.35942	23
1.35954	24
1.35967	25
1.3598	14
1.35992	15
1.36003	16
1.36008	17
1.36019	18
1.3603	19
1.36042	20
1.36054	21
1.36066	22
1.3608	23
1.36093	24
1.36105	25
1.36118	14
1.36131	15
1.36142	16
1.3615	17
1.36162	18
1.36174	19
1.36186	20
1.36191	21
1.36203	22
1.36216	23
1.36229	24
1.36242	25
1.36256	14
1.36268	15
1.3628	16
1.3629	17
1.36301	18
1.36312	19
1.36323	20
1.36333	21
1.36346	22
1.36357	23
1.3637	24
1.36382	25
1.36396	14
1.36409	15
1.3642	16
1.36426	17
1.36436	18
1.36446	19
1.36457	20
1.36468	21
1.3648	22
1.36491	23
1.36503	24
1.36515	25
1.36526	26
1.36538	15
1.36552	16
1.36563	17
1.36575	18
1.36587	19
1.36599	20
1.36607	21
1.3662	22
1.3663	23
1.36641	24
1.36653	25
1.36665	26
1.36677	15
1.3669	15
1.36701	16
1.36713	17
1.36724	18
1.36737	19
1.36749	20
1.36762	21
1.36773	22
1.36786	23
1.36798	24
1.36811	25
1.36823	14
1.36834	15
1.36841	16
1.36852	17
1.36864	18
1.36876	19
1.36889	20
1.36901	21
1.36911	22
1.36922	23
1.36934	24
1.36946	25
1.36959	14
1.36972	15
1.36983	16
1.36993	17
1.37004	18
1.37012	19
1.37024	20
1.37037	21
1.37048	22
1.37059	23
1.3707	24
1.37082	25
1.37095	26
1.37108	15
1.3712	15
1.3713	16
1.37142	17
1.37153	18
1.37165	19
1.37177	20
1.37188	21
1.37198	22
1.37208	23
1.37217	24
1.37229	25
1.37241	26
1.37254	14
1.37267	15
1.37277	16
1.37289	17
1.37302	18
1.37316	19
1.37327	20
1.37337	21
1.37347	22
1.37358	23
1.37369	24
1.3738	25
1.37391	26
1.37404	14
1.37417	15
1.37424	16
1.37436	17
1.37448	18
1.37461	19
1.37473	20
1.37484	21
1.37494	22
1.37504	23
1.37515	24
1.37527	25
1.37539	26
1.37552	14
1.37565	15
1.37574	16
1.37586	17
1.37595	18
1.37608	19
1.3762	20
1.37631	21
1.37639	22
1.3765	23
1.37661	24
1.37672	25
1.37684	26
1.37697	14
1.3771	15
1.37721	16
1.37734	17
1.37743	18
1.37756	19
1.37769	20
1.3778	21
1.37787	22
1.37797	23
1.37808	24
1.3782	25
1.37832	26
1.37844	14
1.37857	15
1.37866	16
1.37878	17
1.37891	18
1.37904	19
1.37916	20
1.37927	21
1.37936	22
1.37949	23
1.37961	24
1.37974	25
1.37988	13
1.38	14
1.38011	15
1.38018	16
1.3803	17
1.38041	18
1.38054	19
1.38066	20
1.38077	21
1.38088	22
1.381	23
1.38112	24
1.38125	25
1.38138	13
1.38149	14
1.3816	15
1.38171	16
1.38183	17
1.3819	18
1.38203	19
1.38214	20
1.38225	21
1.38236	22
1.38247	23
1.38259	24
1.38272	25
1.38285	14
1.38296	15
1.38307	16
1.38318	17
1.3833	18
1.38342	19
1.38355	20
1.38367	21
1.38377	22
1.38384	23
1.38396	24
1.38408	25
1.3842	26
1.38433	14
1.38446	15
1.38455	16
1.38466	17
1.38478	18
1.3849	19
1.38502	20
1.38514	21
1.38524	22
1.38535	23
1.38547	24
1.38559	25
1.38571	26
1.38584	14
1.38598	15
1.38604	16
1.38615	17
1.38624	18
1.38636	19
1.38648	20
1.38661	21
1.38673	22
1.38684	23
1.38696	24
1.38708	25
1.3872	26
1.38733	14
1.38746	15
1.38759	16
1.38769	17
1.38775	18
1.38787	19
1.38799	20
1.38811	21
1.38821	22
1.38832	23
1.38843	24
1.38855	25
1.38867	26
1.3888	14
1.38894	15
1.38906	16
1.38918	17
1.38931	18
1.38945	19
1.38955	20
1.38965	21
1.3897	22
1.38981	23
1.38992	24
1.39004	25
1.39016	26
1.39029	14
1.39042	15
1.39051	16
1.39064	17
1.39077	18
1.3909	19
1.39102	20
1.39111	21
1.39122	22
1.39132	23
1.39144	24
1.39155	25
1.39167	26
1.39179	14
1.39192	15
1.39198	16
1.3921	17
1.3922	18
1.39233	19
1.39247	20
1.39256	21
1.39266	22
1.39277	23
1.39288	24
1.39299	25
1.39311	26
1.39323	14
1.39336	15
1.39348	16
1.39359	17
1.39365	18
1.39378	19
1.3939	20
1.39402	21
1.39412	22
1.39423	23
1.39433	24
1.39445	25
1.39457	26
1.39469	14
1.39482	14
1.39493	15
1.39504	16
1.39517	17
1.39529	18
1.39542	19
1.39554	20
1.39559	21
1.3957	22
1.3958	23
1.39592	24
1.39603	25
1.39615	26
1.39626	14
1.39639	14
1.39651	15
1.39663	16
1.39675	17
1.39688	18
1.39699	19
1.3971	20
1.39722	21
1.39734	22
1.39747	23
1.3976	24
1.39772	25
1.39783	14
1.3979	14
1.39802	15
1.39813	16
1.39825	17
1.39838	18
1.39849	19
1.3986	20
1.39871	21
1.39883	22
1.39896	23
1.39909	24
1.39922	25
1.39934	13
1.3994	14
1.39951	15
1.39962	16
1.39974	17
1.39986	18
1.39998	19
1.40009	20
1.40021	21
1.40032	22
1.40045	23
1.40057	24
1.40071	25
1.40082	13
1.40089	14
1.401	15
1.40112	16
1.40124	17
1.40135	18
1.40146	19
1.40157	20
1.40168	21
1.40179	22
1.40191	23
1.40203	24
1.40216	25
1.4023	13
1.40236	14
1.40246	15
1.40258	16
1.4027	17
1.40282	18
1.40295	19
1.40306	20
1.40316	21
1.40327	22
1.40338	23
1.4035	24
1.40363	25
1.40376	14
1.40382	14
1.40394	15
1.40405	16
1.40417	17
1.40429	18
1.40441	19
1.40453	20
1.40464	21
1.40475	22
1.40487	23
1.40499	24
1.40511	25
1.40524	14
1.40529	14
1.40541	15
1.40552	16
1.40564	17
1.40576	18
1.40589	19
1.406	20
1.40611	21
1.40622	22
1.40634	23
1.40646	24
1.40658	25
1.40672	14
1.40675	15
1.40687	16
1.407	17
1.40712	18
1.40723	19
1.40736	20
1.40749	21
1.40759	22
1.4077	23
1.40781	24
1.40793	25
1.40805	26
1.40818	14
1.40832	15
1.40834	16
1.40846	17
1.40859	18
1.40873	19
1.40885	20
1.40897	21
1.40907	22
1.40917	23
1.40928	24
1.4094	25
1.40952	26
1.40965	14
1.40978	15
1.4099	16
1.41002	17
1.41005	18
1.41018	19
1.41032	20
1.41043	21
1.41053	22
1.41063	23
1.41074	24
1.41085	25
1.41097	26
1.41109	14
1.41122	15
1.41134	16
1.41146	17
1.41159	18
1.41172	19
1.41185	20
1.41195	21
1.41198	22
1.41208	23
1.41219	24
1.4123	25
1.41242	26
1.41254	14
1.41266	15
1.41278	16
1.4129	17
1.41303	18
1.41316	19
1.4133	20
1.4134	21
1.4135	22
1.41361	23
1.41372	24
1.41383	25
1.41395	26
1.41407	14
1.41419	15
1.41422	16
1.41434	17
1.41446	18
1.41459	19
1.41472	20
1.41485	21
1.41496	22
1.41508	23
1.4152	24
1.41533	25
1.41547	13
1.41559	14
1.4157	15
1.4158	16
1.41591	17
1.41595	18
1.41607	19
1.4162	20
1.41634	21
1.41645	22
1.41656	23
1.41668	24
1.41681	25
1.41694	14
1.41707	15
1.41718	16
1.41729	17
1.41741	18
1.41752	19
1.41765	20
1.41777	21
1.41788	22
1.41793	23
1.41805	24
1.41817	25
1.4183	26
1.41843	14
1.41856	15
1.41867	16
1.41878	17
1.41889	18
1.41902	19
1.41914	20
1.41927	21
1.41938	22
1.41949	23
1.4196	24
1.41972	25
1.41985	26
1.41998	14
1.42011	15
1.42015	16
1.42026	17
1.42038	18
1.42049	19
1.42062	20
1.42075	21
1.42087	22
1.42098	23
1.42109	24
1.42121	25
1.42133	26
1.42146	14
1.42159	15
1.4217	16
1.42181	17
1.42185	18
1.42197	19
1.4221	20
1.42223	21
1.42235	22
1.42245	23
1.42257	24
1.42269	25
1.42281	26
1.42294	14
1.42307	15
1.42319	16
1.42329	17
1.4234	18
1.42352	19
1.42365	20
1.42377	21
1.42383	22
1.42393	23
1.42404	24
1.42416	25
1.42428	26
1.4244	14
1.42453	15
1.42466	16
1.42478	17
1.42491	18
1.42504	19
1.42515	20
1.42526	21
1.42536	22
1.42546	23
1.42558	24
1.42569	25
1.42581	26
1.42594	14
1.42606	15
1.42612	16
1.42625	17
1.42638	18
1.42651	19
1.42664	20
1.42675	21
1.42685	22
1.42696	23
1.42707	24
1.42718	25
1.42729	26
1.42741	14
1.42754	15
1.42764	16
1.42776	17
1.42783	18
1.42796	19
1.4281	20
1.42822	21
1.42832	22
1.42842	23
1.42853	24
1.42864	25
1.42876	26
1.42888	14
1.42901	15
1.42911	16
1.42923	17
1.42933	18
1.42946	19
1.42959	20
1.4297	21
1.42978	22
1.42988	23
1.42998	24
1.43009	25
1.43021	26
1.43033	14
1.43045	15
1.43057	16
1.43069	17
1.4308	18
1.43093	19
1.43106	20
1.43118	21
1.43125	22
1.43135	23
1.43146	24
1.43157	25
1.43169	26
1.43181	14
1.43194	15
1.43201	16
1.43213	17
1.43226	18
1.43238	19
1.43252	20
1.43263	21
1.43272	22
1.43283	23
1.43294	24
1.43305	25
1.43317	26
1.43329	14
1.43341	15
1.43349	16
1.43361	17
1.43369	18
1.43382	19
1.43395	20
1.43407	21
1.43418	22
1.43429	23
1.43439	24
1.4345	25
1.43462	26
1.43474	14
1.43486	15
1.43496	16
1.43508	17
1.43517	18
1.4353	19
1.43543	20
1.43555	21
1.43563	22
1.43574	23
1.43584	24
1.43596	25
1.43608	26
1.4362	14
1.43633	15
1.43644	16
1.43655	17
1.43667	18
1.43679	19
1.43691	20
1.43702	21
1.43711	22
1.43723	23
1.43736	24
1.43749	25
1.43762	13
1.43774	14
1.43785	15
1.43793	16
1.43805	17
1.43818	18
1.43831	19
1.43842	20
1.43853	21
1.43863	22
1.43875	23
1.43888	24
1.43901	25
1.43915	13
1.43923	14
1.43934	15
1.43946	16
1.43958	17
1.43967	18
1.43979	19
1.43991	20
1.44002	21
1.44013	22
1.44025	23
1.44038	24
1.4405	25
1.44062	13
1.44071	14
1.44082	15
1.44093	16
1.44105	17
1.44117	18
1.4413	19
1.44142	20
1.44152	21
1.44162	22
1.44173	23
1.44185	24
1.44197	25
1.44209	14
1.44217	15
1.44229	16
1.44241	17
1.44252	18
1.44264	19
1.44277	20
1.4429	21
1.443	22
1.44312	23
1.44323	24
1.44335	25
1.44348	26
1.4436	14
1.44372	15
1.44377	16
1.44388	17
1.444	18
1.44412	19
1.44425	20
1.44438	21
1.44448	22
1.44459	23
1.44471	24
1.44483	25
1.44495	26
1.44508	14
1.44521	15
1.44532	16
1.44542	17
1.44548	18
1.4456	19
1.44572	20
1.44585	21
1.44596	22
1.44607	23
1.44618	24
1.4463	25
1.44642	26
1.44655	14
1.44669	15
1.44679	16
1.44691	17
1.44704	18
1.44718	19
1.44728	20
1.44737	21
1.44743	22
1.44754	23
1.44765	24
1.44777	25
1.44789	26
1.44802	14
1.44816	15
1.44828	16
1.4484	17
1.44851	18
1.44865	19
1.44876	20
1.44885	21
1.44895	22
1.44906	23
1.44917	24
1.44929	25
1.44941	26
1.44952	14
1.44965	15
1.44971	16
1.44983	17
1.44996	18
1.45009	19
1.45021	20
1.45032	21
1.45044	22
1.45056	23
1.45068	24
1.45081	25
1.45093	13
1.45105	14
1.45116	15
1.45125	16
1.45137	17
1.45144	18
1.45157	19
1.45169	20
1.4518	21
1.45191	22
1.45203	23
1.45216	24
1.45228	25
1.45241	13
1.45253	14
1.45264	15
1.45275	16
1.45287	17
1.45297	18
1.45309	19
1.4532	20
1.45331	21
1.45339	22
1.4535	23
1.45362	24
1.45375	25
1.45387	13
1.45399	14
1.45411	15
1.45422	16
1.45433	17
1.45445	18
1.45457	19
1.45468	20
1.45479	21
1.45487	22
1.45499	23
1.4551	24
1.45522	25
1.45534	26
1.45542	14
1.45555	15
1.45567	16
1.4558	17
1.45592	18
1.45602	19
1.45612	20
1.45622	21
1.45632	22
1.45643	23
1.45655	24
1.45667	25
1.4568	26
1.45693	14
1.45706	15
1.4571	16
1.45722	17
1.45736	18
1.45746	19
1.45756	20
1.45767	21
1.45777	22
1.45788	23
1.45799	24
1.45812	25
1.45824	26
1.45837	14
1.4585	15
1.45863	16
1.45874	17
1.45879	18
1.45889	19
1.45901	20
1.45912	21
1.45924	22
1.45937	23
1.4595	24
1.45962	25
1.45974	26
1.45987	14
1.46	15
1.46012	16
1.46024	17
1.46036	18
1.46048	19
1.46058	20
1.46069	21
1.46074	22
1.46086	23
1.46099	24
1.46112	25
1.46125	13
1.46137	14
1.46149	15
1.4616	16
1.46171	17
1.46183	18
1.46195	19
1.46206	20
1.46218	21
1.46231	22
1.46244	23
1.46257	24
1.46269	25
1.46282	14
1.46286	14
1.46296	15
1.46307	16
1.46318	17
1.4633	18
1.46343	19
1.46354	20
1.46366	21
1.46378	22
1.46391	23
1.46404	24
1.46418	25
1.46429	13
1.46434	14
1.46444	15
1.46455	16
1.46466	17
1.46478	18
1.4649	19
1.46501	20
1.46513	21
1.46525	22
1.46538	23
1.46551	24
1.46564	25
1.46577	13
1.4658	14
1.4659	15
1.46601	16
1.46612	17
1.46623	18
1.46635	19
1.46647	20
1.46658	21
1.4667	22
1.46683	23
1.46696	24
1.46708	25
1.46721	14
1.46724	15
1.46736	16
1.46748	17
1.46761	18
1.46774	19
1.46784	20
1.46795	21
1.46807	22
1.46819	23
1.46831	24
1.46844	25
1.46858	14
1.4687	15
1.46882	16
1.46884	17
1.46896	18
1.46909	19
1.46922	20
1.46934	21
1.46945	22
1.46957	23
1.46969	24
1.46981	25
1.46994	14
1.47006	15
1.47017	16
1.47029	17
1.47041	18
1.47053	19
1.47065	20
1.47068	21
1.47081	22
1.47093	23
1.47107	24
1.47119	25
1.47132	15
1.47143	15
1.47154	16
1.47164	17
1.47176	18
1.47188	19
1.472	20
1.47212	21
1.47224	22
1.47236	23
1.47249	24
1.47263	25
1.47275	14
1.47287	15
1.47296	16
1.473	17
1.47311	18
1.47323	19
1.47335	20
1.47346	21
1.47357	22
1.47369	23
1.47382	24
1.47395	25
1.47409	14
1.47421	15
1.47431	16
1.47442	17
1.47453	18
1.47463	19
1.47475	20
1.4748	21
1.47492	22
1.47503	23
1.47516	24
1.47528	25
1.47542	14
1.47554	15
1.47565	16
1.47576	17
1.47589	18
1.47602	19
1.47615	20
1.47626	21
1.47637	22
1.47649	23
1.4766	24
1.47672	25
1.47685	14
1.47697	15
1.47709	16
1.47713	17
1.47724	18
1.47737	19
1.47749	20
1.4776	21
1.47773	22
1.47785	23
1.47799	24
1.47812	25
1.47824	14
1.47837	15
1.47847	16
1.47857	17
1.47868	18
1.4788	19
1.47892	20
1.47896	21
1.47908	22
1.4792	23
1.47932	24
1.47945	25
1.47958	14
1.47972	15
1.47983	16
1.47993	17
1.48004	18
1.48015	19
1.48027	20
1.48038	21
1.48049	22
1.4806	23
1.48072	24
1.48085	25
1.48098	14
1.48112	15
1.48124	16
1.48129	17
1.48141	18
1.48154	19
1.48165	20
1.48177	21
1.4819	22
1.48203	23
1.48214	24
1.48226	25
1.48238	26
1.48251	15
1.48264	15
1.48275	16
1.48286	17
1.48297	18
1.48307	19
1.48312	20
1.48324	21
1.48336	22
1.48349	23
1.48362	24
1.48375	25
1.48388	14
1.484	15
1.48412	16
1.48422	17
1.48433	18
1.48443	19
1.48455	20
1.48466	21
1.48478	22
1.4849	23
1.48503	24
1.48516	25
1.48529	14
1.48536	15
1.48546	16
1.48556	17
1.48567	18
1.48578	19
1.48589	20
1.48601	21
1.48613	22
1.48625	23
1.48636	24
1.48649	25
1.48662	14
1.48675	15
1.48686	16
1.4869	17
1.48702	18
1.48714	19
1.48727	20
1.4874	21
1.48754	22
1.48764	23
1.48775	24
1.48786	25
1.48798	26
1.48811	15
1.48822	16
1.48832	17
1.48843	18
1.48854	19
1.48867	20
1.48872	21
1.48885	22
1.48898	23
1.4891	24
1.48923	25
1.48934	15
1.48945	16
1.48954	17
1.48965	18
1.48975	19
1.48986	20
1.48997	21
1.49008	22
1.49021	23
1.49034	24
1.49046	25
1.49058	16
1.4907	16
1.49081	17
1.49092	18
1.49099	19
1.49111	20
1.49124	21
1.49137	22
1.49151	23
1.49163	24
1.49175	25
1.49186	16
1.49197	17
1.49207	18
1.49217	19
1.49227	20
1.49238	21
1.4925	22
1.49262	23
1.49275	24
1.49289	25
1.49302	15
1.4931	16
1.49321	17
1.4933	18
1.49339	19
1.4935	20
1.49361	21
1.49371	22
1.49383	23
1.49395	24
1.49408	25
1.49421	15
1.49434	16
1.49445	17
1.49456	18
1.49467	19
1.49474	20
1.49486	21
1.49498	22
1.49511	23
1.49524	24
1.49537	25
1.49549	15
1.49562	16
1.49572	17
1.49583	18
1.49594	19
1.49604	20
1.49616	21
1.49627	22
1.49638	23
1.4965	24
1.49662	25
1.49675	15
1.49688	16
1.49694	17
1.49705	18
1.49715	19
1.49726	20
1.49737	21
1.49749	22
1.49761	23
1.49773	24
1.49784	25
1.49796	26
1.49809	16
1.4982	17
1.49831	18
1.49842	19
1.49851	20
1.49863	21
1.49872	22
1.49885	23
1.49899	24
1.49913	15
1.49924	16
1.49934	17
1.49944	18
1.49956	19
1.49967	20
1.49978	21
1.49989	22
1.49999	23
1.50011	24
1.50024	25
1.50037	15
1.5005	16
1.50061	17
1.50072	18
1.50084	19
1.50092	20
1.50104	21
1.50116	22
1.50128	23
1.50142	24
1.50154	25
1.50166	26
1.50178	16
1.50191	17
1.50203	18
1.50213	19
1.50223	20
1.50235	21
1.50246	22
1.50257	23
1.50268	24
1.50281	25
1.50294	15
1.50308	16
1.50316	17
1.50327	18
1.50339	19
1.5035	20
1.50361	21
1.50373	22
1.50383	23
1.50394	24
1.50405	25
1.50417	26
1.50429	16
1.50441	16
1.50453	17
1.50466	18
1.50478	19
1.5049	20
1.50496	21
1.50507	22
1.50517	23
1.50528	24
1.50539	25
1.50551	26
1.50563	15
1.50576	16
1.50588	17
1.50599	18
1.50609	19
1.50622	20
1.50633	21
1.50644	22
1.50655	23
1.50667	24
1.5068	25
1.50693	15
1.50706	16
1.50719	17
1.50726	18
1.50738	19
1.50749	20
1.50762	21
1.50772	22
1.50782	23
1.50793	24
1.50804	25
1.50815	26
1.50827	15
1.5084	16
1.50853	17
1.50865	18
1.50878	19
1.50891	20
1.50903	21
1.50912	22
1.50919	23
1.50929	24
1.5094	25
1.50951	26
1.50963	16
1.50975	16
1.50987	17
1.50999	18
1.51007	19
1.5102	20
1.51033	21
1.51045	22
1.51056	23
1.51067	24
1.51079	25
1.51092	26
1.51105	15
1.51119	16
1.51129	17
1.51141	18
1.51148	19
1.5116	20
1.51173	21
1.51184	22
1.51195	23
1.51205	24
1.51214	25
1.51226	26
1.51238	15
1.51251	16
1.51263	17
1.51275	18
1.51288	19
1.51301	20
1.51315	21
1.51326	22
1.51336	23
1.51346	24
1.51352	25
1.51364	26
1.51375	27
1.51388	16
1.514	17
1.51412	18
1.5142	19
1.51433	20
1.51446	21
1.51458	22
1.51469	23
1.51481	24
1.51493	25
1.51506	26
1.51519	15
1.51532	16
1.51543	17
1.51554	18
1.51566	19
1.51578	20
1.51586	21
1.51599	22
1.51611	23
1.51621	24
1.51629	25
1.51641	26
1.51653	15
1.51666	16
1.51678	17
1.5169	18
1.51702	19
1.51715	20
1.51729	21
1.51741	22
1.51752	23
1.51762	24
1.51772	25
1.51783	26
1.51795	27
1.51807	15
1.51816	16
1.51827	17
1.51834	18
1.51846	19
1.51858	20
1.51871	21
1.51884	22
1.51896	23
1.51908	24
1.5192	25
1.51933	15
1.51946	16
1.51958	17
1.51969	18
1.5198	19
1.51987	20
1.51999	21
1.52011	22
1.52023	23
1.52032	24
1.52042	25
1.52054	26
1.52066	16
1.52078	17
1.5209	18
1.52102	19
1.52114	20
1.52127	21
1.52141	22
1.52154	23
1.52167	24
1.52176	25
1.52187	26
1.52197	27
1.52205	16
1.52217	17
1.52228	18
1.52239	19
1.52251	20
1.52258	21
1.52271	22
1.52284	23
1.52297	24
1.52308	25
1.5232	26
1.52332	16
1.52345	16
1.52357	17
1.52369	18
1.52382	19
1.52395	20
1.52404	21
1.52415	22
1.52428	23
1.5244	24
1.52452	25
1.52463	26
1.52474	16
1.52486	17
1.52492	18
1.52503	19
1.52515	20
1.52527	21
1.52539	22
1.52552	23
1.52566	24
1.52579	25
1.52592	15
1.52601	16
1.52611	17
1.5262	18
1.52627	19
1.52637	20
1.52648	21
1.52659	22
1.5267	23
1.52678	24
1.52691	25
1.52704	15
1.52717	16
1.52728	17
1.52739	18
1.52749	19
1.5276	20
1.52772	21
1.52784	22
1.52796	23
1.5281	24
1.52822	25
1.52832	15
1.52844	16
1.52856	17
1.52868	18
1.5288	19
1.52886	20
1.52896	21
1.52907	22
1.52918	23
1.5293	24
1.52942	25
1.52955	26
1.52968	15
1.52982	16
1.52994	17
1.53005	18
1.53013	19
1.53025	20
1.53035	21
1.53046	22
1.53056	23
1.53067	24
1.53078	25
1.5309	26
1.53099	15
1.53112	16
1.53124	17
1.53136	18
1.53149	19
1.53162	20
1.53172	21
1.53183	22
1.53193	23
1.53203	24
1.53211	25
1.53222	26
1.53233	27
1.53245	16
1.53258	16
1.53269	17
1.53278	18
1.53291	19
1.53304	20
1.53316	21
1.53327	22
1.53338	23
1.53349	24
1.53362	25
1.53374	15
1.53388	16
1.534	17
1.53411	18
1.53423	19
1.53431	20
1.53443	21
1.53456	22
1.53467	23
1.53474	24
1.53485	25
1.53496	26
1.53508	16
1.53521	16
1.53532	17
1.53544	18
1.53556	19
1.53569	20
1.53583	21
1.53597	22
1.53608	23
1.53618	24
1.53628	25
1.53638	26
1.53646	27
1.53658	16
1.53671	17
1.53682	18
1.5369	19
1.53702	20
1.53714	21
1.53728	22
1.5374	23
1.53753	24
1.53764	25
1.53777	26
1.53789	15
1.53803	16
1.53815	17
1.53826	18
1.53837	19
1.53849	20
1.53856	21
1.53869	22
1.53881	23
1.53893	24
1.539	25
1.53911	26
1.53922	16
1.53935	16
1.53946	17
1.53958	18
1.5397	19
1.53983	20
1.53996	21
1.54009	22
1.54021	23
1.54032	24
1.54043	25
1.54054	26
1.54065	27
1.54077	16
1.54086	17
1.54097	18
1.54104	19
1.54116	20
1.54129	21
1.54142	22
1.54155	23
1.54168	24
1.54178	25
1.54188	26
1.54199	27
1.5421	16
1.54222	17
1.54233	18
1.54245	19
1.54256	20
1.54264	21
1.54276	22
1.54289	23
1.54301	24
1.54309	25
1.5432	26
1.54332	15
1.54344	16
1.54356	17
1.54368	18
1.5438	19
1.54394	20
1.54407	21
1.54421	22
1.54432	23
1.54442	24
1.54452	25
1.54463	26
1.54475	27
1.54487	16
1.54496	17
1.54507	18
1.54513	19
1.54525	20
1.54538	21
1.54551	22
1.54564	23
1.54578	24
1.54588	14
1.54598	15
1.54608	16
1.54618	17
1.54628	18
1.54639	19
1.54651	20
1.54663	21
1.54672	22
1.54684	23
1.54698	24
1.54709	25
1.54715	15
1.54727	16
1.54737	17
1.54749	18
1.5476	19
1.54773	20
1.54786	21
1.54799	22
1.54812	23
1.54825	24
1.54836	25
1.54848	26
1.54859	16
1.5487	17
1.54881	18
1.54891	19
1.54894	20
1.54905	21
1.54917	22
1.5493	23
1.54943	24
1.54957	25
1.54969	15
1.54981	16
1.54989	17
1.54999	18
1.55009	19
1.55019	20
1.5503	21
1.55042	22
1.55054	23
1.55066	24
1.55079	25
1.55092	15
1.55104	16
1.55106	17
1.55118	18
1.55129	19
1.5514	20
1.55152	21
1.55164	22
1.55177	23
1.55191	24
1.55204	25
1.55216	15
1.55229	16
1.5524	17
1.55251	18
1.55262	19
1.55274	20
1.55284	21
1.55288	22
1.55299	23
1.55312	24
1.55324	25
1.55337	15
1.55351	16
1.55362	17
1.55374	18
1.55387	19
1.554	20
1.55412	21
1.55423	22
1.55434	23
1.55445	24
1.55457	25
1.5547	26
1.55483	15
1.55496	16
1.55507	17
1.55518	18
1.55521	19
1.55533	20
1.55546	21
1.55558	22
1.5557	23
1.55583	24
1.55596	25
1.5561	14
1.55622	15
1.55632	16
1.55643	17
1.55653	18
1.55665	19
1.55676	20
1.55689	21
1.557	22
1.55712	23
1.55723	24
1.55728	25
1.55741	14
1.55755	15
1.55766	16
1.55777	17
1.55789	18
1.55802	19
1.55815	20
1.55828	21
1.55838	22
1.55849	23
1.5586	24
1.55872	25
1.55884	26
1.55897	15
1.5591	16
1.55912	17
1.55923	18
1.55935	19
1.55947	20
1.5596	21
1.55973	22
1.55985	23
1.55998	24
1.56011	25
1.56024	14
1.56037	15
1.56046	16
1.56057	17
1.56067	18
1.56079	19
1.5609	20
1.56093	21
1.56106	22
1.56117	23
1.56129	24
1.56142	25
1.56155	14
1.56168	15
1.56179	16
1.56191	17
1.56203	18
1.56216	19
1.56229	20
1.56241	21
1.56251	22
1.56262	23
1.56274	24
1.56286	25
1.56298	26
1.5631	15
1.56323	16
1.56327	17
1.56338	18
1.5635	19
1.56362	20
1.56374	21
1.56386	22
1.56398	23
1.56411	24
1.56424	25
1.56437	14
1.5645	15
1.56461	16
1.56471	17
1.56482	18
1.56491	19
1.56503	20
1.56508	21
1.56521	22
1.56533	23
1.56545	24
1.56558	25
1.56571	14
1.56585	15
1.56597	16
1.56607	17
1.56617	18
1.56628	19
1.56639	20
1.56651	21
1.56661	22
1.56672	23
1.56684	24
1.56695	25
1.56707	26
1.56721	14
1.56734	15
1.56738	16
1.56749	17
1.56761	18
1.56774	19
1.56786	20
1.56798	21
1.56811	22
1.56824	23
1.56837	24
1.56849	25
1.56862	26
1.56875	14
1.56888	15
1.56896	16
1.56907	17
1.56913	18
1.56925	19
1.56938	20
1.56949	21
1.56961	22
1.56974	23
1.56987	24
1.57	25
1.57013	14
1.57025	14
1.57035	15
1.57045	16
1.57056	17
1.57065	18
1.57077	19
1.5709	20
1.57102	21
1.57107	22
1.57119	23
1.57132	24
1.57145	25
1.57159	13
1.57171	14
1.57181	15
1.57191	16
1.57201	17
1.57212	18
1.57224	19
1.57236	20
1.57247	21
1.57257	22
1.57269	23
1.57282	24
1.57294	25
1.57307	13
1.57313	14
1.57324	15
1.57336	16
1.57348	17
1.57361	18
1.57374	19
1.57384	20
1.57395	21
1.57406	22
1.57418	23
1.5743	24
1.57443	25
1.57454	13
1.57459	14
1.5747	15
1.57482	16
1.57494	17
1.57506	18
1.57519	19
1.57531	20
1.57543	21
1.57556	22
1.57569	23
1.5758	24
1.57591	25
1.57602	26
1.57607	14
1.57619	15
1.5763	16
1.57642	17
1.57654	18
1.57666	19
1.57678	20
1.5769	21
1.57702	22
1.57716	23
1.57728	24
1.5774	25
1.57751	26
1.57763	15
1.57774	16
1.57778	17
1.5779	18
1.57802	19
1.57814	20
1.57826	21
1.57838	22
1.5785	23
1.57863	24
1.57876	25
1.57888	14
1.57901	15
1.57913	16
1.57925	17
1.57938	18
1.57951	19
1.57962	20
1.57965	21
1.57976	22
1.57988	23
1.58	24
1.58012	25
1.58025	14
1.58037	15
1.58047	16
1.58059	17
1.58071	18
1.58083	19
1.58096	20
1.58109	21
1.58121	22
1.58132	23
1.58143	24
1.58155	25
1.58167	26
1.58178	15
1.58189	16
1.58194	17
1.58205	18
1.58216	19
1.58228	20
1.58241	21
1.58254	22
1.58266	23
1.58279	24
1.58292	25
1.58305	14
1.58316	15
1.58325	16
1.58335	17
1.58345	18
1.58355	19
1.58366	20
1.58373	21
1.58385	22
1.58398	23
1.58409	24
1.58421	25
1.58434	15
1.58447	15
1.58458	16
1.58468	17
1.5848	18
1.58492	19
1.58505	20
1.58518	21
1.58531	22
1.58543	23
1.58554	24
1.58565	25
1.58577	26
1.58589	15
1.58602	16
1.58607	17
1.58618	18
1.58629	19
1.58641	20
1.58654	21
1.58667	22
1.5868	23
1.58691	24
1.58702	25
1.58713	26
1.58725	15
1.58738	16
1.5875	17
1.5876	18
1.5877	19
1.58781	20
1.58787	21
1.588	22
1.58813	23
1.58826	24
1.58839	25
1.58851	15
1.58865	15
1.58877	16
1.58887	17
1.58896	18
1.58906	19
1.58917	20
1.58928	21
1.5894	22
1.58952	23
1.58965	24
1.58977	25
1.5899	15
1.59002	16
1.59013	17
1.59018	18
1.59029	19
1.59041	20
1.59054	21
1.59067	22
1.5908	23
1.59091	24
1.59103	25
1.59116	26
1.59128	15
1.5914	16
1.59151	17
1.59163	18
1.59172	19
1.59184	20
1.59196	21
1.59208	22
1.59213	23
1.59226	24
1.5924	25
1.59254	14
1.59265	15
1.59275	16
1.59286	17
1.59297	18
1.59308	19
1.59319	20
1.5933	21
1.59342	22
1.59354	23
1.59367	24
1.59378	25
1.59392	14
1.59404	15
1.59415	16
1.5942	17
1.59432	18
1.59443	19
1.59455	20
1.59468	21
1.59481	22
1.59494	23
1.59506	24
1.59519	25
1.59531	14
1.59544	15
1.59555	16
1.59564	17
1.59576	18
1.59587	19
1.59598	20
1.59605	21
1.59617	22
1.5963	23
1.59644	24
1.59658	14
1.59668	15
1.59679	16
1.59689	17
1.597	18
1.59711	19
1.59722	20
1.59733	21
1.59743	22
1.59755	23
1.59768	24
1.59781	25
1.59793	15
1.59805	16
1.59816	17
1.59823	18
1.59834	19
1.59846	20
1.59858	21
1.59871	22
1.59884	23
1.59897	24
1.59909	25
1.59922	26
1.59933	16
1.59945	16
1.59956	17
1.59968	18
1.59976	19
1.59987	20
1.59998	21
1.6001	22
1.60018	23
1.60031	24
1.60044	25
1.60058	15
1.60071	16
1.60081	17
1.60092	18
1.60102	19
1.60114	20
1.60124	21
1.60135	22
1.60146	23
1.60158	24
1.60171	25
1.6018	15
1.60193	16
1.60204	17
1.60216	18
1.60228	19
1.60235	20
1.60247	21
1.60259	22
1.60271	23
1.60285	24
1.60298	25
1.60311	15
1.60323	16
1.60333	17
1.60344	18
1.60355	19
1.60362	20
1.60374	21
1.60386	22
1.60397	23
1.60409	24
1.60422	25
1.60435	15
1.60447	16
1.60455	17
1.60467	18
1.60479	19
1.60492	20
1.60504	21
1.60516	22
1.60529	23
1.60543	24
1.60554	25
1.60566	26
1.60578	15
1.60586	16
1.60596	17
1.60608	18
1.60619	19
1.60632	20
1.6064	21
1.60651	22
1.60664	23
1.60676	24
1.6069	25
1.60703	15
1.60715	16
1.60726	17
1.60736	18
1.60747	19
1.60753	20
1.60764	21
1.60775	22
1.60787	23
1.60799	24
1.60811	25
1.60824	15
1.60836	16
1.60848	17
1.60859	18
1.6087	19
1.60882	20
1.60894	21
1.60906	22
1.60919	23
1.60932	24
1.60946	25
1.60957	15
1.60968	16
1.60973	17
1.60984	18
1.60995	19
1.61006	20
1.61019	21
1.6103	22
1.61042	23
1.61055	24
1.61067	25
1.61077	14
1.6109	15
1.61102	16
1.61114	17
1.61126	18
1.61139	19
1.6115	20
1.61157	21
1.61168	22
1.61179	23
1.6119	24
1.61202	25
1.61214	26
1.61226	15
1.61238	16
1.61247	17
1.61258	18
1.61271	19
1.61283	20
1.61295	21
1.61307	22
1.6132	23
1.61332	24
1.61344	25
1.61357	15
1.6137	16
1.61383	17
1.61388	18
1.61399	19
1.6141	20
1.61422	21
1.61433	22
1.61444	23
1.61457	24
1.61469	25
1.61481	26
1.61493	15
1.61506	16
1.61518	17
1.61529	18
1.61542	19
1.61554	20
1.61566	21
1.61579	22
1.61587	23
1.616	24
1.6161	25
1.61621	26
1.61633	27
1.61645	16
1.61657	17
1.61669	18
1.61679	19
1.61691	20
1.61703	21
1.61714	22
1.61726	23
1.61738	24
1.6175	25
1.61763	15
1.61776	16
1.61789	17
1.618	18
1.61812	19
1.61822	20
1.61832	21
1.6184	22
1.61852	23
1.61863	24
1.61874	25
1.61883	26
1.61895	15
1.61908	16
1.61921	17
1.61933	18
1.61945	19
1.61957	20
1.61969	21
1.6198	22
1.61993	23
1.62006	24
1.62019	25
1.62032	14
1.62044	15
1.62055	16
1.62066	17
1.62078	18
1.62082	19
1.62094	20
1.62105	21
1.62116	22
1.62127	23
1.6214	24
1.62152	25
1.62165	14
1.62179	15
1.62192	16
1.62201	17
1.62211	18
1.6222	19
1.6223	20
1.62241	21
1.62252	22
1.62263	23
1.62275	24
1.6228	25
1.62292	26
1.62305	15
1.62319	16
1.6233	17
1.6234	18
1.62351	19
1.62362	20
1.62373	21
1.62386	22
1.62399	23
1.62412	24
1.62426	25
1.62437	14
1.62449	15
1.62459	16
1.62471	17
1.62482	18
1.62486	19
1.62497	20
1.62508	21
1.6252	22
1.62532	23
1.62545	24
1.62558	25
1.6257	14
1.62583	15
1.62595	16
1.62606	17
1.62618	18
1.6263	19
1.62643	20
1.62656	21
1.62667	22
1.62679	23
1.62691	24
1.62697	25
1.62709	26
1.62721	14
1.62733	15
1.62743	16
1.62753	17
1.62765	18
1.62776	19
1.62789	20
1.62802	21
1.62815	22
1.62827	23
1.6284	24
1.62854	25
1.62866	14
1.62878	15
1.62887	16
1.6289	17
1.62901	18
1.62912	19
1.62923	20
1.62936	21
1.62948	22
1.6296	23
1.62972	24
1.62985	25
1.62999	14
1.63011	14
1.63023	15
1.63034	16
1.63047	17
1.63059	18
1.63071	19
1.63075	20
1.63086	21
1.63097	22
1.63108	23
1.6312	24
1.63133	25
1.63144	14
1.63156	15
1.63168	16
1.63179	17
1.63191	18
1.63204	19
1.63216	20
1.63228	21
1.63241	22
1.63254	23
1.63268	24
1.63278	25
1.63289	26
1.63294	27
1.63306	15
1.63318	16
1.6333	17
1.6334	18
1.63351	19
1.63363	20
1.63375	21
1.63388	22
1.63401	23
1.63413	24
1.63426	25
1.63439	14
1.63452	14
1.63461	15
1.63471	16
1.63481	17
1.63484	18
1.63495	19
1.63506	20
1.63518	21
1.63531	22
1.63543	23
1.63555	24
1.63567	25
1.6358	14
1.63592	15
1.63603	16
1.63615	17
1.63627	18
1.6364	19
1.63653	20
1.63665	21
1.63678	22
1.63681	23
1.63692	24
1.63704	25
1.63716	26
1.63728	15
1.63739	16
1.6375	17
1.63762	18
1.63773	19
1.63786	20
1.63799	21
1.63812	22
1.63824	23
1.63837	24
1.63849	25
1.63862	26
1.63875	15
1.63888	15
1.63898	16
1.63908	17
1.63912	18
1.63924	19
1.63936	20
1.63948	21
1.6396	22
1.6397	23
1.63982	24
1.63993	25
1.64005	26
1.64018	14
1.64031	15
1.64043	16
1.64056	17
1.64069	18
1.64082	19
1.64093	20
1.64102	21
1.64106	22
1.64116	23
1.64127	24
1.64139	25
1.64151	26
1.64163	14
1.64176	15
1.64187	16
1.642	17
1.64212	18
1.64226	19
1.64236	20
1.64248	21
1.64259	22
1.64271	23
1.64284	24
1.64297	25
1.6431	14
1.64322	15
1.64332	16
1.64336	17
1.64347	18
1.64358	19
1.64369	20
1.64381	21
1.64392	22
1.64404	23
1.64416	24
1.64428	25
1.64441	14
1.64454	15
1.64465	16
1.64475	17
1.64487	18
1.64499	19
1.64512	20
1.64517	21
1.64528	22
1.64539	23
1.6455	24
1.64562	25
1.64574	26
1.64587	15
1.64599	15
1.64609	16
1.64621	17
1.64633	18
1.64644	19
1.64656	20
1.64668	21
1.6468	22
1.64692	23
1.64704	24
1.64717	25
1.64729	14
1.64742	15
1.64748	16
1.64759	17
1.6477	18
1.64781	19
1.64793	20
1.64805	21
1.64816	22
1.64828	23
1.64839	24
1.6485	25
1.64862	26
1.64874	15
1.64887	15
1.64897	16
1.64909	17
1.64916	18
1.6493	19
1.64942	20
1.64953	21
1.64963	22
1.64973	23
1.64984	24
1.64996	25
1.65008	26
1.65021	14
1.65033	15
1.65044	16
1.65055	17
1.65064	18
1.65076	19
1.65088	20
1.651	21
1.65107	22
1.6512	23
1.65133	24
1.65146	25
1.6516	14
1.65172	15
1.65183	16
1.65192	17
1.65203	18
1.65213	19
1.65225	20
1.65236	21
1.65247	22
1.65258	23
1.6527	24
1.65283	25
1.65296	14
1.65309	15
1.6532	16
1.65327	17
1.65339	18
1.65352	19
1.65364	20
1.65375	21
1.65387	22
1.65401	23
1.65412	24
1.65424	25
1.65436	26
1.65448	14
1.6546	15
1.6547	16
1.65482	17
1.65494	18
1.65505	19
1.65512	20
1.65524	21
1.65537	22
1.6555	23
1.65563	24
1.65574	25
1.65585	26
1.65597	27
1.65609	15
1.65619	16
1.6563	17
1.65642	18
1.65653	19
1.65664	20
1.65676	21
1.65689	22
1.65701	23
1.65713	24
1.65725	25
1.65734	14
1.65747	14
1.6576	15
1.65769	16
1.65779	17
1.65786	18
1.65797	19
1.65808	20
1.6582	21
1.65832	22
1.65843	23
1.65855	24
1.65867	25
1.6588	14
1.65889	15
1.65901	16
1.65912	17
1.65924	18
1.65936	19
1.65949	20
1.65962	21
1.65972	22
1.6598	23
1.65992	24
1.66004	25
1.66016	26
1.66029	15
1.66042	15
1.66048	16
1.66059	17
1.6607	18
1.66083	19
1.66095	20
1.66107	21
1.66119	22
1.66132	23
1.66145	24
1.66159	25
1.66172	14
1.66183	15
1.66193	16
1.662	17
1.66211	18
1.66218	19
1.66231	20
1.66242	21
1.66253	22
1.66265	23
1.66278	24
1.66291	25
1.66305	14
1.66319	15
1.66328	16
1.66338	17
1.66349	18
1.6636	19
1.66371	20
1.6638	21
1.66391	22
1.66402	23
1.66414	24
1.66422	25
1.66435	14
1.66448	15
1.66459	16
1.66471	17
1.66483	18
1.66495	19
1.66506	20
1.66518	21
1.66531	22
1.66544	23
1.66557	24
1.66569	25
1.66581	14
1.66592	15
1.66603	16
1.66607	17
1.66618	18
1.6663	19
1.66643	20
1.66654	21
1.66665	22
1.66678	23
1.6669	24
1.66704	25
1.66717	14
1.66729	15
1.66739	16
1.66749	17
1.6676	18
1.66772	19
1.66784	20
1.66788	21
1.66799	22
1.66811	23
1.66823	24
1.66835	25
1.66849	14
1.66861	15
1.66872	16
1.66884	17
1.66896	18
1.66908	19
1.66921	20
1.66933	21
1.66944	22
1.66955	23
1.66967	24
1.66979	25
1.66991	26
1.67002	15
1.67014	15
1.67019	16
1.6703	17
1.67042	18
1.67054	19
1.67065	20
1.67077	21
1.6709	22
1.67103	23
1.67116	24
1.67127	25
1.67138	26
1.6715	27
1.67161	15
1.67174	16
1.67185	17
1.67189	18
1.672	19
1.67211	20
1.67223	21
1.67235	22
1.67248	23
1.67261	24
1.67274	25
1.67286	26
1.673	14
1.67313	15
1.67324	16
1.67333	17
1.67343	18
1.67353	19
1.67364	20
1.67376	21
1.6738	22
1.67393	23
1.67405	24
1.67417	25
1.67429	26
1.67442	14
1.67456	15
1.67467	16
1.67478	17
1.6749	18
1.67502	19
1.67515	20
1.67528	21
1.6754	22
1.67551	23
1.67562	24
1.67574	25
1.67586	26
1.67599	14
1.67612	15
1.67615	16
1.67626	17
1.67638	18
1.6765	19
1.67662	20
1.67675	21
1.67687	22
1.67699	23
1.67712	24
1.67725	25
1.67737	13
1.6775	14
1.67759	15
1.67768	16
1.67779	17
1.67783	18
1.67795	19
1.67807	20
1.67819	21
1.67831	22
1.67843	23
1.67856	24
1.67869	25
1.67882	13
1.67894	14
1.67904	15
1.67914	16
1.67924	17
1.67935	18
1.67946	19
1.67958	20
1.67971	21
1.67976	22
1.67987	23
1.68	24
1.68013	25
1.68026	13
1.68038	14
1.68049	15
1.68059	16
1.68069	17
1.6808	18
1.68091	19
1.68103	20
1.68115	21
1.68127	22
1.68138	23
1.6815	24
1.68163	25
1.68176	13
1.6818	14
1.68191	15
1.68203	16
1.68215	17
1.68227	18
1.6824	19
1.68253	20
1.68265	21
1.68276	22
1.68287	23
1.68299	24
1.68311	25
1.68324	26
1.68327	14
1.68339	15
1.6835	16
1.68361	17
1.68373	18
1.68385	19
1.68398	20
1.68411	21
1.68423	22
1.68436	23
1.6845	24
1.68462	25
1.68472	14
1.68484	15
1.68494	16
1.68496	17
1.68507	18
1.68518	19
1.6853	20
1.68543	21
1.68555	22
1.68567	23
1.6858	24
1.68593	25
1.68606	14
1.68619	15
1.68628	16
1.68638	17
1.68649	18
1.6866	19
1.68671	20
1.68674	21
1.68686	22
1.68698	23
1.68709	24
1.68721	25
1.68734	26
1.68747	14
1.6876	15
1.68771	16
1.68783	17
1.68795	18
1.68807	19
1.6882	20
1.68834	21
1.68846	22
1.68857	23
1.68869	24
1.68881	25
1.68893	26
1.68906	14
1.68909	15
1.6892	16
1.68931	17
1.68942	18
1.68955	19
1.68967	20
1.6898	21
1.68993	22
1.69005	23
1.69016	24
1.69028	25
1.6904	26
1.69052	14
1.69063	15
1.69065	16
1.69076	17
1.69087	18
1.69098	19
1.6911	20
1.69123	21
1.69136	22
1.69148	23
1.6916	24
1.69173	25
1.69187	13
1.69199	14
1.69208	15
1.69218	16
1.69229	17
1.69231	18
1.69242	19
1.69254	20
1.69266	21
1.69279	22
1.6929	23
1.69302	24
1.69315	25
1.69328	13
1.69341	14
1.69352	15
1.69363	16
1.69375	17
1.69387	18
1.694	19
1.69413	20
1.69423	21
1.69427	22
1.69438	23
1.69449	24
1.69461	25
1.69474	26
1.69486	14
1.695	15
1.6951	16
1.69522	17
1.69534	18
1.69546	19
1.69559	20
1.69571	21
1.69583	22
1.69596	23
1.69609	24
1.69621	25
1.69633	14
1.69646	15
1.69655	16
1.69659	17
1.6967	18
1.69682	19
1.69694	20
1.69707	21
1.6972	22
1.69731	23
1.69744	24
1.69757	25
1.6977	14
1.69783	15
1.69792	16
1.69802	17
1.69813	18
1.69824	19
1.69835	20
1.69839	21
1.69852	22
1.69864	23
1.69876	24
1.69888	25
1.69901	14
1.69914	15
1.69927	16
1.69938	17
1.69949	18
1.69961	19
1.69974	20
1.69987	21
1.69999	22
1.7001	23
1.70021	24
1.70032	25
1.70044	26
1.70057	15
1.7007	16
1.70074	17
1.70085	18
1.70096	19
1.70108	20
1.7012	21
1.70133	22
1.70146	23
1.70158	24
1.70169	25
1.70181	26
1.70192	15
1.70205	16
1.70216	17
1.70227	18
1.70239	19
1.7025	20
1.70254	21
1.70266	22
1.70279	23
1.70292	24
1.70305	25
1.70318	15
1.70329	16
1.70339	17
1.7035	18
1.70361	19
1.70373	20
1.70385	21
1.70396	22
1.70408	23
1.7042	24
1.70432	25
1.70445	15
1.70457	15
1.70469	16
1.70481	17
1.70484	18
1.70497	19
1.7051	20
1.70523	21
1.70534	22
1.70545	23
1.70556	24
1.70568	25
1.70581	26
1.70594	15
1.70606	16
1.70616	17
1.70627	18
1.70639	19
1.70652	20
1.70665	21
1.70677	22
1.70683	23
1.70694	24
1.70705	25
1.70717	26
1.7073	15
1.70743	16
1.70753	17
1.70764	18
1.70775	19
1.70787	20
1.70799	21
1.70812	22
1.70825	23
1.70837	24
1.7085	25
1.70863	14
1.70877	15
1.70887	16
1.70897	17
1.70906	18
1.70911	19
1.70922	20
1.70933	21
1.70945	22
1.70958	23
1.70971	24
1.70982	25
1.70995	26
1.71007	15
1.71021	15
1.71032	16
1.71041	17
1.71051	18
1.71062	19
1.71073	20
1.71085	21
1.71097	22
1.71109	23
1.71114	24
1.71125	25
1.71137	26
1.7115	14
1.71163	15
1.71175	16
1.71185	17
1.71197	18
1.71209	19
1.71221	20
1.71234	21
1.71248	22
1.71258	23
1.71269	24
1.71281	25
1.71293	26
1.71305	14
1.71318	15
1.71322	16
1.71332	17
1.71343	18
1.71355	19
1.71367	20
1.71379	21
1.71392	22
1.71405	23
1.71416	24
1.71427	25
1.71439	26
1.71451	14
1.71464	15
1.71473	16
1.71484	17
1.71489	18
1.71501	19
1.71512	20
1.71525	21
1.71537	22
1.71551	23
1.71563	24
1.71574	25
1.71586	26
1.71599	14
1.71611	15
1.71622	16
1.71632	17
1.71642	18
1.71653	19
1.71665	20
1.71678	21
1.71684	22
1.71697	23
1.7171	24
1.71722	25
1.71734	14
1.71746	15
1.71757	16
1.71766	17
1.71777	18
1.71788	19
1.71799	20
1.71811	21
1.71824	22
1.71835	23
1.71847	24
1.71859	25
1.71872	15
1.71886	16
1.71898	17
1.71902	18
1.71912	19
1.71923	20
1.71934	21
1.71946	22
1.71958	23
1.71971	24
1.71984	25
1.71996	15
1.72009	15
1.72021	16
1.72033	17
1.72045	18
1.72055	19
1.72067	20
1.7208	21
1.72093	22
1.721	23
1.72112	24
1.72124	25
1.72136	15
1.72148	16
1.7216	17
1.7217	18
1.72182	19
1.72195	20
1.72207	21
1.72219	22
1.72231	23
1.72244	24
1.72257	25
1.72269	15
1.7228	16
1.7229	17
1.72302	18
1.72313	19
1.72319	20
1.72332	21
1.72344	22
1.72356	23
1.72367	24
1.72379	25
1.72392	15
1.72406	16
1.72419	17
1.72428	18
1.72439	19
1.72448	20
1.72459	21
1.72471	22
1.72484	23
1.72496	24
1.72508	25
1.72521	26
1.72533	15
1.7254	16
1.72552	17
1.72564	18
1.72575	19
1.72587	20
1.72599	21
1.72612	22
1.72626	23
1.72638	24
1.72648	25
1.72659	26
1.72671	16
1.72683	17
1.72695	18
1.72707	19
1.72712	20
1.72725	21
1.72737	22
1.72749	23
1.72762	24
1.72775	25
1.72788	15
1.72799	16
1.72809	17
1.72819	18
1.7283	19
1.72841	20
1.72853	21
1.72864	22
1.72877	23
1.72889	24
1.72902	25
1.72914	15
1.72926	16
1.72934	17
1.72945	18
1.72956	19
1.72968	20
1.7298	21
1.72994	22
1.73005	23
1.73017	24
1.73028	25
1.7304	26
1.73052	16
1.73065	17
1.73076	18
1.73088	19
1.73099	20
1.7311	21
1.73116	22
1.73129	23
1.73141	24
1.73154	25
1.73167	15
1.73178	16
1.73187	17
1.73197	18
1.73208	19
1.73219	20
1.73231	21
1.73243	22
1.73256	23
1.73268	24
1.7328	25
1.73292	26
1.73305	16
1.73317	16
1.73327	17
1.73336	18
1.73342	19
1.73352	20
1.73364	21
1.73375	22
1.73387	23
1.73399	24
1.73412	25
1.73424	15
1.73436	16
1.73448	17
1.7346	18
1.73471	19
1.73481	20
1.73492	21
1.73503	22
1.73516	23
1.73528	24
1.73542	25
1.7355	15
1.73563	16
1.73573	17
1.73584	18
1.73595	19
1.73607	20
1.73619	21
1.7363	22
1.73642	23
1.73654	24
1.73667	25
1.73679	15
1.73692	16
1.73704	17
1.73714	18
1.73723	19
1.7373	20
1.73741	21
1.73752	22
1.73764	23
1.73777	24
1.73789	25
1.73801	26
1.73813	15
1.73826	16
1.73838	17
1.7385	18
1.73859	19
1.73871	20
1.73883	21
1.73896	22
1.73908	23
1.73919	24
1.73929	25
1.7394	26
1.73949	27
1.73961	16
1.73974	17
1.73986	18
1.73997	19
1.7401	20
1.74022	21
1.74034	22
1.74044	23
1.74056	24
1.74068	25
1.74081	15
1.74094	16
1.74107	17
1.74118	18
1.74129	19
1.7414	20
1.74152	21
1.74159	22
1.7417	23
1.74182	24
1.74194	25
1.74206	26
1.74218	16
1.74231	16
1.74243	17
1.74253	18
1.74264	19
1.74278	20
1.74291	21
1.74304	22
1.74313	23
1.74324	24
1.74334	25
1.74345	26
1.74356	27
1.74368	16
1.7438	17
1.74391	18
1.74399	19
1.74412	20
1.74425	21
1.74438	22
1.74449	23
1.74458	24
1.74468	25
1.74479	26
1.7449	27
1.74502	16
1.74514	17
1.74525	18
1.74537	19
1.74549	20
1.74559	21
1.74572	22
1.74584	23
1.74595	24
1.74603	25
1.74615	26
1.74628	15
1.74641	16
1.74653	17
1.74666	18
1.74679	19
1.74689	20
1.74701	21
1.74712	22
1.74724	23
1.74736	24
1.74749	25
1.7476	15
1.74772	16
1.74783	17
1.74791	18
1.74803	19
1.74812	20
1.74825	21
1.74839	22
1.74852	23
1.74863	24
1.74874	25
1.74886	26
1.74899	15
1.7491	16
1.7492	17
1.74931	18
1.74942	19
1.74954	20
1.74966	21
1.74978	22
1.74988	23
1.75	24
1.75013	25
1.75025	14
1.75036	15
1.75047	16
1.75059	17
1.75068	18
1.75078	19
1.7509	20
1.75102	21
1.75114	22
1.75125	23
1.75137	24
1.75149	25
1.75162	26
1.75175	15
1.75188	16
1.75193	17
1.75204	18
1.75215	19
1.75225	20
1.75237	21
1.75248	22
1.75259	23
1.75271	24
1.75283	25
1.75295	26
1.75307	15
1.7532	16
1.75332	17
1.75345	18
1.75356	19
1.75368	20
1.75374	21
1.75386	22
1.754	23
1.7541	24
1.75421	25
1.75433	26
1.75445	15
1.75458	16
1.7547	17
1.75481	18
1.75493	19
1.75506	20
1.75518	21
1.7553	22
1.75541	23
1.75553	24
1.75566	25
1.75579	14
1.75592	15
1.75603	16
1.75607	17
1.75619	18
1.75631	19
1.75643	20
1.75656	21
1.75668	22
1.75679	23
1.75691	24
1.75702	25
1.75715	26
1.75728	15
1.75742	15
1.75752	16
1.75764	17
1.75775	18
1.75787	19
1.75793	20
1.75805	21
1.75816	22
1.75827	23
1.75838	24
1.75851	25
1.75863	26
1.75876	14
1.75889	15
1.759	16
1.75912	17
1.75923	18
1.75936	19
1.75947	20
1.75957	21
1.75968	22
1.75979	23
1.7599	24
1.76002	25
1.76009	26
1.76022	14
1.76036	15
1.76047	16
1.76058	17
1.76069	18
1.7608	19
1.76092	20
1.76104	21
1.76114	22
1.76126	23
1.76137	24
1.7615	25
1.76162	26
1.76176	14
1.76189	15
1.76193	16
1.76206	17
1.76216	18
1.76226	19
1.76237	20
1.76248	21
1.7626	22
1.76271	23
1.76283	24
1.76295	25
1.76308	26
1.76321	14
1.76335	15
1.76345	16
1.76355	17
1.76363	18
1.76376	19
1.76388	20
1.76401	21
1.76411	22
1.76422	23
1.76434	24
1.76445	25
1.76458	26
1.76471	14
1.76483	15
1.76494	16
1.76505	17
1.76516	18
1.76528	19
1.76541	20
1.76554	21
1.76561	22
1.76572	23
1.76583	24
1.76595	25
1.76607	26
1.7662	14
1.76633	15
1.76642	16
1.76654	17
1.76665	18
1.76678	19
1.7669	20
1.76703	21
1.76715	22
1.76726	23
1.76737	24
1.76749	25
1.76761	26
1.76773	14
1.76784	15
1.76791	16
1.76801	17
1.76811	18
1.76823	19
1.76836	20
1.76849	21
1.76861	22
1.76873	23
1.76885	24
1.76897	25
1.76909	26
1.76921	14
1.76933	15
1.76941	16
1.76952	17
1.76959	18
1.76971	19
1.76983	20
1.76996	21
1.77007	22
1.7702	23
1.77033	24
1.77046	25
1.77058	13
1.7707	14
1.7708	15
1.77091	16
1.77102	17
1.77111	18
1.77123	19
1.77135	20
1.77148	21
1.77156	22
1.77168	23
1.77181	24
1.77194	25
1.77206	13
1.77217	14
1.77227	15
1.77238	16
1.77249	17
1.77261	18
1.77273	19
1.77286	20
1.77297	21
1.77308	22
1.7732	23
1.77333	24
1.77345	25
1.77358	14
1.77364	15
1.77374	16
1.77385	17
1.77396	18
1.77408	19
1.7742	20
1.77433	21
1.77445	22
1.77457	23
1.7747	24
1.77483	25
1.77495	14
1.77508	15
1.77518	16
1.7752	17
1.77531	18
1.77542	19
1.77553	20
1.77566	21
1.77578	22
1.77591	23
1.77603	24
1.77616	25
1.77629	14
1.77641	15
1.77652	16
1.77664	17
1.77676	18
1.77689	19
1.77701	20
1.77705	21
1.77719	22
1.77731	23
1.77743	24
1.77755	25
1.77767	26
1.7778	14
1.77792	15
1.77803	16
1.77814	17
1.77826	18
1.77838	19
1.77851	20
1.77865	21
1.77877	22
1.77888	23
1.77899	24
1.77911	25
1.77923	26
1.77934	14
1.7794	15
1.7795	16
1.77961	17
1.77972	18
1.77984	19
1.77997	20
1.7801	21
1.78023	22
1.78036	23
1.78047	24
1.78057	25
1.78068	26
1.78079	27
1.78091	15
1.78096	16
1.78106	17
1.78117	18
1.78129	19
1.78141	20
1.78154	21
1.78167	22
1.78181	23
1.78193	24
1.78203	25
1.78214	26
1.78225	27
1.78237	15
1.78249	15
1.78259	16
1.78262	17
1.78273	18
1.78285	19
1.78298	20
1.78311	21
1.78324	22
1.78335	23
1.78347	24
1.78359	25
1.78372	26
1.78385	14
1.78398	15
1.78408	16
1.78419	17
1.78431	18
1.78442	19
1.78446	20
1.78458	21
1.78471	22
1.78482	23
1.78493	24
1.78505	25
1.78517	26
1.7853	14
1.78543	15
1.78555	16
1.78568	17
1.7858	18
1.78594	19
1.78606	20
1.78616	21
1.78626	22
1.78636	23
1.78648	24
1.78659	25
1.78664	26
1.78676	14
1.78689	15
1.78701	16
1.78713	17
1.78726	18
1.7874	19
1.78753	20
1.78763	21
1.78773	22
1.78783	23
1.78795	24
1.78806	25
1.78818	26
1.78831	14
1.78844	15
1.78846	16
1.78858	17
1.78871	18
1.78884	19
1.78896	20
1.78907	21
1.78919	22
1.78931	23
1.78944	24
1.78957	25
1.78971	13
1.78983	14
1.78994	15
1.79005	16
1.79017	17
1.7902	18
1.79032	19
1.79044	20
1.79056	21
1.79068	22
1.7908	23
1.79092	24
1.79105	25
1.79118	13
1.79132	14
1.79142	15
1.79152	16
1.79162	17
1.79173	18
1.79184	19
1.79196	20
1.79208	21
1.79212	22
1.79223	23
1.79235	24
1.79248	25
1.79261	13
1.79274	14
1.79285	15
1.79296	16
1.79308	17
1.79321	18
1.79333	19
1.79347	20
1.79357	21
1.79368	22
1.79379	23
1.79391	24
1.79404	25
1.79415	26
1.79419	14
1.79431	15
1.79442	16
1.79454	17
1.79466	18
1.79479	19
1.79492	20
1.79504	21
1.79515	22
1.79526	23
1.79538	24
1.7955	25
1.79562	26
1.79574	14
1.79587	14
1.79588	15
1.796	16
1.79612	17
1.79624	18
1.79637	19
1.79649	20
1.79661	21
1.79674	22
1.79687	23
1.79699	24
1.7971	25
1.79722	26
1.79734	27
1.79746	14
1.79749	15
1.79761	16
1.79773	17
1.79785	18
1.79798	19
1.7981	20
1.79821	21
1.79832	22
1.79844	23
1.79856	24
1.79869	25
1.79882	13
1.79896	14
1.79907	15
1.79909	16
1.7992	17
1.79932	18
1.79945	19
1.79956	20
1.79968	21
1.79979	22
1.79991	23
1.80003	24
1.80015	25
1.80028	13
1.80042	14
1.80055	15
1.80066	16
1.80077	17
1.8008	18
1.80092	19
1.80103	20
1.80113	21
1.80124	22
1.80135	23
1.80146	24
1.80158	25
1.80171	26
1.80184	14
1.80198	15
1.8021	16
1.80223	17
1.80236	18
1.80247	19
1.80256	20
1.80266	21
1.80269	22
1.8028	23
1.80291	24
1.80303	25
1.80315	26
1.80328	14
1.80341	14
1.80353	15
1.80365	16
1.80378	17
1.80391	18
1.80402	19
1.80414	20
1.80426	21
1.80438	22
1.80451	23
1.80465	24
1.80477	25
1.80488	14
1.80492	15
1.80503	16
1.80515	17
1.80528	18
1.8054	19
1.80551	20
1.80562	21
1.80573	22
1.80585	23
1.80597	24
1.8061	25
1.80623	14
1.80637	14
1.80647	15
1.8065	16
1.80661	17
1.80673	18
1.80685	19
1.80695	20
1.80705	21
1.80716	22
1.80728	23
1.8074	24
1.80752	25
1.80765	14
1.80778	15
1.8079	16
1.80802	17
1.80815	18
1.8082	19
1.80831	20
1.80841	21
1.80851	22
1.80861	23
1.80872	24
1.80884	25
1.80896	26
1.80908	15
1.80921	15
1.80933	16
1.80946	17
1.80958	18
1.8097	19
1.80981	20
1.80992	21
1.81004	22
1.81016	23
1.8102	24
1.81033	25
1.81046	14
1.81058	15
1.81069	16
1.81081	17
1.81093	18
1.81105	19
1.81118	20
1.81128	21
1.81139	22
1.81151	23
1.81163	24
1.81176	25
1.81189	14
1.81202	15
1.81214	16
1.81217	17
1.81228	18
1.8124	19
1.81252	20
1.81265	21
1.81275	22
1.81286	23
1.81298	24
1.81309	25
1.81322	26
1.81335	14
1.81348	15
1.8136	16
1.81372	17
1.81385	18
1.81398	19
1.81402	20
1.81412	21
1.81421	22
1.81432	23
1.81443	24
1.81454	25
1.81466	26
1.81478	14
1.81491	15
1.81503	16
1.81515	17
1.81528	18
1.8154	19
1.81551	20
1.81562	21
1.81573	22
1.81586	23
1.81598	24
1.81611	25
1.81616	14
1.81629	15
1.8164	16
1.81651	17
1.81663	18
1.81676	19
1.81688	20
1.817	21
1.81711	22
1.81722	23
1.81734	24
1.81747	25
1.81759	26
1.81772	14
1.81785	15
1.81788	16
1.81799	17
1.8181	18
1.81822	19
1.81834	20
1.81846	21
1.81857	22
1.81868	23
1.81879	24
1.81891	25
1.81903	26
1.81916	14
1.81928	15
1.81939	16
1.81951	17
1.81956	18
1.81969	19
1.81981	20
1.81994	21
1.82004	22
1.82014	23
1.82025	24
1.82036	25
1.82048	26
1.82061	14
1.82073	15
1.82083	16
1.82095	17
1.82108	18
1.82121	19
1.82132	20
1.82142	21
1.82148	22
1.82159	23
1.82171	24
1.82184	25
1.82197	13
1.82211	14
1.82221	15
1.82232	16
1.82243	17
1.82254	18
1.82266	19
1.82277	20
1.82289	21
1.823	22
1.82311	23
1.82322	24
1.82334	25
1.82347	26
1.82352	14
1.82365	15
1.82378	16
1.8239	17
1.824	18
1.8241	19
1.82421	20
1.82432	21
1.82444	22
1.82454	23
1.82466	24
1.82477	25
1.8249	26
1.82502	14
1.82515	15
1.82519	16
1.8253	17
1.82541	18
1.82553	19
1.82565	20
1.82578	21
1.82591	22
1.82603	23
1.82614	24
1.82625	25
1.82637	26
1.82649	14
1.82662	15
1.82672	16
1.82682	17
1.82686	18
1.82698	19
1.82709	20
1.82721	21
1.82734	22
1.82746	23
1.82758	24
1.82771	25
1.82784	13
1.82798	14
1.82809	15
1.82819	16
1.82829	17
1.82838	18
1.82849	19
1.8286	20
1.82872	21
1.82877	22
1.82889	23
1.829	24
1.82913	25
1.82925	14
1.82938	15
1.82949	16
1.8296	17
1.82972	18
1.82984	19
1.82997	20
1.8301	21
1.83024	22
1.83033	23
1.83044	24
1.83055	25
1.83067	26
1.83079	14
1.83092	15
1.83095	16
1.83106	17
1.83117	18
1.83128	19
1.8314	20
1.83153	21
1.83164	22
1.83177	23
1.83189	24
1.83202	25
1.83216	13
1.83229	14
1.83239	15
1.83247	16
1.83257	17
1.83261	18
1.83272	19
1.83284	20
1.83296	21
1.83307	22
1.83318	23
1.8333	24
1.83342	25
1.83355	14
1.83368	15
1.83379	16
1.8339	17
1.83402	18
1.83412	19
1.83425	20
1.83437	21
1.83449	22
1.83455	23
1.83468	24
1.83482	25
1.83493	14
1.83506	15
1.83517	16
1.83528	17
1.83539	18
1.8355	19
1.83561	20
1.83574	21
1.83586	22
1.83598	23
1.8361	24
1.83619	25
1.83632	14
1.83645	15
1.83658	16
1.83663	17
1.83673	18
1.83683	19
1.83694	20
1.83705	21
1.83716	22
1.83728	23
1.83741	24
1.83753	25
1.83765	26
1.83777	15
1.8379	16
1.838	17
1.83811	18
1.83822	19
1.83833	20
1.8384	21
1.83853	22
1.83866	23
1.83878	24
1.83889	25
1.839	26
1.83912	27
1.83924	15
1.83936	16
1.83947	17
1.83957	18
1.83968	19
1.83977	20
1.83989	21
1.84001	22
1.84013	23
1.84025	24
1.84037	25
1.84049	15
1.84062	15
1.8407	16
1.84083	17
1.84095	18
1.84107	19
1.8412	20
1.84132	21
1.84144	22
1.84154	23
1.84165	24
1.84176	25
1.84188	26
1.84198	15
1.84211	16
1.84221	17
1.84232	18
1.84238	19
1.8425	20
1.84262	21
1.84275	22
1.84288	23
1.843	24
1.84313	25
1.84326	15
1.84339	15
1.8435	16
1.8436	17
1.8437	18
1.84377	19
1.84388	20
1.84398	21
1.8441	22
1.84422	23
1.84434	24
1.84443	25
1.84455	26
1.84468	15
1.84481	16
1.84492	17
1.84504	18
1.84515	19
1.84528	20
1.8454	21
1.84553	22
1.84565	23
1.84577	24
1.84586	25
1.84598	26
1.8461	15
1.84622	16
1.84631	17
1.84642	18
1.84649	19
1.8466	20
1.84672	21
1.84685	22
1.84698	23
1.84711	24
1.84723	25
1.84736	14
1.8475	15
1.84761	16
1.84771	17
1.8478	18
1.84788	19
1.84798	20
1.84809	21
1.8482	22
1.84833	23
1.84845	24
1.84854	25
1.84866	15
1.84879	16
1.84891	17
1.84902	18
1.84913	19
1.84925	20
1.84937	21
1.8495	22
1.84963	23
1.84977	24
1.8499	14
1.84998	15
1.85008	16
1.85018	17
1.85027	18
1.85037	19
1.85044	20
1.85055	21
1.85067	22
1.85079	23
1.85091	24
1.85104	25
1.85118	15
1.85132	16
1.85142	17
1.85149	18
1.85158	19
1.85167	20
1.85177	21
1.85187	22
1.85198	23
1.8521	24
1.85222	25
1.85235	26
1.85248	15
1.85257	16
1.85268	17
1.85278	18
1.85289	19
1.853	20
1.85311	21
1.85322	22
1.85333	23
1.85346	24
1.85359	25
1.85373	14
1.85385	15
1.85395	16
1.85405	17
1.85416	18
1.85421	19
1.85433	20
1.85445	21
1.85456	22
1.85467	23
1.85479	24
1.85492	25
1.85505	15
1.85518	16
1.85529	17
1.85538	18
1.8555	19
1.85562	20
1.85575	21
1.85587	22
1.85597	23
1.85608	24
1.85618	25
1.85628	26
1.85641	15
1.85653	16
1.85665	17
1.85676	18
1.85687	19
1.85698	20
1.8571	21
1.85722	22
1.85732	23
1.85744	24
1.85757	25
1.8577	14
1.85783	15
1.85796	16
1.85805	17
1.85814	18
1.85821	19
1.85832	20
1.85843	21
1.85855	22
1.85867	23
1.85879	24
1.8589	25
1.85902	26
1.85914	15
1.85926	16
1.85935	17
1.85946	18
1.85958	19
1.8597	20
1.85982	21
1.85995	22
1.86007	23
1.86017	24
1.86026	25
1.86037	26
1.86049	27
1.86061	15
1.86073	16
1.86083	17
1.86093	18
1.86104	19
1.86113	20
1.86125	21
1.86138	22
1.86151	23
1.86163	24
1.86175	25
1.86188	14
1.86202	15
1.86212	16
1.86221	17
1.86231	18
1.86238	19
1.86249	20
1.8626	21
1.86271	22
1.86283	23
1.86295	24
1.86307	25
1.86319	26
1.86329	15
1.86343	16
1.86353	17
1.86364	18
1.86376	19
1.86389	20
1.86401	21
1.86414	22
1.86427	23
1.86436	24
1.86446	25
1.86457	26
1.86469	15
1.86482	16
1.86492	17
1.86501	18
1.86509	19
1.86521	20
1.86532	21
1.86545	22
1.86558	23
1.86571	24
1.86583	25
1.86596	15
1.86609	16
1.8662	17
1.8663	18
1.8664	19
1.86647	20
1.86658	21
1.86669	22
1.8668	23
1.86692	24
1.86705	25
1.86715	15
1.86727	16
1.86739	17
1.86749	18
1.8676	19
1.86771	20
1.86783	21
1.86795	22
1.86808	23
1.86821	24
1.86834	25
1.86846	15
1.86857	16
1.86865	17
1.86876	18
1.86887	19
1.86894	20
1.86905	21
1.86916	22
1.86928	23
1.8694	24
1.86952	25
1.86965	15
1.86978	16
1.86991	17
1.87002	18
1.87014	19
1.87024	20
1.87036	21
1.87046	22
1.87058	23
1.87069	24
1.87081	25
1.87092	26
1.87104	16
1.87113	16
1.87124	17
1.87137	18
1.87148	19
1.87159	20
1.87171	21
1.87184	22
1.87195	23
1.87207	24
1.8722	25
1.87231	15
1.87243	16
1.87255	17
1.87265	18
1.87277	19
1.87282	20
1.87295	21
1.87306	22
1.87318	23
1.87331	24
1.87342	25
1.87353	26
1.87366	16
1.87378	17
1.8739	18
1.87402	19
1.87413	20
1.87426	21
1.87439	22
1.87449	23
1.87459	24
1.87471	25
1.87483	26
1.87494	16
1.87502	17
1.87513	18
1.87524	19
1.87536	20
1.87548	21
1.87561	22
1.87574	23
1.87586	24
1.87599	25
1.87612	15
1.87624	16
1.87633	17
1.87644	18
1.87654	19
1.87665	20
1.87676	21
1.87682	22
1.87694	23
1.87707	24
1.87719	25
1.87731	26
1.87744	15
1.87757	16
1.87768	17
1.87779	18
1.8779	19
1.87802	20
1.87815	21
1.87828	22
1.87841	23
1.87852	24
1.87863	25
1.87875	26
1.87887	15
1.879	16
1.87911	17
1.8792	18
1.87927	19
1.87938	20
1.87951	21
1.87963	22
1.87976	23
1.87987	24
1.87998	25
1.88011	15
1.88025	16
1.88037	17
1.88048	18
1.88058	19
1.88069	20
1.8808	21
1.88091	22
1.88103	23
1.88115	24
1.88127	25
1.88134	15
1.88147	16
1.88158	17
1.8817	18
1.88183	19
1.88195	20
1.88207	21
1.88219	22
1.88232	23
1.88245	24
1.88257	25
1.88268	26
1.88279	27
1.88291	16
1.88304	17
1.88314	18
1.8832	19
1.88332	20
1.88345	21
1.88357	22
1.88369	23
1.88381	24
1.88394	25
1.88405	15
1.88416	15
1.88428	16
1.8844	17
1.88453	18
1.88466	19
1.88478	20
1.8849	21
1.88501	22
1.88513	23
1.88525	24
1.88531	25
1.88543	26
1.88555	15
1.88567	16
1.88576	17
1.88588	18
1.886	19
1.88613	20
1.88627	21
1.88639	22
1.8865	23
1.88661	24
1.88672	25
1.88683	26
1.88694	27
1.88706	15
1.88719	16
1.8873	17
1.88736	18
1.88747	19
1.88757	20
1.88771	21
1.88782	22
1.88793	23
1.88805	24
1.88817	25
1.8883	26
1.88843	15
1.88856	16
1.88869	17
1.8888	18
1.88891	19
1.88903	20
1.88915	21
1.88926	22
1.88933	23
1.88944	24
1.88954	25
1.88965	26
1.88977	15
1.88989	16
1.89001	17
1.89013	18
1.89026	19
1.89039	20
1.89052	21
1.89066	22
1.89076	23
1.89086	24
1.89096	25
1.89107	26
1.89118	27
1.8913	15
1.89142	16
1.89154	17
1.89157	18
1.89169	19
1.89181	20
1.89194	21
1.89206	22
1.89217	23
1.89229	24
1.89241	25
1.89254	26
1.89267	14
1.89281	15
1.89292	16
1.89303	17
1.89314	18
1.89326	19
1.89338	20
1.8935	21
1.89353	22
1.89365	23
1.89376	24
1.89388	25
1.894	26
1.89412	14
1.89425	15
1.89437	16
1.8945	17
1.89462	18
1.89476	19
1.89488	20
1.89498	21
1.89508	22
1.89518	23
1.89529	24
1.8954	25
1.89552	26
1.89564	14
1.89577	15
1.8958	16
1.89592	17
1.89603	18
1.89614	19
1.89626	20
1.89639	21
1.8965	22
1.89662	23
1.89675	24
1.89688	25
1.89701	14
1.89714	14
1.89725	15
1.89734	16
1.89744	17
1.89747	18
1.89758	19
1.8977	20
1.89782	21
1.89793	22
1.89804	23
1.89816	24
1.89829	25
1.89842	14
1.89855	15
1.89866	16
1.89878	17
1.8989	18
1.89902	19
1.89915	20
1.89928	21
1.89938	22
1.89942	23
1.89953	24
1.89964	25
1.89977	26
1.89989	14
1.90002	15
1.90012	16
1.90023	17
1.90035	18
1.90047	19
1.90059	20
1.90072	21
1.90084	22
1.90096	23
1.90109	24
1.90122	25
1.90135	14
1.90145	15
1.90155	16
1.90157	17
1.90168	18
1.90179	19
1.90191	20
1.90203	21
1.90216	22
1.90227	23
1.90239	24
1.90252	25
1.90265	14
1.90277	15
1.90288	16
1.90299	17
1.90311	18
1.90324	19
1.90336	20
1.9034	21
1.90354	22
1.90364	23
1.90375	24
1.90387	25
1.90399	26
1.9041	15
1.90422	15
1.90432	16
1.90443	17
1.90455	18
1.90467	19
1.90479	20
1.90492	21
1.90504	22
1.90516	23
1.90529	24
1.90541	25
1.90553	15
1.90564	15
1.90567	16
1.90577	17
1.90588	18
1.90599	19
1.90611	20
1.90623	21
1.90636	22
1.90649	23
1.9066	24
1.90671	25
1.90683	26
1.90696	15
1.90708	16
1.90718	17
1.9073	18
1.90735	19
1.90748	20
1.90761	21
1.90775	22
1.90787	23
1.90797	24
1.90808	25
1.90819	26
1.9083	27
1.90842	15
1.90855	16
1.90866	17
1.90877	18
1.90889	19
1.90901	20
1.90914	21
1.90926	22
1.90937	23
1.90943	24
1.90955	25
1.90968	26
1.90981	15
1.90994	16
1.91005	17
1.91016	18
1.91027	19
1.91039	20
1.91051	21
1.91063	22
1.91075	23
1.91087	24
1.91098	25
1.91109	26
1.9112	15
1.91133	16
1.91145	17
1.91156	18
1.91161	19
1.91174	20
1.91187	21
1.912	22
1.91211	23
1.91222	24
1.91234	25
1.91246	26
1.91257	15
1.91269	16
1.9128	17
1.91291	18
1.91301	19
1.91313	20
1.91325	21
1.91337	22
1.91349	23
1.91362	24
1.91367	25
1.9138	14
1.91393	15
1.91403	16
1.91413	17
1.91424	18
1.91435	19
1.91446	20
1.91457	21
1.91468	22
1.9148	23
1.91491	24
1.91502	25
1.91515	15
1.91526	15
1.91537	16
1.91542	17
1.91554	18
1.91566	19
1.91578	20
1.9159	21
1.91602	22
1.91615	23
1.91629	24
1.91642	25
1.91654	14
1.91666	15
1.91676	16
1.91684	17
1.91695	18
1.91707	19
1.91717	20
1.91722	21
1.91734	22
1.91745	23
1.91757	24
1.9177	25
1.91783	14
1.91797	15
1.91808	16
1.9182	17
1.91832	18
1.91845	19
1.91856	20
1.91866	21
1.91878	22
1.91892	23
1.91905	24
1.91917	25
1.91929	26
1.91942	15
1.91953	16
1.91958	17
1.91969	18
1.9198	19
1.91992	20
1.92003	21
1.92015	22
1.92027	23
1.92039	24
1.92052	25
1.92065	14
1.92079	15
1.92089	16
1.92098	17
1.92109	18
1.92119	19
1.9213	20
1.92136	21
1.92147	22
1.92157	23
1.92169	24
1.92181	25
1.92193	26
1.92206	14
1.92218	15
1.92228	16
1.92239	17
1.92251	18
1.92263	19
1.92273	20
1.92285	21
1.92297	22
1.9231	23
1.92323	24
1.92337	25
1.92348	14
1.92359	15
1.92365	16
1.92374	17
1.92385	18
1.92395	19
1.92407	20
1.92418	21
1.9243	22
1.92442	23
1.92454	24
1.92467	25
1.9248	14
1.92491	15
1.92502	16
1.92513	17
1.92524	18
1.92532	19
1.92545	20
1.92555	21
1.92568	22
1.92579	23
1.9259	24
1.92602	25
1.92614	26
1.92627	14
1.92639	15
1.92648	16
1.9266	17
1.92671	18
1.92683	19
1.92693	20
1.92704	21
1.92716	22
1.92728	23
1.92738	24
1.92751	25
1.92765	14
1.92777	14
1.92786	15
1.92796	16
1.92806	17
1.92818	18
1.92829	19
1.9284	20
1.92851	21
1.92862	22
1.92874	23
1.92887	24
1.929	25
1.9291	13
1.92918	14
1.92929	15
1.9294	16
1.92952	17
1.92964	18
1.92977	19
1.92989	20
1.93	21
1.93011	22
1.93022	23
1.93034	24
1.93047	25
1.93058	14
1.93063	15
1.93074	16
1.93085	17
1.93097	18
1.93109	19
1.93121	20
1.93133	21
1.93144	22
1.93156	23
1.93169	24
1.93183	25
1.93194	14
1.93205	15
1.93215	16
1.93219	17
1.9323	18
1.93241	19
1.93252	20
1.93264	21
1.93277	22
1.93289	23
1.933	24
1.93313	25
1.93326	14
1.93338	15
1.93349	16
1.9336	17
1.93372	18
1.93385	19
1.93398	20
1.93403	21
1.93414	22
1.93425	23
1.93436	24
1.93447	25
1.9346	26
1.93472	14
1.93484	15
1.93495	16
1.93506	17
1.93518	18
1.93529	19
1.9354	20
1.93552	21
1.93564	22
1.93577	23
1.9359	24
1.93602	25
1.93615	14
1.93628	15
1.93632	16
1.93643	17
1.93653	18
1.93664	19
1.93676	20
1.93688	21
1.93701	22
1.93713	23
1.93724	24
1.93734	25
1.93746	26
1.93757	15
1.9377	16
1.93782	17
1.93794	18
1.93799	19
1.93812	20
1.93826	21
1.93839	22
1.9385	23
1.9386	24
1.9387	25
1.93881	26
1.93892	27
1.93904	15
1.93917	16
1.93928	17
1.93938	18
1.9395	19
1.93963	20
1.93975	21
1.93986	22
1.93997	23
1.94004	24
1.94016	25
1.94029	26
1.94042	15
1.94055	15
1.94066	16
1.94076	17
1.94087	18
1.94099	19
1.94111	20
1.94122	21
1.94133	22
1.94144	23
1.94156	24
1.94168	25
1.9418	26
1.94193	14
1.94206	15
1.94212	16
1.94224	17
1.94236	18
1.94248	19
1.94261	20
1.94274	21
1.94286	22
1.94296	23
1.94307	24
1.94318	25
1.9433	26
1.94342	14
1.94354	15
1.94364	16
1.94375	17
1.9438	18
1.94391	19
1.94403	20
1.94416	21
1.94429	22
1.94443	23
1.94455	24
1.94466	25
1.94478	26
1.94489	27
1.94499	15
1.94509	16
1.9452	17
1.94531	18
1.94542	19
1.94554	20
1.94566	21
1.94572	22
1.94585	23
1.94597	24
1.94609	25
1.94621	26
1.94633	15
1.94646	15
1.94658	16
1.9467	17
1.9468	18
1.94693	19
1.94706	20
1.94718	21
1.94729	22
1.94739	23
1.9475	24
1.94761	25
1.94772	26
1.94784	15
1.94797	16
1.94803	17
1.94815	18
1.94827	19
1.9484	20
1.94853	21
1.94865	22
1.94875	23
1.94886	24
1.94899	25
1.94911	15
1.94925	16
1.94935	17
1.94945	18
1.94956	19
1.94968	20
1.9498	21
1.94987	22
1.94998	23
1.9501	24
1.95023	25
1.95034	15
1.95046	16
1.95057	17
1.95069	18
1.95081	19
1.95091	20
1.95104	21
1.95118	22
1.9513	23
1.95141	24
1.95152	25
1.95163	26
1.95176	16
1.95187	17
1.95197	18
1.95208	19
1.95213	20
1.95225	21
1.95237	22
1.95249	23
1.95262	24
1.95274	25
1.95287	26
1.95299	16
1.95311	17
1.95322	18
1.95332	19
1.95342	20
1.95353	21
1.95364	22
1.95376	23
1.95388	24
1.954	25
1.95411	26
1.95423	16
1.95429	16
1.9544	17
1.95451	18
1.95464	19
1.95475	20
1.95485	21
1.95497	22
1.9551	23
1.95523	24
1.95535	25
1.95548	16
1.95559	16
1.95569	17
1.9558	18
1.95592	19
1.95596	20
1.95608	21
1.95619	22
1.95631	23
1.95643	24
1.95656	25
1.95667	16
1.95679	17
1.95691	18
1.95702	19
1.95713	20
1.95726	21
1.95739	22
1.95753	23
1.95764	24
1.95775	25
1.95785	26
1.95796	27
1.95807	17
1.95813	18
1.95823	19
1.95835	20
1.95846	21
1.95858	22
1.95871	23
1.95884	24
1.95898	25
1.95909	16
1.95921	16
1.9593	17
1.95942	18
1.95953	19
1.95966	20
1.95979	21
1.95992	22
1.96003	23
1.96008	24
1.9602	25
1.96033	16
1.96047	17
1.96056	18
1.96066	19
1.96077	20
1.96088	21
1.96098	22
1.9611	23
1.96122	24
1.96135	25
1.96149	16
1.96162	16
1.96172	17
1.96182	18
1.96191	19
1.96202	20
1.96212	21
1.96216	22
1.96227	23
1.96239	24
1.96251	25
1.96264	16
1.96277	17
1.9629	18
1.96303	19
1.96315	20
1.96325	21
1.96337	22
1.96349	23
1.96362	24
1.96375	25
1.96389	16
1.96401	17
1.96413	18
1.96424	19
1.96437	20
1.96448	21
1.96459	22
1.96465	23
1.96476	24
1.96487	25
1.96499	26
1.96512	16
1.96525	17
1.96538	18
1.96549	19
1.96562	20
1.96574	21
1.96586	22
1.96597	23
1.96607	24
1.96618	25
1.9663	26
1.96641	27
1.96654	16
1.96667	17
1.96678	18
1.96691	19
1.96703	20
1.96708	21
1.9672	22
1.96732	23
1.96745	24
1.96756	25
1.96768	26
1.96781	16
1.96794	17
1.96807	18
1.96818	19
1.96829	20
1.96841	21
1.96853	22
1.96865	23
1.96876	24
1.96888	25
1.969	26
1.96911	15
1.96923	16
1.96934	17
1.9694	18
1.96952	19
1.96964	20
1.96975	21
1.96987	22
1.97	23
1.97012	24
1.97023	25
1.97035	26
1.97048	15
1.97059	16
1.9707	17
1.97081	18
1.97091	19
1.97103	20
1.97116	21
1.97126	22
1.97133	23
1.97145	24
1.97157	25
1.97171	15
1.97185	15
1.97195	16
1.97203	17
1.97214	18
1.97224	19
1.97236	20
1.97247	21
1.9726	22
1.97271	23
1.97282	24
1.97294	25
1.97306	26
1.97319	15
1.97332	16
1.97337	17
1.97349	18
1.9736	19
1.97371	20
1.97382	21
1.97395	22
1.97408	23
1.97419	24
1.97431	25
1.97443	26
1.97455	15
1.97468	16
1.97479	17
1.9749	18
1.97501	19
1.97511	20
1.97518	21
1.97531	22
1.97542	23
1.97554	24
1.97567	25
1.9758	14
1.97592	15
1.97604	16
1.97615	17
1.97625	18
1.97636	19
1.97647	20
1.97659	21
1.97671	22
1.97682	23
1.97693	24
1.97705	25
1.97718	26
1.9773	15
1.97744	16
1.97749	17
1.97761	18
1.97773	19
1.97784	20
1.97797	21
1.9781	22
1.97821	23
1.97832	24
1.97844	25
1.97856	26
1.97868	15
1.97881	16
1.97892	17
1.97903	18
1.97912	19
1.97923	20
1.9793	21
1.97942	22
1.97954	23
1.97966	24
1.97978	25
1.97991	14
1.98005	15
1.98016	16
1.98027	17
1.98037	18
1.98048	19
1.9806	20
1.98072	21
1.98083	22
1.98094	23
1.98106	24
1.98117	25
1.98129	15
1.98143	16
1.98153	17
1.98159	18
1.9817	19
1.98183	20
1.98196	21
1.98209	22
1.9822	23
1.98231	24
1.98243	25
1.98255	26
1.98268	15
1.98281	16
1.98292	17
1.98303	18
1.98311	19
1.98323	20
1.98335	21
1.98347	22
1.98354	23
1.98367	24
1.9838	25
1.98393	14
1.98407	15
1.98418	16
1.98428	17
1.98439	18
1.9845	19
1.98461	20
1.98473	21
1.98484	22
1.98496	23
1.98508	24
1.98518	25
1.98531	14
1.98543	15
1.98555	16
1.9856	17
1.98572	18
1.98585	19
1.98598	20
1.98611	21
1.98623	22
1.98634	23
1.98646	24
1.98658	25
1.9867	26
1.98683	15
1.98695	16
1.98702	17
1.98713	18
1.98724	19
1.98736	20
1.98745	21
1.98757	22
1.98769	23
1.98782	24
1.98796	25
1.98809	14
1.9882	15
1.9883	16
1.9884	17
1.98851	18
1.98862	19
1.98873	20
1.98882	21
1.98893	22
1.98905	23
1.98917	24
1.98929	25
1.98942	14
1.98955	15
1.98966	16
1.98973	17
1.98985	18
1.98998	19
1.99011	20
1.99023	21
1.99034	22
1.99045	23
1.99057	24
1.99069	25
1.99082	14
1.99094	15
1.99105	16
1.99112	17
1.99123	18
1.99135	19
1.99147	20
1.99155	21
1.99168	22
1.9918	23
1.99194	24
1.99208	25
1.99219	14
1.9923	15
1.9924	16
1.9925	17
1.99262	18
1.99273	19
1.99284	20
1.99292	21
1.99304	22
1.99317	23
1.99329	24
1.99343	25
1.99355	14
1.99368	15
1.9938	16
1.99387	17
1.99399	18
1.9941	19
1.99423	20
1.99436	21
1.99448	22
1.9946	23
1.99472	24
1.99484	25
1.99496	26
1.99509	15
1.99522	16
1.9953	17
1.99541	18
1.99552	19
1.99564	20
1.99572	21
1.99585	22
1.99599	23
1.99611	24
1.99622	25
1.99634	26
1.99645	15
1.99658	16
1.99668	17
1.99679	18
1.9969	19
1.99702	20
1.9971	21
1.99722	22
1.99735	23
1.99748	24
1.9976	25
1.99773	14
1.99787	15
1.99798	16
1.99804	17
1.99814	18
1.99824	19
1.99835	20
1.99847	21
1.99859	22
1.9987	23
1.99883	24
1.99895	25
1.99908	15
1.99921	16
1.99932	17
1.99939	18
1.99951	19
1.99963	20
1.99975	21
1.99986	22
1.99999	23
