4.024e-05	10
0.000118659	11
0.000157525	10
0.000196391	11
0.000235257	12
0.000274123	13
0.000313789	14
0.000357061	15
0.000403939	16
0.000454423	17
0.000508513	18
0.000566209	5
0.000571017	6
0.000574623	7
0.000578229	8
0.000581835	9
0.000585441	10
0.000627511	7
0.000638731	8
0.000642337	9
0.000645943	10
0.000666377	11
0.000712455	12
0.000751321	13
0.000790987	14
0.000834259	15
0.000881137	16
0.000934025	17
0.000991721	18
0.00104942	19
0.00111072	5
0.00111673	6
0.00111913	7
0.00112394	8
0.00112634	9
0.00112755	10
0.00116841	7
0.00118204	8
0.00118444	9
0.00118925	10
0.00120848	11
0.00125336	12
0.00129703	13
0.00133309	14
0.00137997	15
0.00142444	16
0.00147854	17
0.00153503	18
0.00159032	19
0.00165403	5
0.00165763	6
0.00166004	7
0.00166725	8
0.00166965	9
0.00167206	10
0.00170812	7
0.00172775	8
0.00173015	9
0.00173136	10
0.00174818	11
0.00179426	12
0.00183673	13
0.00188001	14
0.00192568	15
0.00196896	16
0.00202304	17
0.00208074	18
0.00214204	19
0.00220695	5
0.00220936	6
0.00221176	7
0.00221296	8
0.00221536	9
0.00221657	10
0.00224662	7
0.00227346	8
0.00227587	9
0.00227827	10
0.00228789	11
0.00233156	12
0.00237403	13
0.00241851	14
0.00246659	15
0.00251827	16
0.00257236	17
0.00263006	18
0.00269136	19
0.00275026	5
0.00275867	6
0.00276108	7
0.00276228	8
0.00276468	9
0.00276589	10
0.00278271	7
0.00281437	8
0.00281557	9
0.00281677	10
0.00282398	11
0.00286766	12
0.00290893	13
0.0029534	14
0.00300148	15
0.00305317	16
0.00310846	17
0.00316736	18
0.00322986	19
0.00328996	5
0.00329717	6
0.00329838	7
0.00329958	8
0.00330078	9
0.00330198	10
0.00331761	7
0.00334926	8
0.00335046	9
0.00335167	10
0.00335888	11
0.00340255	12
0.00344382	13
0.00348829	14
0.00353638	15
0.00358806	16
0.00364335	17
0.00370225	18
0.00376475	19
0.00382485	5
0.00383207	6
0.00383327	7
0.00383447	8
0.00383567	9
0.00383688	10
0.0038525	7
0.00388415	8
0.00388536	9
0.00388656	10
0.00389377	11
0.00393745	12
0.00397871	13
0.00402319	14
0.00407127	15
0.00412296	16
0.00417825	17
0.00423715	18
0.00429965	19
0.00435975	5
0.00436696	6
0.00436816	7
0.00436937	8
0.00437057	9
0.00437177	10
0.00438739	7
0.00441905	8
0.00442025	9
0.00442145	10
0.00442867	11
0.00447234	12
0.00451361	13
0.00455808	14
0.00460616	15
0.00465785	16
0.00471314	17
0.00477204	18
0.00483454	19
0.00489464	5
0.00490186	6
0.00490306	7
0.00490426	8
0.00490546	9
0.00490666	10
0.00492229	7
0.00495394	8
0.00495515	9
0.00495635	10
0.00496356	11
0.00500723	12
0.0050485	13
0.00509298	14
0.00514106	15
0.00519274	16
0.00524803	17
0.00530693	18
0.00536944	19
0.00542954	5
0.00543675	6
0.00543795	7
0.00543915	8
0.00544036	9
0.00544156	10
0.00545718	7
0.00548884	8
0.00549004	9
0.00549124	10
0.00549845	11
0.00554213	12
0.0055834	13
0.00562787	14
0.00567595	15
0.00572764	16
0.00578293	17
0.00584183	18
0.00590433	19
0.00596443	5
0.00597164	6
0.00597285	7
0.00597405	8
0.00597525	9
0.00597645	10
0.00599208	7
0.00602373	8
0.00602493	9
0.00602614	10
0.00603335	11
0.00607702	12
0.00611829	13
0.00616276	14
0.00621084	15
0.00626253	16
0.00631782	17
0.00637672	18
0.00643922	19
0.00649933	5
0.00650654	6
0.00650774	7
0.00650894	8
0.00651014	9
0.00651134	10
0.00652697	7
0.00655863	8
0.00655983	9
0.00656103	10
0.00656824	11
0.00661192	12
0.00665318	13
0.00669766	14
0.00674574	15
0.00679743	16
0.00685272	17
0.00691162	18
0.00697412	19
0.00703422	5
0.00704143	6
0.00704263	7
0.00704384	8
0.00704504	9
0.00704624	10
0.00706186	7
0.00709352	8
0.00709472	9
0.00709592	10
0.00710314	11
0.00714681	12
0.00718808	13
0.00723255	14
0.00728063	15
0.00733232	16
0.00738761	17
0.00744651	18
0.00750901	19
0.00756911	5
0.00757633	6
0.00757753	7
0.00757873	8
0.00757993	9
0.00758113	10
0.00759676	7
0.00762841	8
0.00762962	9
0.00763082	10
0.00763803	11
0.0076817	12
0.00772297	13
0.00776745	14
0.00781553	15
0.00786721	16
0.0079225	17
0.0079814	18
0.00804391	19
0.00810401	5
0.00811122	6
0.00811242	7
0.00811362	8
0.00811482	9
0.00811603	10
0.00813165	7
0.00816331	8
0.00816451	9
0.00816571	10
0.00817292	11
0.0082166	12
0.00825787	13
0.00830234	14
0.00835042	15
0.00840211	16
0.0084574	17
0.0085163	18
0.0085788	19
0.0086389	5
0.00864611	6
0.00864731	7
0.00864852	8
0.00864972	9
0.00865092	10
0.00866655	7
0.0086982	8
0.0086994	9
0.00870061	10
0.00870782	11
0.00875149	12
0.00879276	13
0.00883724	14
0.00888531	15
0.008937	16
0.00899229	17
0.00905119	18
0.00911369	19
0.0091738	5
0.00918101	6
0.00918221	7
0.00918341	8
0.00918461	9
0.00918581	10
0.00920144	7
0.0092331	8
0.0092343	9
0.0092355	10
0.00924271	11
0.00928638	12
0.00932766	13
0.00937213	14
0.00942021	15
0.00947189	16
0.00952719	17
0.00958608	18
0.00964859	19
0.00970869	5
0.0097159	6
0.0097171	7
0.0097183	8
0.00971951	9
0.00972071	10
0.00973634	7
0.00976799	8
0.00976919	9
0.00977039	10
0.0097776	11
0.00982128	12
0.00986255	13
0.00990702	14
0.0099551	15
0.0100068	16
0.0100621	17
0.010121	18
0.0101835	19
0.0102436	5
0.0102508	6
0.010252	7
0.0102532	8
0.0102544	9
0.0102556	10
0.0102712	7
0.0103029	8
0.0103041	9
0.0103053	10
0.0103125	11
0.0103562	12
0.0103974	13
0.0104419	14
0.01049	15
0.0105417	16
0.010597	17
0.0106559	18
0.0107184	19
0.0107785	5
0.0107857	6
0.0107869	7
0.0107881	8
0.0107893	9
0.0107905	10
0.0108061	7
0.0108378	8
0.010839	9
0.0108402	10
0.0108474	11
0.0108911	12
0.0109323	13
0.0109768	14
0.0110249	15
0.0110766	16
0.0111319	17
0.0111908	18
0.0112533	19
0.0113134	5
0.0113206	6
0.0113218	7
0.011323	8
0.0113242	9
0.0113254	10
0.011341	7
0.0113727	8
0.0113739	9
0.0113751	10
0.0113823	11
0.011426	12
0.0114672	13
0.0115117	14
0.0115598	15
0.0116115	16
0.0116668	17
0.0117257	18
0.0117882	19
0.0118483	5
0.0118555	6
0.0118567	7
0.0118579	8
0.0118591	9
0.0118603	10
0.0118759	7
0.0119076	8
0.0119088	9
0.01191	10
0.0119172	11
0.0119609	12
0.0120021	13
0.0120466	14
0.0120947	15
0.0121464	16
0.0122017	17
0.0122606	18
0.0123231	19
0.0123832	5
0.0123904	6
0.0123916	7
0.0123928	8
0.012394	9
0.0123952	10
0.0124108	7
0.0124425	8
0.0124437	9
0.0124449	10
0.0124521	11
0.0124957	12
0.012537	13
0.0125815	14
0.0126296	15
0.0126813	16
0.0127366	17
0.0127954	18
0.012858	19
0.0129181	5
0.0129253	6
0.0129265	7
0.0129277	8
0.0129289	9
0.0129301	10
0.0129457	7
0.0129774	8
0.0129786	9
0.0129798	10
0.012987	11
0.0130306	12
0.0130719	13
0.0131164	14
0.0131645	15
0.0132162	16
0.0132714	17
0.0133303	18
0.0133928	19
0.0134529	5
0.0134602	6
0.0134614	7
0.0134626	8
0.0134638	9
0.013465	10
0.0134806	7
0.0135122	8
0.0135134	9
0.0135147	10
0.0135219	11
0.0135655	12
0.0136068	13
0.0136513	14
0.0136994	15
0.013751	16
0.0138063	17
0.0138652	18
0.0139277	19
0.0139878	5
0.0139951	6
0.0139963	7
0.0139975	8
0.0139987	9
0.0139999	10
0.0140155	7
0.0140471	8
0.0140483	9
0.0140495	10
0.0140568	11
0.0141004	12
0.0141417	13
0.0141862	14
0.0142343	15
0.0142859	16
0.0143412	17
0.0144001	18
0.0144626	19
0.0145227	5
0.0145299	6
0.0145311	7
0.0145324	8
0.0145336	9
0.0145348	10
0.0145504	7
0.014582	8
0.0145832	9
0.0145844	10
0.0145917	11
0.0146353	12
0.0146766	13
0.0147211	14
0.0147691	15
0.0148208	16
0.0148761	17
0.014935	18
0.0149975	19
0.0150576	5
0.0150648	6
0.015066	7
0.0150672	8
0.0150684	9
0.0150696	10
0.0150853	7
0.0151169	8
0.0151181	9
0.0151193	10
0.0151265	11
0.0151702	12
0.0152115	13
0.015256	14
0.015304	15
0.0153557	16
0.015411	17
0.0154699	18
0.0155324	19
0.0155925	5
0.0155997	6
0.0156009	7
0.0156021	8
0.0156033	9
0.0156045	10
0.0156202	7
0.0156518	8
0.015653	9
0.0156542	10
0.0156614	11
0.0157051	12
0.0157464	13
0.0157909	14
0.0158389	15
0.0158906	16
0.0159459	17
0.0160048	18
0.0160673	19
0.0161274	5
0.0161346	6
0.0161358	7
0.016137	8
0.0161382	9
0.0161394	10
0.0161551	7
0.0161867	8
0.0161879	9
0.0161891	10
0.0161963	11
0.01624	12
0.0162813	13
0.0163258	14
0.0163738	15
0.0164255	16
0.0164808	17
0.0165397	18
0.0166022	19
0.0166623	5
0.0166695	6
0.0166707	7
0.0166719	8
0.0166731	9
0.0166743	10
0.01669	7
0.0167216	8
0.0167228	9
0.016724	10
0.0167312	11
0.0167749	12
0.0168162	13
0.0168606	14
0.0169087	15
0.0169604	16
0.0170157	17
0.0170746	18
0.0171371	19
0.0171972	5
0.0172044	6
0.0172056	7
0.0172068	8
0.017208	9
0.0172092	10
0.0172249	7
0.0172565	8
0.0172577	9
0.0172589	10
0.0172661	11
0.0173098	12
0.0173511	13
0.0173955	14
0.0174436	15
0.0174953	16
0.0175506	17
0.0176095	18
0.017672	19
0.0177321	5
0.0177393	6
0.0177405	7
0.0177417	8
0.0177429	9
0.0177441	10
0.0177597	7
0.0177914	8
0.0177926	9
0.0177938	10
0.017801	11
0.0178447	12
0.017886	13
0.0179304	14
0.0179785	15
0.0180302	16
0.0180855	17
0.0181444	18
0.0182069	19
0.018267	5
0.0182742	6
0.0182754	7
0.0182766	8
0.0182778	9
0.018279	10
0.0182946	7
0.0183263	8
0.0183275	9
0.0183287	10
0.0183359	11
0.0183796	12
0.0184209	13
0.0184653	14
0.0185134	15
0.0185651	16
0.0186204	17
0.0186793	18
0.0187418	19
0.0188019	5
0.0188091	6
0.0188103	7
0.0188115	8
0.0188127	9
0.0188139	10
0.0188295	7
0.0188612	8
0.0188624	9
0.0188636	10
0.0188708	11
0.0189145	12
0.0189557	13
0.0190002	14
0.0190483	15
0.0191	16
0.0191553	17
0.0192142	18
0.0192767	19
0.0193368	5
0.019344	6
0.0193452	7
0.0193464	8
0.0193476	9
0.0193488	10
0.0193644	7
0.0193961	8
0.0193973	9
0.0193985	10
0.0194057	11
0.0194494	12
0.0194906	13
0.0195351	14
0.0195832	15
0.0196349	16
0.0196902	17
0.0197491	18
0.0198116	19
0.0198717	5
0.0198789	6
0.0198801	7
0.0198813	8
0.0198825	9
0.0198837	10
0.0198993	7
0.019931	8
0.0199322	9
0.0199334	10
0.0199406	11
0.0199843	12
0.0200255	13
0.02007	14
0.0201181	15
0.0201698	16
0.0202251	17
0.020284	18
0.0203465	19
0.0204066	5
0.0204138	6
0.020415	7
0.0204162	8
0.0204174	9
0.0204186	10
0.0204342	7
0.0204659	8
0.0204671	9
0.0204683	10
0.0204755	11
0.0205192	12
0.0205604	13
0.0206049	14
0.020653	15
0.0207047	16
0.02076	17
0.0208189	18
0.0208814	19
0.0209415	5
0.0209487	6
0.0209499	7
0.0209511	8
0.0209523	9
0.0209535	10
0.0209691	7
0.0210008	8
0.021002	9
0.0210032	10
0.0210104	11
0.0210541	12
0.0210953	13
0.0211398	14
0.0211879	15
0.0212396	16
0.0212949	17
0.0213538	18
0.0214163	19
0.0214764	5
0.0214836	6
0.0214848	7
0.021486	8
0.0214872	9
0.0214884	10
0.021504	7
0.0215357	8
0.0215369	9
0.0215381	10
0.0215453	11
0.0215889	12
0.0216302	13
0.0216747	14
0.0217228	15
0.0217745	16
0.0218297	17
0.0218886	18
0.0219512	19
0.0220113	5
0.0220185	6
0.0220197	7
0.0220209	8
0.0220221	9
0.0220233	10
0.0220389	7
0.0220706	8
0.0220718	9
0.022073	10
0.0220802	11
0.0221238	12
0.0221651	13
0.0222096	14
0.0222577	15
0.0223094	16
0.0223646	17
0.0224235	18
0.022486	19
0.0225461	5
0.0225534	6
0.0225546	7
0.0225558	8
0.022557	9
0.0225582	10
0.0225738	7
0.0226054	8
0.0226066	9
0.0226078	10
0.0226151	11
0.0226587	12
0.0227	13
0.0227445	14
0.0227926	15
0.0228442	16
0.0228995	17
0.0229584	18
0.0230209	19
0.023081	5
0.0230883	6
0.0230895	7
0.0230907	8
0.0230919	9
0.0230931	10
0.0231087	7
0.0231403	8
0.0231415	9
0.0231427	10
0.02315	11
0.0231936	12
0.0232349	13
0.0232794	14
0.0233275	15
0.0233791	16
0.0234344	17
0.0234933	18
0.0235558	19
0.0236159	5
0.0236231	6
0.0236243	7
0.0236255	8
0.0236268	9
0.023628	10
0.0236436	7
0.0236752	8
0.0236764	9
0.0236776	10
0.0236848	11
0.0237285	12
0.0237698	13
0.0238143	14
0.0238623	15
0.023914	16
0.0239693	17
0.0240282	18
0.0240907	19
0.0241508	5
0.024158	6
0.0241592	7
0.0241604	8
0.0241616	9
0.0241628	10
0.0241785	7
0.0242101	8
0.0242113	9
0.0242125	10
0.0242197	11
0.0242634	12
0.0243047	13
0.0243492	14
0.0243972	15
0.0244489	16
0.0245042	17
0.0245631	18
0.0246256	19
0.0246857	5
0.0246929	6
0.0246941	7
0.0246953	8
0.0246965	9
0.0246977	10
0.0247134	7
0.024745	8
0.0247462	9
0.0247474	10
0.0247546	11
0.0247983	12
0.0248396	13
0.0248841	14
0.0249321	15
0.0249838	16
0.0250391	17
0.025098	18
0.0251605	19
0.0252206	5
0.0252278	6
0.025229	7
0.0252302	8
0.0252314	9
0.0252326	10
0.0252483	7
0.0252799	8
0.0252811	9
0.0252823	10
0.0252895	11
0.0253332	12
0.0253745	13
0.0254189	14
0.025467	15
0.0255187	16
0.025574	17
0.0256329	18
0.0256954	19
0.0257555	5
0.0257627	6
0.0257639	7
0.0257651	8
0.0257663	9
0.0257675	10
0.0257832	7
0.0258148	8
0.025816	9
0.0258172	10
0.0258244	11
0.0258681	12
0.0259094	13
0.0259538	14
0.0260019	15
0.0260536	16
0.0261089	17
0.0261678	18
0.0262303	19
0.0262904	5
0.0262976	6
0.0262988	7
0.0263	8
0.0263012	9
0.0263024	10
0.026318	7
0.0263497	8
0.0263509	9
0.0263521	10
0.0263593	11
0.026403	12
0.0264443	13
0.0264887	14
0.0265368	15
0.0265885	16
0.0266438	17
0.0267027	18
0.0267652	19
0.0268253	5
0.0268325	6
0.0268337	7
0.0268349	8
0.0268361	9
0.0268373	10
0.0268529	7
0.0268846	8
0.0268858	9
0.026887	10
0.0268942	11
0.0269379	12
0.0269792	13
0.0270236	14
0.0270717	15
0.0271234	16
0.0271787	17
0.0272376	18
0.0273001	19
0.0273602	5
0.0273674	6
0.0273686	7
0.0273698	8
0.027371	9
0.0273722	10
0.0273878	7
0.0274195	8
0.0274207	9
0.0274219	10
0.0274291	11
0.0274728	12
0.0275141	13
0.0275585	14
0.0276066	15
0.0276583	16
0.0277136	17
0.0277725	18
0.027835	19
0.0278951	5
0.0279023	6
0.0279035	7
0.0279047	8
0.0279059	9
0.0279071	10
0.0279227	7
0.0279544	8
0.0279556	9
0.0279568	10
0.027964	11
0.0280077	12
0.0280489	13
0.0280934	14
0.0281415	15
0.0281932	16
0.0282485	17
0.0283074	18
0.0283699	19
0.02843	5
0.0284372	6
0.0284384	7
0.0284396	8
0.0284408	9
0.028442	10
0.0284576	7
0.0284893	8
0.0284905	9
0.0284917	10
0.0284989	11
0.0285426	12
0.0285838	13
0.0286283	14
0.0286764	15
0.0287281	16
0.0287834	17
0.0288423	18
0.0289048	19
0.0289649	5
0.0289721	6
0.0289733	7
0.0289745	8
0.0289757	9
0.0289769	10
0.0289925	7
0.0290242	8
0.0290254	9
0.0290266	10
0.0290338	11
0.0290775	12
0.0291187	13
0.0291632	14
0.0292113	15
0.029263	16
0.0293183	17
0.0293772	18
0.0294397	19
0.0294998	5
0.029507	6
0.0295082	7
0.0295094	8
0.0295106	9
0.0295118	10
0.0295274	7
0.0295591	8
0.0295603	9
0.0295615	10
0.0295687	11
0.0296124	12
0.0296536	13
0.0296981	14
0.0297462	15
0.0297979	16
0.0298532	17
0.0299121	18
0.0299746	19
0.0300347	5
0.0300419	6
0.0300431	7
0.0300443	8
0.0300455	9
0.0300467	10
0.0300623	7
0.030094	8
0.0300952	9
0.0300964	10
0.0301036	11
0.0301473	12
0.0301885	13
0.030233	14
0.0302811	15
0.0303328	16
0.0303881	17
0.030447	18
0.0305095	19
0.0305696	5
0.0305768	6
0.030578	7
0.0305792	8
0.0305804	9
0.0305816	10
0.0305972	7
0.0306289	8
0.0306301	9
0.0306313	10
0.0306385	11
0.0306821	12
0.0307234	13
0.0307679	14
0.030816	15
0.0308677	16
0.0309229	17
0.0309818	18
0.0310443	19
0.0311044	5
0.0311117	6
0.0311129	7
0.0311141	8
0.0311153	9
0.0311165	10
0.0311321	7
0.0311637	8
0.031165	9
0.0311662	10
0.0311734	11
0.031217	12
0.0312583	13
0.0313028	14
0.0313509	15
0.0314025	16
0.0314578	17
0.0315167	18
0.0315792	19
0.0316393	5
0.0316466	6
0.0316478	7
0.031649	8
0.0316502	9
0.0316514	10
0.031667	7
0.0316986	8
0.0316998	9
0.031701	10
0.0317083	11
0.0317519	12
0.0317932	13
0.0318377	14
0.0318858	15
0.0319374	16
0.0319927	17
0.0320516	18
0.0321141	19
0.0321742	5
0.0321814	6
0.0321827	7
0.0321839	8
0.0321851	9
0.0321863	10
0.0322019	7
0.0322335	8
0.0322347	9
0.0322359	10
0.0322432	11
0.0322868	12
0.0323281	13
0.0323726	14
0.0324207	15
0.0324723	16
0.0325276	17
0.0325865	18
0.032649	19
0.0327091	5
0.0327163	6
0.0327175	7
0.0327187	8
0.0327199	9
0.0327212	10
0.0327368	7
0.0327684	8
0.0327696	9
0.0327708	10
0.032778	11
0.0328217	12
0.032863	13
0.0329075	14
0.0329555	15
0.0330072	16
0.0330625	17
0.0331214	18
0.0331839	19
0.033244	5
0.0332512	6
0.0332524	7
0.0332536	8
0.0332548	9
0.033256	10
0.0332717	7
0.0333033	8
0.0333045	9
0.0333057	10
0.0333129	11
0.0333566	12
0.0333979	13
0.0334424	14
0.0334904	15
0.0335421	16
0.0335974	17
0.0336563	18
0.0337188	19
0.0337789	5
0.0337861	6
0.0337873	7
0.0337885	8
0.0337897	9
0.0337909	10
0.0338066	7
0.0338382	8
0.0338394	9
0.0338406	10
0.0338478	11
0.0338915	12
0.0339328	13
0.0339773	14
0.0340253	15
0.034077	16
0.0341323	17
0.0341912	18
0.0342537	19
0.0343138	5
0.034321	6
0.0343222	7
0.0343234	8
0.0343246	9
0.0343258	10
0.0343415	7
0.0343731	8
0.0343743	9
0.0343755	10
0.0343827	11
0.0344264	12
0.0344677	13
0.0345121	14
0.0345602	15
0.0346119	16
0.0346672	17
0.0347261	18
0.0347886	19
0.0348487	5
0.0348559	6
0.0348571	7
0.0348583	8
0.0348595	9
0.0348607	10
0.0348764	7
0.034908	8
0.0349092	9
0.0349104	10
0.0349176	11
0.0349613	12
0.0350026	13
0.035047	14
0.0350951	15
0.0351468	16
0.0352021	17
0.035261	18
0.0353235	19
0.0353836	5
0.0353908	6
0.035392	7
0.0353932	8
0.0353944	9
0.0353956	10
0.0354112	7
0.0354429	8
0.0354441	9
0.0354453	10
0.0354525	11
0.0354962	12
0.0355375	13
0.0355819	14
0.03563	15
0.0356817	16
0.035737	17
0.0357959	18
0.0358584	19
0.0359185	5
0.0359257	6
0.0359269	7
0.0359281	8
0.0359293	9
0.0359305	10
0.0359461	7
0.0359778	8
0.035979	9
0.0359802	10
0.0359874	11
0.0360311	12
0.0360724	13
0.0361168	14
0.0361649	15
0.0362166	16
0.0362719	17
0.0363308	18
0.0363933	19
0.0364534	5
0.0364606	6
0.0364618	7
0.036463	8
0.0364642	9
0.0364654	10
0.036481	7
0.0365127	8
0.0365139	9
0.0365151	10
0.0365223	11
0.036566	12
0.0366072	13
0.0366517	14
0.0366998	15
0.0367515	16
0.0368068	17
0.0368657	18
0.0369282	19
0.0369883	5
0.0369955	6
0.0369967	7
0.0369979	8
0.0369991	9
0.0370003	10
0.0370159	7
0.0370476	8
0.0370488	9
0.03705	10
0.0370572	11
0.0371009	12
0.0371421	13
0.0371866	14
0.0372347	15
0.0372864	16
0.0373417	17
0.0374006	18
0.0374631	19
0.0375232	5
0.0375304	6
0.0375316	7
0.0375328	8
0.037534	9
0.0375352	10
0.0375508	7
0.0375825	8
0.0375837	9
0.0375849	10
0.0375921	11
0.0376358	12
0.037677	13
0.0377215	14
0.0377696	15
0.0378213	16
0.0378766	17
0.0379355	18
0.037998	19
0.0380581	5
0.0380653	6
0.0380665	7
0.0380677	8
0.0380689	9
0.0380701	10
0.0380857	7
0.0381174	8
0.0381186	9
0.0381198	10
0.038127	11
0.0381707	12
0.0382119	13
0.0382564	14
0.0383045	15
0.0383562	16
0.0384115	17
0.0384704	18
0.0385329	19
0.038593	5
0.0386002	6
0.0386014	7
0.0386026	8
0.0386038	9
0.038605	10
0.0386206	7
0.0386523	8
0.0386535	9
0.0386547	10
0.0386619	11
0.0387056	12
0.0387468	13
0.0387913	14
0.0388394	15
0.0388911	16
0.0389464	17
0.0390053	18
0.0390678	19
0.0391279	5
0.0391351	6
0.0391363	7
0.0391375	8
0.0391387	9
0.0391399	10
0.0391555	7
0.0391872	8
0.0391884	9
0.0391896	10
0.0391968	11
0.0392404	12
0.0392817	13
0.0393262	14
0.0393743	15
0.039426	16
0.0394813	17
0.0395401	18
0.0396027	19
0.0396628	5
0.03967	6
0.0396712	7
0.0396724	8
0.0396736	9
0.0396748	10
0.0396904	7
0.0397221	8
0.0397233	9
0.0397245	10
0.0397317	11
0.0397753	12
0.0398166	13
0.0398611	14
0.0399092	15
0.0399609	16
0.0400161	17
0.040075	18
0.0401375	19
0.0401976	5
0.0402049	6
0.0402061	7
0.0402073	8
0.0402085	9
0.0402097	10
0.0402253	7
0.0402569	8
0.0402581	9
0.0402594	10
0.0402666	11
0.0403102	12
0.0403515	13
0.040396	14
0.0404441	15
0.0404957	16
0.040551	17
0.0406099	18
0.0406724	19
0.0407325	5
0.0407398	6
0.040741	7
0.0407422	8
0.0407434	9
0.0407446	10
0.0407602	7
0.0407918	8
0.040793	9
0.0407942	10
0.0408015	11
0.0408451	12
0.0408864	13
0.0409309	14
0.040979	15
0.0410306	16
0.0410859	17
0.0411448	18
0.0412073	19
0.0412674	5
0.0412746	6
0.0412758	7
0.0412771	8
0.0412783	9
0.0412795	10
0.0412951	7
0.0413267	8
0.0413279	9
0.0413291	10
0.0413364	11
0.04138	12
0.0414213	13
0.0414658	14
0.0415138	15
0.0415655	16
0.0416208	17
0.0416797	18
0.0417422	19
0.0418023	5
0.0418095	6
0.0418107	7
0.0418119	8
0.0418131	9
0.0418143	10
0.04183	7
0.0418616	8
0.0418628	9
0.041864	10
0.0418712	11
0.0419149	12
0.0419562	13
0.0420007	14
0.0420487	15
0.0421004	16
0.0421557	17
0.0422146	18
0.0422771	19
0.0423372	5
0.0423444	6
0.0423456	7
0.0423468	8
0.042348	9
0.0423492	10
0.0423649	7
0.0423965	8
0.0423977	9
0.0423989	10
0.0424061	11
0.0424498	12
0.0424911	13
0.0425356	14
0.0425836	15
0.0426353	16
0.0426906	17
0.0427495	18
0.042812	19
0.0428721	5
0.0428793	6
0.0428805	7
0.0428817	8
0.0428829	9
0.0428841	10
0.0428998	7
0.0429314	8
0.0429326	9
0.0429338	10
0.042941	11
0.0429847	12
0.043026	13
0.0430705	14
0.0431185	15
0.0431702	16
0.0432255	17
0.0432844	18
0.0433469	19
0.043407	5
0.0434142	6
0.0434154	7
0.0434166	8
0.0434178	9
0.043419	10
0.0434347	7
0.0434663	8
0.0434675	9
0.0434687	10
0.0434759	11
0.0435196	12
0.0435609	13
0.0436053	14
0.0436534	15
0.0437051	16
0.0437604	17
0.0438193	18
0.0438818	19
0.0439419	5
0.0439491	6
0.0439503	7
0.0439515	8
0.0439527	9
0.0439539	10
0.0439696	7
0.0440012	8
0.0440024	9
0.0440036	10
0.0440108	11
0.0440545	12
0.0440958	13
0.0441402	14
0.0441883	15
0.04424	16
0.0442953	17
0.0443542	18
0.0444167	19
0.0444768	5
0.044484	6
0.0444852	7
0.0444864	8
0.0444876	9
0.0444888	10
0.0445044	7
0.0445361	8
0.0445373	9
0.0445385	10
0.0445457	11
0.0445894	12
0.0446307	13
0.0446751	14
0.0447232	15
0.0447749	16
0.0448302	17
0.0448891	18
0.0449516	19
0.0450117	5
0.0450189	6
0.0450201	7
0.0450213	8
0.0450225	9
0.0450237	10
0.0450393	7
0.045071	8
0.0450722	9
0.0450734	10
0.0450806	11
0.0451243	12
0.0451656	13
0.04521	14
0.0452581	15
0.0453098	16
0.0453651	17
0.045424	18
0.0454865	19
0.0455466	5
0.0455538	6
0.045555	7
0.0455562	8
0.0455574	9
0.0455586	10
0.0455742	7
0.0456059	8
0.0456071	9
0.0456083	10
0.0456155	11
0.0456592	12
0.0457004	13
0.0457449	14
0.045793	15
0.0458447	16
0.0459	17
0.0459589	18
0.0460214	19
0.0460815	5
0.0460887	6
0.0460899	7
0.0460911	8
0.0460923	9
0.0460935	10
0.0461091	7
0.0461408	8
0.046142	9
0.0461432	10
0.0461504	11
0.0461941	12
0.0462353	13
0.0462798	14
0.0463279	15
0.0463796	16
0.0464349	17
0.0464938	18
0.0465563	19
0.0466164	5
0.0466236	6
0.0466248	7
0.046626	8
0.0466272	9
0.0466284	10
0.046644	7
0.0466757	8
0.0466769	9
0.0466781	10
0.0466853	11
0.046729	12
0.0467702	13
0.0468147	14
0.0468628	15
0.0469145	16
0.0469698	17
0.0470287	18
0.0470912	19
0.0471513	5
0.0471585	6
0.0471597	7
0.0471609	8
0.0471621	9
0.0471633	10
0.0471789	7
0.0472106	8
0.0472118	9
0.047213	10
0.0472202	11
0.0472639	12
0.0473051	13
0.0473496	14
0.0473977	15
0.0474494	16
0.0475047	17
0.0475636	18
0.0476261	19
0.0476862	5
0.0476934	6
0.0476946	7
0.0476958	8
0.047697	9
0.0476982	10
0.0477138	7
0.0477455	8
0.0477467	9
0.0477479	10
0.0477551	11
0.0477988	12
0.04784	13
0.0478845	14
0.0479326	15
0.0479843	16
0.0480396	17
0.0480985	18
0.048161	19
0.0482211	5
0.0482283	6
0.0482295	7
0.0482307	8
0.0482319	9
0.0482331	10
0.0482487	7
0.0482804	8
0.0482816	9
0.0482828	10
0.04829	11
0.0483336	12
0.0483749	13
0.0484194	14
0.0484675	15
0.0485192	16
0.0485744	17
0.0486333	18
0.0486959	19
0.048756	5
0.0487632	6
0.0487644	7
0.0487656	8
0.0487668	9
0.048768	10
0.0487836	7
0.0488153	8
0.0488165	9
0.0488177	10
0.0488249	11
0.0488685	12
0.0489098	13
0.0489543	14
0.0490024	15
0.0490541	16
0.0491093	17
0.0491682	18
0.0492307	19
0.0492908	5
0.0492981	6
0.0492993	7
0.0493005	8
0.0493017	9
0.0493029	10
0.0493185	7
0.0493501	8
0.0493513	9
0.0493525	10
0.0493598	11
0.0494034	12
0.0494447	13
0.0494892	14
0.0495373	15
0.0495889	16
0.0496442	17
0.0497031	18
0.0497656	19
0.0498257	5
0.049833	6
0.0498342	7
0.0498354	8
0.0498366	9
0.0498378	10
0.0498534	7
0.049885	8
0.0498862	9
0.0498874	10
0.0498947	11
0.0499383	12
0.0499796	13
0.0500241	14
0.0500722	15
0.0501238	16
0.0501791	17
0.050238	18
0.0503005	19
0.0503606	5
0.0503678	6
0.050369	7
0.0503702	8
0.0503715	9
0.0503727	10
0.0503883	7
0.0504199	8
0.0504211	9
0.0504223	10
0.0504295	11
0.0504732	12
0.0505145	13
0.050559	14
0.050607	15
0.0506587	16
0.050714	17
0.0507729	18
0.0508354	19
0.0508955	5
0.0509027	6
0.0509039	7
0.0509051	8
0.0509063	9
0.0509075	10
0.0509232	7
0.0509548	8
0.050956	9
0.0509572	10
0.0509644	11
0.0510081	12
0.0510494	13
0.0510939	14
0.0511419	15
0.0511936	16
0.0512489	17
0.0513078	18
0.0513703	19
0.0514304	5
0.0514376	6
0.0514388	7
0.05144	8
0.0514412	9
0.0514424	10
0.0514581	7
0.0514897	8
0.0514909	9
0.0514921	10
0.0514993	11
0.051543	12
0.0515843	13
0.0516288	14
0.0516768	15
0.0517285	16
0.0517838	17
0.0518427	18
0.0519052	19
0.0519653	5
0.0519725	6
0.0519737	7
0.0519749	8
0.0519761	9
0.0519773	10
0.051993	7
0.0520246	8
0.0520258	9
0.052027	10
0.0520342	11
0.0520779	12
0.0521192	13
0.0521636	14
0.0522117	15
0.0522634	16
0.0523187	17
0.0523776	18
0.0524401	19
0.0525002	5
0.0525074	6
0.0525086	7
0.0525098	8
0.052511	9
0.0525122	10
0.0525279	7
0.0525595	8
0.0525607	9
0.0525619	10
0.0525691	11
0.0526128	12
0.0526541	13
0.0526985	14
0.0527466	15
0.0527983	16
0.0528536	17
0.0529125	18
0.052975	19
0.0530351	5
0.0530423	6
0.0530435	7
0.0530447	8
0.0530459	9
0.0530471	10
0.0530627	7
0.0530944	8
0.0530956	9
0.0530968	10
0.053104	11
0.0531477	12
0.053189	13
0.0532334	14
0.0532815	15
0.0533332	16
0.0533885	17
0.0534474	18
0.0535099	19
0.05357	5
0.0535772	6
0.0535784	7
0.0535796	8
0.0535808	9
0.053582	10
0.0535976	7
0.0536293	8
0.0536305	9
0.0536317	10
0.0536389	11
0.0536826	12
0.0537239	13
0.0537683	14
0.0538164	15
0.0538681	16
0.0539234	17
0.0539823	18
0.0540448	19
0.0541049	5
0.0541121	6
0.0541133	7
0.0541145	8
0.0541157	9
0.0541169	10
0.0541325	7
0.0541642	8
0.0541654	9
0.0541666	10
0.0541738	11
0.0542175	12
0.0542588	13
0.0543032	14
0.0543513	15
0.054403	16
0.0544583	17
0.0545172	18
0.0545797	19
0.0546398	5
0.054647	6
0.0546482	7
0.0546494	8
0.0546506	9
0.0546518	10
0.0546674	7
0.0546991	8
0.0547003	9
0.0547015	10
0.0547087	11
0.0547524	12
0.0547936	13
0.0548381	14
0.0548862	15
0.0549379	16
0.0549932	17
0.0550521	18
0.0551146	19
0.0551747	5
0.0551819	6
0.0551831	7
0.0551843	8
0.0551855	9
0.0551867	10
0.0552023	7
0.055234	8
0.0552352	9
0.0552364	10
0.0552436	11
0.0552873	12
0.0553285	13
0.055373	14
0.0554211	15
0.0554728	16
0.0555281	17
0.055587	18
0.0556495	19
0.0557096	5
0.0557168	6
0.055718	7
0.0557192	8
0.0557204	9
0.0557216	10
0.0557372	7
0.0557689	8
0.0557701	9
0.0557713	10
0.0557785	11
0.0558222	12
0.0558634	13
0.0559079	14
0.055956	15
0.0560077	16
0.056063	17
0.0561219	18
0.0561844	19
0.0562445	5
0.0562517	6
0.0562529	7
0.0562541	8
0.0562553	9
0.0562565	10
0.0562721	7
0.0563038	8
0.056305	9
0.0563062	10
0.0563134	11
0.0563571	12
0.0563983	13
0.0564428	14
0.0564909	15
0.0565426	16
0.0565979	17
0.0566568	18
0.0567193	19
0.0567794	5
0.0567866	6
0.0567878	7
0.056789	8
0.0567902	9
0.0567914	10
0.056807	7
0.0568387	8
0.0568399	9
0.0568411	10
0.0568483	11
0.056892	12
0.0569332	13
0.0569777	14
0.0570258	15
0.0570775	16
0.0571328	17
0.0571917	18
0.0572542	19
0.0573143	5
0.0573215	6
0.0573227	7
0.0573239	8
0.0573251	9
0.0573263	10
0.0573419	7
0.0573736	8
0.0573748	9
0.057376	10
0.0573832	11
0.0574268	12
0.0574681	13
0.0575126	14
0.0575607	15
0.0576124	16
0.0576676	17
0.0577265	18
0.057789	19
0.0578491	5
0.0578564	6
0.0578576	7
0.0578588	8
0.05786	9
0.0578612	10
0.0578768	7
0.0579084	8
0.0579097	9
0.0579109	10
0.0579181	11
0.0579617	12
0.058003	13
0.0580475	14
0.0580956	15
0.0581472	16
0.0582025	17
0.0582614	18
0.0583239	19
0.058384	5
0.0583913	6
0.0583925	7
0.0583937	8
0.0583949	9
0.0583961	10
0.0584117	7
0.0584433	8
0.0584445	9
0.0584457	10
0.058453	11
0.0584966	12
0.0585379	13
0.0585824	14
0.0586305	15
0.0586821	16
0.0587374	17
0.0587963	18
0.0588588	19
0.0589189	5
0.0589261	6
0.0589274	7
0.0589286	8
0.0589298	9
0.058931	10
0.0589466	7
0.0589782	8
0.0589794	9
0.0589806	10
0.0589879	11
0.0590315	12
0.0590728	13
0.0591173	14
0.0591654	15
0.059217	16
0.0592723	17
0.0593312	18
0.0593937	19
0.0594538	5
0.059461	6
0.0594622	7
0.0594634	8
0.0594646	9
0.0594659	10
0.0594815	7
0.0595131	8
0.0595143	9
0.0595155	10
0.0595227	11
0.0595664	12
0.0596077	13
0.0596522	14
0.0597002	15
0.0597519	16
0.0598072	17
0.0598661	18
0.0599286	19
0.0599887	5
0.0599959	6
0.0599971	7
0.0599983	8
0.0599995	9
0.0600007	10
0.0600164	7
0.060048	8
0.0600492	9
0.0600504	10
0.0600576	11
0.0601013	12
0.0601426	13
0.0601871	14
0.0602351	15
0.0602868	16
0.0603421	17
0.060401	18
0.0604635	19
0.0605236	5
0.0605308	6
0.060532	7
0.0605332	8
0.0605344	9
0.0605356	10
0.0605513	7
0.0605829	8
0.0605841	9
0.0605853	10
0.0605925	11
0.0606362	12
0.0606775	13
0.060722	14
0.06077	15
0.0608217	16
0.060877	17
0.0609359	18
0.0609984	19
0.0610585	5
0.0610657	6
0.0610669	7
0.0610681	8
0.0610693	9
0.0610705	10
0.0610862	7
0.0611178	8
0.061119	9
0.0611202	10
0.0611274	11
0.0611711	12
0.0612124	13
0.0612568	14
0.0613049	15
0.0613566	16
0.0614119	17
0.0614708	18
0.0615333	19
0.0615934	5
0.0616006	6
0.0616018	7
0.061603	8
0.0616042	9
0.0616054	10
0.0616211	7
0.0616527	8
0.0616539	9
0.0616551	10
0.0616623	11
0.061706	12
0.0617473	13
0.0617917	14
0.0618398	15
0.0618915	16
0.0619468	17
0.0620057	18
0.0620682	19
0.0621283	5
0.0621355	6
0.0621367	7
0.0621379	8
0.0621391	9
0.0621403	10
0.0621559	7
0.0621876	8
0.0621888	9
0.06219	10
0.0621972	11
0.0622409	12
0.0622822	13
0.0623266	14
0.0623747	15
0.0624264	16
0.0624817	17
0.0625406	18
0.0626031	19
0.0626632	5
0.0626704	6
0.0626716	7
0.0626728	8
0.062674	9
0.0626752	10
0.0626908	7
0.0627225	8
0.0627237	9
0.0627249	10
0.0627321	11
0.0627758	12
0.0628171	13
0.0628615	14
0.0629096	15
0.0629613	16
0.0630166	17
0.0630755	18
0.063138	19
0.0631981	5
0.0632053	6
0.0632065	7
0.0632077	8
0.0632089	9
0.0632101	10
0.0632257	7
0.0632574	8
0.0632586	9
0.0632598	10
0.063267	11
0.0633107	12
0.0633519	13
0.0633964	14
0.0634445	15
0.0634962	16
0.0635515	17
0.0636104	18
0.0636729	19
0.063733	5
0.0637402	6
0.0637414	7
0.0637426	8
0.0637438	9
0.063745	10
0.0637606	7
0.0637923	8
0.0637935	9
0.0637947	10
0.0638019	11
0.0638456	12
0.0638868	13
0.0639313	14
0.0639794	15
0.0640311	16
0.0640864	17
0.0641453	18
0.0642078	19
0.0642679	5
0.0642751	6
0.0642763	7
0.0642775	8
0.0642787	9
0.0642799	10
0.0642955	7
0.0643272	8
0.0643284	9
0.0643296	10
0.0643368	11
0.0643805	12
0.0644217	13
0.0644662	14
0.0645143	15
0.064566	16
0.0646213	17
0.0646802	18
0.0647427	19
0.0648028	5
0.06481	6
0.0648112	7
0.0648124	8
0.0648136	9
0.0648148	10
0.0648304	7
0.0648621	8
0.0648633	9
0.0648645	10
0.0648717	11
0.0649154	12
0.0649566	13
0.0650011	14
0.0650492	15
0.0651009	16
0.0651562	17
0.0652151	18
0.0652776	19
0.0653377	5
0.0653449	6
0.0653461	7
0.0653473	8
0.0653485	9
0.0653497	10
0.0653653	7
0.065397	8
0.0653982	9
0.0653994	10
0.0654066	11
0.0654503	12
0.0654915	13
0.065536	14
0.0655841	15
0.0656358	16
0.0656911	17
0.06575	18
0.0658125	19
0.0658726	5
0.0658798	6
0.065881	7
0.0658822	8
0.0658834	9
0.0658846	10
0.0659002	7
0.0659319	8
0.0659331	9
0.0659343	10
0.0659415	11
0.0659851	12
0.0660264	13
0.0660709	14
0.066119	15
0.0661707	16
0.066226	17
0.0662848	18
0.0663474	19
0.0664075	5
0.0664147	6
0.0664159	7
0.0664171	8
0.0664183	9
0.0664195	10
0.0664351	7
0.0664668	8
0.066468	9
0.0664692	10
0.0664764	11
0.06652	12
0.0665613	13
0.0666058	14
0.0666539	15
0.0667056	16
0.0667608	17
0.0668197	18
0.0668822	19
0.0669423	5
0.0669496	6
0.0669508	7
0.066952	8
0.0669532	9
0.0669544	10
0.06697	7
0.0670016	8
0.0670028	9
0.0670041	10
0.0670113	11
0.0670549	12
0.0670962	13
0.0671407	14
0.0671888	15
0.0672404	16
0.0672957	17
0.0673546	18
0.0674171	19
0.0674772	5
0.0674845	6
0.0674857	7
0.0674869	8
0.0674881	9
0.0674893	10
0.0675049	7
0.0675365	8
0.0675377	9
0.0675389	10
0.0675462	11
0.0675898	12
0.0676311	13
0.0676756	14
0.0677237	15
0.0677753	16
0.0678306	17
0.0678895	18
0.067952	19
0.0680121	5
0.0680193	6
0.0680205	7
0.0680218	8
0.068023	9
0.0680242	10
0.0680398	7
0.0680714	8
0.0680726	9
0.0680738	10
0.0680811	11
0.0681247	12
0.068166	13
0.0682105	14
0.0682585	15
0.0683102	16
0.0683655	17
0.0684244	18
0.0684869	19
0.068547	5
0.0685542	6
0.0685554	7
0.0685566	8
0.0685578	9
0.068559	10
0.0685747	7
0.0686063	8
0.0686075	9
0.0686087	10
0.0686159	11
0.0686596	12
0.0687009	13
0.0687454	14
0.0687934	15
0.0688451	16
0.0689004	17
0.0689593	18
0.0690218	19
0.0690819	5
0.0690891	6
0.0690903	7
0.0690915	8
0.0690927	9
0.0690939	10
0.0691096	7
0.0691412	8
0.0691424	9
0.0691436	10
0.0691508	11
0.0691945	12
0.0692358	13
0.0692803	14
0.0693283	15
0.06938	16
0.0694353	17
0.0694942	18
0.0695567	19
0.0696168	5
0.069624	6
0.0696252	7
0.0696264	8
0.0696276	9
0.0696288	10
0.0696445	7
0.0696761	8
0.0696773	9
0.0696785	10
0.0696857	11
0.0697294	12
0.0697707	13
0.0698152	14
0.0698632	15
0.0699149	16
0.0699702	17
0.0700291	18
0.0700916	19
0.0701517	5
0.0701589	6
0.0701601	7
0.0701613	8
0.0701625	9
0.0701637	10
0.0701794	7
0.070211	8
0.0702122	9
0.0702134	10
0.0702206	11
0.0702643	12
0.0703056	13
0.07035	14
0.0703981	15
0.0704498	16
0.0705051	17
0.070564	18
0.0706265	19
0.0706866	5
0.0706938	6
0.070695	7
0.0706962	8
0.0706974	9
0.0706986	10
0.0707143	7
0.0707459	8
0.0707471	9
0.0707483	10
0.0707555	11
0.0707992	12
0.0708405	13
0.0708849	14
0.070933	15
0.0709847	16
0.07104	17
0.0710989	18
0.0711614	19
0.0712215	5
0.0712287	6
0.0712299	7
0.0712311	8
0.0712323	9
0.0712335	10
0.0712491	7
0.0712808	8
0.071282	9
0.0712832	10
0.0712904	11
0.0713341	12
0.0713754	13
0.0714198	14
0.0714679	15
0.0715196	16
0.0715749	17
0.0716338	18
0.0716963	19
0.0717564	5
0.0717636	6
0.0717648	7
0.071766	8
0.0717672	9
0.0717684	10
0.071784	7
0.0718157	8
0.0718169	9
0.0718181	10
0.0718253	11
0.071869	12
0.0719103	13
0.0719547	14
0.0720028	15
0.0720545	16
0.0721098	17
0.0721687	18
0.0722312	19
0.0722913	5
0.0722985	6
0.0722997	7
0.0723009	8
0.0723021	9
0.0723033	10
0.0723189	7
0.0723506	8
0.0723518	9
0.072353	10
0.0723602	11
0.0724039	12
0.0724451	13
0.0724896	14
0.0725377	15
0.0725894	16
0.0726447	17
0.0727036	18
0.0727661	19
0.0728262	5
0.0728334	6
0.0728346	7
0.0728358	8
0.072837	9
0.0728382	10
0.0728538	7
0.0728855	8
0.0728867	9
0.0728879	10
0.0728951	11
0.0729388	12
0.07298	13
0.0730245	14
0.0730726	15
0.0731243	16
0.0731796	17
0.0732385	18
0.073301	19
0.0733611	5
0.0733683	6
0.0733695	7
0.0733707	8
0.0733719	9
0.0733731	10
0.0733887	7
0.0734204	8
0.0734216	9
0.0734228	10
0.07343	11
0.0734737	12
0.0735149	13
0.0735594	14
0.0736075	15
0.0736592	16
0.0737145	17
0.0737734	18
0.0738359	19
0.073896	5
0.0739032	6
0.0739044	7
0.0739056	8
0.0739068	9
0.073908	10
0.0739236	7
0.0739553	8
0.0739565	9
0.0739577	10
0.0739649	11
0.0740086	12
0.0740498	13
0.0740943	14
0.0741424	15
0.0741941	16
0.0742494	17
0.0743083	18
0.0743708	19
0.0744309	5
0.0744381	6
0.0744393	7
0.0744405	8
0.0744417	9
0.0744429	10
0.0744585	7
0.0744902	8
0.0744914	9
0.0744926	10
0.0744998	11
0.0745435	12
0.0745847	13
0.0746292	14
0.0746773	15
0.074729	16
0.0747843	17
0.0748432	18
0.0749057	19
0.0749658	5
0.074973	6
0.0749742	7
0.0749754	8
0.0749766	9
0.0749778	10
0.0749934	7
0.0750251	8
0.0750263	9
0.0750275	10
0.0750347	11
0.0750783	12
0.0751196	13
0.0751641	14
0.0752122	15
0.0752639	16
0.0753191	17
0.075378	18
0.0754406	19
0.0755007	5
0.0755079	6
0.0755091	7
0.0755103	8
0.0755115	9
0.0755127	10
0.0755283	7
0.07556	8
0.0755612	9
0.0755624	10
0.0755696	11
0.0756132	12
0.0756545	13
0.075699	14
0.0757471	15
0.0757988	16
0.075854	17
0.0759129	18
0.0759754	19
0.0760355	5
0.0760428	6
0.076044	7
0.0760452	8
0.0760464	9
0.0760476	10
0.0760632	7
0.0760948	8
0.076096	9
0.0760972	10
0.0761045	11
0.0761481	12
0.0761894	13
0.0762339	14
0.076282	15
0.0763336	16
0.0763889	17
0.0764478	18
0.0765103	19
0.0765704	5
0.0765777	6
0.0765789	7
0.0765801	8
0.0765813	9
0.0765825	10
0.0765981	7
0.0766297	8
0.0766309	9
0.0766321	10
0.0766394	11
0.076683	12
0.0767243	13
0.0767688	14
0.0768169	15
0.0768685	16
0.0769238	17
0.0769827	18
0.0770452	19
0.0771053	5
0.0771125	6
0.0771137	7
0.0771149	8
0.0771162	9
0.0771174	10
0.077133	7
0.0771646	8
0.0771658	9
0.077167	10
0.0771742	11
0.0772179	12
0.0772592	13
0.0773037	14
0.0773517	15
0.0774034	16
0.0774587	17
0.0775176	18
0.0775801	19
0.0776402	5
0.0776474	6
0.0776486	7
0.0776498	8
0.077651	9
0.0776522	10
0.0776679	7
0.0776995	8
0.0777007	9
0.0777019	10
0.0777091	11
0.0777528	12
0.0777941	13
0.0778386	14
0.0778866	15
0.0779383	16
0.0779936	17
0.0780525	18
0.078115	19
0.0781751	5
0.0781823	6
0.0781835	7
0.0781847	8
0.0781859	9
0.0781871	10
0.0782028	7
0.0782344	8
0.0782356	9
0.0782368	10
0.078244	11
0.0782877	12
0.078329	13
0.0783735	14
0.0784215	15
0.0784732	16
0.0785285	17
0.0785874	18
0.0786499	19
0.07871	5
0.0787172	6
0.0787184	7
0.0787196	8
0.0787208	9
0.078722	10
0.0787377	7
0.0787693	8
0.0787705	9
0.0787717	10
0.0787789	11
0.0788226	12
0.0788639	13
0.0789083	14
0.0789564	15
0.0790081	16
0.0790634	17
0.0791223	18
0.0791848	19
0.0792449	5
0.0792521	6
0.0792533	7
0.0792545	8
0.0792557	9
0.0792569	10
0.0792726	7
0.0793042	8
0.0793054	9
0.0793066	10
0.0793138	11
0.0793575	12
0.0793988	13
0.0794432	14
0.0794913	15
0.079543	16
0.0795983	17
0.0796572	18
0.0797197	19
0.0797798	5
0.079787	6
0.0797882	7
0.0797894	8
0.0797906	9
0.0797918	10
0.0798074	7
0.0798391	8
0.0798403	9
0.0798415	10
0.0798487	11
0.0798924	12
0.0799337	13
0.0799781	14
0.0800262	15
0.0800779	16
0.0801332	17
0.0801921	18
0.0802546	19
0.0803147	5
0.0803219	6
0.0803231	7
0.0803243	8
0.0803255	9
0.0803267	10
0.0803423	7
0.080374	8
0.0803752	9
0.0803764	10
0.0803836	11
0.0804273	12
0.0804686	13
0.080513	14
0.0805611	15
0.0806128	16
0.0806681	17
0.080727	18
0.0807895	19
0.0808496	5
0.0808568	6
0.080858	7
0.0808592	8
0.0808604	9
0.0808616	10
0.0808772	7
0.0809089	8
0.0809101	9
0.0809113	10
0.0809185	11
0.0809622	12
0.0810035	13
0.0810479	14
0.081096	15
0.0811477	16
0.081203	17
0.0812619	18
0.0813244	19
0.0813845	5
0.0813917	6
0.0813929	7
0.0813941	8
0.0813953	9
0.0813965	10
0.0814121	7
0.0814438	8
0.081445	9
0.0814462	10
0.0814534	11
0.0814971	12
0.0815383	13
0.0815828	14
0.0816309	15
0.0816826	16
0.0817379	17
0.0817968	18
0.0818593	19
0.0819194	5
0.0819266	6
0.0819278	7
0.081929	8
0.0819302	9
0.0819314	10
0.081947	7
0.0819787	8
0.0819799	9
0.0819811	10
0.0819883	11
0.082032	12
0.0820732	13
0.0821177	14
0.0821658	15
0.0822175	16
0.0822728	17
0.0823317	18
0.0823942	19
0.0824543	5
0.0824615	6
0.0824627	7
0.0824639	8
0.0824651	9
0.0824663	10
0.0824819	7
0.0825136	8
0.0825148	9
0.082516	10
0.0825232	11
0.0825669	12
0.0826081	13
0.0826526	14
0.0827007	15
0.0827524	16
0.0828077	17
0.0828666	18
0.0829291	19
0.0829892	5
0.0829964	6
0.0829976	7
0.0829988	8
0.083	9
0.0830012	10
0.0830168	7
0.0830485	8
0.0830497	9
0.0830509	10
0.0830581	11
0.0831018	12
0.083143	13
0.0831875	14
0.0832356	15
0.0832873	16
0.0833426	17
0.0834015	18
0.083464	19
0.0835241	5
0.0835313	6
0.0835325	7
0.0835337	8
0.0835349	9
0.0835361	10
0.0835517	7
0.0835834	8
0.0835846	9
0.0835858	10
0.083593	11
0.0836367	12
0.0836779	13
0.0837224	14
0.0837705	15
0.0838222	16
0.0838775	17
0.0839364	18
0.0839989	19
0.084059	5
0.0840662	6
0.0840674	7
0.0840686	8
0.0840698	9
0.084071	10
0.0840866	7
0.0841183	8
0.0841195	9
0.0841207	10
0.0841279	11
0.0841715	12
0.0842128	13
0.0842573	14
0.0843054	15
0.0843571	16
0.0844123	17
0.0844712	18
0.0845337	19
0.0845938	5
0.0846011	6
0.0846023	7
0.0846035	8
0.0846047	9
0.0846059	10
0.0846215	7
0.0846531	8
0.0846544	9
0.0846556	10
0.0846628	11
0.0847064	12
0.0847477	13
0.0847922	14
0.0848403	15
0.0848919	16
0.0849472	17
0.0850061	18
0.0850686	19
0.0851287	5
0.085136	6
0.0851372	7
0.0851384	8
0.0851396	9
0.0851408	10
0.0851564	7
0.085188	8
0.0851892	9
0.0851904	10
0.0851977	11
0.0852413	12
0.0852826	13
0.0853271	14
0.0853752	15
0.0854268	16
0.0854821	17
0.085541	18
0.0856035	19
0.0856636	5
0.0856708	6
0.0856721	7
0.0856733	8
0.0856745	9
0.0856757	10
0.0856913	7
0.0857229	8
0.0857241	9
0.0857253	10
0.0857326	11
0.0857762	12
0.0858175	13
0.085862	14
0.0859101	15
0.0859617	16
0.086017	17
0.0860759	18
0.0861384	19
0.0861985	5
0.0862057	6
0.0862069	7
0.0862081	8
0.0862093	9
0.0862106	10
0.0862262	7
0.0862578	8
0.086259	9
0.0862602	10
0.0862674	11
0.0863111	12
0.0863524	13
0.0863969	14
0.0864449	15
0.0864966	16
0.0865519	17
0.0866108	18
0.0866733	19
0.0867334	5
0.0867406	6
0.0867418	7
0.086743	8
0.0867442	9
0.0867454	10
0.0867611	7
0.0867927	8
0.0867939	9
0.0867951	10
0.0868023	11
0.086846	12
0.0868873	13
0.0869318	14
0.0869798	15
0.0870315	16
0.0870868	17
0.0871457	18
0.0872082	19
0.0872683	5
0.0872755	6
0.0872767	7
0.0872779	8
0.0872791	9
0.0872803	10
0.087296	7
0.0873276	8
0.0873288	9
0.08733	10
0.0873372	11
0.0873809	12
0.0874222	13
0.0874667	14
0.0875147	15
0.0875664	16
0.0876217	17
0.0876806	18
0.0877431	19
0.0878032	5
0.0878104	6
0.0878116	7
0.0878128	8
0.087814	9
0.0878152	10
0.0878309	7
0.0878625	8
0.0878637	9
0.0878649	10
0.0878721	11
0.0879158	12
0.0879571	13
0.0880015	14
0.0880496	15
0.0881013	16
0.0881566	17
0.0882155	18
0.088278	19
0.0883381	5
0.0883453	6
0.0883465	7
0.0883477	8
0.0883489	9
0.0883501	10
0.0883658	7
0.0883974	8
0.0883986	9
0.0883998	10
0.088407	11
0.0884507	12
0.088492	13
0.0885364	14
0.0885845	15
0.0886362	16
0.0886915	17
0.0887504	18
0.0888129	19
0.088873	5
0.0888802	6
0.0888814	7
0.0888826	8
0.0888838	9
0.088885	10
0.0889006	7
0.0889323	8
0.0889335	9
0.0889347	10
0.0889419	11
0.0889856	12
0.0890269	13
0.0890713	14
0.0891194	15
0.0891711	16
0.0892264	17
0.0892853	18
0.0893478	19
0.0894079	5
0.0894151	6
0.0894163	7
0.0894175	8
0.0894187	9
0.0894199	10
0.0894355	7
0.0894672	8
0.0894684	9
0.0894696	10
0.0894768	11
0.0895205	12
0.0895618	13
0.0896062	14
0.0896543	15
0.089706	16
0.0897613	17
0.0898202	18
0.0898827	19
0.0899428	5
0.08995	6
0.0899512	7
0.0899524	8
0.0899536	9
0.0899548	10
0.0899704	7
0.0900021	8
0.0900033	9
0.0900045	10
0.0900117	11
0.0900554	12
0.0900966	13
0.0901411	14
0.0901892	15
0.0902409	16
0.0902962	17
0.0903551	18
0.0904176	19
0.0904777	5
0.0904849	6
0.0904861	7
0.0904873	8
0.0904885	9
0.0904897	10
0.0905053	7
0.090537	8
0.0905382	9
0.0905394	10
0.0905466	11
0.0905903	12
0.0906315	13
0.090676	14
0.0907241	15
0.0907758	16
0.0908311	17
0.09089	18
0.0909525	19
0.0910126	5
0.0910198	6
0.091021	7
0.0910222	8
0.0910234	9
0.0910246	10
0.0910402	7
0.0910719	8
0.0910731	9
0.0910743	10
0.0910815	11
0.0911252	12
0.0911664	13
0.0912109	14
0.091259	15
0.0913107	16
0.091366	17
0.0914249	18
0.0914874	19
0.0915475	5
0.0915547	6
0.0915559	7
0.0915571	8
0.0915583	9
0.0915595	10
0.0915751	7
0.0916068	8
0.091608	9
0.0916092	10
0.0916164	11
0.0916601	12
0.0917013	13
0.0917458	14
0.0917939	15
0.0918456	16
0.0919009	17
0.0919598	18
0.0920223	19
0.0920824	5
0.0920896	6
0.0920908	7
0.092092	8
0.0920932	9
0.0920944	10
0.09211	7
0.0921417	8
0.0921429	9
0.0921441	10
0.0921513	11
0.092195	12
0.0922362	13
0.0922807	14
0.0923288	15
0.0923805	16
0.0924358	17
0.0924947	18
0.0925572	19
0.0926173	5
0.0926245	6
0.0926257	7
0.0926269	8
0.0926281	9
0.0926293	10
0.0926449	7
0.0926766	8
0.0926778	9
0.092679	10
0.0926862	11
0.0927298	12
0.0927711	13
0.0928156	14
0.0928637	15
0.0929154	16
0.0929707	17
0.0930295	18
0.0930921	19
0.0931522	5
0.0931594	6
0.0931606	7
0.0931618	8
0.093163	9
0.0931642	10
0.0931798	7
0.0932115	8
0.0932127	9
0.0932139	10
0.0932211	11
0.0932647	12
0.093306	13
0.0933505	14
0.0933986	15
0.0934503	16
0.0935055	17
0.0935644	18
0.0936269	19
0.093687	5
0.0936943	6
0.0936955	7
0.0936967	8
0.0936979	9
0.0936991	10
0.0937147	7
0.0937463	8
0.0937475	9
0.0937488	10
0.093756	11
0.0937996	12
0.0938409	13
0.0938854	14
0.0939335	15
0.0939851	16
0.0940404	17
0.0940993	18
0.0941618	19
0.0942219	5
0.0942292	6
0.0942304	7
0.0942316	8
0.0942328	9
0.094234	10
0.0942496	7
0.0942812	8
0.0942824	9
0.0942836	10
0.0942909	11
0.0943345	12
0.0943758	13
0.0944203	14
0.0944684	15
0.09452	16
0.0945753	17
0.0946342	18
0.0946967	19
0.0947568	5
0.094764	6
0.0947652	7
0.0947665	8
0.0947677	9
0.0947689	10
0.0947845	7
0.0948161	8
0.0948173	9
0.0948185	10
0.0948258	11
0.0948694	12
0.0949107	13
0.0949552	14
0.0950032	15
0.0950549	16
0.0951102	17
0.0951691	18
0.0952316	19
0.0952917	5
0.0952989	6
0.0953001	7
0.0953013	8
0.0953025	9
0.0953037	10
0.0953194	7
0.095351	8
0.0953522	9
0.0953534	10
0.0953606	11
0.0954043	12
0.0954456	13
0.0954901	14
0.0955381	15
0.0955898	16
0.0956451	17
0.095704	18
0.0957665	19
0.0958266	5
0.0958338	6
0.095835	7
0.0958362	8
0.0958374	9
0.0958386	10
0.0958543	7
0.0958859	8
0.0958871	9
0.0958883	10
0.0958955	11
0.0959392	12
0.0959805	13
0.096025	14
0.096073	15
0.0961247	16
0.09618	17
0.0962389	18
0.0963014	19
0.0963615	5
0.0963687	6
0.0963699	7
0.0963711	8
0.0963723	9
0.0963735	10
0.0963892	7
0.0964208	8
0.096422	9
0.0964232	10
0.0964304	11
0.0964741	12
0.0965154	13
0.0965599	14
0.0966079	15
0.0966596	16
0.0967149	17
0.0967738	18
0.0968363	19
0.0968964	5
0.0969036	6
0.0969048	7
0.096906	8
0.0969072	9
0.0969084	10
0.0969241	7
0.0969557	8
0.0969569	9
0.0969581	10
0.0969653	11
0.097009	12
0.0970503	13
0.0970947	14
0.0971428	15
0.0971945	16
0.0972498	17
0.0973087	18
0.0973712	19
0.0974313	5
0.0974385	6
0.0974397	7
0.0974409	8
0.0974421	9
0.0974433	10
0.097459	7
0.0974906	8
0.0974918	9
0.097493	10
0.0975002	11
0.0975439	12
0.0975852	13
0.0976296	14
0.0976777	15
0.0977294	16
0.0977847	17
0.0978436	18
0.0979061	19
0.0979662	5
0.0979734	6
0.0979746	7
0.0979758	8
0.097977	9
0.0979782	10
0.0979938	7
0.0980255	8
0.0980267	9
0.0980279	10
0.0980351	11
0.0980788	12
0.0981201	13
0.0981645	14
0.0982126	15
0.0982643	16
0.0983196	17
0.0983785	18
0.098441	19
0.0985011	5
0.0985083	6
0.0985095	7
0.0985107	8
0.0985119	9
0.0985131	10
0.0985287	7
0.0985604	8
0.0985616	9
0.0985628	10
0.09857	11
0.0986137	12
0.098655	13
0.0986994	14
0.0987475	15
0.0987992	16
0.0988545	17
0.0989134	18
0.0989759	19
0.099036	5
0.0990432	6
0.0990444	7
0.0990456	8
0.0990468	9
0.099048	10
0.0990636	7
0.0990953	8
0.0990965	9
0.0990977	10
0.0991049	11
0.0991486	12
0.0991898	13
0.0992343	14
0.0992824	15
0.0993341	16
0.0993894	17
0.0994483	18
0.0995108	19
0.0995709	5
0.0995781	6
0.0995793	7
0.0995805	8
0.0995817	9
0.0995829	10
0.0995985	7
0.0996302	8
0.0996314	9
0.0996326	10
0.0996398	11
0.0996835	12
0.0997247	13
0.0997692	14
0.0998173	15
0.099869	16
0.0999243	17
0.0999832	18
0.100046	19
0.100106	5
0.100113	6
0.100114	7
0.100115	8
0.100117	9
0.100118	10
0.100133	7
0.100165	8
0.100166	9
0.100167	10
0.100175	11
0.100218	12
0.10026	13
0.100304	14
0.100352	15
0.100404	16
0.100459	17
0.100518	18
0.100581	19
0.100641	5
0.100648	6
0.100649	7
0.10065	8
0.100651	9
0.100653	10
0.100668	7
0.1007	8
0.100701	9
0.100702	10
0.10071	11
0.100753	12
0.100795	13
0.100839	14
0.100887	15
0.100939	16
0.100994	17
0.101053	18
0.101115	19
0.101176	5
0.101183	6
0.101184	7
0.101185	8
0.101186	9
0.101188	10
0.101203	7
0.101235	8
0.101236	9
0.101237	10
0.101244	11
0.101288	12
0.101329	13
0.101374	14
0.101422	15
0.101474	16
0.101529	17
0.101588	18
0.10165	19
0.10171	5
0.101718	6
0.101719	7
0.10172	8
0.101721	9
0.101722	10
0.101738	7
0.10177	8
0.101771	9
0.101772	10
0.101779	11
0.101823	12
0.101864	13
0.101909	14
0.101957	15
0.102009	16
0.102064	17
0.102123	18
0.102185	19
0.102245	5
0.102253	6
0.102254	7
0.102255	8
0.102256	9
0.102257	10
0.102273	7
0.102305	8
0.102306	9
0.102307	10
0.102314	11
0.102358	12
0.102399	13
0.102444	14
0.102492	15
0.102543	16
0.102599	17
0.102658	18
0.10272	19
0.10278	5
0.102787	6
0.102789	7
0.10279	8
0.102791	9
0.102792	10
0.102808	7
0.10284	8
0.102841	9
0.102842	10
0.102849	11
0.102893	12
0.102934	13
0.102979	14
0.103027	15
0.103078	16
0.103134	17
0.103193	18
0.103255	19
0.103315	5
0.103322	6
0.103324	7
0.103325	8
0.103326	9
0.103327	10
0.103343	7
0.103374	8
0.103376	9
0.103377	10
0.103384	11
0.103428	12
0.103469	13
0.103513	14
0.103562	15
0.103613	16
0.103669	17
0.103727	18
0.10379	19
0.10385	5
0.103857	6
0.103858	7
0.10386	8
0.103861	9
0.103862	10
0.103878	7
0.103909	8
0.103911	9
0.103912	10
0.103919	11
0.103963	12
0.104004	13
0.104048	14
0.104096	15
0.104148	16
0.104203	17
0.104262	18
0.104325	19
0.104385	5
0.104392	6
0.104393	7
0.104395	8
0.104396	9
0.104397	10
0.104413	7
0.104444	8
0.104445	9
0.104447	10
0.104454	11
0.104498	12
0.104539	13
0.104583	14
0.104631	15
0.104683	16
0.104738	17
0.104797	18
0.10486	19
0.10492	5
0.104927	6
0.104928	7
0.104929	8
0.104931	9
0.104932	10
0.104947	7
0.104979	8
0.10498	9
0.104982	10
0.104989	11
0.105032	12
0.105074	13
0.105118	14
0.105166	15
0.105218	16
0.105273	17
0.105332	18
0.105395	19
0.105455	5
0.105462	6
0.105463	7
0.105464	8
0.105466	9
0.105467	10
0.105482	7
0.105514	8
0.105515	9
0.105516	10
0.105524	11
0.105567	12
0.105609	13
0.105653	14
0.105701	15
0.105753	16
0.105808	17
0.105867	18
0.10593	19
0.10599	5
0.105997	6
0.105998	7
0.105999	8
0.106	9
0.106002	10
0.106017	7
0.106049	8
0.10605	9
0.106051	10
0.106059	11
0.106102	12
0.106143	13
0.106188	14
0.106236	15
0.106288	16
0.106343	17
0.106402	18
0.106464	19
0.106525	5
0.106532	6
0.106533	7
0.106534	8
0.106535	9
0.106537	10
0.106552	7
0.106584	8
0.106585	9
0.106586	10
0.106593	11
0.106637	12
0.106678	13
0.106723	14
0.106771	15
0.106823	16
0.106878	17
0.106937	18
0.106999	19
0.107059	5
0.107067	6
0.107068	7
0.107069	8
0.10707	9
0.107071	10
0.107087	7
0.107119	8
0.10712	9
0.107121	10
0.107128	11
0.107172	12
0.107213	13
0.107258	14
0.107306	15
0.107357	16
0.107413	17
0.107472	18
0.107534	19
0.107594	5
0.107602	6
0.107603	7
0.107604	8
0.107605	9
0.107606	10
0.107622	7
0.107654	8
0.107655	9
0.107656	10
0.107663	11
0.107707	12
0.107748	13
0.107793	14
0.107841	15
0.107892	16
0.107948	17
0.108007	18
0.108069	19
0.108129	5
0.108136	6
0.108138	7
0.108139	8
0.10814	9
0.108141	10
0.108157	7
0.108188	8
0.10819	9
0.108191	10
0.108198	11
0.108242	12
0.108283	13
0.108328	14
0.108376	15
0.108427	16
0.108483	17
0.108541	18
0.108604	19
0.108664	5
0.108671	6
0.108672	7
0.108674	8
0.108675	9
0.108676	10
0.108692	7
0.108723	8
0.108725	9
0.108726	10
0.108733	11
0.108777	12
0.108818	13
0.108862	14
0.10891	15
0.108962	16
0.109017	17
0.109076	18
0.109139	19
0.109199	5
0.109206	6
0.109207	7
0.109209	8
0.10921	9
0.109211	10
0.109227	7
0.109258	8
0.109259	9
0.109261	10
0.109268	11
0.109312	12
0.109353	13
0.109397	14
0.109445	15
0.109497	16
0.109552	17
0.109611	18
0.109674	19
0.109734	5
0.109741	6
0.109742	7
0.109743	8
0.109745	9
0.109746	10
0.109762	7
0.109793	8
0.109794	9
0.109796	10
0.109803	11
0.109846	12
0.109888	13
0.109932	14
0.10998	15
0.110032	16
0.110087	17
0.110146	18
0.110209	19
0.110269	5
0.110276	6
0.110277	7
0.110278	8
0.11028	9
0.110281	10
0.110296	7
0.110328	8
0.110329	9
0.11033	10
0.110338	11
0.110381	12
0.110423	13
0.110467	14
0.110515	15
0.110567	16
0.110622	17
0.110681	18
0.110744	19
0.110804	5
0.110811	6
0.110812	7
0.110813	8
0.110814	9
0.110816	10
0.110831	7
0.110863	8
0.110864	9
0.110865	10
0.110873	11
0.110916	12
0.110958	13
0.111002	14
0.11105	15
0.111102	16
0.111157	17
0.111216	18
0.111278	19
0.111339	5
0.111346	6
0.111347	7
0.111348	8
0.111349	9
0.111351	10
0.111366	7
0.111398	8
0.111399	9
0.1114	10
0.111407	11
0.111451	12
0.111492	13
0.111537	14
0.111585	15
0.111637	16
0.111692	17
0.111751	18
0.111813	19
0.111873	5
0.111881	6
0.111882	7
0.111883	8
0.111884	9
0.111885	10
0.111901	7
0.111933	8
0.111934	9
0.111935	10
0.111942	11
0.111986	12
0.112027	13
0.112072	14
0.11212	15
0.112172	16
0.112227	17
0.112286	18
0.112348	19
0.112408	5
0.112416	6
0.112417	7
0.112418	8
0.112419	9
0.11242	10
0.112436	7
0.112468	8
0.112469	9
0.11247	10
0.112477	11
0.112521	12
0.112562	13
0.112607	14
0.112655	15
0.112706	16
0.112762	17
0.112821	18
0.112883	19
0.112943	5
0.11295	6
0.112952	7
0.112953	8
0.112954	9
0.112955	10
0.112971	7
0.113003	8
0.113004	9
0.113005	10
0.113012	11
0.113056	12
0.113097	13
0.113142	14
0.11319	15
0.113241	16
0.113297	17
0.113356	18
0.113418	19
0.113478	5
0.113485	6
0.113487	7
0.113488	8
0.113489	9
0.11349	10
0.113506	7
0.113537	8
0.113539	9
0.11354	10
0.113547	11
0.113591	12
0.113632	13
0.113676	14
0.113725	15
0.113776	16
0.113832	17
0.11389	18
0.113953	19
0.114013	5
0.11402	6
0.114021	7
0.114023	8
0.114024	9
0.114025	10
0.114041	7
0.114072	8
0.114074	9
0.114075	10
0.114082	11
0.114126	12
0.114167	13
0.114211	14
0.114259	15
0.114311	16
0.114366	17
0.114425	18
0.114488	19
0.114548	5
0.114555	6
0.114556	7
0.114558	8
0.114559	9
0.11456	10
0.114576	7
0.114607	8
0.114608	9
0.11461	10
0.114617	11
0.114661	12
0.114702	13
0.114746	14
0.114794	15
0.114846	16
0.114901	17
0.11496	18
0.115023	19
0.115083	5
0.11509	6
0.115091	7
0.115092	8
0.115094	9
0.115095	10
0.11511	7
0.115142	8
0.115143	9
0.115145	10
0.115152	11
0.115195	12
0.115237	13
0.115281	14
0.115329	15
0.115381	16
0.115436	17
0.115495	18
0.115558	19
0.115618	5
0.115625	6
0.115626	7
0.115627	8
0.115629	9
0.11563	10
0.115645	7
0.115677	8
0.115678	9
0.115679	10
0.115687	11
0.11573	12
0.115772	13
0.115816	14
0.115864	15
0.115916	16
0.115971	17
0.11603	18
0.116092	19
0.116153	5
0.11616	6
0.116161	7
0.116162	8
0.116163	9
0.116165	10
0.11618	7
0.116212	8
0.116213	9
0.116214	10
0.116222	11
0.116265	12
0.116306	13
0.116351	14
0.116399	15
0.116451	16
0.116506	17
0.116565	18
0.116627	19
0.116687	5
0.116695	6
0.116696	7
0.116697	8
0.116698	9
0.1167	10
0.116715	7
0.116747	8
0.116748	9
0.116749	10
0.116756	11
0.1168	12
0.116841	13
0.116886	14
0.116934	15
0.116986	16
0.117041	17
0.1171	18
0.117162	19
0.117222	5
0.11723	6
0.117231	7
0.117232	8
0.117233	9
0.117234	10
0.11725	7
0.117282	8
0.117283	9
0.117284	10
0.117291	11
0.117335	12
0.117376	13
0.117421	14
0.117469	15
0.11752	16
0.117576	17
0.117635	18
0.117697	19
0.117757	5
0.117764	6
0.117766	7
0.117767	8
0.117768	9
0.117769	10
0.117785	7
0.117817	8
0.117818	9
0.117819	10
0.117826	11
0.11787	12
0.117911	13
0.117956	14
0.118004	15
0.118055	16
0.118111	17
0.11817	18
0.118232	19
0.118292	5
0.118299	6
0.118301	7
0.118302	8
0.118303	9
0.118304	10
0.11832	7
0.118351	8
0.118353	9
0.118354	10
0.118361	11
0.118405	12
0.118446	13
0.118491	14
0.118539	15
0.11859	16
0.118646	17
0.118704	18
0.118767	19
0.118827	5
0.118834	6
0.118835	7
0.118837	8
0.118838	9
0.118839	10
0.118855	7
0.118886	8
0.118888	9
0.118889	10
0.118896	11
0.11894	12
0.118981	13
0.119025	14
0.119073	15
0.119125	16
0.11918	17
0.119239	18
0.119302	19
0.119362	5
0.119369	6
0.11937	7
0.119372	8
0.119373	9
0.119374	10
0.11939	7
0.119421	8
0.119422	9
0.119424	10
0.119431	11
0.119475	12
0.119516	13
0.11956	14
0.119608	15
0.11966	16
0.119715	17
0.119774	18
0.119837	19
0.119897	5
0.119904	6
0.119905	7
0.119906	8
0.119908	9
0.119909	10
0.119924	7
0.119956	8
0.119957	9
0.119959	10
0.119966	11
0.120009	12
0.120051	13
0.120095	14
0.120143	15
0.120195	16
0.12025	17
0.120309	18
0.120372	19
0.120432	5
0.120439	6
0.12044	7
0.120441	8
0.120443	9
0.120444	10
0.120459	7
0.120491	8
0.120492	9
0.120493	10
0.120501	11
0.120544	12
0.120586	13
0.12063	14
0.120678	15
0.12073	16
0.120785	17
0.120844	18
0.120907	19
0.120967	5
0.120974	6
0.120975	7
0.120976	8
0.120977	9
0.120979	10
0.120994	7
0.121026	8
0.121027	9
0.121028	10
0.121036	11
0.121079	12
0.121121	13
0.121165	14
0.121213	15
0.121265	16
0.12132	17
0.121379	18
0.121441	19
0.121502	5
0.121509	6
0.12151	7
0.121511	8
0.121512	9
0.121514	10
0.121529	7
0.121561	8
0.121562	9
0.121563	10
0.12157	11
0.121614	12
0.121655	13
0.1217	14
0.121748	15
0.1218	16
0.121855	17
0.121914	18
0.121976	19
0.122036	5
0.122044	6
0.122045	7
0.122046	8
0.122047	9
0.122048	10
0.122064	7
0.122096	8
0.122097	9
0.122098	10
0.122105	11
0.122149	12
0.12219	13
0.122235	14
0.122283	15
0.122335	16
0.12239	17
0.122449	18
0.122511	19
0.122571	5
0.122579	6
0.12258	7
0.122581	8
0.122582	9
0.122583	10
0.122599	7
0.122631	8
0.122632	9
0.122633	10
0.12264	11
0.122684	12
0.122725	13
0.12277	14
0.122818	15
0.122869	16
0.122925	17
0.122984	18
0.123046	19
0.123106	5
0.123113	6
0.123115	7
0.123116	8
0.123117	9
0.123118	10
0.123134	7
0.123166	8
0.123167	9
0.123168	10
0.123175	11
0.123219	12
0.12326	13
0.123305	14
0.123353	15
0.123404	16
0.12346	17
0.123519	18
0.123581	19
0.123641	5
0.123648	6
0.12365	7
0.123651	8
0.123652	9
0.123653	10
0.123669	7
0.1237	8
0.123702	9
0.123703	10
0.12371	11
0.123754	12
0.123795	13
0.123839	14
0.123888	15
0.123939	16
0.123995	17
0.124053	18
0.124116	19
0.124176	5
0.124183	6
0.124184	7
0.124186	8
0.124187	9
0.124188	10
0.124204	7
0.124235	8
0.124237	9
0.124238	10
0.124245	11
0.124289	12
0.12433	13
0.124374	14
0.124422	15
0.124474	16
0.124529	17
0.124588	18
0.124651	19
0.124711	5
0.124718	6
0.124719	7
0.124721	8
0.124722	9
0.124723	10
0.124739	7
0.12477	8
0.124771	9
0.124773	10
0.12478	11
0.124823	12
0.124865	13
0.124909	14
0.124957	15
0.125009	16
0.125064	17
0.125123	18
0.125186	19
0.125246	5
0.125253	6
0.125254	7
0.125255	8
0.125257	9
0.125258	10
0.125273	7
0.125305	8
0.125306	9
0.125307	10
0.125315	11
0.125358	12
0.1254	13
0.125444	14
0.125492	15
0.125544	16
0.125599	17
0.125658	18
0.125721	19
0.125781	5
0.125788	6
0.125789	7
0.12579	8
0.125792	9
0.125793	10
0.125808	7
0.12584	8
0.125841	9
0.125842	10
0.12585	11
0.125893	12
0.125935	13
0.125979	14
0.126027	15
0.126079	16
0.126134	17
0.126193	18
0.126255	19
0.126316	5
0.126323	6
0.126324	7
0.126325	8
0.126326	9
0.126328	10
0.126343	7
0.126375	8
0.126376	9
0.126377	10
0.126384	11
0.126428	12
0.126469	13
0.126514	14
0.126562	15
0.126614	16
0.126669	17
0.126728	18
0.12679	19
0.12685	5
0.126858	6
0.126859	7
0.12686	8
0.126861	9
0.126862	10
0.126878	7
0.12691	8
0.126911	9
0.126912	10
0.126919	11
0.126963	12
0.127004	13
0.127049	14
0.127097	15
0.127149	16
0.127204	17
0.127263	18
0.127325	19
0.127385	5
0.127393	6
0.127394	7
0.127395	8
0.127396	9
0.127397	10
0.127413	7
0.127445	8
0.127446	9
0.127447	10
0.127454	11
0.127498	12
0.127539	13
0.127584	14
0.127632	15
0.127683	16
0.127739	17
0.127798	18
0.12786	19
0.12792	5
0.127927	6
0.127929	7
0.12793	8
0.127931	9
0.127932	10
0.127948	7
0.12798	8
0.127981	9
0.127982	10
0.127989	11
0.128033	12
0.128074	13
0.128119	14
0.128167	15
0.128218	16
0.128274	17
0.128333	18
0.128395	19
0.128455	5
0.128462	6
0.128464	7
0.128465	8
0.128466	9
0.128467	10
0.128483	7
0.128514	8
0.128516	9
0.128517	10
0.128524	11
0.128568	12
0.128609	13
0.128653	14
0.128702	15
0.128753	16
0.128809	17
0.128867	18
0.12893	19
0.12899	5
0.128997	6
0.128998	7
0.129	8
0.129001	9
0.129002	10
0.129018	7
0.129049	8
0.129051	9
0.129052	10
0.129059	11
0.129103	12
0.129144	13
0.129188	14
0.129236	15
0.129288	16
0.129343	17
0.129402	18
0.129465	19
0.129525	5
0.129532	6
0.129533	7
0.129535	8
0.129536	9
0.129537	10
0.129553	7
0.129584	8
0.129585	9
0.129587	10
0.129594	11
0.129638	12
0.129679	13
0.129723	14
0.129771	15
0.129823	16
0.129878	17
0.129937	18
0.13	19
0.13006	5
0.130067	6
0.130068	7
0.130069	8
0.130071	9
0.130072	10
0.130087	7
0.130119	8
0.13012	9
0.130122	10
0.130129	11
0.130172	12
0.130214	13
0.130258	14
0.130306	15
0.130358	16
0.130413	17
0.130472	18
0.130535	19
0.130595	5
0.130602	6
0.130603	7
0.130604	8
0.130606	9
0.130607	10
0.130622	7
0.130654	8
0.130655	9
0.130656	10
0.130664	11
0.130707	12
0.130749	13
0.130793	14
0.130841	15
0.130893	16
0.130948	17
0.131007	18
0.13107	19
0.13113	5
0.131137	6
0.131138	7
0.131139	8
0.13114	9
0.131142	10
0.131157	7
0.131189	8
0.13119	9
0.131191	10
0.131199	11
0.131242	12
0.131283	13
0.131328	14
0.131376	15
0.131428	16
0.131483	17
0.131542	18
0.131604	19
0.131665	5
0.131672	6
0.131673	7
0.131674	8
0.131675	9
0.131677	10
0.131692	7
0.131724	8
0.131725	9
0.131726	10
0.131733	11
0.131777	12
0.131818	13
0.131863	14
0.131911	15
0.131963	16
0.132018	17
0.132077	18
0.132139	19
0.132199	5
0.132207	6
0.132208	7
0.132209	8
0.13221	9
0.132211	10
0.132227	7
0.132259	8
0.13226	9
0.132261	10
0.132268	11
0.132312	12
0.132353	13
0.132398	14
0.132446	15
0.132498	16
0.132553	17
0.132612	18
0.132674	19
0.132734	5
0.132742	6
0.132743	7
0.132744	8
0.132745	9
0.132746	10
0.132762	7
0.132794	8
0.132795	9
0.132796	10
0.132803	11
0.132847	12
0.132888	13
0.132933	14
0.132981	15
0.133032	16
0.133088	17
0.133147	18
0.133209	19
0.133269	5
0.133276	6
0.133278	7
0.133279	8
0.13328	9
0.133281	10
0.133297	7
0.133329	8
0.13333	9
0.133331	10
0.133338	11
0.133382	12
0.133423	13
0.133468	14
0.133516	15
0.133567	16
0.133623	17
0.133681	18
0.133744	19
0.133804	5
0.133811	6
0.133813	7
0.133814	8
0.133815	9
0.133816	10
0.133832	7
0.133863	8
0.133865	9
0.133866	10
0.133873	11
0.133917	12
0.133958	13
0.134002	14
0.134051	15
0.134102	16
0.134157	17
0.134216	18
0.134279	19
0.134339	5
0.134346	6
0.134347	7
0.134349	8
0.13435	9
0.134351	10
0.134367	7
0.134398	8
0.134399	9
0.134401	10
0.134408	11
0.134452	12
0.134493	13
0.134537	14
0.134585	15
0.134637	16
0.134692	17
0.134751	18
0.134814	19
0.134874	5
0.134881	6
0.134882	7
0.134884	8
0.134885	9
0.134886	10
0.134902	7
0.134933	8
0.134934	9
0.134936	10
0.134943	11
0.134986	12
0.135028	13
0.135072	14
0.13512	15
0.135172	16
0.135227	17
0.135286	18
0.135349	19
0.135409	5
0.135416	6
0.135417	7
0.135418	8
0.13542	9
0.135421	10
0.135436	7
0.135468	8
0.135469	9
0.13547	10
0.135478	11
0.135521	12
0.135563	13
0.135607	14
0.135655	15
0.135707	16
0.135762	17
0.135821	18
0.135884	19
0.135944	5
0.135951	6
0.135952	7
0.135953	8
0.135954	9
0.135956	10
0.135971	7
0.136003	8
0.136004	9
0.136005	10
0.136013	11
0.136056	12
0.136098	13
0.136142	14
0.13619	15
0.136242	16
0.136297	17
0.136356	18
0.136418	19
0.136479	5
0.136486	6
0.136487	7
0.136488	8
0.136489	9
0.136491	10
0.136506	7
0.136538	8
0.136539	9
0.13654	10
0.136547	11
0.136591	12
0.136632	13
0.136677	14
0.136725	15
0.136777	16
0.136832	17
0.136891	18
0.136953	19
0.137013	5
0.137021	6
0.137022	7
0.137023	8
0.137024	9
0.137025	10
0.137041	7
0.137073	8
0.137074	9
0.137075	10
0.137082	11
0.137126	12
0.137167	13
0.137212	14
0.13726	15
0.137312	16
0.137367	17
0.137426	18
0.137488	19
0.137548	5
0.137556	6
0.137557	7
0.137558	8
0.137559	9
0.13756	10
0.137576	7
0.137608	8
0.137609	9
0.13761	10
0.137617	11
0.137661	12
0.137702	13
0.137747	14
0.137795	15
0.137846	16
0.137902	17
0.137961	18
0.138023	19
0.138083	5
0.13809	6
0.138092	7
0.138093	8
0.138094	9
0.138095	10
0.138111	7
0.138143	8
0.138144	9
0.138145	10
0.138152	11
0.138196	12
0.138237	13
0.138282	14
0.13833	15
0.138381	16
0.138437	17
0.138496	18
0.138558	19
0.138618	5
0.138625	6
0.138627	7
0.138628	8
0.138629	9
0.13863	10
0.138646	7
0.138677	8
0.138679	9
0.13868	10
0.138687	11
0.138731	12
0.138772	13
0.138816	14
0.138865	15
0.138916	16
0.138972	17
0.13903	18
0.139093	19
0.139153	5
0.13916	6
0.139161	7
0.139163	8
0.139164	9
0.139165	10
0.139181	7
0.139212	8
0.139214	9
0.139215	10
0.139222	11
0.139266	12
0.139307	13
0.139351	14
0.139399	15
0.139451	16
0.139506	17
0.139565	18
0.139628	19
0.139688	5
0.139695	6
0.139696	7
0.139698	8
0.139699	9
0.1397	10
0.139716	7
0.139747	8
0.139748	9
0.13975	10
0.139757	11
0.139801	12
0.139842	13
0.139886	14
0.139934	15
0.139986	16
0.140041	17
0.1401	18
0.140163	19
0.140223	5
0.14023	6
0.140231	7
0.140232	8
0.140234	9
0.140235	10
0.14025	7
0.140282	8
0.140283	9
0.140285	10
0.140292	11
0.140335	12
0.140377	13
0.140421	14
0.140469	15
0.140521	16
0.140576	17
0.140635	18
0.140698	19
0.140758	5
0.140765	6
0.140766	7
0.140767	8
0.140769	9
0.14077	10
0.140785	7
0.140817	8
0.140818	9
0.140819	10
0.140827	11
0.14087	12
0.140912	13
0.140956	14
0.141004	15
0.141056	16
0.141111	17
0.14117	18
0.141233	19
0.141293	5
0.1413	6
0.141301	7
0.141302	8
0.141303	9
0.141305	10
0.14132	7
0.141352	8
0.141353	9
0.141354	10
0.141362	11
0.141405	12
0.141446	13
0.141491	14
0.141539	15
0.141591	16
0.141646	17
0.141705	18
0.141767	19
0.141828	5
0.141835	6
0.141836	7
0.141837	8
0.141838	9
0.14184	10
0.141855	7
0.141887	8
0.141888	9
0.141889	10
0.141896	11
0.14194	12
0.141981	13
0.142026	14
0.142074	15
0.142126	16
0.142181	17
0.14224	18
0.142302	19
0.142362	5
0.14237	6
0.142371	7
0.142372	8
0.142373	9
0.142374	10
0.14239	7
0.142422	8
0.142423	9
0.142424	10
0.142431	11
0.142475	12
0.142516	13
0.142561	14
0.142609	15
0.142661	16
0.142716	17
0.142775	18
0.142837	19
0.142897	5
0.142905	6
0.142906	7
0.142907	8
0.142908	9
0.142909	10
0.142925	7
0.142957	8
0.142958	9
0.142959	10
0.142966	11
0.14301	12
0.143051	13
0.143096	14
0.143144	15
0.143195	16
0.143251	17
0.14331	18
0.143372	19
0.143432	5
0.143439	6
0.143441	7
0.143442	8
0.143443	9
0.143444	10
0.14346	7
0.143491	8
0.143493	9
0.143494	10
0.143501	11
0.143545	12
0.143586	13
0.143631	14
0.143679	15
0.14373	16
0.143786	17
0.143844	18
0.143907	19
0.143967	5
0.143974	6
0.143975	7
0.143977	8
0.143978	9
0.143979	10
0.143995	7
0.144026	8
0.144028	9
0.144029	10
0.144036	11
0.14408	12
0.144121	13
0.144165	14
0.144213	15
0.144265	16
0.14432	17
0.144379	18
0.144442	19
0.144502	5
0.144509	6
0.14451	7
0.144512	8
0.144513	9
0.144514	10
0.14453	7
0.144561	8
0.144562	9
0.144564	10
0.144571	11
0.144615	12
0.144656	13
0.1447	14
0.144748	15
0.1448	16
0.144855	17
0.144914	18
0.144977	19
0.145037	5
0.145044	6
0.145045	7
0.145046	8
0.145048	9
0.145049	10
0.145065	7
0.145096	8
0.145097	9
0.145099	10
0.145106	11
0.145149	12
0.145191	13
0.145235	14
0.145283	15
0.145335	16
0.14539	17
0.145449	18
0.145512	19
0.145572	5
0.145579	6
0.14558	7
0.145581	8
0.145583	9
0.145584	10
0.145599	7
0.145631	8
0.145632	9
0.145633	10
0.145641	11
0.145684	12
0.145726	13
0.14577	14
0.145818	15
0.14587	16
0.145925	17
0.145984	18
0.146047	19
0.146107	5
0.146114	6
0.146115	7
0.146116	8
0.146117	9
0.146119	10
0.146134	7
0.146166	8
0.146167	9
0.146168	10
0.146176	11
0.146219	12
0.146261	13
0.146305	14
0.146353	15
0.146405	16
0.14646	17
0.146519	18
0.146581	19
0.146642	5
0.146649	6
0.14665	7
0.146651	8
0.146652	9
0.146654	10
0.146669	7
0.146701	8
0.146702	9
0.146703	10
0.14671	11
0.146754	12
0.146795	13
0.14684	14
0.146888	15
0.14694	16
0.146995	17
0.147054	18
0.147116	19
0.147176	5
0.147184	6
0.147185	7
0.147186	8
0.147187	9
0.147188	10
0.147204	7
0.147236	8
0.147237	9
0.147238	10
0.147245	11
0.147289	12
0.14733	13
0.147375	14
0.147423	15
0.147475	16
0.14753	17
0.147589	18
0.147651	19
0.147711	5
0.147719	6
0.14772	7
0.147721	8
0.147722	9
0.147723	10
0.147739	7
0.147771	8
0.147772	9
0.147773	10
0.14778	11
0.147824	12
0.147865	13
0.14791	14
0.147958	15
0.148009	16
0.148065	17
0.148124	18
0.148186	19
0.148246	5
0.148253	6
0.148255	7
0.148256	8
0.148257	9
0.148258	10
0.148274	7
0.148306	8
0.148307	9
0.148308	10
0.148315	11
0.148359	12
0.1484	13
0.148445	14
0.148493	15
0.148544	16
0.1486	17
0.148659	18
0.148721	19
0.148781	5
0.148788	6
0.14879	7
0.148791	8
0.148792	9
0.148793	10
0.148809	7
0.14884	8
0.148842	9
0.148843	10
0.14885	11
0.148894	12
0.148935	13
0.148979	14
0.149028	15
0.149079	16
0.149135	17
0.149193	18
0.149256	19
0.149316	5
0.149323	6
0.149324	7
0.149326	8
0.149327	9
0.149328	10
0.149344	7
0.149375	8
0.149377	9
0.149378	10
0.149385	11
0.149429	12
0.14947	13
0.149514	14
0.149562	15
0.149614	16
0.149669	17
0.149728	18
0.149791	19
0.149851	5
0.149858	6
0.149859	7
0.149861	8
0.149862	9
0.149863	10
0.149879	7
0.14991	8
0.149911	9
0.149913	10
0.14992	11
0.149964	12
0.150005	13
0.150049	14
0.150097	15
0.150149	16
0.150204	17
0.150263	18
0.150326	19
0.150386	5
0.150393	6
0.150394	7
0.150395	8
0.150397	9
0.150398	10
0.150413	7
0.150445	8
0.150446	9
0.150448	10
0.150455	11
0.150498	12
0.15054	13
0.150584	14
0.150632	15
0.150684	16
0.150739	17
0.150798	18
0.150861	19
0.150921	5
0.150928	6
0.150929	7
0.15093	8
0.150932	9
0.150933	10
0.150948	7
0.15098	8
0.150981	9
0.150982	10
0.15099	11
0.151033	12
0.151075	13
0.151119	14
0.151167	15
0.151219	16
0.151274	17
0.151333	18
0.151395	19
0.151456	5
0.151463	6
0.151464	7
0.151465	8
0.151466	9
0.151468	10
0.151483	7
0.151515	8
0.151516	9
0.151517	10
0.151525	11
0.151568	12
0.151609	13
0.151654	14
0.151702	15
0.151754	16
0.151809	17
0.151868	18
0.15193	19
0.15199	5
0.151998	6
0.151999	7
0.152	8
0.152001	9
0.152003	10
0.152018	7
0.15205	8
0.152051	9
0.152052	10
0.152059	11
0.152103	12
0.152144	13
0.152189	14
0.152237	15
0.152289	16
0.152344	17
0.152403	18
0.152465	19
0.152525	5
0.152533	6
0.152534	7
0.152535	8
0.152536	9
0.152537	10
0.152553	7
0.152585	8
0.152586	9
0.152587	10
0.152594	11
0.152638	12
0.152679	13
0.152724	14
0.152772	15
0.152823	16
0.152879	17
0.152938	18
0.153	19
0.15306	5
0.153067	6
0.153069	7
0.15307	8
0.153071	9
0.153072	10
0.153088	7
0.15312	8
0.153121	9
0.153122	10
0.153129	11
0.153173	12
0.153214	13
0.153259	14
0.153307	15
0.153358	16
0.153414	17
0.153473	18
0.153535	19
0.153595	5
0.153602	6
0.153604	7
0.153605	8
0.153606	9
0.153607	10
0.153623	7
0.153654	8
0.153656	9
0.153657	10
0.153664	11
0.153708	12
0.153749	13
0.153794	14
0.153842	15
0.153893	16
0.153949	17
0.154007	18
0.15407	19
0.15413	5
0.154137	6
0.154138	7
0.15414	8
0.154141	9
0.154142	10
0.154158	7
0.154189	8
0.154191	9
0.154192	10
0.154199	11
0.154243	12
0.154284	13
0.154328	14
0.154376	15
0.154428	16
0.154483	17
0.154542	18
0.154605	19
0.154665	5
0.154672	6
0.154673	7
0.154675	8
0.154676	9
0.154677	10
0.154693	7
0.154724	8
0.154725	9
0.154727	10
0.154734	11
0.154778	12
0.154819	13
0.154863	14
0.154911	15
0.154963	16
0.155018	17
0.155077	18
0.15514	19
0.1552	5
0.155207	6
0.155208	7
0.155209	8
0.155211	9
0.155212	10
0.155228	7
0.155259	8
0.15526	9
0.155262	10
0.155269	11
0.155312	12
0.155354	13
0.155398	14
0.155446	15
0.155498	16
0.155553	17
0.155612	18
0.155675	19
0.155735	5
0.155742	6
0.155743	7
0.155744	8
0.155746	9
0.155747	10
0.155762	7
0.155794	8
0.155795	9
0.155796	10
0.155804	11
0.155847	12
0.155889	13
0.155933	14
0.155981	15
0.156033	16
0.156088	17
0.156147	18
0.15621	19
0.15627	5
0.156277	6
0.156278	7
0.156279	8
0.15628	9
0.156282	10
0.156297	7
0.156329	8
0.15633	9
0.156331	10
0.156339	11
0.156382	12
0.156424	13
0.156468	14
0.156516	15
0.156568	16
0.156623	17
0.156682	18
0.156744	19
0.156805	5
0.156812	6
0.156813	7
0.156814	8
0.156815	9
0.156817	10
0.156832	7
0.156864	8
0.156865	9
0.156866	10
0.156873	11
0.156917	12
0.156958	13
0.157003	14
0.157051	15
0.157103	16
0.157158	17
0.157217	18
0.157279	19
0.157339	5
0.157347	6
0.157348	7
0.157349	8
0.15735	9
0.157351	10
0.157367	7
0.157399	8
0.1574	9
0.157401	10
0.157408	11
0.157452	12
0.157493	13
0.157538	14
0.157586	15
0.157638	16
0.157693	17
0.157752	18
0.157814	19
0.157874	5
0.157882	6
0.157883	7
0.157884	8
0.157885	9
0.157886	10
0.157902	7
0.157934	8
0.157935	9
0.157936	10
0.157943	11
0.157987	12
0.158028	13
0.158073	14
0.158121	15
0.158172	16
0.158228	17
0.158287	18
0.158349	19
0.158409	5
0.158416	6
0.158418	7
0.158419	8
0.15842	9
0.158421	10
0.158437	7
0.158469	8
0.15847	9
0.158471	10
0.158478	11
0.158522	12
0.158563	13
0.158608	14
0.158656	15
0.158707	16
0.158763	17
0.158822	18
0.158884	19
0.158944	5
0.158951	6
0.158953	7
0.158954	8
0.158955	9
0.158956	10
0.158972	7
0.159003	8
0.159005	9
0.159006	10
0.159013	11
0.159057	12
0.159098	13
0.159142	14
0.159191	15
0.159242	16
0.159298	17
0.159356	18
0.159419	19
0.159479	5
0.159486	6
0.159487	7
0.159489	8
0.15949	9
0.159491	10
0.159507	7
0.159538	8
0.15954	9
0.159541	10
0.159548	11
0.159592	12
0.159633	13
0.159677	14
0.159725	15
0.159777	16
0.159832	17
0.159891	18
0.159954	19
0.160014	5
0.160021	6
0.160022	7
0.160024	8
0.160025	9
0.160026	10
0.160042	7
0.160073	8
0.160074	9
0.160076	10
0.160083	11
0.160126	12
0.160168	13
0.160212	14
0.16026	15
0.160312	16
0.160367	17
0.160426	18
0.160489	19
0.160549	5
0.160556	6
0.160557	7
0.160558	8
0.16056	9
0.160561	10
0.160576	7
0.160608	8
0.160609	9
0.160611	10
0.160618	11
0.160661	12
0.160703	13
0.160747	14
0.160795	15
0.160847	16
0.160902	17
0.160961	18
0.161024	19
0.161084	5
0.161091	6
0.161092	7
0.161093	8
0.161095	9
0.161096	10
0.161111	7
0.161143	8
0.161144	9
0.161145	10
0.161153	11
0.161196	12
0.161238	13
0.161282	14
0.16133	15
0.161382	16
0.161437	17
0.161496	18
0.161558	19
0.161619	5
0.161626	6
0.161627	7
0.161628	8
0.161629	9
0.161631	10
0.161646	7
0.161678	8
0.161679	9
0.16168	10
0.161688	11
0.161731	12
0.161772	13
0.161817	14
0.161865	15
0.161917	16
0.161972	17
0.162031	18
0.162093	19
0.162153	5
0.162161	6
0.162162	7
0.162163	8
0.162164	9
0.162165	10
0.162181	7
0.162213	8
0.162214	9
0.162215	10
0.162222	11
0.162266	12
0.162307	13
0.162352	14
0.1624	15
0.162452	16
0.162507	17
0.162566	18
0.162628	19
0.162688	5
0.162696	6
0.162697	7
0.162698	8
0.162699	9
0.1627	10
0.162716	7
0.162748	8
0.162749	9
0.16275	10
0.162757	11
0.162801	12
0.162842	13
0.162887	14
0.162935	15
0.162986	16
0.163042	17
0.163101	18
0.163163	19
0.163223	5
0.16323	6
0.163232	7
0.163233	8
0.163234	9
0.163235	10
0.163251	7
0.163283	8
0.163284	9
0.163285	10
0.163292	11
0.163336	12
0.163377	13
0.163422	14
0.16347	15
0.163521	16
0.163577	17
0.163636	18
0.163698	19
0.163758	5
0.163765	6
0.163767	7
0.163768	8
0.163769	9
0.16377	10
0.163786	7
0.163817	8
0.163819	9
0.16382	10
0.163827	11
0.163871	12
0.163912	13
0.163956	14
0.164005	15
0.164056	16
0.164112	17
0.16417	18
0.164233	19
0.164293	5
0.1643	6
0.164301	7
0.164303	8
0.164304	9
0.164305	10
0.164321	7
0.164352	8
0.164354	9
0.164355	10
0.164362	11
0.164406	12
0.164447	13
0.164491	14
0.164539	15
0.164591	16
0.164646	17
0.164705	18
0.164768	19
0.164828	5
0.164835	6
0.164836	7
0.164838	8
0.164839	9
0.16484	10
0.164856	7
0.164887	8
0.164888	9
0.16489	10
0.164897	11
0.164941	12
0.164982	13
0.165026	14
0.165074	15
0.165126	16
0.165181	17
0.16524	18
0.165303	19
0.165363	5
0.16537	6
0.165371	7
0.165372	8
0.165374	9
0.165375	10
0.16539	7
0.165422	8
0.165423	9
0.165425	10
0.165432	11
0.165475	12
0.165517	13
0.165561	14
0.165609	15
0.165661	16
0.165716	17
0.165775	18
0.165838	19
0.165898	5
0.165905	6
0.165906	7
0.165907	8
0.165909	9
0.16591	10
0.165925	7
0.165957	8
0.165958	9
0.165959	10
0.165967	11
0.16601	12
0.166052	13
0.166096	14
0.166144	15
0.166196	16
0.166251	17
0.16631	18
0.166373	19
0.166433	5
0.16644	6
0.166441	7
0.166442	8
0.166443	9
0.166445	10
0.16646	7
0.166492	8
0.166493	9
0.166494	10
0.166502	11
0.166545	12
0.166586	13
0.166631	14
0.166679	15
0.166731	16
0.166786	17
0.166845	18
0.166907	19
0.166968	5
0.166975	6
0.166976	7
0.166977	8
0.166978	9
0.16698	10
0.166995	7
0.167027	8
0.167028	9
0.167029	10
0.167036	11
0.16708	12
0.167121	13
0.167166	14
0.167214	15
0.167266	16
0.167321	17
0.16738	18
0.167442	19
0.167502	5
0.16751	6
0.167511	7
0.167512	8
0.167513	9
0.167514	10
0.16753	7
0.167562	8
0.167563	9
0.167564	10
0.167571	11
0.167615	12
0.167656	13
0.167701	14
0.167749	15
0.167801	16
0.167856	17
0.167915	18
0.167977	19
0.168037	5
0.168045	6
0.168046	7
0.168047	8
0.168048	9
0.168049	10
0.168065	7
0.168097	8
0.168098	9
0.168099	10
0.168106	11
0.16815	12
0.168191	13
0.168236	14
0.168284	15
0.168335	16
0.168391	17
0.16845	18
0.168512	19
0.168572	5
0.168579	6
0.168581	7
0.168582	8
0.168583	9
0.168584	10
0.1686	7
0.168632	8
0.168633	9
0.168634	10
0.168641	11
0.168685	12
0.168726	13
0.168771	14
0.168819	15
0.16887	16
0.168926	17
0.168984	18
0.169047	19
0.169107	5
0.169114	6
0.169116	7
0.169117	8
0.169118	9
0.169119	10
0.169135	7
0.169166	8
0.169168	9
0.169169	10
0.169176	11
0.16922	12
0.169261	13
0.169305	14
0.169354	15
0.169405	16
0.16946	17
0.169519	18
0.169582	19
0.169642	5
0.169649	6
0.16965	7
0.169652	8
0.169653	9
0.169654	10
0.16967	7
0.169701	8
0.169702	9
0.169704	10
0.169711	11
0.169755	12
0.169796	13
0.16984	14
0.169888	15
0.16994	16
0.169995	17
0.170054	18
0.170117	19
0.170177	5
0.170184	6
0.170185	7
0.170187	8
0.170188	9
0.170189	10
0.170205	7
0.170236	8
0.170237	9
0.170239	10
0.170246	11
0.170289	12
0.170331	13
0.170375	14
0.170423	15
0.170475	16
0.17053	17
0.170589	18
0.170652	19
0.170712	5
0.170719	6
0.17072	7
0.170721	8
0.170723	9
0.170724	10
0.170739	7
0.170771	8
0.170772	9
0.170773	10
0.170781	11
0.170824	12
0.170866	13
0.17091	14
0.170958	15
0.17101	16
0.171065	17
0.171124	18
0.171187	19
0.171247	5
0.171254	6
0.171255	7
0.171256	8
0.171257	9
0.171259	10
0.171274	7
0.171306	8
0.171307	9
0.171308	10
0.171316	11
0.171359	12
0.171401	13
0.171445	14
0.171493	15
0.171545	16
0.1716	17
0.171659	18
0.171721	19
0.171782	5
0.171789	6
0.17179	7
0.171791	8
0.171792	9
0.171794	10
0.171809	7
0.171841	8
0.171842	9
0.171843	10
0.17185	11
0.171894	12
0.171935	13
0.17198	14
0.172028	15
0.17208	16
0.172135	17
0.172194	18
0.172256	19
0.172316	5
0.172324	6
0.172325	7
0.172326	8
0.172327	9
0.172328	10
0.172344	7
0.172376	8
0.172377	9
0.172378	10
0.172385	11
0.172429	12
0.17247	13
0.172515	14
0.172563	15
0.172615	16
0.17267	17
0.172729	18
0.172791	19
0.172851	5
0.172859	6
0.17286	7
0.172861	8
0.172862	9
0.172863	10
0.172879	7
0.172911	8
0.172912	9
0.172913	10
0.17292	11
0.172964	12
0.173005	13
0.17305	14
0.173098	15
0.173149	16
0.173205	17
0.173264	18
0.173326	19
0.173386	5
0.173393	6
0.173395	7
0.173396	8
0.173397	9
0.173398	10
0.173414	7
0.173446	8
0.173447	9
0.173448	10
0.173455	11
0.173499	12
0.17354	13
0.173585	14
0.173633	15
0.173684	16
0.17374	17
0.173799	18
0.173861	19
0.173921	5
0.173928	6
0.17393	7
0.173931	8
0.173932	9
0.173933	10
0.173949	7
0.17398	8
0.173982	9
0.173983	10
0.17399	11
0.174034	12
0.174075	13
0.174119	14
0.174168	15
0.174219	16
0.174275	17
0.174333	18
0.174396	19
0.174456	5
0.174463	6
0.174464	7
0.174466	8
0.174467	9
0.174468	10
0.174484	7
0.174515	8
0.174517	9
0.174518	10
0.174525	11
0.174569	12
0.17461	13
0.174654	14
0.174702	15
0.174754	16
0.174809	17
0.174868	18
0.174931	19
0.174991	5
0.174998	6
0.174999	7
0.175001	8
0.175002	9
0.175003	10
0.175019	7
0.17505	8
0.175051	9
0.175053	10
0.17506	11
0.175104	12
0.175145	13
0.175189	14
0.175237	15
0.175289	16
0.175344	17
0.175403	18
0.175466	19
0.175526	5
0.175533	6
0.175534	7
0.175535	8
0.175537	9
0.175538	10
0.175553	7
0.175585	8
0.175586	9
0.175588	10
0.175595	11
0.175638	12
0.17568	13
0.175724	14
0.175772	15
0.175824	16
0.175879	17
0.175938	18
0.176001	19
0.176061	5
0.176068	6
0.176069	7
0.17607	8
0.176072	9
0.176073	10
0.176088	7
0.17612	8
0.176121	9
0.176122	10
0.17613	11
0.176173	12
0.176215	13
0.176259	14
0.176307	15
0.176359	16
0.176414	17
0.176473	18
0.176536	19
0.176596	5
0.176603	6
0.176604	7
0.176605	8
0.176606	9
0.176608	10
0.176623	7
0.176655	8
0.176656	9
0.176657	10
0.176665	11
0.176708	12
0.176749	13
0.176794	14
0.176842	15
0.176894	16
0.176949	17
0.177008	18
0.17707	19
0.177131	5
0.177138	6
0.177139	7
0.17714	8
0.177141	9
0.177143	10
0.177158	7
0.17719	8
0.177191	9
0.177192	10
0.177199	11
0.177243	12
0.177284	13
0.177329	14
0.177377	15
0.177429	16
0.177484	17
0.177543	18
0.177605	19
0.177665	5
0.177673	6
0.177674	7
0.177675	8
0.177676	9
0.177677	10
0.177693	7
0.177725	8
0.177726	9
0.177727	10
0.177734	11
0.177778	12
0.177819	13
0.177864	14
0.177912	15
0.177964	16
0.178019	17
0.178078	18
0.17814	19
0.1782	5
0.178208	6
0.178209	7
0.17821	8
0.178211	9
0.178212	10
0.178228	7
0.17826	8
0.178261	9
0.178262	10
0.178269	11
0.178313	12
0.178354	13
0.178399	14
0.178447	15
0.178498	16
0.178554	17
0.178613	18
0.178675	19
0.178735	5
0.178742	6
0.178744	7
0.178745	8
0.178746	9
0.178747	10
0.178763	7
0.178794	8
0.178796	9
0.178797	10
0.178804	11
0.178848	12
0.178889	13
0.178934	14
0.178982	15
0.179033	16
0.179089	17
0.179147	18
0.17921	19
0.17927	5
0.179277	6
0.179279	7
0.17928	8
0.179281	9
0.179282	10
0.179298	7
0.179329	8
0.179331	9
0.179332	10
0.179339	11
0.179383	12
0.179424	13
0.179468	14
0.179517	15
0.179568	16
0.179623	17
0.179682	18
0.179745	19
0.179805	5
0.179812	6
0.179813	7
0.179815	8
0.179816	9
0.179817	10
0.179833	7
0.179864	8
0.179865	9
0.179867	10
0.179874	11
0.179918	12
0.179959	13
0.180003	14
0.180051	15
0.180103	16
0.180158	17
0.180217	18
0.18028	19
0.18034	5
0.180347	6
0.180348	7
0.180349	8
0.180351	9
0.180352	10
0.180368	7
0.180399	8
0.1804	9
0.180402	10
0.180409	11
0.180452	12
0.180494	13
0.180538	14
0.180586	15
0.180638	16
0.180693	17
0.180752	18
0.180815	19
0.180875	5
0.180882	6
0.180883	7
0.180884	8
0.180886	9
0.180887	10
0.180902	7
0.180934	8
0.180935	9
0.180936	10
0.180944	11
0.180987	12
0.181029	13
0.181073	14
0.181121	15
0.181173	16
0.181228	17
0.181287	18
0.18135	19
0.18141	5
0.181417	6
0.181418	7
0.181419	8
0.18142	9
0.181422	10
0.181437	7
0.181469	8
0.18147	9
0.181471	10
0.181479	11
0.181522	12
0.181564	13
0.181608	14
0.181656	15
0.181708	16
0.181763	17
0.181822	18
0.181884	19
0.181945	5
0.181952	6
0.181953	7
0.181954	8
0.181955	9
0.181957	10
0.181972	7
0.182004	8
0.182005	9
0.182006	10
0.182013	11
0.182057	12
0.182098	13
0.182143	14
0.182191	15
0.182243	16
0.182298	17
0.182357	18
0.182419	19
0.182479	5
0.182487	6
0.182488	7
0.182489	8
0.18249	9
0.182491	10
0.182507	7
0.182539	8
0.18254	9
0.182541	10
0.182548	11
0.182592	12
0.182633	13
0.182678	14
0.182726	15
0.182778	16
0.182833	17
0.182892	18
0.182954	19
0.183014	5
0.183022	6
0.183023	7
0.183024	8
0.183025	9
0.183026	10
0.183042	7
0.183074	8
0.183075	9
0.183076	10
0.183083	11
0.183127	12
0.183168	13
0.183213	14
0.183261	15
0.183312	16
0.183368	17
0.183427	18
0.183489	19
0.183549	5
0.183556	6
0.183558	7
0.183559	8
0.18356	9
0.183561	10
0.183577	7
0.183609	8
0.18361	9
0.183611	10
0.183618	11
0.183662	12
0.183703	13
0.183748	14
0.183796	15
0.183847	16
0.183903	17
0.183962	18
0.184024	19
0.184084	5
0.184091	6
0.184093	7
0.184094	8
0.184095	9
0.184096	10
0.184112	7
0.184143	8
0.184145	9
0.184146	10
0.184153	11
0.184197	12
0.184238	13
0.184282	14
0.184331	15
0.184382	16
0.184438	17
0.184496	18
0.184559	19
0.184619	5
0.184626	6
0.184627	7
0.184629	8
0.18463	9
0.184631	10
0.184647	7
0.184678	8
0.18468	9
0.184681	10
0.184688	11
0.184732	12
0.184773	13
0.184817	14
0.184865	15
0.184917	16
0.184972	17
0.185031	18
0.185094	19
0.185154	5
0.185161	6
0.185162	7
0.185164	8
0.185165	9
0.185166	10
0.185182	7
0.185213	8
0.185214	9
0.185216	10
0.185223	11
0.185267	12
0.185308	13
0.185352	14
0.1854	15
0.185452	16
0.185507	17
0.185566	18
0.185629	19
0.185689	5
0.185696	6
0.185697	7
0.185698	8
0.1857	9
0.185701	10
0.185716	7
0.185748	8
0.185749	9
0.185751	10
0.185758	11
0.185801	12
0.185843	13
0.185887	14
0.185935	15
0.185987	16
0.186042	17
0.186101	18
0.186164	19
0.186224	5
0.186231	6
0.186232	7
0.186233	8
0.186235	9
0.186236	10
0.186251	7
0.186283	8
0.186284	9
0.186285	10
0.186293	11
0.186336	12
0.186378	13
0.186422	14
0.18647	15
0.186522	16
0.186577	17
0.186636	18
0.186699	19
0.186759	5
0.186766	6
0.186767	7
0.186768	8
0.186769	9
0.186771	10
0.186786	7
0.186818	8
0.186819	9
0.18682	10
0.186828	11
0.186871	12
0.186912	13
0.186957	14
0.187005	15
0.187057	16
0.187112	17
0.187171	18
0.187233	19
0.187293	5
0.187301	6
0.187302	7
0.187303	8
0.187304	9
0.187306	10
0.187321	7
0.187353	8
0.187354	9
0.187355	10
0.187362	11
0.187406	12
0.187447	13
0.187492	14
0.18754	15
0.187592	16
0.187647	17
0.187706	18
0.187768	19
0.187828	5
0.187836	6
0.187837	7
0.187838	8
0.187839	9
0.18784	10
0.187856	7
0.187888	8
0.187889	9
0.18789	10
0.187897	11
0.187941	12
0.187982	13
0.188027	14
0.188075	15
0.188126	16
0.188182	17
0.188241	18
0.188303	19
0.188363	5
0.18837	6
0.188372	7
0.188373	8
0.188374	9
0.188375	10
0.188391	7
0.188423	8
0.188424	9
0.188425	10
0.188432	11
0.188476	12
0.188517	13
0.188562	14
0.18861	15
0.188661	16
0.188717	17
0.188776	18
0.188838	19
0.188898	5
0.188905	6
0.188907	7
0.188908	8
0.188909	9
0.18891	10
0.188926	7
0.188957	8
0.188959	9
0.18896	10
0.188967	11
0.189011	12
0.189052	13
0.189097	14
0.189145	15
0.189196	16
0.189252	17
0.18931	18
0.189373	19
0.189433	5
0.18944	6
0.189441	7
0.189443	8
0.189444	9
0.189445	10
0.189461	7
0.189492	8
0.189494	9
0.189495	10
0.189502	11
0.189546	12
0.189587	13
0.189631	14
0.189679	15
0.189731	16
0.189786	17
0.189845	18
0.189908	19
0.189968	5
0.189975	6
0.189976	7
0.189978	8
0.189979	9
0.18998	10
0.189996	7
0.190027	8
0.190028	9
0.19003	10
0.190037	11
0.190081	12
0.190122	13
0.190166	14
0.190214	15
0.190266	16
0.190321	17
0.19038	18
0.190443	19
0.190503	5
0.19051	6
0.190511	7
0.190512	8
0.190514	9
0.190515	10
0.190531	7
0.190562	8
0.190563	9
0.190565	10
0.190572	11
0.190615	12
0.190657	13
0.190701	14
0.190749	15
0.190801	16
0.190856	17
0.190915	18
0.190978	19
0.191038	5
0.191045	6
0.191046	7
0.191047	8
0.191049	9
0.19105	10
0.191065	7
0.191097	8
0.191098	9
0.191099	10
0.191107	11
0.19115	12
0.191192	13
0.191236	14
0.191284	15
0.191336	16
0.191391	17
0.19145	18
0.191513	19
0.191573	5
0.19158	6
0.191581	7
0.191582	8
0.191583	9
0.191585	10
0.1916	7
0.191632	8
0.191633	9
0.191634	10
0.191642	11
0.191685	12
0.191727	13
0.191771	14
0.191819	15
0.191871	16
0.191926	17
0.191985	18
0.192047	19
0.192108	5
0.192115	6
0.192116	7
0.192117	8
0.192118	9
0.19212	10
0.192135	7
0.192167	8
0.192168	9
0.192169	10
0.192176	11
0.19222	12
0.192261	13
0.192306	14
0.192354	15
0.192406	16
0.192461	17
0.19252	18
0.192582	19
0.192642	5
0.19265	6
0.192651	7
0.192652	8
0.192653	9
0.192654	10
0.19267	7
0.192702	8
0.192703	9
0.192704	10
0.192711	11
0.192755	12
0.192796	13
0.192841	14
0.192889	15
0.192941	16
0.192996	17
0.193055	18
0.193117	19
0.193177	5
0.193185	6
0.193186	7
0.193187	8
0.193188	9
0.193189	10
0.193205	7
0.193237	8
0.193238	9
0.193239	10
0.193246	11
0.19329	12
0.193331	13
0.193376	14
0.193424	15
0.193475	16
0.193531	17
0.19359	18
0.193652	19
0.193712	5
0.193719	6
0.193721	7
0.193722	8
0.193723	9
0.193724	10
0.19374	7
0.193772	8
0.193773	9
0.193774	10
0.193781	11
0.193825	12
0.193866	13
0.193911	14
0.193959	15
0.19401	16
0.194066	17
0.194125	18
0.194187	19
0.194247	5
0.194254	6
0.194256	7
0.194257	8
0.194258	9
0.194259	10
0.194275	7
0.194306	8
0.194308	9
0.194309	10
0.194316	11
0.19436	12
0.194401	13
0.194445	14
0.194494	15
0.194545	16
0.194601	17
0.194659	18
0.194722	19
0.194782	5
0.194789	6
0.19479	7
0.194792	8
0.194793	9
0.194794	10
0.19481	7
0.194841	8
0.194843	9
0.194844	10
0.194851	11
0.194895	12
0.194936	13
0.19498	14
0.195028	15
0.19508	16
0.195135	17
0.195194	18
0.195257	19
0.195317	5
0.195324	6
0.195325	7
0.195327	8
0.195328	9
0.195329	10
0.195345	7
0.195376	8
0.195377	9
0.195379	10
0.195386	11
0.195429	12
0.195471	13
0.195515	14
0.195563	15
0.195615	16
0.19567	17
0.195729	18
0.195792	19
0.195852	5
0.195859	6
0.19586	7
0.195861	8
0.195863	9
0.195864	10
0.195879	7
0.195911	8
0.195912	9
0.195914	10
0.195921	11
0.195964	12
0.196006	13
0.19605	14
0.196098	15
0.19615	16
0.196205	17
0.196264	18
0.196327	19
0.196387	5
0.196394	6
0.196395	7
0.196396	8
0.196398	9
0.196399	10
0.196414	7
0.196446	8
0.196447	9
0.196448	10
0.196456	11
0.196499	12
0.196541	13
0.196585	14
0.196633	15
0.196685	16
0.19674	17
0.196799	18
0.196861	19
0.196922	5
0.196929	6
0.19693	7
0.196931	8
0.196932	9
0.196934	10
0.196949	7
0.196981	8
0.196982	9
0.196983	10
0.196991	11
0.197034	12
0.197075	13
0.19712	14
0.197168	15
0.19722	16
0.197275	17
0.197334	18
0.197396	19
0.197456	5
0.197464	6
0.197465	7
0.197466	8
0.197467	9
0.197469	10
0.197484	7
0.197516	8
0.197517	9
0.197518	10
0.197525	11
0.197569	12
0.19761	13
0.197655	14
0.197703	15
0.197755	16
0.19781	17
0.197869	18
0.197931	19
0.197991	5
0.197999	6
0.198	7
0.198001	8
0.198002	9
0.198003	10
0.198019	7
0.198051	8
0.198052	9
0.198053	10
0.19806	11
0.198104	12
0.198145	13
0.19819	14
0.198238	15
0.198289	16
0.198345	17
0.198404	18
0.198466	19
0.198526	5
0.198533	6
0.198535	7
0.198536	8
0.198537	9
0.198538	10
0.198554	7
0.198586	8
0.198587	9
0.198588	10
0.198595	11
0.198639	12
0.19868	13
0.198725	14
0.198773	15
0.198824	16
0.19888	17
0.198939	18
0.199001	19
0.199061	5
0.199068	6
0.19907	7
0.199071	8
0.199072	9
0.199073	10
0.199089	7
0.19912	8
0.199122	9
0.199123	10
0.19913	11
0.199174	12
0.199215	13
0.199259	14
0.199308	15
0.199359	16
0.199415	17
0.199473	18
0.199536	19
0.199596	5
0.199603	6
0.199604	7
0.199606	8
0.199607	9
0.199608	10
0.199624	7
0.199655	8
0.199657	9
0.199658	10
0.199665	11
0.199709	12
0.19975	13
0.199794	14
0.199842	15
0.199894	16
0.199949	17
0.200008	18
0.200071	19
0.200133	5
0.200148	6
0.20015	7
0.200153	8
0.200154	9
0.200155	10
0.200171	7
0.200207	8
0.200208	9
0.200209	10
0.200216	11
0.200269	12
0.200325	13
0.200386	14
0.200452	15
0.20052	16
0.200594	17
0.200672	18
0.200755	19
0.200841	5
0.200844	6
0.200846	7
0.200847	8
0.200849	9
0.20085	10
0.200865	5
0.200912	6
0.200914	7
0.200915	8
0.200916	9
0.200917	10
0.200922	11
0.20098	12
0.20103	13
0.201087	14
0.201149	15
0.201216	16
0.201289	17
0.201365	18
0.201447	19
0.20153	5
0.201535	6
0.201536	7
0.201537	8
0.201539	9
0.20154	10
0.201555	5
0.2016	6
0.201601	7
0.201602	8
0.201603	9
0.201605	10
0.201609	11
0.201672	12
0.201734	13
0.201789	14
0.20185	15
0.201916	16
0.201987	17
0.202063	18
0.202143	19
0.202224	5
0.20223	6
0.202231	7
0.202232	8
0.202233	9
0.202235	10
0.20225	5
0.202293	6
0.202295	7
0.202296	8
0.202297	9
0.202298	10
0.202303	11
0.202364	12
0.202427	13
0.202493	14
0.202552	15
0.202617	16
0.202686	17
0.202761	18
0.20284	19
0.202918	5
0.202926	6
0.202927	7
0.202928	8
0.202929	9
0.20293	10
0.202946	5
0.202988	6
0.202989	7
0.202991	8
0.202992	9
0.202993	10
0.202998	11
0.203058	12
0.203119	13
0.203185	14
0.203256	15
0.203319	16
0.203387	17
0.203461	18
0.203537	19
0.203616	5
0.203622	6
0.203624	7
0.203625	8
0.203626	9
0.203628	10
0.203643	6
0.203684	7
0.203685	8
0.203687	9
0.203688	10
0.203694	11
0.203751	12
0.203812	13
0.203878	14
0.203949	15
0.204023	16
0.204089	17
0.204161	18
0.204237	19
0.204315	5
0.20432	6
0.204322	7
0.204324	8
0.204325	9
0.204326	10
0.204342	6
0.204381	7
0.204383	8
0.204384	9
0.204385	10
0.204391	11
0.204447	12
0.204506	13
0.204571	14
0.204641	15
0.204715	16
0.204794	17
0.204863	18
0.204937	19
0.205015	5
0.205017	6
0.20502	7
0.205022	8
0.205024	9
0.205026	10
0.205041	6
0.20508	7
0.205081	8
0.205082	9
0.205083	10
0.205089	11
0.205145	12
0.205202	13
0.205266	14
0.205334	15
0.205408	16
0.205486	17
0.205568	18
0.205641	19
0.205716	5
0.205719	6
0.205722	7
0.205724	8
0.205725	9
0.205726	10
0.205742	6
0.205779	7
0.20578	8
0.205782	9
0.205783	10
0.205789	11
0.205843	12
0.205899	13
0.205962	14
0.206029	15
0.206101	16
0.206178	17
0.20626	18
0.206345	19
0.20642	5
0.206423	6
0.206425	7
0.206426	8
0.206427	9
0.206428	10
0.206444	6
0.20648	7
0.206481	8
0.206482	9
0.206484	10
0.20649	11
0.206542	12
0.206598	13
0.206659	14
0.206725	15
0.206796	16
0.206872	17
0.206952	18
0.207038	19
0.207123	5
0.207128	6
0.207129	7
0.20713	8
0.207131	9
0.207133	10
0.207148	5
0.207182	6
0.207183	7
0.207184	8
0.207186	9
0.207187	10
0.207192	11
0.207244	12
0.207299	13
0.207359	14
0.207424	15
0.207494	16
0.207568	17
0.207648	18
0.207732	19
0.207812	5
0.207822	6
0.207823	7
0.207824	8
0.207825	9
0.207827	10
0.207842	5
0.207888	6
0.207889	7
0.20789	8
0.207892	9
0.207893	10
0.207898	11
0.207948	12
0.208001	13
0.208059	14
0.208122	15
0.208191	16
0.208264	17
0.208342	18
0.208424	19
0.208502	5
0.208513	6
0.208515	7
0.208517	8
0.208518	9
0.208519	10
0.208535	5
0.20858	6
0.208581	7
0.208583	8
0.208584	9
0.208585	10
0.20859	11
0.208652	12
0.208703	13
0.208759	14
0.208822	15
0.208889	16
0.208961	17
0.209038	18
0.209119	19
0.209197	5
0.209207	6
0.209209	7
0.20921	8
0.209211	9
0.209213	10
0.209228	5
0.209273	6
0.209274	7
0.209275	8
0.209276	9
0.209277	10
0.209282	11
0.209345	12
0.209407	13
0.209461	14
0.209523	15
0.209589	16
0.20966	17
0.209735	18
0.209815	19
0.209893	5
0.209901	6
0.209904	7
0.209905	8
0.209906	9
0.209907	10
0.209923	5
0.209966	6
0.209967	7
0.209969	8
0.20997	9
0.209971	10
0.209976	11
0.210037	12
0.2101	13
0.210166	14
0.210225	15
0.21029	16
0.210359	17
0.210434	18
0.210512	19
0.21059	5
0.210597	6
0.2106	7
0.210601	8
0.210602	9
0.210603	10
0.210619	5
0.210661	6
0.210662	7
0.210663	8
0.210665	9
0.210666	10
0.210671	11
0.210731	12
0.210792	13
0.210858	14
0.210929	15
0.210991	16
0.21106	17
0.211133	18
0.21121	19
0.211288	5
0.211294	6
0.211297	7
0.211298	8
0.211299	9
0.2113	10
0.211316	6
0.211357	7
0.211358	8
0.211359	9
0.211361	10
0.211367	11
0.211424	12
0.211484	13
0.21155	14
0.211621	15
0.211696	16
0.211762	17
0.211834	18
0.21191	19
0.211988	5
0.211993	6
0.211995	7
0.211996	8
0.211998	9
0.211999	10
0.212014	6
0.212054	7
0.212055	8
0.212056	9
0.212058	10
0.212064	11
0.21212	12
0.212179	13
0.212244	14
0.212314	15
0.212388	16
0.212466	17
0.212536	18
0.212609	19
0.212688	5
0.21269	6
0.212692	7
0.212695	8
0.212697	9
0.212698	10
0.212714	6
0.212752	7
0.212754	8
0.212755	9
0.212756	10
0.212762	11
0.212817	12
0.212875	13
0.212939	14
0.213007	15
0.213081	16
0.213159	17
0.21324	18
0.213314	19
0.213388	5
0.213392	6
0.213394	7
0.213397	8
0.213398	9
0.213399	10
0.213415	6
0.213452	7
0.213453	8
0.213454	9
0.213456	10
0.213462	11
0.213516	12
0.213572	13
0.213635	14
0.213702	15
0.213774	16
0.213851	17
0.213933	18
0.214018	19
0.214093	5
0.214096	6
0.214097	7
0.214099	8
0.2141	9
0.214101	10
0.214117	6
0.214153	7
0.214154	8
0.214155	9
0.214156	10
0.214162	11
0.214215	12
0.214271	13
0.214332	14
0.214398	15
0.214469	16
0.214545	17
0.214625	18
0.21471	19
0.214796	5
0.214801	6
0.214802	7
0.214803	8
0.214804	9
0.214805	10
0.214821	5
0.214855	6
0.214856	7
0.214857	8
0.214858	9
0.21486	10
0.214864	11
0.214916	12
0.214972	13
0.215032	14
0.215097	15
0.215166	16
0.215241	17
0.21532	18
0.215404	19
0.215485	5
0.215495	6
0.215496	7
0.215497	8
0.215498	9
0.215499	10
0.215515	5
0.215561	6
0.215562	7
0.215563	8
0.215564	9
0.215566	10
0.21557	11
0.215621	12
0.215674	13
0.215731	14
0.215795	15
0.215864	16
0.215937	17
0.216015	18
0.216097	19
0.216175	5
0.216186	6
0.216188	7
0.216189	8
0.216191	9
0.216192	10
0.216207	5
0.216253	6
0.216254	7
0.216255	8
0.216257	9
0.216258	10
0.216263	11
0.216325	12
0.216376	13
0.216432	14
0.216495	15
0.216562	16
0.216634	17
0.216711	18
0.216792	19
0.21687	5
0.216879	6
0.216882	7
0.216883	8
0.216884	9
0.216885	10
0.216901	5
0.216945	6
0.216947	7
0.216948	8
0.216949	9
0.21695	10
0.216955	11
0.217018	12
0.21708	13
0.217134	14
0.217195	15
0.217262	16
0.217332	17
0.217408	18
0.217488	19
0.217566	5
0.217574	6
0.217576	7
0.217578	8
0.217579	9
0.21758	10
0.217596	5
0.217639	6
0.21764	7
0.217641	8
0.217643	9
0.217644	10
0.217649	11
0.21771	12
0.217772	13
0.217838	14
0.217897	15
0.217962	16
0.218032	17
0.218107	18
0.218185	19
0.218263	5
0.21827	6
0.218272	7
0.218274	8
0.218275	9
0.218276	10
0.218292	5
0.218334	6
0.218335	7
0.218336	8
0.218337	9
0.218339	10
0.218343	11
0.218403	12
0.218465	13
0.218531	14
0.218602	15
0.218664	16
0.218733	17
0.218806	18
0.218883	19
0.218961	5
0.218967	6
0.21897	7
0.218971	8
0.218972	9
0.218973	10
0.218989	6
0.21903	7
0.219031	8
0.219032	9
0.219033	10
0.219039	11
0.219097	12
0.219157	13
0.219223	14
0.219294	15
0.219369	16
0.219435	17
0.219507	18
0.219583	19
0.219661	5
0.219666	6
0.219668	7
0.219669	8
0.21967	9
0.219672	10
0.219687	6
0.219727	7
0.219728	8
0.219729	9
0.21973	10
0.219736	11
0.219793	12
0.219852	13
0.219917	14
0.219986	15
0.220061	16
0.220139	17
0.220209	18
0.220282	19
0.22036	5
0.220363	6
0.220365	7
0.220368	8
0.22037	9
0.220371	10
0.220387	6
0.220425	7
0.220426	8
0.220428	9
0.220429	10
0.220435	11
0.22049	12
0.220548	13
0.220612	14
0.22068	15
0.220753	16
0.220831	17
0.220913	18
0.220987	19
0.221061	5
0.221065	6
0.221067	7
0.221069	8
0.221071	9
0.221072	10
0.221087	6
0.221125	7
0.221126	8
0.221127	9
0.221128	10
0.221134	11
0.221188	12
0.221245	13
0.221307	14
0.221375	15
0.221447	16
0.221524	17
0.221606	18
0.221691	19
0.221765	5
0.221769	6
0.22177	7
0.221771	8
0.221773	9
0.221774	10
0.221789	6
0.221826	7
0.221827	8
0.221828	9
0.221829	10
0.221835	11
0.221888	12
0.221943	13
0.222005	14
0.222071	15
0.222142	16
0.222217	17
0.222298	18
0.222383	19
0.222469	5
0.222473	6
0.222475	7
0.222476	8
0.222477	9
0.222478	10
0.222494	5
0.222527	6
0.222529	7
0.22253	8
0.222531	9
0.222532	10
0.222537	11
0.222589	12
0.222644	13
0.222705	14
0.222769	15
0.222839	16
0.222914	17
0.222993	18
0.223077	19
0.223158	5
0.223167	6
0.223169	7
0.22317	8
0.223171	9
0.223172	10
0.223188	5
0.223233	6
0.223235	7
0.223236	8
0.223237	9
0.223238	10
0.223243	11
0.223294	12
0.223346	13
0.223404	14
0.223468	15
0.223536	16
0.22361	17
0.223688	18
0.22377	19
0.223848	5
0.223859	6
0.223861	7
0.223862	8
0.223863	9
0.223865	10
0.22388	5
0.223926	6
0.223927	7
0.223928	8
0.223929	9
0.223931	10
0.223935	11
0.223998	12
0.224048	13
0.224105	14
0.224167	15
0.224235	16
0.224307	17
0.224384	18
0.224464	19
0.224542	5
0.224552	6
0.224554	7
0.224556	8
0.224557	9
0.224558	10
0.224574	5
0.224618	6
0.224619	7
0.224621	8
0.224622	9
0.224623	10
0.224628	11
0.22469	12
0.224753	13
0.224807	14
0.224868	15
0.224934	16
0.225005	17
0.225081	18
0.22516	19
0.225238	5
0.225247	6
0.225249	7
0.22525	8
0.225252	9
0.225253	10
0.225268	5
0.225312	6
0.225313	7
0.225314	8
0.225315	9
0.225317	10
0.225321	11
0.225383	12
0.225445	13
0.225511	14
0.22557	15
0.225635	16
0.225705	17
0.225779	18
0.225857	19
0.225936	5
0.225943	6
0.225945	7
0.225946	8
0.225948	9
0.225949	10
0.225964	5
0.226006	6
0.226008	7
0.226009	8
0.22601	9
0.226011	10
0.226016	11
0.226076	12
0.226138	13
0.226204	14
0.226275	15
0.226337	16
0.226406	17
0.226479	18
0.226556	19
0.226634	5
0.22664	6
0.226642	7
0.226644	8
0.226645	9
0.226646	10
0.226662	6
0.226702	7
0.226704	8
0.226705	9
0.226706	10
0.226712	11
0.22677	12
0.22683	13
0.226896	14
0.226967	15
0.227041	16
0.227108	17
0.22718	18
0.227255	19
0.227333	5
0.227338	6
0.227341	7
0.227342	8
0.227343	9
0.227344	10
0.22736	6
0.2274	7
0.227401	8
0.227402	9
0.227403	10
0.227409	11
0.227466	12
0.227525	13
0.22759	14
0.227659	15
0.227734	16
0.227812	17
0.227882	18
0.227955	19
0.228033	5
0.228035	6
0.228038	7
0.22804	8
0.228043	9
0.228044	10
0.22806	6
0.228098	7
0.228099	8
0.2281	9
0.228102	10
0.228108	11
0.228163	12
0.228221	13
0.228284	14
0.228353	15
0.228426	16
0.228504	17
0.228586	18
0.228659	19
0.228734	5
0.228737	6
0.22874	7
0.228742	8
0.228743	9
0.228745	10
0.22876	6
0.228798	7
0.228799	8
0.2288	9
0.228801	10
0.228807	11
0.228861	12
0.228918	13
0.22898	14
0.229048	15
0.22912	16
0.229197	17
0.229278	18
0.229364	19
0.229438	5
0.229442	6
0.229443	7
0.229444	8
0.229445	9
0.229447	10
0.229462	6
0.229498	7
0.229499	8
0.229501	9
0.229502	10
0.229508	11
0.229561	12
0.229616	13
0.229677	14
0.229744	15
0.229814	16
0.22989	17
0.229971	18
0.230056	19
0.230141	5
0.230146	6
0.230147	7
0.230149	8
0.23015	9
0.230151	10
0.230167	5
0.2302	6
0.230201	7
0.230203	8
0.230204	9
0.230205	10
0.23021	11
0.230262	12
0.230317	13
0.230377	14
0.230442	15
0.230512	16
0.230587	17
0.230666	18
0.23075	19
0.230831	5
0.23084	6
0.230841	7
0.230843	8
0.230844	9
0.230845	10
0.230861	5
0.230906	6
0.230907	7
0.230909	8
0.23091	9
0.230911	10
0.230916	11
0.230966	12
0.231019	13
0.231077	14
0.231141	15
0.231209	16
0.231282	17
0.231361	18
0.231442	19
0.23152	5
0.231531	6
0.231534	7
0.231535	8
0.231536	9
0.231537	10
0.231553	5
0.231599	6
0.2316	7
0.231601	8
0.231602	9
0.231603	10
0.231608	11
0.231671	12
0.231721	13
0.231778	14
0.23184	15
0.231908	16
0.23198	17
0.232057	18
0.232137	19
0.232215	5
0.232225	6
0.232227	7
0.232228	8
0.23223	9
0.232231	10
0.232246	5
0.232291	6
0.232292	7
0.232293	8
0.232295	9
0.232296	10
0.232301	11
0.232363	12
0.232426	13
0.23248	14
0.232541	15
0.232607	16
0.232678	17
0.232754	18
0.232833	19
0.232911	5
0.23292	6
0.232922	7
0.232923	8
0.232924	9
0.232926	10
0.232941	5
0.232984	6
0.232986	7
0.232987	8
0.232988	9
0.232989	10
0.232994	11
0.233055	12
0.233118	13
0.233184	14
0.233243	15
0.233308	16
0.233378	17
0.233452	18
0.23353	19
0.233608	5
0.233616	6
0.233618	7
0.233619	8
0.23362	9
0.233622	10
0.233637	5
0.233679	6
0.23368	7
0.233682	8
0.233683	9
0.233684	10
0.233689	11
0.233749	12
0.23381	13
0.233876	14
0.233947	15
0.23401	16
0.234078	17
0.234152	18
0.234229	19
0.234307	5
0.234313	6
0.234315	7
0.234316	8
0.234318	9
0.234319	10
0.234334	6
0.234375	7
0.234376	8
0.234378	9
0.234379	10
0.234385	11
0.234443	12
0.234503	13
0.234569	14
0.23464	15
0.234714	16
0.23478	17
0.234852	18
0.234928	19
0.235006	5
0.235011	6
0.235013	7
0.235015	8
0.235016	9
0.235017	10
0.235033	6
0.235072	7
0.235074	8
0.235075	9
0.235076	10
0.235082	11
0.235138	12
0.235197	13
0.235262	14
0.235332	15
0.235407	16
0.235485	17
0.235554	18
0.235628	19
0.235706	5
0.235708	6
0.235711	7
0.235713	8
0.235715	9
0.235717	10
0.235732	6
0.235771	7
0.235772	8
0.235773	9
0.235774	10
0.23578	11
0.235836	12
0.235893	13
0.235957	14
0.236026	15
0.236099	16
0.236177	17
0.236259	18
0.236332	19
0.236407	5
0.23641	6
0.236413	7
0.236415	8
0.236416	9
0.236417	10
0.236433	6
0.23647	7
0.236471	8
0.236473	9
0.236474	10
0.23648	11
0.236534	12
0.23659	13
0.236653	14
0.23672	15
0.236792	16
0.236869	17
0.236951	18
0.237036	19
0.237111	5
0.237115	6
0.237116	7
0.237117	8
0.237118	9
0.237119	10
0.237135	6
0.237171	7
0.237172	8
0.237173	9
0.237175	10
0.237181	11
0.237234	12
0.237289	13
0.23735	14
0.237416	15
0.237487	16
0.237563	17
0.237643	18
0.237729	19
0.237814	5
0.237819	6
0.23782	7
0.237821	8
0.237823	9
0.237824	10
0.237839	5
0.237873	6
0.237874	7
0.237875	8
0.237877	9
0.237878	10
0.237883	11
0.237935	12
0.23799	13
0.23805	14
0.238115	15
0.238185	16
0.238259	17
0.238339	18
0.238423	19
0.238503	5
0.238513	6
0.238514	7
0.238515	8
0.238517	9
0.238518	10
0.238533	5
0.238579	6
0.23858	7
0.238581	8
0.238583	9
0.238584	10
0.238589	11
0.238639	12
0.238692	13
0.23875	14
0.238813	15
0.238882	16
0.238955	17
0.239033	18
0.239115	19
0.239193	5
0.239204	6
0.239206	7
0.239208	8
0.239209	9
0.23921	10
0.239226	5
0.239271	6
0.239273	7
0.239274	8
0.239275	9
0.239276	10
0.239281	11
0.239343	12
0.239394	13
0.23945	14
0.239513	15
0.23958	16
0.239652	17
0.239729	18
0.23981	19
0.239888	5
0.239898	6
0.2399	7
0.239901	8
0.239902	9
0.239904	10
0.239919	5
0.239964	6
0.239965	7
0.239966	8
0.239967	9
0.239969	10
0.239973	11
0.240036	12
0.240098	13
0.240152	14
0.240214	15
0.24028	16
0.240351	17
0.240426	18
0.240506	19
0.240584	5
0.240592	6
0.240595	7
0.240596	8
0.240597	9
0.240598	10
0.240614	5
0.240657	6
0.240658	7
0.24066	8
0.240661	9
0.240662	10
0.240667	11
0.240728	12
0.240791	13
0.240857	14
0.240916	15
0.240981	16
0.24105	17
0.241125	18
0.241203	19
0.241281	5
0.241288	6
0.241291	7
0.241292	8
0.241293	9
0.241294	10
0.24131	5
0.241352	6
0.241353	7
0.241354	8
0.241356	9
0.241357	10
0.241362	11
0.241422	12
0.241483	13
0.241549	14
0.24162	15
0.241683	16
0.241751	17
0.241824	18
0.241901	19
0.241979	5
0.241985	6
0.241988	7
0.241989	8
0.24199	9
0.241991	10
0.242007	6
0.242048	7
0.242049	8
0.24205	9
0.242052	10
0.242058	11
0.242115	12
0.242175	13
0.242242	14
0.242312	15
0.242387	16
0.242453	17
0.242525	18
0.242601	19
0.242679	5
0.242684	6
0.242686	7
0.242687	8
0.242689	9
0.24269	10
0.242705	6
0.242745	7
0.242746	8
0.242748	9
0.242749	10
0.242755	11
0.242811	12
0.24287	13
0.242935	14
0.243005	15
0.243079	16
0.243157	17
0.243227	18
0.2433	19
0.243379	5
0.243381	6
0.243383	7
0.243386	8
0.243388	9
0.243389	10
0.243405	6
0.243444	7
0.243445	8
0.243446	9
0.243447	10
0.243453	11
0.243508	12
0.243566	13
0.24363	14
0.243698	15
0.243772	16
0.24385	17
0.243932	18
0.244005	19
0.244079	5
0.244083	6
0.244085	7
0.244088	8
0.244089	9
0.24409	10
0.244106	6
0.244143	7
0.244144	8
0.244145	9
0.244147	10
0.244153	11
0.244207	12
0.244263	13
0.244326	14
0.244393	15
0.244465	16
0.244542	17
0.244624	18
0.244709	19
0.244784	5
0.244787	6
0.244789	7
0.24479	8
0.244791	9
0.244792	10
0.244808	6
0.244844	7
0.244845	8
0.244846	9
0.244847	10
0.244853	11
0.244906	12
0.244962	13
0.245023	14
0.245089	15
0.24516	16
0.245236	17
0.245316	18
0.245402	19
0.245487	5
0.245492	6
0.245493	7
0.245494	8
0.245495	9
0.245497	10
0.245512	5
0.245546	6
0.245547	7
0.245548	8
0.245549	9
0.245551	10
0.245555	11
0.245608	12
0.245663	13
0.245723	14
0.245788	15
0.245858	16
0.245932	17
0.246011	18
0.246096	19
0.246176	5
0.246186	6
0.246187	7
0.246188	8
0.246189	9
0.24619	10
0.246206	5
0.246252	6
0.246253	7
0.246254	8
0.246255	9
0.246257	10
0.246261	11
0.246312	12
0.246365	13
0.246422	14
0.246486	15
0.246555	16
0.246628	17
0.246706	18
0.246788	19
0.246866	5
0.246877	6
0.246879	7
0.24688	8
0.246882	9
0.246883	10
0.246898	5
0.246944	6
0.246945	7
0.246947	8
0.246948	9
0.246949	10
0.246954	11
0.247016	12
0.247067	13
0.247123	14
0.247186	15
0.247253	16
0.247325	17
0.247402	18
0.247483	19
0.247561	5
0.24757	6
0.247573	7
0.247574	8
0.247575	9
0.247576	10
0.247592	5
0.247636	6
0.247638	7
0.247639	8
0.24764	9
0.247641	10
0.247646	11
0.247709	12
0.247771	13
0.247825	14
0.247886	15
0.247953	16
0.248024	17
0.248099	18
0.248179	19
0.248257	5
0.248265	6
0.248268	7
0.248269	8
0.24827	9
0.248271	10
0.248287	5
0.24833	6
0.248331	7
0.248332	8
0.248334	9
0.248335	10
0.24834	11
0.248401	12
0.248463	13
0.24853	14
0.248588	15
0.248653	16
0.248723	17
0.248798	18
0.248876	19
0.248954	5
0.248961	6
0.248963	7
0.248965	8
0.248966	9
0.248967	10
0.248983	5
0.249025	6
0.249026	7
0.249027	8
0.249028	9
0.24903	10
0.249034	11
0.249095	12
0.249156	13
0.249222	14
0.249293	15
0.249355	16
0.249424	17
0.249497	18
0.249574	19
0.249652	5
0.249658	6
0.249661	7
0.249662	8
0.249663	9
0.249664	10
0.24968	6
0.249721	7
0.249722	8
0.249723	9
0.249724	10
0.24973	11
0.249788	12
0.249848	13
0.249914	14
0.249985	15
0.25006	16
0.250126	17
0.250198	18
0.250274	19
0.250352	5
0.250357	6
0.250359	7
0.25036	8
0.250361	9
0.250363	10
0.250378	6
0.250418	7
0.250419	8
0.25042	9
0.250422	10
0.250428	11
0.250484	12
0.250543	13
0.250608	14
0.250678	15
0.250752	16
0.25083	17
0.2509	18
0.250973	19
0.251051	5
0.251054	6
0.251056	7
0.251059	8
0.251061	9
0.251062	10
0.251078	6
0.251116	7
0.251117	8
0.251119	9
0.25112	10
0.251126	11
0.251181	12
0.251239	13
0.251303	14
0.251371	15
0.251444	16
0.251523	17
0.251604	18
0.251678	19
0.251752	5
0.251756	6
0.251758	7
0.251761	8
0.251762	9
0.251763	10
0.251779	6
0.251816	7
0.251817	8
0.251818	9
0.251819	10
0.251825	11
0.25188	12
0.251936	13
0.251999	14
0.252066	15
0.252138	16
0.252215	17
0.252297	18
0.252382	19
0.252456	5
0.25246	6
0.252461	7
0.252463	8
0.252464	9
0.252465	10
0.252481	6
0.252517	7
0.252518	8
0.252519	9
0.25252	10
0.252526	11
0.252579	12
0.252634	13
0.252696	14
0.252762	15
0.252833	16
0.252908	17
0.252989	18
0.253074	19
0.25316	5
0.253164	6
0.253166	7
0.253167	8
0.253168	9
0.253169	10
0.253185	5
0.253219	6
0.25322	7
0.253221	8
0.253222	9
0.253223	10
0.253228	11
0.25328	12
0.253336	13
0.253396	14
0.253461	15
0.25353	16
0.253605	17
0.253684	18
0.253768	19
0.253849	5
0.253858	6
0.25386	7
0.253861	8
0.253862	9
0.253863	10
0.253879	5
0.253925	6
0.253926	7
0.253927	8
0.253928	9
0.253929	10
0.253934	11
0.253985	12
0.254038	13
0.254095	14
0.254159	15
0.254227	16
0.254301	17
0.254379	18
0.254461	19
0.254539	5
0.25455	6
0.254552	7
0.254553	8
0.254554	9
0.254556	10
0.254571	5
0.254617	6
0.254618	7
0.254619	8
0.254621	9
0.254622	10
0.254627	11
0.254689	12
0.254739	13
0.254796	14
0.254858	15
0.254926	16
0.254998	17
0.255075	18
0.255155	19
0.255234	5
0.255243	6
0.255246	7
0.255247	8
0.255248	9
0.255249	10
0.255265	5
0.255309	6
0.25531	7
0.255312	8
0.255313	9
0.255314	10
0.255319	11
0.255381	12
0.255444	13
0.255498	14
0.255559	15
0.255625	16
0.255696	17
0.255772	18
0.255851	19
0.255929	5
0.255938	6
0.25594	7
0.255941	8
0.255943	9
0.255944	10
0.25596	5
0.256003	6
0.256004	7
0.256005	8
0.256006	9
0.256008	10
0.256012	11
0.256074	12
0.256136	13
0.256202	14
0.256261	15
0.256326	16
0.256396	17
0.25647	18
0.256549	19
0.256627	5
0.256634	6
0.256636	7
0.256637	8
0.256639	9
0.25664	10
0.256655	5
0.256698	6
0.256699	7
0.2567	8
0.256701	9
0.256702	10
0.256707	11
0.256767	12
0.256829	13
0.256895	14
0.256966	15
0.257028	16
0.257097	17
0.25717	18
0.257247	19
0.257325	5
0.257331	6
0.257333	7
0.257335	8
0.257336	9
0.257337	10
0.257353	6
0.257394	7
0.257395	8
0.257396	9
0.257397	10
0.257403	11
0.257461	12
0.257521	13
0.257587	14
0.257658	15
0.257732	16
0.257799	17
0.257871	18
0.257946	19
0.258025	5
0.258029	6
0.258032	7
0.258033	8
0.258034	9
0.258035	10
0.258051	6
0.258091	7
0.258092	8
0.258093	9
0.258094	10
0.2581	11
0.258157	12
0.258216	13
0.258281	14
0.25835	15
0.258425	16
0.258503	17
0.258573	18
0.258646	19
0.258724	5
0.258727	6
0.258729	7
0.258731	8
0.258734	9
0.258735	10
0.258751	6
0.258789	7
0.25879	8
0.258791	9
0.258793	10
0.258799	11
0.258854	12
0.258912	13
0.258975	14
0.259044	15
0.259117	16
0.259195	17
0.259277	18
0.25935	19
0.259425	5
0.259429	6
0.259431	7
0.259433	8
0.259435	9
0.259436	10
0.259451	6
0.259489	7
0.25949	8
0.259491	9
0.259492	10
0.259498	11
0.259552	12
0.259609	13
0.259671	14
0.259739	15
0.259811	16
0.259888	17
0.259969	18
0.260055	19
0.260129	5
0.260133	6
0.260134	7
0.260135	8
0.260136	9
0.260138	10
0.260153	6
0.260189	7
0.260191	8
0.260192	9
0.260193	10
0.260199	11
0.260252	12
0.260307	13
0.260368	14
0.260435	15
0.260505	16
0.260581	17
0.260662	18
0.260747	19
0.260832	5
0.260837	6
0.260838	7
0.26084	8
0.260841	9
0.260842	10
0.260858	5
0.260891	6
0.260893	7
0.260894	8
0.260895	9
0.260896	10
0.260901	11
0.260953	12
0.261008	13
0.261068	14
0.261133	15
0.261203	16
0.261278	17
0.261357	18
0.261441	19
0.261522	5
0.261531	6
0.261532	7
0.261534	8
0.261535	9
0.261536	10
0.261552	5
0.261597	6
0.261599	7
0.2616	8
0.261601	9
0.261602	10
0.261607	11
0.261657	12
0.26171	13
0.261768	14
0.261832	15
0.2619	16
0.261974	17
0.262052	18
0.262133	19
0.262212	5
0.262222	6
0.262225	7
0.262226	8
0.262227	9
0.262228	10
0.262244	5
0.26229	6
0.262291	7
0.262292	8
0.262293	9
0.262294	10
0.262299	11
0.262362	12
0.262412	13
0.262469	14
0.262531	15
0.262599	16
0.262671	17
0.262748	18
0.262828	19
0.262906	5
0.262916	6
0.262918	7
0.26292	8
0.262921	9
0.262922	10
0.262938	5
0.262982	6
0.262983	7
0.262984	8
0.262986	9
0.262987	10
0.262992	11
0.263054	12
0.263117	13
0.263171	14
0.263232	15
0.263298	16
0.263369	17
0.263445	18
0.263524	19
0.263602	5
0.263611	6
0.263613	7
0.263614	8
0.263615	9
0.263617	10
0.263632	5
0.263676	6
0.263677	7
0.263678	8
0.263679	9
0.26368	10
0.263685	11
0.263746	12
0.263809	13
0.263875	14
0.263934	15
0.263999	16
0.264069	17
0.264143	18
0.264221	19
0.264299	5
0.264307	6
0.264309	7
0.26431	8
0.264311	9
0.264313	10
0.264328	5
0.26437	6
0.264372	7
0.264373	8
0.264374	9
0.264375	10
0.26438	11
0.26444	12
0.264501	13
0.264567	14
0.264638	15
0.264701	16
0.264769	17
0.264843	18
0.26492	19
0.264998	5
0.265004	6
0.265006	7
0.265007	8
0.265009	9
0.26501	10
0.265025	6
0.265066	7
0.265067	8
0.265069	9
0.26507	10
0.265076	11
0.265134	12
0.265194	13
0.26526	14
0.265331	15
0.265405	16
0.265471	17
0.265543	18
0.265619	19
0.265697	5
0.265702	6
0.265705	7
0.265706	8
0.265707	9
0.265708	10
0.265724	6
0.265763	7
0.265765	8
0.265766	9
0.265767	10
0.265773	11
0.26583	12
0.265888	13
0.265953	14
0.266023	15
0.266098	16
0.266176	17
0.266245	18
0.266319	19
0.266397	5
0.266399	6
0.266402	7
0.266404	8
0.266407	9
0.266408	10
0.266423	6
0.266462	7
0.266463	8
0.266464	9
0.266465	10
0.266471	11
0.266527	12
0.266584	13
0.266648	14
0.266717	15
0.26679	16
0.266868	17
0.26695	18
0.267023	19
0.267098	5
0.267101	6
0.267104	7
0.267106	8
0.267107	9
0.267108	10
0.267124	6
0.267161	7
0.267163	8
0.267164	9
0.267165	10
0.267171	11
0.267225	12
0.267282	13
0.267344	14
0.267411	15
0.267484	16
0.26756	17
0.267642	18
0.267728	19
0.267802	5
0.267806	6
0.267807	7
0.267808	8
0.267809	9
0.26781	10
0.267826	6
0.267862	7
0.267863	8
0.267865	9
0.267866	10
0.267872	11
0.267925	12
0.26798	13
0.268041	14
0.268107	15
0.268178	16
0.268254	17
0.268335	18
0.26842	19
0.268505	5
0.26851	6
0.268511	7
0.268512	8
0.268514	9
0.268515	10
0.26853	5
0.268564	6
0.268565	7
0.268567	8
0.268568	9
0.268569	10
0.268574	11
0.268626	12
0.268681	13
0.268741	14
0.268806	15
0.268876	16
0.26895	17
0.26903	18
0.269114	19
0.269194	5
0.269204	6
0.269205	7
0.269206	8
0.269208	9
0.269209	10
0.269224	5
0.26927	6
0.269271	7
0.269272	8
0.269274	9
0.269275	10
0.26928	11
0.26933	12
0.269383	13
0.269441	14
0.269504	15
0.269573	16
0.269646	17
0.269724	18
0.269806	19
0.269884	5
0.269895	6
0.269898	7
0.269899	8
0.2699	9
0.269901	10
0.269917	5
0.269962	6
0.269964	7
0.269965	8
0.269966	9
0.269967	10
0.269972	11
0.270035	12
0.270085	13
0.270142	14
0.270204	15
0.270271	16
0.270343	17
0.27042	18
0.270501	19
0.270579	5
0.270589	6
0.270591	7
0.270592	8
0.270593	9
0.270595	10
0.27061	5
0.270655	6
0.270656	7
0.270657	8
0.270658	9
0.27066	10
0.270664	11
0.270727	12
0.270789	13
0.270843	14
0.270905	15
0.270971	16
0.271042	17
0.271118	18
0.271197	19
0.271275	5
0.271283	6
0.271286	7
0.271287	8
0.271288	9
0.271289	10
0.271305	5
0.271348	6
0.27135	7
0.271351	8
0.271352	9
0.271353	10
0.271358	11
0.271419	12
0.271482	13
0.271548	14
0.271607	15
0.271672	16
0.271741	17
0.271816	18
0.271894	19
0.271972	5
0.271979	6
0.271982	7
0.271983	8
0.271984	9
0.271985	10
0.272001	5
0.272043	6
0.272044	7
0.272045	8
0.272047	9
0.272048	10
0.272053	11
0.272113	12
0.272174	13
0.27224	14
0.272311	15
0.272374	16
0.272442	17
0.272515	18
0.272592	19
0.272671	5
0.272677	6
0.272679	7
0.27268	8
0.272681	9
0.272683	10
0.272698	6
0.272739	7
0.27274	8
0.272741	9
0.272743	10
0.272749	11
0.272806	12
0.272866	13
0.272933	14
0.273003	15
0.273078	16
0.273144	17
0.273216	18
0.273292	19
0.27337	5
0.273375	6
0.273377	7
0.273379	8
0.27338	9
0.273381	10
0.273397	6
0.273436	7
0.273437	8
0.273439	9
0.27344	10
0.273446	11
0.273502	12
0.273561	13
0.273626	14
0.273696	15
0.27377	16
0.273848	17
0.273918	18
0.273992	19
0.27407	5
0.274072	6
0.274074	7
0.274077	8
0.274079	9
0.27408	10
0.274096	6
0.274135	7
0.274136	8
0.274137	9
0.274138	10
0.274144	11
0.274199	12
0.274257	13
0.274321	14
0.274389	15
0.274463	16
0.274541	17
0.274623	18
0.274696	19
0.27477	5
0.274774	6
0.274776	7
0.274779	8
0.27478	9
0.274781	10
0.274797	6
0.274834	7
0.274835	8
0.274837	9
0.274838	10
0.274844	11
0.274898	12
0.274954	13
0.275017	14
0.275084	15
0.275156	16
0.275233	17
0.275315	18
0.2754	19
0.275475	5
0.275478	6
0.27548	7
0.275481	8
0.275482	9
0.275483	10
0.275499	6
0.275535	7
0.275536	8
0.275537	9
0.275539	10
0.275545	11
0.275597	12
0.275653	13
0.275714	14
0.27578	15
0.275851	16
0.275927	17
0.276007	18
0.276093	19
0.276178	5
0.276183	6
0.276184	7
0.276185	8
0.276186	9
0.276188	10
0.276203	5
0.276237	6
0.276238	7
0.276239	8
0.27624	9
0.276242	10
0.276246	11
0.276299	12
0.276354	13
0.276414	14
0.276479	15
0.276549	16
0.276623	17
0.276702	18
0.276787	19
0.276867	5
0.276877	6
0.276878	7
0.276879	8
0.27688	9
0.276882	10
0.276897	5
0.276943	6
0.276944	7
0.276945	8
0.276946	9
0.276948	10
0.276952	11
0.277003	12
0.277056	13
0.277114	14
0.277177	15
0.277246	16
0.277319	17
0.277397	18
0.277479	19
0.277557	5
0.277568	6
0.27757	7
0.277571	8
0.277573	9
0.277574	10
0.27759	5
0.277635	6
0.277636	7
0.277638	8
0.277639	9
0.27764	10
0.277645	11
0.277707	12
0.277758	13
0.277814	14
0.277877	15
0.277944	16
0.278016	17
0.278093	18
0.278174	19
0.278252	5
0.278261	6
0.278264	7
0.278265	8
0.278266	9
0.278267	10
0.278283	5
0.278328	6
0.278329	7
0.27833	8
0.278331	9
0.278332	10
0.278337	11
0.2784	12
0.278462	13
0.278516	14
0.278578	15
0.278644	16
0.278715	17
0.27879	18
0.27887	19
0.278948	5
0.278956	6
0.278959	7
0.27896	8
0.278961	9
0.278962	10
0.278978	5
0.279021	6
0.279022	7
0.279024	8
0.279025	9
0.279026	10
0.279031	11
0.279092	12
0.279155	13
0.279221	14
0.27928	15
0.279344	16
0.279414	17
0.279489	18
0.279567	19
0.279645	5
0.279652	6
0.279655	7
0.279656	8
0.279657	9
0.279658	10
0.279674	5
0.279716	6
0.279717	7
0.279718	8
0.279719	9
0.279721	10
0.279725	11
0.279786	12
0.279847	13
0.279913	14
0.279984	15
0.280046	16
0.280115	17
0.280188	18
0.280265	19
0.280343	5
0.280349	6
0.280352	7
0.280353	8
0.280354	9
0.280355	10
0.280371	6
0.280412	7
0.280413	8
0.280414	9
0.280415	10
0.280421	11
0.280479	12
0.280539	13
0.280605	14
0.280676	15
0.280751	16
0.280817	17
0.280889	18
0.280965	19
0.281043	5
0.281048	6
0.28105	7
0.281051	8
0.281052	9
0.281054	10
0.281069	6
0.281109	7
0.28111	8
0.281111	9
0.281113	10
0.281119	11
0.281175	12
0.281234	13
0.281299	14
0.281369	15
0.281443	16
0.281521	17
0.281591	18
0.281664	19
0.281742	5
0.281745	6
0.281747	7
0.28175	8
0.281752	9
0.281753	10
0.281769	6
0.281807	7
0.281809	8
0.28181	9
0.281811	10
0.281817	11
0.281872	12
0.28193	13
0.281994	14
0.282062	15
0.282135	16
0.282214	17
0.282295	18
0.282369	19
0.282443	5
0.282447	6
0.282449	7
0.282452	8
0.282453	9
0.282454	10
0.28247	6
0.282507	7
0.282508	8
0.282509	9
0.282511	10
0.282517	11
0.282571	12
0.282627	13
0.28269	14
0.282757	15
0.282829	16
0.282906	17
0.282988	18
0.283073	19
0.283148	5
0.283151	6
0.283152	7
0.283154	8
0.283155	9
0.283156	10
0.283172	6
0.283208	7
0.283209	8
0.28321	9
0.283211	10
0.283217	11
0.28327	12
0.283325	13
0.283387	14
0.283453	15
0.283524	16
0.2836	17
0.28368	18
0.283765	19
0.283851	5
0.283856	6
0.283857	7
0.283858	8
0.283859	9
0.28386	10
0.283876	5
0.28391	6
0.283911	7
0.283912	8
0.283913	9
0.283914	10
0.283919	11
0.283971	12
0.284027	13
0.284087	14
0.284152	15
0.284221	16
0.284296	17
0.284375	18
0.284459	19
0.28454	5
0.28455	6
0.284551	7
0.284552	8
0.284553	9
0.284554	10
0.28457	5
0.284616	6
0.284617	7
0.284618	8
0.284619	9
0.28462	10
0.284625	11
0.284676	12
0.284729	13
0.284786	14
0.28485	15
0.284919	16
0.284992	17
0.28507	18
0.285152	19
0.28523	5
0.285241	6
0.285243	7
0.285244	8
0.285245	9
0.285247	10
0.285262	5
0.285308	6
0.285309	7
0.28531	8
0.285312	9
0.285313	10
0.285318	11
0.28538	12
0.285431	13
0.285487	14
0.28555	15
0.285617	16
0.285689	17
0.285766	18
0.285846	19
0.285925	5
0.285934	6
0.285937	7
0.285938	8
0.285939	9
0.28594	10
0.285956	5
0.286	6
0.286002	7
0.286003	8
0.286004	9
0.286005	10
0.28601	11
0.286072	12
0.286135	13
0.286189	14
0.28625	15
0.286316	16
0.286387	17
0.286463	18
0.286542	19
0.286621	5
0.286629	6
0.286631	7
0.286633	8
0.286634	9
0.286635	10
0.286651	5
0.286694	6
0.286695	7
0.286696	8
0.286697	9
0.286699	10
0.286703	11
0.286765	12
0.286827	13
0.286893	14
0.286952	15
0.287017	16
0.287087	17
0.287161	18
0.28724	19
0.287318	5
0.287325	6
0.287327	7
0.287329	8
0.28733	9
0.287331	10
0.287347	5
0.287389	6
0.28739	7
0.287391	8
0.287392	9
0.287393	10
0.287398	11
0.287458	12
0.28752	13
0.287586	14
0.287657	15
0.287719	16
0.287788	17
0.287861	18
0.287938	19
0.288016	5
0.288022	6
0.288024	7
0.288026	8
0.288027	9
0.288028	10
0.288044	6
0.288085	7
0.288086	8
0.288087	9
0.288088	10
0.288094	11
0.288152	12
0.288212	13
0.288278	14
0.288349	15
0.288424	16
0.28849	17
0.288562	18
0.288638	19
0.288716	5
0.28872	6
0.288723	7
0.288724	8
0.288725	9
0.288726	10
0.288742	6
0.288782	7
0.288783	8
0.288784	9
0.288785	10
0.288791	11
0.288848	12
0.288907	13
0.288972	14
0.289041	15
0.289116	16
0.289194	17
0.289264	18
0.289337	19
0.289415	5
0.289418	6
0.28942	7
0.289422	8
0.289425	9
0.289426	10
0.289442	6
0.28948	7
0.289481	8
0.289483	9
0.289484	10
0.28949	11
0.289545	12
0.289603	13
0.289666	14
0.289735	15
0.289808	16
0.289886	17
0.289968	18
0.290041	19
0.290116	5
0.29012	6
0.290122	7
0.290124	8
0.290126	9
0.290127	10
0.290142	6
0.29018	7
0.290181	8
0.290182	9
0.290183	10
0.290189	11
0.290243	12
0.2903	13
0.290362	14
0.29043	15
0.290502	16
0.290579	17
0.29066	18
0.290746	19
0.29082	5
0.290824	6
0.290825	7
0.290826	8
0.290828	9
0.290829	10
0.290844	6
0.29088	7
0.290882	8
0.290883	9
0.290884	10
0.29089	11
0.290943	12
0.290998	13
0.29106	14
0.291126	15
0.291197	16
0.291272	17
0.291353	18
0.291438	19
0.291524	5
0.291528	6
0.29153	7
0.291531	8
0.291532	9
0.291533	10
0.291549	5
0.291582	6
0.291584	7
0.291585	8
0.291586	9
0.291587	10
0.291592	11
0.291644	12
0.291699	13
0.29176	14
0.291824	15
0.291894	16
0.291969	17
0.292048	18
0.292132	19
0.292213	5
0.292222	6
0.292223	7
0.292225	8
0.292226	9
0.292227	10
0.292243	5
0.292288	6
0.29229	7
0.292291	8
0.292292	9
0.292293	10
0.292298	11
0.292348	12
0.292401	13
0.292459	14
0.292523	15
0.292591	16
0.292665	17
0.292743	18
0.292824	19
0.292903	5
0.292913	6
0.292916	7
0.292917	8
0.292918	9
0.292919	10
0.292935	5
0.292981	6
0.292982	7
0.292983	8
0.292984	9
0.292986	10
0.29299	11
0.293053	12
0.293103	13
0.29316	14
0.293222	15
0.29329	16
0.293362	17
0.293439	18
0.293519	19
0.293597	5
0.293607	6
0.293609	7
0.293611	8
0.293612	9
0.293613	10
0.293629	5
0.293673	6
0.293674	7
0.293675	8
0.293677	9
0.293678	10
0.293683	11
0.293745	12
0.293808	13
0.293862	14
0.293923	15
0.293989	16
0.29406	17
0.294136	18
0.294215	19
0.294293	5
0.294302	6
0.294304	7
0.294305	8
0.294307	9
0.294308	10
0.294323	5
0.294367	6
0.294368	7
0.294369	8
0.29437	9
0.294371	10
0.294376	11
0.294438	12
0.2945	13
0.294566	14
0.294625	15
0.29469	16
0.29476	17
0.294834	18
0.294912	19
0.29499	5
0.294998	6
0.295	7
0.295001	8
0.295002	9
0.295004	10
0.295019	5
0.295061	6
0.295063	7
0.295064	8
0.295065	9
0.295066	10
0.295071	11
0.295131	12
0.295192	13
0.295259	14
0.295329	15
0.295392	16
0.29546	17
0.295534	18
0.295611	19
0.295689	5
0.295695	6
0.295697	7
0.295698	8
0.2957	9
0.295701	10
0.295716	6
0.295757	7
0.295759	8
0.29576	9
0.295761	10
0.295767	11
0.295825	12
0.295885	13
0.295951	14
0.296022	15
0.296096	16
0.296162	17
0.296235	18
0.29631	19
0.296388	5
0.296393	6
0.296396	7
0.296397	8
0.296398	9
0.296399	10
0.296415	6
0.296455	7
0.296456	8
0.296457	9
0.296458	10
0.296464	11
0.296521	12
0.29658	13
0.296644	14
0.296714	15
0.296789	16
0.296867	17
0.296937	18
0.29701	19
0.297088	5
0.29709	6
0.297093	7
0.297095	8
0.297098	9
0.297099	10
0.297114	6
0.297153	7
0.297154	8
0.297155	9
0.297156	10
0.297162	11
0.297218	12
0.297275	13
0.297339	14
0.297408	15
0.297481	16
0.297559	17
0.297641	18
0.297714	19
0.297789	5
0.297792	6
0.297795	7
0.297797	8
0.297798	9
0.2978	10
0.297815	6
0.297852	7
0.297854	8
0.297855	9
0.297856	10
0.297862	11
0.297916	12
0.297973	13
0.298035	14
0.298102	15
0.298175	16
0.298252	17
0.298333	18
0.298419	19
0.298493	5
0.298497	6
0.298498	7
0.298499	8
0.2985	9
0.298502	10
0.298517	6
0.298553	7
0.298554	8
0.298556	9
0.298557	10
0.298563	11
0.298616	12
0.298671	13
0.298732	14
0.298798	15
0.298869	16
0.298945	17
0.299026	18
0.299111	19
0.299196	5
0.299201	6
0.299202	7
0.299203	8
0.299205	9
0.299206	10
0.299222	5
0.299255	6
0.299256	7
0.299258	8
0.299259	9
0.29926	10
0.299265	11
0.299317	12
0.299372	13
0.299432	14
0.299497	15
0.299567	16
0.299641	17
0.299721	18
0.299805	19
0.299885	5
0.299895	6
0.299896	7
0.299897	8
0.299899	9
0.2999	10
0.299915	5
0.299961	6
0.299962	7
0.299964	8
0.299965	9
0.299966	10
0.299971	11
0.300021	12
0.300074	13
0.300132	14
0.300196	15
0.300264	16
0.300337	17
0.300416	18
0.300497	19
0.300575	5
0.300586	6
0.300589	7
0.30059	8
0.300591	9
0.300592	10
0.300608	5
0.300654	6
0.300655	7
0.300656	8
0.300657	9
0.300658	10
0.300663	11
0.300726	12
0.300776	13
0.300833	14
0.300895	15
0.300962	16
0.301035	17
0.301111	18
0.301192	19
0.30127	5
0.30128	6
0.301282	7
0.301283	8
0.301285	9
0.301286	10
0.301301	5
0.301346	6
0.301347	7
0.301348	8
0.301349	9
0.301351	10
0.301355	11
0.301418	12
0.30148	13
0.301535	14
0.301596	15
0.301662	16
0.301733	17
0.301809	18
0.301888	19
0.301966	5
0.301975	6
0.301977	7
0.301978	8
0.301979	9
0.301981	10
0.301996	5
0.302039	6
0.302041	7
0.302042	8
0.302043	9
0.302044	10
0.302049	11
0.30211	12
0.302173	13
0.302239	14
0.302298	15
0.302363	16
0.302432	17
0.302507	18
0.302585	19
0.302663	5
0.30267	6
0.302673	7
0.302674	8
0.302675	9
0.302676	10
0.302692	5
0.302734	6
0.302735	7
0.302737	8
0.302738	9
0.302739	10
0.302744	11
0.302804	12
0.302865	13
0.302931	14
0.303002	15
0.303065	16
0.303133	17
0.303207	18
0.303283	19
0.303362	5
0.303368	6
0.30337	7
0.303371	8
0.303372	9
0.303374	10
0.303389	6
0.30343	7
0.303431	8
0.303433	9
0.303434	10
0.30344	11
0.303497	12
0.303558	13
0.303624	14
0.303695	15
0.303769	16
0.303835	17
0.303907	18
0.303983	19
0.304061	5
0.304066	6
0.304068	7
0.30407	8
0.304071	9
0.304072	10
0.304088	6
0.304127	7
0.304128	8
0.30413	9
0.304131	10
0.304137	11
0.304193	12
0.304252	13
0.304317	14
0.304387	15
0.304461	16
0.30454	17
0.304609	18
0.304683	19
0.304761	5
0.304763	6
0.304766	7
0.304768	8
0.30477	9
0.304772	10
0.304787	6
0.304826	7
0.304827	8
0.304828	9
0.304829	10
0.304835	11
0.304891	12
0.304948	13
0.305012	14
0.30508	15
0.305154	16
0.305232	17
0.305314	18
0.305387	19
0.305462	5
0.305465	6
0.305468	7
0.30547	8
0.305471	9
0.305472	10
0.305488	6
0.305525	7
0.305526	8
0.305528	9
0.305529	10
0.305535	11
0.305589	12
0.305645	13
0.305708	14
0.305775	15
0.305847	16
0.305924	17
0.306006	18
0.306091	19
0.306166	5
0.306169	6
0.306171	7
0.306172	8
0.306173	9
0.306174	10
0.30619	6
0.306226	7
0.306227	8
0.306228	9
0.30623	10
0.306236	11
0.306288	12
0.306344	13
0.306405	14
0.306471	15
0.306542	16
0.306618	17
0.306698	18
0.306784	19
0.306869	5
0.306874	6
0.306875	7
0.306876	8
0.306877	9
0.306879	10
0.306894	5
0.306928	6
0.306929	7
0.30693	8
0.306932	9
0.306933	10
0.306938	11
0.30699	12
0.307045	13
0.307105	14
0.30717	15
0.30724	16
0.307314	17
0.307394	18
0.307478	19
0.307558	5
0.307568	6
0.307569	7
0.30757	8
0.307571	9
0.307573	10
0.307588	5
0.307634	6
0.307635	7
0.307636	8
0.307638	9
0.307639	10
0.307644	11
0.307694	12
0.307747	13
0.307805	14
0.307868	15
0.307937	16
0.30801	17
0.308088	18
0.30817	19
0.308248	5
0.308259	6
0.308261	7
0.308263	8
0.308264	9
0.308265	10
0.308281	5
0.308326	6
0.308327	7
0.308329	8
0.30833	9
0.308331	10
0.308336	11
0.308398	12
0.308449	13
0.308505	14
0.308568	15
0.308635	16
0.308707	17
0.308784	18
0.308865	19
0.308943	5
0.308953	6
0.308955	7
0.308956	8
0.308957	9
0.308959	10
0.308974	5
0.309019	6
0.30902	7
0.309021	8
0.309022	9
0.309023	10
0.309028	11
0.309091	12
0.309153	13
0.309207	14
0.309269	15
0.309335	16
0.309406	17
0.309481	18
0.309561	19
0.309639	5
0.309647	6
0.30965	7
0.309651	8
0.309652	9
0.309653	10
0.309669	5
0.309712	6
0.309713	7
0.309715	8
0.309716	9
0.309717	10
0.309722	11
0.309783	12
0.309846	13
0.309912	14
0.309971	15
0.310036	16
0.310105	17
0.31018	18
0.310258	19
0.310336	5
0.310343	6
0.310346	7
0.310347	8
0.310348	9
0.310349	10
0.310365	5
0.310407	6
0.310408	7
0.310409	8
0.310411	9
0.310412	10
0.310417	11
0.310477	12
0.310538	13
0.310604	14
0.310675	15
0.310737	16
0.310806	17
0.310879	18
0.310956	19
0.311034	5
0.31104	6
0.311043	7
0.311044	8
0.311045	9
0.311046	10
0.311062	6
0.311103	7
0.311104	8
0.311105	9
0.311106	10
0.311113	11
0.31117	12
0.31123	13
0.311296	14
0.311367	15
0.311442	16
0.311508	17
0.31158	18
0.311656	19
0.311734	5
0.311739	6
0.311741	7
0.311742	8
0.311744	9
0.311745	10
0.31176	6
0.3118	7
0.311801	8
0.311802	9
0.311804	10
0.31181	11
0.311866	12
0.311925	13
0.31199	14
0.31206	15
0.312134	16
0.312212	17
0.312282	18
0.312355	19
0.312434	5
0.312436	6
0.312438	7
0.312441	8
0.312443	9
0.312444	10
0.31246	6
0.312498	7
0.3125	8
0.312501	9
0.312502	10
0.312508	11
0.312563	12
0.312621	13
0.312685	14
0.312753	15
0.312827	16
0.312905	17
0.312986	18
0.31306	19
0.313134	5
0.313138	6
0.31314	7
0.313143	8
0.313144	9
0.313145	10
0.313161	6
0.313198	7
0.313199	8
0.3132	9
0.313202	10
0.313208	11
0.313262	12
0.313318	13
0.313381	14
0.313448	15
0.31352	16
0.313597	17
0.313679	18
0.313764	19
0.313839	5
0.313842	6
0.313843	7
0.313845	8
0.313846	9
0.313847	10
0.313863	6
0.313899	7
0.3139	8
0.313901	9
0.313902	10
0.313908	11
0.313961	12
0.314017	13
0.314078	14
0.314144	15
0.314215	16
0.314291	17
0.314371	18
0.314456	19
0.314542	5
0.314547	6
0.314548	7
0.314549	8
0.31455	9
0.314551	10
0.314567	5
0.314601	6
0.314602	7
0.314603	8
0.314604	9
0.314606	10
0.31461	11
0.314662	12
0.314718	13
0.314778	14
0.314843	15
0.314912	16
0.314987	17
0.315066	18
0.31515	19
0.315231	5
0.315241	6
0.315242	7
0.315243	8
0.315244	9
0.315245	10
0.315261	5
0.315307	6
0.315308	7
0.315309	8
0.31531	9
0.315311	10
0.315316	11
0.315367	12
0.31542	13
0.315477	14
0.315541	15
0.31561	16
0.315683	17
0.315761	18
0.315843	19
0.315921	5
0.315932	6
0.315934	7
0.315935	8
0.315937	9
0.315938	10
0.315953	5
0.315999	6
0.316	7
0.316001	8
0.316003	9
0.316004	10
0.316009	11
0.316071	12
0.316122	13
0.316178	14
0.316241	15
0.316308	16
0.31638	17
0.316457	18
0.316538	19
0.316616	5
0.316625	6
0.316628	7
0.316629	8
0.31663	9
0.316631	10
0.316647	5
0.316691	6
0.316693	7
0.316694	8
0.316695	9
0.316696	10
0.316701	11
0.316764	12
0.316826	13
0.31688	14
0.316941	15
0.317008	16
0.317078	17
0.317154	18
0.317233	19
0.317312	5
0.31732	6
0.317322	7
0.317324	8
0.317325	9
0.317326	10
0.317342	5
0.317385	6
0.317386	7
0.317387	8
0.317389	9
0.31739	10
0.317395	11
0.317456	12
0.317518	13
0.317584	14
0.317643	15
0.317708	16
0.317778	17
0.317853	18
0.317931	19
0.318009	5
0.318016	6
0.318018	7
0.31802	8
0.318021	9
0.318022	10
0.318038	5
0.31808	6
0.318081	7
0.318082	8
0.318083	9
0.318085	10
0.318089	11
0.318149	12
0.318211	13
0.318277	14
0.318348	15
0.31841	16
0.318479	17
0.318552	18
0.318629	19
0.318707	5
0.318713	6
0.318716	7
0.318717	8
0.318718	9
0.318719	10
0.318735	6
0.318776	7
0.318777	8
0.318778	9
0.318779	10
0.318785	11
0.318843	12
0.318903	13
0.318969	14
0.31904	15
0.319115	16
0.319181	17
0.319253	18
0.319329	19
0.319407	5
0.319412	6
0.319414	7
0.319415	8
0.319416	9
0.319418	10
0.319433	6
0.319473	7
0.319474	8
0.319475	9
0.319476	10
0.319482	11
0.319539	12
0.319598	13
0.319663	14
0.319732	15
0.319807	16
0.319885	17
0.319955	18
0.320028	19
0.320106	5
0.320109	6
0.320111	7
0.320113	8
0.320116	9
0.320117	10
0.320133	6
0.320171	7
0.320172	8
0.320174	9
0.320175	10
0.320181	11
0.320236	12
0.320294	13
0.320357	14
0.320426	15
0.320499	16
0.320577	17
0.320659	18
0.320733	19
0.320807	5
0.320811	6
0.320813	7
0.320815	8
0.320817	9
0.320818	10
0.320833	6
0.320871	7
0.320872	8
0.320873	9
0.320874	10
0.32088	11
0.320934	12
0.320991	13
0.321053	14
0.321121	15
0.321193	16
0.32127	17
0.321352	18
0.321437	19
0.321511	5
0.321515	6
0.321516	7
0.321517	8
0.321519	9
0.32152	10
0.321535	6
0.321572	7
0.321573	8
0.321574	9
0.321575	10
0.321581	11
0.321634	12
0.321689	13
0.321751	14
0.321817	15
0.321888	16
0.321963	17
0.322044	18
0.322129	19
0.322215	5
0.322219	6
0.322221	7
0.322222	8
0.322223	9
0.322224	10
0.32224	5
0.322273	6
0.322275	7
0.322276	8
0.322277	9
0.322278	10
0.322283	11
0.322335	12
0.32239	13
0.322451	14
0.322515	15
0.322585	16
0.32266	17
0.322739	18
0.322823	19
0.322904	5
0.322913	6
0.322915	7
0.322916	8
0.322917	9
0.322918	10
0.322934	5
0.322979	6
0.322981	7
0.322982	8
0.322983	9
0.322984	10
0.322989	11
0.32304	12
0.323092	13
0.32315	14
0.323214	15
0.323282	16
0.323356	17
0.323434	18
0.323516	19
0.323594	5
0.323604	6
0.323607	7
0.323608	8
0.323609	9
0.323611	10
0.323626	5
0.323672	6
0.323673	7
0.323674	8
0.323675	9
0.323677	10
0.323681	11
0.323744	12
0.323794	13
0.323851	14
0.323913	15
0.323981	16
0.324053	17
0.32413	18
0.32421	19
0.324288	5
0.324298	6
0.3243	7
0.324302	8
0.324303	9
0.324304	10
0.32432	5
0.324364	6
0.324365	7
0.324367	8
0.324368	9
0.324369	10
0.324374	11
0.324436	12
0.324499	13
0.324553	14
0.324614	15
0.32468	16
0.324751	17
0.324827	18
0.324906	19
0.324984	5
0.324993	6
0.324995	7
0.324996	8
0.324998	9
0.324999	10
0.325014	5
0.325058	6
0.325059	7
0.32506	8
0.325061	9
0.325063	10
0.325067	11
0.325129	12
0.325191	13
0.325257	14
0.325316	15
0.325381	16
0.325451	17
0.325525	18
0.325603	19
0.325682	5
0.325689	6
0.325691	7
0.325692	8
0.325694	9
0.325695	10
0.32571	5
0.325752	6
0.325754	7
0.325755	8
0.325756	9
0.325757	10
0.325762	11
0.325822	12
0.325883	13
0.32595	14
0.326021	15
0.326083	16
0.326152	17
0.326225	18
0.326302	19
0.32638	5
0.326386	6
0.326388	7
0.32639	8
0.326391	9
0.326392	10
0.326408	6
0.326448	7
0.32645	8
0.326451	9
0.326452	10
0.326458	11
0.326516	12
0.326576	13
0.326642	14
0.326713	15
0.326787	16
0.326854	17
0.326926	18
0.327001	19
0.327079	5
0.327084	6
0.327087	7
0.327088	8
0.327089	9
0.32709	10
0.327106	6
0.327146	7
0.327147	8
0.327148	9
0.327149	10
0.327155	11
0.327212	12
0.327271	13
0.327336	14
0.327405	15
0.32748	16
0.327558	17
0.327628	18
0.327701	19
0.327779	5
0.327781	6
0.327784	7
0.327786	8
0.327789	9
0.32779	10
0.327805	6
0.327844	7
0.327845	8
0.327846	9
0.327848	10
0.327854	11
0.327909	12
0.327967	13
0.32803	14
0.328099	15
0.328172	16
0.32825	17
0.328332	18
0.328405	19
0.32848	5
0.328483	6
0.328486	7
0.328488	8
0.328489	9
0.328491	10
0.328506	6
0.328544	7
0.328545	8
0.328546	9
0.328547	10
0.328553	11
0.328607	12
0.328664	13
0.328726	14
0.328794	15
0.328866	16
0.328943	17
0.329024	18
0.32911	19
0.329184	5
0.329188	6
0.329189	7
0.32919	8
0.329191	9
0.329193	10
0.329208	6
0.329244	7
0.329245	8
0.329247	9
0.329248	10
0.329254	11
0.329307	12
0.329362	13
0.329423	14
0.329489	15
0.32956	16
0.329636	17
0.329717	18
0.329802	19
0.329887	5
0.329892	6
0.329893	7
0.329895	8
0.329896	9
0.329897	10
0.329913	5
0.329946	6
0.329947	7
0.329949	8
0.32995	9
0.329951	10
0.329956	11
0.330008	12
0.330063	13
0.330123	14
0.330188	15
0.330258	16
0.330332	17
0.330412	18
0.330496	19
0.330576	5
0.330586	6
0.330587	7
0.330589	8
0.33059	9
0.330591	10
0.330607	5
0.330652	6
0.330653	7
0.330655	8
0.330656	9
0.330657	10
0.330662	11
0.330712	12
0.330765	13
0.330823	14
0.330887	15
0.330955	16
0.331028	17
0.331107	18
0.331188	19
0.331266	5
0.331277	6
0.33128	7
0.331281	8
0.331282	9
0.331283	10
0.331299	5
0.331345	6
0.331346	7
0.331347	8
0.331348	9
0.331349	10
0.331354	11
0.331417	12
0.331467	13
0.331524	14
0.331586	15
0.331653	16
0.331726	17
0.331803	18
0.331883	19
0.331961	5
0.331971	6
0.331973	7
0.331974	8
0.331976	9
0.331977	10
0.331992	5
0.332037	6
0.332038	7
0.332039	8
0.332041	9
0.332042	10
0.332047	11
0.332109	12
0.332172	13
0.332226	14
0.332287	15
0.332353	16
0.332424	17
0.3325	18
0.332579	19
0.332657	5
0.332666	6
0.332668	7
0.332669	8
0.33267	9
0.332672	10
0.332687	5
0.33273	6
0.332732	7
0.332733	8
0.332734	9
0.332735	10
0.33274	11
0.332801	12
0.332864	13
0.33293	14
0.332989	15
0.333054	16
0.333124	17
0.333198	18
0.333276	19
0.333354	5
0.333362	6
0.333364	7
0.333365	8
0.333366	9
0.333368	10
0.333383	5
0.333425	6
0.333426	7
0.333428	8
0.333429	9
0.33343	10
0.333435	11
0.333495	12
0.333556	13
0.333622	14
0.333693	15
0.333756	16
0.333824	17
0.333898	18
0.333975	19
0.334053	5
0.334059	6
0.334061	7
0.334062	8
0.334063	9
0.334065	10
0.33408	6
0.334121	7
0.334122	8
0.334124	9
0.334125	10
0.334131	11
0.334189	12
0.334249	13
0.334315	14
0.334386	15
0.33446	16
0.334526	17
0.334598	18
0.334674	19
0.334752	5
0.334757	6
0.334759	7
0.334761	8
0.334762	9
0.334763	10
0.334779	6
0.334818	7
0.33482	8
0.334821	9
0.334822	10
0.334828	11
0.334884	12
0.334943	13
0.335008	14
0.335078	15
0.335153	16
0.335231	17
0.3353	18
0.335374	19
0.335452	5
0.335454	6
0.335457	7
0.335459	8
0.335461	9
0.335463	10
0.335478	6
0.335517	7
0.335518	8
0.335519	9
0.33552	10
0.335526	11
0.335582	12
0.335639	13
0.335703	14
0.335772	15
0.335845	16
0.335923	17
0.336005	18
0.336078	19
0.336153	5
0.336156	6
0.336159	7
0.336161	8
0.336162	9
0.336163	10
0.336179	6
0.336216	7
0.336217	8
0.336219	9
0.33622	10
0.336226	11
0.33628	12
0.336336	13
0.336399	14
0.336466	15
0.336538	16
0.336615	17
0.336697	18
0.336782	19
0.336857	5
0.336861	6
0.336862	7
0.336863	8
0.336864	9
0.336865	10
0.336881	6
0.336917	7
0.336918	8
0.336919	9
0.336921	10
0.336927	11
0.33698	12
0.337035	13
0.337096	14
0.337162	15
0.337233	16
0.337309	17
0.337389	18
0.337475	19
0.33756	5
0.337565	6
0.337566	7
0.337567	8
0.337569	9
0.33757	10
0.337585	5
0.337619	6
0.33762	7
0.337621	8
0.337623	9
0.337624	10
0.337629	11
0.337681	12
0.337736	13
0.337796	14
0.337861	15
0.337931	16
0.338005	17
0.338085	18
0.338169	19
0.338249	5
0.338259	6
0.33826	7
0.338261	8
0.338262	9
0.338264	10
0.338279	5
0.338325	6
0.338326	7
0.338327	8
0.338329	9
0.33833	10
0.338335	11
0.338385	12
0.338438	13
0.338496	14
0.338559	15
0.338628	16
0.338701	17
0.338779	18
0.338861	19
0.338939	5
0.33895	6
0.338952	7
0.338954	8
0.338955	9
0.338956	10
0.338972	5
0.339017	6
0.339019	7
0.33902	8
0.339021	9
0.339022	10
0.339027	11
0.339089	12
0.33914	13
0.339196	14
0.339259	15
0.339326	16
0.339398	17
0.339475	18
0.339556	19
0.339634	5
0.339644	6
0.339646	7
0.339647	8
0.339648	9
0.33965	10
0.339665	5
0.33971	6
0.339711	7
0.339712	8
0.339713	9
0.339715	10
0.339719	11
0.339782	12
0.339844	13
0.339898	14
0.33996	15
0.340026	16
0.340097	17
0.340172	18
0.340252	19
0.34033	5
0.340338	6
0.340341	7
0.340342	8
0.340343	9
0.340344	10
0.34036	5
0.340403	6
0.340404	7
0.340406	8
0.340407	9
0.340408	10
0.340413	11
0.340474	12
0.340537	13
0.340603	14
0.340662	15
0.340727	16
0.340796	17
0.340871	18
0.340949	19
0.341027	5
0.341034	6
0.341037	7
0.341038	8
0.341039	9
0.34104	10
0.341056	5
0.341098	6
0.341099	7
0.3411	8
0.341102	9
0.341103	10
0.341108	11
0.341168	12
0.341229	13
0.341295	14
0.341366	15
0.341429	16
0.341497	17
0.34157	18
0.341647	19
0.341725	5
0.341731	6
0.341734	7
0.341735	8
0.341736	9
0.341737	10
0.341753	6
0.341794	7
0.341795	8
0.341796	9
0.341798	10
0.341804	11
0.341861	12
0.341921	13
0.341987	14
0.342058	15
0.342133	16
0.342199	17
0.342271	18
0.342347	19
0.342425	5
0.34243	6
0.342432	7
0.342433	8
0.342435	9
0.342436	10
0.342451	6
0.342491	7
0.342492	8
0.342494	9
0.342495	10
0.342501	11
0.342557	12
0.342616	13
0.342681	14
0.342751	15
0.342825	16
0.342903	17
0.342973	18
0.343046	19
0.343125	5
0.343127	6
0.343129	7
0.343132	8
0.343134	9
0.343135	10
0.343151	6
0.343189	7
0.343191	8
0.343192	9
0.343193	10
0.343199	11
0.343254	12
0.343312	13
0.343376	14
0.343444	15
0.343518	16
0.343596	17
0.343677	18
0.343751	19
0.343825	5
0.343829	6
0.343831	7
0.343834	8
0.343835	9
0.343836	10
0.343852	6
0.343889	7
0.34389	8
0.343891	9
0.343893	10
0.343899	11
0.343953	12
0.344009	13
0.344072	14
0.344139	15
0.344211	16
0.344288	17
0.34437	18
0.344455	19
0.34453	5
0.344533	6
0.344535	7
0.344536	8
0.344537	9
0.344538	10
0.344554	6
0.34459	7
0.344591	8
0.344592	9
0.344593	10
0.344599	11
0.344652	12
0.344708	13
0.344769	14
0.344835	15
0.344906	16
0.344982	17
0.345062	18
0.345148	19
0.345233	5
0.345238	6
0.345239	7
0.34524	8
0.345241	9
0.345243	10
0.345258	5
0.345292	6
0.345293	7
0.345294	8
0.345295	9
0.345297	10
0.345301	11
0.345353	12
0.345409	13
0.345469	14
0.345534	15
0.345604	16
0.345678	17
0.345757	18
0.345841	19
0.345922	5
0.345932	6
0.345933	7
0.345934	8
0.345935	9
0.345936	10
0.345952	5
0.345998	6
0.345999	7
0.346	8
0.346001	9
0.346003	10
0.346007	11
0.346058	12
0.346111	13
0.346168	14
0.346232	15
0.346301	16
0.346374	17
0.346452	18
0.346534	19
0.346612	5
0.346623	6
0.346625	7
0.346626	8
0.346628	9
0.346629	10
0.346644	5
0.34669	6
0.346691	7
0.346693	8
0.346694	9
0.346695	10
0.3467	11
0.346762	12
0.346813	13
0.346869	14
0.346932	15
0.346999	16
0.347071	17
0.347148	18
0.347229	19
0.347307	5
0.347316	6
0.347319	7
0.34732	8
0.347321	9
0.347322	10
0.347338	5
0.347382	6
0.347384	7
0.347385	8
0.347386	9
0.347387	10
0.347392	11
0.347455	12
0.347517	13
0.347571	14
0.347632	15
0.347699	16
0.34777	17
0.347845	18
0.347925	19
0.348003	5
0.348011	6
0.348014	7
0.348015	8
0.348016	9
0.348017	10
0.348033	5
0.348076	6
0.348077	7
0.348078	8
0.34808	9
0.348081	10
0.348086	11
0.348147	12
0.348209	13
0.348276	14
0.348334	15
0.348399	16
0.348469	17
0.348544	18
0.348622	19
0.3487	5
0.348707	6
0.348709	7
0.348711	8
0.348712	9
0.348713	10
0.348729	5
0.348771	6
0.348772	7
0.348773	8
0.348774	9
0.348776	10
0.34878	11
0.34884	12
0.348902	13
0.348968	14
0.349039	15
0.349101	16
0.34917	17
0.349243	18
0.34932	19
0.349398	5
0.349404	6
0.349407	7
0.349408	8
0.349409	9
0.34941	10
0.349426	6
0.349467	7
0.349468	8
0.349469	9
0.34947	10
0.349476	11
0.349534	12
0.349594	13
0.34966	14
0.349731	15
0.349806	16
0.349872	17
0.349944	18
0.35002	19
0.350098	5
0.350103	6
0.350105	7
0.350106	8
0.350107	9
0.350109	10
0.350124	6
0.350164	7
0.350165	8
0.350166	9
0.350167	10
0.350174	11
0.35023	12
0.350289	13
0.350354	14
0.350424	15
0.350498	16
0.350576	17
0.350646	18
0.350719	19
0.350797	5
0.3508	6
0.350802	7
0.350805	8
0.350807	9
0.350808	10
0.350824	6
0.350862	7
0.350863	8
0.350865	9
0.350866	10
0.350872	11
0.350927	12
0.350985	13
0.351049	14
0.351117	15
0.35119	16
0.351269	17
0.35135	18
0.351424	19
0.351498	5
0.351502	6
0.351504	7
0.351507	8
0.351508	9
0.351509	10
0.351525	6
0.351562	7
0.351563	8
0.351564	9
0.351565	10
0.351571	11
0.351626	12
0.351682	13
0.351745	14
0.351812	15
0.351884	16
0.351961	17
0.352043	18
0.352128	19
0.352202	5
0.352206	6
0.352207	7
0.352208	8
0.35221	9
0.352211	10
0.352227	6
0.352263	7
0.352264	8
0.352265	9
0.352266	10
0.352272	11
0.352325	12
0.35238	13
0.352442	14
0.352508	15
0.352579	16
0.352654	17
0.352735	18
0.35282	19
0.352906	5
0.35291	6
0.352912	7
0.352913	8
0.352914	9
0.352915	10
0.352931	5
0.352965	6
0.352966	7
0.352967	8
0.352968	9
0.352969	10
0.352974	11
0.353026	12
0.353082	13
0.353142	14
0.353207	15
0.353276	16
0.353351	17
0.35343	18
0.353514	19
0.353595	5
0.353604	6
0.353606	7
0.353607	8
0.353608	9
0.353609	10
0.353625	5
0.353671	6
0.353672	7
0.353673	8
0.353674	9
0.353675	10
0.35368	11
0.353731	12
0.353784	13
0.353841	14
0.353905	15
0.353973	16
0.354047	17
0.354125	18
0.354207	19
0.354285	5
0.354296	6
0.354298	7
0.354299	8
0.3543	9
0.354302	10
0.354317	5
0.354363	6
0.354364	7
0.354365	8
0.354366	9
0.354368	10
0.354372	11
0.354435	12
0.354485	13
0.354542	14
0.354604	15
0.354672	16
0.354744	17
0.354821	18
0.354901	19
0.35498	5
0.354989	6
0.354992	7
0.354993	8
0.354994	9
0.354995	10
0.355011	5
0.355055	6
0.355056	7
0.355058	8
0.355059	9
0.35506	10
0.355065	11
0.355127	12
0.35519	13
0.355244	14
0.355305	15
0.355371	16
0.355442	17
0.355518	18
0.355597	19
0.355675	5
0.355684	6
0.355686	7
0.355687	8
0.355689	9
0.35569	10
0.355706	5
0.355749	6
0.35575	7
0.355751	8
0.355752	9
0.355754	10
0.355758	11
0.35582	12
0.355882	13
0.355948	14
0.356007	15
0.356072	16
0.356142	17
0.356216	18
0.356294	19
0.356373	5
0.35638	6
0.356382	7
0.356383	8
0.356385	9
0.356386	10
0.356401	5
0.356444	6
0.356445	7
0.356446	8
0.356447	9
0.356448	10
0.356453	11
0.356513	12
0.356575	13
0.356641	14
0.356712	15
0.356774	16
0.356843	17
0.356916	18
0.356993	19
0.357071	5
0.357077	6
0.357079	7
0.357081	8
0.357082	9
0.357083	10
0.357099	6
0.357139	7
0.357141	8
0.357142	9
0.357143	10
0.357149	11
0.357207	12
0.357267	13
0.357333	14
0.357404	15
0.357478	16
0.357545	17
0.357617	18
0.357692	19
0.357771	5
0.357775	6
0.357778	7
0.357779	8
0.35778	9
0.357781	10
0.357797	6
0.357837	7
0.357838	8
0.357839	9
0.35784	10
0.357846	11
0.357903	12
0.357962	13
0.358027	14
0.358096	15
0.358171	16
0.358249	17
0.358319	18
0.358392	19
0.35847	5
0.358473	6
0.358475	7
0.358477	8
0.35848	9
0.358481	10
0.358497	6
0.358535	7
0.358536	8
0.358537	9
0.358539	10
0.358545	11
0.3586	12
0.358658	13
0.358721	14
0.35879	15
0.358863	16
0.358941	17
0.359023	18
0.359096	19
0.359171	5
0.359174	6
0.359177	7
0.359179	8
0.35918	9
0.359182	10
0.359197	6
0.359235	7
0.359236	8
0.359237	9
0.359238	10
0.359244	11
0.359298	12
0.359355	13
0.359417	14
0.359485	15
0.359557	16
0.359634	17
0.359715	18
0.359801	19
0.359875	5
0.359879	6
0.35988	7
0.359881	8
0.359882	9
0.359884	10
0.359899	6
0.359935	7
0.359937	8
0.359938	9
0.359939	10
0.359945	11
0.359998	12
0.360053	13
0.360114	14
0.360181	15
0.360251	16
0.360327	17
0.360408	18
0.360493	19
0.360578	5
0.360583	6
0.360584	7
0.360586	8
0.360587	9
0.360588	10
0.360604	5
0.360637	6
0.360639	7
0.36064	8
0.360641	9
0.360642	10
0.360647	11
0.360699	12
0.360754	13
0.360814	14
0.360879	15
0.360949	16
0.361024	17
0.361103	18
0.361187	19
0.361268	5
0.361277	6
0.361278	7
0.36128	8
0.361281	9
0.361282	10
0.361298	5
0.361343	6
0.361344	7
0.361346	8
0.361347	9
0.361348	10
0.361353	11
0.361403	12
0.361456	13
0.361514	14
0.361578	15
0.361646	16
0.36172	17
0.361798	18
0.361879	19
0.361958	5
0.361968	6
0.361971	7
0.361972	8
0.361973	9
0.361974	10
0.36199	5
0.362036	6
0.362037	7
0.362038	8
0.362039	9
0.36204	10
0.362045	11
0.362108	12
0.362158	13
0.362215	14
0.362277	15
0.362345	16
0.362417	17
0.362494	18
0.362574	19
0.362652	5
0.362662	6
0.362664	7
0.362665	8
0.362667	9
0.362668	10
0.362684	5
0.362728	6
0.362729	7
0.36273	8
0.362732	9
0.362733	10
0.362738	11
0.3628	12
0.362863	13
0.362917	14
0.362978	15
0.363044	16
0.363115	17
0.363191	18
0.36327	19
0.363348	5
0.363357	6
0.363359	7
0.36336	8
0.363361	9
0.363363	10
0.363378	5
0.363422	6
0.363423	7
0.363424	8
0.363425	9
0.363426	10
0.363431	11
0.363492	12
0.363555	13
0.363621	14
0.36368	15
0.363745	16
0.363815	17
0.363889	18
0.363967	19
0.364045	5
0.364053	6
0.364055	7
0.364056	8
0.364057	9
0.364059	10
0.364074	5
0.364116	6
0.364118	7
0.364119	8
0.36412	9
0.364121	10
0.364126	11
0.364186	12
0.364247	13
0.364313	14
0.364384	15
0.364447	16
0.364515	17
0.364589	18
0.364666	19
0.364744	5
0.36475	6
0.364752	7
0.364753	8
0.364755	9
0.364756	10
0.364771	6
0.364812	7
0.364813	8
0.364815	9
0.364816	10
0.364822	11
0.36488	12
0.36494	13
0.365006	14
0.365077	15
0.365151	16
0.365217	17
0.365289	18
0.365365	19
0.365443	5
0.365448	6
0.365451	7
0.365452	8
0.365453	9
0.365454	10
0.36547	6
0.365509	7
0.365511	8
0.365512	9
0.365513	10
0.365519	11
0.365576	12
0.365634	13
0.365699	14
0.365769	15
0.365844	16
0.365922	17
0.365991	18
0.366065	19
0.366143	5
0.366145	6
0.366148	7
0.36615	8
0.366152	9
0.366154	10
0.366169	6
0.366208	7
0.366209	8
0.36621	9
0.366211	10
0.366217	11
0.366273	12
0.36633	13
0.366394	14
0.366463	15
0.366536	16
0.366614	17
0.366696	18
0.366769	19
0.366844	5
0.366847	6
0.36685	7
0.366852	8
0.366853	9
0.366854	10
0.36687	6
0.366907	7
0.366909	8
0.36691	9
0.366911	10
0.366917	11
0.366971	12
0.367028	13
0.36709	14
0.367157	15
0.367229	16
0.367306	17
0.367388	18
0.367473	19
0.367548	5
0.367552	6
0.367553	7
0.367554	8
0.367555	9
0.367556	10
0.367572	6
0.367608	7
0.367609	8
0.367611	9
0.367612	10
0.367618	11
0.367671	12
0.367726	13
0.367787	14
0.367853	15
0.367924	16
0.368	17
0.368081	18
0.368166	19
0.368251	5
0.368256	6
0.368257	7
0.368258	8
0.36826	9
0.368261	10
0.368276	5
0.36831	6
0.368311	7
0.368312	8
0.368314	9
0.368315	10
0.36832	11
0.368372	12
0.368427	13
0.368487	14
0.368552	15
0.368622	16
0.368696	17
0.368776	18
0.36886	19
0.36894	5
0.36895	6
0.368951	7
0.368952	8
0.368954	9
0.368955	10
0.36897	5
0.369016	6
0.369017	7
0.369018	8
0.36902	9
0.369021	10
0.369026	11
0.369076	12
0.369129	13
0.369187	14
0.36925	15
0.369319	16
0.369392	17
0.36947	18
0.369552	19
0.36963	5
0.369641	6
0.369644	7
0.369645	8
0.369646	9
0.369647	10
0.369663	5
0.369708	6
0.36971	7
0.369711	8
0.369712	9
0.369713	10
0.369718	11
0.369781	12
0.369831	13
0.369888	14
0.36995	15
0.370017	16
0.370089	17
0.370166	18
0.370247	19
0.370325	5
0.370335	6
0.370337	7
0.370338	8
0.370339	9
0.370341	10
0.370356	5
0.370401	6
0.370402	7
0.370403	8
0.370404	9
0.370406	10
0.37041	11
0.370473	12
0.370535	13
0.370589	14
0.370651	15
0.370717	16
0.370788	17
0.370864	18
0.370943	19
0.371021	5
0.371029	6
0.371032	7
0.371033	8
0.371034	9
0.371035	10
0.371051	5
0.371094	6
0.371096	7
0.371097	8
0.371098	9
0.371099	10
0.371104	11
0.371165	12
0.371228	13
0.371294	14
0.371353	15
0.371418	16
0.371487	17
0.371562	18
0.37164	19
0.371718	5
0.371725	6
0.371728	7
0.371729	8
0.37173	9
0.371731	10
0.371747	5
0.371789	6
0.37179	7
0.371791	8
0.371793	9
0.371794	10
0.371799	11
0.371859	12
0.37192	13
0.371986	14
0.372057	15
0.37212	16
0.372188	17
0.372261	18
0.372338	19
0.372417	5
0.372423	6
0.372425	7
0.372426	8
0.372427	9
0.372429	10
0.372444	6
0.372485	7
0.372486	8
0.372487	9
0.372489	10
0.372495	11
0.372552	12
0.372612	13
0.372679	14
0.372749	15
0.372824	16
0.37289	17
0.372962	18
0.373038	19
0.373116	5
0.373121	6
0.373123	7
0.373124	8
0.373126	9
0.373127	10
0.373143	6
0.373182	7
0.373183	8
0.373185	9
0.373186	10
0.373192	11
0.373248	12
0.373307	13
0.373372	14
0.373442	15
0.373516	16
0.373594	17
0.373664	18
0.373738	19
0.373816	5
0.373818	6
0.37382	7
0.373823	8
0.373825	9
0.373826	10
0.373842	6
0.373881	7
0.373882	8
0.373883	9
0.373884	10
0.37389	11
0.373945	12
0.374003	13
0.374067	14
0.374135	15
0.374209	16
0.374287	17
0.374369	18
0.374442	19
0.374516	5
0.37452	6
0.374522	7
0.374525	8
0.374526	9
0.374527	10
0.374543	6
0.37458	7
0.374581	8
0.374583	9
0.374584	10
0.37459	11
0.374644	12
0.3747	13
0.374763	14
0.37483	15
0.374902	16
0.374979	17
0.375061	18
0.375146	19
0.375221	5
0.375224	6
0.375226	7
0.375227	8
0.375228	9
0.375229	10
0.375245	6
0.375281	7
0.375282	8
0.375283	9
0.375284	10
0.375291	11
0.375343	12
0.375399	13
0.37546	14
0.375526	15
0.375597	16
0.375673	17
0.375753	18
0.375839	19
0.375924	5
0.375929	6
0.37593	7
0.375931	8
0.375932	9
0.375934	10
0.375949	5
0.375983	6
0.375984	7
0.375985	8
0.375986	9
0.375988	10
0.375992	11
0.376045	12
0.3761	13
0.37616	14
0.376225	15
0.376295	16
0.376369	17
0.376448	18
0.376533	19
0.376613	5
0.376623	6
0.376624	7
0.376625	8
0.376626	9
0.376628	10
0.376643	5
0.376689	6
0.37669	7
0.376691	8
0.376692	9
0.376694	10
0.376698	11
0.376749	12
0.376802	13
0.37686	14
0.376923	15
0.376992	16
0.377065	17
0.377143	18
0.377225	19
0.377303	5
0.377314	6
0.377316	7
0.377317	8
0.377319	9
0.37732	10
0.377336	5
0.377381	6
0.377382	7
0.377384	8
0.377385	9
0.377386	10
0.377391	11
0.377453	12
0.377504	13
0.37756	14
0.377623	15
0.37769	16
0.377762	17
0.377839	18
0.37792	19
0.377998	5
0.378007	6
0.37801	7
0.378011	8
0.378012	9
0.378013	10
0.378029	5
0.378074	6
0.378075	7
0.378076	8
0.378077	9
0.378078	10
0.378083	11
0.378146	12
0.378208	13
0.378262	14
0.378324	15
0.37839	16
0.378461	17
0.378536	18
0.378616	19
0.378694	5
0.378702	6
0.378705	7
0.378706	8
0.378707	9
0.378708	10
0.378724	5
0.378767	6
0.378768	7
0.378769	8
0.378771	9
0.378772	10
0.378777	11
0.378838	12
0.378901	13
0.378967	14
0.379026	15
0.37909	16
0.37916	17
0.379235	18
0.379313	19
0.379391	5
0.379398	6
0.379401	7
0.379402	8
0.379403	9
0.379404	10
0.37942	5
0.379462	6
0.379463	7
0.379464	8
0.379465	9
0.379467	10
0.379471	11
0.379532	12
0.379593	13
0.379659	14
0.37973	15
0.379792	16
0.379861	17
0.379934	18
0.380011	19
0.380089	5
0.380095	6
0.380098	7
0.380099	8
0.3801	9
0.380101	10
0.380117	6
0.380158	7
0.380159	8
0.38016	9
0.380161	10
0.380167	11
0.380225	12
0.380285	13
0.380351	14
0.380422	15
0.380497	16
0.380563	17
0.380635	18
0.380711	19
0.380789	5
0.380794	6
0.380796	7
0.380797	8
0.380798	9
0.3808	10
0.380815	6
0.380855	7
0.380856	8
0.380857	9
0.380859	10
0.380865	11
0.380921	12
0.38098	13
0.381045	14
0.381115	15
0.381189	16
0.381267	17
0.381337	18
0.38141	19
0.381488	5
0.381491	6
0.381493	7
0.381496	8
0.381498	9
0.381499	10
0.381515	6
0.381553	7
0.381555	8
0.381556	9
0.381557	10
0.381563	11
0.381618	12
0.381676	13
0.38174	14
0.381808	15
0.381881	16
0.38196	17
0.382041	18
0.382115	19
0.382189	5
0.382193	6
0.382195	7
0.382198	8
0.382199	9
0.3822	10
0.382216	6
0.382253	7
0.382254	8
0.382255	9
0.382256	10
0.382263	11
0.382317	12
0.382373	13
0.382436	14
0.382503	15
0.382575	16
0.382652	17
0.382734	18
0.382819	19
0.382894	5
0.382897	6
0.382898	7
0.3829	8
0.382901	9
0.382902	10
0.382918	6
0.382954	7
0.382955	8
0.382956	9
0.382957	10
0.382963	11
0.383016	12
0.383071	13
0.383133	14
0.383199	15
0.38327	16
0.383346	17
0.383426	18
0.383511	19
0.383597	5
0.383602	6
0.383603	7
0.383604	8
0.383605	9
0.383606	10
0.383622	5
0.383656	6
0.383657	7
0.383658	8
0.383659	9
0.38366	10
0.383665	11
0.383717	12
0.383773	13
0.383833	14
0.383898	15
0.383967	16
0.384042	17
0.384121	18
0.384205	19
0.384286	5
0.384295	6
0.384297	7
0.384298	8
0.384299	9
0.3843	10
0.384316	5
0.384362	6
0.384363	7
0.384364	8
0.384365	9
0.384366	10
0.384371	11
0.384422	12
0.384475	13
0.384532	14
0.384596	15
0.384665	16
0.384738	17
0.384816	18
0.384898	19
0.384976	5
0.384987	6
0.384989	7
0.38499	8
0.384991	9
0.384993	10
0.385008	5
0.385054	6
0.385055	7
0.385056	8
0.385058	9
0.385059	10
0.385064	11
0.385126	12
0.385177	13
0.385233	14
0.385296	15
0.385363	16
0.385435	17
0.385512	18
0.385592	19
0.385671	5
0.38568	6
0.385683	7
0.385684	8
0.385685	9
0.385686	10
0.385702	5
0.385746	6
0.385748	7
0.385749	8
0.38575	9
0.385751	10
0.385756	11
0.385818	12
0.385881	13
0.385935	14
0.385996	15
0.386062	16
0.386133	17
0.386209	18
0.386288	19
0.386367	5
0.386375	6
0.386377	7
0.386379	8
0.38638	9
0.386381	10
0.386397	5
0.38644	6
0.386441	7
0.386442	8
0.386443	9
0.386445	10
0.386449	11
0.386511	12
0.386573	13
0.386639	14
0.386698	15
0.386763	16
0.386833	17
0.386907	18
0.386986	19
0.387064	5
0.387071	6
0.387073	7
0.387075	8
0.387076	9
0.387077	10
0.387093	5
0.387135	6
0.387136	7
0.387137	8
0.387138	9
0.387139	10
0.387144	11
0.387204	12
0.387266	13
0.387332	14
0.387403	15
0.387465	16
0.387534	17
0.387607	18
0.387684	19
0.387762	5
0.387768	6
0.38777	7
0.387772	8
0.387773	9
0.387774	10
0.38779	6
0.387831	7
0.387832	8
0.387833	9
0.387834	10
0.38784	11
0.387898	12
0.387958	13
0.388024	14
0.388095	15
0.38817	16
0.388236	17
0.388308	18
0.388383	19
0.388462	5
0.388466	6
0.388469	7
0.38847	8
0.388471	9
0.388472	10
0.388488	6
0.388528	7
0.388529	8
0.38853	9
0.388531	10
0.388537	11
0.388594	12
0.388653	13
0.388718	14
0.388787	15
0.388862	16
0.38894	17
0.38901	18
0.389083	19
0.389161	5
0.389164	6
0.389166	7
0.389168	8
0.389171	9
0.389172	10
0.389188	6
0.389226	7
0.389227	8
0.389228	9
0.38923	10
0.389236	11
0.389291	12
0.389349	13
0.389412	14
0.389481	15
0.389554	16
0.389632	17
0.389714	18
0.389787	19
0.389862	5
0.389866	6
0.389868	7
0.38987	8
0.389872	9
0.389873	10
0.389888	6
0.389926	7
0.389927	8
0.389928	9
0.389929	10
0.389935	11
0.389989	12
0.390046	13
0.390108	14
0.390176	15
0.390248	16
0.390325	17
0.390406	18
0.390492	19
0.390566	5
0.39057	6
0.390571	7
0.390572	8
0.390574	9
0.390575	10
0.39059	6
0.390626	7
0.390628	8
0.390629	9
0.39063	10
0.390636	11
0.390689	12
0.390744	13
0.390806	14
0.390872	15
0.390943	16
0.391018	17
0.391099	18
0.391184	19
0.391269	5
0.391274	6
0.391276	7
0.391277	8
0.391278	9
0.391279	10
0.391295	5
0.391328	6
0.39133	7
0.391331	8
0.391332	9
0.391333	10
0.391338	11
0.39139	12
0.391445	13
0.391505	14
0.39157	15
0.39164	16
0.391715	17
0.391794	18
0.391878	19
0.391959	5
0.391968	6
0.391969	7
0.391971	8
0.391972	9
0.391973	10
0.391989	5
0.392034	6
0.392036	7
0.392037	8
0.392038	9
0.392039	10
0.392044	11
0.392094	12
0.392147	13
0.392205	14
0.392269	15
0.392337	16
0.392411	17
0.392489	18
0.39257	19
0.392649	5
0.392659	6
0.392662	7
0.392663	8
0.392664	9
0.392665	10
0.392681	5
0.392727	6
0.392728	7
0.392729	8
0.39273	9
0.392732	10
0.392736	11
0.392799	12
0.392849	13
0.392906	14
0.392968	15
0.393036	16
0.393108	17
0.393185	18
0.393265	19
0.393343	5
0.393353	6
0.393355	7
0.393357	8
0.393358	9
0.393359	10
0.393375	5
0.393419	6
0.39342	7
0.393421	8
0.393423	9
0.393424	10
0.393429	11
0.393491	12
0.393554	13
0.393608	14
0.393669	15
0.393735	16
0.393806	17
0.393882	18
0.393961	19
0.394039	5
0.394048	6
0.39405	7
0.394051	8
0.394053	9
0.394054	10
0.394069	5
0.394113	6
0.394114	7
0.394115	8
0.394116	9
0.394117	10
0.394122	11
0.394184	12
0.394246	13
0.394312	14
0.394371	15
0.394436	16
0.394506	17
0.39458	18
0.394658	19
0.394736	5
0.394744	6
0.394746	7
0.394747	8
0.394748	9
0.39475	10
0.394765	5
0.394807	6
0.394809	7
0.39481	8
0.394811	9
0.394812	10
0.394817	11
0.394877	12
0.394938	13
0.395005	14
0.395075	15
0.395138	16
0.395206	17
0.39528	18
0.395357	19
0.395435	5
0.395441	6
0.395443	7
0.395444	8
0.395446	9
0.395447	10
0.395462	6
0.395503	7
0.395505	8
0.395506	9
0.395507	10
0.395513	11
0.395571	12
0.395631	13
0.395697	14
0.395768	15
0.395842	16
0.395908	17
0.395981	18
0.396056	19
0.396134	5
0.396139	6
0.396142	7
0.396143	8
0.396144	9
0.396145	10
0.396161	6
0.3962	7
0.396202	8
0.396203	9
0.396204	10
0.39621	11
0.396267	12
0.396326	13
0.39639	14
0.39646	15
0.396535	16
0.396613	17
0.396683	18
0.396756	19
0.396834	5
0.396836	6
0.396839	7
0.396841	8
0.396844	9
0.396845	10
0.39686	6
0.396899	7
0.3969	8
0.396901	9
0.396902	10
0.396908	11
0.396964	12
0.397021	13
0.397085	14
0.397154	15
0.397227	16
0.397305	17
0.397387	18
0.39746	19
0.397535	5
0.397538	6
0.397541	7
0.397543	8
0.397544	9
0.397546	10
0.397561	6
0.397598	7
0.3976	8
0.397601	9
0.397602	10
0.397608	11
0.397662	12
0.397719	13
0.397781	14
0.397848	15
0.397921	16
0.397997	17
0.398079	18
0.398165	19
0.398239	5
0.398243	6
0.398244	7
0.398245	8
0.398246	9
0.398248	10
0.398263	6
0.398299	7
0.3983	8
0.398302	9
0.398303	10
0.398309	11
0.398362	12
0.398417	13
0.398478	14
0.398544	15
0.398615	16
0.398691	17
0.398772	18
0.398857	19
0.398942	5
0.398947	6
0.398948	7
0.398949	8
0.398951	9
0.398952	10
0.398968	5
0.399001	6
0.399002	7
0.399004	8
0.399005	9
0.399006	10
0.399011	11
0.399063	12
0.399118	13
0.399178	14
0.399243	15
0.399313	16
0.399387	17
0.399467	18
0.399551	19
0.399631	5
0.399641	6
0.399642	7
0.399643	8
0.399645	9
0.399646	10
0.399661	5
0.399707	6
0.399708	7
0.39971	8
0.399711	9
0.399712	10
0.399717	11
0.399767	12
0.39982	13
0.399878	14
0.399942	15
0.40001	16
0.400083	17
0.400161	18
0.400243	19
0.400321	5
0.400332	6
0.400335	7
0.400336	8
0.400337	9
0.400338	10
0.400354	5
0.400399	6
0.400401	7
0.400402	8
0.400403	9
0.400404	10
0.400409	11
0.400472	12
0.400522	13
0.400579	14
0.400641	15
0.400708	16
0.400781	17
0.400857	18
0.400938	19
0.401016	5
0.401026	6
0.401028	7
0.401029	8
0.401031	9
0.401032	10
0.401047	5
0.401092	6
0.401093	7
0.401094	8
0.401095	9
0.401097	10
0.401101	11
0.401164	12
0.401226	13
0.401281	14
0.401342	15
0.401408	16
0.401479	17
0.401555	18
0.401634	19
0.401712	5
0.40172	6
0.401723	7
0.401724	8
0.401725	9
0.401726	10
0.401742	5
0.401785	6
0.401787	7
0.401788	8
0.401789	9
0.40179	10
0.401795	11
0.401856	12
0.401919	13
0.401985	14
0.402044	15
0.402109	16
0.402178	17
0.402253	18
0.402331	19
0.402409	5
0.402416	6
0.402419	7
0.40242	8
0.402421	9
0.402422	10
0.402438	5
0.40248	6
0.402481	7
0.402483	8
0.402484	9
0.402485	10
0.40249	11
0.40255	12
0.402611	13
0.402677	14
0.402748	15
0.402811	16
0.402879	17
0.402953	18
0.403029	19
0.403108	5
0.403114	6
0.403116	7
0.403117	8
0.403118	9
0.40312	10
0.403135	6
0.403176	7
0.403177	8
0.403179	9
0.40318	10
0.403186	11
0.403243	12
0.403304	13
0.40337	14
0.403441	15
0.403515	16
0.403581	17
0.403653	18
0.403729	19
0.403807	5
0.403812	6
0.403814	7
0.403816	8
0.403817	9
0.403818	10
0.403834	6
0.403873	7
0.403874	8
0.403876	9
0.403877	10
0.403883	11
0.403939	12
0.403998	13
0.404063	14
0.404133	15
0.404207	16
0.404286	17
0.404355	18
0.404429	19
0.404507	5
0.404509	6
0.404512	7
0.404514	8
0.404516	9
0.404518	10
0.404533	6
0.404572	7
0.404573	8
0.404574	9
0.404575	10
0.404581	11
0.404637	12
0.404694	13
0.404758	14
0.404826	15
0.4049	16
0.404978	17
0.40506	18
0.405133	19
0.405207	5
0.405211	6
0.405213	7
0.405216	8
0.405217	9
0.405218	10
0.405234	6
0.405271	7
0.405272	8
0.405274	9
0.405275	10
0.405281	11
0.405335	12
0.405391	13
0.405454	14
0.405521	15
0.405593	16
0.40567	17
0.405752	18
0.405837	19
0.405912	5
0.405915	6
0.405917	7
0.405918	8
0.405919	9
0.40592	10
0.405936	6
0.405972	7
0.405973	8
0.405974	9
0.405976	10
0.405982	11
0.406034	12
0.40609	13
0.406151	14
0.406217	15
0.406288	16
0.406364	17
0.406444	18
0.40653	19
0.406615	5
0.40662	6
0.406621	7
0.406622	8
0.406623	9
0.406625	10
0.40664	5
0.406674	6
0.406675	7
0.406676	8
0.406678	9
0.406679	10
0.406684	11
0.406736	12
0.406791	13
0.406851	14
0.406916	15
0.406986	16
0.40706	17
0.40714	18
0.407224	19
0.407304	5
0.407314	6
0.407315	7
0.407316	8
0.407317	9
0.407319	10
0.407334	5
0.40738	6
0.407381	7
0.407382	8
0.407384	9
0.407385	10
0.40739	11
0.40744	12
0.407493	13
0.407551	14
0.407614	15
0.407683	16
0.407756	17
0.407834	18
0.407916	19
0.407994	5
0.408005	6
0.408007	7
0.408009	8
0.40801	9
0.408011	10
0.408027	5
0.408072	6
0.408073	7
0.408075	8
0.408076	9
0.408077	10
0.408082	11
0.408144	12
0.408195	13
0.408251	14
0.408314	15
0.408381	16
0.408453	17
0.40853	18
0.408611	19
0.408689	5
0.408698	6
0.408701	7
0.408702	8
0.408703	9
0.408705	10
0.40872	5
0.408765	6
0.408766	7
0.408767	8
0.408768	9
0.408769	10
0.408774	11
0.408837	12
0.408899	13
0.408953	14
0.409015	15
0.409081	16
0.409152	17
0.409227	18
0.409307	19
0.409385	5
0.409393	6
0.409396	7
0.409397	8
0.409398	9
0.409399	10
0.409415	5
0.409458	6
0.409459	7
0.409461	8
0.409462	9
0.409463	10
0.409468	11
0.409529	12
0.409592	13
0.409658	14
0.409717	15
0.409781	16
0.409851	17
0.409926	18
0.410004	19
0.410082	5
0.410089	6
0.410092	7
0.410093	8
0.410094	9
0.410095	10
0.410111	5
0.410153	6
0.410154	7
0.410155	8
0.410157	9
0.410158	10
0.410163	11
0.410223	12
0.410284	13
0.41035	14
0.410421	15
0.410483	16
0.410552	17
0.410625	18
0.410702	19
0.41078	5
0.410786	6
0.410789	7
0.41079	8
0.410791	9
0.410792	10
0.410808	6
0.410849	7
0.41085	8
0.410851	9
0.410852	10
0.410858	11
0.410916	12
0.410976	13
0.411042	14
0.411113	15
0.411188	16
0.411254	17
0.411326	18
0.411402	19
0.41148	5
0.411485	6
0.411487	7
0.411488	8
0.41149	9
0.411491	10
0.411506	6
0.411546	7
0.411547	8
0.411548	9
0.41155	10
0.411556	11
0.411612	12
0.411671	13
0.411736	14
0.411806	15
0.41188	16
0.411958	17
0.412028	18
0.412101	19
0.412179	5
0.412182	6
0.412184	7
0.412187	8
0.412189	9
0.41219	10
0.412206	6
0.412244	7
0.412246	8
0.412247	9
0.412248	10
0.412254	11
0.412309	12
0.412367	13
0.412431	14
0.412499	15
0.412573	16
0.412651	17
0.412732	18
0.412806	19
0.41288	5
0.412884	6
0.412886	7
0.412889	8
0.41289	9
0.412891	10
0.412907	6
0.412944	7
0.412945	8
0.412946	9
0.412948	10
0.412954	11
0.413008	12
0.413064	13
0.413127	14
0.413194	15
0.413266	16
0.413343	17
0.413425	18
0.41351	19
0.413585	5
0.413588	6
0.413589	7
0.413591	8
0.413592	9
0.413593	10
0.413609	6
0.413645	7
0.413646	8
0.413647	9
0.413648	10
0.413654	11
0.413707	12
0.413763	13
0.413824	14
0.41389	15
0.413961	16
0.414037	17
0.414117	18
0.414202	19
0.414288	5
0.414293	6
0.414294	7
0.414295	8
0.414296	9
0.414297	10
0.414313	5
0.414347	6
0.414348	7
0.414349	8
0.41435	9
0.414352	10
0.414356	11
0.414408	12
0.414464	13
0.414524	14
0.414589	15
0.414658	16
0.414733	17
0.414812	18
0.414896	19
0.414977	5
0.414987	6
0.414988	7
0.414989	8
0.41499	9
0.414991	10
0.415007	5
0.415053	6
0.415054	7
0.415055	8
0.415056	9
0.415057	10
0.415062	11
0.415113	12
0.415166	13
0.415223	14
0.415287	15
0.415356	16
0.415429	17
0.415507	18
0.415589	19
0.415667	5
0.415678	6
0.41568	7
0.415681	8
0.415683	9
0.415684	10
0.415699	5
0.415745	6
0.415746	7
0.415747	8
0.415749	9
0.41575	10
0.415755	11
0.415817	12
0.415868	13
0.415924	14
0.415987	15
0.416054	16
0.416126	17
0.416203	18
0.416284	19
0.416362	5
0.416371	6
0.416374	7
0.416375	8
0.416376	9
0.416377	10
0.416393	5
0.416437	6
0.416439	7
0.41644	8
0.416441	9
0.416442	10
0.416447	11
0.416509	12
0.416572	13
0.416626	14
0.416687	15
0.416754	16
0.416824	17
0.4169	18
0.416979	19
0.417058	5
0.417066	6
0.417068	7
0.41707	8
0.417071	9
0.417072	10
0.417088	5
0.417131	6
0.417132	7
0.417133	8
0.417135	9
0.417136	10
0.417141	11
0.417202	12
0.417264	13
0.41733	14
0.417389	15
0.417454	16
0.417524	17
0.417599	18
0.417677	19
0.417755	5
0.417762	6
0.417764	7
0.417766	8
0.417767	9
0.417768	10
0.417784	5
0.417826	6
0.417827	7
0.417828	8
0.417829	9
0.41783	10
0.417835	11
0.417895	12
0.417957	13
0.418023	14
0.418094	15
0.418156	16
0.418225	17
0.418298	18
0.418375	19
0.418453	5
0.418459	6
0.418462	7
0.418463	8
0.418464	9
0.418465	10
0.418481	6
0.418522	7
0.418523	8
0.418524	9
0.418525	10
0.418531	11
0.418589	12
0.418649	13
0.418715	14
0.418786	15
0.418861	16
0.418927	17
0.418999	18
0.419075	19
0.419153	5
0.419158	6
0.41916	7
0.419161	8
0.419162	9
0.419164	10
0.419179	6
0.419219	7
0.41922	8
0.419221	9
0.419222	10
0.419228	11
0.419285	12
0.419344	13
0.419409	14
0.419478	15
0.419553	16
0.419631	17
0.419701	18
0.419774	19
0.419852	5
0.419855	6
0.419857	7
0.419859	8
0.419862	9
0.419863	10
0.419879	6
0.419917	7
0.419918	8
0.41992	9
0.419921	10
0.419927	11
0.419982	12
0.42004	13
0.420103	14
0.420172	15
0.420245	16
0.420323	17
0.420405	18
0.420478	19
0.420553	5
0.420557	6
0.420559	7
0.420561	8
0.420563	9
0.420564	10
0.420579	6
0.420617	7
0.420618	8
0.420619	9
0.42062	10
0.420626	11
0.42068	12
0.420737	13
0.420799	14
0.420867	15
0.420939	16
0.421016	17
0.421098	18
0.421183	19
0.421257	5
0.421261	6
0.421262	7
0.421263	8
0.421265	9
0.421266	10
0.421281	6
0.421317	7
0.421319	8
0.42132	9
0.421321	10
0.421327	11
0.42138	12
0.421435	13
0.421497	14
0.421563	15
0.421634	16
0.421709	17
0.42179	18
0.421875	19
0.421961	5
0.421965	6
0.421967	7
0.421968	8
0.421969	9
0.42197	10
0.421986	5
0.422019	6
0.422021	7
0.422022	8
0.422023	9
0.422024	10
0.422029	11
0.422081	12
0.422136	13
0.422197	14
0.422261	15
0.422331	16
0.422406	17
0.422485	18
0.422569	19
0.42265	5
0.422659	6
0.422661	7
0.422662	8
0.422663	9
0.422664	10
0.42268	5
0.422725	6
0.422727	7
0.422728	8
0.422729	9
0.42273	10
0.422735	11
0.422786	12
0.422838	13
0.422896	14
0.42296	15
0.423028	16
0.423102	17
0.42318	18
0.423262	19
0.42334	5
0.42335	6
0.423353	7
0.423354	8
0.423355	9
0.423356	10
0.423372	5
0.423418	6
0.423419	7
0.42342	8
0.423421	9
0.423423	10
0.423427	11
0.42349	12
0.42354	13
0.423597	14
0.423659	15
0.423727	16
0.423799	17
0.423876	18
0.423956	19
0.424034	5
0.424044	6
0.424046	7
0.424048	8
0.424049	9
0.42405	10
0.424066	5
0.42411	6
0.424111	7
0.424113	8
0.424114	9
0.424115	10
0.42412	11
0.424182	12
0.424245	13
0.424299	14
0.42436	15
0.424426	16
0.424497	17
0.424573	18
0.424652	19
0.42473	5
0.424739	6
0.424741	7
0.424742	8
0.424744	9
0.424745	10
0.42476	5
0.424804	6
0.424805	7
0.424806	8
0.424807	9
0.424809	10
0.424813	11
0.424875	12
0.424937	13
0.425003	14
0.425062	15
0.425127	16
0.425197	17
0.425271	18
0.425349	19
0.425428	5
0.425435	6
0.425437	7
0.425438	8
0.42544	9
0.425441	10
0.425456	5
0.425498	6
0.4255	7
0.425501	8
0.425502	9
0.425503	10
0.425508	11
0.425568	12
0.425629	13
0.425696	14
0.425766	15
0.425829	16
0.425898	17
0.425971	18
0.426048	19
0.426126	5
0.426132	6
0.426134	7
0.426136	8
0.426137	9
0.426138	10
0.426154	6
0.426194	7
0.426196	8
0.426197	9
0.426198	10
0.426204	11
0.426262	12
0.426322	13
0.426388	14
0.426459	15
0.426533	16
0.426599	17
0.426672	18
0.426747	19
0.426825	5
0.42683	6
0.426833	7
0.426834	8
0.426835	9
0.426836	10
0.426852	6
0.426892	7
0.426893	8
0.426894	9
0.426895	10
0.426901	11
0.426958	12
0.427017	13
0.427081	14
0.427151	15
0.427226	16
0.427304	17
0.427374	18
0.427447	19
0.427525	5
0.427527	6
0.42753	7
0.427532	8
0.427535	9
0.427536	10
0.427551	6
0.42759	7
0.427591	8
0.427592	9
0.427594	10
0.4276	11
0.427655	12
0.427713	13
0.427776	14
0.427845	15
0.427918	16
0.427996	17
0.428078	18
0.428151	19
0.428226	5
0.428229	6
0.428232	7
0.428234	8
0.428235	9
0.428237	10
0.428252	6
0.428289	7
0.428291	8
0.428292	9
0.428293	10
0.428299	11
0.428353	12
0.42841	13
0.428472	14
0.42854	15
0.428612	16
0.428689	17
0.42877	18
0.428856	19
0.42893	5
0.428934	6
0.428935	7
0.428936	8
0.428937	9
0.428939	10
0.428954	6
0.42899	7
0.428991	8
0.428993	9
0.428994	10
0.429	11
0.429053	12
0.429108	13
0.429169	14
0.429235	15
0.429306	16
0.429382	17
0.429463	18
0.429548	19
0.429633	5
0.429638	6
0.429639	7
0.429641	8
0.429642	9
0.429643	10
0.429659	5
0.429692	6
0.429693	7
0.429695	8
0.429696	9
0.429697	10
0.429702	11
0.429754	12
0.429809	13
0.429869	14
0.429934	15
0.430004	16
0.430078	17
0.430158	18
0.430242	19
0.430322	5
0.430332	6
0.430333	7
0.430335	8
0.430336	9
0.430337	10
0.430353	5
0.430398	6
0.430399	7
0.430401	8
0.430402	9
0.430403	10
0.430408	11
0.430458	12
0.430511	13
0.430569	14
0.430633	15
0.430701	16
0.430774	17
0.430853	18
0.430934	19
0.431012	5
0.431023	6
0.431026	7
0.431027	8
0.431028	9
0.431029	10
0.431045	5
0.431091	6
0.431092	7
0.431093	8
0.431094	9
0.431095	10
0.4311	11
0.431163	12
0.431213	13
0.43127	14
0.431332	15
0.431399	16
0.431472	17
0.431549	18
0.431629	19
0.431707	5
0.431717	6
0.431719	7
0.43172	8
0.431722	9
0.431723	10
0.431738	5
0.431783	6
0.431784	7
0.431785	8
0.431787	9
0.431788	10
0.431793	11
0.431855	12
0.431918	13
0.431972	14
0.432033	15
0.432099	16
0.43217	17
0.432246	18
0.432325	19
0.432403	5
0.432412	6
0.432414	7
0.432415	8
0.432416	9
0.432418	10
0.432433	5
0.432476	6
0.432478	7
0.432479	8
0.43248	9
0.432481	10
0.432486	11
0.432547	12
0.43261	13
0.432676	14
0.432735	15
0.4328	16
0.43287	17
0.432944	18
0.433022	19
0.4331	5
0.433108	6
0.43311	7
0.433111	8
0.433112	9
0.433114	10
0.433129	5
0.433171	6
0.433172	7
0.433174	8
0.433175	9
0.433176	10
0.433181	11
0.433241	12
0.433302	13
0.433368	14
0.433439	15
0.433502	16
0.43357	17
0.433644	18
0.433721	19
0.433799	5
0.433805	6
0.433807	7
0.433808	8
0.433809	9
0.433811	10
0.433826	6
0.433867	7
0.433868	8
0.43387	9
0.433871	10
0.433877	11
0.433934	12
0.433995	13
0.434061	14
0.434132	15
0.434206	16
0.434272	17
0.434344	18
0.43442	19
0.434498	5
0.434503	6
0.434505	7
0.434507	8
0.434508	9
0.434509	10
0.434525	6
0.434564	7
0.434566	8
0.434567	9
0.434568	10
0.434574	11
0.43463	12
0.434689	13
0.434754	14
0.434824	15
0.434898	16
0.434977	17
0.435046	18
0.43512	19
0.435198	5
0.4352	6
0.435203	7
0.435205	8
0.435207	9
0.435209	10
0.435224	6
0.435263	7
0.435264	8
0.435265	9
0.435266	10
0.435272	11
0.435328	12
0.435385	13
0.435449	14
0.435518	15
0.435591	16
0.435669	17
0.435751	18
0.435824	19
0.435899	5
0.435902	6
0.435905	7
0.435907	8
0.435908	9
0.435909	10
0.435925	6
0.435962	7
0.435963	8
0.435965	9
0.435966	10
0.435972	11
0.436026	12
0.436082	13
0.436145	14
0.436212	15
0.436284	16
0.436361	17
0.436443	18
0.436528	19
0.436603	5
0.436607	6
0.436608	7
0.436609	8
0.43661	9
0.436611	10
0.436627	6
0.436663	7
0.436664	8
0.436665	9
0.436667	10
0.436673	11
0.436726	12
0.436781	13
0.436842	14
0.436908	15
0.436979	16
0.437055	17
0.437135	18
0.437221	19
0.437306	5
0.437311	6
0.437312	7
0.437313	8
0.437315	9
0.437316	10
0.437331	5
0.437365	6
0.437366	7
0.437367	8
0.437369	9
0.43737	10
0.437375	11
0.437427	12
0.437482	13
0.437542	14
0.437607	15
0.437677	16
0.437751	17
0.437831	18
0.437915	19
0.437995	5
0.438005	6
0.438006	7
0.438007	8
0.438008	9
0.43801	10
0.438025	5
0.438071	6
0.438072	7
0.438073	8
0.438075	9
0.438076	10
0.438081	11
0.438131	12
0.438184	13
0.438242	14
0.438305	15
0.438374	16
0.438447	17
0.438525	18
0.438607	19
0.438685	5
0.438696	6
0.438698	7
0.4387	8
0.438701	9
0.438702	10
0.438718	5
0.438763	6
0.438765	7
0.438766	8
0.438767	9
0.438768	10
0.438773	11
0.438835	12
0.438886	13
0.438942	14
0.439005	15
0.439072	16
0.439144	17
0.439221	18
0.439302	19
0.43938	5
0.43939	6
0.439392	7
0.439393	8
0.439394	9
0.439396	10
0.439411	5
0.439456	6
0.439457	7
0.439458	8
0.439459	9
0.43946	10
0.439465	11
0.439528	12
0.43959	13
0.439644	14
0.439706	15
0.439772	16
0.439843	17
0.439918	18
0.439998	19
0.440076	5
0.440084	6
0.440087	7
0.440088	8
0.440089	9
0.44009	10
0.440106	5
0.440149	6
0.44015	7
0.440152	8
0.440153	9
0.440154	10
0.440159	11
0.44022	12
0.440283	13
0.440349	14
0.440408	15
0.440473	16
0.440542	17
0.440617	18
0.440695	19
0.440773	5
0.44078	6
0.440783	7
0.440784	8
0.440785	9
0.440786	10
0.440802	5
0.440844	6
0.440845	7
0.440846	8
0.440848	9
0.440849	10
0.440854	11
0.440914	12
0.440975	13
0.441041	14
0.441112	15
0.441175	16
0.441243	17
0.441316	18
0.441393	19
0.441471	5
0.441477	6
0.44148	7
0.441481	8
0.441482	9
0.441483	10
0.441499	6
0.44154	7
0.441541	8
0.441542	9
0.441544	10
0.44155	11
0.441607	12
0.441667	13
0.441733	14
0.441804	15
0.441879	16
0.441945	17
0.442017	18
0.442093	19
0.442171	5
0.442176	6
0.442178	7
0.442179	8
0.442181	9
0.442182	10
0.442197	6
0.442237	7
0.442238	8
0.44224	9
0.442241	10
0.442247	11
0.442303	12
0.442362	13
0.442427	14
0.442497	15
0.442571	16
0.442649	17
0.442719	18
0.442792	19
0.442871	5
0.442873	6
0.442875	7
0.442878	8
0.44288	9
0.442881	10
0.442897	6
0.442935	7
0.442937	8
0.442938	9
0.442939	10
0.442945	11
0.443	12
0.443058	13
0.443122	14
0.44319	15
0.443264	16
0.443342	17
0.443423	18
0.443497	19
0.443571	5
0.443575	6
0.443577	7
0.44358	8
0.443581	9
0.443582	10
0.443598	6
0.443635	7
0.443636	8
0.443637	9
0.443639	10
0.443645	11
0.443699	12
0.443755	13
0.443818	14
0.443885	15
0.443957	16
0.444034	17
0.444116	18
0.444201	19
0.444276	5
0.444279	6
0.444281	7
0.444282	8
0.444283	9
0.444284	10
0.4443	6
0.444336	7
0.444337	8
0.444338	9
0.444339	10
0.444345	11
0.444398	12
0.444454	13
0.444515	14
0.444581	15
0.444652	16
0.444728	17
0.444808	18
0.444894	19
0.444979	5
0.444984	6
0.444985	7
0.444986	8
0.444987	9
0.444988	10
0.445004	5
0.445038	6
0.445039	7
0.44504	8
0.445041	9
0.445043	10
0.445047	11
0.445099	12
0.445155	13
0.445215	14
0.44528	15
0.445349	16
0.445424	17
0.445503	18
0.445587	19
0.445668	5
0.445678	6
0.445679	7
0.44568	8
0.445681	9
0.445682	10
0.445698	5
0.445744	6
0.445745	7
0.445746	8
0.445747	9
0.445749	10
0.445753	11
0.445804	12
0.445857	13
0.445914	14
0.445978	15
0.446047	16
0.44612	17
0.446198	18
0.44628	19
0.446358	5
0.446369	6
0.446371	7
0.446372	8
0.446374	9
0.446375	10
0.44639	5
0.446436	6
0.446437	7
0.446438	8
0.44644	9
0.446441	10
0.446446	11
0.446508	12
0.446559	13
0.446615	14
0.446678	15
0.446745	16
0.446817	17
0.446894	18
0.446975	19
0.447053	5
0.447062	6
0.447065	7
0.447066	8
0.447067	9
0.447068	10
0.447084	5
0.447128	6
0.44713	7
0.447131	8
0.447132	9
0.447133	10
0.447138	11
0.447201	12
0.447263	13
0.447317	14
0.447378	15
0.447445	16
0.447515	17
0.447591	18
0.447671	19
0.447749	5
0.447757	6
0.447759	7
0.447761	8
0.447762	9
0.447763	10
0.447779	5
0.447822	6
0.447823	7
0.447824	8
0.447826	9
0.447827	10
0.447832	11
0.447893	12
0.447955	13
0.448022	14
0.44808	15
0.448145	16
0.448215	17
0.44829	18
0.448368	19
0.448446	5
0.448453	6
0.448455	7
0.448457	8
0.448458	9
0.448459	10
0.448475	5
0.448517	6
0.448518	7
0.448519	8
0.44852	9
0.448522	10
0.448526	11
0.448586	12
0.448648	13
0.448714	14
0.448785	15
0.448847	16
0.448916	17
0.448989	18
0.449066	19
0.449144	5
0.44915	6
0.449153	7
0.449154	8
0.449155	9
0.449156	10
0.449172	6
0.449213	7
0.449214	8
0.449215	9
0.449216	10
0.449222	11
0.44928	12
0.44934	13
0.449406	14
0.449477	15
0.449552	16
0.449618	17
0.44969	18
0.449766	19
0.449844	5
0.449849	6
0.449851	7
0.449852	8
0.449853	9
0.449855	10
0.44987	6
0.44991	7
0.449911	8
0.449912	9
0.449913	10
0.449919	11
0.449976	12
0.450035	13
0.4501	14
0.45017	15
0.450244	16
0.450322	17
0.450392	18
0.450465	19
0.450543	5
0.450546	6
0.450548	7
0.450551	8
0.450553	9
0.450554	10
0.45057	6
0.450608	7
0.450609	8
0.450611	9
0.450612	10
0.450618	11
0.450673	12
0.450731	13
0.450795	14
0.450863	15
0.450936	16
0.451015	17
0.451096	18
0.45117	19
0.451244	5
0.451248	6
0.45125	7
0.451253	8
0.451254	9
0.451255	10
0.451271	6
0.451308	7
0.451309	8
0.45131	9
0.451311	10
0.451317	11
0.451372	12
0.451428	13
0.451491	14
0.451558	15
0.45163	16
0.451707	17
0.451789	18
0.451874	19
0.451948	5
0.451952	6
0.451953	7
0.451954	8
0.451956	9
0.451957	10
0.451973	6
0.452009	7
0.45201	8
0.452011	9
0.452012	10
0.452018	11
0.452071	12
0.452126	13
0.452188	14
0.452254	15
0.452325	16
0.4524	17
0.452481	18
0.452566	19
0.452652	5
0.452656	6
0.452658	7
0.452659	8
0.45266	9
0.452661	10
0.452677	5
0.452711	6
0.452712	7
0.452713	8
0.452714	9
0.452715	10
0.45272	11
0.452772	12
0.452828	13
0.452888	14
0.452953	15
0.453022	16
0.453097	17
0.453176	18
0.45326	19
0.453341	5
0.45335	6
0.453352	7
0.453353	8
0.453354	9
0.453355	10
0.453371	5
0.453417	6
0.453418	7
0.453419	8
0.45342	9
0.453421	10
0.453426	11
0.453477	12
0.453529	13
0.453587	14
0.453651	15
0.453719	16
0.453793	17
0.453871	18
0.453953	19
0.454031	5
0.454042	6
0.454044	7
0.454045	8
0.454046	9
0.454048	10
0.454063	5
0.454109	6
0.45411	7
0.454111	8
0.454112	9
0.454114	10
0.454118	11
0.454181	12
0.454231	13
0.454288	14
0.45435	15
0.454418	16
0.45449	17
0.454567	18
0.454647	19
0.454725	5
0.454735	6
0.454738	7
0.454739	8
0.45474	9
0.454741	10
0.454757	5
0.454801	6
0.454802	7
0.454804	8
0.454805	9
0.454806	10
0.454811	11
0.454873	12
0.454936	13
0.45499	14
0.455051	15
0.455117	16
0.455188	17
0.455264	18
0.455343	19
0.455421	5
0.45543	6
0.455432	7
0.455433	8
0.455435	9
0.455436	10
0.455451	5
0.455495	6
0.455496	7
0.455497	8
0.455498	9
0.4555	10
0.455504	11
0.455566	12
0.455628	13
0.455694	14
0.455753	15
0.455818	16
0.455888	17
0.455962	18
0.45604	19
0.456119	5
0.456126	6
0.456128	7
0.456129	8
0.456131	9
0.456132	10
0.456147	5
0.45619	6
0.456191	7
0.456192	8
0.456193	9
0.456194	10
0.456199	11
0.456259	12
0.456321	13
0.456387	14
0.456458	15
0.45652	16
0.456589	17
0.456662	18
0.456739	19
0.456817	5
0.456823	6
0.456825	7
0.456827	8
0.456828	9
0.456829	10
0.456845	6
0.456885	7
0.456887	8
0.456888	9
0.456889	10
0.456895	11
0.456953	12
0.457013	13
0.457079	14
0.45715	15
0.457224	16
0.457291	17
0.457363	18
0.457438	19
0.457517	5
0.457521	6
0.457524	7
0.457525	8
0.457526	9
0.457527	10
0.457543	6
0.457583	7
0.457584	8
0.457585	9
0.457586	10
0.457592	11
0.457649	12
0.457708	13
0.457773	14
0.457842	15
0.457917	16
0.457995	17
0.458065	18
0.458138	19
0.458216	5
0.458219	6
0.458221	7
0.458223	8
0.458226	9
0.458227	10
0.458243	6
0.458281	7
0.458282	8
0.458283	9
0.458285	10
0.458291	11
0.458346	12
0.458404	13
0.458467	14
0.458536	15
0.458609	16
0.458687	17
0.458769	18
0.458842	19
0.458917	5
0.45892	6
0.458923	7
0.458925	8
0.458926	9
0.458928	10
0.458943	6
0.458981	7
0.458982	8
0.458983	9
0.458984	10
0.45899	11
0.459044	12
0.459101	13
0.459163	14
0.459231	15
0.459303	16
0.45938	17
0.459461	18
0.459547	19
0.459621	5
0.459625	6
0.459626	7
0.459627	8
0.459628	9
0.45963	10
0.459645	6
0.459681	7
0.459683	8
0.459684	9
0.459685	10
0.459691	11
0.459744	12
0.459799	13
0.45986	14
0.459927	15
0.459997	16
0.460073	17
0.460154	18
0.460239	19
0.460324	5
0.460329	6
0.46033	7
0.460332	8
0.460333	9
0.460334	10
0.46035	5
0.460383	6
0.460385	7
0.460386	8
0.460387	9
0.460388	10
0.460393	11
0.460445	12
0.4605	13
0.46056	14
0.460625	15
0.460695	16
0.46077	17
0.460849	18
0.460933	19
0.461014	5
0.461023	6
0.461024	7
0.461026	8
0.461027	9
0.461028	10
0.461044	5
0.461089	6
0.46109	7
0.461092	8
0.461093	9
0.461094	10
0.461099	11
0.461149	12
0.461202	13
0.46126	14
0.461324	15
0.461392	16
0.461466	17
0.461544	18
0.461625	19
0.461704	5
0.461714	6
0.461717	7
0.461718	8
0.461719	9
0.46172	10
0.461736	5
0.461782	6
0.461783	7
0.461784	8
0.461785	9
0.461786	10
0.461791	11
0.461854	12
0.461904	13
0.461961	14
0.462023	15
0.462091	16
0.462163	17
0.46224	18
0.46232	19
0.462398	5
0.462408	6
0.46241	7
0.462411	8
0.462413	9
0.462414	10
0.46243	5
0.462474	6
0.462475	7
0.462476	8
0.462478	9
0.462479	10
0.462484	11
0.462546	12
0.462609	13
0.462663	14
0.462724	15
0.46279	16
0.462861	17
0.462937	18
0.463016	19
0.463094	5
0.463103	6
0.463105	7
0.463106	8
0.463107	9
0.463109	10
0.463124	5
0.463168	6
0.463169	7
0.46317	8
0.463171	9
0.463172	10
0.463177	11
0.463238	12
0.463301	13
0.463367	14
0.463426	15
0.463491	16
0.463561	17
0.463635	18
0.463713	19
0.463791	5
0.463799	6
0.463801	7
0.463802	8
0.463803	9
0.463805	10
0.46382	5
0.463862	6
0.463863	7
0.463865	8
0.463866	9
0.463867	10
0.463872	11
0.463932	12
0.463993	13
0.464059	14
0.46413	15
0.464193	16
0.464261	17
0.464335	18
0.464412	19
0.46449	5
0.464496	6
0.464498	7
0.464499	8
0.464501	9
0.464502	10
0.464517	6
0.464558	7
0.464559	8
0.464561	9
0.464562	10
0.464568	11
0.464626	12
0.464686	13
0.464752	14
0.464823	15
0.464897	16
0.464963	17
0.465035	18
0.465111	19
0.465189	5
0.465194	6
0.465197	7
0.465198	8
0.465199	9
0.4652	10
0.465216	6
0.465255	7
0.465257	8
0.465258	9
0.465259	10
0.465265	11
0.465322	12
0.46538	13
0.465445	14
0.465515	15
0.46559	16
0.465668	17
0.465737	18
0.465811	19
0.465889	5
0.465891	6
0.465894	7
0.465896	8
0.465898	9
0.4659	10
0.465915	6
0.465954	7
0.465955	8
0.465956	9
0.465957	10
0.465963	11
0.466019	12
0.466076	13
0.46614	14
0.466209	15
0.466282	16
0.46636	17
0.466442	18
0.466515	19
0.46659	5
0.466593	6
0.466596	7
0.466598	8
0.466599	9
0.4666	10
0.466616	6
0.466653	7
0.466655	8
0.466656	9
0.466657	10
0.466663	11
0.466717	12
0.466774	13
0.466836	14
0.466903	15
0.466975	16
0.467052	17
0.467134	18
0.467219	19
0.467294	5
0.467298	6
0.467299	7
0.4673	8
0.467301	9
0.467302	10
0.467318	6
0.467354	7
0.467355	8
0.467357	9
0.467358	10
0.467364	11
0.467417	12
0.467472	13
0.467533	14
0.467599	15
0.46767	16
0.467746	17
0.467826	18
0.467912	19
0.467997	5
0.468002	6
0.468003	7
0.468004	8
0.468006	9
0.468007	10
0.468022	5
0.468056	6
0.468057	7
0.468058	8
0.46806	9
0.468061	10
0.468066	11
0.468118	12
0.468173	13
0.468233	14
0.468298	15
0.468368	16
0.468442	17
0.468522	18
0.468606	19
0.468686	5
0.468696	6
0.468697	7
0.468698	8
0.4687	9
0.468701	10
0.468716	5
0.468762	6
0.468763	7
0.468764	8
0.468766	9
0.468767	10
0.468772	11
0.468822	12
0.468875	13
0.468933	14
0.468996	15
0.469065	16
0.469138	17
0.469216	18
0.469298	19
0.469376	5
0.469387	6
0.469389	7
0.469391	8
0.469392	9
0.469393	10
0.469409	5
0.469454	6
0.469456	7
0.469457	8
0.469458	9
0.469459	10
0.469464	11
0.469527	12
0.469577	13
0.469633	14
0.469696	15
0.469763	16
0.469835	17
0.469912	18
0.469993	19
0.470071	5
0.470081	6
0.470083	7
0.470084	8
0.470085	9
0.470087	10
0.470102	5
0.470147	6
0.470148	7
0.470149	8
0.47015	9
0.470152	10
0.470156	11
0.470219	12
0.470281	13
0.470335	14
0.470397	15
0.470463	16
0.470534	17
0.47061	18
0.470689	19
0.470767	5
0.470775	6
0.470778	7
0.470779	8
0.47078	9
0.470781	10
0.470797	5
0.47084	6
0.470842	7
0.470843	8
0.470844	9
0.470845	10
0.47085	11
0.470911	12
0.470974	13
0.47104	14
0.471099	15
0.471164	16
0.471233	17
0.471308	18
0.471386	19
0.471464	5
0.471471	6
0.471474	7
0.471475	8
0.471476	9
0.471477	10
0.471493	5
0.471535	6
0.471536	7
0.471537	8
0.471539	9
0.47154	10
0.471545	11
0.471605	12
0.471666	13
0.471732	14
0.471803	15
0.471866	16
0.471934	17
0.472007	18
0.472084	19
0.472163	5
0.472169	6
0.472171	7
0.472172	8
0.472173	9
0.472175	10
0.47219	6
0.472231	7
0.472232	8
0.472233	9
0.472235	10
0.472241	11
0.472298	12
0.472358	13
0.472425	14
0.472495	15
0.47257	16
0.472636	17
0.472708	18
0.472784	19
0.472862	5
0.472867	6
0.472869	7
0.47287	8
0.472872	9
0.472873	10
0.472889	6
0.472928	7
0.472929	8
0.472931	9
0.472932	10
0.472938	11
0.472994	12
0.473053	13
0.473118	14
0.473188	15
0.473262	16
0.47334	17
0.47341	18
0.473484	19
0.473562	5
0.473564	6
0.473566	7
0.473569	8
0.473571	9
0.473572	10
0.473588	6
0.473627	7
0.473628	8
0.473629	9
0.47363	10
0.473636	11
0.473691	12
0.473749	13
0.473813	14
0.473881	15
0.473955	16
0.474033	17
0.474115	18
0.474188	19
0.474262	5
0.474266	6
0.474268	7
0.474271	8
0.474272	9
0.474273	10
0.474289	6
0.474326	7
0.474327	8
0.474329	9
0.47433	10
0.474336	11
0.47439	12
0.474446	13
0.474509	14
0.474576	15
0.474648	16
0.474725	17
0.474807	18
0.474892	19
0.474967	5
0.47497	6
0.474972	7
0.474973	8
0.474974	9
0.474975	10
0.474991	6
0.475027	7
0.475028	8
0.475029	9
0.47503	10
0.475036	11
0.475089	12
0.475145	13
0.475206	14
0.475272	15
0.475343	16
0.475419	17
0.475499	18
0.475585	19
0.47567	5
0.475675	6
0.475676	7
0.475677	8
0.475678	9
0.47568	10
0.475695	5
0.475729	6
0.47573	7
0.475731	8
0.475732	9
0.475734	10
0.475738	11
0.475791	12
0.475846	13
0.475906	14
0.475971	15
0.476041	16
0.476115	17
0.476194	18
0.476279	19
0.476359	5
0.476369	6
0.47637	7
0.476371	8
0.476372	9
0.476374	10
0.476389	5
0.476435	6
0.476436	7
0.476437	8
0.476438	9
0.47644	10
0.476444	11
0.476495	12
0.476548	13
0.476605	14
0.476669	15
0.476738	16
0.476811	17
0.476889	18
0.476971	19
0.477049	5
0.47706	6
0.477062	7
0.477063	8
0.477065	9
0.477066	10
0.477081	5
0.477127	6
0.477128	7
0.47713	8
0.477131	9
0.477132	10
0.477137	11
0.477199	12
0.47725	13
0.477306	14
0.477369	15
0.477436	16
0.477508	17
0.477585	18
0.477666	19
0.477744	5
0.477753	6
0.477756	7
0.477757	8
0.477758	9
0.477759	10
0.477775	5
0.47782	6
0.477821	7
0.477822	8
0.477823	9
0.477824	10
0.477829	11
0.477892	12
0.477954	13
0.478008	14
0.47807	15
0.478136	16
0.478207	17
0.478282	18
0.478362	19
0.47844	5
0.478448	6
0.478451	7
0.478452	8
0.478453	9
0.478454	10
0.47847	5
0.478513	6
0.478514	7
0.478515	8
0.478517	9
0.478518	10
0.478523	11
0.478584	12
0.478646	13
0.478713	14
0.478772	15
0.478836	16
0.478906	17
0.478981	18
0.479059	19
0.479137	5
0.479144	6
0.479147	7
0.479148	8
0.479149	9
0.47915	10
0.479166	5
0.479208	6
0.479209	7
0.47921	8
0.479211	9
0.479213	10
0.479217	11
0.479278	12
0.479339	13
0.479405	14
0.479476	15
0.479538	16
0.479607	17
0.47968	18
0.479757	19
0.479835	5
0.479841	6
0.479844	7
0.479845	8
0.479846	9
0.479847	10
0.479863	6
0.479904	7
0.479905	8
0.479906	9
0.479907	10
0.479913	11
0.479971	12
0.480031	13
0.480097	14
0.480168	15
0.480243	16
0.480309	17
0.480381	18
0.480457	19
0.480535	5
0.48054	6
0.480542	7
0.480543	8
0.480544	9
0.480546	10
0.480561	6
0.480601	7
0.480602	8
0.480603	9
0.480605	10
0.480611	11
0.480667	12
0.480726	13
0.480791	14
0.480861	15
0.480935	16
0.481013	17
0.481083	18
0.481156	19
0.481234	5
0.481237	6
0.481239	7
0.481242	8
0.481244	9
0.481245	10
0.481261	6
0.481299	7
0.481301	8
0.481302	9
0.481303	10
0.481309	11
0.481364	12
0.481422	13
0.481486	14
0.481554	15
0.481627	16
0.481706	17
0.481787	18
0.481861	19
0.481935	5
0.481939	6
0.481941	7
0.481944	8
0.481945	9
0.481946	10
0.481962	6
0.481999	7
0.482	8
0.482001	9
0.482002	10
0.482008	11
0.482063	12
0.482119	13
0.482182	14
0.482249	15
0.482321	16
0.482398	17
0.48248	18
0.482565	19
0.48264	5
0.482643	6
0.482644	7
0.482646	8
0.482647	9
0.482648	10
0.482664	6
0.4827	7
0.482701	8
0.482702	9
0.482703	10
0.482709	11
0.482762	12
0.482817	13
0.482879	14
0.482945	15
0.483016	16
0.483091	17
0.483172	18
0.483257	19
0.483343	5
0.483348	6
0.483349	7
0.48335	8
0.483351	9
0.483352	10
0.483368	5
0.483402	6
0.483403	7
0.483404	8
0.483405	9
0.483406	10
0.483411	11
0.483463	12
0.483519	13
0.483579	14
0.483644	15
0.483713	16
0.483788	17
0.483867	18
0.483951	19
0.484032	5
0.484041	6
0.484043	7
0.484044	8
0.484045	9
0.484046	10
0.484062	5
0.484108	6
0.484109	7
0.48411	8
0.484111	9
0.484112	10
0.484117	11
0.484168	12
0.484221	13
0.484278	14
0.484342	15
0.48441	16
0.484484	17
0.484562	18
0.484644	19
0.484722	5
0.484733	6
0.484735	7
0.484736	8
0.484737	9
0.484739	10
0.484754	5
0.4848	6
0.484801	7
0.484802	8
0.484804	9
0.484805	10
0.48481	11
0.484872	12
0.484923	13
0.484979	14
0.485042	15
0.485109	16
0.485181	17
0.485258	18
0.485338	19
0.485417	5
0.485426	6
0.485429	7
0.48543	8
0.485431	9
0.485432	10
0.485448	5
0.485492	6
0.485493	7
0.485495	8
0.485496	9
0.485497	10
0.485502	11
0.485564	12
0.485627	13
0.485681	14
0.485742	15
0.485808	16
0.485879	17
0.485955	18
0.486034	19
0.486113	5
0.486121	6
0.486123	7
0.486125	8
0.486126	9
0.486127	10
0.486143	5
0.486186	6
0.486187	7
0.486188	8
0.486189	9
0.486191	10
0.486195	11
0.486257	12
0.486319	13
0.486385	14
0.486444	15
0.486509	16
0.486579	17
0.486653	18
0.486732	19
0.48681	5
0.486817	6
0.486819	7
0.48682	8
0.486822	9
0.486823	10
0.486839	5
0.486881	6
0.486882	7
0.486883	8
0.486884	9
0.486885	10
0.48689	11
0.48695	12
0.487012	13
0.487078	14
0.487149	15
0.487211	16
0.48728	17
0.487353	18
0.48743	19
0.487508	5
0.487514	6
0.487516	7
0.487518	8
0.487519	9
0.48752	10
0.487536	6
0.487577	7
0.487578	8
0.487579	9
0.48758	10
0.487586	11
0.487644	12
0.487704	13
0.48777	14
0.487841	15
0.487916	16
0.487982	17
0.488054	18
0.488129	19
0.488208	5
0.488212	6
0.488215	7
0.488216	8
0.488217	9
0.488218	10
0.488234	6
0.488274	7
0.488275	8
0.488276	9
0.488277	10
0.488283	11
0.48834	12
0.488399	13
0.488464	14
0.488533	15
0.488608	16
0.488686	17
0.488756	18
0.488829	19
0.488907	5
0.48891	6
0.488912	7
0.488914	8
0.488917	9
0.488918	10
0.488934	6
0.488972	7
0.488973	8
0.488974	9
0.488976	10
0.488982	11
0.489037	12
0.489095	13
0.489158	14
0.489227	15
0.4893	16
0.489378	17
0.48946	18
0.489533	19
0.489608	5
0.489612	6
0.489614	7
0.489616	8
0.489618	9
0.489619	10
0.489634	6
0.489672	7
0.489673	8
0.489674	9
0.489675	10
0.489681	11
0.489735	12
0.489792	13
0.489854	14
0.489922	15
0.489994	16
0.490071	17
0.490152	18
0.490238	19
0.490312	5
0.490316	6
0.490317	7
0.490318	8
0.49032	9
0.490321	10
0.490336	6
0.490372	7
0.490374	8
0.490375	9
0.490376	10
0.490382	11
0.490435	12
0.49049	13
0.490552	14
0.490618	15
0.490689	16
0.490764	17
0.490845	18
0.49093	19
0.491015	5
0.49102	6
0.491021	7
0.491023	8
0.491024	9
0.491025	10
0.491041	5
0.491074	6
0.491076	7
0.491077	8
0.491078	9
0.491079	10
0.491084	11
0.491136	12
0.491191	13
0.491251	14
0.491316	15
0.491386	16
0.491461	17
0.49154	18
0.491624	19
0.491705	5
0.491714	6
0.491715	7
0.491717	8
0.491718	9
0.491719	10
0.491735	5
0.49178	6
0.491782	7
0.491783	8
0.491784	9
0.491785	10
0.49179	11
0.49184	12
0.491893	13
0.491951	14
0.492015	15
0.492083	16
0.492157	17
0.492235	18
0.492316	19
0.492395	5
0.492405	6
0.492408	7
0.492409	8
0.49241	9
0.492411	10
0.492427	5
0.492473	6
0.492474	7
0.492475	8
0.492476	9
0.492478	10
0.492482	11
0.492545	12
0.492595	13
0.492652	14
0.492714	15
0.492782	16
0.492854	17
0.492931	18
0.493011	19
0.493089	5
0.493099	6
0.493101	7
0.493103	8
0.493104	9
0.493105	10
0.493121	5
0.493165	6
0.493166	7
0.493167	8
0.493169	9
0.49317	10
0.493175	11
0.493237	12
0.4933	13
0.493354	14
0.493415	15
0.493481	16
0.493552	17
0.493628	18
0.493707	19
0.493785	5
0.493794	6
0.493796	7
0.493797	8
0.493799	9
0.4938	10
0.493815	5
0.493859	6
0.49386	7
0.493861	8
0.493862	9
0.493863	10
0.493868	11
0.49393	12
0.493992	13
0.494058	14
0.494117	15
0.494182	16
0.494252	17
0.494326	18
0.494404	19
0.494482	5
0.49449	6
0.494492	7
0.494493	8
0.494494	9
0.494496	10
0.494511	5
0.494553	6
0.494555	7
0.494556	8
0.494557	9
0.494558	10
0.494563	11
0.494623	12
0.494684	13
0.49475	14
0.494821	15
0.494884	16
0.494952	17
0.495026	18
0.495103	19
0.495181	5
0.495187	6
0.495189	7
0.49519	8
0.495192	9
0.495193	10
0.495208	6
0.495249	7
0.495251	8
0.495252	9
0.495253	10
0.495259	11
0.495317	12
0.495377	13
0.495443	14
0.495514	15
0.495588	16
0.495654	17
0.495727	18
0.495802	19
0.49588	5
0.495885	6
0.495888	7
0.495889	8
0.49589	9
0.495891	10
0.495907	6
0.495946	7
0.495948	8
0.495949	9
0.49595	10
0.495956	11
0.496013	12
0.496071	13
0.496136	14
0.496206	15
0.496281	16
0.496359	17
0.496428	18
0.496502	19
0.49658	5
0.496582	6
0.496585	7
0.496587	8
0.49659	9
0.496591	10
0.496606	6
0.496645	7
0.496646	8
0.496647	9
0.496648	10
0.496654	11
0.49671	12
0.496767	13
0.496831	14
0.4969	15
0.496973	16
0.497051	17
0.497133	18
0.497206	19
0.497281	5
0.497284	6
0.497287	7
0.497289	8
0.49729	9
0.497292	10
0.497307	6
0.497344	7
0.497346	8
0.497347	9
0.497348	10
0.497354	11
0.497408	12
0.497465	13
0.497527	14
0.497594	15
0.497667	16
0.497743	17
0.497825	18
0.497911	19
0.497985	5
0.497989	6
0.49799	7
0.497991	8
0.497992	9
0.497993	10
0.498009	6
0.498045	7
0.498046	8
0.498048	9
0.498049	10
0.498055	11
0.498108	12
0.498163	13
0.498224	14
0.49829	15
0.498361	16
0.498437	17
0.498518	18
0.498603	19
0.498688	5
0.498693	6
0.498694	7
0.498695	8
0.498697	9
0.498698	10
0.498713	5
0.498747	6
0.498748	7
0.49875	8
0.498751	9
0.498752	10
0.498757	11
0.498809	12
0.498864	13
0.498924	14
0.498989	15
0.499059	16
0.499133	17
0.499213	18
0.499297	19
0.499377	5
0.499387	6
0.499388	7
0.499389	8
0.499391	9
0.499392	10
0.499407	5
0.499453	6
0.499454	7
0.499456	8
0.499457	9
0.499458	10
0.499463	11
0.499513	12
0.499566	13
0.499624	14
0.499688	15
0.499756	16
0.499829	17
0.499907	18
0.499989	19
0.500067	5
0.500078	6
0.500081	7
0.500082	8
0.500083	9
0.500084	10
0.5001	5
0.500145	6
0.500147	7
0.500148	8
0.500149	9
0.50015	10
0.500155	11
0.500218	12
0.500268	13
0.500325	14
0.500387	15
0.500454	16
0.500527	17
0.500603	18
0.500684	19
0.500762	5
0.500772	6
0.500774	7
0.500775	8
0.500777	9
0.500778	10
0.500793	5
0.500838	6
0.500839	7
0.50084	8
0.500841	9
0.500843	10
0.500847	11
0.50091	12
0.500972	13
0.501027	14
0.501088	15
0.501154	16
0.501225	17
0.501301	18
0.50138	19
0.501458	5
0.501466	6
0.501469	7
0.50147	8
0.501471	9
0.501472	10
0.501488	5
0.501531	6
0.501533	7
0.501534	8
0.501535	9
0.501536	10
0.501541	11
0.501602	12
0.501665	13
0.501731	14
0.50179	15
0.501855	16
0.501924	17
0.501999	18
0.502077	19
0.502155	5
0.502162	6
0.502165	7
0.502166	8
0.502167	9
0.502168	10
0.502184	5
0.502226	6
0.502227	7
0.502229	8
0.50223	9
0.502231	10
0.502236	11
0.502296	12
0.502357	13
0.502423	14
0.502494	15
0.502557	16
0.502625	17
0.502699	18
0.502775	19
0.502854	5
0.50286	6
0.502862	7
0.502863	8
0.502864	9
0.502866	10
0.502881	6
0.502922	7
0.502923	8
0.502924	9
0.502926	10
0.502932	11
0.502989	12
0.50305	13
0.503116	14
0.503187	15
0.503261	16
0.503327	17
0.503399	18
0.503475	19
0.503553	5
0.503558	6
0.50356	7
0.503562	8
0.503563	9
0.503564	10
0.50358	6
0.503619	7
0.50362	8
0.503622	9
0.503623	10
0.503629	11
0.503685	12
0.503744	13
0.503809	14
0.503879	15
0.503953	16
0.504032	17
0.504101	18
0.504175	19
0.504253	5
0.504255	6
0.504258	7
0.50426	8
0.504262	9
0.504264	10
0.504279	6
0.504318	7
0.504319	8
0.50432	9
0.504321	10
0.504327	11
0.504383	12
0.50444	13
0.504504	14
0.504572	15
0.504646	16
0.504724	17
0.504806	18
0.504879	19
0.504953	5
0.504957	6
0.504959	7
0.504962	8
0.504963	9
0.504964	10
0.50498	6
0.505017	7
0.505018	8
0.50502	9
0.505021	10
0.505027	11
0.505081	12
0.505137	13
0.5052	14
0.505267	15
0.505339	16
0.505416	17
0.505498	18
0.505583	19
0.505658	5
0.505661	6
0.505663	7
0.505664	8
0.505665	9
0.505666	10
0.505682	6
0.505718	7
0.505719	8
0.50572	9
0.505722	10
0.505728	11
0.50578	12
0.505836	13
0.505897	14
0.505963	15
0.506034	16
0.50611	17
0.50619	18
0.506276	19
0.506361	5
0.506366	6
0.506367	7
0.506368	8
0.506369	9
0.506371	10
0.506386	5
0.50642	6
0.506421	7
0.506422	8
0.506424	9
0.506425	10
0.50643	11
0.506482	12
0.506537	13
0.506597	14
0.506662	15
0.506732	16
0.506806	17
0.506885	18
0.50697	19
0.50705	5
0.50706	6
0.507061	7
0.507062	8
0.507063	9
0.507065	10
0.50708	5
0.507126	6
0.507127	7
0.507128	8
0.507129	9
0.507131	10
0.507136	11
0.507186	12
0.507239	13
0.507297	14
0.50736	15
0.507429	16
0.507502	17
0.50758	18
0.507662	19
0.50774	5
0.507751	6
0.507753	7
0.507755	8
0.507756	9
0.507757	10
0.507773	5
0.507818	6
0.507819	7
0.507821	8
0.507822	9
0.507823	10
0.507828	11
0.50789	12
0.507941	13
0.507997	14
0.50806	15
0.508127	16
0.508199	17
0.508276	18
0.508357	19
0.508435	5
0.508444	6
0.508447	7
0.508448	8
0.508449	9
0.50845	10
0.508466	5
0.508511	6
0.508512	7
0.508513	8
0.508514	9
0.508515	10
0.50852	11
0.508583	12
0.508645	13
0.508699	14
0.508761	15
0.508827	16
0.508898	17
0.508973	18
0.509053	19
0.509131	5
0.509139	6
0.509142	7
0.509143	8
0.509144	9
0.509145	10
0.509161	5
0.509204	6
0.509205	7
0.509207	8
0.509208	9
0.509209	10
0.509214	11
0.509275	12
0.509338	13
0.509404	14
0.509463	15
0.509527	16
0.509597	17
0.509672	18
0.50975	19
0.509828	5
0.509835	6
0.509838	7
0.509839	8
0.50984	9
0.509841	10
0.509857	5
0.509899	6
0.5099	7
0.509901	8
0.509903	9
0.509904	10
0.509909	11
0.509969	12
0.51003	13
0.510096	14
0.510167	15
0.510229	16
0.510298	17
0.510371	18
0.510448	19
0.510526	5
0.510532	6
0.510535	7
0.510536	8
0.510537	9
0.510538	10
0.510554	6
0.510595	7
0.510596	8
0.510597	9
0.510598	10
0.510604	11
0.510662	12
0.510722	13
0.510788	14
0.510859	15
0.510934	16
0.511	17
0.511072	18
0.511148	19
0.511226	5
0.511231	6
0.511233	7
0.511234	8
0.511236	9
0.511237	10
0.511252	6
0.511292	7
0.511293	8
0.511294	9
0.511296	10
0.511302	11
0.511358	12
0.511417	13
0.511482	14
0.511552	15
0.511626	16
0.511704	17
0.511774	18
0.511847	19
0.511925	5
0.511928	6
0.51193	7
0.511933	8
0.511935	9
0.511936	10
0.511952	6
0.51199	7
0.511992	8
0.511993	9
0.511994	10
0.512	11
0.512055	12
0.512113	13
0.512177	14
0.512245	15
0.512319	16
0.512397	17
0.512478	18
0.512552	19
0.512626	5
0.51263	6
0.512632	7
0.512635	8
0.512636	9
0.512637	10
0.512653	6
0.51269	7
0.512691	8
0.512692	9
0.512694	10
0.5127	11
0.512754	12
0.51281	13
0.512873	14
0.51294	15
0.513012	16
0.513089	17
0.513171	18
0.513256	19
0.513331	5
0.513334	6
0.513335	7
0.513337	8
0.513338	9
0.513339	10
0.513355	6
0.513391	7
0.513392	8
0.513393	9
0.513394	10
0.5134	11
0.513453	12
0.513509	13
0.51357	14
0.513636	15
0.513707	16
0.513783	17
0.513863	18
0.513948	19
0.514034	5
0.514039	6
0.51404	7
0.514041	8
0.514042	9
0.514043	10
0.514059	5
0.514093	6
0.514094	7
0.514095	8
0.514096	9
0.514097	10
0.514102	11
0.514154	12
0.51421	13
0.51427	14
0.514335	15
0.514404	16
0.514479	17
0.514558	18
0.514642	19
0.514723	5
0.514733	6
0.514734	7
0.514735	8
0.514736	9
0.514737	10
0.514753	5
0.514799	6
0.5148	7
0.514801	8
0.514802	9
0.514803	10
0.514808	11
0.514859	12
0.514912	13
0.514969	14
0.515033	15
0.515102	16
0.515175	17
0.515253	18
0.515335	19
0.515413	5
0.515424	6
0.515426	7
0.515427	8
0.515429	9
0.51543	10
0.515445	5
0.515491	6
0.515492	7
0.515493	8
0.515495	9
0.515496	10
0.515501	11
0.515563	12
0.515614	13
0.51567	14
0.515733	15
0.5158	16
0.515872	17
0.515949	18
0.51603	19
0.516108	5
0.516117	6
0.51612	7
0.516121	8
0.516122	9
0.516123	10
0.516139	5
0.516183	6
0.516185	7
0.516186	8
0.516187	9
0.516188	10
0.516193	11
0.516255	12
0.516318	13
0.516372	14
0.516433	15
0.516499	16
0.51657	17
0.516646	18
0.516725	19
0.516804	5
0.516812	6
0.516814	7
0.516816	8
0.516817	9
0.516818	10
0.516834	5
0.516877	6
0.516878	7
0.516879	8
0.516881	9
0.516882	10
0.516887	11
0.516948	12
0.51701	13
0.517076	14
0.517135	15
0.5172	16
0.51727	17
0.517344	18
0.517423	19
0.517501	5
0.517508	6
0.51751	7
0.517512	8
0.517513	9
0.517514	10
0.51753	5
0.517572	6
0.517573	7
0.517574	8
0.517575	9
0.517576	10
0.517581	11
0.517641	12
0.517703	13
0.517769	14
0.51784	15
0.517902	16
0.517971	17
0.518044	18
0.518121	19
0.518199	5
0.518205	6
0.518208	7
0.518209	8
0.51821	9
0.518211	10
0.518227	6
0.518268	7
0.518269	8
0.51827	9
0.518271	10
0.518277	11
0.518335	12
0.518395	13
0.518461	14
0.518532	15
0.518607	16
0.518673	17
0.518745	18
0.518821	19
0.518899	5
0.518903	6
0.518906	7
0.518907	8
0.518908	9
0.518909	10
0.518925	6
0.518965	7
0.518966	8
0.518967	9
0.518968	10
0.518974	11
0.519031	12
0.51909	13
0.519155	14
0.519224	15
0.519299	16
0.519377	17
0.519447	18
0.51952	19
0.519598	5
0.519601	6
0.519603	7
0.519605	8
0.519608	9
0.519609	10
0.519625	6
0.519663	7
0.519664	8
0.519666	9
0.519667	10
0.519673	11
0.519728	12
0.519786	13
0.519849	14
0.519918	15
0.519991	16
0.520069	17
0.520151	18
0.520224	19
0.520299	5
0.520303	6
0.520305	7
0.520307	8
0.520309	9
0.52031	10
0.520325	6
0.520363	7
0.520364	8
0.520365	9
0.520366	10
0.520372	11
0.520426	12
0.520483	13
0.520545	14
0.520613	15
0.520685	16
0.520762	17
0.520844	18
0.520929	19
0.521003	5
0.521007	6
0.521008	7
0.521009	8
0.521011	9
0.521012	10
0.521027	6
0.521063	7
0.521065	8
0.521066	9
0.521067	10
0.521073	11
0.521126	12
0.521181	13
0.521243	14
0.521309	15
0.52138	16
0.521455	17
0.521536	18
0.521621	19
0.521707	5
0.521711	6
0.521713	7
0.521714	8
0.521715	9
0.521716	10
0.521732	5
0.521765	6
0.521767	7
0.521768	8
0.521769	9
0.52177	10
0.521775	11
0.521827	12
0.521882	13
0.521943	14
0.522007	15
0.522077	16
0.522152	17
0.522231	18
0.522315	19
0.522396	5
0.522405	6
0.522407	7
0.522408	8
0.522409	9
0.52241	10
0.522426	5
0.522471	6
0.522473	7
0.522474	8
0.522475	9
0.522476	10
0.522481	11
0.522532	12
0.522584	13
0.522642	14
0.522706	15
0.522774	16
0.522848	17
0.522926	18
0.523008	19
0.523086	5
0.523096	6
0.523099	7
0.5231	8
0.523101	9
0.523102	10
0.523118	5
0.523164	6
0.523165	7
0.523166	8
0.523167	9
0.523169	10
0.523173	11
0.523236	12
0.523286	13
0.523343	14
0.523405	15
0.523473	16
0.523545	17
0.523622	18
0.523702	19
0.52378	5
0.52379	6
0.523792	7
0.523794	8
0.523795	9
0.523796	10
0.523812	5
0.523856	6
0.523857	7
0.523859	8
0.52386	9
0.523861	10
0.523866	11
0.523928	12
0.523991	13
0.524045	14
0.524106	15
0.524172	16
0.524243	17
0.524319	18
0.524398	19
0.524476	5
0.524485	6
0.524487	7
0.524488	8
0.52449	9
0.524491	10
0.524506	5
0.52455	6
0.524551	7
0.524552	8
0.524553	9
0.524554	10
0.524559	11
0.524621	12
0.524683	13
0.524749	14
0.524808	15
0.524873	16
0.524943	17
0.525017	18
0.525095	19
0.525174	5
0.525181	6
0.525183	7
0.525184	8
0.525186	9
0.525187	10
0.525202	5
0.525244	6
0.525246	7
0.525247	8
0.525248	9
0.525249	10
0.525254	11
0.525314	12
0.525375	13
0.525442	14
0.525512	15
0.525575	16
0.525644	17
0.525717	18
0.525794	19
0.525872	5
0.525878	6
0.52588	7
0.525881	8
0.525883	9
0.525884	10
0.5259	6
0.52594	7
0.525942	8
0.525943	9
0.525944	10
0.52595	11
0.526008	12
0.526068	13
0.526134	14
0.526205	15
0.526279	16
0.526345	17
0.526418	18
0.526493	19
0.526571	5
0.526576	6
0.526579	7
0.52658	8
0.526581	9
0.526582	10
0.526598	6
0.526638	7
0.526639	8
0.52664	9
0.526641	10
0.526647	11
0.526704	12
0.526763	13
0.526827	14
0.526897	15
0.526972	16
0.52705	17
0.52712	18
0.527193	19
0.527271	5
0.527273	6
0.527276	7
0.527278	8
0.527281	9
0.527282	10
0.527297	6
0.527336	7
0.527337	8
0.527338	9
0.52734	10
0.527346	11
0.527401	12
0.527459	13
0.527522	14
0.527591	15
0.527664	16
0.527742	17
0.527824	18
0.527897	19
0.527972	5
0.527975	6
0.527978	7
0.52798	8
0.527981	9
0.527983	10
0.527998	6
0.528035	7
0.528037	8
0.528038	9
0.528039	10
0.528045	11
0.528099	12
0.528156	13
0.528218	14
0.528285	15
0.528358	16
0.528435	17
0.528516	18
0.528602	19
0.528676	5
0.52868	6
0.528681	7
0.528682	8
0.528683	9
0.528685	10
0.5287	6
0.528736	7
0.528737	8
0.528739	9
0.52874	10
0.528746	11
0.528799	12
0.528854	13
0.528915	14
0.528981	15
0.529052	16
0.529128	17
0.529209	18
0.529294	19
0.529379	5
0.529384	6
0.529385	7
0.529387	8
0.529388	9
0.529389	10
0.529405	5
0.529438	6
0.529439	7
0.529441	8
0.529442	9
0.529443	10
0.529448	11
0.5295	12
0.529555	13
0.529615	14
0.52968	15
0.52975	16
0.529824	17
0.529904	18
0.529988	19
0.530068	5
0.530078	6
0.530079	7
0.53008	8
0.530082	9
0.530083	10
0.530099	5
0.530144	6
0.530145	7
0.530147	8
0.530148	9
0.530149	10
0.530154	11
0.530204	12
0.530257	13
0.530315	14
0.530379	15
0.530447	16
0.53052	17
0.530599	18
0.53068	19
0.530758	5
0.530769	6
0.530772	7
0.530773	8
0.530774	9
0.530775	10
0.530791	5
0.530837	6
0.530838	7
0.530839	8
0.53084	9
0.530841	10
0.530846	11
0.530909	12
0.530959	13
0.531016	14
0.531078	15
0.531145	16
0.531218	17
0.531295	18
0.531375	19
0.531453	5
0.531463	6
0.531465	7
0.531466	8
0.531468	9
0.531469	10
0.531484	5
0.531529	6
0.53153	7
0.531531	8
0.531533	9
0.531534	10
0.531539	11
0.531601	12
0.531664	13
0.531718	14
0.531779	15
0.531845	16
0.531916	17
0.531992	18
0.532071	19
0.532149	5
0.532158	6
0.53216	7
0.532161	8
0.532162	9
0.532164	10
0.532179	5
0.532222	6
0.532224	7
0.532225	8
0.532226	9
0.532227	10
0.532232	11
0.532293	12
0.532356	13
0.532422	14
0.532481	15
0.532546	16
0.532616	17
0.53269	18
0.532768	19
0.532846	5
0.532853	6
0.532856	7
0.532857	8
0.532858	9
0.53286	10
0.532875	5
0.532917	6
0.532918	7
0.53292	8
0.532921	9
0.532922	10
0.532927	11
0.532987	12
0.533048	13
0.533114	14
0.533185	15
0.533248	16
0.533316	17
0.53339	18
0.533467	19
0.533545	5
0.533551	6
0.533553	7
0.533554	8
0.533555	9
0.533557	10
0.533572	6
0.533613	7
0.533614	8
0.533616	9
0.533617	10
0.533623	11
0.53368	12
0.533741	13
0.533807	14
0.533878	15
0.533952	16
0.534018	17
0.53409	18
0.534166	19
0.534244	5
0.534249	6
0.534251	7
0.534253	8
0.534254	9
0.534255	10
0.534271	6
0.53431	7
0.534312	8
0.534313	9
0.534314	10
0.53432	11
0.534376	12
0.534435	13
0.5345	14
0.53457	15
0.534644	16
0.534723	17
0.534792	18
0.534866	19
0.534944	5
0.534946	6
0.534949	7
0.534951	8
0.534953	9
0.534955	10
0.53497	6
0.535009	7
0.53501	8
0.535011	9
0.535012	10
0.535018	11
0.535074	12
0.535131	13
0.535195	14
0.535264	15
0.535337	16
0.535415	17
0.535497	18
0.53557	19
0.535645	5
0.535648	6
0.535651	7
0.535653	8
0.535654	9
0.535655	10
0.535671	6
0.535708	7
0.535709	8
0.535711	9
0.535712	10
0.535718	11
0.535772	12
0.535828	13
0.535891	14
0.535958	15
0.53603	16
0.536107	17
0.536189	18
0.536274	19
0.536349	5
0.536353	6
0.536354	7
0.536355	8
0.536356	9
0.536357	10
0.536373	6
0.536409	7
0.53641	8
0.536411	9
0.536413	10
0.536419	11
0.536472	12
0.536527	13
0.536588	14
0.536654	15
0.536725	16
0.536801	17
0.536881	18
0.536967	19
0.537052	5
0.537057	6
0.537058	7
0.537059	8
0.53706	9
0.537062	10
0.537077	5
0.537111	6
0.537112	7
0.537113	8
0.537115	9
0.537116	10
0.537121	11
0.537173	12
0.537228	13
0.537288	14
0.537353	15
0.537423	16
0.537497	17
0.537577	18
0.537661	19
0.537741	5
0.537751	6
0.537752	7
0.537753	8
0.537754	9
0.537756	10
0.537771	5
0.537817	6
0.537818	7
0.537819	8
0.537821	9
0.537822	10
0.537827	11
0.537877	12
0.53793	13
0.537988	14
0.538051	15
0.53812	16
0.538193	17
0.538271	18
0.538353	19
0.538431	5
0.538442	6
0.538444	7
0.538446	8
0.538447	9
0.538448	10
0.538464	5
0.538509	6
0.538511	7
0.538512	8
0.538513	9
0.538514	10
0.538519	11
0.538581	12
0.538632	13
0.538688	14
0.538751	15
0.538818	16
0.53889	17
0.538967	18
0.539048	19
0.539126	5
0.539136	6
0.539138	7
0.539139	8
0.53914	9
0.539142	10
0.539157	5
0.539202	6
0.539203	7
0.539204	8
0.539205	9
0.539206	10
0.539211	11
0.539274	12
0.539336	13
0.53939	14
0.539452	15
0.539518	16
0.539589	17
0.539664	18
0.539744	19
0.539822	5
0.53983	6
0.539833	7
0.539834	8
0.539835	9
0.539836	10
0.539852	5
0.539895	6
0.539896	7
0.539898	8
0.539899	9
0.5399	10
0.539905	11
0.539966	12
0.540029	13
0.540095	14
0.540154	15
0.540219	16
0.540288	17
0.540363	18
0.540441	19
0.540519	5
0.540526	6
0.540529	7
0.54053	8
0.540531	9
0.540532	10
0.540548	5
0.54059	6
0.540591	7
0.540592	8
0.540594	9
0.540595	10
0.5406	11
0.54066	12
0.540721	13
0.540787	14
0.540858	15
0.540921	16
0.540989	17
0.541062	18
0.541139	19
0.541217	5
0.541223	6
0.541226	7
0.541227	8
0.541228	9
0.541229	10
0.541245	6
0.541286	7
0.541287	8
0.541288	9
0.54129	10
0.541296	11
0.541353	12
0.541413	13
0.541479	14
0.54155	15
0.541625	16
0.541691	17
0.541763	18
0.541839	19
0.541917	5
0.541922	6
0.541924	7
0.541925	8
0.541927	9
0.541928	10
0.541943	6
0.541983	7
0.541984	8
0.541985	9
0.541987	10
0.541993	11
0.542049	12
0.542108	13
0.542173	14
0.542243	15
0.542317	16
0.542395	17
0.542465	18
0.542538	19
0.542617	5
0.542619	6
0.542621	7
0.542624	8
0.542626	9
0.542627	10
0.542643	6
0.542681	7
0.542683	8
0.542684	9
0.542685	10
0.542691	11
0.542746	12
0.542804	13
0.542868	14
0.542936	15
0.54301	16
0.543088	17
0.543169	18
0.543243	19
0.543317	5
0.543321	6
0.543323	7
0.543326	8
0.543327	9
0.543328	10
0.543344	6
0.543381	7
0.543382	8
0.543383	9
0.543385	10
0.543391	11
0.543445	12
0.543501	13
0.543564	14
0.543631	15
0.543703	16
0.54378	17
0.543862	18
0.543947	19
0.544022	5
0.544025	6
0.544026	7
0.544028	8
0.544029	9
0.54403	10
0.544046	6
0.544082	7
0.544083	8
0.544084	9
0.544085	10
0.544091	11
0.544144	12
0.5442	13
0.544261	14
0.544327	15
0.544398	16
0.544474	17
0.544554	18
0.54464	19
0.544725	5
0.54473	6
0.544731	7
0.544732	8
0.544733	9
0.544734	10
0.54475	5
0.544784	6
0.544785	7
0.544786	8
0.544787	9
0.544789	10
0.544793	11
0.544845	12
0.544901	13
0.544961	14
0.545026	15
0.545095	16
0.54517	17
0.545249	18
0.545333	19
0.545414	5
0.545424	6
0.545425	7
0.545426	8
0.545427	9
0.545428	10
0.545444	5
0.54549	6
0.545491	7
0.545492	8
0.545493	9
0.545495	10
0.545499	11
0.54555	12
0.545603	13
0.54566	14
0.545724	15
0.545793	16
0.545866	17
0.545944	18
0.546026	19
0.546104	5
0.546115	6
0.546117	7
0.546118	8
0.54612	9
0.546121	10
0.546136	5
0.546182	6
0.546183	7
0.546184	8
0.546186	9
0.546187	10
0.546192	11
0.546254	12
0.546305	13
0.546361	14
0.546424	15
0.546491	16
0.546563	17
0.54664	18
0.546721	19
0.546799	5
0.546808	6
0.546811	7
0.546812	8
0.546813	9
0.546814	10
0.54683	5
0.546874	6
0.546876	7
0.546877	8
0.546878	9
0.546879	10
0.546884	11
0.546947	12
0.547009	13
0.547063	14
0.547124	15
0.547191	16
0.547261	17
0.547337	18
0.547417	19
0.547495	5
0.547503	6
0.547505	7
0.547507	8
0.547508	9
0.547509	10
0.547525	5
0.547568	6
0.547569	7
0.54757	8
0.547572	9
0.547573	10
0.547578	11
0.547639	12
0.547701	13
0.547768	14
0.547826	15
0.547891	16
0.547961	17
0.548036	18
0.548114	19
0.548192	5
0.548199	6
0.548201	7
0.548203	8
0.548204	9
0.548205	10
0.548221	5
0.548263	6
0.548264	7
0.548265	8
0.548266	9
0.548268	10
0.548272	11
0.548332	12
0.548394	13
0.54846	14
0.548531	15
0.548593	16
0.548662	17
0.548735	18
0.548812	19
0.54889	5
0.548896	6
0.548899	7
0.5489	8
0.548901	9
0.548902	10
0.548918	6
0.548959	7
0.54896	8
0.548961	9
0.548962	10
0.548968	11
0.549026	12
0.549086	13
0.549152	14
0.549223	15
0.549298	16
0.549364	17
0.549436	18
0.549512	19
0.54959	5
0.549595	6
0.549597	7
0.549598	8
0.549599	9
0.549601	10
0.549616	6
0.549656	7
0.549657	8
0.549658	9
0.549659	10
0.549665	11
0.549722	12
0.549781	13
0.549846	14
0.549915	15
0.54999	16
0.550068	17
0.550138	18
0.550211	19
0.550289	5
0.550292	6
0.550294	7
0.550297	8
0.550299	9
0.5503	10
0.550316	6
0.550354	7
0.550355	8
0.550357	9
0.550358	10
0.550364	11
0.550419	12
0.550477	13
0.550541	14
0.550609	15
0.550682	16
0.55076	17
0.550842	18
0.550916	19
0.55099	5
0.550994	6
0.550996	7
0.550998	8
0.551	9
0.551001	10
0.551017	6
0.551054	7
0.551055	8
0.551056	9
0.551057	10
0.551063	11
0.551117	12
0.551174	13
0.551236	14
0.551304	15
0.551376	16
0.551453	17
0.551535	18
0.55162	19
0.551694	5
0.551698	6
0.551699	7
0.5517	8
0.551702	9
0.551703	10
0.551718	6
0.551755	7
0.551756	8
0.551757	9
0.551758	10
0.551764	11
0.551817	12
0.551872	13
0.551934	14
0.552	15
0.552071	16
0.552146	17
0.552227	18
0.552312	19
0.552398	5
0.552402	6
0.552404	7
0.552405	8
0.552406	9
0.552407	10
0.552423	5
0.552457	6
0.552458	7
0.552459	8
0.55246	9
0.552461	10
0.552466	11
0.552518	12
0.552574	13
0.552634	14
0.552699	15
0.552768	16
0.552843	17
0.552922	18
0.553006	19
0.553087	5
0.553096	6
0.553098	7
0.553099	8
0.5531	9
0.553101	10
0.553117	5
0.553162	6
0.553164	7
0.553165	8
0.553166	9
0.553167	10
0.553172	11
0.553223	12
0.553275	13
0.553333	14
0.553397	15
0.553465	16
0.553539	17
0.553617	18
0.553699	19
0.553777	5
0.553788	6
0.55379	7
0.553791	8
0.553792	9
0.553794	10
0.553809	5
0.553855	6
0.553856	7
0.553857	8
0.553858	9
0.55386	10
0.553864	11
0.553927	12
0.553977	13
0.554034	14
0.554096	15
0.554164	16
0.554236	17
0.554313	18
0.554393	19
0.554471	5
0.554481	6
0.554483	7
0.554485	8
0.554486	9
0.554487	10
0.554503	5
0.554547	6
0.554548	7
0.55455	8
0.554551	9
0.554552	10
0.554557	11
0.554619	12
0.554682	13
0.554736	14
0.554797	15
0.554863	16
0.554934	17
0.55501	18
0.555089	19
0.555167	5
0.555176	6
0.555178	7
0.555179	8
0.555181	9
0.555182	10
0.555197	5
0.555241	6
0.555242	7
0.555243	8
0.555244	9
0.555246	10
0.55525	11
0.555312	12
0.555374	13
0.55544	14
0.555499	15
0.555564	16
0.555634	17
0.555708	18
0.555786	19
0.555865	5
0.555872	6
0.555874	7
0.555875	8
0.555877	9
0.555878	10
0.555893	5
0.555936	6
0.555937	7
0.555938	8
0.555939	9
0.55594	10
0.555945	11
0.556005	12
0.556067	13
0.556133	14
0.556204	15
0.556266	16
0.556335	17
0.556408	18
0.556485	19
0.556563	5
0.556569	6
0.556571	7
0.556573	8
0.556574	9
0.556575	10
0.556591	6
0.556631	7
0.556633	8
0.556634	9
0.556635	10
0.556641	11
0.556699	12
0.556759	13
0.556825	14
0.556896	15
0.55697	16
0.557037	17
0.557109	18
0.557184	19
0.557263	5
0.557267	6
0.55727	7
0.557271	8
0.557272	9
0.557273	10
0.557289	6
0.557329	7
0.55733	8
0.557331	9
0.557332	10
0.557338	11
0.557395	12
0.557454	13
0.557519	14
0.557588	15
0.557663	16
0.557741	17
0.557811	18
0.557884	19
0.557962	5
0.557964	6
0.557967	7
0.557969	8
0.557972	9
0.557973	10
0.557989	6
0.558027	7
0.558028	8
0.558029	9
0.558031	10
0.558037	11
0.558092	12
0.55815	13
0.558213	14
0.558282	15
0.558355	16
0.558433	17
0.558515	18
0.558588	19
0.558663	5
0.558666	6
0.558669	7
0.558671	8
0.558672	9
0.558674	10
0.558689	6
0.558727	7
0.558728	8
0.558729	9
0.55873	10
0.558736	11
0.55879	12
0.558847	13
0.558909	14
0.558977	15
0.559049	16
0.559126	17
0.559207	18
0.559293	19
0.559367	5
0.559371	6
0.559372	7
0.559373	8
0.559374	9
0.559376	10
0.559391	6
0.559427	7
0.559429	8
0.55943	9
0.559431	10
0.559437	11
0.55949	12
0.559545	13
0.559606	14
0.559673	15
0.559743	16
0.559819	17
0.5599	18
0.559985	19
0.56007	5
0.560075	6
0.560076	7
0.560078	8
0.560079	9
0.56008	10
0.560096	5
0.560129	6
0.56013	7
0.560132	8
0.560133	9
0.560134	10
0.560139	11
0.560191	12
0.560246	13
0.560306	14
0.560371	15
0.560441	16
0.560516	17
0.560595	18
0.560679	19
0.56076	5
0.560769	6
0.56077	7
0.560772	8
0.560773	9
0.560774	10
0.56079	5
0.560835	6
0.560836	7
0.560838	8
0.560839	9
0.56084	10
0.560845	11
0.560895	12
0.560948	13
0.561006	14
0.56107	15
0.561138	16
0.561211	17
0.56129	18
0.561371	19
0.561449	5
0.56146	6
0.561463	7
0.561464	8
0.561465	9
0.561466	10
0.561482	5
0.561528	6
0.561529	7
0.56153	8
0.561531	9
0.561532	10
0.561537	11
0.5616	12
0.56165	13
0.561707	14
0.561769	15
0.561837	16
0.561909	17
0.561986	18
0.562066	19
0.562144	5
0.562154	6
0.562156	7
0.562157	8
0.562159	9
0.56216	10
0.562175	5
0.56222	6
0.562221	7
0.562222	8
0.562224	9
0.562225	10
0.56223	11
0.562292	12
0.562355	13
0.562409	14
0.56247	15
0.562536	16
0.562607	17
0.562683	18
0.562762	19
0.56284	5
0.562849	6
0.562851	7
0.562852	8
0.562853	9
0.562855	10
0.56287	5
0.562914	6
0.562915	7
0.562916	8
0.562917	9
0.562918	10
0.562923	11
0.562984	12
0.563047	13
0.563113	14
0.563172	15
0.563237	16
0.563307	17
0.563381	18
0.563459	19
0.563537	5
0.563545	6
0.563547	7
0.563548	8
0.563549	9
0.563551	10
0.563566	5
0.563608	6
0.563609	7
0.563611	8
0.563612	9
0.563613	10
0.563618	11
0.563678	12
0.563739	13
0.563805	14
0.563876	15
0.563939	16
0.564007	17
0.564081	18
0.564158	19
0.564236	5
0.564242	6
0.564244	7
0.564245	8
0.564247	9
0.564248	10
0.564263	6
0.564304	7
0.564305	8
0.564307	9
0.564308	10
0.564314	11
0.564372	12
0.564432	13
0.564498	14
0.564569	15
0.564643	16
0.564709	17
0.564781	18
0.564857	19
0.564935	5
0.56494	6
0.564942	7
0.564944	8
0.564945	9
0.564946	10
0.564962	6
0.565001	7
0.565003	8
0.565004	9
0.565005	10
0.565011	11
0.565068	12
0.565126	13
0.565191	14
0.565261	15
0.565336	16
0.565414	17
0.565483	18
0.565557	19
0.565635	5
0.565637	6
0.56564	7
0.565642	8
0.565644	9
0.565646	10
0.565661	6
0.5657	7
0.565701	8
0.565702	9
0.565703	10
0.565709	11
0.565765	12
0.565822	13
0.565886	14
0.565955	15
0.566028	16
0.566106	17
0.566188	18
0.566261	19
0.566336	5
0.566339	6
0.566342	7
0.566344	8
0.566345	9
0.566346	10
0.566362	6
0.566399	7
0.566401	8
0.566402	9
0.566403	10
0.566409	11
0.566463	12
0.56652	13
0.566582	14
0.566649	15
0.566721	16
0.566798	17
0.56688	18
0.566965	19
0.56704	5
0.567044	6
0.567045	7
0.567046	8
0.567047	9
0.567048	10
0.567064	6
0.5671	7
0.567101	8
0.567102	9
0.567104	10
0.56711	11
0.567163	12
0.567218	13
0.567279	14
0.567345	15
0.567416	16
0.567492	17
0.567572	18
0.567658	19
0.567743	5
0.567748	6
0.567749	7
0.56775	8
0.567752	9
0.567753	10
0.567768	5
0.567802	6
0.567803	7
0.567804	8
0.567806	9
0.567807	10
0.567812	11
0.567864	12
0.567919	13
0.567979	14
0.568044	15
0.568114	16
0.568188	17
0.568268	18
0.568352	19
0.568432	5
0.568442	6
0.568443	7
0.568444	8
0.568446	9
0.568447	10
0.568462	5
0.568508	6
0.568509	7
0.56851	8
0.568512	9
0.568513	10
0.568518	11
0.568568	12
0.568621	13
0.568679	14
0.568742	15
0.568811	16
0.568884	17
0.568962	18
0.569044	19
0.569122	5
0.569133	6
0.569135	7
0.569137	8
0.569138	9
0.569139	10
0.569155	5
0.5692	6
0.569202	7
0.569203	8
0.569204	9
0.569205	10
0.56921	11
0.569273	12
0.569323	13
0.569379	14
0.569442	15
0.569509	16
0.569581	17
0.569658	18
0.569739	19
0.569817	5
0.569827	6
0.569829	7
0.56983	8
0.569831	9
0.569833	10
0.569848	5
0.569893	6
0.569894	7
0.569895	8
0.569896	9
0.569898	10
0.569902	11
0.569965	12
0.570027	13
0.570081	14
0.570143	15
0.570209	16
0.57028	17
0.570356	18
0.570435	19
0.570513	5
0.570521	6
0.570524	7
0.570525	8
0.570526	9
0.570527	10
0.570543	5
0.570586	6
0.570587	7
0.570589	8
0.57059	9
0.570591	10
0.570596	11
0.570657	12
0.57072	13
0.570786	14
0.570845	15
0.57091	16
0.570979	17
0.571054	18
0.571132	19
0.57121	5
0.571217	6
0.57122	7
0.571221	8
0.571222	9
0.571223	10
0.571239	5
0.571281	6
0.571282	7
0.571283	8
0.571285	9
0.571286	10
0.571291	11
0.571351	12
0.571412	13
0.571478	14
0.571549	15
0.571612	16
0.57168	17
0.571753	18
0.57183	19
0.571908	5
0.571914	6
0.571917	7
0.571918	8
0.571919	9
0.571921	10
0.571936	6
0.571977	7
0.571978	8
0.571979	9
0.571981	10
0.571987	11
0.572044	12
0.572104	13
0.572171	14
0.572241	15
0.572316	16
0.572382	17
0.572454	18
0.57253	19
0.572608	5
0.572613	6
0.572615	7
0.572616	8
0.572618	9
0.572619	10
0.572634	6
0.572674	7
0.572675	8
0.572677	9
0.572678	10
0.572684	11
0.57274	12
0.572799	13
0.572864	14
0.572934	15
0.573008	16
0.573086	17
0.573156	18
0.573229	19
0.573308	5
0.57331	6
0.573312	7
0.573315	8
0.573317	9
0.573318	10
0.573334	6
0.573373	7
0.573374	8
0.573375	9
0.573376	10
0.573382	11
0.573437	12
0.573495	13
0.573559	14
0.573627	15
0.573701	16
0.573779	17
0.573861	18
0.573934	19
0.574008	5
0.574012	6
0.574014	7
0.574017	8
0.574018	9
0.574019	10
0.574035	6
0.574072	7
0.574073	8
0.574074	9
0.574076	10
0.574082	11
0.574136	12
0.574192	13
0.574255	14
0.574322	15
0.574394	16
0.574471	17
0.574553	18
0.574638	19
0.574713	5
0.574716	6
0.574718	7
0.574719	8
0.57472	9
0.574721	10
0.574737	6
0.574773	7
0.574774	8
0.574775	9
0.574776	10
0.574782	11
0.574835	12
0.574891	13
0.574952	14
0.575018	15
0.575089	16
0.575165	17
0.575245	18
0.575331	19
0.575416	5
0.575421	6
0.575422	7
0.575423	8
0.575424	9
0.575426	10
0.575441	5
0.575475	6
0.575476	7
0.575477	8
0.575478	9
0.57548	10
0.575484	11
0.575537	12
0.575592	13
0.575652	14
0.575717	15
0.575787	16
0.575861	17
0.57594	18
0.576025	19
0.576105	5
0.576115	6
0.576116	7
0.576117	8
0.576118	9
0.576119	10
0.576135	5
0.576181	6
0.576182	7
0.576183	8
0.576184	9
0.576186	10
0.57619	11
0.576241	12
0.576294	13
0.576351	14
0.576415	15
0.576484	16
0.576557	17
0.576635	18
0.576717	19
0.576795	5
0.576806	6
0.576808	7
0.576809	8
0.576811	9
0.576812	10
0.576827	5
0.576873	6
0.576874	7
0.576876	8
0.576877	9
0.576878	10
0.576883	11
0.576945	12
0.576996	13
0.577052	14
0.577115	15
0.577182	16
0.577254	17
0.577331	18
0.577412	19
0.57749	5
0.577499	6
0.577502	7
0.577503	8
0.577504	9
0.577505	10
0.577521	5
0.577566	6
0.577567	7
0.577568	8
0.577569	9
0.57757	10
0.577575	11
0.577638	12
0.5777	13
0.577754	14
0.577816	15
0.577882	16
0.577953	17
0.578028	18
0.578108	19
0.578186	5
0.578194	6
0.578197	7
0.578198	8
0.578199	9
0.5782	10
0.578216	5
0.578259	6
0.57826	7
0.578261	8
0.578263	9
0.578264	10
0.578269	11
0.57833	12
0.578392	13
0.578459	14
0.578517	15
0.578582	16
0.578652	17
0.578727	18
0.578805	19
0.578883	5
0.57889	6
0.578893	7
0.578894	8
0.578895	9
0.578896	10
0.578912	5
0.578954	6
0.578955	7
0.578956	8
0.578957	9
0.578959	10
0.578963	11
0.579024	12
0.579085	13
0.579151	14
0.579222	15
0.579284	16
0.579353	17
0.579426	18
0.579503	19
0.579581	5
0.579587	6
0.57959	7
0.579591	8
0.579592	9
0.579593	10
0.579609	6
0.57965	7
0.579651	8
0.579652	9
0.579653	10
0.579659	11
0.579717	12
0.579777	13
0.579843	14
0.579914	15
0.579989	16
0.580055	17
0.580127	18
0.580203	19
0.580281	5
0.580286	6
0.580288	7
0.580289	8
0.58029	9
0.580292	10
0.580307	6
0.580347	7
0.580348	8
0.580349	9
0.580351	10
0.580357	11
0.580413	12
0.580472	13
0.580537	14
0.580607	15
0.580681	16
0.580759	17
0.580829	18
0.580902	19
0.58098	5
0.580983	6
0.580985	7
0.580988	8
0.58099	9
0.580991	10
0.581007	6
0.581045	7
0.581046	8
0.581048	9
0.581049	10
0.581055	11
0.58111	12
0.581168	13
0.581232	14
0.5813	15
0.581373	16
0.581452	17
0.581533	18
0.581607	19
0.581681	5
0.581685	6
0.581687	7
0.58169	8
0.581691	9
0.581692	10
0.581708	6
0.581745	7
0.581746	8
0.581747	9
0.581748	10
0.581754	11
0.581809	12
0.581865	13
0.581928	14
0.581995	15
0.582067	16
0.582144	17
0.582226	18
0.582311	19
0.582386	5
0.582389	6
0.58239	7
0.582392	8
0.582393	9
0.582394	10
0.58241	6
0.582446	7
0.582447	8
0.582448	9
0.582449	10
0.582455	11
0.582508	12
0.582563	13
0.582625	14
0.582691	15
0.582762	16
0.582837	17
0.582918	18
0.583003	19
0.583089	5
0.583094	6
0.583095	7
0.583096	8
0.583097	9
0.583098	10
0.583114	5
0.583148	6
0.583149	7
0.58315	8
0.583151	9
0.583152	10
0.583157	11
0.583209	12
0.583265	13
0.583325	14
0.58339	15
0.583459	16
0.583534	17
0.583613	18
0.583697	19
0.583778	5
0.583787	6
0.583789	7
0.58379	8
0.583791	9
0.583792	10
0.583808	5
0.583854	6
0.583855	7
0.583856	8
0.583857	9
0.583858	10
0.583863	11
0.583914	12
0.583967	13
0.584024	14
0.584088	15
0.584156	16
0.58423	17
0.584308	18
0.58439	19
0.584468	5
0.584479	6
0.584481	7
0.584482	8
0.584483	9
0.584485	10
0.5845	5
0.584546	6
0.584547	7
0.584548	8
0.58455	9
0.584551	10
0.584556	11
0.584618	12
0.584669	13
0.584725	14
0.584788	15
0.584855	16
0.584927	17
0.585004	18
0.585084	19
0.585163	5
0.585172	6
0.585175	7
0.585176	8
0.585177	9
0.585178	10
0.585194	5
0.585238	6
0.585239	7
0.585241	8
0.585242	9
0.585243	10
0.585248	11
0.58531	12
0.585373	13
0.585427	14
0.585488	15
0.585554	16
0.585625	17
0.585701	18
0.58578	19
0.585859	5
0.585867	6
0.585869	7
0.585871	8
0.585872	9
0.585873	10
0.585889	5
0.585932	6
0.585933	7
0.585934	8
0.585935	9
0.585937	10
0.585941	11
0.586003	12
0.586065	13
0.586131	14
0.58619	15
0.586255	16
0.586325	17
0.586399	18
0.586478	19
0.586556	5
0.586563	6
0.586565	7
0.586566	8
0.586568	9
0.586569	10
0.586585	5
0.586627	6
0.586628	7
0.586629	8
0.58663	9
0.586631	10
0.586636	11
0.586696	12
0.586758	13
0.586824	14
0.586895	15
0.586957	16
0.587026	17
0.587099	18
0.587176	19
0.587254	5
0.58726	6
0.587262	7
0.587264	8
0.587265	9
0.587266	10
0.587282	6
0.587323	7
0.587324	8
0.587325	9
0.587326	10
0.587332	11
0.58739	12
0.58745	13
0.587516	14
0.587587	15
0.587662	16
0.587728	17
0.5878	18
0.587875	19
0.587954	5
0.587958	6
0.587961	7
0.587962	8
0.587963	9
0.587964	10
0.58798	6
0.58802	7
0.588021	8
0.588022	9
0.588023	10
0.588029	11
0.588086	12
0.588145	13
0.58821	14
0.588279	15
0.588354	16
0.588432	17
0.588502	18
0.588575	19
0.588653	5
0.588656	6
0.588658	7
0.58866	8
0.588663	9
0.588664	10
0.58868	6
0.588718	7
0.588719	8
0.58872	9
0.588722	10
0.588728	11
0.588783	12
0.588841	13
0.588904	14
0.588973	15
0.589046	16
0.589124	17
0.589206	18
0.589279	19
0.589354	5
0.589358	6
0.58936	7
0.589362	8
0.589364	9
0.589365	10
0.58938	6
0.589418	7
0.589419	8
0.58942	9
0.589421	10
0.589427	11
0.589481	12
0.589538	13
0.5896	14
0.589668	15
0.58974	16
0.589817	17
0.589898	18
0.589984	19
0.590058	5
0.590062	6
0.590063	7
0.590064	8
0.590066	9
0.590067	10
0.590082	6
0.590118	7
0.59012	8
0.590121	9
0.590122	10
0.590128	11
0.590181	12
0.590236	13
0.590297	14
0.590364	15
0.590435	16
0.59051	17
0.590591	18
0.590676	19
0.590761	5
0.590766	6
0.590767	7
0.590769	8
0.59077	9
0.590771	10
0.590787	5
0.59082	6
0.590822	7
0.590823	8
0.590824	9
0.590825	10
0.59083	11
0.590882	12
0.590937	13
0.590997	14
0.591062	15
0.591132	16
0.591207	17
0.591286	18
0.59137	19
0.591451	5
0.59146	6
0.591461	7
0.591463	8
0.591464	9
0.591465	10
0.591481	5
0.591526	6
0.591528	7
0.591529	8
0.59153	9
0.591531	10
0.591536	11
0.591586	12
0.591639	13
0.591697	14
0.591761	15
0.591829	16
0.591903	17
0.591981	18
0.592062	19
0.592141	5
0.592151	6
0.592154	7
0.592155	8
0.592156	9
0.592157	10
0.592173	5
0.592219	6
0.59222	7
0.592221	8
0.592222	9
0.592223	10
0.592228	11
0.592291	12
0.592341	13
0.592398	14
0.59246	15
0.592528	16
0.5926	17
0.592677	18
0.592757	19
0.592835	5
0.592845	6
0.592847	7
0.592849	8
0.59285	9
0.592851	10
0.592867	5
0.592911	6
0.592912	7
0.592913	8
0.592915	9
0.592916	10
0.592921	11
0.592983	12
0.593046	13
0.5931	14
0.593161	15
0.593227	16
0.593298	17
0.593374	18
0.593453	19
0.593531	5
0.59354	6
0.593542	7
0.593543	8
0.593544	9
0.593546	10
0.593561	5
0.593605	6
0.593606	7
0.593607	8
0.593608	9
0.593609	10
0.593614	11
0.593676	12
0.593738	13
0.593804	14
0.593863	15
0.593928	16
0.593998	17
0.594072	18
0.59415	19
0.594228	5
0.594236	6
0.594238	7
0.594239	8
0.59424	9
0.594242	10
0.594257	5
0.594299	6
0.594301	7
0.594302	8
0.594303	9
0.594304	10
0.594309	11
0.594369	12
0.59443	13
0.594496	14
0.594567	15
0.59463	16
0.594698	17
0.594772	18
0.594849	19
0.594927	5
0.594933	6
0.594935	7
0.594936	8
0.594938	9
0.594939	10
0.594954	6
0.594995	7
0.594997	8
0.594998	9
0.594999	10
0.595005	11
0.595063	12
0.595123	13
0.595189	14
0.59526	15
0.595334	16
0.5954	17
0.595473	18
0.595548	19
0.595626	5
0.595631	6
0.595634	7
0.595635	8
0.595636	9
0.595637	10
0.595653	6
0.595692	7
0.595694	8
0.595695	9
0.595696	10
0.595702	11
0.595759	12
0.595817	13
0.595882	14
0.595952	15
0.596027	16
0.596105	17
0.596174	18
0.596248	19
0.596326	5
0.596328	6
0.596331	7
0.596333	8
0.596336	9
0.596337	10
0.596352	6
0.596391	7
0.596392	8
0.596393	9
0.596394	10
0.5964	11
0.596456	12
0.596513	13
0.596577	14
0.596646	15
0.596719	16
0.596797	17
0.596879	18
0.596952	19
0.597027	5
0.59703	6
0.597033	7
0.597035	8
0.597036	9
0.597038	10
0.597053	6
0.59709	7
0.597092	8
0.597093	9
0.597094	10
0.5971	11
0.597154	12
0.597211	13
0.597273	14
0.59734	15
0.597413	16
0.597489	17
0.597571	18
0.597657	19
0.597731	5
0.597735	6
0.597736	7
0.597737	8
0.597738	9
0.597739	10
0.597755	6
0.597791	7
0.597792	8
0.597794	9
0.597795	10
0.597801	11
0.597854	12
0.597909	13
0.59797	14
0.598036	15
0.598107	16
0.598183	17
0.598264	18
0.598349	19
0.598434	5
0.598439	6
0.59844	7
0.598441	8
0.598443	9
0.598444	10
0.598459	5
0.598493	6
0.598494	7
0.598496	8
0.598497	9
0.598498	10
0.598503	11
0.598555	12
0.59861	13
0.59867	14
0.598735	15
0.598805	16
0.598879	17
0.598959	18
0.599043	19
0.599123	5
0.599133	6
0.599134	7
0.599135	8
0.599137	9
0.599138	10
0.599153	5
0.599199	6
0.5992	7
0.599202	8
0.599203	9
0.599204	10
0.599209	11
0.599259	12
0.599312	13
0.59937	14
0.599433	15
0.599502	16
0.599575	17
0.599653	18
0.599735	19
0.599813	5
0.599824	6
0.599827	7
0.599828	8
0.599829	9
0.59983	10
0.599846	5
0.599891	6
0.599893	7
0.599894	8
0.599895	9
0.599896	10
0.599901	11
0.599964	12
0.600014	13
0.600071	14
0.600133	15
0.6002	16
0.600272	17
0.600349	18
0.60043	19
0.600508	5
0.600518	6
0.60052	7
0.600521	8
0.600523	9
0.600524	10
0.600539	5
0.600584	6
0.600585	7
0.600586	8
0.600587	9
0.600589	10
0.600593	11
0.600656	12
0.600718	13
0.600773	14
0.600834	15
0.6009	16
0.600971	17
0.601047	18
0.601126	19
0.601204	5
0.601212	6
0.601215	7
0.601216	8
0.601217	9
0.601218	10
0.601234	5
0.601277	6
0.601279	7
0.60128	8
0.601281	9
0.601282	10
0.601287	11
0.601348	12
0.601411	13
0.601477	14
0.601536	15
0.601601	16
0.60167	17
0.601745	18
0.601823	19
0.601901	5
0.601908	6
0.601911	7
0.601912	8
0.601913	9
0.601914	10
0.60193	5
0.601972	6
0.601973	7
0.601975	8
0.601976	9
0.601977	10
0.601982	11
0.602042	12
0.602103	13
0.602169	14
0.60224	15
0.602303	16
0.602371	17
0.602445	18
0.602521	19
0.6026	5
0.602606	6
0.602608	7
0.602609	8
0.60261	9
0.602612	10
0.602627	6
0.602668	7
0.602669	8
0.60267	9
0.602672	10
0.602678	11
0.602735	12
0.602795	13
0.602862	14
0.602933	15
0.603007	16
0.603073	17
0.603145	18
0.603221	19
0.603299	5
0.603304	6
0.603306	7
0.603308	8
0.603309	9
0.60331	10
0.603326	6
0.603365	7
0.603366	8
0.603368	9
0.603369	10
0.603375	11
0.603431	12
0.60349	13
0.603555	14
0.603625	15
0.603699	16
0.603778	17
0.603847	18
0.603921	19
0.603999	5
0.604001	6
0.604003	7
0.604006	8
0.604008	9
0.60401	10
0.604025	6
0.604064	7
0.604065	8
0.604066	9
0.604067	10
0.604073	11
0.604129	12
0.604186	13
0.60425	14
0.604318	15
0.604392	16
0.60447	17
0.604552	18
0.604625	19
0.604699	5
0.604703	6
0.604705	7
0.604708	8
0.604709	9
0.60471	10
0.604726	6
0.604763	7
0.604764	8
0.604766	9
0.604767	10
0.604773	11
0.604827	12
0.604883	13
0.604946	14
0.605013	15
0.605085	16
0.605162	17
0.605244	18
0.605329	19
0.605404	5
0.605407	6
0.605409	7
0.60541	8
0.605411	9
0.605412	10
0.605428	6
0.605464	7
0.605465	8
0.605466	9
0.605468	10
0.605474	11
0.605526	12
0.605582	13
0.605643	14
0.605709	15
0.60578	16
0.605856	17
0.605936	18
0.606022	19
0.606107	5
0.606112	6
0.606113	7
0.606114	8
0.606115	9
0.606117	10
0.606132	5
0.606166	6
0.606167	7
0.606168	8
0.60617	9
0.606171	10
0.606176	11
0.606228	12
0.606283	13
0.606343	14
0.606408	15
0.606478	16
0.606552	17
0.606631	18
0.606716	19
0.606796	5
0.606806	6
0.606807	7
0.606808	8
0.606809	9
0.606811	10
0.606826	5
0.606872	6
0.606873	7
0.606874	8
0.606875	9
0.606877	10
0.606881	11
0.606932	12
0.606985	13
0.607043	14
0.607106	15
0.607175	16
0.607248	17
0.607326	18
0.607408	19
0.607486	5
0.607497	6
0.607499	7
0.607501	8
0.607502	9
0.607503	10
0.607519	5
0.607564	6
0.607565	7
0.607567	8
0.607568	9
0.607569	10
0.607574	11
0.607636	12
0.607687	13
0.607743	14
0.607806	15
0.607873	16
0.607945	17
0.608022	18
0.608103	19
0.608181	5
0.60819	6
0.608193	7
0.608194	8
0.608195	9
0.608196	10
0.608212	5
0.608257	6
0.608258	7
0.608259	8
0.60826	9
0.608261	10
0.608266	11
0.608329	12
0.608391	13
0.608445	14
0.608507	15
0.608573	16
0.608644	17
0.608719	18
0.608799	19
0.608877	5
0.608885	6
0.608888	7
0.608889	8
0.60889	9
0.608891	10
0.608907	5
0.60895	6
0.608951	7
0.608953	8
0.608954	9
0.608955	10
0.60896	11
0.609021	12
0.609084	13
0.60915	14
0.609209	15
0.609273	16
0.609343	17
0.609418	18
0.609496	19
0.609574	5
0.609581	6
0.609584	7
0.609585	8
0.609586	9
0.609587	10
0.609603	5
0.609645	6
0.609646	7
0.609647	8
0.609648	9
0.60965	10
0.609655	11
0.609715	12
0.609776	13
0.609842	14
0.609913	15
0.609975	16
0.610044	17
0.610117	18
0.610194	19
0.610272	5
0.610278	6
0.610281	7
0.610282	8
0.610283	9
0.610284	10
0.6103	6
0.610341	7
0.610342	8
0.610343	9
0.610344	10
0.61035	11
0.610408	12
0.610468	13
0.610534	14
0.610605	15
0.61068	16
0.610746	17
0.610818	18
0.610894	19
0.610972	5
0.610977	6
0.610979	7
0.61098	8
0.610982	9
0.610983	10
0.610998	6
0.611038	7
0.611039	8
0.61104	9
0.611042	10
0.611048	11
0.611104	12
0.611163	13
0.611228	14
0.611298	15
0.611372	16
0.61145	17
0.61152	18
0.611593	19
0.611671	5
0.611674	6
0.611676	7
0.611679	8
0.611681	9
0.611682	10
0.611698	6
0.611736	7
0.611738	8
0.611739	9
0.61174	10
0.611746	11
0.611801	12
0.611859	13
0.611923	14
0.611991	15
0.612065	16
0.612143	17
0.612224	18
0.612298	19
0.612372	5
0.612376	6
0.612378	7
0.612381	8
0.612382	9
0.612383	10
0.612399	6
0.612436	7
0.612437	8
0.612438	9
0.61244	10
0.612446	11
0.6125	12
0.612556	13
0.612619	14
0.612686	15
0.612758	16
0.612835	17
0.612917	18
0.613002	19
0.613077	5
0.61308	6
0.613081	7
0.613083	8
0.613084	9
0.613085	10
0.613101	6
0.613137	7
0.613138	8
0.613139	9
0.61314	10
0.613146	11
0.613199	12
0.613254	13
0.613316	14
0.613382	15
0.613453	16
0.613529	17
0.613609	18
0.613694	19
0.61378	5
0.613785	6
0.613786	7
0.613787	8
0.613788	9
0.613789	10
0.613805	5
0.613839	6
0.61384	7
0.613841	8
0.613842	9
0.613843	10
0.613848	11
0.6139	12
0.613956	13
0.614016	14
0.614081	15
0.61415	16
0.614225	17
0.614304	18
0.614388	19
0.614469	5
0.614479	6
0.61448	7
0.614481	8
0.614482	9
0.614483	10
0.614499	5
0.614545	6
0.614546	7
0.614547	8
0.614548	9
0.614549	10
0.614554	11
0.614605	12
0.614658	13
0.614715	14
0.614779	15
0.614848	16
0.614921	17
0.614999	18
0.615081	19
0.615159	5
0.61517	6
0.615172	7
0.615173	8
0.615174	9
0.615176	10
0.615191	5
0.615237	6
0.615238	7
0.615239	8
0.615241	9
0.615242	10
0.615247	11
0.615309	12
0.61536	13
0.615416	14
0.615479	15
0.615546	16
0.615618	17
0.615695	18
0.615775	19
0.615854	5
0.615863	6
0.615866	7
0.615867	8
0.615868	9
0.615869	10
0.615885	5
0.615929	6
0.615931	7
0.615932	8
0.615933	9
0.615934	10
0.615939	11
0.616001	12
0.616064	13
0.616118	14
0.616179	15
0.616245	16
0.616316	17
0.616392	18
0.616471	19
0.61655	5
0.616558	6
0.61656	7
0.616562	8
0.616563	9
0.616564	10
0.61658	5
0.616623	6
0.616624	7
0.616625	8
0.616627	9
0.616628	10
0.616633	11
0.616694	12
0.616756	13
0.616822	14
0.616881	15
0.616946	16
0.617016	17
0.61709	18
0.617169	19
0.617247	5
0.617254	6
0.617256	7
0.617258	8
0.617259	9
0.61726	10
0.617276	5
0.617318	6
0.617319	7
0.61732	8
0.617321	9
0.617322	10
0.617327	11
0.617387	12
0.617449	13
0.617515	14
0.617586	15
0.617648	16
0.617717	17
0.61779	18
0.617867	19
0.617945	5
0.617951	6
0.617954	7
0.617955	8
0.617956	9
0.617957	10
0.617973	6
0.618014	7
0.618015	8
0.618016	9
0.618017	10
0.618023	11
0.618081	12
0.618141	13
0.618207	14
0.618278	15
0.618353	16
0.618419	17
0.618491	18
0.618567	19
0.618645	5
0.618649	6
0.618652	7
0.618653	8
0.618654	9
0.618655	10
0.618671	6
0.618711	7
0.618712	8
0.618713	9
0.618714	10
0.61872	11
0.618777	12
0.618836	13
0.618901	14
0.61897	15
0.619045	16
0.619123	17
0.619193	18
0.619266	19
0.619344	5
0.619347	6
0.619349	7
0.619351	8
0.619354	9
0.619355	10
0.619371	6
0.619409	7
0.61941	8
0.619412	9
0.619413	10
0.619419	11
0.619474	12
0.619532	13
0.619595	14
0.619664	15
0.619737	16
0.619815	17
0.619897	18
0.61997	19
0.620045	5
0.620049	6
0.620051	7
0.620053	8
0.620055	9
0.620056	10
0.620071	6
0.620109	7
0.62011	8
0.620111	9
0.620112	10
0.620118	11
0.620172	12
0.620229	13
0.620291	14
0.620359	15
0.620431	16
0.620508	17
0.620589	18
0.620675	19
0.620749	5
0.620753	6
0.620754	7
0.620755	8
0.620757	9
0.620758	10
0.620773	6
0.620809	7
0.620811	8
0.620812	9
0.620813	10
0.620819	11
0.620872	12
0.620927	13
0.620989	14
0.621055	15
0.621126	16
0.621201	17
0.621282	18
0.621367	19
0.621453	5
0.621457	6
0.621459	7
0.62146	8
0.621461	9
0.621462	10
0.621478	5
0.621511	6
0.621513	7
0.621514	8
0.621515	9
0.621516	10
0.621521	11
0.621573	12
0.621628	13
0.621689	14
0.621753	15
0.621823	16
0.621898	17
0.621977	18
0.622061	19
0.622142	5
0.622151	6
0.622152	7
0.622154	8
0.622155	9
0.622156	10
0.622172	5
0.622217	6
0.622219	7
0.62222	8
0.622221	9
0.622222	10
0.622227	11
0.622278	12
0.62233	13
0.622388	14
0.622452	15
0.62252	16
0.622594	17
0.622672	18
0.622753	19
0.622832	5
0.622842	6
0.622845	7
0.622846	8
0.622847	9
0.622848	10
0.622864	5
0.62291	6
0.622911	7
0.622912	8
0.622913	9
0.622915	10
0.622919	11
0.622982	12
0.623032	13
0.623089	14
0.623151	15
0.623219	16
0.623291	17
0.623368	18
0.623448	19
0.623526	5
0.623536	6
0.623538	7
0.62354	8
0.623541	9
0.623542	10
0.623558	5
0.623602	6
0.623603	7
0.623605	8
0.623606	9
0.623607	10
0.623612	11
0.623674	12
0.623737	13
0.623791	14
0.623852	15
0.623918	16
0.623989	17
0.624065	18
0.624144	19
0.624222	5
0.624231	6
0.624233	7
0.624234	8
0.624236	9
0.624237	10
0.624252	5
0.624296	6
0.624297	7
0.624298	8
0.624299	9
0.6243	10
0.624305	11
0.624367	12
0.624429	13
0.624495	14
0.624554	15
0.624619	16
0.624689	17
0.624763	18
0.624841	19
0.62492	5
0.624927	6
0.624929	7
0.62493	8
0.624932	9
0.624933	10
0.624948	5
0.62499	6
0.624992	7
0.624993	8
0.624994	9
0.624995	10
0.625	11
0.62506	12
0.625121	13
0.625188	14
0.625258	15
0.625321	16
0.625389	17
0.625463	18
0.62554	19
0.625618	5
0.625624	6
0.625626	7
0.625627	8
0.625629	9
0.62563	10
0.625646	6
0.625686	7
0.625688	8
0.625689	9
0.62569	10
0.625696	11
0.625754	12
0.625814	13
0.62588	14
0.625951	15
0.626025	16
0.626091	17
0.626164	18
0.626239	19
0.626317	5
0.626322	6
0.626325	7
0.626326	8
0.626327	9
0.626328	10
0.626344	6
0.626384	7
0.626385	8
0.626386	9
0.626387	10
0.626393	11
0.62645	12
0.626509	13
0.626573	14
0.626643	15
0.626718	16
0.626796	17
0.626866	18
0.626939	19
0.627017	5
0.627019	6
0.627022	7
0.627024	8
0.627027	9
0.627028	10
0.627043	6
0.627082	7
0.627083	8
0.627084	9
0.627086	10
0.627092	11
0.627147	12
0.627205	13
0.627268	14
0.627337	15
0.62741	16
0.627488	17
0.62757	18
0.627643	19
0.627718	5
0.627721	6
0.627724	7
0.627726	8
0.627727	9
0.627729	10
0.627744	6
0.627781	7
0.627783	8
0.627784	9
0.627785	10
0.627791	11
0.627845	12
0.627902	13
0.627964	14
0.628031	15
0.628104	16
0.628181	17
0.628262	18
0.628348	19
0.628422	5
0.628426	6
0.628427	7
0.628428	8
0.628429	9
0.628431	10
0.628446	6
0.628482	7
0.628483	8
0.628485	9
0.628486	10
0.628492	11
0.628545	12
0.6286	13
0.628661	14
0.628727	15
0.628798	16
0.628874	17
0.628955	18
0.62904	19
0.629125	5
0.62913	6
0.629131	7
0.629133	8
0.629134	9
0.629135	10
0.629151	5
0.629184	6
0.629185	7
0.629187	8
0.629188	9
0.629189	10
0.629194	11
0.629246	12
0.629301	13
0.629361	14
0.629426	15
0.629496	16
0.62957	17
0.62965	18
0.629734	19
0.629814	5
0.629824	6
0.629825	7
0.629826	8
0.629828	9
0.629829	10
0.629844	5
0.62989	6
0.629891	7
0.629893	8
0.629894	9
0.629895	10
0.6299	11
0.62995	12
0.630003	13
0.630061	14
0.630125	15
0.630193	16
0.630266	17
0.630345	18
0.630426	19
0.630504	5
0.630515	6
0.630518	7
0.630519	8
0.63052	9
0.630521	10
0.630537	5
0.630583	6
0.630584	7
0.630585	8
0.630586	9
0.630587	10
0.630592	11
0.630655	12
0.630705	13
0.630762	14
0.630824	15
0.630891	16
0.630964	17
0.63104	18
0.631121	19
0.631199	5
0.631209	6
0.631211	7
0.631212	8
0.631214	9
0.631215	10
0.63123	5
0.631275	6
0.631276	7
0.631277	8
0.631278	9
0.63128	10
0.631284	11
0.631347	12
0.63141	13
0.631464	14
0.631525	15
0.631591	16
0.631662	17
0.631738	18
0.631817	19
0.631895	5
0.631904	6
0.631906	7
0.631907	8
0.631908	9
0.63191	10
0.631925	5
0.631968	6
0.63197	7
0.631971	8
0.631972	9
0.631973	10
0.631978	11
0.632039	12
0.632102	13
0.632168	14
0.632227	15
0.632292	16
0.632361	17
0.632436	18
0.632514	19
0.632592	5
0.632599	6
0.632602	7
0.632603	8
0.632604	9
0.632605	10
0.632621	5
0.632663	6
0.632664	7
0.632666	8
0.632667	9
0.632668	10
0.632673	11
0.632733	12
0.632794	13
0.63286	14
0.632931	15
0.632994	16
0.633062	17
0.633136	18
0.633213	19
0.633291	5
0.633297	6
0.633299	7
0.6333	8
0.633301	9
0.633303	10
0.633318	6
0.633359	7
0.63336	8
0.633362	9
0.633363	10
0.633369	11
0.633426	12
0.633487	13
0.633553	14
0.633624	15
0.633698	16
0.633764	17
0.633836	18
0.633912	19
0.63399	5
0.633995	6
0.633997	7
0.633999	8
0.634	9
0.634001	10
0.634017	6
0.634056	7
0.634058	8
0.634059	9
0.63406	10
0.634066	11
0.634122	12
0.634181	13
0.634246	14
0.634316	15
0.63439	16
0.634469	17
0.634538	18
0.634612	19
0.63469	5
0.634692	6
0.634695	7
0.634697	8
0.634699	9
0.634701	10
0.634716	6
0.634755	7
0.634756	8
0.634757	9
0.634758	10
0.634764	11
0.63482	12
0.634877	13
0.634941	14
0.635009	15
0.635083	16
0.635161	17
0.635243	18
0.635316	19
0.635391	5
0.635394	6
0.635397	7
0.635399	8
0.6354	9
0.635401	10
0.635417	6
0.635454	7
0.635455	8
0.635457	9
0.635458	10
0.635464	11
0.635518	12
0.635574	13
0.635637	14
0.635704	15
0.635776	16
0.635853	17
0.635935	18
0.63602	19
0.636095	5
0.636099	6
0.6361	7
0.636101	8
0.636102	9
0.636103	10
0.636119	6
0.636155	7
0.636156	8
0.636157	9
0.636159	10
0.636165	11
0.636218	12
0.636273	13
0.636334	14
0.6364	15
0.636471	16
0.636547	17
0.636627	18
0.636713	19
0.636798	5
0.636803	6
0.636804	7
0.636805	8
0.636806	9
0.636808	10
0.636823	5
0.636857	6
0.636858	7
0.636859	8
0.636861	9
0.636862	10
0.636867	11
0.636919	12
0.636974	13
0.637034	14
0.637099	15
0.637169	16
0.637243	17
0.637323	18
0.637407	19
0.637487	5
0.637497	6
0.637498	7
0.637499	8
0.6375	9
0.637502	10
0.637517	5
0.637563	6
0.637564	7
0.637565	8
0.637567	9
0.637568	10
0.637573	11
0.637623	12
0.637676	13
0.637734	14
0.637797	15
0.637866	16
0.637939	17
0.638017	18
0.638099	19
0.638177	5
0.638188	6
0.63819	7
0.638192	8
0.638193	9
0.638194	10
0.63821	5
0.638255	6
0.638256	7
0.638258	8
0.638259	9
0.63826	10
0.638265	11
0.638327	12
0.638378	13
0.638434	14
0.638497	15
0.638564	16
0.638636	17
0.638713	18
0.638794	19
0.638872	5
0.638882	6
0.638884	7
0.638885	8
0.638886	9
0.638888	10
0.638903	5
0.638948	6
0.638949	7
0.63895	8
0.638951	9
0.638952	10
0.638957	11
0.63902	12
0.639082	13
0.639136	14
0.639198	15
0.639264	16
0.639335	17
0.63941	18
0.63949	19
0.639568	5
0.639576	6
0.639579	7
0.63958	8
0.639581	9
0.639582	10
0.639598	5
0.639641	6
0.639642	7
0.639644	8
0.639645	9
0.639646	10
0.639651	11
0.639712	12
0.639775	13
0.639841	14
0.6399	15
0.639965	16
0.640034	17
0.640109	18
0.640187	19
0.640265	5
0.640272	6
0.640275	7
0.640276	8
0.640277	9
0.640278	10
0.640294	5
0.640336	6
0.640337	7
0.640338	8
0.64034	9
0.640341	10
0.640346	11
0.640406	12
0.640467	13
0.640533	14
0.640604	15
0.640667	16
0.640735	17
0.640808	18
0.640885	19
0.640963	5
0.640969	6
0.640972	7
0.640973	8
0.640974	9
0.640975	10
0.640991	6
0.641032	7
0.641033	8
0.641034	9
0.641036	10
0.641042	11
0.641099	12
0.641159	13
0.641225	14
0.641296	15
0.641371	16
0.641437	17
0.641509	18
0.641585	19
0.641663	5
0.641668	6
0.64167	7
0.641671	8
0.641673	9
0.641674	10
0.641689	6
0.641729	7
0.64173	8
0.641731	9
0.641733	10
0.641739	11
0.641795	12
0.641854	13
0.641919	14
0.641989	15
0.642063	16
0.642141	17
0.642211	18
0.642284	19
0.642363	5
0.642365	6
0.642367	7
0.64237	8
0.642372	9
0.642373	10
0.642389	6
0.642427	7
0.642429	8
0.64243	9
0.642431	10
0.642437	11
0.642492	12
0.64255	13
0.642614	14
0.642682	15
0.642756	16
0.642834	17
0.642915	18
0.642989	19
0.643063	5
0.643067	6
0.643069	7
0.643072	8
0.643073	9
0.643074	10
0.64309	6
0.643127	7
0.643128	8
0.643129	9
0.643131	10
0.643137	11
0.643191	12
0.643247	13
0.64331	14
0.643377	15
0.643449	16
0.643526	17
0.643608	18
0.643693	19
0.643768	5
0.643771	6
0.643772	7
0.643774	8
0.643775	9
0.643776	10
0.643792	6
0.643828	7
0.643829	8
0.64383	9
0.643831	10
0.643837	11
0.64389	12
0.643946	13
0.644007	14
0.644073	15
0.644144	16
0.64422	17
0.6443	18
0.644385	19
0.644471	5
0.644476	6
0.644477	7
0.644478	8
0.644479	9
0.64448	10
0.644496	5
0.64453	6
0.644531	7
0.644532	8
0.644533	9
0.644535	10
0.644539	11
0.644591	12
0.644647	13
0.644707	14
0.644772	15
0.644841	16
0.644916	17
0.644995	18
0.645079	19
0.64516	5
0.64517	6
0.645171	7
0.645172	8
0.645173	9
0.645174	10
0.64519	5
0.645236	6
0.645237	7
0.645238	8
0.645239	9
0.645241	10
0.645245	11
0.645296	12
0.645349	13
0.645406	14
0.64547	15
0.645539	16
0.645612	17
0.64569	18
0.645772	19
0.64585	5
0.645861	6
0.645863	7
0.645864	8
0.645866	9
0.645867	10
0.645882	5
0.645928	6
0.645929	7
0.64593	8
0.645932	9
0.645933	10
0.645938	11
0.646	12
0.646051	13
0.646107	14
0.64617	15
0.646237	16
0.646309	17
0.646386	18
0.646467	19
0.646545	5
0.646554	6
0.646557	7
0.646558	8
0.646559	9
0.64656	10
0.646576	5
0.64662	6
0.646622	7
0.646623	8
0.646624	9
0.646625	10
0.64663	11
0.646693	12
0.646755	13
0.646809	14
0.64687	15
0.646937	16
0.647007	17
0.647083	18
0.647163	19
0.647241	5
0.647249	6
0.647251	7
0.647253	8
0.647254	9
0.647255	10
0.647271	5
0.647314	6
0.647315	7
0.647316	8
0.647318	9
0.647319	10
0.647324	11
0.647385	12
0.647447	13
0.647514	14
0.647572	15
0.647637	16
0.647707	17
0.647782	18
0.64786	19
0.647938	5
0.647945	6
0.647947	7
0.647949	8
0.64795	9
0.647951	10
0.647967	5
0.648009	6
0.64801	7
0.648011	8
0.648012	9
0.648014	10
0.648018	11
0.648078	12
0.64814	13
0.648206	14
0.648277	15
0.648339	16
0.648408	17
0.648481	18
0.648558	19
0.648636	5
0.648642	6
0.648645	7
0.648646	8
0.648647	9
0.648648	10
0.648664	6
0.648705	7
0.648706	8
0.648707	9
0.648708	10
0.648714	11
0.648772	12
0.648832	13
0.648898	14
0.648969	15
0.649044	16
0.64911	17
0.649182	18
0.649258	19
0.649336	5
0.649341	6
0.649343	7
0.649344	8
0.649345	9
0.649347	10
0.649362	6
0.649402	7
0.649403	8
0.649404	9
0.649405	10
0.649411	11
0.649468	12
0.649527	13
0.649592	14
0.649661	15
0.649736	16
0.649814	17
0.649884	18
0.649957	19
0.650035	5
0.650038	6
0.65004	7
0.650043	8
0.650045	9
0.650046	10
0.650062	6
0.6501	7
0.650101	8
0.650103	9
0.650104	10
0.65011	11
0.650165	12
0.650223	13
0.650287	14
0.650355	15
0.650428	16
0.650506	17
0.650588	18
0.650662	19
0.650736	5
0.65074	6
0.650742	7
0.650744	8
0.650746	9
0.650747	10
0.650763	6
0.6508	7
0.650801	8
0.650802	9
0.650803	10
0.650809	11
0.650863	12
0.65092	13
0.650982	14
0.65105	15
0.651122	16
0.651199	17
0.651281	18
0.651366	19
0.65144	5
0.651444	6
0.651445	7
0.651446	8
0.651448	9
0.651449	10
0.651464	6
0.651501	7
0.651502	8
0.651503	9
0.651504	10
0.65151	11
0.651563	12
0.651618	13
0.65168	14
0.651746	15
0.651817	16
0.651892	17
0.651973	18
0.652058	19
0.652144	5
0.652148	6
0.65215	7
0.652151	8
0.652152	9
0.652153	10
0.652169	5
0.652203	6
0.652204	7
0.652205	8
0.652206	9
0.652207	10
0.652212	11
0.652264	12
0.652319	13
0.65238	14
0.652445	15
0.652514	16
0.652589	17
0.652668	18
0.652752	19
0.652833	5
0.652842	6
0.652844	7
0.652845	8
0.652846	9
0.652847	10
0.652863	5
0.652908	6
0.65291	7
0.652911	8
0.652912	9
0.652913	10
0.652918	11
0.652969	12
0.653021	13
0.653079	14
0.653143	15
0.653211	16
0.653285	17
0.653363	18
0.653445	19
0.653523	5
0.653534	6
0.653536	7
0.653537	8
0.653538	9
0.65354	10
0.653555	5
0.653601	6
0.653602	7
0.653603	8
0.653604	9
0.653606	10
0.65361	11
0.653673	12
0.653723	13
0.65378	14
0.653842	15
0.65391	16
0.653982	17
0.654059	18
0.654139	19
0.654217	5
0.654227	6
0.654229	7
0.654231	8
0.654232	9
0.654233	10
0.654249	5
0.654293	6
0.654294	7
0.654296	8
0.654297	9
0.654298	10
0.654303	11
0.654365	12
0.654428	13
0.654482	14
0.654543	15
0.654609	16
0.65468	17
0.654756	18
0.654835	19
0.654913	5
0.654922	6
0.654924	7
0.654925	8
0.654927	9
0.654928	10
0.654943	5
0.654987	6
0.654988	7
0.654989	8
0.65499	9
0.654992	10
0.654996	11
0.655058	12
0.65512	13
0.655186	14
0.655245	15
0.65531	16
0.65538	17
0.655454	18
0.655532	19
0.655611	5
0.655618	6
0.65562	7
0.655621	8
0.655623	9
0.655624	10
0.655639	5
0.655681	6
0.655683	7
0.655684	8
0.655685	9
0.655686	10
0.655691	11
0.655751	12
0.655813	13
0.655879	14
0.65595	15
0.656012	16
0.656081	17
0.656154	18
0.656231	19
0.656309	5
0.656315	6
0.656317	7
0.656319	8
0.65632	9
0.656321	10
0.656337	6
0.656377	7
0.656379	8
0.65638	9
0.656381	10
0.656387	11
0.656445	12
0.656505	13
0.656571	14
0.656642	15
0.656716	16
0.656783	17
0.656855	18
0.65693	19
0.657009	5
0.657013	6
0.657016	7
0.657017	8
0.657018	9
0.657019	10
0.657035	6
0.657075	7
0.657076	8
0.657077	9
0.657078	10
0.657084	11
0.657141	12
0.6572	13
0.657265	14
0.657334	15
0.657409	16
0.657487	17
0.657557	18
0.65763	19
0.657708	5
0.65771	6
0.657713	7
0.657715	8
0.657718	9
0.657719	10
0.657735	6
0.657773	7
0.657774	8
0.657775	9
0.657777	10
0.657783	11
0.657838	12
0.657896	13
0.657959	14
0.658028	15
0.658101	16
0.658179	17
0.658261	18
0.658334	19
0.658409	5
0.658412	6
0.658415	7
0.658417	8
0.658418	9
0.65842	10
0.658435	6
0.658473	7
0.658474	8
0.658475	9
0.658476	10
0.658482	11
0.658536	12
0.658593	13
0.658655	14
0.658723	15
0.658795	16
0.658872	17
0.658953	18
0.659039	19
0.659113	5
0.659117	6
0.659118	7
0.659119	8
0.65912	9
0.659122	10
0.659137	6
0.659173	7
0.659175	8
0.659176	9
0.659177	10
0.659183	11
0.659236	12
0.659291	13
0.659352	14
0.659419	15
0.659489	16
0.659565	17
0.659646	18
0.659731	19
0.659816	5
0.659821	6
0.659822	7
0.659824	8
0.659825	9
0.659826	10
0.659842	5
0.659875	6
0.659876	7
0.659878	8
0.659879	9
0.65988	10
0.659885	11
0.659937	12
0.659992	13
0.660052	14
0.660117	15
0.660187	16
0.660262	17
0.660341	18
0.660425	19
0.660506	5
0.660515	6
0.660516	7
0.660518	8
0.660519	9
0.66052	10
0.660536	5
0.660581	6
0.660582	7
0.660584	8
0.660585	9
0.660586	10
0.660591	11
0.660641	12
0.660694	13
0.660752	14
0.660816	15
0.660884	16
0.660957	17
0.661036	18
0.661117	19
0.661195	5
0.661206	6
0.661209	7
0.66121	8
0.661211	9
0.661212	10
0.661228	5
0.661274	6
0.661275	7
0.661276	8
0.661277	9
0.661278	10
0.661283	11
0.661346	12
0.661396	13
0.661453	14
0.661515	15
0.661583	16
0.661655	17
0.661732	18
0.661812	19
0.66189	5
0.6619	6
0.661902	7
0.661903	8
0.661905	9
0.661906	10
0.661921	5
0.661966	6
0.661967	7
0.661968	8
0.66197	9
0.661971	10
0.661976	11
0.662038	12
0.662101	13
0.662155	14
0.662216	15
0.662282	16
0.662353	17
0.662429	18
0.662508	19
0.662586	5
0.662595	6
0.662597	7
0.662598	8
0.662599	9
0.662601	10
0.662616	5
0.66266	6
0.662661	7
0.662662	8
0.662663	9
0.662664	10
0.662669	11
0.66273	12
0.662793	13
0.662859	14
0.662918	15
0.662983	16
0.663053	17
0.663127	18
0.663205	19
0.663283	5
0.663291	6
0.663293	7
0.663294	8
0.663295	9
0.663297	10
0.663312	5
0.663354	6
0.663355	7
0.663357	8
0.663358	9
0.663359	10
0.663364	11
0.663424	12
0.663485	13
0.663551	14
0.663622	15
0.663685	16
0.663753	17
0.663827	18
0.663904	19
0.663982	5
0.663988	6
0.66399	7
0.663991	8
0.663993	9
0.663994	10
0.664009	6
0.66405	7
0.664051	8
0.664053	9
0.664054	10
0.66406	11
0.664118	12
0.664178	13
0.664244	14
0.664315	15
0.664389	16
0.664455	17
0.664527	18
0.664603	19
0.664681	5
0.664686	6
0.664688	7
0.66469	8
0.664691	9
0.664692	10
0.664708	6
0.664747	7
0.664749	8
0.66475	9
0.664751	10
0.664757	11
0.664813	12
0.664872	13
0.664937	14
0.665007	15
0.665082	16
0.66516	17
0.665229	18
0.665303	19
0.665381	5
0.665383	6
0.665386	7
0.665388	8
0.66539	9
0.665392	10
0.665407	6
0.665446	7
0.665447	8
0.665448	9
0.665449	10
0.665455	11
0.665511	12
0.665568	13
0.665632	14
0.665701	15
0.665774	16
0.665852	17
0.665934	18
0.666007	19
0.666082	5
0.666085	6
0.666088	7
0.66609	8
0.666091	9
0.666092	10
0.666108	6
0.666145	7
0.666147	8
0.666148	9
0.666149	10
0.666155	11
0.666209	12
0.666266	13
0.666328	14
0.666395	15
0.666467	16
0.666544	17
0.666626	18
0.666711	19
0.666786	5
0.66679	6
0.666791	7
0.666792	8
0.666793	9
0.666794	10
0.66681	6
0.666846	7
0.666847	8
0.666848	9
0.66685	10
0.666856	11
0.666909	12
0.666964	13
0.667025	14
0.667091	15
0.667162	16
0.667238	17
0.667318	18
0.667404	19
0.667489	5
0.667494	6
0.667495	7
0.667496	8
0.667498	9
0.667499	10
0.667514	5
0.667548	6
0.667549	7
0.66755	8
0.667552	9
0.667553	10
0.667558	11
0.66761	12
0.667665	13
0.667725	14
0.66779	15
0.66786	16
0.667934	17
0.668014	18
0.668098	19
0.668178	5
0.668188	6
0.668189	7
0.66819	8
0.668192	9
0.668193	10
0.668208	5
0.668254	6
0.668255	7
0.668256	8
0.668258	9
0.668259	10
0.668264	11
0.668314	12
0.668367	13
0.668425	14
0.668488	15
0.668557	16
0.66863	17
0.668708	18
0.66879	19
0.668868	5
0.668879	6
0.668881	7
0.668883	8
0.668884	9
0.668885	10
0.668901	5
0.668946	6
0.668948	7
0.668949	8
0.66895	9
0.668951	10
0.668956	11
0.669018	12
0.669069	13
0.669125	14
0.669188	15
0.669255	16
0.669327	17
0.669404	18
0.669485	19
0.669563	5
0.669573	6
0.669575	7
0.669576	8
0.669577	9
0.669579	10
0.669594	5
0.669639	6
0.66964	7
0.669641	8
0.669642	9
0.669644	10
0.669648	11
0.669711	12
0.669773	13
0.669827	14
0.669889	15
0.669955	16
0.670026	17
0.670101	18
0.670181	19
0.670259	5
0.670267	6
0.67027	7
0.670271	8
0.670272	9
0.670273	10
0.670289	5
0.670332	6
0.670333	7
0.670335	8
0.670336	9
0.670337	10
0.670342	11
0.670403	12
0.670466	13
0.670532	14
0.670591	15
0.670656	16
0.670725	17
0.6708	18
0.670878	19
0.670956	5
0.670963	6
0.670966	7
0.670967	8
0.670968	9
0.670969	10
0.670985	5
0.671027	6
0.671028	7
0.671029	8
0.671031	9
0.671032	10
0.671037	11
0.671097	12
0.671158	13
0.671224	14
0.671295	15
0.671358	16
0.671426	17
0.671499	18
0.671576	19
0.671654	5
0.67166	6
0.671663	7
0.671664	8
0.671665	9
0.671666	10
0.671682	6
0.671723	7
0.671724	8
0.671725	9
0.671727	10
0.671733	11
0.67179	12
0.67185	13
0.671917	14
0.671987	15
0.672062	16
0.672128	17
0.6722	18
0.672276	19
0.672354	5
0.672359	6
0.672361	7
0.672362	8
0.672364	9
0.672365	10
0.67238	6
0.67242	7
0.672421	8
0.672423	9
0.672424	10
0.67243	11
0.672486	12
0.672545	13
0.67261	14
0.67268	15
0.672754	16
0.672832	17
0.672902	18
0.672975	19
0.673054	5
0.673056	6
0.673058	7
0.673061	8
0.673063	9
0.673064	10
0.67308	6
0.673119	7
0.67312	8
0.673121	9
0.673122	10
0.673128	11
0.673183	12
0.673241	13
0.673305	14
0.673373	15
0.673447	16
0.673525	17
0.673607	18
0.67368	19
0.673754	5
0.673758	6
0.67376	7
0.673763	8
0.673764	9
0.673765	10
0.673781	6
0.673818	7
0.673819	8
0.67382	9
0.673822	10
0.673828	11
0.673882	12
0.673938	13
0.674001	14
0.674068	15
0.67414	16
0.674217	17
0.674299	18
0.674384	19
0.674459	5
0.674462	6
0.674464	7
0.674465	8
0.674466	9
0.674467	10
0.674483	6
0.674519	7
0.67452	8
0.674521	9
0.674522	10
0.674528	11
0.674581	12
0.674637	13
0.674698	14
0.674764	15
0.674835	16
0.674911	17
0.674991	18
0.675077	19
0.675162	5
0.675167	6
0.675168	7
0.675169	8
0.67517	9
0.675172	10
0.675187	5
0.675221	6
0.675222	7
0.675223	8
0.675224	9
0.675226	10
0.67523	11
0.675283	12
0.675338	13
0.675398	14
0.675463	15
0.675533	16
0.675607	17
0.675686	18
0.675771	19
0.675851	5
0.675861	6
0.675862	7
0.675863	8
0.675864	9
0.675865	10
0.675881	5
0.675927	6
0.675928	7
0.675929	8
0.67593	9
0.675932	10
0.675936	11
0.675987	12
0.67604	13
0.676097	14
0.676161	15
0.67623	16
0.676303	17
0.676381	18
0.676463	19
0.676541	5
0.676552	6
0.676554	7
0.676555	8
0.676557	9
0.676558	10
0.676573	5
0.676619	6
0.67662	7
0.676622	8
0.676623	9
0.676624	10
0.676629	11
0.676691	12
0.676742	13
0.676798	14
0.676861	15
0.676928	16
0.677	17
0.677077	18
0.677158	19
0.677236	5
0.677245	6
0.677248	7
0.677249	8
0.67725	9
0.677251	10
0.677267	5
0.677311	6
0.677313	7
0.677314	8
0.677315	9
0.677316	10
0.677321	11
0.677384	12
0.677446	13
0.6775	14
0.677562	15
0.677628	16
0.677699	17
0.677774	18
0.677854	19
0.677932	5
0.67794	6
0.677943	7
0.677944	8
0.677945	9
0.677946	10
0.677962	5
0.678005	6
0.678006	7
0.678007	8
0.678009	9
0.67801	10
0.678015	11
0.678076	12
0.678138	13
0.678205	14
0.678263	15
0.678328	16
0.678398	17
0.678473	18
0.678551	19
0.678629	5
0.678636	6
0.678638	7
0.67864	8
0.678641	9
0.678642	10
0.678658	5
0.6787	6
0.678701	7
0.678702	8
0.678703	9
0.678705	10
0.678709	11
0.67877	12
0.678831	13
0.678897	14
0.678968	15
0.67903	16
0.679099	17
0.679172	18
0.679249	19
0.679327	5
0.679333	6
0.679336	7
0.679337	8
0.679338	9
0.679339	10
0.679355	6
0.679396	7
0.679397	8
0.679398	9
0.679399	10
0.679405	11
0.679463	12
0.679523	13
0.679589	14
0.67966	15
0.679735	16
0.679801	17
0.679873	18
0.679949	19
0.680027	5
0.680032	6
0.680034	7
0.680035	8
0.680036	9
0.680038	10
0.680053	6
0.680093	7
0.680094	8
0.680095	9
0.680097	10
0.680103	11
0.680159	12
0.680218	13
0.680283	14
0.680353	15
0.680427	16
0.680505	17
0.680575	18
0.680648	19
0.680726	5
0.680729	6
0.680731	7
0.680734	8
0.680736	9
0.680737	10
0.680753	6
0.680791	7
0.680792	8
0.680794	9
0.680795	10
0.680801	11
0.680856	12
0.680914	13
0.680978	14
0.681046	15
0.681119	16
0.681198	17
0.681279	18
0.681353	19
0.681427	5
0.681431	6
0.681433	7
0.681436	8
0.681437	9
0.681438	10
0.681454	6
0.681491	7
0.681492	8
0.681493	9
0.681494	10
0.6815	11
0.681555	12
0.681611	13
0.681674	14
0.681741	15
0.681813	16
0.68189	17
0.681972	18
0.682057	19
0.682132	5
0.682135	6
0.682136	7
0.682138	8
0.682139	9
0.68214	10
0.682156	6
0.682192	7
0.682193	8
0.682194	9
0.682195	10
0.682201	11
0.682254	12
0.682309	13
0.682371	14
0.682437	15
0.682508	16
0.682583	17
0.682664	18
0.682749	19
0.682835	5
0.682839	6
0.682841	7
0.682842	8
0.682843	9
0.682844	10
0.68286	5
0.682894	6
0.682895	7
0.682896	8
0.682897	9
0.682898	10
0.682903	11
0.682955	12
0.683011	13
0.683071	14
0.683136	15
0.683205	16
0.68328	17
0.683359	18
0.683443	19
0.683524	5
0.683533	6
0.683535	7
0.683536	8
0.683537	9
0.683538	10
0.683554	5
0.6836	6
0.683601	7
0.683602	8
0.683603	9
0.683604	10
0.683609	11
0.68366	12
0.683713	13
0.68377	14
0.683834	15
0.683902	16
0.683976	17
0.684054	18
0.684136	19
0.684214	5
0.684225	6
0.684227	7
0.684228	8
0.684229	9
0.684231	10
0.684246	5
0.684292	6
0.684293	7
0.684294	8
0.684296	9
0.684297	10
0.684302	11
0.684364	12
0.684415	13
0.684471	14
0.684534	15
0.684601	16
0.684673	17
0.68475	18
0.68483	19
0.684909	5
0.684918	6
0.684921	7
0.684922	8
0.684923	9
0.684924	10
0.68494	5
0.684984	6
0.684985	7
0.684987	8
0.684988	9
0.684989	10
0.684994	11
0.685056	12
0.685119	13
0.685173	14
0.685234	15
0.6853	16
0.685371	17
0.685447	18
0.685526	19
0.685604	5
0.685613	6
0.685615	7
0.685617	8
0.685618	9
0.685619	10
0.685635	5
0.685678	6
0.685679	7
0.68568	8
0.685681	9
0.685683	10
0.685687	11
0.685749	12
0.685811	13
0.685877	14
0.685936	15
0.686001	16
0.686071	17
0.686145	18
0.686224	19
0.686302	5
0.686309	6
0.686311	7
0.686312	8
0.686314	9
0.686315	10
0.68633	5
0.686373	6
0.686374	7
0.686375	8
0.686376	9
0.686377	10
0.686382	11
0.686442	12
0.686504	13
0.68657	14
0.686641	15
0.686703	16
0.686772	17
0.686845	18
0.686922	19
0.687	5
0.687006	6
0.687008	7
0.68701	8
0.687011	9
0.687012	10
0.687028	6
0.687069	7
0.68707	8
0.687071	9
0.687072	10
0.687078	11
0.687136	12
0.687196	13
0.687262	14
0.687333	15
0.687407	16
0.687474	17
0.687546	18
0.687621	19
0.6877	5
0.687704	6
0.687707	7
0.687708	8
0.687709	9
0.68771	10
0.687726	6
0.687766	7
0.687767	8
0.687768	9
0.687769	10
0.687775	11
0.687832	12
0.687891	13
0.687956	14
0.688025	15
0.6881	16
0.688178	17
0.688248	18
0.688321	19
0.688399	5
0.688402	6
0.688404	7
0.688406	8
0.688409	9
0.68841	10
0.688426	6
0.688464	7
0.688465	8
0.688466	9
0.688468	10
0.688474	11
0.688529	12
0.688587	13
0.68865	14
0.688719	15
0.688792	16
0.68887	17
0.688952	18
0.689025	19
0.6891	5
0.689104	6
0.689106	7
0.689108	8
0.68911	9
0.689111	10
0.689126	6
0.689164	7
0.689165	8
0.689166	9
0.689167	10
0.689173	11
0.689227	12
0.689284	13
0.689346	14
0.689414	15
0.689486	16
0.689563	17
0.689644	18
0.68973	19
0.689804	5
0.689808	6
0.689809	7
0.68981	8
0.689811	9
0.689813	10
0.689828	6
0.689864	7
0.689866	8
0.689867	9
0.689868	10
0.689874	11
0.689927	12
0.689982	13
0.690043	14
0.69011	15
0.690181	16
0.690256	17
0.690337	18
0.690422	19
0.690507	5
0.690512	6
0.690513	7
0.690515	8
0.690516	9
0.690517	10
0.690533	5
0.690566	6
0.690568	7
0.690569	8
0.69057	9
0.690571	10
0.690576	11
0.690628	12
0.690683	13
0.690743	14
0.690808	15
0.690878	16
0.690953	17
0.691032	18
0.691116	19
0.691197	5
0.691206	6
0.691207	7
0.691209	8
0.69121	9
0.691211	10
0.691227	5
0.691272	6
0.691274	7
0.691275	8
0.691276	9
0.691277	10
0.691282	11
0.691332	12
0.691385	13
0.691443	14
0.691507	15
0.691575	16
0.691649	17
0.691727	18
0.691808	19
0.691887	5
0.691897	6
0.6919	7
0.691901	8
0.691902	9
0.691903	10
0.691919	5
0.691965	6
0.691966	7
0.691967	8
0.691968	9
0.691969	10
0.691974	11
0.692037	12
0.692087	13
0.692144	14
0.692206	15
0.692274	16
0.692346	17
0.692423	18
0.692503	19
0.692581	5
0.692591	6
0.692593	7
0.692595	8
0.692596	9
0.692597	10
0.692613	5
0.692657	6
0.692658	7
0.692659	8
0.692661	9
0.692662	10
0.692667	11
0.692729	12
0.692792	13
0.692846	14
0.692907	15
0.692973	16
0.693044	17
0.69312	18
0.693199	19
0.693277	5
0.693286	6
0.693288	7
0.693289	8
0.69329	9
0.693292	10
0.693307	5
0.693351	6
0.693352	7
0.693353	8
0.693354	9
0.693355	10
0.69336	11
0.693421	12
0.693484	13
0.69355	14
0.693609	15
0.693674	16
0.693744	17
0.693818	18
0.693896	19
0.693974	5
0.693982	6
0.693984	7
0.693985	8
0.693986	9
0.693988	10
0.694003	5
0.694045	6
0.694047	7
0.694048	8
0.694049	9
0.69405	10
0.694055	11
0.694115	12
0.694176	13
0.694242	14
0.694313	15
0.694376	16
0.694444	17
0.694518	18
0.694595	19
0.694673	5
0.694679	6
0.694681	7
0.694682	8
0.694684	9
0.694685	10
0.6947	6
0.694741	7
0.694742	8
0.694744	9
0.694745	10
0.694751	11
0.694809	12
0.694869	13
0.694935	14
0.695006	15
0.69508	16
0.695146	17
0.695218	18
0.695294	19
0.695372	5
0.695377	6
0.69538	7
0.695381	8
0.695382	9
0.695383	10
0.695399	6
0.695438	7
0.69544	8
0.695441	9
0.695442	10
0.695448	11
0.695505	12
0.695563	13
0.695628	14
0.695698	15
0.695773	16
0.695851	17
0.69592	18
0.695994	19
0.696072	5
0.696074	6
0.696077	7
0.696079	8
0.696082	9
0.696083	10
0.696098	6
0.696137	7
0.696138	8
0.696139	9
0.69614	10
0.696146	11
0.696202	12
0.696259	13
0.696323	14
0.696392	15
0.696465	16
0.696543	17
0.696625	18
0.696698	19
0.696773	5
0.696776	6
0.696779	7
0.696781	8
0.696782	9
0.696783	10
0.696799	6
0.696836	7
0.696838	8
0.696839	9
0.69684	10
0.696846	11
0.6969	12
0.696957	13
0.697019	14
0.697086	15
0.697159	16
0.697235	17
0.697317	18
0.697403	19
0.697477	5
0.697481	6
0.697482	7
0.697483	8
0.697484	9
0.697485	10
0.697501	6
0.697537	7
0.697538	8
0.69754	9
0.697541	10
0.697547	11
0.6976	12
0.697655	13
0.697716	14
0.697782	15
0.697853	16
0.697929	17
0.69801	18
0.698095	19
0.69818	5
0.698185	6
0.698186	7
0.698187	8
0.698189	9
0.69819	10
0.698205	5
0.698239	6
0.69824	7
0.698242	8
0.698243	9
0.698244	10
0.698249	11
0.698301	12
0.698356	13
0.698416	14
0.698481	15
0.698551	16
0.698625	17
0.698705	18
0.698789	19
0.698869	5
0.698879	6
0.69888	7
0.698881	8
0.698883	9
0.698884	10
0.698899	5
0.698945	6
0.698946	7
0.698947	8
0.698949	9
0.69895	10
0.698955	11
0.699005	12
0.699058	13
0.699116	14
0.699179	15
0.699248	16
0.699321	17
0.699399	18
0.699481	19
0.699559	5
0.69957	6
0.699573	7
0.699574	8
0.699575	9
0.699576	10
0.699592	5
0.699637	6
0.699639	7
0.69964	8
0.699641	9
0.699642	10
0.699647	11
0.69971	12
0.69976	13
0.699817	14
0.699879	15
0.699946	16
0.700018	17
0.700095	18
0.700176	19
0.700254	5
0.700264	6
0.700266	7
0.700267	8
0.700268	9
0.70027	10
0.700285	5
0.70033	6
0.700331	7
0.700332	8
0.700333	9
0.700335	10
0.700339	11
0.700402	12
0.700464	13
0.700519	14
0.70058	15
0.700646	16
0.700717	17
0.700793	18
0.700872	19
0.70095	5
0.700958	6
0.700961	7
0.700962	8
0.700963	9
0.700964	10
0.70098	5
0.701023	6
0.701025	7
0.701026	8
0.701027	9
0.701028	10
0.701033	11
0.701094	12
0.701157	13
0.701223	14
0.701282	15
0.701347	16
0.701416	17
0.701491	18
0.701569	19
0.701647	5
0.701654	6
0.701657	7
0.701658	8
0.701659	9
0.70166	10
0.701676	5
0.701718	6
0.701719	7
0.701721	8
0.701722	9
0.701723	10
0.701728	11
0.701788	12
0.701849	13
0.701915	14
0.701986	15
0.702049	16
0.702117	17
0.70219	18
0.702267	19
0.702346	5
0.702352	6
0.702354	7
0.702355	8
0.702356	9
0.702358	10
0.702373	6
0.702414	7
0.702415	8
0.702416	9
0.702418	10
0.702424	11
0.702481	12
0.702541	13
0.702608	14
0.702678	15
0.702753	16
0.702819	17
0.702891	18
0.702967	19
0.703045	5
0.70305	6
0.703052	7
0.703054	8
0.703055	9
0.703056	10
0.703072	6
0.703111	7
0.703112	8
0.703114	9
0.703115	10
0.703121	11
0.703177	12
0.703236	13
0.703301	14
0.703371	15
0.703445	16
0.703524	17
0.703593	18
0.703667	19
0.703745	5
0.703747	6
0.703749	7
0.703752	8
0.703754	9
0.703755	10
0.703771	6
0.70381	7
0.703811	8
0.703812	9
0.703813	10
0.703819	11
0.703874	12
0.703932	13
0.703996	14
0.704064	15
0.704138	16
0.704216	17
0.704298	18
0.704371	19
0.704445	5
0.704449	6
0.704451	7
0.704454	8
0.704455	9
0.704456	10
0.704472	6
0.704509	7
0.70451	8
0.704512	9
0.704513	10
0.704519	11
0.704573	12
0.704629	13
0.704692	14
0.704759	15
0.704831	16
0.704908	17
0.70499	18
0.705075	19
0.70515	5
0.705153	6
0.705155	7
0.705156	8
0.705157	9
0.705158	10
0.705174	6
0.70521	7
0.705211	8
0.705212	9
0.705214	10
0.70522	11
0.705272	12
0.705328	13
0.705389	14
0.705455	15
0.705526	16
0.705602	17
0.705682	18
0.705768	19
0.705853	5
0.705858	6
0.705859	7
0.70586	8
0.705861	9
0.705863	10
0.705878	5
0.705912	6
0.705913	7
0.705914	8
0.705915	9
0.705917	10
0.705921	11
0.705974	12
0.706029	13
0.706089	14
0.706154	15
0.706224	16
0.706298	17
0.706377	18
0.706462	19
0.706542	5
0.706552	6
0.706553	7
0.706554	8
0.706555	9
0.706557	10
0.706572	5
0.706618	6
0.706619	7
0.70662	8
0.706621	9
0.706623	10
0.706627	11
0.706678	12
0.706731	13
0.706789	14
0.706852	15
0.706921	16
0.706994	17
0.707072	18
0.707154	19
0.707232	5
0.707243	6
0.707245	7
0.707247	8
0.707248	9
0.707249	10
0.707265	5
0.70731	6
0.707311	7
0.707313	8
0.707314	9
0.707315	10
0.70732	11
0.707382	12
0.707433	13
0.707489	14
0.707552	15
0.707619	16
0.707691	17
0.707768	18
0.707849	19
0.707927	5
0.707936	6
0.707939	7
0.70794	8
0.707941	9
0.707942	10
0.707958	5
0.708003	6
0.708004	7
0.708005	8
0.708006	9
0.708007	10
0.708012	11
0.708075	12
0.708137	13
0.708191	14
0.708253	15
0.708319	16
0.70839	17
0.708465	18
0.708545	19
0.708623	5
0.708631	6
0.708634	7
0.708635	8
0.708636	9
0.708637	10
0.708653	5
0.708696	6
0.708697	7
0.708699	8
0.7087	9
0.708701	10
0.708706	11
0.708767	12
0.70883	13
0.708896	14
0.708955	15
0.709019	16
0.709089	17
0.709164	18
0.709242	19
0.70932	5
0.709327	6
0.70933	7
0.709331	8
0.709332	9
0.709333	10
0.709349	5
0.709391	6
0.709392	7
0.709393	8
0.709394	9
0.709396	10
0.7094	11
0.709461	12
0.709522	13
0.709588	14
0.709659	15
0.709721	16
0.70979	17
0.709863	18
0.70994	19
0.710018	5
0.710024	6
0.710027	7
0.710028	8
0.710029	9
0.71003	10
0.710046	6
0.710087	7
0.710088	8
0.710089	9
0.71009	10
0.710096	11
0.710154	12
0.710214	13
0.71028	14
0.710351	15
0.710426	16
0.710492	17
0.710564	18
0.71064	19
0.710718	5
0.710723	6
0.710725	7
0.710726	8
0.710727	9
0.710729	10
0.710744	6
0.710784	7
0.710785	8
0.710786	9
0.710788	10
0.710794	11
0.71085	12
0.710909	13
0.710974	14
0.711044	15
0.711118	16
0.711196	17
0.711266	18
0.711339	19
0.711417	5
0.71142	6
0.711422	7
0.711425	8
0.711427	9
0.711428	10
0.711444	6
0.711482	7
0.711484	8
0.711485	9
0.711486	10
0.711492	11
0.711547	12
0.711605	13
0.711669	14
0.711737	15
0.71181	16
0.711889	17
0.71197	18
0.712044	19
0.712118	5
0.712122	6
0.712124	7
0.712127	8
0.712128	9
0.712129	10
0.712145	6
0.712182	7
0.712183	8
0.712184	9
0.712186	10
0.712192	11
0.712246	12
0.712302	13
0.712365	14
0.712432	15
0.712504	16
0.712581	17
0.712663	18
0.712748	19
0.712823	5
0.712826	6
0.712827	7
0.712829	8
0.71283	9
0.712831	10
0.712847	6
0.712883	7
0.712884	8
0.712885	9
0.712886	10
0.712892	11
0.712945	12
0.713	13
0.713062	14
0.713128	15
0.713199	16
0.713275	17
0.713355	18
0.71344	19
0.713526	5
0.713531	6
0.713532	7
0.713533	8
0.713534	9
0.713535	10
0.713551	5
0.713585	6
0.713586	7
0.713587	8
0.713588	9
0.713589	10
0.713594	11
0.713646	12
0.713702	13
0.713762	14
0.713827	15
0.713896	16
0.713971	17
0.71405	18
0.714134	19
0.714215	5
0.714225	6
0.714226	7
0.714227	8
0.714228	9
0.714229	10
0.714245	5
0.714291	6
0.714292	7
0.714293	8
0.714294	9
0.714295	10
0.7143	11
0.714351	12
0.714404	13
0.714461	14
0.714525	15
0.714594	16
0.714667	17
0.714745	18
0.714827	19
0.714905	5
0.714916	6
0.714918	7
0.714919	8
0.71492	9
0.714922	10
0.714937	5
0.714983	6
0.714984	7
0.714985	8
0.714987	9
0.714988	10
0.714993	11
0.715055	12
0.715106	13
0.715162	14
0.715225	15
0.715292	16
0.715364	17
0.715441	18
0.715521	19
0.7156	5
0.715609	6
0.715612	7
0.715613	8
0.715614	9
0.715615	10
0.715631	5
0.715675	6
0.715677	7
0.715678	8
0.715679	9
0.71568	10
0.715685	11
0.715747	12
0.71581	13
0.715864	14
0.715925	15
0.715991	16
0.716062	17
0.716138	18
0.716217	19
0.716296	5
0.716304	6
0.716306	7
0.716308	8
0.716309	9
0.71631	10
0.716326	5
0.716369	6
0.71637	7
0.716371	8
0.716372	9
0.716374	10
0.716378	11
0.71644	12
0.716502	13
0.716568	14
0.716627	15
0.716692	16
0.716762	17
0.716836	18
0.716915	19
0.716993	5
0.717	6
0.717002	7
0.717004	8
0.717005	9
0.717006	10
0.717022	5
0.717064	6
0.717065	7
0.717066	8
0.717067	9
0.717068	10
0.717073	11
0.717133	12
0.717195	13
0.717261	14
0.717332	15
0.717394	16
0.717463	17
0.717536	18
0.717613	19
0.717691	5
0.717697	6
0.717699	7
0.717701	8
0.717702	9
0.717703	10
0.717719	6
0.71776	7
0.717761	8
0.717762	9
0.717763	10
0.717769	11
0.717827	12
0.717887	13
0.717953	14
0.718024	15
0.718099	16
0.718165	17
0.718237	18
0.718313	19
0.718391	5
0.718395	6
0.718398	7
0.718399	8
0.7184	9
0.718401	10
0.718417	6
0.718457	7
0.718458	8
0.718459	9
0.71846	10
0.718466	11
0.718523	12
0.718582	13
0.718647	14
0.718716	15
0.718791	16
0.718869	17
0.718939	18
0.719012	19
0.71909	5
0.719093	6
0.719095	7
0.719097	8
0.7191	9
0.719101	10
0.719117	6
0.719155	7
0.719156	8
0.719158	9
0.719159	10
0.719165	11
0.71922	12
0.719278	13
0.719341	14
0.71941	15
0.719483	16
0.719561	17
0.719643	18
0.719716	19
0.719791	5
0.719795	6
0.719797	7
0.719799	8
0.719801	9
0.719802	10
0.719817	6
0.719855	7
0.719856	8
0.719857	9
0.719858	10
0.719864	11
0.719918	12
0.719975	13
0.720037	14
0.720105	15
0.720177	16
0.720254	17
0.720335	18
0.720421	19
0.720495	5
0.720499	6
0.7205	7
0.720501	8
0.720503	9
0.720504	10
0.720519	6
0.720555	7
0.720557	8
0.720558	9
0.720559	10
0.720565	11
0.720618	12
0.720673	13
0.720735	14
0.720801	15
0.720872	16
0.720947	17
0.721028	18
0.721113	19
0.721199	5
0.721203	6
0.721205	7
0.721206	8
0.721207	9
0.721208	10
0.721224	5
0.721257	6
0.721259	7
0.72126	8
0.721261	9
0.721262	10
0.721267	11
0.721319	12
0.721374	13
0.721435	14
0.721499	15
0.721569	16
0.721644	17
0.721723	18
0.721807	19
0.721888	5
0.721897	6
0.721898	7
0.7219	8
0.721901	9
0.721902	10
0.721918	5
0.721963	6
0.721965	7
0.721966	8
0.721967	9
0.721968	10
0.721973	11
0.722023	12
0.722076	13
0.722134	14
0.722198	15
0.722266	16
0.72234	17
0.722418	18
0.722499	19
0.722578	5
0.722588	6
0.722591	7
0.722592	8
0.722593	9
0.722594	10
0.72261	5
0.722656	6
0.722657	7
0.722658	8
0.722659	9
0.722661	10
0.722665	11
0.722728	12
0.722778	13
0.722835	14
0.722897	15
0.722965	16
0.723037	17
0.723114	18
0.723194	19
0.723272	5
0.723282	6
0.723284	7
0.723286	8
0.723287	9
0.723288	10
0.723304	5
0.723348	6
0.723349	7
0.72335	8
0.723352	9
0.723353	10
0.723358	11
0.72342	12
0.723483	13
0.723537	14
0.723598	15
0.723664	16
0.723735	17
0.723811	18
0.72389	19
0.723968	5
0.723977	6
0.723979	7
0.72398	8
0.723982	9
0.723983	10
0.723998	5
0.724042	6
0.724043	7
0.724044	8
0.724045	9
0.724046	10
0.724051	11
0.724113	12
0.724175	13
0.724241	14
0.7243	15
0.724365	16
0.724435	17
0.724509	18
0.724587	19
0.724665	5
0.724673	6
0.724675	7
0.724676	8
0.724678	9
0.724679	10
0.724694	5
0.724736	6
0.724738	7
0.724739	8
0.72474	9
0.724741	10
0.724746	11
0.724806	12
0.724867	13
0.724934	14
0.725004	15
0.725067	16
0.725135	17
0.725209	18
0.725286	19
0.725364	5
0.72537	6
0.725372	7
0.725373	8
0.725375	9
0.725376	10
0.725391	6
0.725432	7
0.725434	8
0.725435	9
0.725436	10
0.725442	11
0.7255	12
0.72556	13
0.725626	14
0.725697	15
0.725771	16
0.725837	17
0.72591	18
0.725985	19
0.726063	5
0.726068	6
0.726071	7
0.726072	8
0.726073	9
0.726074	10
0.72609	6
0.72613	7
0.726131	8
0.726132	9
0.726133	10
0.726139	11
0.726196	12
0.726255	13
0.726319	14
0.726389	15
0.726464	16
0.726542	17
0.726612	18
0.726685	19
0.726763	5
0.726765	6
0.726768	7
0.72677	8
0.726773	9
0.726774	10
0.726789	6
0.726828	7
0.726829	8
0.72683	9
0.726831	10
0.726838	11
0.726893	12
0.72695	13
0.727014	14
0.727083	15
0.727156	16
0.727234	17
0.727316	18
0.727389	19
0.727464	5
0.727467	6
0.72747	7
0.727472	8
0.727473	9
0.727475	10
0.72749	6
0.727527	7
0.727529	8
0.72753	9
0.727531	10
0.727537	11
0.727591	12
0.727648	13
0.72771	14
0.727777	15
0.72785	16
0.727927	17
0.728008	18
0.728094	19
0.728168	5
0.728172	6
0.728173	7
0.728174	8
0.728175	9
0.728177	10
0.728192	6
0.728228	7
0.728229	8
0.728231	9
0.728232	10
0.728238	11
0.728291	12
0.728346	13
0.728407	14
0.728473	15
0.728544	16
0.72862	17
0.728701	18
0.728786	19
0.728871	5
0.728876	6
0.728877	7
0.728878	8
0.72888	9
0.728881	10
0.728897	5
0.72893	6
0.728931	7
0.728933	8
0.728934	9
0.728935	10
0.72894	11
0.728992	12
0.729047	13
0.729107	14
0.729172	15
0.729242	16
0.729316	17
0.729396	18
0.72948	19
0.72956	5
0.72957	6
0.729571	7
0.729572	8
0.729574	9
0.729575	10
0.72959	5
0.729636	6
0.729637	7
0.729639	8
0.72964	9
0.729641	10
0.729646	11
0.729696	12
0.729749	13
0.729807	14
0.729871	15
0.729939	16
0.730012	17
0.730091	18
0.730172	19
0.73025	5
0.730261	6
0.730264	7
0.730265	8
0.730266	9
0.730267	10
0.730283	5
0.730329	6
0.73033	7
0.730331	8
0.730332	9
0.730333	10
0.730338	11
0.730401	12
0.730451	13
0.730508	14
0.73057	15
0.730637	16
0.73071	17
0.730786	18
0.730867	19
0.730945	5
0.730955	6
0.730957	7
0.730958	8
0.73096	9
0.730961	10
0.730976	5
0.731021	6
0.731022	7
0.731023	8
0.731024	9
0.731026	10
0.73103	11
0.731093	12
0.731155	13
0.73121	14
0.731271	15
0.731337	16
0.731408	17
0.731484	18
0.731563	19
0.731641	5
0.73165	6
0.731652	7
0.731653	8
0.731654	9
0.731656	10
0.731671	5
0.731714	6
0.731716	7
0.731717	8
0.731718	9
0.731719	10
0.731724	11
0.731785	12
0.731848	13
0.731914	14
0.731973	15
0.732038	16
0.732107	17
0.732182	18
0.73226	19
0.732338	5
0.732345	6
0.732348	7
0.732349	8
0.73235	9
0.732351	10
0.732367	5
0.732409	6
0.73241	7
0.732412	8
0.732413	9
0.732414	10
0.732419	11
0.732479	12
0.73254	13
0.732606	14
0.732677	15
0.73274	16
0.732808	17
0.732882	18
0.732958	19
0.733037	5
0.733043	6
0.733045	7
0.733046	8
0.733047	9
0.733049	10
0.733064	6
0.733105	7
0.733106	8
0.733108	9
0.733109	10
0.733115	11
0.733172	12
0.733233	13
0.733299	14
0.73337	15
0.733444	16
0.73351	17
0.733582	18
0.733658	19
0.733736	5
0.733741	6
0.733743	7
0.733745	8
0.733746	9
0.733747	10
0.733763	6
0.733802	7
0.733803	8
0.733805	9
0.733806	10
0.733812	11
0.733868	12
0.733927	13
0.733992	14
0.734062	15
0.734136	16
0.734215	17
0.734284	18
0.734358	19
0.734436	5
0.734438	6
0.734441	7
0.734443	8
0.734445	9
0.734447	10
0.734462	6
0.734501	7
0.734502	8
0.734503	9
0.734504	10
0.73451	11
0.734566	12
0.734623	13
0.734687	14
0.734755	15
0.734829	16
0.734907	17
0.734989	18
0.735062	19
0.735137	5
0.73514	6
0.735143	7
0.735145	8
0.735146	9
0.735147	10
0.735163	6
0.7352	7
0.735201	8
0.735203	9
0.735204	10
0.73521	11
0.735264	12
0.73532	13
0.735383	14
0.73545	15
0.735522	16
0.735599	17
0.735681	18
0.735766	19
0.735841	5
0.735844	6
0.735846	7
0.735847	8
0.735848	9
0.735849	10
0.735865	6
0.735901	7
0.735902	8
0.735903	9
0.735905	10
0.735911	11
0.735963	12
0.736019	13
0.73608	14
0.736146	15
0.736217	16
0.736293	17
0.736373	18
0.736459	19
0.736544	5
0.736549	6
0.73655	7
0.736551	8
0.736552	9
0.736554	10
0.736569	5
0.736603	6
0.736604	7
0.736605	8
0.736607	9
0.736608	10
0.736613	11
0.736665	12
0.73672	13
0.73678	14
0.736845	15
0.736915	16
0.736989	17
0.737069	18
0.737153	19
0.737233	5
0.737243	6
0.737244	7
0.737245	8
0.737246	9
0.737248	10
0.737263	5
0.737309	6
0.73731	7
0.737311	8
0.737313	9
0.737314	10
0.737319	11
0.737369	12
0.737422	13
0.73748	14
0.737543	15
0.737612	16
0.737685	17
0.737763	18
0.737845	19
0.737923	5
0.737934	6
0.737936	7
0.737938	8
0.737939	9
0.73794	10
0.737956	5
0.738001	6
0.738002	7
0.738004	8
0.738005	9
0.738006	10
0.738011	11
0.738073	12
0.738124	13
0.73818	14
0.738243	15
0.73831	16
0.738382	17
0.738459	18
0.73854	19
0.738618	5
0.738628	6
0.73863	7
0.738631	8
0.738632	9
0.738634	10
0.738649	5
0.738694	6
0.738695	7
0.738696	8
0.738697	9
0.738698	10
0.738703	11
0.738766	12
0.738828	13
0.738882	14
0.738944	15
0.73901	16
0.739081	17
0.739156	18
0.739236	19
0.739314	5
0.739322	6
0.739325	7
0.739326	8
0.739327	9
0.739328	10
0.739344	5
0.739387	6
0.739388	7
0.73939	8
0.739391	9
0.739392	10
0.739397	11
0.739458	12
0.739521	13
0.739587	14
0.739646	15
0.739711	16
0.73978	17
0.739855	18
0.739933	19
0.740011	5
0.740018	6
0.740021	7
0.740022	8
0.740023	9
0.740024	10
0.74004	5
0.740082	6
0.740083	7
0.740084	8
0.740086	9
0.740087	10
0.740092	11
0.740152	12
0.740213	13
0.740279	14
0.74035	15
0.740412	16
0.740481	17
0.740554	18
0.740631	19
0.740709	5
0.740715	6
0.740718	7
0.740719	8
0.74072	9
0.740721	10
0.740737	6
0.740778	7
0.740779	8
0.74078	9
0.740782	10
0.740788	11
0.740845	12
0.740905	13
0.740971	14
0.741042	15
0.741117	16
0.741183	17
0.741255	18
0.741331	19
0.741409	5
0.741414	6
0.741416	7
0.741417	8
0.741419	9
0.74142	10
0.741435	6
0.741475	7
0.741476	8
0.741477	9
0.741479	10
0.741485	11
0.741541	12
0.7416	13
0.741665	14
0.741735	15
0.741809	16
0.741887	17
0.741957	18
0.74203	19
0.742109	5
0.742111	6
0.742113	7
0.742116	8
0.742118	9
0.742119	10
0.742135	6
0.742173	7
0.742175	8
0.742176	9
0.742177	10
0.742183	11
0.742238	12
0.742296	13
0.74236	14
0.742428	15
0.742502	16
0.74258	17
0.742661	18
0.742735	19
0.742809	5
0.742813	6
0.742815	7
0.742818	8
0.742819	9
0.74282	10
0.742836	6
0.742873	7
0.742874	8
0.742875	9
0.742877	10
0.742883	11
0.742937	12
0.742993	13
0.743056	14
0.743123	15
0.743195	16
0.743272	17
0.743354	18
0.743439	19
0.743514	5
0.743517	6
0.743518	7
0.74352	8
0.743521	9
0.743522	10
0.743538	6
0.743574	7
0.743575	8
0.743576	9
0.743577	10
0.743583	11
0.743636	12
0.743692	13
0.743753	14
0.743819	15
0.74389	16
0.743966	17
0.744046	18
0.744131	19
0.744217	5
0.744222	6
0.744223	7
0.744224	8
0.744225	9
0.744226	10
0.744242	5
0.744276	6
0.744277	7
0.744278	8
0.744279	9
0.744281	10
0.744285	11
0.744337	12
0.744393	13
0.744453	14
0.744518	15
0.744587	16
0.744662	17
0.744741	18
0.744825	19
0.744906	5
0.744916	6
0.744917	7
0.744918	8
0.744919	9
0.74492	10
0.744936	5
0.744982	6
0.744983	7
0.744984	8
0.744985	9
0.744987	10
0.744991	11
0.745042	12
0.745095	13
0.745152	14
0.745216	15
0.745285	16
0.745358	17
0.745436	18
0.745518	19
0.745596	5
0.745607	6
0.745609	7
0.74561	8
0.745612	9
0.745613	10
0.745628	5
0.745674	6
0.745675	7
0.745676	8
0.745678	9
0.745679	10
0.745684	11
0.745746	12
0.745797	13
0.745853	14
0.745916	15
0.745983	16
0.746055	17
0.746132	18
0.746213	19
0.746291	5
0.7463	6
0.746303	7
0.746304	8
0.746305	9
0.746306	10
0.746322	5
0.746366	6
0.746368	7
0.746369	8
0.74637	9
0.746371	10
0.746376	11
0.746439	12
0.746501	13
0.746555	14
0.746616	15
0.746683	16
0.746753	17
0.746829	18
0.746909	19
0.746987	5
0.746995	6
0.746997	7
0.746999	8
0.747	9
0.747001	10
0.747017	5
0.74706	6
0.747061	7
0.747062	8
0.747064	9
0.747065	10
0.74707	11
0.747131	12
0.747193	13
0.747259	14
0.747318	15
0.747383	16
0.747453	17
0.747528	18
0.747606	19
0.747684	5
0.747691	6
0.747693	7
0.747695	8
0.747696	9
0.747697	10
0.747713	5
0.747755	6
0.747756	7
0.747757	8
0.747758	9
0.74776	10
0.747764	11
0.747824	12
0.747886	13
0.747952	14
0.748023	15
0.748085	16
0.748154	17
0.748227	18
0.748304	19
0.748382	5
0.748388	6
0.748391	7
0.748392	8
0.748393	9
0.748394	10
0.74841	6
0.748451	7
0.748452	8
0.748453	9
0.748454	10
0.74846	11
0.748518	12
0.748578	13
0.748644	14
0.748715	15
0.74879	16
0.748856	17
0.748928	18
0.749004	19
0.749082	5
0.749087	6
0.749089	7
0.74909	8
0.749091	9
0.749093	10
0.749108	6
0.749148	7
0.749149	8
0.74915	9
0.749151	10
0.749157	11
0.749214	12
0.749273	13
0.749338	14
0.749407	15
0.749482	16
0.74956	17
0.74963	18
0.749703	19
0.749781	5
0.749784	6
0.749786	7
0.749788	8
0.749791	9
0.749792	10
0.749808	6
0.749846	7
0.749847	8
0.749849	9
0.74985	10
0.749856	11
0.749911	12
0.749969	13
0.750032	14
0.750101	15
0.750174	16
0.750252	17
0.750334	18
0.750408	19
0.750482	5
0.750486	6
0.750488	7
0.75049	8
0.750492	9
0.750493	10
0.750508	6
0.750546	7
0.750547	8
0.750548	9
0.750549	10
0.750555	11
0.750609	12
0.750666	13
0.750728	14
0.750796	15
0.750868	16
0.750945	17
0.751027	18
0.751112	19
0.751186	5
0.75119	6
0.751191	7
0.751192	8
0.751194	9
0.751195	10
0.75121	6
0.751247	7
0.751248	8
0.751249	9
0.75125	10
0.751256	11
0.751309	12
0.751364	13
0.751426	14
0.751492	15
0.751563	16
0.751638	17
0.751719	18
0.751804	19
0.75189	5
0.751894	6
0.751896	7
0.751897	8
0.751898	9
0.751899	10
0.751915	5
0.751948	6
0.75195	7
0.751951	8
0.751952	9
0.751953	10
0.751958	11
0.75201	12
0.752065	13
0.752126	14
0.75219	15
0.75226	16
0.752335	17
0.752414	18
0.752498	19
0.752579	5
0.752588	6
0.75259	7
0.752591	8
0.752592	9
0.752593	10
0.752609	5
0.752654	6
0.752656	7
0.752657	8
0.752658	9
0.752659	10
0.752664	11
0.752715	12
0.752767	13
0.752825	14
0.752889	15
0.752957	16
0.753031	17
0.753109	18
0.753191	19
0.753269	5
0.75328	6
0.753282	7
0.753283	8
0.753284	9
0.753286	10
0.753301	5
0.753347	6
0.753348	7
0.753349	8
0.75335	9
0.753352	10
0.753356	11
0.753419	12
0.753469	13
0.753526	14
0.753588	15
0.753656	16
0.753728	17
0.753805	18
0.753885	19
0.753963	5
0.753973	6
0.753975	7
0.753977	8
0.753978	9
0.753979	10
0.753995	5
0.754039	6
0.75404	7
0.754042	8
0.754043	9
0.754044	10
0.754049	11
0.754111	12
0.754174	13
0.754228	14
0.754289	15
0.754355	16
0.754426	17
0.754502	18
0.754581	19
0.754659	5
0.754668	6
0.75467	7
0.754671	8
0.754673	9
0.754674	10
0.754689	5
0.754733	6
0.754734	7
0.754735	8
0.754736	9
0.754738	10
0.754742	11
0.754804	12
0.754866	13
0.754932	14
0.754991	15
0.755056	16
0.755126	17
0.7552	18
0.755278	19
0.755357	5
0.755364	6
0.755366	7
0.755367	8
0.755369	9
0.75537	10
0.755385	5
0.755427	6
0.755429	7
0.75543	8
0.755431	9
0.755432	10
0.755437	11
0.755497	12
0.755558	13
0.755625	14
0.755696	15
0.755758	16
0.755827	17
0.7559	18
0.755977	19
0.756055	5
0.756061	6
0.756063	7
0.756065	8
0.756066	9
0.756067	10
0.756083	6
0.756123	7
0.756125	8
0.756126	9
0.756127	10
0.756133	11
0.756191	12
0.756251	13
0.756317	14
0.756388	15
0.756462	16
0.756529	17
0.756601	18
0.756676	19
0.756754	5
0.756759	6
0.756762	7
0.756763	8
0.756764	9
0.756765	10
0.756781	6
0.756821	7
0.756822	8
0.756823	9
0.756824	10
0.75683	11
0.756887	12
0.756946	13
0.757011	14
0.75708	15
0.757155	16
0.757233	17
0.757303	18
0.757376	19
0.757454	5
0.757456	6
0.757459	7
0.757461	8
0.757464	9
0.757465	10
0.75748	6
0.757519	7
0.75752	8
0.757521	9
0.757523	10
0.757529	11
0.757584	12
0.757642	13
0.757705	14
0.757774	15
0.757847	16
0.757925	17
0.758007	18
0.75808	19
0.758155	5
0.758158	6
0.758161	7
0.758163	8
0.758164	9
0.758166	10
0.758181	6
0.758219	7
0.75822	8
0.758221	9
0.758222	10
0.758228	11
0.758282	12
0.758339	13
0.758401	14
0.758469	15
0.758541	16
0.758618	17
0.758699	18
0.758785	19
0.758859	5
0.758863	6
0.758864	7
0.758865	8
0.758866	9
0.758868	10
0.758883	6
0.758919	7
0.75892	8
0.758922	9
0.758923	10
0.758929	11
0.758982	12
0.759037	13
0.759098	14
0.759164	15
0.759235	16
0.759311	17
0.759392	18
0.759477	19
0.759562	5
0.759567	6
0.759568	7
0.75957	8
0.759571	9
0.759572	10
0.759588	5
0.759621	6
0.759622	7
0.759624	8
0.759625	9
0.759626	10
0.759631	11
0.759683	12
0.759738	13
0.759798	14
0.759863	15
0.759933	16
0.760007	17
0.760087	18
0.760171	19
0.760252	5
0.760261	6
0.760262	7
0.760264	8
0.760265	9
0.760266	10
0.760282	5
0.760327	6
0.760328	7
0.76033	8
0.760331	9
0.760332	10
0.760337	11
0.760387	12
0.76044	13
0.760498	14
0.760562	15
0.76063	16
0.760703	17
0.760782	18
0.760863	19
0.760941	5
0.760952	6
0.760955	7
0.760956	8
0.760957	9
0.760958	10
0.760974	5
0.76102	6
0.761021	7
0.761022	8
0.761023	9
0.761024	10
0.761029	11
0.761092	12
0.761142	13
0.761199	14
0.761261	15
0.761328	16
0.761401	17
0.761478	18
0.761558	19
0.761636	5
0.761646	6
0.761648	7
0.761649	8
0.761651	9
0.761652	10
0.761667	5
0.761712	6
0.761713	7
0.761714	8
0.761716	9
0.761717	10
0.761722	11
0.761784	12
0.761847	13
0.761901	14
0.761962	15
0.762028	16
0.762099	17
0.762175	18
0.762254	19
0.762332	5
0.762341	6
0.762343	7
0.762344	8
0.762345	9
0.762347	10
0.762362	5
0.762405	6
0.762407	7
0.762408	8
0.762409	9
0.76241	10
0.762415	11
0.762476	12
0.762539	13
0.762605	14
0.762664	15
0.762729	16
0.762799	17
0.762873	18
0.762951	19
0.763029	5
0.763037	6
0.763039	7
0.76304	8
0.763041	9
0.763043	10
0.763058	5
0.7631	6
0.763101	7
0.763103	8
0.763104	9
0.763105	10
0.76311	11
0.76317	12
0.763231	13
0.763297	14
0.763368	15
0.763431	16
0.763499	17
0.763573	18
0.76365	19
0.763728	5
0.763734	6
0.763736	7
0.763737	8
0.763739	9
0.76374	10
0.763755	6
0.763796	7
0.763797	8
0.763799	9
0.7638	10
0.763806	11
0.763864	12
0.763924	13
0.76399	14
0.764061	15
0.764135	16
0.764201	17
0.764273	18
0.764349	19
0.764427	5
0.764432	6
0.764434	7
0.764436	8
0.764437	9
0.764438	10
0.764454	6
0.764493	7
0.764495	8
0.764496	9
0.764497	10
0.764503	11
0.764559	12
0.764618	13
0.764683	14
0.764753	15
0.764828	16
0.764906	17
0.764975	18
0.765049	19
0.765127	5
0.765129	6
0.765132	7
0.765134	8
0.765136	9
0.765138	10
0.765153	6
0.765192	7
0.765193	8
0.765194	9
0.765195	10
0.765201	11
0.765257	12
0.765314	13
0.765378	14
0.765447	15
0.76552	16
0.765598	17
0.76568	18
0.765753	19
0.765828	5
0.765831	6
0.765834	7
0.765836	8
0.765837	9
0.765838	10
0.765854	6
0.765891	7
0.765892	8
0.765894	9
0.765895	10
0.765901	11
0.765955	12
0.766011	13
0.766074	14
0.766141	15
0.766213	16
0.76629	17
0.766372	18
0.766457	19
0.766532	5
0.766536	6
0.766537	7
0.766538	8
0.766539	9
0.76654	10
0.766556	6
0.766592	7
0.766593	8
0.766594	9
0.766596	10
0.766602	11
0.766655	12
0.76671	13
0.766771	14
0.766837	15
0.766908	16
0.766984	17
0.767064	18
0.76715	19
0.767235	5
0.76724	6
0.767241	7
0.767242	8
0.767244	9
0.767245	10
0.76726	5
0.767294	6
0.767295	7
0.767296	8
0.767298	9
0.767299	10
0.767304	11
0.767356	12
0.767411	13
0.767471	14
0.767536	15
0.767606	16
0.76768	17
0.76776	18
0.767844	19
0.767924	5
0.767934	6
0.767935	7
0.767936	8
0.767937	9
0.767939	10
0.767954	5
0.768	6
0.768001	7
0.768002	8
0.768004	9
0.768005	10
0.76801	11
0.76806	12
0.768113	13
0.768171	14
0.768234	15
0.768303	16
0.768376	17
0.768454	18
0.768536	19
0.768614	5
0.768625	6
0.768627	7
0.768629	8
0.76863	9
0.768631	10
0.768647	5
0.768692	6
0.768694	7
0.768695	8
0.768696	9
0.768697	10
0.768702	11
0.768764	12
0.768815	13
0.768871	14
0.768934	15
0.769001	16
0.769073	17
0.76915	18
0.769231	19
0.769309	5
0.769319	6
0.769321	7
0.769322	8
0.769323	9
0.769325	10
0.76934	5
0.769385	6
0.769386	7
0.769387	8
0.769388	9
0.76939	10
0.769394	11
0.769457	12
0.769519	13
0.769573	14
0.769635	15
0.769701	16
0.769772	17
0.769847	18
0.769927	19
0.770005	5
0.770013	6
0.770016	7
0.770017	8
0.770018	9
0.770019	10
0.770035	5
0.770078	6
0.770079	7
0.770081	8
0.770082	9
0.770083	10
0.770088	11
0.770149	12
0.770212	13
0.770278	14
0.770337	15
0.770402	16
0.770471	17
0.770546	18
0.770624	19
0.770702	5
0.770709	6
0.770712	7
0.770713	8
0.770714	9
0.770715	10
0.770731	5
0.770773	6
0.770774	7
0.770775	8
0.770777	9
0.770778	10
0.770783	11
0.770843	12
0.770904	13
0.77097	14
0.771041	15
0.771104	16
0.771172	17
0.771245	18
0.771322	19
0.7714	5
0.771406	6
0.771409	7
0.77141	8
0.771411	9
0.771412	10
0.771428	6
0.771469	7
0.77147	8
0.771471	9
0.771473	10
0.771479	11
0.771536	12
0.771596	13
0.771662	14
0.771733	15
0.771808	16
0.771874	17
0.771946	18
0.772022	19
0.7721	5
0.772105	6
0.772107	7
0.772108	8
0.77211	9
0.772111	10
0.772126	6
0.772166	7
0.772167	8
0.772169	9
0.77217	10
0.772176	11
0.772232	12
0.772291	13
0.772356	14
0.772426	15
0.7725	16
0.772578	17
0.772648	18
0.772721	19
0.7728	5
0.772802	6
0.772804	7
0.772807	8
0.772809	9
0.77281	10
0.772826	6
0.772864	7
0.772866	8
0.772867	9
0.772868	10
0.772874	11
0.772929	12
0.772987	13
0.773051	14
0.773119	15
0.773193	16
0.773271	17
0.773353	18
0.773426	19
0.7735	5
0.773504	6
0.773506	7
0.773509	8
0.77351	9
0.773511	10
0.773527	6
0.773564	7
0.773565	8
0.773566	9
0.773568	10
0.773574	11
0.773628	12
0.773684	13
0.773747	14
0.773814	15
0.773886	16
0.773963	17
0.774045	18
0.77413	19
0.774205	5
0.774208	6
0.77421	7
0.774211	8
0.774212	9
0.774213	10
0.774229	6
0.774265	7
0.774266	8
0.774267	9
0.774268	10
0.774274	11
0.774327	12
0.774383	13
0.774444	14
0.77451	15
0.774581	16
0.774657	17
0.774737	18
0.774823	19
0.774908	5
0.774913	6
0.774914	7
0.774915	8
0.774916	9
0.774918	10
0.774933	5
0.774967	6
0.774968	7
0.774969	8
0.77497	9
0.774972	10
0.774976	11
0.775028	12
0.775084	13
0.775144	14
0.775209	15
0.775279	16
0.775353	17
0.775432	18
0.775517	19
0.775597	5
0.775607	6
0.775608	7
0.775609	8
0.77561	9
0.775611	10
0.775627	5
0.775673	6
0.775674	7
0.775675	8
0.775676	9
0.775678	10
0.775682	11
0.775733	12
0.775786	13
0.775843	14
0.775907	15
0.775976	16
0.776049	17
0.776127	18
0.776209	19
0.776287	5
0.776298	6
0.7763	7
0.776301	8
0.776303	9
0.776304	10
0.776319	5
0.776365	6
0.776366	7
0.776368	8
0.776369	9
0.77637	10
0.776375	11
0.776437	12
0.776488	13
0.776544	14
0.776607	15
0.776674	16
0.776746	17
0.776823	18
0.776904	19
0.776982	5
0.776991	6
0.776994	7
0.776995	8
0.776996	9
0.776997	10
0.777013	5
0.777057	6
0.777059	7
0.77706	8
0.777061	9
0.777062	10
0.777067	11
0.77713	12
0.777192	13
0.777246	14
0.777307	15
0.777374	16
0.777445	17
0.77752	18
0.7776	19
0.777678	5
0.777686	6
0.777689	7
0.77769	8
0.777691	9
0.777692	10
0.777708	5
0.777751	6
0.777752	7
0.777753	8
0.777755	9
0.777756	10
0.777761	11
0.777822	12
0.777884	13
0.777951	14
0.778009	15
0.778074	16
0.778144	17
0.778219	18
0.778297	19
0.778375	5
0.778382	6
0.778384	7
0.778386	8
0.778387	9
0.778388	10
0.778404	5
0.778446	6
0.778447	7
0.778448	8
0.778449	9
0.778451	10
0.778455	11
0.778515	12
0.778577	13
0.778643	14
0.778714	15
0.778776	16
0.778845	17
0.778918	18
0.778995	19
0.779073	5
0.779079	6
0.779082	7
0.779083	8
0.779084	9
0.779085	10
0.779101	6
0.779142	7
0.779143	8
0.779144	9
0.779145	10
0.779151	11
0.779209	12
0.779269	13
0.779335	14
0.779406	15
0.779481	16
0.779547	17
0.779619	18
0.779695	19
0.779773	5
0.779778	6
0.77978	7
0.779781	8
0.779782	9
0.779784	10
0.779799	6
0.779839	7
0.77984	8
0.779841	9
0.779843	10
0.779849	11
0.779905	12
0.779964	13
0.780029	14
0.780099	15
0.780173	16
0.780251	17
0.780321	18
0.780394	19
0.780472	5
0.780475	6
0.780477	7
0.78048	8
0.780482	9
0.780483	10
0.780499	6
0.780537	7
0.780538	8
0.78054	9
0.780541	10
0.780547	11
0.780602	12
0.78066	13
0.780724	14
0.780792	15
0.780865	16
0.780944	17
0.781025	18
0.781099	19
0.781173	5
0.781177	6
0.781179	7
0.781182	8
0.781183	9
0.781184	10
0.7812	6
0.781237	7
0.781238	8
0.781239	9
0.78124	10
0.781246	11
0.781301	12
0.781357	13
0.78142	14
0.781487	15
0.781559	16
0.781636	17
0.781718	18
0.781803	19
0.781877	5
0.781881	6
0.781882	7
0.781884	8
0.781885	9
0.781886	10
0.781902	6
0.781938	7
0.781939	8
0.78194	9
0.781941	10
0.781947	11
0.782	12
0.782055	13
0.782117	14
0.782183	15
0.782254	16
0.782329	17
0.78241	18
0.782495	19
0.782581	5
0.782585	6
0.782587	7
0.782588	8
0.782589	9
0.78259	10
0.782606	5
0.78264	6
0.782641	7
0.782642	8
0.782643	9
0.782644	10
0.782649	11
0.782701	12
0.782757	13
0.782817	14
0.782882	15
0.782951	16
0.783026	17
0.783105	18
0.783189	19
0.78327	5
0.783279	6
0.783281	7
0.783282	8
0.783283	9
0.783284	10
0.7833	5
0.783346	6
0.783347	7
0.783348	8
0.783349	9
0.78335	10
0.783355	11
0.783406	12
0.783459	13
0.783516	14
0.78358	15
0.783648	16
0.783722	17
0.7838	18
0.783882	19
0.78396	5
0.783971	6
0.783973	7
0.783974	8
0.783975	9
0.783977	10
0.783992	5
0.784038	6
0.784039	7
0.78404	8
0.784041	9
0.784043	10
0.784048	11
0.78411	12
0.78416	13
0.784217	14
0.784279	15
0.784347	16
0.784419	17
0.784496	18
0.784576	19
0.784655	5
0.784664	6
0.784667	7
0.784668	8
0.784669	9
0.78467	10
0.784686	5
0.78473	6
0.784731	7
0.784733	8
0.784734	9
0.784735	10
0.78474	11
0.784802	12
0.784865	13
0.784919	14
0.78498	15
0.785046	16
0.785117	17
0.785193	18
0.785272	19
0.78535	5
0.785359	6
0.785361	7
0.785362	8
0.785364	9
0.785365	10
0.785381	5
0.785424	6
0.785425	7
0.785426	8
0.785427	9
0.785429	10
0.785433	11
0.785495	12
0.785557	13
0.785623	14
0.785682	15
0.785747	16
0.785817	17
0.785891	18
0.78597	19
0.786048	5
0.786055	6
0.786057	7
0.786058	8
0.78606	9
0.786061	10
0.786076	5
0.786119	6
0.78612	7
0.786121	8
0.786122	9
0.786123	10
0.786128	11
0.786188	12
0.78625	13
0.786316	14
0.786387	15
0.786449	16
0.786518	17
0.786591	18
0.786668	19
0.786746	5
0.786752	6
0.786754	7
0.786756	8
0.786757	9
0.786758	10
0.786774	6
0.786815	7
0.786816	8
0.786817	9
0.786818	10
0.786824	11
0.786882	12
0.786942	13
0.787008	14
0.787079	15
0.787153	16
0.78722	17
0.787292	18
0.787367	19
0.787446	5
0.78745	6
0.787453	7
0.787454	8
0.787455	9
0.787456	10
0.787472	6
0.787512	7
0.787513	8
0.787514	9
0.787515	10
0.787521	11
0.787578	12
0.787637	13
0.787702	14
0.787771	15
0.787846	16
0.787924	17
0.787994	18
0.788067	19
0.788145	5
0.788148	6
0.78815	7
0.788152	8
0.788155	9
0.788156	10
0.788172	6
0.78821	7
0.788211	8
0.788212	9
0.788214	10
0.78822	11
0.788275	12
0.788333	13
0.788396	14
0.788465	15
0.788538	16
0.788616	17
0.788698	18
0.788771	19
0.788846	5
0.788849	6
0.788852	7
0.788854	8
0.788856	9
0.788857	10
0.788872	6
0.78891	7
0.788911	8
0.788912	9
0.788913	10
0.788919	11
0.788973	12
0.78903	13
0.789092	14
0.78916	15
0.789232	16
0.789309	17
0.78939	18
0.789476	19
0.78955	5
0.789554	6
0.789555	7
0.789556	8
0.789557	9
0.789559	10
0.789574	6
0.78961	7
0.789612	8
0.789613	9
0.789614	10
0.78962	11
0.789673	12
0.789728	13
0.789789	14
0.789856	15
0.789926	16
0.790002	17
0.790083	18
0.790168	19
0.790253	5
0.790258	6
0.790259	7
0.790261	8
0.790262	9
0.790263	10
0.790279	5
0.790312	6
0.790314	7
0.790315	8
0.790316	9
0.790317	10
0.790322	11
0.790374	12
0.790429	13
0.790489	14
0.790554	15
0.790624	16
0.790699	17
0.790778	18
0.790862	19
0.790943	5
0.790952	6
0.790953	7
0.790955	8
0.790956	9
0.790957	10
0.790973	5
0.791018	6
0.79102	7
0.791021	8
0.791022	9
0.791023	10
0.791028	11
0.791078	12
0.791131	13
0.791189	14
0.791253	15
0.791321	16
0.791395	17
0.791473	18
0.791554	19
0.791633	5
0.791643	6
0.791646	7
0.791647	8
0.791648	9
0.791649	10
0.791665	5
0.791711	6
0.791712	7
0.791713	8
0.791714	9
0.791715	10
0.79172	11
0.791783	12
0.791833	13
0.79189	14
0.791952	15
0.79202	16
0.792092	17
0.792169	18
0.792249	19
0.792327	5
0.792337	6
0.792339	7
0.792341	8
0.792342	9
0.792343	10
0.792359	5
0.792403	6
0.792404	7
0.792405	8
0.792407	9
0.792408	10
0.792413	11
0.792475	12
0.792538	13
0.792592	14
0.792653	15
0.792719	16
0.79279	17
0.792866	18
0.792945	19
0.793023	5
0.793032	6
0.793034	7
0.793035	8
0.793036	9
0.793038	10
0.793053	5
0.793097	6
0.793098	7
0.793099	8
0.7931	9
0.793101	10
0.793106	11
0.793167	12
0.79323	13
0.793296	14
0.793355	15
0.79342	16
0.79349	17
0.793564	18
0.793642	19
0.79372	5
0.793728	6
0.79373	7
0.793731	8
0.793732	9
0.793734	10
0.793749	5
0.793791	6
0.793793	7
0.793794	8
0.793795	9
0.793796	10
0.793801	11
0.793861	12
0.793922	13
0.793988	14
0.794059	15
0.794122	16
0.79419	17
0.794264	18
0.794341	19
0.794419	5
0.794425	6
0.794427	7
0.794428	8
0.79443	9
0.794431	10
0.794446	6
0.794487	7
0.794488	8
0.79449	9
0.794491	10
0.794497	11
0.794555	12
0.794615	13
0.794681	14
0.794752	15
0.794826	16
0.794892	17
0.794964	18
0.79504	19
0.795118	5
0.795123	6
0.795126	7
0.795127	8
0.795128	9
0.795129	10
0.795145	6
0.795184	7
0.795186	8
0.795187	9
0.795188	10
0.795194	11
0.795251	12
0.795309	13
0.795374	14
0.795444	15
0.795519	16
0.795597	17
0.795666	18
0.79574	19
0.795818	5
0.79582	6
0.795823	7
0.795825	8
0.795828	9
0.795829	10
0.795844	6
0.795883	7
0.795884	8
0.795885	9
0.795886	10
0.795892	11
0.795948	12
0.796005	13
0.796069	14
0.796138	15
0.796211	16
0.796289	17
0.796371	18
0.796444	19
0.796519	5
0.796522	6
0.796525	7
0.796527	8
0.796528	9
0.796529	10
0.796545	6
0.796582	7
0.796584	8
0.796585	9
0.796586	10
0.796592	11
0.796646	12
0.796703	13
0.796765	14
0.796832	15
0.796904	16
0.796981	17
0.797063	18
0.797149	19
0.797223	5
0.797227	6
0.797228	7
0.797229	8
0.79723	9
0.797231	10
0.797247	6
0.797283	7
0.797284	8
0.797286	9
0.797287	10
0.797293	11
0.797346	12
0.797401	13
0.797462	14
0.797528	15
0.797599	16
0.797675	17
0.797756	18
0.797841	19
0.797926	5
0.797931	6
0.797932	7
0.797933	8
0.797935	9
0.797936	10
0.797951	5
0.797985	6
0.797986	7
0.797987	8
0.797989	9
0.79799	10
0.797995	11
0.798047	12
0.798102	13
0.798162	14
0.798227	15
0.798297	16
0.798371	17
0.798451	18
0.798535	19
0.798615	5
0.798625	6
0.798626	7
0.798627	8
0.798629	9
0.79863	10
0.798645	5
0.798691	6
0.798692	7
0.798693	8
0.798695	9
0.798696	10
0.798701	11
0.798751	12
0.798804	13
0.798862	14
0.798925	15
0.798994	16
0.799067	17
0.799145	18
0.799227	19
0.799305	5
0.799316	6
0.799319	7
0.79932	8
0.799321	9
0.799322	10
0.799338	5
0.799383	6
0.799385	7
0.799386	8
0.799387	9
0.799388	10
0.799393	11
0.799456	12
0.799506	13
0.799563	14
0.799625	15
0.799692	16
0.799764	17
0.799841	18
0.799922	19
0.8	5
0.80001	6
0.800012	7
0.800013	8
0.800014	9
0.800016	10
0.800031	5
0.800076	6
0.800077	7
0.800078	8
0.800079	9
0.800081	10
0.800085	11
0.800148	12
0.80021	13
0.800264	14
0.800326	15
0.800392	16
0.800463	17
0.800539	18
0.800618	19
0.800696	5
0.800704	6
0.800707	7
0.800708	8
0.800709	9
0.80071	10
0.800726	5
0.800769	6
0.800771	7
0.800772	8
0.800773	9
0.800774	10
0.800779	11
0.80084	12
0.800903	13
0.800969	14
0.801028	15
0.801093	16
0.801162	17
0.801237	18
0.801315	19
0.801393	5
0.8014	6
0.801403	7
0.801404	8
0.801405	9
0.801406	10
0.801422	5
0.801464	6
0.801465	7
0.801466	8
0.801468	9
0.801469	10
0.801474	11
0.801534	12
0.801595	13
0.801661	14
0.801732	15
0.801795	16
0.801863	17
0.801936	18
0.802013	19
0.802092	5
0.802098	6
0.8021	7
0.802101	8
0.802102	9
0.802104	10
0.802119	6
0.80216	7
0.802161	8
0.802162	9
0.802164	10
0.80217	11
0.802227	12
0.802287	13
0.802354	14
0.802424	15
0.802499	16
0.802565	17
0.802637	18
0.802713	19
0.802791	5
0.802796	6
0.802798	7
0.8028	8
0.802801	9
0.802802	10
0.802818	6
0.802857	7
0.802858	8
0.80286	9
0.802861	10
0.802867	11
0.802923	12
0.802982	13
0.803047	14
0.803117	15
0.803191	16
0.803269	17
0.803339	18
0.803413	19
0.803491	5
0.803493	6
0.803495	7
0.803498	8
0.8035	9
0.803501	10
0.803517	6
0.803556	7
0.803557	8
0.803558	9
0.803559	10
0.803565	11
0.80362	12
0.803678	13
0.803742	14
0.80381	15
0.803884	16
0.803962	17
0.804044	18
0.804117	19
0.804191	5
0.804195	6
0.804197	7
0.8042	8
0.804201	9
0.804202	10
0.804218	6
0.804255	7
0.804256	8
0.804258	9
0.804259	10
0.804265	11
0.804319	12
0.804375	13
0.804438	14
0.804505	15
0.804577	16
0.804654	17
0.804736	18
0.804821	19
0.804896	5
0.804899	6
0.804901	7
0.804902	8
0.804903	9
0.804904	10
0.80492	6
0.804956	7
0.804957	8
0.804958	9
0.80496	10
0.804966	11
0.805018	12
0.805074	13
0.805135	14
0.805201	15
0.805272	16
0.805348	17
0.805428	18
0.805514	19
0.805599	5
0.805604	6
0.805605	7
0.805606	8
0.805607	9
0.805609	10
0.805624	5
0.805658	6
0.805659	7
0.80566	8
0.805661	9
0.805663	10
0.805667	11
0.80572	12
0.805775	13
0.805835	14
0.8059	15
0.80597	16
0.806044	17
0.806123	18
0.806208	19
0.806288	5
0.806298	6
0.806299	7
0.8063	8
0.806301	9
0.806303	10
0.806318	5
0.806364	6
0.806365	7
0.806366	8
0.806367	9
0.806369	10
0.806373	11
0.806424	12
0.806477	13
0.806535	14
0.806598	15
0.806667	16
0.80674	17
0.806818	18
0.8069	19
0.806978	5
0.806989	6
0.806991	7
0.806992	8
0.806994	9
0.806995	10
0.807011	5
0.807056	6
0.807057	7
0.807059	8
0.80706	9
0.807061	10
0.807066	11
0.807128	12
0.807179	13
0.807235	14
0.807298	15
0.807365	16
0.807437	17
0.807514	18
0.807595	19
0.807673	5
0.807682	6
0.807685	7
0.807686	8
0.807687	9
0.807688	10
0.807704	5
0.807749	6
0.80775	7
0.807751	8
0.807752	9
0.807753	10
0.807758	11
0.807821	12
0.807883	13
0.807937	14
0.807999	15
0.808065	16
0.808136	17
0.808211	18
0.808291	19
0.808369	5
0.808377	6
0.80838	7
0.808381	8
0.808382	9
0.808383	10
0.808399	5
0.808442	6
0.808443	7
0.808445	8
0.808446	9
0.808447	10
0.808452	11
0.808513	12
0.808576	13
0.808642	14
0.808701	15
0.808765	16
0.808835	17
0.80891	18
0.808988	19
0.809066	5
0.809073	6
0.809076	7
0.809077	8
0.809078	9
0.809079	10
0.809095	5
0.809137	6
0.809138	7
0.809139	8
0.80914	9
0.809142	10
0.809146	11
0.809207	12
0.809268	13
0.809334	14
0.809405	15
0.809467	16
0.809536	17
0.809609	18
0.809686	19
0.809764	5
0.80977	6
0.809773	7
0.809774	8
0.809775	9
0.809776	10
0.809792	6
0.809833	7
0.809834	8
0.809835	9
0.809836	10
0.809842	11
0.8099	12
0.80996	13
0.810026	14
0.810097	15
0.810172	16
0.810238	17
0.81031	18
0.810386	19
0.810464	5
0.810469	6
0.810471	7
0.810472	8
0.810473	9
0.810475	10
0.81049	6
0.81053	7
0.810531	8
0.810532	9
0.810534	10
0.81054	11
0.810596	12
0.810655	13
0.81072	14
0.81079	15
0.810864	16
0.810942	17
0.811012	18
0.811085	19
0.811163	5
0.811166	6
0.811168	7
0.811171	8
0.811173	9
0.811174	10
0.81119	6
0.811228	7
0.81123	8
0.811231	9
0.811232	10
0.811238	11
0.811293	12
0.811351	13
0.811415	14
0.811483	15
0.811556	16
0.811635	17
0.811716	18
0.81179	19
0.811864	5
0.811868	6
0.81187	7
0.811873	8
0.811874	9
0.811875	10
0.811891	6
0.811928	7
0.811929	8
0.81193	9
0.811932	10
0.811938	11
0.811992	12
0.812048	13
0.812111	14
0.812178	15
0.81225	16
0.812327	17
0.812409	18
0.812494	19
0.812569	5
0.812572	6
0.812573	7
0.812575	8
0.812576	9
0.812577	10
0.812593	6
0.812629	7
0.81263	8
0.812631	9
0.812632	10
0.812638	11
0.812691	12
0.812746	13
0.812808	14
0.812874	15
0.812945	16
0.813021	17
0.813101	18
0.813186	19
0.813272	5
0.813277	6
0.813278	7
0.813279	8
0.81328	9
0.813281	10
0.813297	5
0.813331	6
0.813332	7
0.813333	8
0.813334	9
0.813335	10
0.81334	11
0.813392	12
0.813448	13
0.813508	14
0.813573	15
0.813642	16
0.813717	17
0.813796	18
0.81388	19
0.813961	5
0.81397	6
0.813972	7
0.813973	8
0.813974	9
0.813975	10
0.813991	5
0.814037	6
0.814038	7
0.814039	8
0.81404	9
0.814041	10
0.814046	11
0.814097	12
0.81415	13
0.814207	14
0.814271	15
0.81434	16
0.814413	17
0.814491	18
0.814573	19
0.814651	5
0.814662	6
0.814664	7
0.814665	8
0.814666	9
0.814668	10
0.814683	5
0.814729	6
0.81473	7
0.814731	8
0.814733	9
0.814734	10
0.814739	11
0.814801	12
0.814852	13
0.814908	14
0.814971	15
0.815038	16
0.81511	17
0.815187	18
0.815267	19
0.815346	5
0.815355	6
0.815358	7
0.815359	8
0.81536	9
0.815361	10
0.815377	5
0.815421	6
0.815423	7
0.815424	8
0.815425	9
0.815426	10
0.815431	11
0.815493	12
0.815556	13
0.81561	14
0.815671	15
0.815737	16
0.815808	17
0.815884	18
0.815963	19
0.816042	5
0.81605	6
0.816052	7
0.816054	8
0.816055	9
0.816056	10
0.816072	5
0.816115	6
0.816116	7
0.816117	8
0.816118	9
0.81612	10
0.816124	11
0.816186	12
0.816248	13
0.816314	14
0.816373	15
0.816438	16
0.816508	17
0.816582	18
0.816661	19
0.816739	5
0.816746	6
0.816748	7
0.81675	8
0.816751	9
0.816752	10
0.816768	5
0.81681	6
0.816811	7
0.816812	8
0.816813	9
0.816814	10
0.816819	11
0.816879	12
0.816941	13
0.817007	14
0.817078	15
0.81714	16
0.817209	17
0.817282	18
0.817359	19
0.817437	5
0.817443	6
0.817445	7
0.817447	8
0.817448	9
0.817449	10
0.817465	6
0.817506	7
0.817507	8
0.817508	9
0.817509	10
0.817515	11
0.817573	12
0.817633	13
0.817699	14
0.81777	15
0.817845	16
0.817911	17
0.817983	18
0.818058	19
0.818137	5
0.818141	6
0.818144	7
0.818145	8
0.818146	9
0.818147	10
0.818163	6
0.818203	7
0.818204	8
0.818205	9
0.818206	10
0.818212	11
0.818269	12
0.818328	13
0.818393	14
0.818462	15
0.818537	16
0.818615	17
0.818685	18
0.818758	19
0.818836	5
0.818839	6
0.818841	7
0.818843	8
0.818846	9
0.818847	10
0.818863	6
0.818901	7
0.818902	8
0.818904	9
0.818905	10
0.818911	11
0.818966	12
0.819024	13
0.819087	14
0.819156	15
0.819229	16
0.819307	17
0.819389	18
0.819462	19
0.819537	5
0.819541	6
0.819543	7
0.819545	8
0.819547	9
0.819548	10
0.819563	6
0.819601	7
0.819602	8
0.819603	9
0.819604	10
0.81961	11
0.819664	12
0.819721	13
0.819783	14
0.819851	15
0.819923	16
0.82	17
0.820081	18
0.820167	19
0.820241	5
0.820245	6
0.820246	7
0.820247	8
0.820249	9
0.82025	10
0.820265	6
0.820301	7
0.820303	8
0.820304	9
0.820305	10
0.820311	11
0.820364	12
0.820419	13
0.820481	14
0.820547	15
0.820618	16
0.820693	17
0.820774	18
0.820859	19
0.820945	5
0.820949	6
0.820951	7
0.820952	8
0.820953	9
0.820954	10
0.82097	5
0.821003	6
0.821005	7
0.821006	8
0.821007	9
0.821008	10
0.821013	11
0.821065	12
0.82112	13
0.82118	14
0.821245	15
0.821315	16
0.82139	17
0.821469	18
0.821553	19
0.821634	5
0.821643	6
0.821644	7
0.821646	8
0.821647	9
0.821648	10
0.821664	5
0.821709	6
0.821711	7
0.821712	8
0.821713	9
0.821714	10
0.821719	11
0.821769	12
0.821822	13
0.82188	14
0.821944	15
0.822012	16
0.822086	17
0.822164	18
0.822245	19
0.822324	5
0.822334	6
0.822337	7
0.822338	8
0.822339	9
0.82234	10
0.822356	5
0.822402	6
0.822403	7
0.822404	8
0.822405	9
0.822407	10
0.822411	11
0.822474	12
0.822524	13
0.822581	14
0.822643	15
0.822711	16
0.822783	17
0.82286	18
0.82294	19
0.823018	5
0.823028	6
0.82303	7
0.823032	8
0.823033	9
0.823034	10
0.82305	5
0.823094	6
0.823095	7
0.823096	8
0.823098	9
0.823099	10
0.823104	11
0.823166	12
0.823229	13
0.823283	14
0.823344	15
0.82341	16
0.823481	17
0.823557	18
0.823636	19
0.823714	5
0.823723	6
0.823725	7
0.823726	8
0.823728	9
0.823729	10
0.823744	5
0.823788	6
0.823789	7
0.82379	8
0.823791	9
0.823792	10
0.823797	11
0.823859	12
0.823921	13
0.823987	14
0.824046	15
0.824111	16
0.824181	17
0.824255	18
0.824333	19
0.824411	5
0.824419	6
0.824421	7
0.824422	8
0.824423	9
0.824425	10
0.82444	5
0.824482	6
0.824484	7
0.824485	8
0.824486	9
0.824487	10
0.824492	11
0.824552	12
0.824613	13
0.82468	14
0.82475	15
0.824813	16
0.824881	17
0.824955	18
0.825032	19
0.82511	5
0.825116	6
0.825118	7
0.825119	8
0.825121	9
0.825122	10
0.825137	6
0.825178	7
0.82518	8
0.825181	9
0.825182	10
0.825188	11
0.825246	12
0.825306	13
0.825372	14
0.825443	15
0.825517	16
0.825583	17
0.825656	18
0.825731	19
0.825809	5
0.825814	6
0.825817	7
0.825818	8
0.825819	9
0.82582	10
0.825836	6
0.825876	7
0.825877	8
0.825878	9
0.825879	10
0.825885	11
0.825942	12
0.826001	13
0.826065	14
0.826135	15
0.82621	16
0.826288	17
0.826358	18
0.826431	19
0.826509	5
0.826511	6
0.826514	7
0.826516	8
0.826519	9
0.82652	10
0.826535	6
0.826574	7
0.826575	8
0.826576	9
0.826577	10
0.826583	11
0.826639	12
0.826696	13
0.82676	14
0.826829	15
0.826902	16
0.82698	17
0.827062	18
0.827135	19
0.82721	5
0.827213	6
0.827216	7
0.827218	8
0.827219	9
0.827221	10
0.827236	6
0.827273	7
0.827275	8
0.827276	9
0.827277	10
0.827283	11
0.827337	12
0.827394	13
0.827456	14
0.827523	15
0.827596	16
0.827672	17
0.827754	18
0.82784	19
0.827914	5
0.827918	6
0.827919	7
0.82792	8
0.827921	9
0.827923	10
0.827938	6
0.827974	7
0.827975	8
0.827977	9
0.827978	10
0.827984	11
0.828037	12
0.828092	13
0.828153	14
0.828219	15
0.82829	16
0.828366	17
0.828447	18
0.828532	19
0.828617	5
0.828622	6
0.828623	7
0.828624	8
0.828626	9
0.828627	10
0.828643	5
0.828676	6
0.828677	7
0.828679	8
0.82868	9
0.828681	10
0.828686	11
0.828738	12
0.828793	13
0.828853	14
0.828918	15
0.828988	16
0.829062	17
0.829142	18
0.829226	19
0.829306	5
0.829316	6
0.829317	7
0.829318	8
0.82932	9
0.829321	10
0.829336	5
0.829382	6
0.829383	7
0.829385	8
0.829386	9
0.829387	10
0.829392	11
0.829442	12
0.829495	13
0.829553	14
0.829617	15
0.829685	16
0.829758	17
0.829836	18
0.829918	19
0.829996	5
0.830007	6
0.83001	7
0.830011	8
0.830012	9
0.830013	10
0.830029	5
0.830074	6
0.830076	7
0.830077	8
0.830078	9
0.830079	10
0.830084	11
0.830147	12
0.830197	13
0.830254	14
0.830316	15
0.830383	16
0.830456	17
0.830532	18
0.830613	19
0.830691	5
0.830701	6
0.830703	7
0.830704	8
0.830706	9
0.830707	10
0.830722	5
0.830767	6
0.830768	7
0.830769	8
0.83077	9
0.830772	10
0.830776	11
0.830839	12
0.830901	13
0.830956	14
0.831017	15
0.831083	16
0.831154	17
0.83123	18
0.831309	19
0.831387	5
0.831395	6
0.831398	7
0.831399	8
0.8314	9
0.831402	10
0.831417	5
0.83146	6
0.831462	7
0.831463	8
0.831464	9
0.831465	10
0.83147	11
0.831531	12
0.831594	13
0.83166	14
0.831719	15
0.831784	16
0.831853	17
0.831928	18
0.832006	19
0.832084	5
0.832091	6
0.832094	7
0.832095	8
0.832096	9
0.832097	10
0.832113	5
0.832155	6
0.832156	7
0.832158	8
0.832159	9
0.83216	10
0.832165	11
0.832225	12
0.832286	13
0.832352	14
0.832423	15
0.832486	16
0.832554	17
0.832628	18
0.832704	19
0.832783	5
0.832789	6
0.832791	7
0.832792	8
0.832793	9
0.832795	10
0.83281	6
0.832851	7
0.832852	8
0.832854	9
0.832855	10
0.832861	11
0.832918	12
0.832979	13
0.833045	14
0.833116	15
0.83319	16
0.833256	17
0.833328	18
0.833404	19
0.833482	5
0.833487	6
0.833489	7
0.833491	8
0.833492	9
0.833493	10
0.833509	6
0.833548	7
0.833549	8
0.833551	9
0.833552	10
0.833558	11
0.833614	12
0.833673	13
0.833738	14
0.833808	15
0.833882	16
0.833961	17
0.83403	18
0.834104	19
0.834182	5
0.834184	6
0.834187	7
0.834189	8
0.834191	9
0.834193	10
0.834208	6
0.834247	7
0.834248	8
0.834249	9
0.83425	10
0.834256	11
0.834312	12
0.834369	13
0.834433	14
0.834501	15
0.834575	16
0.834653	17
0.834735	18
0.834808	19
0.834882	5
0.834886	6
0.834889	7
0.834891	8
0.834892	9
0.834893	10
0.834909	6
0.834946	7
0.834947	8
0.834949	9
0.83495	10
0.834956	11
0.83501	12
0.835066	13
0.835129	14
0.835196	15
0.835268	16
0.835345	17
0.835427	18
0.835512	19
0.835587	5
0.83559	6
0.835592	7
0.835593	8
0.835594	9
0.835595	10
0.835611	6
0.835647	7
0.835648	8
0.835649	9
0.835651	10
0.835657	11
0.835709	12
0.835765	13
0.835826	14
0.835892	15
0.835963	16
0.836039	17
0.836119	18
0.836205	19
0.83629	5
0.836295	6
0.836296	7
0.836297	8
0.836298	9
0.8363	10
0.836315	5
0.836349	6
0.83635	7
0.836351	8
0.836353	9
0.836354	10
0.836359	11
0.836411	12
0.836466	13
0.836526	14
0.836591	15
0.836661	16
0.836735	17
0.836815	18
0.836899	19
0.836979	5
0.836989	6
0.83699	7
0.836991	8
0.836992	9
0.836994	10
0.837009	5
0.837055	6
0.837056	7
0.837057	8
0.837059	9
0.83706	10
0.837065	11
0.837115	12
0.837168	13
0.837226	14
0.837289	15
0.837358	16
0.837431	17
0.837509	18
0.837591	19
0.837669	5
0.83768	6
0.837682	7
0.837684	8
0.837685	9
0.837686	10
0.837702	5
0.837747	6
0.837748	7
0.83775	8
0.837751	9
0.837752	10
0.837757	11
0.837819	12
0.83787	13
0.837926	14
0.837989	15
0.838056	16
0.838128	17
0.838205	18
0.838286	19
0.838364	5
0.838374	6
0.838376	7
0.838377	8
0.838378	9
0.83838	10
0.838395	5
0.83844	6
0.838441	7
0.838442	8
0.838443	9
0.838444	10
0.838449	11
0.838512	12
0.838574	13
0.838628	14
0.83869	15
0.838756	16
0.838827	17
0.838902	18
0.838982	19
0.83906	5
0.839068	6
0.839071	7
0.839072	8
0.839073	9
0.839074	10
0.83909	5
0.839133	6
0.839134	7
0.839136	8
0.839137	9
0.839138	10
0.839143	11
0.839204	12
0.839267	13
0.839333	14
0.839392	15
0.839457	16
0.839526	17
0.839601	18
0.839679	19
0.839757	5
0.839764	6
0.839767	7
0.839768	8
0.839769	9
0.83977	10
0.839786	5
0.839828	6
0.839829	7
0.83983	8
0.839832	9
0.839833	10
0.839838	11
0.839898	12
0.839959	13
0.840025	14
0.840096	15
0.840158	16
0.840227	17
0.8403	18
0.840377	19
0.840455	5
0.840461	6
0.840464	7
0.840465	8
0.840466	9
0.840467	10
0.840483	6
0.840524	7
0.840525	8
0.840526	9
0.840527	10
0.840533	11
0.840591	12
0.840651	13
0.840717	14
0.840788	15
0.840863	16
0.840929	17
0.841001	18
0.841077	19
0.841155	5
0.84116	6
0.841162	7
0.841163	8
0.841165	9
0.841166	10
0.841181	6
0.841221	7
0.841222	8
0.841223	9
0.841225	10
0.841231	11
0.841287	12
0.841346	13
0.841411	14
0.841481	15
0.841555	16
0.841633	17
0.841703	18
0.841776	19
0.841854	5
0.841857	6
0.841859	7
0.841862	8
0.841864	9
0.841865	10
0.841881	6
0.841919	7
0.841921	8
0.841922	9
0.841923	10
0.841929	11
0.841984	12
0.842042	13
0.842106	14
0.842174	15
0.842248	16
0.842326	17
0.842407	18
0.842481	19
0.842555	5
0.842559	6
0.842561	7
0.842564	8
0.842565	9
0.842566	10
0.842582	6
0.842619	7
0.84262	8
0.842621	9
0.842623	10
0.842629	11
0.842683	12
0.842739	13
0.842802	14
0.842869	15
0.842941	16
0.843018	17
0.8431	18
0.843185	19
0.84326	5
0.843263	6
0.843264	7
0.843266	8
0.843267	9
0.843268	10
0.843284	6
0.84332	7
0.843321	8
0.843322	9
0.843323	10
0.843329	11
0.843382	12
0.843438	13
0.843499	14
0.843565	15
0.843636	16
0.843712	17
0.843792	18
0.843877	19
0.843963	5
0.843968	6
0.843969	7
0.84397	8
0.843971	9
0.843972	10
0.843988	5
0.844022	6
0.844023	7
0.844024	8
0.844025	9
0.844027	10
0.844031	11
0.844083	12
0.844139	13
0.844199	14
0.844264	15
0.844333	16
0.844408	17
0.844487	18
0.844571	19
0.844652	5
0.844662	6
0.844663	7
0.844664	8
0.844665	9
0.844666	10
0.844682	5
0.844728	6
0.844729	7
0.84473	8
0.844731	9
0.844732	10
0.844737	11
0.844788	12
0.844841	13
0.844898	14
0.844962	15
0.845031	16
0.845104	17
0.845182	18
0.845264	19
0.845342	5
0.845353	6
0.845355	7
0.845356	8
0.845358	9
0.845359	10
0.845374	5
0.84542	6
0.845421	7
0.845422	8
0.845424	9
0.845425	10
0.84543	11
0.845492	12
0.845543	13
0.845599	14
0.845662	15
0.845729	16
0.845801	17
0.845878	18
0.845959	19
0.846037	5
0.846046	6
0.846049	7
0.84605	8
0.846051	9
0.846052	10
0.846068	5
0.846112	6
0.846114	7
0.846115	8
0.846116	9
0.846117	10
0.846122	11
0.846185	12
0.846247	13
0.846301	14
0.846362	15
0.846429	16
0.846499	17
0.846575	18
0.846654	19
0.846733	5
0.846741	6
0.846743	7
0.846745	8
0.846746	9
0.846747	10
0.846763	5
0.846806	6
0.846807	7
0.846808	8
0.84681	9
0.846811	10
0.846816	11
0.846877	12
0.846939	13
0.847005	14
0.847064	15
0.847129	16
0.847199	17
0.847274	18
0.847352	19
0.84743	5
0.847437	6
0.847439	7
0.847441	8
0.847442	9
0.847443	10
0.847459	5
0.847501	6
0.847502	7
0.847503	8
0.847504	9
0.847506	10
0.84751	11
0.84757	12
0.847632	13
0.847698	14
0.847769	15
0.847831	16
0.8479	17
0.847973	18
0.84805	19
0.848128	5
0.848134	6
0.848137	7
0.848138	8
0.848139	9
0.84814	10
0.848156	6
0.848197	7
0.848198	8
0.848199	9
0.8482	10
0.848206	11
0.848264	12
0.848324	13
0.84839	14
0.848461	15
0.848536	16
0.848602	17
0.848674	18
0.84875	19
0.848828	5
0.848833	6
0.848835	7
0.848836	8
0.848837	9
0.848839	10
0.848854	6
0.848894	7
0.848895	8
0.848896	9
0.848897	10
0.848903	11
0.84896	12
0.849019	13
0.849084	14
0.849153	15
0.849228	16
0.849306	17
0.849376	18
0.849449	19
0.849527	5
0.84953	6
0.849532	7
0.849534	8
0.849537	9
0.849538	10
0.849554	6
0.849592	7
0.849593	8
0.849595	9
0.849596	10
0.849602	11
0.849657	12
0.849715	13
0.849778	14
0.849847	15
0.84992	16
0.849998	17
0.85008	18
0.850154	19
0.850228	5
0.850232	6
0.850234	7
0.850236	8
0.850238	9
0.850239	10
0.850254	6
0.850292	7
0.850293	8
0.850294	9
0.850295	10
0.850301	11
0.850355	12
0.850412	13
0.850474	14
0.850542	15
0.850614	16
0.850691	17
0.850773	18
0.850858	19
0.850932	5
0.850936	6
0.850937	7
0.850938	8
0.85094	9
0.850941	10
0.850956	6
0.850993	7
0.850994	8
0.850995	9
0.850996	10
0.851002	11
0.851055	12
0.85111	13
0.851172	14
0.851238	15
0.851309	16
0.851384	17
0.851465	18
0.85155	19
0.851636	5
0.85164	6
0.851642	7
0.851643	8
0.851644	9
0.851645	10
0.851661	5
0.851694	6
0.851696	7
0.851697	8
0.851698	9
0.851699	10
0.851704	11
0.851756	12
0.851811	13
0.851872	14
0.851936	15
0.852006	16
0.852081	17
0.85216	18
0.852244	19
0.852325	5
0.852334	6
0.852336	7
0.852337	8
0.852338	9
0.852339	10
0.852355	5
0.8524	6
0.852402	7
0.852403	8
0.852404	9
0.852405	10
0.85241	11
0.852461	12
0.852513	13
0.852571	14
0.852635	15
0.852703	16
0.852777	17
0.852855	18
0.852937	19
0.853015	5
0.853025	6
0.853028	7
0.853029	8
0.85303	9
0.853031	10
0.853047	5
0.853093	6
0.853094	7
0.853095	8
0.853096	9
0.853098	10
0.853102	11
0.853165	12
0.853215	13
0.853272	14
0.853334	15
0.853402	16
0.853474	17
0.853551	18
0.853631	19
0.853709	5
0.853719	6
0.853721	7
0.853723	8
0.853724	9
0.853725	10
0.853741	5
0.853785	6
0.853786	7
0.853788	8
0.853789	9
0.85379	10
0.853795	11
0.853857	12
0.85392	13
0.853974	14
0.854035	15
0.854101	16
0.854172	17
0.854248	18
0.854327	19
0.854405	5
0.854414	6
0.854416	7
0.854417	8
0.854419	9
0.85442	10
0.854435	5
0.854479	6
0.85448	7
0.854481	8
0.854482	9
0.854484	10
0.854488	11
0.85455	12
0.854612	13
0.854678	14
0.854737	15
0.854802	16
0.854872	17
0.854946	18
0.855024	19
0.855103	5
0.85511	6
0.855112	7
0.855113	8
0.855115	9
0.855116	10
0.855131	5
0.855173	6
0.855175	7
0.855176	8
0.855177	9
0.855178	10
0.855183	11
0.855243	12
0.855304	13
0.855371	14
0.855442	15
0.855504	16
0.855573	17
0.855646	18
0.855723	19
0.855801	5
0.855807	6
0.855809	7
0.855811	8
0.855812	9
0.855813	10
0.855829	6
0.855869	7
0.855871	8
0.855872	9
0.855873	10
0.855879	11
0.855937	12
0.855997	13
0.856063	14
0.856134	15
0.856208	16
0.856274	17
0.856347	18
0.856422	19
0.8565	5
0.856505	6
0.856508	7
0.856509	8
0.85651	9
0.856511	10
0.856527	6
0.856567	7
0.856568	8
0.856569	9
0.85657	10
0.856576	11
0.856633	12
0.856692	13
0.856756	14
0.856826	15
0.856901	16
0.856979	17
0.857049	18
0.857122	19
0.8572	5
0.857202	6
0.857205	7
0.857207	8
0.85721	9
0.857211	10
0.857226	6
0.857265	7
0.857266	8
0.857267	9
0.857269	10
0.857275	11
0.85733	12
0.857388	13
0.857451	14
0.85752	15
0.857593	16
0.857671	17
0.857753	18
0.857826	19
0.857901	5
0.857904	6
0.857907	7
0.857909	8
0.85791	9
0.857912	10
0.857927	6
0.857965	7
0.857966	8
0.857967	9
0.857968	10
0.857974	11
0.858028	12
0.858085	13
0.858147	14
0.858215	15
0.858287	16
0.858364	17
0.858445	18
0.858531	19
0.858605	5
0.858609	6
0.85861	7
0.858611	8
0.858612	9
0.858614	10
0.858629	6
0.858665	7
0.858666	8
0.858668	9
0.858669	10
0.858675	11
0.858728	12
0.858783	13
0.858844	14
0.85891	15
0.858981	16
0.859057	17
0.859138	18
0.859223	19
0.859308	5
0.859313	6
0.859314	7
0.859316	8
0.859317	9
0.859318	10
0.859334	5
0.859367	6
0.859368	7
0.85937	8
0.859371	9
0.859372	10
0.859377	11
0.859429	12
0.859484	13
0.859544	14
0.859609	15
0.859679	16
0.859753	17
0.859833	18
0.859917	19
0.859997	5
0.860007	6
0.860008	7
0.86001	8
0.860011	9
0.860012	10
0.860028	5
0.860073	6
0.860074	7
0.860076	8
0.860077	9
0.860078	10
0.860083	11
0.860133	12
0.860186	13
0.860244	14
0.860308	15
0.860376	16
0.860449	17
0.860528	18
0.860609	19
0.860687	5
0.860698	6
0.860701	7
0.860702	8
0.860703	9
0.860704	10
0.86072	5
0.860766	6
0.860767	7
0.860768	8
0.860769	9
0.86077	10
0.860775	11
0.860838	12
0.860888	13
0.860945	14
0.861007	15
0.861074	16
0.861147	17
0.861224	18
0.861304	19
0.861382	5
0.861392	6
0.861394	7
0.861395	8
0.861397	9
0.861398	10
0.861413	5
0.861458	6
0.861459	7
0.86146	8
0.861462	9
0.861463	10
0.861468	11
0.86153	12
0.861593	13
0.861647	14
0.861708	15
0.861774	16
0.861845	17
0.861921	18
0.862	19
0.862078	5
0.862087	6
0.862089	7
0.86209	8
0.862091	9
0.862093	10
0.862108	5
0.862151	6
0.862153	7
0.862154	8
0.862155	9
0.862156	10
0.862161	11
0.862222	12
0.862285	13
0.862351	14
0.86241	15
0.862475	16
0.862545	17
0.862619	18
0.862697	19
0.862775	5
0.862783	6
0.862785	7
0.862786	8
0.862787	9
0.862789	10
0.862804	5
0.862846	6
0.862847	7
0.862849	8
0.86285	9
0.862851	10
0.862856	11
0.862916	12
0.862977	13
0.863043	14
0.863114	15
0.863177	16
0.863245	17
0.863319	18
0.863396	19
0.863474	5
0.86348	6
0.863482	7
0.863483	8
0.863484	9
0.863486	10
0.863501	6
0.863542	7
0.863543	8
0.863545	9
0.863546	10
0.863552	11
0.863609	12
0.86367	13
0.863736	14
0.863807	15
0.863881	16
0.863947	17
0.864019	18
0.864095	19
0.864173	5
0.864178	6
0.86418	7
0.864182	8
0.864183	9
0.864184	10
0.8642	6
0.864239	7
0.864241	8
0.864242	9
0.864243	10
0.864249	11
0.864305	12
0.864364	13
0.864429	14
0.864499	15
0.864574	16
0.864652	17
0.864721	18
0.864795	19
0.864873	5
0.864875	6
0.864878	7
0.86488	8
0.864882	9
0.864884	10
0.864899	6
0.864938	7
0.864939	8
0.86494	9
0.864941	10
0.864947	11
0.865003	12
0.86506	13
0.865124	14
0.865193	15
0.865266	16
0.865344	17
0.865426	18
0.865499	19
0.865574	5
0.865577	6
0.86558	7
0.865582	8
0.865583	9
0.865584	10
0.8656	6
0.865637	7
0.865638	8
0.86564	9
0.865641	10
0.865647	11
0.865701	12
0.865757	13
0.86582	14
0.865887	15
0.865959	16
0.866036	17
0.866118	18
0.866203	19
0.866278	5
0.866282	6
0.866283	7
0.866284	8
0.866285	9
0.866286	10
0.866302	6
0.866338	7
0.866339	8
0.86634	9
0.866342	10
0.866348	11
0.866401	12
0.866456	13
0.866517	14
0.866583	15
0.866654	16
0.86673	17
0.86681	18
0.866896	19
0.866981	5
0.866986	6
0.866987	7
0.866988	8
0.86699	9
0.866991	10
0.867006	5
0.86704	6
0.867041	7
0.867042	8
0.867044	9
0.867045	10
0.86705	11
0.867102	12
0.867157	13
0.867217	14
0.867282	15
0.867352	16
0.867426	17
0.867506	18
0.86759	19
0.86767	5
0.86768	6
0.867681	7
0.867682	8
0.867683	9
0.867685	10
0.8677	5
0.867746	6
0.867747	7
0.867748	8
0.86775	9
0.867751	10
0.867756	11
0.867806	12
0.867859	13
0.867917	14
0.86798	15
0.868049	16
0.868122	17
0.8682	18
0.868282	19
0.86836	5
0.868371	6
0.868373	7
0.868375	8
0.868376	9
0.868377	10
0.868393	5
0.868438	6
0.86844	7
0.868441	8
0.868442	9
0.868443	10
0.868448	11
0.86851	12
0.868561	13
0.868617	14
0.86868	15
0.868747	16
0.868819	17
0.868896	18
0.868977	19
0.869055	5
0.869065	6
0.869067	7
0.869068	8
0.869069	9
0.869071	10
0.869086	5
0.869131	6
0.869132	7
0.869133	8
0.869134	9
0.869135	10
0.86914	11
0.869203	12
0.869265	13
0.869319	14
0.869381	15
0.869447	16
0.869518	17
0.869593	18
0.869673	19
0.869751	5
0.869759	6
0.869762	7
0.869763	8
0.869764	9
0.869765	10
0.869781	5
0.869824	6
0.869825	7
0.869827	8
0.869828	9
0.869829	10
0.869834	11
0.869895	12
0.869958	13
0.870024	14
0.870083	15
0.870148	16
0.870217	17
0.870292	18
0.87037	19
0.870448	5
0.870455	6
0.870458	7
0.870459	8
0.87046	9
0.870461	10
0.870477	5
0.870519	6
0.87052	7
0.870521	8
0.870523	9
0.870524	10
0.870529	11
0.870589	12
0.87065	13
0.870716	14
0.870787	15
0.87085	16
0.870918	17
0.870991	18
0.871068	19
0.871146	5
0.871152	6
0.871155	7
0.871156	8
0.871157	9
0.871158	10
0.871174	6
0.871215	7
0.871216	8
0.871217	9
0.871219	10
0.871225	11
0.871282	12
0.871342	13
0.871408	14
0.871479	15
0.871554	16
0.87162	17
0.871692	18
0.871768	19
0.871846	5
0.871851	6
0.871853	7
0.871854	8
0.871856	9
0.871857	10
0.871872	6
0.871912	7
0.871913	8
0.871915	9
0.871916	10
0.871922	11
0.871978	12
0.872037	13
0.872102	14
0.872172	15
0.872246	16
0.872324	17
0.872394	18
0.872467	19
0.872546	5
0.872548	6
0.87255	7
0.872553	8
0.872555	9
0.872556	10
0.872572	6
0.87261	7
0.872612	8
0.872613	9
0.872614	10
0.87262	11
0.872675	12
0.872733	13
0.872797	14
0.872865	15
0.872939	16
0.873017	17
0.873098	18
0.873172	19
0.873246	5
0.87325	6
0.873252	7
0.873255	8
0.873256	9
0.873257	10
0.873273	6
0.87331	7
0.873311	8
0.873312	9
0.873314	10
0.87332	11
0.873374	12
0.87343	13
0.873493	14
0.87356	15
0.873632	16
0.873709	17
0.873791	18
0.873876	19
0.873951	5
0.873954	6
0.873956	7
0.873957	8
0.873958	9
0.873959	10
0.873975	6
0.874011	7
0.874012	8
0.874013	9
0.874014	10
0.87402	11
0.874073	12
0.874129	13
0.87419	14
0.874256	15
0.874327	16
0.874403	17
0.874483	18
0.874569	19
0.874654	5
0.874659	6
0.87466	7
0.874661	8
0.874662	9
0.874663	10
0.874679	5
0.874713	6
0.874714	7
0.874715	8
0.874716	9
0.874718	10
0.874722	11
0.874774	12
0.87483	13
0.87489	14
0.874955	15
0.875024	16
0.875099	17
0.875178	18
0.875262	19
0.875343	5
0.875353	6
0.875354	7
0.875355	8
0.875356	9
0.875357	10
0.875373	5
0.875419	6
0.87542	7
0.875421	8
0.875422	9
0.875424	10
0.875428	11
0.875479	12
0.875532	13
0.875589	14
0.875653	15
0.875722	16
0.875795	17
0.875873	18
0.875955	19
0.876033	5
0.876044	6
0.876046	7
0.876047	8
0.876049	9
0.87605	10
0.876065	5
0.876111	6
0.876112	7
0.876114	8
0.876115	9
0.876116	10
0.876121	11
0.876183	12
0.876234	13
0.87629	14
0.876353	15
0.87642	16
0.876492	17
0.876569	18
0.87665	19
0.876728	5
0.876737	6
0.87674	7
0.876741	8
0.876742	9
0.876743	10
0.876759	5
0.876803	6
0.876805	7
0.876806	8
0.876807	9
0.876808	10
0.876813	11
0.876876	12
0.876938	13
0.876992	14
0.877053	15
0.87712	16
0.87719	17
0.877266	18
0.877346	19
0.877424	5
0.877432	6
0.877435	7
0.877436	8
0.877437	9
0.877438	10
0.877454	5
0.877497	6
0.877498	7
0.877499	8
0.877501	9
0.877502	10
0.877507	11
0.877568	12
0.87763	13
0.877697	14
0.877755	15
0.87782	16
0.87789	17
0.877965	18
0.878043	19
0.878121	5
0.878128	6
0.87813	7
0.878132	8
0.878133	9
0.878134	10
0.87815	5
0.878192	6
0.878193	7
0.878194	8
0.878195	9
0.878197	10
0.878201	11
0.878261	12
0.878323	13
0.878389	14
0.87846	15
0.878522	16
0.878591	17
0.878664	18
0.878741	19
0.878819	5
0.878825	6
0.878828	7
0.878829	8
0.87883	9
0.878831	10
0.878847	6
0.878888	7
0.878889	8
0.87889	9
0.878891	10
0.878897	11
0.878955	12
0.879015	13
0.879081	14
0.879152	15
0.879227	16
0.879293	17
0.879365	18
0.879441	19
0.879519	5
0.879524	6
0.879526	7
0.879527	8
0.879528	9
0.87953	10
0.879545	6
0.879585	7
0.879586	8
0.879587	9
0.879588	10
0.879594	11
0.879651	12
0.87971	13
0.879775	14
0.879845	15
0.879919	16
0.879997	17
0.880067	18
0.88014	19
0.880218	5
0.880221	6
0.880223	7
0.880226	8
0.880228	9
0.880229	10
0.880245	6
0.880283	7
0.880284	8
0.880286	9
0.880287	10
0.880293	11
0.880348	12
0.880406	13
0.88047	14
0.880538	15
0.880611	16
0.88069	17
0.880771	18
0.880845	19
0.880919	5
0.880923	6
0.880925	7
0.880928	8
0.880929	9
0.88093	10
0.880946	6
0.880983	7
0.880984	8
0.880985	9
0.880986	10
0.880992	11
0.881047	12
0.881103	13
0.881166	14
0.881233	15
0.881305	16
0.881382	17
0.881464	18
0.881549	19
0.881623	5
0.881627	6
0.881628	7
0.881629	8
0.881631	9
0.881632	10
0.881648	6
0.881684	7
0.881685	8
0.881686	9
0.881687	10
0.881693	11
0.881746	12
0.881801	13
0.881863	14
0.881929	15
0.882	16
0.882075	17
0.882156	18
0.882241	19
0.882327	5
0.882331	6
0.882333	7
0.882334	8
0.882335	9
0.882336	10
0.882352	5
0.882386	6
0.882387	7
0.882388	8
0.882389	9
0.88239	10
0.882395	11
0.882447	12
0.882503	13
0.882563	14
0.882628	15
0.882697	16
0.882772	17
0.882851	18
0.882935	19
0.883016	5
0.883025	6
0.883027	7
0.883028	8
0.883029	9
0.88303	10
0.883046	5
0.883092	6
0.883093	7
0.883094	8
0.883095	9
0.883096	10
0.883101	11
0.883152	12
0.883205	13
0.883262	14
0.883326	15
0.883394	16
0.883468	17
0.883546	18
0.883628	19
0.883706	5
0.883717	6
0.883719	7
0.88372	8
0.883721	9
0.883723	10
0.883738	5
0.883784	6
0.883785	7
0.883786	8
0.883787	9
0.883789	10
0.883793	11
0.883856	12
0.883906	13
0.883963	14
0.884025	15
0.884093	16
0.884165	17
0.884242	18
0.884322	19
0.8844	5
0.88441	6
0.884413	7
0.884414	8
0.884415	9
0.884416	10
0.884432	5
0.884476	6
0.884477	7
0.884479	8
0.88448	9
0.884481	10
0.884486	11
0.884548	12
0.884611	13
0.884665	14
0.884726	15
0.884792	16
0.884863	17
0.884939	18
0.885018	19
0.885096	5
0.885105	6
0.885107	7
0.885108	8
0.88511	9
0.885111	10
0.885127	5
0.88517	6
0.885171	7
0.885172	8
0.885173	9
0.885175	10
0.885179	11
0.885241	12
0.885303	13
0.885369	14
0.885428	15
0.885493	16
0.885563	17
0.885637	18
0.885715	19
0.885794	5
0.885801	6
0.885803	7
0.885804	8
0.885806	9
0.885807	10
0.885822	5
0.885865	6
0.885866	7
0.885867	8
0.885868	9
0.885869	10
0.885874	11
0.885934	12
0.885996	13
0.886062	14
0.886133	15
0.886195	16
0.886264	17
0.886337	18
0.886414	19
0.886492	5
0.886498	6
0.8865	7
0.886502	8
0.886503	9
0.886504	10
0.88652	6
0.88656	7
0.886562	8
0.886563	9
0.886564	10
0.88657	11
0.886628	12
0.886688	13
0.886754	14
0.886825	15
0.886899	16
0.886966	17
0.887038	18
0.887113	19
0.887192	5
0.887196	6
0.887199	7
0.8872	8
0.887201	9
0.887202	10
0.887218	6
0.887258	7
0.887259	8
0.88726	9
0.887261	10
0.887267	11
0.887324	12
0.887383	13
0.887448	14
0.887517	15
0.887592	16
0.88767	17
0.88774	18
0.887813	19
0.887891	5
0.887894	6
0.887896	7
0.887898	8
0.887901	9
0.887902	10
0.887918	6
0.887956	7
0.887957	8
0.887958	9
0.88796	10
0.887966	11
0.888021	12
0.888079	13
0.888142	14
0.888211	15
0.888284	16
0.888362	17
0.888444	18
0.888517	19
0.888592	5
0.888595	6
0.888598	7
0.8886	8
0.888601	9
0.888603	10
0.888618	6
0.888656	7
0.888657	8
0.888658	9
0.888659	10
0.888665	11
0.888719	12
0.888776	13
0.888838	14
0.888906	15
0.888978	16
0.889055	17
0.889136	18
0.889222	19
0.889296	5
0.8893	6
0.889301	7
0.889302	8
0.889303	9
0.889305	10
0.88932	6
0.889356	7
0.889358	8
0.889359	9
0.88936	10
0.889366	11
0.889419	12
0.889474	13
0.889535	14
0.889602	15
0.889672	16
0.889748	17
0.889829	18
0.889914	19
0.889999	5
0.890004	6
0.890005	7
0.890007	8
0.890008	9
0.890009	10
0.890025	5
0.890058	6
0.89006	7
0.890061	8
0.890062	9
0.890063	10
0.890068	11
0.89012	12
0.890175	13
0.890235	14
0.8903	15
0.89037	16
0.890445	17
0.890524	18
0.890608	19
0.890689	5
0.890698	6
0.890699	7
0.890701	8
0.890702	9
0.890703	10
0.890719	5
0.890764	6
0.890765	7
0.890767	8
0.890768	9
0.890769	10
0.890774	11
0.890824	12
0.890877	13
0.890935	14
0.890999	15
0.891067	16
0.891141	17
0.891219	18
0.8913	19
0.891379	5
0.891389	6
0.891392	7
0.891393	8
0.891394	9
0.891395	10
0.891411	5
0.891457	6
0.891458	7
0.891459	8
0.89146	9
0.891461	10
0.891466	11
0.891529	12
0.891579	13
0.891636	14
0.891698	15
0.891766	16
0.891838	17
0.891915	18
0.891995	19
0.892073	5
0.892083	6
0.892085	7
0.892086	8
0.892088	9
0.892089	10
0.892105	5
0.892149	6
0.89215	7
0.892151	8
0.892153	9
0.892154	10
0.892159	11
0.892221	12
0.892284	13
0.892338	14
0.892399	15
0.892465	16
0.892536	17
0.892612	18
0.892691	19
0.892769	5
0.892778	6
0.89278	7
0.892781	8
0.892782	9
0.892784	10
0.892799	5
0.892843	6
0.892844	7
0.892845	8
0.892846	9
0.892847	10
0.892852	11
0.892913	12
0.892976	13
0.893042	14
0.893101	15
0.893166	16
0.893236	17
0.89331	18
0.893388	19
0.893466	5
0.893474	6
0.893476	7
0.893477	8
0.893478	9
0.89348	10
0.893495	5
0.893537	6
0.893539	7
0.89354	8
0.893541	9
0.893542	10
0.893547	11
0.893607	12
0.893668	13
0.893734	14
0.893805	15
0.893868	16
0.893936	17
0.89401	18
0.894087	19
0.894165	5
0.894171	6
0.894173	7
0.894174	8
0.894176	9
0.894177	10
0.894192	6
0.894233	7
0.894234	8
0.894236	9
0.894237	10
0.894243	11
0.894301	12
0.894361	13
0.894427	14
0.894498	15
0.894572	16
0.894638	17
0.89471	18
0.894786	19
0.894864	5
0.894869	6
0.894872	7
0.894873	8
0.894874	9
0.894875	10
0.894891	6
0.89493	7
0.894932	8
0.894933	9
0.894934	10
0.89494	11
0.894997	12
0.895055	13
0.89512	14
0.89519	15
0.895265	16
0.895343	17
0.895412	18
0.895486	19
0.895564	5
0.895566	6
0.895569	7
0.895571	8
0.895573	9
0.895575	10
0.89559	6
0.895629	7
0.89563	8
0.895631	9
0.895632	10
0.895638	11
0.895694	12
0.895751	13
0.895815	14
0.895884	15
0.895957	16
0.896035	17
0.896117	18
0.89619	19
0.896265	5
0.896268	6
0.896271	7
0.896273	8
0.896274	9
0.896275	10
0.896291	6
0.896328	7
0.89633	8
0.896331	9
0.896332	10
0.896338	11
0.896392	12
0.896449	13
0.896511	14
0.896578	15
0.89665	16
0.896727	17
0.896809	18
0.896894	19
0.896969	5
0.896973	6
0.896974	7
0.896975	8
0.896976	9
0.896977	10
0.896993	6
0.897029	7
0.89703	8
0.897032	9
0.897033	10
0.897039	11
0.897092	12
0.897147	13
0.897208	14
0.897274	15
0.897345	16
0.897421	17
0.897501	18
0.897587	19
0.897672	5
0.897677	6
0.897678	7
0.897679	8
0.897681	9
0.897682	10
0.897697	5
0.897731	6
0.897732	7
0.897733	8
0.897735	9
0.897736	10
0.897741	11
0.897793	12
0.897848	13
0.897908	14
0.897973	15
0.898043	16
0.898117	17
0.898197	18
0.898281	19
0.898361	5
0.898371	6
0.898372	7
0.898373	8
0.898375	9
0.898376	10
0.898391	5
0.898437	6
0.898438	7
0.898439	8
0.898441	9
0.898442	10
0.898447	11
0.898497	12
0.89855	13
0.898608	14
0.898671	15
0.89874	16
0.898813	17
0.898891	18
0.898973	19
0.899051	5
0.899062	6
0.899064	7
0.899066	8
0.899067	9
0.899068	10
0.899084	5
0.899129	6
0.899131	7
0.899132	8
0.899133	9
0.899134	10
0.899139	11
0.899202	12
0.899252	13
0.899309	14
0.899371	15
0.899438	16
0.89951	17
0.899587	18
0.899668	19
0.899746	5
0.899756	6
0.899758	7
0.899759	8
0.89976	9
0.899762	10
0.899777	5
0.899822	6
0.899823	7
0.899824	8
0.899825	9
0.899827	10
0.899831	11
0.899894	12
0.899956	13
0.90001	14
0.900072	15
0.900138	16
0.900209	17
0.900285	18
0.900364	19
0.900442	5
0.90045	6
0.900453	7
0.900454	8
0.900455	9
0.900456	10
0.900472	5
0.900515	6
0.900517	7
0.900518	8
0.900519	9
0.90052	10
0.900525	11
0.900586	12
0.900649	13
0.900715	14
0.900774	15
0.900839	16
0.900908	17
0.900983	18
0.901061	19
0.901139	5
0.901146	6
0.901149	7
0.90115	8
0.901151	9
0.901152	10
0.901168	5
0.90121	6
0.901211	7
0.901212	8
0.901214	9
0.901215	10
0.90122	11
0.90128	12
0.901341	13
0.901407	14
0.901478	15
0.901541	16
0.901609	17
0.901682	18
0.901759	19
0.901838	5
0.901844	6
0.901846	7
0.901847	8
0.901848	9
0.90185	10
0.901865	6
0.901906	7
0.901907	8
0.901908	9
0.90191	10
0.901916	11
0.901973	12
0.902033	13
0.9021	14
0.90217	15
0.902245	16
0.902311	17
0.902383	18
0.902459	19
0.902537	5
0.902542	6
0.902544	7
0.902545	8
0.902547	9
0.902548	10
0.902564	6
0.902603	7
0.902604	8
0.902606	9
0.902607	10
0.902613	11
0.902669	12
0.902728	13
0.902793	14
0.902863	15
0.902937	16
0.903015	17
0.903085	18
0.903159	19
0.903237	5
0.903239	6
0.903241	7
0.903244	8
0.903246	9
0.903247	10
0.903263	6
0.903302	7
0.903303	8
0.903304	9
0.903305	10
0.903311	11
0.903366	12
0.903424	13
0.903488	14
0.903556	15
0.90363	16
0.903708	17
0.90379	18
0.903863	19
0.903937	5
0.903941	6
0.903943	7
0.903946	8
0.903947	9
0.903948	10
0.903964	6
0.904001	7
0.904002	8
0.904004	9
0.904005	10
0.904011	11
0.904065	12
0.904121	13
0.904184	14
0.904251	15
0.904323	16
0.9044	17
0.904482	18
0.904567	19
0.904642	5
0.904645	6
0.904647	7
0.904648	8
0.904649	9
0.90465	10
0.904666	6
0.904702	7
0.904703	8
0.904704	9
0.904705	10
0.904711	11
0.904764	12
0.90482	13
0.904881	14
0.904947	15
0.905018	16
0.905094	17
0.905174	18
0.90526	19
0.905345	5
0.90535	6
0.905351	7
0.905352	8
0.905353	9
0.905355	10
0.90537	5
0.905404	6
0.905405	7
0.905406	8
0.905407	9
0.905409	10
0.905413	11
0.905466	12
0.905521	13
0.905581	14
0.905646	15
0.905716	16
0.90579	17
0.905869	18
0.905954	19
0.906034	5
0.906044	6
0.906045	7
0.906046	8
0.906047	9
0.906049	10
0.906064	5
0.90611	6
0.906111	7
0.906112	8
0.906113	9
0.906115	10
0.906119	11
0.90617	12
0.906223	13
0.906281	14
0.906344	15
0.906413	16
0.906486	17
0.906564	18
0.906646	19
0.906724	5
0.906735	6
0.906737	7
0.906738	8
0.90674	9
0.906741	10
0.906756	5
0.906802	6
0.906803	7
0.906805	8
0.906806	9
0.906807	10
0.906812	11
0.906874	12
0.906925	13
0.906981	14
0.907044	15
0.907111	16
0.907183	17
0.90726	18
0.907341	19
0.907419	5
0.907428	6
0.907431	7
0.907432	8
0.907433	9
0.907434	10
0.90745	5
0.907495	6
0.907496	7
0.907497	8
0.907498	9
0.907499	10
0.907504	11
0.907567	12
0.907629	13
0.907683	14
0.907745	15
0.907811	16
0.907882	17
0.907957	18
0.908037	19
0.908115	5
0.908123	6
0.908126	7
0.908127	8
0.908128	9
0.908129	10
0.908145	5
0.908188	6
0.908189	7
0.90819	8
0.908192	9
0.908193	10
0.908198	11
0.908259	12
0.908322	13
0.908388	14
0.908447	15
0.908511	16
0.908581	17
0.908656	18
0.908734	19
0.908812	5
0.908819	6
0.908822	7
0.908823	8
0.908824	9
0.908825	10
0.908841	5
0.908883	6
0.908884	7
0.908885	8
0.908886	9
0.908888	10
0.908892	11
0.908953	12
0.909014	13
0.90908	14
0.909151	15
0.909213	16
0.909282	17
0.909355	18
0.909432	19
0.90951	5
0.909516	6
0.909519	7
0.90952	8
0.909521	9
0.909522	10
0.909538	6
0.909579	7
0.90958	8
0.909581	9
0.909582	10
0.909588	11
0.909646	12
0.909706	13
0.909772	14
0.909843	15
0.909918	16
0.909984	17
0.910056	18
0.910132	19
0.91021	5
0.910215	6
0.910217	7
0.910218	8
0.910219	9
0.910221	10
0.910236	6
0.910276	7
0.910277	8
0.910278	9
0.91028	10
0.910286	11
0.910342	12
0.910401	13
0.910466	14
0.910536	15
0.91061	16
0.910688	17
0.910758	18
0.910831	19
0.910909	5
0.910912	6
0.910914	7
0.910917	8
0.910919	9
0.91092	10
0.910936	6
0.910974	7
0.910976	8
0.910977	9
0.910978	10
0.910984	11
0.911039	12
0.911097	13
0.911161	14
0.911229	15
0.911302	16
0.911381	17
0.911462	18
0.911536	19
0.91161	5
0.911614	6
0.911616	7
0.911619	8
0.91162	9
0.911621	10
0.911637	6
0.911674	7
0.911675	8
0.911676	9
0.911677	10
0.911683	11
0.911738	12
0.911794	13
0.911857	14
0.911924	15
0.911996	16
0.912073	17
0.912155	18
0.91224	19
0.912315	5
0.912318	6
0.912319	7
0.912321	8
0.912322	9
0.912323	10
0.912339	6
0.912375	7
0.912376	8
0.912377	9
0.912378	10
0.912384	11
0.912437	12
0.912492	13
0.912554	14
0.91262	15
0.912691	16
0.912766	17
0.912847	18
0.912932	19
0.913018	5
0.913023	6
0.913024	7
0.913025	8
0.913026	9
0.913027	10
0.913043	5
0.913077	6
0.913078	7
0.913079	8
0.91308	9
0.913081	10
0.913086	11
0.913138	12
0.913194	13
0.913254	14
0.913319	15
0.913388	16
0.913463	17
0.913542	18
0.913626	19
0.913707	5
0.913716	6
0.913718	7
0.913719	8
0.91372	9
0.913721	10
0.913737	5
0.913783	6
0.913784	7
0.913785	8
0.913786	9
0.913787	10
0.913792	11
0.913843	12
0.913896	13
0.913953	14
0.914017	15
0.914085	16
0.914159	17
0.914237	18
0.914319	19
0.914397	5
0.914408	6
0.91441	7
0.914411	8
0.914412	9
0.914414	10
0.914429	5
0.914475	6
0.914476	7
0.914477	8
0.914479	9
0.91448	10
0.914485	11
0.914547	12
0.914598	13
0.914654	14
0.914717	15
0.914784	16
0.914856	17
0.914933	18
0.915013	19
0.915092	5
0.915101	6
0.915104	7
0.915105	8
0.915106	9
0.915107	10
0.915123	5
0.915167	6
0.915168	7
0.91517	8
0.915171	9
0.915172	10
0.915177	11
0.915239	12
0.915302	13
0.915356	14
0.915417	15
0.915483	16
0.915554	17
0.91563	18
0.915709	19
0.915788	5
0.915796	6
0.915798	7
0.9158	8
0.915801	9
0.915802	10
0.915818	5
0.915861	6
0.915862	7
0.915863	8
0.915864	9
0.915866	10
0.91587	11
0.915932	12
0.915994	13
0.91606	14
0.916119	15
0.916184	16
0.916254	17
0.916328	18
0.916407	19
0.916485	5
0.916492	6
0.916494	7
0.916496	8
0.916497	9
0.916498	10
0.916514	5
0.916556	6
0.916557	7
0.916558	8
0.916559	9
0.91656	10
0.916565	11
0.916625	12
0.916687	13
0.916753	14
0.916824	15
0.916886	16
0.916955	17
0.917028	18
0.917105	19
0.917183	5
0.917189	6
0.917191	7
0.917193	8
0.917194	9
0.917195	10
0.917211	6
0.917252	7
0.917253	8
0.917254	9
0.917255	10
0.917261	11
0.917319	12
0.917379	13
0.917445	14
0.917516	15
0.917591	16
0.917657	17
0.917729	18
0.917804	19
0.917883	5
0.917887	6
0.91789	7
0.917891	8
0.917892	9
0.917893	10
0.917909	6
0.917949	7
0.91795	8
0.917951	9
0.917952	10
0.917958	11
0.918015	12
0.918074	13
0.918139	14
0.918208	15
0.918283	16
0.918361	17
0.918431	18
0.918504	19
0.918582	5
0.918585	6
0.918587	7
0.918589	8
0.918592	9
0.918593	10
0.918609	6
0.918647	7
0.918648	8
0.918649	9
0.918651	10
0.918657	11
0.918712	12
0.91877	13
0.918833	14
0.918902	15
0.918975	16
0.919053	17
0.919135	18
0.919208	19
0.919283	5
0.919287	6
0.919289	7
0.919291	8
0.919293	9
0.919294	10
0.919309	6
0.919347	7
0.919348	8
0.919349	9
0.91935	10
0.919356	11
0.91941	12
0.919467	13
0.919529	14
0.919597	15
0.919669	16
0.919746	17
0.919827	18
0.919913	19
0.919987	5
0.919991	6
0.919992	7
0.919993	8
0.919995	9
0.919996	10
0.920011	6
0.920047	7
0.920049	8
0.92005	9
0.920051	10
0.920057	11
0.92011	12
0.920165	13
0.920227	14
0.920293	15
0.920364	16
0.920439	17
0.92052	18
0.920605	19
0.92069	5
0.920695	6
0.920696	7
0.920698	8
0.920699	9
0.9207	10
0.920716	5
0.920749	6
0.920751	7
0.920752	8
0.920753	9
0.920754	10
0.920759	11
0.920811	12
0.920866	13
0.920926	14
0.920991	15
0.921061	16
0.921136	17
0.921215	18
0.921299	19
0.92138	5
0.921389	6
0.92139	7
0.921392	8
0.921393	9
0.921394	10
0.92141	5
0.921455	6
0.921457	7
0.921458	8
0.921459	9
0.92146	10
0.921465	11
0.921515	12
0.921568	13
0.921626	14
0.92169	15
0.921758	16
0.921832	17
0.92191	18
0.921991	19
0.92207	5
0.92208	6
0.922083	7
0.922084	8
0.922085	9
0.922086	10
0.922102	5
0.922148	6
0.922149	7
0.92215	8
0.922151	9
0.922153	10
0.922157	11
0.92222	12
0.92227	13
0.922327	14
0.922389	15
0.922457	16
0.922529	17
0.922606	18
0.922686	19
0.922764	5
0.922774	6
0.922776	7
0.922778	8
0.922779	9
0.92278	10
0.922796	5
0.92284	6
0.922841	7
0.922842	8
0.922844	9
0.922845	10
0.92285	11
0.922912	12
0.922975	13
0.923029	14
0.92309	15
0.923156	16
0.923227	17
0.923303	18
0.923382	19
0.92346	5
0.923469	6
0.923471	7
0.923472	8
0.923474	9
0.923475	10
0.92349	5
0.923534	6
0.923535	7
0.923536	8
0.923537	9
0.923538	10
0.923543	11
0.923605	12
0.923667	13
0.923733	14
0.923792	15
0.923857	16
0.923927	17
0.924001	18
0.924079	19
0.924157	5
0.924165	6
0.924167	7
0.924168	8
0.924169	9
0.924171	10
0.924186	5
0.924228	6
0.92423	7
0.924231	8
0.924232	9
0.924233	10
0.924238	11
0.924298	12
0.924359	13
0.924426	14
0.924496	15
0.924559	16
0.924627	17
0.924701	18
0.924778	19
0.924856	5
0.924862	6
0.924864	7
0.924865	8
0.924867	9
0.924868	10
0.924883	6
0.924924	7
0.924926	8
0.924927	9
0.924928	10
0.924934	11
0.924992	12
0.925052	13
0.925118	14
0.925189	15
0.925263	16
0.925329	17
0.925402	18
0.925477	19
0.925555	5
0.92556	6
0.925563	7
0.925564	8
0.925565	9
0.925566	10
0.925582	6
0.925621	7
0.925623	8
0.925624	9
0.925625	10
0.925631	11
0.925688	12
0.925746	13
0.925811	14
0.925881	15
0.925956	16
0.926034	17
0.926103	18
0.926177	19
0.926255	5
0.926257	6
0.92626	7
0.926262	8
0.926265	9
0.926266	10
0.926281	6
0.92632	7
0.926321	8
0.926322	9
0.926323	10
0.926329	11
0.926385	12
0.926442	13
0.926506	14
0.926575	15
0.926648	16
0.926726	17
0.926808	18
0.926881	19
0.926956	5
0.926959	6
0.926962	7
0.926964	8
0.926965	9
0.926967	10
0.926982	6
0.927019	7
0.927021	8
0.927022	9
0.927023	10
0.927029	11
0.927083	12
0.92714	13
0.927202	14
0.927269	15
0.927342	16
0.927418	17
0.9275	18
0.927586	19
0.92766	5
0.927664	6
0.927665	7
0.927666	8
0.927667	9
0.927668	10
0.927684	6
0.92772	7
0.927721	8
0.927723	9
0.927724	10
0.92773	11
0.927783	12
0.927838	13
0.927899	14
0.927965	15
0.928036	16
0.928112	17
0.928193	18
0.928278	19
0.928363	5
0.928368	6
0.928369	7
0.92837	8
0.928372	9
0.928373	10
0.928388	5
0.928422	6
0.928423	7
0.928425	8
0.928426	9
0.928427	10
0.928432	11
0.928484	12
0.928539	13
0.928599	14
0.928664	15
0.928734	16
0.928808	17
0.928888	18
0.928972	19
0.929052	5
0.929062	6
0.929063	7
0.929064	8
0.929066	9
0.929067	10
0.929082	5
0.929128	6
0.929129	7
0.929131	8
0.929132	9
0.929133	10
0.929138	11
0.929188	12
0.929241	13
0.929299	14
0.929363	15
0.929431	16
0.929504	17
0.929582	18
0.929664	19
0.929742	5
0.929753	6
0.929756	7
0.929757	8
0.929758	9
0.929759	10
0.929775	5
0.92982	6
0.929822	7
0.929823	8
0.929824	9
0.929825	10
0.92983	11
0.929893	12
0.929943	13
0.93	14
0.930062	15
0.930129	16
0.930202	17
0.930278	18
0.930359	19
0.930437	5
0.930447	6
0.930449	7
0.93045	8
0.930452	9
0.930453	10
0.930468	5
0.930513	6
0.930514	7
0.930515	8
0.930516	9
0.930518	10
0.930522	11
0.930585	12
0.930647	13
0.930702	14
0.930763	15
0.930829	16
0.9309	17
0.930976	18
0.931055	19
0.931133	5
0.931141	6
0.931144	7
0.931145	8
0.931146	9
0.931147	10
0.931163	5
0.931206	6
0.931208	7
0.931209	8
0.93121	9
0.931211	10
0.931216	11
0.931277	12
0.93134	13
0.931406	14
0.931465	15
0.93153	16
0.931599	17
0.931674	18
0.931752	19
0.93183	5
0.931837	6
0.93184	7
0.931841	8
0.931842	9
0.931843	10
0.931859	5
0.931901	6
0.931902	7
0.931904	8
0.931905	9
0.931906	10
0.931911	11
0.931971	12
0.932032	13
0.932098	14
0.932169	15
0.932232	16
0.9323	17
0.932374	18
0.93245	19
0.932529	5
0.932535	6
0.932537	7
0.932538	8
0.932539	9
0.932541	10
0.932556	6
0.932597	7
0.932598	8
0.9326	9
0.932601	10
0.932607	11
0.932664	12
0.932725	13
0.932791	14
0.932862	15
0.932936	16
0.933002	17
0.933074	18
0.93315	19
0.933228	5
0.933233	6
0.933235	7
0.933237	8
0.933238	9
0.933239	10
0.933255	6
0.933294	7
0.933295	8
0.933297	9
0.933298	10
0.933304	11
0.93336	12
0.933419	13
0.933484	14
0.933554	15
0.933628	16
0.933707	17
0.933776	18
0.93385	19
0.933928	5
0.93393	6
0.933933	7
0.933935	8
0.933937	9
0.933939	10
0.933954	6
0.933993	7
0.933994	8
0.933995	9
0.933996	10
0.934002	11
0.934058	12
0.934115	13
0.934179	14
0.934247	15
0.934321	16
0.934399	17
0.934481	18
0.934554	19
0.934628	5
0.934632	6
0.934634	7
0.934637	8
0.934638	9
0.934639	10
0.934655	6
0.934692	7
0.934693	8
0.934695	9
0.934696	10
0.934702	11
0.934756	12
0.934812	13
0.934875	14
0.934942	15
0.935014	16
0.935091	17
0.935173	18
0.935258	19
0.935333	5
0.935336	6
0.935338	7
0.935339	8
0.93534	9
0.935341	10
0.935357	6
0.935393	7
0.935394	8
0.935395	9
0.935397	10
0.935403	11
0.935455	12
0.935511	13
0.935572	14
0.935638	15
0.935709	16
0.935785	17
0.935865	18
0.935951	19
0.936036	5
0.936041	6
0.936042	7
0.936043	8
0.936044	9
0.936046	10
0.936061	5
0.936095	6
0.936096	7
0.936097	8
0.936099	9
0.9361	10
0.936105	11
0.936157	12
0.936212	13
0.936272	14
0.936337	15
0.936407	16
0.936481	17
0.93656	18
0.936645	19
0.936725	5
0.936735	6
0.936736	7
0.936737	8
0.936738	9
0.93674	10
0.936755	5
0.936801	6
0.936802	7
0.936803	8
0.936805	9
0.936806	10
0.936811	11
0.936861	12
0.936914	13
0.936972	14
0.937035	15
0.937104	16
0.937177	17
0.937255	18
0.937337	19
0.937415	5
0.937426	6
0.937428	7
0.93743	8
0.937431	9
0.937432	10
0.937448	5
0.937493	6
0.937494	7
0.937496	8
0.937497	9
0.937498	10
0.937503	11
0.937565	12
0.937616	13
0.937672	14
0.937735	15
0.937802	16
0.937874	17
0.937951	18
0.938032	19
0.93811	5
0.938119	6
0.938122	7
0.938123	8
0.938124	9
0.938125	10
0.938141	5
0.938186	6
0.938187	7
0.938188	8
0.938189	9
0.93819	10
0.938195	11
0.938258	12
0.93832	13
0.938374	14
0.938436	15
0.938502	16
0.938573	17
0.938648	18
0.938728	19
0.938806	5
0.938814	6
0.938817	7
0.938818	8
0.938819	9
0.93882	10
0.938836	5
0.938879	6
0.93888	7
0.938882	8
0.938883	9
0.938884	10
0.938889	11
0.93895	12
0.939013	13
0.939079	14
0.939138	15
0.939202	16
0.939272	17
0.939347	18
0.939425	19
0.939503	5
0.93951	6
0.939513	7
0.939514	8
0.939515	9
0.939516	10
0.939532	5
0.939574	6
0.939575	7
0.939576	8
0.939578	9
0.939579	10
0.939584	11
0.939644	12
0.939705	13
0.939771	14
0.939842	15
0.939904	16
0.939973	17
0.940046	18
0.940123	19
0.940201	5
0.940207	6
0.94021	7
0.940211	8
0.940212	9
0.940213	10
0.940229	6
0.94027	7
0.940271	8
0.940272	9
0.940273	10
0.940279	11
0.940337	12
0.940397	13
0.940463	14
0.940534	15
0.940609	16
0.940675	17
0.940747	18
0.940823	19
0.940901	5
0.940906	6
0.940908	7
0.940909	8
0.940911	9
0.940912	10
0.940927	6
0.940967	7
0.940968	8
0.940969	9
0.940971	10
0.940977	11
0.941033	12
0.941092	13
0.941157	14
0.941227	15
0.941301	16
0.941379	17
0.941449	18
0.941522	19
0.9416	5
0.941603	6
0.941605	7
0.941608	8
0.94161	9
0.941611	10
0.941627	6
0.941665	7
0.941667	8
0.941668	9
0.941669	10
0.941675	11
0.94173	12
0.941788	13
0.941852	14
0.94192	15
0.941994	16
0.942072	17
0.942153	18
0.942227	19
0.942301	5
0.942305	6
0.942307	7
0.94231	8
0.942311	9
0.942312	10
0.942328	6
0.942365	7
0.942366	8
0.942367	9
0.942369	10
0.942375	11
0.942429	12
0.942485	13
0.942548	14
0.942615	15
0.942687	16
0.942764	17
0.942846	18
0.942931	19
0.943006	5
0.943009	6
0.94301	7
0.943012	8
0.943013	9
0.943014	10
0.94303	6
0.943066	7
0.943067	8
0.943068	9
0.943069	10
0.943075	11
0.943128	12
0.943184	13
0.943245	14
0.943311	15
0.943382	16
0.943458	17
0.943538	18
0.943623	19
0.943709	5
0.943714	6
0.943715	7
0.943716	8
0.943717	9
0.943718	10
0.943734	5
0.943768	6
0.943769	7
0.94377	8
0.943771	9
0.943772	10
0.943777	11
0.943829	12
0.943885	13
0.943945	14
0.94401	15
0.944079	16
0.944154	17
0.944233	18
0.944317	19
0.944398	5
0.944408	6
0.944409	7
0.94441	8
0.944411	9
0.944412	10
0.944428	5
0.944474	6
0.944475	7
0.944476	8
0.944477	9
0.944478	10
0.944483	11
0.944534	12
0.944587	13
0.944644	14
0.944708	15
0.944777	16
0.94485	17
0.944928	18
0.94501	19
0.945088	5
0.945099	6
0.945101	7
0.945102	8
0.945104	9
0.945105	10
0.94512	5
0.945166	6
0.945167	7
0.945168	8
0.94517	9
0.945171	10
0.945176	11
0.945238	12
0.945289	13
0.945345	14
0.945408	15
0.945475	16
0.945547	17
0.945624	18
0.945705	19
0.945783	5
0.945792	6
0.945795	7
0.945796	8
0.945797	9
0.945798	10
0.945814	5
0.945858	6
0.94586	7
0.945861	8
0.945862	9
0.945863	10
0.945868	11
0.94593	12
0.945993	13
0.946047	14
0.946108	15
0.946174	16
0.946245	17
0.946321	18
0.9464	19
0.946479	5
0.946487	6
0.946489	7
0.946491	8
0.946492	9
0.946493	10
0.946509	5
0.946552	6
0.946553	7
0.946554	8
0.946556	9
0.946557	10
0.946562	11
0.946623	12
0.946685	13
0.946751	14
0.94681	15
0.946875	16
0.946945	17
0.947019	18
0.947098	19
0.947176	5
0.947183	6
0.947185	7
0.947187	8
0.947188	9
0.947189	10
0.947205	5
0.947247	6
0.947248	7
0.947249	8
0.94725	9
0.947251	10
0.947256	11
0.947316	12
0.947378	13
0.947444	14
0.947515	15
0.947577	16
0.947646	17
0.947719	18
0.947796	19
0.947874	5
0.94788	6
0.947883	7
0.947884	8
0.947885	9
0.947886	10
0.947902	6
0.947943	7
0.947944	8
0.947945	9
0.947946	10
0.947952	11
0.94801	12
0.94807	13
0.948136	14
0.948207	15
0.948282	16
0.948348	17
0.94842	18
0.948496	19
0.948574	5
0.948578	6
0.948581	7
0.948582	8
0.948583	9
0.948585	10
0.9486	6
0.94864	7
0.948641	8
0.948642	9
0.948643	10
0.948649	11
0.948706	12
0.948765	13
0.94883	14
0.948899	15
0.948974	16
0.949052	17
0.949122	18
0.949195	19
0.949273	5
0.949276	6
0.949278	7
0.94928	8
0.949283	9
0.949284	10
0.9493	6
0.949338	7
0.949339	8
0.949341	9
0.949342	10
0.949348	11
0.949403	12
0.949461	13
0.949524	14
0.949593	15
0.949666	16
0.949744	17
0.949826	18
0.949899	19
0.949974	5
0.949978	6
0.94998	7
0.949982	8
0.949984	9
0.949985	10
0.95	6
0.950038	7
0.950039	8
0.95004	9
0.950041	10
0.950047	11
0.950101	12
0.950158	13
0.95022	14
0.950288	15
0.95036	16
0.950437	17
0.950519	18
0.950604	19
0.950678	5
0.950682	6
0.950683	7
0.950684	8
0.950686	9
0.950687	10
0.950702	6
0.950738	7
0.95074	8
0.950741	9
0.950742	10
0.950748	11
0.950801	12
0.950856	13
0.950918	14
0.950984	15
0.951055	16
0.95113	17
0.951211	18
0.951296	19
0.951382	5
0.951386	6
0.951388	7
0.951389	8
0.95139	9
0.951391	10
0.951407	5
0.95144	6
0.951442	7
0.951443	8
0.951444	9
0.951445	10
0.95145	11
0.951502	12
0.951557	13
0.951618	14
0.951682	15
0.951752	16
0.951827	17
0.951906	18
0.95199	19
0.952071	5
0.95208	6
0.952082	7
0.952083	8
0.952084	9
0.952085	10
0.952101	5
0.952146	6
0.952148	7
0.952149	8
0.95215	9
0.952151	10
0.952156	11
0.952207	12
0.952259	13
0.952317	14
0.952381	15
0.952449	16
0.952523	17
0.952601	18
0.952683	19
0.952761	5
0.952771	6
0.952774	7
0.952775	8
0.952776	9
0.952777	10
0.952793	5
0.952839	6
0.95284	7
0.952841	8
0.952842	9
0.952844	10
0.952848	11
0.952911	12
0.952961	13
0.953018	14
0.95308	15
0.953148	16
0.95322	17
0.953297	18
0.953377	19
0.953455	5
0.953465	6
0.953467	7
0.953469	8
0.95347	9
0.953471	10
0.953487	5
0.953531	6
0.953532	7
0.953534	8
0.953535	9
0.953536	10
0.953541	11
0.953603	12
0.953666	13
0.95372	14
0.953781	15
0.953847	16
0.953918	17
0.953994	18
0.954073	19
0.954151	5
0.95416	6
0.954162	7
0.954163	8
0.954165	9
0.954166	10
0.954181	5
0.954225	6
0.954226	7
0.954227	8
0.954228	9
0.954229	10
0.954234	11
0.954296	12
0.954358	13
0.954424	14
0.954483	15
0.954548	16
0.954618	17
0.954692	18
0.95477	19
0.954849	5
0.954856	6
0.954858	7
0.954859	8
0.954861	9
0.954862	10
0.954877	5
0.954919	6
0.954921	7
0.954922	8
0.954923	9
0.954924	10
0.954929	11
0.954989	12
0.95505	13
0.955117	14
0.955187	15
0.95525	16
0.955319	17
0.955392	18
0.955469	19
0.955547	5
0.955553	6
0.955555	7
0.955557	8
0.955558	9
0.955559	10
0.955575	6
0.955615	7
0.955617	8
0.955618	9
0.955619	10
0.955625	11
0.955683	12
0.955743	13
0.955809	14
0.95588	15
0.955954	16
0.95602	17
0.956093	18
0.956168	19
0.956246	5
0.956251	6
0.956254	7
0.956255	8
0.956256	9
0.956257	10
0.956273	6
0.956313	7
0.956314	8
0.956315	9
0.956316	10
0.956322	11
0.956379	12
0.956438	13
0.956502	14
0.956572	15
0.956647	16
0.956725	17
0.956795	18
0.956868	19
0.956946	5
0.956948	6
0.956951	7
0.956953	8
0.956956	9
0.956957	10
0.956972	6
0.957011	7
0.957012	8
0.957013	9
0.957015	10
0.957021	11
0.957076	12
0.957134	13
0.957197	14
0.957266	15
0.957339	16
0.957417	17
0.957499	18
0.957572	19
0.957647	5
0.95765	6
0.957653	7
0.957655	8
0.957656	9
0.957658	10
0.957673	6
0.95771	7
0.957712	8
0.957713	9
0.957714	10
0.95772	11
0.957774	12
0.957831	13
0.957893	14
0.957961	15
0.958033	16
0.95811	17
0.958191	18
0.958277	19
0.958351	5
0.958355	6
0.958356	7
0.958357	8
0.958358	9
0.95836	10
0.958375	6
0.958411	7
0.958412	8
0.958414	9
0.958415	10
0.958421	11
0.958474	12
0.958529	13
0.95859	14
0.958656	15
0.958727	16
0.958803	17
0.958884	18
0.958969	19
0.959054	5
0.959059	6
0.95906	7
0.959062	8
0.959063	9
0.959064	10
0.95908	5
0.959113	6
0.959114	7
0.959116	8
0.959117	9
0.959118	10
0.959123	11
0.959175	12
0.95923	13
0.95929	14
0.959355	15
0.959425	16
0.959499	17
0.959579	18
0.959663	19
0.959743	5
0.959753	6
0.959754	7
0.959755	8
0.959757	9
0.959758	10
0.959774	5
0.959819	6
0.95982	7
0.959822	8
0.959823	9
0.959824	10
0.959829	11
0.959879	12
0.959932	13
0.95999	14
0.960054	15
0.960122	16
0.960195	17
0.960274	18
0.960355	19
0.960433	5
0.960444	6
0.960447	7
0.960448	8
0.960449	9
0.96045	10
0.960466	5
0.960512	6
0.960513	7
0.960514	8
0.960515	9
0.960516	10
0.960521	11
0.960584	12
0.960634	13
0.960691	14
0.960753	15
0.96082	16
0.960893	17
0.96097	18
0.96105	19
0.961128	5
0.961138	6
0.96114	7
0.961141	8
0.961143	9
0.961144	10
0.961159	5
0.961204	6
0.961205	7
0.961206	8
0.961208	9
0.961209	10
0.961214	11
0.961276	12
0.961339	13
0.961393	14
0.961454	15
0.96152	16
0.961591	17
0.961667	18
0.961746	19
0.961824	5
0.961833	6
0.961835	7
0.961836	8
0.961837	9
0.961839	10
0.961854	5
0.961897	6
0.961899	7
0.9619	8
0.961901	9
0.961902	10
0.961907	11
0.961968	12
0.962031	13
0.962097	14
0.962156	15
0.962221	16
0.962291	17
0.962365	18
0.962443	19
0.962521	5
0.962529	6
0.962531	7
0.962532	8
0.962533	9
0.962535	10
0.96255	5
0.962592	6
0.962593	7
0.962595	8
0.962596	9
0.962597	10
0.962602	11
0.962662	12
0.962723	13
0.962789	14
0.96286	15
0.962923	16
0.962991	17
0.963065	18
0.963142	19
0.96322	5
0.963226	6
0.963228	7
0.963229	8
0.96323	9
0.963232	10
0.963247	6
0.963288	7
0.963289	8
0.963291	9
0.963292	10
0.963298	11
0.963355	12
0.963416	13
0.963482	14
0.963553	15
0.963627	16
0.963693	17
0.963765	18
0.963841	19
0.963919	5
0.963924	6
0.963926	7
0.963928	8
0.963929	9
0.96393	10
0.963946	6
0.963985	7
0.963987	8
0.963988	9
0.963989	10
0.963995	11
0.964051	12
0.96411	13
0.964175	14
0.964245	15
0.964319	16
0.964398	17
0.964467	18
0.964541	19
0.964619	5
0.964621	6
0.964624	7
0.964626	8
0.964628	9
0.96463	10
0.964645	6
0.964684	7
0.964685	8
0.964686	9
0.964687	10
0.964693	11
0.964749	12
0.964806	13
0.96487	14
0.964939	15
0.965012	16
0.96509	17
0.965172	18
0.965245	19
0.96532	5
0.965323	6
0.965326	7
0.965328	8
0.965329	9
0.96533	10
0.965346	6
0.965383	7
0.965384	8
0.965386	9
0.965387	10
0.965393	11
0.965447	12
0.965503	13
0.965566	14
0.965633	15
0.965705	16
0.965782	17
0.965864	18
0.965949	19
0.966024	5
0.966028	6
0.966029	7
0.96603	8
0.966031	9
0.966032	10
0.966048	6
0.966084	7
0.966085	8
0.966086	9
0.966088	10
0.966094	11
0.966147	12
0.966202	13
0.966263	14
0.966329	15
0.9664	16
0.966476	17
0.966556	18
0.966642	19
0.966727	5
0.966732	6
0.966733	7
0.966734	8
0.966736	9
0.966737	10
0.966752	5
0.966786	6
0.966787	7
0.966788	8
0.96679	9
0.966791	10
0.966796	11
0.966848	12
0.966903	13
0.966963	14
0.967028	15
0.967098	16
0.967172	17
0.967252	18
0.967336	19
0.967416	5
0.967426	6
0.967427	7
0.967428	8
0.967429	9
0.967431	10
0.967446	5
0.967492	6
0.967493	7
0.967494	8
0.967496	9
0.967497	10
0.967502	11
0.967552	12
0.967605	13
0.967663	14
0.967726	15
0.967795	16
0.967868	17
0.967946	18
0.968028	19
0.968106	5
0.968117	6
0.968119	7
0.968121	8
0.968122	9
0.968123	10
0.968139	5
0.968184	6
0.968186	7
0.968187	8
0.968188	9
0.968189	10
0.968194	11
0.968256	12
0.968307	13
0.968363	14
0.968426	15
0.968493	16
0.968565	17
0.968642	18
0.968723	19
0.968801	5
0.968811	6
0.968813	7
0.968814	8
0.968815	9
0.968817	10
0.968832	5
0.968877	6
0.968878	7
0.968879	8
0.96888	9
0.968881	10
0.968886	11
0.968949	12
0.969011	13
0.969065	14
0.969127	15
0.969193	16
0.969264	17
0.969339	18
0.969419	19
0.969497	5
0.969505	6
0.969508	7
0.969509	8
0.96951	9
0.969511	10
0.969527	5
0.96957	6
0.969571	7
0.969573	8
0.969574	9
0.969575	10
0.96958	11
0.969641	12
0.969704	13
0.96977	14
0.969829	15
0.969894	16
0.969963	17
0.970038	18
0.970116	19
0.970194	5
0.970201	6
0.970204	7
0.970205	8
0.970206	9
0.970207	10
0.970223	5
0.970265	6
0.970266	7
0.970267	8
0.970269	9
0.97027	10
0.970275	11
0.970335	12
0.970396	13
0.970462	14
0.970533	15
0.970596	16
0.970664	17
0.970737	18
0.970814	19
0.970892	5
0.970898	6
0.970901	7
0.970902	8
0.970903	9
0.970904	10
0.97092	6
0.970961	7
0.970962	8
0.970963	9
0.970965	10
0.970971	11
0.971028	12
0.971088	13
0.971154	14
0.971225	15
0.9713	16
0.971366	17
0.971438	18
0.971514	19
0.971592	5
0.971597	6
0.971599	7
0.9716	8
0.971602	9
0.971603	10
0.971618	6
0.971658	7
0.971659	8
0.971661	9
0.971662	10
0.971668	11
0.971724	12
0.971783	13
0.971848	14
0.971918	15
0.971992	16
0.97207	17
0.97214	18
0.972213	19
0.972292	5
0.972294	6
0.972296	7
0.972299	8
0.972301	9
0.972302	10
0.972318	6
0.972356	7
0.972358	8
0.972359	9
0.97236	10
0.972366	11
0.972421	12
0.972479	13
0.972543	14
0.972611	15
0.972685	16
0.972763	17
0.972844	18
0.972918	19
0.972992	5
0.972996	6
0.972998	7
0.973001	8
0.973002	9
0.973003	10
0.973019	6
0.973056	7
0.973057	8
0.973058	9
0.97306	10
0.973066	11
0.97312	12
0.973176	13
0.973239	14
0.973306	15
0.973378	16
0.973455	17
0.973537	18
0.973622	19
0.973697	5
0.9737	6
0.973701	7
0.973703	8
0.973704	9
0.973705	10
0.973721	6
0.973757	7
0.973758	8
0.973759	9
0.97376	10
0.973766	11
0.973819	12
0.973875	13
0.973936	14
0.974002	15
0.974073	16
0.974149	17
0.974229	18
0.974315	19
0.9744	5
0.974405	6
0.974406	7
0.974407	8
0.974408	9
0.974409	10
0.974425	5
0.974459	6
0.97446	7
0.974461	8
0.974462	9
0.974464	10
0.974468	11
0.97452	12
0.974576	13
0.974636	14
0.974701	15
0.97477	16
0.974845	17
0.974924	18
0.975008	19
0.975089	5
0.975099	6
0.9751	7
0.975101	8
0.975102	9
0.975103	10
0.975119	5
0.975165	6
0.975166	7
0.975167	8
0.975168	9
0.97517	10
0.975174	11
0.975225	12
0.975278	13
0.975335	14
0.975399	15
0.975468	16
0.975541	17
0.975619	18
0.975701	19
0.975779	5
0.97579	6
0.975792	7
0.975793	8
0.975795	9
0.975796	10
0.975811	5
0.975857	6
0.975858	7
0.975859	8
0.975861	9
0.975862	10
0.975867	11
0.975929	12
0.97598	13
0.976036	14
0.976099	15
0.976166	16
0.976238	17
0.976315	18
0.976396	19
0.976474	5
0.976483	6
0.976486	7
0.976487	8
0.976488	9
0.976489	10
0.976505	5
0.976549	6
0.976551	7
0.976552	8
0.976553	9
0.976554	10
0.976559	11
0.976622	12
0.976684	13
0.976738	14
0.976799	15
0.976866	16
0.976936	17
0.977012	18
0.977092	19
0.97717	5
0.977178	6
0.97718	7
0.977182	8
0.977183	9
0.977184	10
0.9772	5
0.977243	6
0.977244	7
0.977245	8
0.977247	9
0.977248	10
0.977253	11
0.977314	12
0.977376	13
0.977443	14
0.977501	15
0.977566	16
0.977636	17
0.977711	18
0.977789	19
0.977867	5
0.977874	6
0.977876	7
0.977878	8
0.977879	9
0.97788	10
0.977896	5
0.977938	6
0.977939	7
0.97794	8
0.977941	9
0.977943	10
0.977947	11
0.978007	12
0.978069	13
0.978135	14
0.978206	15
0.978268	16
0.978337	17
0.97841	18
0.978487	19
0.978565	5
0.978571	6
0.978574	7
0.978575	8
0.978576	9
0.978577	10
0.978593	6
0.978634	7
0.978635	8
0.978636	9
0.978637	10
0.978643	11
0.978701	12
0.978761	13
0.978827	14
0.978898	15
0.978973	16
0.979039	17
0.979111	18
0.979187	19
0.979265	5
0.97927	6
0.979272	7
0.979273	8
0.979274	9
0.979276	10
0.979291	6
0.979331	7
0.979332	8
0.979333	9
0.979334	10
0.97934	11
0.979397	12
0.979456	13
0.979521	14
0.97959	15
0.979665	16
0.979743	17
0.979813	18
0.979886	19
0.979964	5
0.979967	6
0.979969	7
0.979972	8
0.979974	9
0.979975	10
0.979991	6
0.980029	7
0.98003	8
0.980032	9
0.980033	10
0.980039	11
0.980094	12
0.980152	13
0.980216	14
0.980284	15
0.980357	16
0.980436	17
0.980517	18
0.980591	19
0.980665	5
0.980669	6
0.980671	7
0.980674	8
0.980675	9
0.980676	10
0.980692	6
0.980729	7
0.98073	8
0.980731	9
0.980732	10
0.980738	11
0.980792	12
0.980849	13
0.980911	14
0.980979	15
0.981051	16
0.981128	17
0.98121	18
0.981295	19
0.981369	5
0.981373	6
0.981374	7
0.981375	8
0.981377	9
0.981378	10
0.981393	6
0.98143	7
0.981431	8
0.981432	9
0.981433	10
0.981439	11
0.981492	12
0.981547	13
0.981609	14
0.981675	15
0.981746	16
0.981821	17
0.981902	18
0.981987	19
0.982073	5
0.982077	6
0.982079	7
0.98208	8
0.982081	9
0.982082	10
0.982098	5
0.982132	6
0.982133	7
0.982134	8
0.982135	9
0.982136	10
0.982141	11
0.982193	12
0.982249	13
0.982309	14
0.982374	15
0.982443	16
0.982518	17
0.982597	18
0.982681	19
0.982762	5
0.982771	6
0.982773	7
0.982774	8
0.982775	9
0.982776	10
0.982792	5
0.982838	6
0.982839	7
0.98284	8
0.982841	9
0.982842	10
0.982847	11
0.982898	12
0.98295	13
0.983008	14
0.983072	15
0.98314	16
0.983214	17
0.983292	18
0.983374	19
0.983452	5
0.983463	6
0.983465	7
0.983466	8
0.983467	9
0.983469	10
0.983484	5
0.98353	6
0.983531	7
0.983532	8
0.983533	9
0.983535	10
0.983539	11
0.983602	12
0.983652	13
0.983709	14
0.983771	15
0.983839	16
0.983911	17
0.983988	18
0.984068	19
0.984146	5
0.984156	6
0.984159	7
0.98416	8
0.984161	9
0.984162	10
0.984178	5
0.984222	6
0.984223	7
0.984225	8
0.984226	9
0.984227	10
0.984232	11
0.984294	12
0.984357	13
0.984411	14
0.984472	15
0.984538	16
0.984609	17
0.984685	18
0.984764	19
0.984842	5
0.984851	6
0.984853	7
0.984854	8
0.984856	9
0.984857	10
0.984872	5
0.984916	6
0.984917	7
0.984918	8
0.984919	9
0.984921	10
0.984925	11
0.984987	12
0.985049	13
0.985115	14
0.985174	15
0.985239	16
0.985309	17
0.985383	18
0.985461	19
0.98554	5
0.985547	6
0.985549	7
0.98555	8
0.985552	9
0.985553	10
0.985568	5
0.985611	6
0.985612	7
0.985613	8
0.985614	9
0.985615	10
0.98562	11
0.98568	12
0.985742	13
0.985808	14
0.985879	15
0.985941	16
0.98601	17
0.986083	18
0.98616	19
0.986238	5
0.986244	6
0.986246	7
0.986248	8
0.986249	9
0.98625	10
0.986266	6
0.986306	7
0.986308	8
0.986309	9
0.98631	10
0.986316	11
0.986374	12
0.986434	13
0.9865	14
0.986571	15
0.986645	16
0.986712	17
0.986784	18
0.986859	19
0.986938	5
0.986942	6
0.986945	7
0.986946	8
0.986947	9
0.986948	10
0.986964	6
0.987004	7
0.987005	8
0.987006	9
0.987007	10
0.987013	11
0.98707	12
0.987129	13
0.987194	14
0.987263	15
0.987338	16
0.987416	17
0.987486	18
0.987559	19
0.987637	5
0.987639	6
0.987642	7
0.987644	8
0.987647	9
0.987648	10
0.987664	6
0.987702	7
0.987703	8
0.987704	9
0.987706	10
0.987712	11
0.987767	12
0.987825	13
0.987888	14
0.987957	15
0.98803	16
0.988108	17
0.98819	18
0.988263	19
0.988338	5
0.988341	6
0.988344	7
0.988346	8
0.988347	9
0.988349	10
0.988364	6
0.988402	7
0.988403	8
0.988404	9
0.988405	10
0.988411	11
0.988465	12
0.988522	13
0.988584	14
0.988652	15
0.988724	16
0.988801	17
0.988882	18
0.988968	19
0.989042	5
0.989046	6
0.989047	7
0.989048	8
0.989049	9
0.989051	10
0.989066	6
0.989102	7
0.989104	8
0.989105	9
0.989106	10
0.989112	11
0.989165	12
0.98922	13
0.989281	14
0.989348	15
0.989418	16
0.989494	17
0.989575	18
0.98966	19
0.989745	5
0.98975	6
0.989751	7
0.989753	8
0.989754	9
0.989755	10
0.989771	5
0.989804	6
0.989805	7
0.989807	8
0.989808	9
0.989809	10
0.989814	11
0.989866	12
0.989921	13
0.989981	14
0.990046	15
0.990116	16
0.990191	17
0.99027	18
0.990354	19
0.990435	5
0.990444	6
0.990445	7
0.990447	8
0.990448	9
0.990449	10
0.990465	5
0.99051	6
0.990511	7
0.990513	8
0.990514	9
0.990515	10
0.99052	11
0.99057	12
0.990623	13
0.990681	14
0.990745	15
0.990813	16
0.990886	17
0.990965	18
0.991046	19
0.991124	5
0.991135	6
0.991138	7
0.991139	8
0.99114	9
0.991141	10
0.991157	5
0.991203	6
0.991204	7
0.991205	8
0.991206	9
0.991207	10
0.991212	11
0.991275	12
0.991325	13
0.991382	14
0.991444	15
0.991512	16
0.991584	17
0.991661	18
0.991741	19
0.991819	5
0.991829	6
0.991831	7
0.991832	8
0.991834	9
0.991835	10
0.991851	5
0.991895	6
0.991896	7
0.991897	8
0.991899	9
0.9919	10
0.991905	11
0.991967	12
0.99203	13
0.992084	14
0.992145	15
0.992211	16
0.992282	17
0.992358	18
0.992437	19
0.992515	5
0.992524	6
0.992526	7
0.992527	8
0.992528	9
0.99253	10
0.992545	5
0.992589	6
0.99259	7
0.992591	8
0.992592	9
0.992593	10
0.992598	11
0.992659	12
0.992722	13
0.992788	14
0.992847	15
0.992912	16
0.992982	17
0.993056	18
0.993134	19
0.993212	5
0.99322	6
0.993222	7
0.993223	8
0.993224	9
0.993226	10
0.993241	5
0.993283	6
0.993284	7
0.993286	8
0.993287	9
0.993288	10
0.993293	11
0.993353	12
0.993414	13
0.99348	14
0.993551	15
0.993614	16
0.993682	17
0.993756	18
0.993833	19
0.993911	5
0.993917	6
0.993919	7
0.99392	8
0.993922	9
0.993923	10
0.993938	6
0.993979	7
0.99398	8
0.993982	9
0.993983	10
0.993989	11
0.994047	12
0.994107	13
0.994173	14
0.994244	15
0.994318	16
0.994384	17
0.994456	18
0.994532	19
0.99461	5
0.994615	6
0.994618	7
0.994619	8
0.99462	9
0.994621	10
0.994637	6
0.994676	7
0.994678	8
0.994679	9
0.99468	10
0.994686	11
0.994743	12
0.994801	13
0.994866	14
0.994936	15
0.995011	16
0.995089	17
0.995158	18
0.995232	19
0.99531	5
0.995312	6
0.995315	7
0.995317	8
0.995319	9
0.995321	10
0.995336	6
0.995375	7
0.995376	8
0.995377	9
0.995378	10
0.995384	11
0.99544	12
0.995497	13
0.995561	14
0.99563	15
0.995703	16
0.995781	17
0.995863	18
0.995936	19
0.996011	5
0.996014	6
0.996017	7
0.996019	8
0.99602	9
0.996021	10
0.996037	6
0.996074	7
0.996076	8
0.996077	9
0.996078	10
0.996084	11
0.996138	12
0.996195	13
0.996257	14
0.996324	15
0.996396	16
0.996473	17
0.996555	18
0.99664	19
0.996715	5
0.996719	6
0.99672	7
0.996721	8
0.996722	9
0.996723	10
0.996739	6
0.996775	7
0.996776	8
0.996777	9
0.996779	10
0.996785	11
0.996838	12
0.996893	13
0.996954	14
0.99702	15
0.997091	16
0.997167	17
0.997247	18
0.997333	19
0.997418	5
0.997423	6
0.997424	7
0.997425	8
0.997427	9
0.997428	10
0.997443	5
0.997477	6
0.997478	7
0.997479	8
0.997481	9
0.997482	10
0.997487	11
0.997539	12
0.997594	13
0.997654	14
0.997719	15
0.997789	16
0.997863	17
0.997943	18
0.998027	19
0.998107	5
0.998117	6
0.998118	7
0.998119	8
0.998121	9
0.998122	10
0.998137	5
0.998183	6
0.998184	7
0.998185	8
0.998187	9
0.998188	10
0.998193	11
0.998243	12
0.998296	13
0.998354	14
0.998417	15
0.998486	16
0.998559	17
0.998637	18
0.998719	19
0.998797	5
0.998808	6
0.99881	7
0.998812	8
0.998813	9
0.998814	10
0.99883	5
0.998875	6
0.998877	7
0.998878	8
0.998879	9
0.99888	10
0.998885	11
0.998948	12
0.998998	13
0.999054	14
0.999117	15
0.999184	16
0.999256	17
0.999333	18
0.999414	19
0.999492	5
0.999502	6
0.999504	7
0.999505	8
0.999506	9
0.999508	10
0.999523	5
0.999568	6
0.999569	7
0.99957	8
0.999571	9
0.999573	10
0.999577	11
0.99964	12
0.999702	13
0.999756	14
0.999818	15
0.999884	16
0.999955	17
1.00003	18
1.00011	19
1.00019	5
1.0002	6
1.0002	7
1.0002	8
1.0002	9
1.0002	10
1.00022	5
1.00026	6
1.00026	7
1.00026	8
1.00026	9
1.00027	10
1.00027	11
1.00033	12
1.00039	13
1.00046	14
1.00052	15
1.00058	16
1.00065	17
1.00073	18
1.00081	19
1.00089	5
1.00089	6
1.00089	7
1.0009	8
1.0009	9
1.0009	10
1.00091	5
1.00096	6
1.00096	7
1.00096	8
1.00096	9
1.00096	10
1.00097	11
1.00103	12
1.00109	13
1.00115	14
1.00122	15
1.00129	16
1.00136	17
1.00143	18
1.00151	19
1.00158	5
1.00159	6
1.00159	7
1.00159	8
1.00159	9
1.0016	10
1.00161	6
1.00165	7
1.00165	8
1.00165	9
1.00166	10
1.00166	11
1.00172	12
1.00178	13
1.00185	14
1.00192	15
1.00199	16
1.00206	17
1.00213	18
1.0022	19
1.00228	5
1.00229	6
1.00229	7
1.00229	8
1.00229	9
1.00229	10
1.00231	6
1.00235	7
1.00235	8
1.00235	9
1.00235	10
1.00236	11
1.00242	12
1.00247	13
1.00254	14
1.00261	15
1.00268	16
1.00276	17
1.00283	18
1.0029	19
1.00298	5
1.00299	6
1.00299	7
1.00299	8
1.00299	9
1.00299	10
1.00301	6
1.00305	7
1.00305	8
1.00305	9
1.00305	10
1.00306	11
1.00311	12
1.00317	13
1.00323	14
1.0033	15
1.00338	16
1.00345	17
1.00354	18
1.00361	19
1.00368	5
1.00369	6
1.00369	7
1.00369	8
1.00369	9
1.00369	10
1.00371	6
1.00375	7
1.00375	8
1.00375	9
1.00375	10
1.00376	11
1.00381	12
1.00387	13
1.00393	14
1.004	15
1.00407	16
1.00415	17
1.00423	18
1.00431	19
1.00439	5
1.00439	6
1.00439	7
1.00439	8
1.00439	9
1.0044	10
1.00441	6
1.00445	7
1.00445	8
1.00445	9
1.00445	10
1.00446	11
1.00451	12
1.00457	13
1.00463	14
1.00469	15
1.00476	16
1.00484	17
1.00492	18
1.00501	19
1.00509	5
1.0051	6
1.0051	7
1.0051	8
1.0051	9
1.0051	10
1.00512	5
1.00515	6
1.00515	7
1.00515	8
1.00515	9
1.00515	10
1.00516	11
1.00521	12
1.00527	13
1.00533	14
1.00539	15
1.00546	16
1.00554	17
1.00562	18
1.0057	19
1.00578	5
1.00579	6
1.00579	7
1.00579	8
1.00579	9
1.00579	10
1.00581	5
1.00586	6
1.00586	7
1.00586	8
1.00586	9
1.00586	10
1.00587	11
1.00592	12
1.00597	13
1.00603	14
1.00609	15
1.00616	16
1.00623	17
1.00631	18
1.00639	19
1.00647	5
1.00648	6
1.00648	7
1.00648	8
1.00649	9
1.00649	10
1.0065	5
1.00655	6
1.00655	7
1.00655	8
1.00655	9
1.00655	10
1.00656	11
1.00662	12
1.00667	13
1.00673	14
1.00679	15
1.00686	16
1.00693	17
1.00701	18
1.00709	19
1.00716	5
1.00717	6
1.00718	7
1.00718	8
1.00718	9
1.00718	10
1.0072	5
1.00724	6
1.00724	7
1.00724	8
1.00724	9
1.00725	10
1.00725	11
1.00731	12
1.00738	13
1.00743	14
1.00749	15
1.00756	16
1.00763	17
1.0077	18
1.00778	19
1.00786	5
1.00787	6
1.00787	7
1.00787	8
1.00787	9
1.00788	10
1.00789	5
1.00793	6
1.00794	7
1.00794	8
1.00794	9
1.00794	10
1.00794	11
1.008	12
1.00807	13
1.00813	14
1.00819	15
1.00826	16
1.00833	17
1.0084	18
1.00848	19
1.00856	5
1.00857	6
1.00857	7
1.00857	8
1.00857	9
1.00857	10
1.00859	5
1.00863	6
1.00863	7
1.00863	8
1.00863	9
1.00863	10
1.00864	11
1.0087	12
1.00876	13
1.00883	14
1.0089	15
1.00896	16
1.00903	17
1.0091	18
1.00918	19
1.00926	5
1.00926	6
1.00926	7
1.00927	8
1.00927	9
1.00927	10
1.00928	6
1.00932	7
1.00933	8
1.00933	9
1.00933	10
1.00933	11
1.00939	12
1.00945	13
1.00952	14
1.00959	15
1.00966	16
1.00973	17
1.0098	18
1.00988	19
1.00996	5
1.00996	6
1.00996	7
1.00996	8
1.00997	9
1.00997	10
1.00998	6
1.01002	7
1.01002	8
1.01002	9
1.01003	10
1.01003	11
1.01009	12
1.01015	13
1.01021	14
1.01028	15
1.01036	16
1.01043	17
1.0105	18
1.01058	19
1.01066	5
1.01066	6
1.01066	7
1.01066	8
1.01067	9
1.01067	10
1.01068	6
1.01072	7
1.01072	8
1.01072	9
1.01072	10
1.01073	11
1.01079	12
1.01084	13
1.01091	14
1.01098	15
1.01105	16
1.01113	17
1.01121	18
1.01128	19
1.01136	5
1.01136	6
1.01136	7
1.01136	8
1.01137	9
1.01137	10
1.01138	6
1.01142	7
1.01142	8
1.01142	9
1.01142	10
1.01143	11
1.01148	12
1.01154	13
1.0116	14
1.01167	15
1.01174	16
1.01182	17
1.0119	18
1.01199	19
1.01206	5
1.01206	6
1.01207	7
1.01207	8
1.01207	9
1.01207	10
1.01208	6
1.01212	7
1.01212	8
1.01212	9
1.01212	10
1.01213	11
1.01218	12
1.01224	13
1.0123	14
1.01237	15
1.01244	16
1.01251	17
1.01259	18
1.01268	19
1.01276	5
1.01277	6
1.01277	7
1.01277	8
1.01277	9
1.01277	10
1.01279	5
1.01282	6
1.01282	7
1.01283	8
1.01283	9
1.01283	10
1.01283	11
1.01288	12
1.01294	13
1.013	14
1.01306	15
1.01313	16
1.01321	17
1.01329	18
1.01337	19
1.01345	5
1.01346	6
1.01346	7
1.01346	8
1.01347	9
1.01347	10
1.01348	5
1.01353	6
1.01353	7
1.01353	8
1.01353	9
1.01353	10
1.01354	11
1.01359	12
1.01364	13
1.0137	14
1.01376	15
1.01383	16
1.0139	17
1.01398	18
1.01406	19
1.01414	5
1.01415	6
1.01416	7
1.01416	8
1.01416	9
1.01416	10
1.01418	5
1.01422	6
1.01422	7
1.01422	8
1.01422	9
1.01423	10
1.01423	11
1.01429	12
1.01434	13
1.0144	14
1.01446	15
1.01453	16
1.0146	17
1.01468	18
1.01476	19
1.01484	5
1.01485	6
1.01485	7
1.01485	8
1.01485	9
1.01485	10
1.01487	5
1.01491	6
1.01491	7
1.01492	8
1.01492	9
1.01492	10
1.01492	11
1.01499	12
1.01505	13
1.0151	14
1.01516	15
1.01523	16
1.0153	17
1.01538	18
1.01546	19
1.01553	5
1.01554	6
1.01554	7
1.01555	8
1.01555	9
1.01555	10
1.01556	5
1.01561	6
1.01561	7
1.01561	8
1.01561	9
1.01561	10
1.01562	11
1.01568	12
1.01574	13
1.01581	14
1.01587	15
1.01593	16
1.016	17
1.01607	18
1.01615	19
1.01623	5
1.01624	6
1.01624	7
1.01624	8
1.01624	9
1.01624	10
1.01626	5
1.0163	6
1.0163	7
1.0163	8
1.01631	9
1.01631	10
1.01631	11
1.01637	12
1.01643	13
1.0165	14
1.01657	15
1.01663	16
1.0167	17
1.01677	18
1.01685	19
1.01693	5
1.01694	6
1.01694	7
1.01694	8
1.01694	9
1.01694	10
1.01696	6
1.017	7
1.017	8
1.017	9
1.017	10
1.01701	11
1.01706	12
1.01712	13
1.01719	14
1.01726	15
1.01734	16
1.0174	17
1.01747	18
1.01755	19
1.01763	5
1.01763	6
1.01764	7
1.01764	8
1.01764	9
1.01764	10
1.01766	6
1.01769	7
1.0177	8
1.0177	9
1.0177	10
1.0177	11
1.01776	12
1.01782	13
1.01788	14
1.01795	15
1.01803	16
1.01811	17
1.01818	18
1.01825	19
1.01833	5
1.01833	6
1.01833	7
1.01834	8
1.01834	9
1.01834	10
1.01835	6
1.01839	7
1.01839	8
1.0184	9
1.0184	10
1.0184	11
1.01846	12
1.01852	13
1.01858	14
1.01865	15
1.01872	16
1.0188	17
1.01888	18
1.01895	19
1.01903	5
1.01903	6
1.01903	7
1.01904	8
1.01904	9
1.01904	10
1.01906	6
1.01909	7
1.01909	8
1.0191	9
1.0191	10
1.0191	11
1.01916	12
1.01921	13
1.01928	14
1.01934	15
1.01941	16
1.01949	17
1.01957	18
1.01966	19
1.01973	5
1.01974	6
1.01974	7
1.01974	8
1.01974	9
1.01974	10
1.01976	6
1.01979	7
1.01979	8
1.0198	9
1.0198	10
1.0198	11
1.01986	12
1.01991	13
1.01997	14
1.02004	15
1.02011	16
1.02019	17
1.02027	18
1.02035	19
1.02044	5
1.02044	6
1.02044	7
1.02044	8
1.02044	9
1.02045	10
1.02046	5
1.0205	6
1.0205	7
1.0205	8
1.0205	9
1.0205	10
1.0205	11
1.02056	12
1.02061	13
1.02067	14
1.02074	15
1.02081	16
1.02088	17
1.02096	18
1.02105	19
1.02113	5
1.02114	6
1.02114	7
1.02114	8
1.02114	9
1.02114	10
1.02116	5
1.0212	6
1.0212	7
1.0212	8
1.0212	9
1.02121	10
1.02121	11
1.02126	12
1.02131	13
1.02137	14
1.02144	15
1.0215	16
1.02158	17
1.02166	18
1.02174	19
1.02182	5
1.02183	6
1.02183	7
1.02183	8
1.02183	9
1.02183	10
1.02185	5
1.02189	6
1.02189	7
1.0219	8
1.0219	9
1.0219	10
1.0219	11
1.02197	12
1.02202	13
1.02207	14
1.02214	15
1.0222	16
1.02227	17
1.02235	18
1.02243	19
1.02251	5
1.02252	6
1.02252	7
1.02252	8
1.02252	9
1.02253	10
1.02254	5
1.02259	6
1.02259	7
1.02259	8
1.02259	9
1.02259	10
1.0226	11
1.02266	12
1.02272	13
1.02277	14
1.02284	15
1.0229	16
1.02297	17
1.02305	18
1.02313	19
1.02321	5
1.02321	6
1.02322	7
1.02322	8
1.02322	9
1.02322	10
1.02324	5
1.02328	6
1.02328	7
1.02328	8
1.02328	9
1.02328	10
1.02329	11
1.02335	12
1.02341	13
1.02348	14
1.02354	15
1.0236	16
1.02367	17
1.02375	18
1.02383	19
1.0239	5
1.02391	6
1.02391	7
1.02391	8
1.02392	9
1.02392	10
1.02393	5
1.02397	6
1.02398	7
1.02398	8
1.02398	9
1.02398	10
1.02398	11
1.02404	12
1.02411	13
1.02417	14
1.02424	15
1.0243	16
1.02437	17
1.02445	18
1.02452	19
1.0246	5
1.02461	6
1.02461	7
1.02461	8
1.02461	9
1.02461	10
1.02463	6
1.02467	7
1.02467	8
1.02467	9
1.02467	10
1.02468	11
1.02474	12
1.0248	13
1.02486	14
1.02493	15
1.02501	16
1.02508	17
1.02515	18
1.02522	19
1.0253	5
1.02531	6
1.02531	7
1.02531	8
1.02531	9
1.02531	10
1.02533	6
1.02537	7
1.02537	8
1.02537	9
1.02537	10
1.02538	11
1.02543	12
1.02549	13
1.02556	14
1.02563	15
1.0257	16
1.02578	17
1.02585	18
1.02592	19
1.026	5
1.026	6
1.02601	7
1.02601	8
1.02601	9
1.02601	10
1.02603	6
1.02607	7
1.02607	8
1.02607	9
1.02607	10
1.02608	11
1.02613	12
1.02619	13
1.02625	14
1.02632	15
1.02639	16
1.02647	17
1.02655	18
1.02663	19
1.0267	5
1.02671	6
1.02671	7
1.02671	8
1.02671	9
1.02671	10
1.02673	6
1.02677	7
1.02677	8
1.02677	9
1.02677	10
1.02678	11
1.02683	12
1.02689	13
1.02695	14
1.02702	15
1.02709	16
1.02716	17
1.02725	18
1.02733	19
1.02741	5
1.02741	6
1.02741	7
1.02741	8
1.02741	9
1.02741	10
1.02743	6
1.02747	7
1.02747	8
1.02747	9
1.02747	10
1.02748	11
1.02753	12
1.02758	13
1.02765	14
1.02771	15
1.02778	16
1.02786	17
1.02794	18
1.02802	19
1.02811	5
1.02811	6
1.02812	7
1.02812	8
1.02812	9
1.02812	10
1.02813	5
1.02817	6
1.02817	7
1.02817	8
1.02817	9
1.02817	10
1.02818	11
1.02823	12
1.02829	13
1.02835	14
1.02841	15
1.02848	16
1.02855	17
1.02863	18
1.02872	19
1.0288	5
1.02881	6
1.02881	7
1.02881	8
1.02881	9
1.02881	10
1.02883	5
1.02887	6
1.02888	7
1.02888	8
1.02888	9
1.02888	10
1.02888	11
1.02893	12
1.02899	13
1.02904	14
1.02911	15
1.02918	16
1.02925	17
1.02933	18
1.02941	19
1.02949	5
1.0295	6
1.0295	7
1.0295	8
1.0295	9
1.02951	10
1.02952	5
1.02957	6
1.02957	7
1.02957	8
1.02957	9
1.02957	10
1.02958	11
1.02964	12
1.02969	13
1.02975	14
1.02981	15
1.02988	16
1.02995	17
1.03002	18
1.0301	19
1.03018	5
1.03019	6
1.0302	7
1.0302	8
1.0302	9
1.0302	10
1.03021	5
1.03026	6
1.03026	7
1.03026	8
1.03026	9
1.03026	10
1.03027	11
1.03033	12
1.03039	13
1.03045	14
1.03051	15
1.03057	16
1.03065	17
1.03072	18
1.0308	19
1.03088	5
1.03089	6
1.03089	7
1.03089	8
1.03089	9
1.03089	10
1.03091	5
1.03095	6
1.03095	7
1.03095	8
1.03096	9
1.03096	10
1.03096	11
1.03102	12
1.03109	13
1.03115	14
1.03121	15
1.03128	16
1.03135	17
1.03142	18
1.0315	19
1.03158	5
1.03158	6
1.03159	7
1.03159	8
1.03159	9
1.03159	10
1.03161	5
1.03165	6
1.03165	7
1.03165	8
1.03165	9
1.03165	10
1.03166	11
1.03172	12
1.03178	13
1.03184	14
1.03192	15
1.03198	16
1.03205	17
1.03212	18
1.0322	19
1.03227	5
1.03228	6
1.03228	7
1.03228	8
1.03229	9
1.03229	10
1.0323	6
1.03234	7
1.03234	8
1.03235	9
1.03235	10
1.03235	11
1.03241	12
1.03247	13
1.03254	14
1.03261	15
1.03268	16
1.03275	17
1.03282	18
1.0329	19
1.03297	5
1.03298	6
1.03298	7
1.03298	8
1.03298	9
1.03298	10
1.033	6
1.03304	7
1.03304	8
1.03304	9
1.03304	10
1.03305	11
1.03311	12
1.03317	13
1.03323	14
1.0333	15
1.03337	16
1.03345	17
1.03352	18
1.0336	19
1.03367	5
1.03368	6
1.03368	7
1.03368	8
1.03368	9
1.03368	10
1.0337	6
1.03374	7
1.03374	8
1.03374	9
1.03374	10
1.03375	11
1.0338	12
1.03386	13
1.03392	14
1.03399	15
1.03407	16
1.03414	17
1.03423	18
1.0343	19
1.03437	5
1.03438	6
1.03438	7
1.03438	8
1.03438	9
1.03439	10
1.0344	6
1.03444	7
1.03444	8
1.03444	9
1.03444	10
1.03445	11
1.0345	12
1.03456	13
1.03462	14
1.03469	15
1.03476	16
1.03484	17
1.03492	18
1.035	19
1.03508	5
1.03508	6
1.03508	7
1.03508	8
1.03509	9
1.03509	10
1.0351	6
1.03514	7
1.03514	8
1.03514	9
1.03514	10
1.03515	11
1.0352	12
1.03526	13
1.03532	14
1.03538	15
1.03546	16
1.03553	17
1.03561	18
1.0357	19
1.03578	5
1.03579	6
1.03579	7
1.03579	8
1.03579	9
1.03579	10
1.03581	5
1.03584	6
1.03584	7
1.03584	8
1.03584	9
1.03585	10
1.03585	11
1.0359	12
1.03596	13
1.03602	14
1.03608	15
1.03615	16
1.03623	17
1.03631	18
1.03639	19
1.03647	5
1.03648	6
1.03648	7
1.03648	8
1.03648	9
1.03649	10
1.0365	5
1.03655	6
1.03655	7
1.03655	8
1.03655	9
1.03655	10
1.03656	11
1.03661	12
1.03666	13
1.03672	14
1.03678	15
1.03685	16
1.03692	17
1.037	18
1.03708	19
1.03716	5
1.03717	6
1.03717	7
1.03718	8
1.03718	9
1.03718	10
1.03719	5
1.03724	6
1.03724	7
1.03724	8
1.03724	9
1.03724	10
1.03725	11
1.03731	12
1.03736	13
1.03742	14
1.03748	15
1.03755	16
1.03762	17
1.0377	18
1.03778	19
1.03786	5
1.03787	6
1.03787	7
1.03787	8
1.03787	9
1.03787	10
1.03789	5
1.03793	6
1.03793	7
1.03793	8
1.03794	9
1.03794	10
1.03794	11
1.038	12
1.03807	13
1.03812	14
1.03818	15
1.03825	16
1.03832	17
1.03839	18
1.03847	19
1.03855	5
1.03856	6
1.03856	7
1.03856	8
1.03857	9
1.03857	10
1.03858	5
1.03863	6
1.03863	7
1.03863	8
1.03863	9
1.03863	10
1.03863	11
1.0387	12
1.03876	13
1.03882	14
1.03888	15
1.03895	16
1.03902	17
1.03909	18
1.03917	19
1.03925	5
1.03926	6
1.03926	7
1.03926	8
1.03926	9
1.03926	10
1.03928	5
1.03932	6
1.03932	7
1.03932	8
1.03932	9
1.03932	10
1.03933	11
1.03939	12
1.03945	13
1.03952	14
1.03959	15
1.03965	16
1.03972	17
1.03979	18
1.03987	19
1.03995	5
1.03995	6
1.03996	7
1.03996	8
1.03996	9
1.03996	10
1.03997	6
1.04002	7
1.04002	8
1.04002	9
1.04002	10
1.04003	11
1.04008	12
1.04014	13
1.04021	14
1.04028	15
1.04035	16
1.04042	17
1.04049	18
1.04057	19
1.04065	5
1.04065	6
1.04065	7
1.04066	8
1.04066	9
1.04066	10
1.04067	6
1.04071	7
1.04071	8
1.04072	9
1.04072	10
1.04072	11
1.04078	12
1.04084	13
1.0409	14
1.04097	15
1.04105	16
1.04113	17
1.0412	18
1.04127	19
1.04135	5
1.04135	6
1.04135	7
1.04135	8
1.04136	9
1.04136	10
1.04137	6
1.04141	7
1.04141	8
1.04141	9
1.04141	10
1.04142	11
1.04148	12
1.04153	13
1.0416	14
1.04167	15
1.04174	16
1.04182	17
1.0419	18
1.04197	19
1.04205	5
1.04205	6
1.04205	7
1.04206	8
1.04206	9
1.04206	10
1.04207	6
1.04211	7
1.04211	8
1.04211	9
1.04211	10
1.04212	11
1.04217	12
1.04223	13
1.04229	14
1.04236	15
1.04243	16
1.04251	17
1.04259	18
1.04268	19
1.04275	5
1.04276	6
1.04276	7
1.04276	8
1.04276	9
1.04276	10
1.04278	6
1.04281	7
1.04281	8
1.04281	9
1.04282	10
1.04282	11
1.04287	12
1.04293	13
1.04299	14
1.04306	15
1.04313	16
1.0432	17
1.04328	18
1.04337	19
1.04345	5
1.04346	6
1.04346	7
1.04346	8
1.04346	9
1.04346	10
1.04348	5
1.04351	6
1.04351	7
1.04352	8
1.04352	9
1.04352	10
1.04352	11
1.04358	12
1.04363	13
1.04369	14
1.04376	15
1.04383	16
1.0439	17
1.04398	18
1.04406	19
1.04414	5
1.04415	6
1.04415	7
1.04416	8
1.04416	9
1.04416	10
1.04417	5
1.04422	6
1.04422	7
1.04422	8
1.04422	9
1.04422	10
1.04423	11
1.04428	12
1.04433	13
1.04439	14
1.04445	15
1.04452	16
1.0446	17
1.04467	18
1.04476	19
1.04483	5
1.04484	6
1.04485	7
1.04485	8
1.04485	9
1.04485	10
1.04487	5
1.04491	6
1.04491	7
1.04491	8
1.04492	9
1.04492	10
1.04492	11
1.04498	12
1.04503	13
1.04509	14
1.04515	15
1.04522	16
1.04529	17
1.04537	18
1.04545	19
1.04553	5
1.04554	6
1.04554	7
1.04554	8
1.04554	9
1.04554	10
1.04556	5
1.0456	6
1.04561	7
1.04561	8
1.04561	9
1.04561	10
1.04561	11
1.04568	12
1.04574	13
1.04579	14
1.04585	15
1.04592	16
1.04599	17
1.04607	18
1.04615	19
1.04622	5
1.04623	6
1.04624	7
1.04624	8
1.04624	9
1.04624	10
1.04625	5
1.0463	6
1.0463	7
1.0463	8
1.0463	9
1.0463	10
1.04631	11
1.04637	12
1.04643	13
1.0465	14
1.04656	15
1.04662	16
1.04669	17
1.04677	18
1.04684	19
1.04692	5
1.04693	6
1.04693	7
1.04693	8
1.04693	9
1.04693	10
1.04695	5
1.04699	6
1.04699	7
1.047	8
1.047	9
1.047	10
1.047	11
1.04706	12
1.04712	13
1.04719	14
1.04726	15
1.04732	16
1.04739	17
1.04747	18
1.04754	19
1.04762	5
1.04763	6
1.04763	7
1.04763	8
1.04763	9
1.04763	10
1.04765	6
1.04769	7
1.04769	8
1.04769	9
1.04769	10
1.0477	11
1.04776	12
1.04782	13
1.04788	14
1.04795	15
1.04803	16
1.04809	17
1.04817	18
1.04824	19
1.04832	5
1.04832	6
1.04833	7
1.04833	8
1.04833	9
1.04833	10
1.04835	6
1.04839	7
1.04839	8
1.04839	9
1.04839	10
1.0484	11
1.04845	12
1.04851	13
1.04858	14
1.04865	15
1.04872	16
1.0488	17
1.04887	18
1.04894	19
1.04902	5
1.04902	6
1.04902	7
1.04903	8
1.04903	9
1.04903	10
1.04905	6
1.04908	7
1.04909	8
1.04909	9
1.04909	10
1.04909	11
1.04915	12
1.04921	13
1.04927	14
1.04934	15
1.04941	16
1.04949	17
1.04957	18
1.04965	19
1.04972	5
1.04972	6
1.04973	7
1.04973	8
1.04973	9
1.04973	10
1.04975	6
1.04978	7
1.04978	8
1.04979	9
1.04979	10
1.04979	11
1.04985	12
1.0499	13
1.04997	14
1.05003	15
1.05011	16
1.05018	17
1.05026	18
1.05035	19
1.05042	5
1.05043	6
1.05043	7
1.05043	8
1.05043	9
1.05043	10
1.05045	6
1.05048	7
1.05049	8
1.05049	9
1.05049	10
1.05049	11
1.05055	12
1.0506	13
1.05066	14
1.05073	15
1.0508	16
1.05088	17
1.05096	18
1.05104	19
1.05113	5
1.05113	6
1.05113	7
1.05113	8
1.05114	9
1.05114	10
1.05115	5
1.05119	6
1.05119	7
1.05119	8
1.05119	9
1.05119	10
1.0512	11
1.05125	12
1.0513	13
1.05136	14
1.05143	15
1.0515	16
1.05157	17
1.05165	18
1.05174	19
1.05182	5
1.05183	6
1.05183	7
1.05183	8
1.05183	9
1.05183	10
1.05185	5
1.05189	6
1.05189	7
1.05189	8
1.0519	9
1.0519	10
1.0519	11
1.05195	12
1.05201	13
1.05206	14
1.05213	15
1.0522	16
1.05227	17
1.05235	18
1.05243	19
1.05251	5
1.05252	6
1.05252	7
1.05252	8
1.05252	9
1.05252	10
1.05254	5
1.05258	6
1.05259	7
1.05259	8
1.05259	9
1.05259	10
1.05259	11
1.05266	12
1.05271	13
1.05276	14
1.05283	15
1.05289	16
1.05297	17
1.05304	18
1.05312	19
1.0532	5
1.05321	6
1.05321	7
1.05321	8
1.05322	9
1.05322	10
1.05323	5
1.05328	6
1.05328	7
1.05328	8
1.05328	9
1.05328	10
1.05329	11
1.05335	12
1.05341	13
1.05347	14
1.05353	15
1.05359	16
1.05366	17
1.05374	18
1.05382	19
1.0539	5
1.05391	6
1.05391	7
1.05391	8
1.05391	9
1.05391	10
1.05393	5
1.05397	6
1.05397	7
1.05397	8
1.05397	9
1.05398	10
1.05398	11
1.05404	12
1.0541	13
1.05417	14
1.05423	15
1.05429	16
1.05436	17
1.05444	18
1.05452	19
1.05459	5
1.0546	6
1.0546	7
1.05461	8
1.05461	9
1.05461	10
1.05462	5
1.05467	6
1.05467	7
1.05467	8
1.05467	9
1.05467	10
1.05468	11
1.05474	12
1.0548	13
1.05486	14
1.05493	15
1.055	16
1.05506	17
1.05514	18
1.05521	19
1.05529	5
1.0553	6
1.0553	7
1.0553	8
1.0553	9
1.0553	10
1.05532	6
1.05536	7
1.05536	8
1.05536	9
1.05536	10
1.05537	11
1.05543	12
1.05549	13
1.05555	14
1.05563	15
1.0557	16
1.05577	17
1.05584	18
1.05591	19
1.05599	5
1.056	6
1.056	7
1.056	8
1.056	9
1.056	10
1.05602	6
1.05606	7
1.05606	8
1.05606	9
1.05606	10
1.05607	11
1.05612	12
1.05618	13
1.05625	14
1.05632	15
1.05639	16
1.05647	17
1.05654	18
1.05661	19
1.05669	5
1.05669	6
1.0567	7
1.0567	8
1.0567	9
1.0567	10
1.05672	6
1.05676	7
1.05676	8
1.05676	9
1.05676	10
1.05677	11
1.05682	12
1.05688	13
1.05694	14
1.05701	15
1.05709	16
1.05716	17
1.05724	18
1.05732	19
1.05739	5
1.0574	6
1.0574	7
1.0574	8
1.0574	9
1.0574	10
1.05742	6
1.05746	7
1.05746	8
1.05746	9
1.05746	10
1.05747	11
1.05752	12
1.05758	13
1.05764	14
1.05771	15
1.05778	16
1.05786	17
1.05794	18
1.05802	19
1.0581	5
1.0581	6
1.0581	7
1.0581	8
1.0581	9
1.05811	10
1.05812	6
1.05816	7
1.05816	8
1.05816	9
1.05816	10
1.05817	11
1.05822	12
1.05828	13
1.05834	14
1.0584	15
1.05847	16
1.05855	17
1.05863	18
1.05871	19
1.0588	5
1.05881	6
1.05881	7
1.05881	8
1.05881	9
1.05881	10
1.05883	5
1.05886	6
1.05886	7
1.05886	8
1.05886	9
1.05886	10
1.05887	11
1.05892	12
1.05898	13
1.05904	14
1.0591	15
1.05917	16
1.05925	17
1.05932	18
1.05941	19
1.05949	5
1.0595	6
1.0595	7
1.0595	8
1.0595	9
1.0595	10
1.05952	5
1.05957	6
1.05957	7
1.05957	8
1.05957	9
1.05957	10
1.05957	11
1.05963	12
1.05968	13
1.05974	14
1.0598	15
1.05987	16
1.05994	17
1.06002	18
1.0601	19
1.06018	5
1.06019	6
1.06019	7
1.06019	8
1.0602	9
1.0602	10
1.06021	5
1.06026	6
1.06026	7
1.06026	8
1.06026	9
1.06026	10
1.06027	11
1.06033	12
1.06038	13
1.06044	14
1.0605	15
1.06057	16
1.06064	17
1.06072	18
1.0608	19
1.06087	5
1.06088	6
1.06089	7
1.06089	8
1.06089	9
1.06089	10
1.06091	5
1.06095	6
1.06095	7
1.06095	8
1.06095	9
1.06095	10
1.06096	11
1.06102	12
1.06108	13
1.06114	14
1.0612	15
1.06127	16
1.06134	17
1.06141	18
1.06149	19
1.06157	5
1.06158	6
1.06158	7
1.06158	8
1.06158	9
1.06158	10
1.0616	5
1.06164	6
1.06164	7
1.06165	8
1.06165	9
1.06165	10
1.06165	11
1.06171	12
1.06178	13
1.06184	14
1.0619	15
1.06197	16
1.06204	17
1.06211	18
1.06219	19
1.06227	5
1.06227	6
1.06228	7
1.06228	8
1.06228	9
1.06228	10
1.0623	5
1.06234	6
1.06234	7
1.06234	8
1.06234	9
1.06234	10
1.06235	11
1.06241	12
1.06247	13
1.06254	14
1.06261	15
1.06267	16
1.06274	17
1.06281	18
1.06289	19
1.06297	5
1.06297	6
1.06297	7
1.06298	8
1.06298	9
1.06298	10
1.06299	6
1.06303	7
1.06304	8
1.06304	9
1.06304	10
1.06304	11
1.0631	12
1.06316	13
1.06323	14
1.0633	15
1.06337	16
1.06344	17
1.06351	18
1.06359	19
1.06367	5
1.06367	6
1.06367	7
1.06367	8
1.06367	9
1.06368	10
1.06369	6
1.06373	7
1.06373	8
1.06373	9
1.06373	10
1.06374	11
1.0638	12
1.06386	13
1.06392	14
1.06399	15
1.06407	16
1.06414	17
1.06421	18
1.06429	19
1.06436	5
1.06437	6
1.06437	7
1.06437	8
1.06437	9
1.06438	10
1.06439	6
1.06443	7
1.06443	8
1.06443	9
1.06443	10
1.06444	11
1.06449	12
1.06455	13
1.06462	14
1.06468	15
1.06476	16
1.06484	17
1.06492	18
1.06499	19
1.06507	5
1.06507	6
1.06507	7
1.06507	8
1.06508	9
1.06508	10
1.06509	6
1.06513	7
1.06513	8
1.06513	9
1.06513	10
1.06514	11
1.06519	12
1.06525	13
1.06531	14
1.06538	15
1.06545	16
1.06553	17
1.06561	18
1.0657	19
1.06577	5
1.06577	6
1.06577	7
1.06578	8
1.06578	9
1.06578	10
1.06579	6
1.06583	7
1.06583	8
1.06583	9
1.06583	10
1.06584	11
1.06589	12
1.06595	13
1.06601	14
1.06608	15
1.06615	16
1.06622	17
1.0663	18
1.06639	19
1.06647	5
1.06648	6
1.06648	7
1.06648	8
1.06648	9
1.06648	10
1.0665	5
1.06653	6
1.06653	7
1.06653	8
1.06654	9
1.06654	10
1.06654	11
1.06659	12
1.06665	13
1.06671	14
1.06677	15
1.06684	16
1.06692	17
1.067	18
1.06708	19
1.06716	5
1.06717	6
1.06717	7
1.06717	8
1.06718	9
1.06718	10
1.06719	5
1.06724	6
1.06724	7
1.06724	8
1.06724	9
1.06724	10
1.06725	11
1.0673	12
1.06735	13
1.06741	14
1.06747	15
1.06754	16
1.06761	17
1.06769	18
1.06777	19
1.06785	5
1.06786	6
1.06787	7
1.06787	8
1.06787	9
1.06787	10
1.06788	5
1.06793	6
1.06793	7
1.06793	8
1.06793	9
1.06794	10
1.06794	11
1.068	12
1.06805	13
1.06811	14
1.06817	15
1.06824	16
1.06831	17
1.06839	18
1.06847	19
1.06855	5
1.06856	6
1.06856	7
1.06856	8
1.06856	9
1.06856	10
1.06858	5
1.06862	6
1.06862	7
1.06863	8
1.06863	9
1.06863	10
1.06863	11
1.06869	12
1.06876	13
1.06881	14
1.06887	15
1.06894	16
1.06901	17
1.06909	18
1.06916	19
1.06924	5
1.06925	6
1.06925	7
1.06925	8
1.06926	9
1.06926	10
1.06927	5
1.06932	6
1.06932	7
1.06932	8
1.06932	9
1.06932	10
1.06933	11
1.06939	12
1.06945	13
1.06952	14
1.06957	15
1.06964	16
1.06971	17
1.06978	18
1.06986	19
1.06994	5
1.06995	6
1.06995	7
1.06995	8
1.06995	9
1.06995	10
1.06997	5
1.07001	6
1.07001	7
1.07001	8
1.07001	9
1.07002	10
1.07002	11
1.07008	12
1.07014	13
1.07021	14
1.07028	15
1.07034	16
1.07041	17
1.07048	18
1.07056	19
1.07064	5
1.07064	6
1.07065	7
1.07065	8
1.07065	9
1.07065	10
1.07067	6
1.07071	7
1.07071	8
1.07071	9
1.07071	10
1.07072	11
1.07077	12
1.07083	13
1.0709	14
1.07097	15
1.07105	16
1.07111	17
1.07118	18
1.07126	19
1.07134	5
1.07134	6
1.07135	7
1.07135	8
1.07135	9
1.07135	10
1.07136	6
1.0714	7
1.07141	8
1.07141	9
1.07141	10
1.07141	11
1.07147	12
1.07153	13
1.07159	14
1.07166	15
1.07174	16
1.07182	17
1.07189	18
1.07196	19
1.07204	5
1.07204	6
1.07204	7
1.07204	8
1.07205	9
1.07205	10
1.07206	6
1.0721	7
1.0721	8
1.0721	9
1.07211	10
1.07211	11
1.07217	12
1.07223	13
1.07229	14
1.07236	15
1.07243	16
1.07251	17
1.07259	18
1.07266	19
1.07274	5
1.07274	6
1.07274	7
1.07275	8
1.07275	9
1.07275	10
1.07276	6
1.0728	7
1.0728	8
1.0728	9
1.07281	10
1.07281	11
1.07287	12
1.07292	13
1.07298	14
1.07305	15
1.07312	16
1.0732	17
1.07328	18
1.07337	19
1.07344	5
1.07345	6
1.07345	7
1.07345	8
1.07345	9
1.07345	10
1.07347	6
1.0735	7
1.0735	8
1.07351	9
1.07351	10
1.07351	11
1.07357	12
1.07362	13
1.07368	14
1.07375	15
1.07382	16
1.07389	17
1.07398	18
1.07406	19
1.07415	5
1.07415	6
1.07415	7
1.07415	8
1.07415	9
1.07416	10
1.07417	5
1.0742	6
1.07421	7
1.07421	8
1.07421	9
1.07421	10
1.07421	11
1.07427	12
1.07432	13
1.07438	14
1.07445	15
1.07452	16
1.07459	17
1.07467	18
1.07475	19
1.07483	5
1.07484	6
1.07485	7
1.07485	8
1.07485	9
1.07485	10
1.07487	5
1.07491	6
1.07491	7
1.07491	8
1.07491	9
1.07492	10
1.07492	11
1.07497	12
1.07502	13
1.07508	14
1.07515	15
1.07521	16
1.07529	17
1.07537	18
1.07545	19
1.07552	5
1.07554	6
1.07554	7
1.07554	8
1.07554	9
1.07554	10
1.07556	5
1.0756	6
1.0756	7
1.07561	8
1.07561	9
1.07561	10
1.07561	11
1.07568	12
1.07573	13
1.07578	14
1.07584	15
1.07591	16
1.07598	17
1.07606	18
1.07614	19
1.07622	5
1.07623	6
1.07623	7
1.07623	8
1.07623	9
1.07624	10
1.07625	5
1.0763	6
1.0763	7
1.0763	8
1.0763	9
1.0763	10
1.07631	11
1.07637	12
1.07643	13
1.07648	14
1.07655	15
1.07661	16
1.07668	17
1.07676	18
1.07684	19
1.07692	5
1.07692	6
1.07693	7
1.07693	8
1.07693	9
1.07693	10
1.07695	5
1.07699	6
1.07699	7
1.07699	8
1.07699	9
1.07699	10
1.077	11
1.07706	12
1.07712	13
1.07719	14
1.07725	15
1.07731	16
1.07738	17
1.07746	18
1.07753	19
1.07761	5
1.07762	6
1.07762	7
1.07762	8
1.07762	9
1.07763	10
1.07764	5
1.07768	6
1.07768	7
1.07769	8
1.07769	9
1.07769	10
1.07769	11
1.07775	12
1.07781	13
1.07788	14
1.07795	15
1.07801	16
1.07808	17
1.07816	18
1.07823	19
1.07831	5
1.07832	6
1.07832	7
1.07832	8
1.07832	9
1.07832	10
1.07834	6
1.07838	7
1.07838	8
1.07838	9
1.07838	10
1.07839	11
1.07845	12
1.07851	13
1.07857	14
1.07864	15
1.07872	16
1.07878	17
1.07886	18
1.07893	19
1.07901	5
1.07902	6
1.07902	7
1.07902	8
1.07902	9
1.07902	10
1.07904	6
1.07908	7
1.07908	8
1.07908	9
1.07908	10
1.07909	11
1.07914	12
1.0792	13
1.07927	14
1.07934	15
1.07941	16
1.07949	17
1.07956	18
1.07963	19
1.07971	5
1.07971	6
1.07972	7
1.07972	8
1.07972	9
1.07972	10
1.07974	6
1.07978	7
1.07978	8
1.07978	9
1.07978	10
1.07978	11
1.07984	12
1.0799	13
1.07996	14
1.08003	15
1.0801	16
1.08018	17
1.08026	18
1.08034	19
1.08041	5
1.08041	6
1.08042	7
1.08042	8
1.08042	9
1.08042	10
1.08044	6
1.08047	7
1.08048	8
1.08048	9
1.08048	10
1.08048	11
1.08054	12
1.08059	13
1.08066	14
1.08072	15
1.0808	16
1.08087	17
1.08096	18
1.08104	19
1.08112	5
1.08112	6
1.08112	7
1.08112	8
1.08112	9
1.08112	10
1.08114	6
1.08118	7
1.08118	8
1.08118	9
1.08118	10
1.08119	11
1.08124	12
1.08129	13
1.08135	14
1.08142	15
1.08149	16
1.08157	17
1.08165	18
1.08173	19
1.08182	5
1.08182	6
1.08182	7
1.08183	8
1.08183	9
1.08183	10
1.08184	5
1.08188	6
1.08188	7
1.08188	8
1.08188	9
1.08188	10
1.08189	11
1.08194	12
1.08199	13
1.08205	14
1.08212	15
1.08219	16
1.08226	17
1.08234	18
1.08243	19
1.08251	5
1.08252	6
1.08252	7
1.08252	8
1.08252	9
1.08252	10
1.08254	5
1.08258	6
1.08258	7
1.08259	8
1.08259	9
1.08259	10
1.08259	11
1.08264	12
1.0827	13
1.08275	14
1.08282	15
1.08289	16
1.08296	17
1.08304	18
1.08312	19
1.0832	5
1.08321	6
1.08321	7
1.08321	8
1.08321	9
1.08321	10
1.08323	5
1.08328	6
1.08328	7
1.08328	8
1.08328	9
1.08328	10
1.08329	11
1.08335	12
1.0834	13
1.08345	14
1.08352	15
1.08358	16
1.08366	17
1.08373	18
1.08381	19
1.08389	5
1.0839	6
1.0839	7
1.08391	8
1.08391	9
1.08391	10
1.08392	5
1.08397	6
1.08397	7
1.08397	8
1.08397	9
1.08397	10
1.08398	11
1.08404	12
1.0841	13
1.08416	14
1.08422	15
1.08428	16
1.08436	17
1.08443	18
1.08451	19
1.08459	5
1.0846	6
1.0846	7
1.0846	8
1.0846	9
1.0846	10
1.08462	5
1.08466	6
1.08466	7
1.08466	8
1.08467	9
1.08467	10
1.08467	11
1.08473	12
1.0848	13
1.08486	14
1.08492	15
1.08499	16
1.08505	17
1.08513	18
1.08521	19
1.08529	5
1.08529	6
1.0853	7
1.0853	8
1.0853	9
1.0853	10
1.08531	5
1.08536	6
1.08536	7
1.08536	8
1.08536	9
1.08536	10
1.08537	11
1.08543	12
1.08549	13
1.08555	14
1.08562	15
1.08569	16
1.08576	17
1.08583	18
1.08591	19
1.08598	5
1.08599	6
1.08599	7
1.08599	8
1.08599	9
1.086	10
1.08601	6
1.08605	7
1.08605	8
1.08605	9
1.08606	10
1.08606	11
1.08612	12
1.08618	13
1.08625	14
1.08632	15
1.08639	16
1.08646	17
1.08653	18
1.08661	19
1.08668	5
1.08669	6
1.08669	7
1.08669	8
1.08669	9
1.08669	10
1.08671	6
1.08675	7
1.08675	8
1.08675	9
1.08675	10
1.08676	11
1.08682	12
1.08687	13
1.08694	14
1.08701	15
1.08708	16
1.08716	17
1.08723	18
1.0873	19
1.08738	5
1.08739	6
1.08739	7
1.08739	8
1.08739	9
1.08739	10
1.08741	6
1.08745	7
1.08745	8
1.08745	9
1.08745	10
1.08746	11
1.08751	12
1.08757	13
1.08763	14
1.0877	15
1.08778	16
1.08785	17
1.08794	18
1.08801	19
1.08808	5
1.08809	6
1.08809	7
1.08809	8
1.08809	9
1.08809	10
1.08811	6
1.08815	7
1.08815	8
1.08815	9
1.08815	10
1.08816	11
1.08821	12
1.08827	13
1.08833	14
1.0884	15
1.08847	16
1.08855	17
1.08863	18
1.08871	19
1.08879	5
1.08879	6
1.08879	7
1.08879	8
1.0888	9
1.0888	10
1.08881	6
1.08885	7
1.08885	8
1.08885	9
1.08885	10
1.08886	11
1.08891	12
1.08897	13
1.08903	14
1.08909	15
1.08916	16
1.08924	17
1.08932	18
1.08941	19
1.08949	5
1.0895	6
1.0895	7
1.0895	8
1.0895	9
1.0895	10
1.08952	5
1.08955	6
1.08955	7
1.08955	8
1.08955	9
1.08956	10
1.08956	11
1.08961	12
1.08967	13
1.08973	14
1.08979	15
1.08986	16
1.08994	17
1.09002	18
1.0901	19
1.09018	5
1.09019	6
1.09019	7
1.09019	8
1.09019	9
1.09019	10
1.09021	5
1.09026	6
1.09026	7
1.09026	8
1.09026	9
1.09026	10
1.09027	11
1.09032	12
1.09037	13
1.09043	14
1.09049	15
1.09056	16
1.09063	17
1.09071	18
1.09079	19
1.09087	5
1.09088	6
1.09088	7
1.09088	8
1.09089	9
1.09089	10
1.0909	5
1.09095	6
1.09095	7
1.09095	8
1.09095	9
1.09095	10
1.09096	11
1.09102	12
1.09107	13
1.09113	14
1.09119	15
1.09126	16
1.09133	17
1.09141	18
1.09149	19
1.09157	5
1.09157	6
1.09158	7
1.09158	8
1.09158	9
1.09158	10
1.0916	5
1.09164	6
1.09164	7
1.09164	8
1.09164	9
1.09165	10
1.09165	11
1.09171	12
1.09178	13
1.09183	14
1.09189	15
1.09196	16
1.09203	17
1.0921	18
1.09218	19
1.09226	5
1.09227	6
1.09227	7
1.09227	8
1.09227	9
1.09228	10
1.09229	5
1.09233	6
1.09234	7
1.09234	8
1.09234	9
1.09234	10
1.09234	11
1.09241	12
1.09247	13
1.09253	14
1.09259	15
1.09266	16
1.09273	17
1.0928	18
1.09288	19
1.09296	5
1.09297	6
1.09297	7
1.09297	8
1.09297	9
1.09297	10
1.09299	5
1.09303	6
1.09303	7
1.09303	8
1.09303	9
1.09303	10
1.09304	11
1.0931	12
1.09316	13
1.09323	14
1.0933	15
1.09336	16
1.09343	17
1.0935	18
1.09358	19
1.09366	5
1.09366	6
1.09367	7
1.09367	8
1.09367	9
1.09367	10
1.09368	6
1.09373	7
1.09373	8
1.09373	9
1.09373	10
1.09373	11
1.09379	12
1.09385	13
1.09392	14
1.09399	15
1.09406	16
1.09413	17
1.0942	18
1.09428	19
1.09436	5
1.09436	6
1.09436	7
1.09436	8
1.09437	9
1.09437	10
1.09438	6
1.09442	7
1.09442	8
1.09442	9
1.09443	10
1.09443	11
1.09449	12
1.09455	13
1.09461	14
1.09468	15
1.09476	16
1.09483	17
1.0949	18
1.09498	19
1.09506	5
1.09506	6
1.09506	7
1.09506	8
1.09507	9
1.09507	10
1.09508	6
1.09512	7
1.09512	8
1.09512	9
1.09512	10
1.09513	11
1.09519	12
1.09524	13
1.09531	14
1.09538	15
1.09545	16
1.09553	17
1.09561	18
1.09568	19
1.09576	5
1.09576	6
1.09576	7
1.09577	8
1.09577	9
1.09577	10
1.09578	6
1.09582	7
1.09582	8
1.09582	9
1.09582	10
1.09583	11
1.09588	12
1.09594	13
1.096	14
1.09607	15
1.09614	16
1.09622	17
1.0963	18
1.09639	19
1.09646	5
1.09646	6
1.09647	7
1.09647	8
1.09647	9
1.09647	10
1.09649	6
1.09652	7
1.09652	8
1.09652	9
1.09652	10
1.09653	11
1.09658	12
1.09664	13
1.0967	14
1.09677	15
1.09684	16
1.09691	17
1.09699	18
1.09708	19
1.09716	5
1.09717	6
1.09717	7
1.09717	8
1.09717	9
1.09717	10
1.09719	5
1.09722	6
1.09722	7
1.09723	8
1.09723	9
1.09723	10
1.09723	11
1.09728	12
1.09734	13
1.0974	14
1.09747	15
1.09753	16
1.09761	17
1.09769	18
1.09777	19
1.09785	5
1.09786	6
1.09786	7
1.09787	8
1.09787	9
1.09787	10
1.09788	5
1.09793	6
1.09793	7
1.09793	8
1.09793	9
1.09793	10
1.09794	11
1.09799	12
1.09804	13
1.0981	14
1.09816	15
1.09823	16
1.09831	17
1.09838	18
1.09847	19
1.09854	5
1.09855	6
1.09856	7
1.09856	8
1.09856	9
1.09856	10
1.09858	5
1.09862	6
1.09862	7
1.09862	8
1.09862	9
1.09863	10
1.09863	11
1.09869	12
1.09874	13
1.0988	14
1.09886	15
1.09893	16
1.099	17
1.09908	18
1.09916	19
1.09924	5
1.09925	6
1.09925	7
1.09925	8
1.09925	9
1.09925	10
1.09927	5
1.09931	6
1.09931	7
1.09932	8
1.09932	9
1.09932	10
1.09932	11
1.09939	12
1.09945	13
1.0995	14
1.09956	15
1.09963	16
1.0997	17
1.09978	18
1.09986	19
1.09993	5
1.09994	6
1.09994	7
1.09995	8
1.09995	9
1.09995	10
1.09996	5
1.10001	6
1.10001	7
1.10001	8
1.10001	9
1.10001	10
1.10002	11
1.10008	12
1.10014	13
1.10021	14
1.10027	15
1.10033	16
1.1004	17
1.10047	18
1.10055	19
1.10063	5
1.10064	6
1.10064	7
1.10064	8
1.10064	9
1.10064	10
1.10066	5
1.1007	6
1.1007	7
1.1007	8
1.10071	9
1.10071	10
1.10071	11
1.10077	12
1.10083	13
1.1009	14
1.10097	15
1.10103	16
1.1011	17
1.10117	18
1.10125	19
1.10133	5
1.10134	6
1.10134	7
1.10134	8
1.10134	9
1.10134	10
1.10136	6
1.1014	7
1.1014	8
1.1014	9
1.1014	10
1.10141	11
1.10147	12
1.10153	13
1.10159	14
1.10166	15
1.10174	16
1.1018	17
1.10188	18
1.10195	19
1.10203	5
1.10203	6
1.10204	7
1.10204	8
1.10204	9
1.10204	10
1.10206	6
1.1021	7
1.1021	8
1.1021	9
1.1021	10
1.1021	11
1.10216	12
1.10222	13
1.10229	14
1.10235	15
1.10243	16
1.10251	17
1.10258	18
1.10265	19
1.10273	5
1.10273	6
1.10273	7
1.10274	8
1.10274	9
1.10274	10
1.10276	6
1.10279	7
1.10279	8
1.1028	9
1.1028	10
1.1028	11
1.10286	12
1.10292	13
1.10298	14
1.10305	15
1.10312	16
1.1032	17
1.10328	18
1.10335	19
1.10343	5
1.10343	6
1.10344	7
1.10344	8
1.10344	9
1.10344	10
1.10346	6
1.10349	7
1.10349	8
1.1035	9
1.1035	10
1.1035	11
1.10356	12
1.10361	13
1.10368	14
1.10374	15
1.10382	16
1.10389	17
1.10397	18
1.10406	19
1.10413	5
1.10414	6
1.10414	7
1.10414	8
1.10414	9
1.10414	10
1.10416	6
1.10419	7
1.1042	8
1.1042	9
1.1042	10
1.1042	11
1.10426	12
1.10431	13
1.10437	14
1.10444	15
1.10451	16
1.10459	17
1.10467	18
1.10475	19
1.10484	5
1.10484	6
1.10484	7
1.10484	8
1.10485	9
1.10485	10
1.10486	5
1.1049	6
1.1049	7
1.1049	8
1.1049	9
1.1049	10
1.10491	11
1.10496	12
1.10501	13
1.10507	14
1.10514	15
1.10521	16
1.10528	17
1.10536	18
1.10545	19
1.10553	5
1.10554	6
1.10554	7
1.10554	8
1.10554	9
1.10554	10
1.10556	5
1.1056	6
1.1056	7
1.1056	8
1.10561	9
1.10561	10
1.10561	11
1.10566	12
1.10571	13
1.10577	14
1.10584	15
1.1059	16
1.10598	17
1.10606	18
1.10614	19
1.10622	5
1.10623	6
1.10623	7
1.10623	8
1.10623	9
1.10623	10
1.10625	5
1.10629	6
1.1063	7
1.1063	8
1.1063	9
1.1063	10
1.1063	11
1.10637	12
1.10642	13
1.10647	14
1.10654	15
1.1066	16
1.10668	17
1.10675	18
1.10683	19
1.10691	5
1.10692	6
1.10692	7
1.10692	8
1.10693	9
1.10693	10
1.10694	5
1.10699	6
1.10699	7
1.10699	8
1.10699	9
1.10699	10
1.107	11
1.10706	12
1.10712	13
1.10718	14
1.10724	15
1.1073	16
1.10737	17
1.10745	18
1.10753	19
1.10761	5
1.10762	6
1.10762	7
1.10762	8
1.10762	9
1.10762	10
1.10764	5
1.10768	6
1.10768	7
1.10768	8
1.10768	9
1.10768	10
1.10769	11
1.10775	12
1.10781	13
1.10788	14
1.10794	15
1.108	16
1.10807	17
1.10815	18
1.10823	19
1.1083	5
1.10831	6
1.10831	7
1.10831	8
1.10832	9
1.10832	10
1.10833	5
1.10837	6
1.10838	7
1.10838	8
1.10838	9
1.10838	10
1.10838	11
1.10844	12
1.10851	13
1.10857	14
1.10864	15
1.10871	16
1.10877	17
1.10885	18
1.10892	19
1.109	5
1.10901	6
1.10901	7
1.10901	8
1.10901	9
1.10901	10
1.10903	6
1.10907	7
1.10907	8
1.10907	9
1.10907	10
1.10908	11
1.10914	12
1.1092	13
1.10926	14
1.10934	15
1.10941	16
1.10948	17
1.10955	18
1.10962	19
1.1097	5
1.10971	6
1.10971	7
1.10971	8
1.10971	9
1.10971	10
1.10973	6
1.10977	7
1.10977	8
1.10977	9
1.10977	10
1.10978	11
1.10983	12
1.10989	13
1.10996	14
1.11003	15
1.1101	16
1.11018	17
1.11025	18
1.11032	19
1.1104	5
1.1104	6
1.11041	7
1.11041	8
1.11041	9
1.11041	10
1.11043	6
1.11047	7
1.11047	8
1.11047	9
1.11047	10
1.11048	11
1.11053	12
1.11059	13
1.11065	14
1.11072	15
1.11079	16
1.11087	17
1.11095	18
1.11103	19
1.1111	5
1.11111	6
1.11111	7
1.11111	8
1.11111	9
1.11111	10
1.11113	6
1.11117	7
1.11117	8
1.11117	9
1.11117	10
1.11118	11
1.11123	12
1.11129	13
1.11135	14
1.11142	15
1.11149	16
1.11156	17
1.11165	18
1.11173	19
1.11181	5
1.11181	6
1.11181	7
1.11181	8
1.11181	9
1.11181	10
1.11183	6
1.11187	7
1.11187	8
1.11187	9
1.11187	10
1.11188	11
1.11193	12
1.11198	13
1.11205	14
1.11211	15
1.11218	16
1.11226	17
1.11234	18
1.11242	19
1.11251	5
1.11251	6
1.11252	7
1.11252	8
1.11252	9
1.11252	10
1.11253	5
1.11257	6
1.11257	7
1.11257	8
1.11257	9
1.11257	10
1.11258	11
1.11263	12
1.11269	13
1.11275	14
1.11281	15
1.11288	16
1.11295	17
1.11303	18
1.11312	19
1.1132	5
1.11321	6
1.11321	7
1.11321	8
1.11321	9
1.11321	10
1.11323	5
1.11327	6
1.11328	7
1.11328	8
1.11328	9
1.11328	10
1.11328	11
1.11333	12
1.11339	13
1.11345	14
1.11351	15
1.11358	16
1.11365	17
1.11373	18
1.11381	19
1.11389	5
1.1139	6
1.1139	7
1.1139	8
1.1139	9
1.11391	10
1.11392	5
1.11397	6
1.11397	7
1.11397	8
1.11397	9
1.11397	10
1.11398	11
1.11404	12
1.11409	13
1.11415	14
1.11421	15
1.11428	16
1.11435	17
1.11442	18
1.11451	19
1.11458	5
1.11459	6
1.1146	7
1.1146	8
1.1146	9
1.1146	10
1.11461	5
1.11466	6
1.11466	7
1.11466	8
1.11466	9
1.11466	10
1.11467	11
1.11473	12
1.11479	13
1.11485	14
1.11491	15
1.11498	16
1.11505	17
1.11512	18
1.1152	19
1.11528	5
1.11529	6
1.11529	7
1.11529	8
1.11529	9
1.11529	10
1.11531	5
1.11535	6
1.11535	7
1.11536	8
1.11536	9
1.11536	10
1.11536	11
1.11542	12
1.11549	13
1.11555	14
1.11561	15
1.11568	16
1.11575	17
1.11582	18
1.1159	19
1.11598	5
1.11598	6
1.11599	7
1.11599	8
1.11599	9
1.11599	10
1.11601	5
1.11605	6
1.11605	7
1.11605	8
1.11605	9
1.11605	10
1.11606	11
1.11612	12
1.11618	13
1.11624	14
1.11632	15
1.11638	16
1.11645	17
1.11652	18
1.1166	19
1.11668	5
1.11668	6
1.11668	7
1.11668	8
1.11669	9
1.11669	10
1.1167	6
1.11674	7
1.11674	8
1.11675	9
1.11675	10
1.11675	11
1.11681	12
1.11687	13
1.11694	14
1.11701	15
1.11708	16
1.11715	17
1.11722	18
1.1173	19
1.11737	5
1.11738	6
1.11738	7
1.11738	8
1.11738	9
1.11739	10
1.1174	6
1.11744	7
1.11744	8
1.11744	9
1.11744	10
1.11745	11
1.11751	12
1.11757	13
1.11763	14
1.1177	15
1.11777	16
1.11785	17
1.11792	18
1.118	19
1.11807	5
1.11808	6
1.11808	7
1.11808	8
1.11808	9
1.11808	10
1.1181	6
1.11814	7
1.11814	8
1.11814	9
1.11814	10
1.11815	11
1.1182	12
1.11826	13
1.11833	14
1.11839	15
1.11847	16
1.11855	17
1.11863	18
1.1187	19
1.11877	5
1.11878	6
1.11878	7
1.11878	8
1.11878	9
1.11879	10
1.1188	6
1.11884	7
1.11884	8
1.11884	9
1.11884	10
1.11885	11
1.1189	12
1.11896	13
1.11902	14
1.11909	15
1.11916	16
1.11924	17
1.11932	18
1.1194	19
1.11948	5
1.11948	6
1.11948	7
1.11949	8
1.11949	9
1.11949	10
1.1195	6
1.11954	7
1.11954	8
1.11954	9
1.11954	10
1.11955	11
1.1196	12
1.11966	13
1.11972	14
1.11978	15
1.11986	16
1.11993	17
1.12001	18
1.1201	19
1.12018	5
1.12019	6
1.12019	7
1.12019	8
1.12019	9
1.12019	10
1.12021	5
1.12024	6
1.12024	7
1.12024	8
1.12024	9
1.12025	10
1.12025	11
1.1203	12
1.12036	13
1.12042	14
1.12048	15
1.12055	16
1.12063	17
1.12071	18
1.12079	19
1.12087	5
1.12088	6
1.12088	7
1.12088	8
1.12088	9
1.12089	10
1.1209	5
1.12095	6
1.12095	7
1.12095	8
1.12095	9
1.12095	10
1.12096	11
1.12101	12
1.12106	13
1.12112	14
1.12118	15
1.12125	16
1.12132	17
1.1214	18
1.12148	19
1.12156	5
1.12157	6
1.12157	7
1.12158	8
1.12158	9
1.12158	10
1.12159	5
1.12164	6
1.12164	7
1.12164	8
1.12164	9
1.12164	10
1.12165	11
1.12171	12
1.12176	13
1.12182	14
1.12188	15
1.12195	16
1.12202	17
1.1221	18
1.12218	19
1.12226	5
1.12227	6
1.12227	7
1.12227	8
1.12227	9
1.12227	10
1.12229	5
1.12233	6
1.12233	7
1.12233	8
1.12234	9
1.12234	10
1.12234	11
1.1224	12
1.12247	13
1.12252	14
1.12258	15
1.12265	16
1.12272	17
1.12279	18
1.12287	19
1.12295	5
1.12296	6
1.12296	7
1.12296	8
1.12297	9
1.12297	10
1.12298	5
1.12303	6
1.12303	7
1.12303	8
1.12303	9
1.12303	10
1.12304	11
1.1231	12
1.12316	13
1.12323	14
1.12328	15
1.12335	16
1.12342	17
1.12349	18
1.12357	19
1.12365	5
1.12366	6
1.12366	7
1.12366	8
1.12366	9
1.12366	10
1.12368	5
1.12372	6
1.12372	7
1.12372	8
1.12372	9
1.12373	10
1.12373	11
1.12379	12
1.12385	13
1.12392	14
1.12399	15
1.12405	16
1.12412	17
1.12419	18
1.12427	19
1.12435	5
1.12435	6
1.12436	7
1.12436	8
1.12436	9
1.12436	10
1.12438	6
1.12442	7
1.12442	8
1.12442	9
1.12442	10
1.12443	11
1.12448	12
1.12454	13
1.12461	14
1.12468	15
1.12476	16
1.12482	17
1.12489	18
1.12497	19
1.12505	5
1.12505	6
1.12505	7
1.12506	8
1.12506	9
1.12506	10
1.12507	6
1.12511	7
1.12511	8
1.12512	9
1.12512	10
1.12512	11
1.12518	12
1.12524	13
1.1253	14
1.12537	15
1.12545	16
1.12553	17
1.1256	18
1.12567	19
1.12575	5
1.12575	6
1.12575	7
1.12575	8
1.12576	9
1.12576	10
1.12577	6
1.12581	7
1.12581	8
1.12581	9
1.12582	10
1.12582	11
1.12588	12
1.12593	13
1.126	14
1.12607	15
1.12614	16
1.12622	17
1.1263	18
1.12637	19
1.12645	5
1.12645	6
1.12645	7
1.12646	8
1.12646	9
1.12646	10
1.12647	6
1.12651	7
1.12651	8
1.12651	9
1.12651	10
1.12652	11
1.12658	12
1.12663	13
1.12669	14
1.12676	15
1.12683	16
1.12691	17
1.12699	18
1.12708	19
1.12715	5
1.12716	6
1.12716	7
1.12716	8
1.12716	9
1.12716	10
1.12718	6
1.12721	7
1.12721	8
1.12721	9
1.12722	10
1.12722	11
1.12727	12
1.12733	13
1.12739	14
1.12746	15
1.12753	16
1.1276	17
1.12768	18
1.12777	19
1.12786	5
1.12786	6
1.12786	7
1.12786	8
1.12786	9
1.12786	10
1.12788	5
1.12791	6
1.12792	7
1.12792	8
1.12792	9
1.12792	10
1.12792	11
1.12798	12
1.12803	13
1.12809	14
1.12816	15
1.12823	16
1.1283	17
1.12838	18
1.12846	19
1.12854	5
1.12855	6
1.12856	7
1.12856	8
1.12856	9
1.12856	10
1.12857	5
1.12862	6
1.12862	7
1.12862	8
1.12862	9
1.12862	10
1.12863	11
1.12868	12
1.12873	13
1.12879	14
1.12885	15
1.12892	16
1.129	17
1.12907	18
1.12916	19
1.12923	5
1.12925	6
1.12925	7
1.12925	8
1.12925	9
1.12925	10
1.12927	5
1.12931	6
1.12931	7
1.12931	8
1.12932	9
1.12932	10
1.12932	11
1.12938	12
1.12944	13
1.12949	14
1.12955	15
1.12962	16
1.12969	17
1.12977	18
1.12985	19
1.12993	5
1.12994	6
1.12994	7
1.12994	8
1.12994	9
1.12994	10
1.12996	5
1.13	6
1.13001	7
1.13001	8
1.13001	9
1.13001	10
1.13001	11
1.13008	12
1.13014	13
1.13019	14
1.13025	15
1.13032	16
1.13039	17
1.13047	18
1.13055	19
1.13063	5
1.13063	6
1.13064	7
1.13064	8
1.13064	9
1.13064	10
1.13066	5
1.1307	6
1.1307	7
1.1307	8
1.1307	9
1.1307	10
1.13071	11
1.13077	12
1.13083	13
1.1309	14
1.13096	15
1.13102	16
1.13109	17
1.13117	18
1.13124	19
1.13132	5
1.13133	6
1.13133	7
1.13133	8
1.13133	9
1.13134	10
1.13135	5
1.13139	6
1.13139	7
1.1314	8
1.1314	9
1.1314	10
1.1314	11
1.13146	12
1.13152	13
1.13159	14
1.13166	15
1.13172	16
1.13179	17
1.13187	18
1.13194	19
1.13202	5
1.13203	6
1.13203	7
1.13203	8
1.13203	9
1.13203	10
1.13205	6
1.13209	7
1.13209	8
1.13209	9
1.13209	10
1.1321	11
1.13216	12
1.13222	13
1.13228	14
1.13235	15
1.13243	16
1.13249	17
1.13257	18
1.13264	19
1.13272	5
1.13272	6
1.13273	7
1.13273	8
1.13273	9
1.13273	10
1.13275	6
1.13279	7
1.13279	8
1.13279	9
1.13279	10
1.1328	11
1.13285	12
1.13291	13
1.13298	14
1.13305	15
1.13312	16
1.1332	17
1.13327	18
1.13334	19
1.13342	5
1.13342	6
1.13342	7
1.13343	8
1.13343	9
1.13343	10
1.13345	6
1.13348	7
1.13349	8
1.13349	9
1.13349	10
1.13349	11
1.13355	12
1.13361	13
1.13367	14
1.13374	15
1.13381	16
1.13389	17
1.13397	18
1.13405	19
1.13412	5
1.13412	6
1.13413	7
1.13413	8
1.13413	9
1.13413	10
1.13415	6
1.13418	7
1.13419	8
1.13419	9
1.13419	10
1.13419	11
1.13425	12
1.1343	13
1.13437	14
1.13443	15
1.13451	16
1.13458	17
1.13466	18
1.13475	19
1.13482	5
1.13483	6
1.13483	7
1.13483	8
1.13483	9
1.13483	10
1.13485	6
1.13488	7
1.13489	8
1.13489	9
1.13489	10
1.13489	11
1.13495	12
1.135	13
1.13506	14
1.13513	15
1.1352	16
1.13528	17
1.13536	18
1.13544	19
1.13553	5
1.13553	6
1.13553	7
1.13554	8
1.13554	9
1.13554	10
1.13555	5
1.13559	6
1.13559	7
1.13559	8
1.13559	9
1.13559	10
1.1356	11
1.13565	12
1.1357	13
1.13576	14
1.13583	15
1.1359	16
1.13597	17
1.13605	18
1.13614	19
1.13622	5
1.13623	6
1.13623	7
1.13623	8
1.13623	9
1.13623	10
1.13625	5
1.13629	6
1.13629	7
1.1363	8
1.1363	9
1.1363	10
1.1363	11
1.13635	12
1.13641	13
1.13646	14
1.13653	15
1.1366	16
1.13667	17
1.13675	18
1.13683	19
1.13691	5
1.13692	6
1.13692	7
1.13692	8
1.13692	9
1.13692	10
1.13694	5
1.13699	6
1.13699	7
1.13699	8
1.13699	9
1.13699	10
1.13699	11
1.13706	12
1.13711	13
1.13716	14
1.13723	15
1.13729	16
1.13737	17
1.13744	18
1.13752	19
1.1376	5
1.13761	6
1.13761	7
1.13762	8
1.13762	9
1.13762	10
1.13763	5
1.13768	6
1.13768	7
1.13768	8
1.13768	9
1.13768	10
1.13769	11
1.13775	12
1.13781	13
1.13787	14
1.13793	15
1.13799	16
1.13806	17
1.13814	18
1.13822	19
1.1383	5
1.13831	6
1.13831	7
1.13831	8
1.13831	9
1.13831	10
1.13833	5
1.13837	6
1.13837	7
1.13837	8
1.13837	9
1.13838	10
1.13838	11
1.13844	12
1.1385	13
1.13857	14
1.13863	15
1.13869	16
1.13876	17
1.13884	18
1.13892	19
1.13899	5
1.139	6
1.139	7
1.13901	8
1.13901	9
1.13901	10
1.13902	5
1.13907	6
1.13907	7
1.13907	8
1.13907	9
1.13907	10
1.13908	11
1.13914	12
1.1392	13
1.13926	14
1.13933	15
1.1394	16
1.13946	17
1.13954	18
1.13962	19
1.13969	5
1.1397	6
1.1397	7
1.1397	8
1.1397	9
1.13971	10
1.13972	6
1.13976	7
1.13976	8
1.13976	9
1.13977	10
1.13977	11
1.13983	12
1.13989	13
1.13996	14
1.14003	15
1.1401	16
1.14017	17
1.14024	18
1.14031	19
1.14039	5
1.1404	6
1.1404	7
1.1404	8
1.1404	9
1.1404	10
1.14042	6
1.14046	7
1.14046	8
1.14046	9
1.14046	10
1.14047	11
1.14053	12
1.14058	13
1.14065	14
1.14072	15
1.14079	16
1.14087	17
1.14094	18
1.14101	19
1.14109	5
1.14109	6
1.1411	7
1.1411	8
1.1411	9
1.1411	10
1.14112	6
1.14116	7
1.14116	8
1.14116	9
1.14116	10
1.14117	11
1.14122	12
1.14128	13
1.14134	14
1.14141	15
1.14149	16
1.14156	17
1.14165	18
1.14172	19
1.14179	5
1.1418	6
1.1418	7
1.1418	8
1.1418	9
1.1418	10
1.14182	6
1.14186	7
1.14186	8
1.14186	9
1.14186	10
1.14187	11
1.14192	12
1.14198	13
1.14204	14
1.14211	15
1.14218	16
1.14226	17
1.14234	18
1.14242	19
1.1425	5
1.1425	6
1.1425	7
1.1425	8
1.1425	9
1.14251	10
1.14252	6
1.14256	7
1.14256	8
1.14256	9
1.14256	10
1.14257	11
1.14262	12
1.14268	13
1.14274	14
1.1428	15
1.14287	16
1.14295	17
1.14303	18
1.14312	19
1.1432	5
1.14321	6
1.14321	7
1.14321	8
1.14321	9
1.14321	10
1.14323	5
1.14326	6
1.14326	7
1.14326	8
1.14326	9
1.14326	10
1.14327	11
1.14332	12
1.14338	13
1.14344	14
1.1435	15
1.14357	16
1.14365	17
1.14373	18
1.14381	19
1.14389	5
1.1439	6
1.1439	7
1.1439	8
1.1439	9
1.1439	10
1.14392	5
1.14397	6
1.14397	7
1.14397	8
1.14397	9
1.14397	10
1.14398	11
1.14403	12
1.14408	13
1.14414	14
1.1442	15
1.14427	16
1.14434	17
1.14442	18
1.1445	19
1.14458	5
1.14459	6
1.14459	7
1.14459	8
1.1446	9
1.1446	10
1.14461	5
1.14466	6
1.14466	7
1.14466	8
1.14466	9
1.14466	10
1.14467	11
1.14473	12
1.14478	13
1.14484	14
1.1449	15
1.14497	16
1.14504	17
1.14512	18
1.1452	19
1.14527	5
1.14528	6
1.14529	7
1.14529	8
1.14529	9
1.14529	10
1.14531	5
1.14535	6
1.14535	7
1.14535	8
1.14535	9
1.14536	10
1.14536	11
1.14542	12
1.14548	13
1.14554	14
1.1456	15
1.14567	16
1.14574	17
1.14581	18
1.14589	19
1.14597	5
1.14598	6
1.14598	7
1.14598	8
1.14598	9
1.14598	10
1.146	5
1.14604	6
1.14605	7
1.14605	8
1.14605	9
1.14605	10
1.14605	11
1.14611	12
1.14618	13
1.14624	14
1.1463	15
1.14637	16
1.14644	17
1.14651	18
1.14659	19
1.14667	5
1.14667	6
1.14668	7
1.14668	8
1.14668	9
1.14668	10
1.1467	5
1.14674	6
1.14674	7
1.14674	8
1.14674	9
1.14674	10
1.14675	11
1.14681	12
1.14687	13
1.14694	14
1.14701	15
1.14707	16
1.14714	17
1.14721	18
1.14729	19
1.14737	5
1.14737	6
1.14737	7
1.14738	8
1.14738	9
1.14738	10
1.14739	6
1.14743	7
1.14744	8
1.14744	9
1.14744	10
1.14744	11
1.1475	12
1.14756	13
1.14763	14
1.1477	15
1.14777	16
1.14784	17
1.14791	18
1.14799	19
1.14807	5
1.14807	6
1.14807	7
1.14807	8
1.14808	9
1.14808	10
1.14809	6
1.14813	7
1.14813	8
1.14813	9
1.14814	10
1.14814	11
1.1482	12
1.14826	13
1.14832	14
1.14839	15
1.14847	16
1.14854	17
1.14861	18
1.14869	19
1.14877	5
1.14877	6
1.14877	7
1.14877	8
1.14877	9
1.14878	10
1.14879	6
1.14883	7
1.14883	8
1.14883	9
1.14883	10
1.14884	11
1.1489	12
1.14895	13
1.14902	14
1.14908	15
1.14916	16
1.14924	17
1.14932	18
1.14939	19
1.14947	5
1.14947	6
1.14947	7
1.14947	8
1.14948	9
1.14948	10
1.14949	6
1.14953	7
1.14953	8
1.14953	9
1.14953	10
1.14954	11
1.14959	12
1.14965	13
1.14971	14
1.14978	15
1.14985	16
1.14993	17
1.15001	18
1.1501	19
1.15017	5
1.15017	6
1.15018	7
1.15018	8
1.15018	9
1.15018	10
1.15019	6
1.15023	7
1.15023	8
1.15023	9
1.15023	10
1.15024	11
1.15029	12
1.15035	13
1.15041	14
1.15048	15
1.15055	16
1.15062	17
1.1507	18
1.15079	19
1.15087	5
1.15088	6
1.15088	7
1.15088	8
1.15088	9
1.15088	10
1.1509	5
1.15093	6
1.15093	7
1.15093	8
1.15094	9
1.15094	10
1.15094	11
1.15099	12
1.15105	13
1.15111	14
1.15117	15
1.15124	16
1.15132	17
1.1514	18
1.15148	19
1.15156	5
1.15157	6
1.15157	7
1.15157	8
1.15158	9
1.15158	10
1.15159	5
1.15164	6
1.15164	7
1.15164	8
1.15164	9
1.15164	10
1.15165	11
1.1517	12
1.15175	13
1.15181	14
1.15187	15
1.15194	16
1.15201	17
1.15209	18
1.15217	19
1.15225	5
1.15226	6
1.15227	7
1.15227	8
1.15227	9
1.15227	10
1.15229	5
1.15233	6
1.15233	7
1.15233	8
1.15233	9
1.15234	10
1.15234	11
1.1524	12
1.15245	13
1.15251	14
1.15257	15
1.15264	16
1.15271	17
1.15279	18
1.15287	19
1.15295	5
1.15296	6
1.15296	7
1.15296	8
1.15296	9
1.15296	10
1.15298	5
1.15302	6
1.15302	7
1.15303	8
1.15303	9
1.15303	10
1.15303	11
1.1531	12
1.15316	13
1.15321	14
1.15327	15
1.15334	16
1.15341	17
1.15349	18
1.15357	19
1.15364	5
1.15365	6
1.15365	7
1.15366	8
1.15366	9
1.15366	10
1.15367	5
1.15372	6
1.15372	7
1.15372	8
1.15372	9
1.15372	10
1.15373	11
1.15379	12
1.15385	13
1.15392	14
1.15398	15
1.15404	16
1.15411	17
1.15418	18
1.15426	19
1.15434	5
1.15435	6
1.15435	7
1.15435	8
1.15435	9
1.15435	10
1.15437	5
1.15441	6
1.15441	7
1.15441	8
1.15442	9
1.15442	10
1.15442	11
1.15448	12
1.15454	13
1.15461	14
1.15468	15
1.15474	16
1.15481	17
1.15488	18
1.15496	19
1.15504	5
1.15504	6
1.15505	7
1.15505	8
1.15505	9
1.15505	10
1.15507	6
1.15511	7
1.15511	8
1.15511	9
1.15511	10
1.15512	11
1.15517	12
1.15523	13
1.1553	14
1.15537	15
1.15545	16
1.15551	17
1.15558	18
1.15566	19
1.15574	5
1.15574	6
1.15575	7
1.15575	8
1.15575	9
1.15575	10
1.15576	6
1.1558	7
1.15581	8
1.15581	9
1.15581	10
1.15581	11
1.15587	12
1.15593	13
1.15599	14
1.15606	15
1.15614	16
1.15622	17
1.15629	18
1.15636	19
1.15644	5
1.15644	6
1.15644	7
1.15645	8
1.15645	9
1.15645	10
1.15646	6
1.1565	7
1.1565	8
1.15651	9
1.15651	10
1.15651	11
1.15657	12
1.15663	13
1.15669	14
1.15676	15
1.15683	16
1.15691	17
1.15699	18
1.15706	19
1.15714	5
1.15714	6
1.15714	7
1.15715	8
1.15715	9
1.15715	10
1.15717	6
1.1572	7
1.1572	8
1.1572	9
1.15721	10
1.15721	11
1.15727	12
1.15732	13
1.15739	14
1.15745	15
1.15752	16
1.1576	17
1.15768	18
1.15777	19
1.15784	5
1.15785	6
1.15785	7
1.15785	8
1.15785	9
1.15785	10
1.15787	6
1.1579	7
1.1579	8
1.15791	9
1.15791	10
1.15791	11
1.15797	12
1.15802	13
1.15808	14
1.15815	15
1.15822	16
1.1583	17
1.15838	18
1.15846	19
1.15855	5
1.15855	6
1.15855	7
1.15855	8
1.15855	9
1.15856	10
1.15857	5
1.15861	6
1.15861	7
1.15861	8
1.15861	9
1.15861	10
1.15861	11
1.15867	12
1.15872	13
1.15878	14
1.15885	15
1.15892	16
1.15899	17
1.15907	18
1.15915	19
1.15924	5
1.15925	6
1.15925	7
1.15925	8
1.15925	9
1.15925	10
1.15927	5
1.15931	6
1.15931	7
1.15931	8
1.15931	9
1.15932	10
1.15932	11
1.15937	12
1.15942	13
1.15948	14
1.15955	15
1.15961	16
1.15969	17
1.15977	18
1.15985	19
1.15993	5
1.15994	6
1.15994	7
1.15994	8
1.15994	9
1.15994	10
1.15996	5
1.16	6
1.16	7
1.16001	8
1.16001	9
1.16001	10
1.16001	11
1.16008	12
1.16013	13
1.16018	14
1.16025	15
1.16031	16
1.16038	17
1.16046	18
1.16054	19
1.16062	5
1.16063	6
1.16063	7
1.16063	8
1.16063	9
1.16064	10
1.16065	5
1.1607	6
1.1607	7
1.1607	8
1.1607	9
1.1607	10
1.16071	11
1.16077	12
1.16083	13
1.16088	14
1.16095	15
1.16101	16
1.16108	17
1.16116	18
1.16124	19
1.16132	5
1.16132	6
1.16133	7
1.16133	8
1.16133	9
1.16133	10
1.16135	5
1.16139	6
1.16139	7
1.16139	8
1.16139	9
1.16139	10
1.1614	11
1.16146	12
1.16152	13
1.16159	14
1.16165	15
1.16171	16
1.16178	17
1.16186	18
1.16194	19
1.16201	5
1.16202	6
1.16202	7
1.16202	8
1.16203	9
1.16203	10
1.16204	5
1.16208	6
1.16209	7
1.16209	8
1.16209	9
1.16209	10
1.16209	11
1.16215	12
1.16222	13
1.16228	14
1.16235	15
1.16241	16
1.16248	17
1.16256	18
1.16263	19
1.16271	5
1.16272	6
1.16272	7
1.16272	8
1.16272	9
1.16272	10
1.16274	6
1.16278	7
1.16278	8
1.16278	9
1.16278	10
1.16279	11
1.16285	12
1.16291	13
1.16297	14
1.16304	15
1.16312	16
1.16319	17
1.16326	18
1.16333	19
1.16341	5
1.16342	6
1.16342	7
1.16342	8
1.16342	9
1.16342	10
1.16344	6
1.16348	7
1.16348	8
1.16348	9
1.16348	10
1.16349	11
1.16354	12
1.1636	13
1.16367	14
1.16374	15
1.16381	16
1.16389	17
1.16396	18
1.16403	19
1.16411	5
1.16411	6
1.16412	7
1.16412	8
1.16412	9
1.16412	10
1.16414	6
1.16418	7
1.16418	8
1.16418	9
1.16418	10
1.16419	11
1.16424	12
1.1643	13
1.16436	14
1.16443	15
1.1645	16
1.16458	17
1.16466	18
1.16474	19
1.16481	5
1.16482	6
1.16482	7
1.16482	8
1.16482	9
1.16482	10
1.16484	6
1.16488	7
1.16488	8
1.16488	9
1.16488	10
1.16488	11
1.16494	12
1.165	13
1.16506	14
1.16513	15
1.1652	16
1.16527	17
1.16536	18
1.16544	19
1.16552	5
1.16552	6
1.16552	7
1.16552	8
1.16552	9
1.16552	10
1.16554	6
1.16558	7
1.16558	8
1.16558	9
1.16558	10
1.16559	11
1.16564	12
1.16569	13
1.16576	14
1.16582	15
1.16589	16
1.16597	17
1.16605	18
1.16613	19
1.16622	5
1.16622	6
1.16623	7
1.16623	8
1.16623	9
1.16623	10
1.16624	5
1.16628	6
1.16628	7
1.16628	8
1.16628	9
1.16628	10
1.16629	11
1.16634	12
1.16639	13
1.16646	14
1.16652	15
1.16659	16
1.16666	17
1.16674	18
1.16683	19
1.16691	5
1.16692	6
1.16692	7
1.16692	8
1.16692	9
1.16692	10
1.16694	5
1.16698	6
1.16699	7
1.16699	8
1.16699	9
1.16699	10
1.16699	11
1.16704	12
1.1671	13
1.16715	14
1.16722	15
1.16729	16
1.16736	17
1.16744	18
1.16752	19
1.1676	5
1.16761	6
1.16761	7
1.16761	8
1.16761	9
1.16761	10
1.16763	5
1.16768	6
1.16768	7
1.16768	8
1.16768	9
1.16768	10
1.16769	11
1.16775	12
1.1678	13
1.16786	14
1.16792	15
1.16799	16
1.16806	17
1.16813	18
1.16821	19
1.16829	5
1.1683	6
1.1683	7
1.16831	8
1.16831	9
1.16831	10
1.16832	5
1.16837	6
1.16837	7
1.16837	8
1.16837	9
1.16837	10
1.16838	11
1.16844	12
1.1685	13
1.16856	14
1.16862	15
1.16868	16
1.16876	17
1.16883	18
1.16891	19
1.16899	5
1.169	6
1.169	7
1.169	8
1.169	9
1.169	10
1.16902	5
1.16906	6
1.16906	7
1.16906	8
1.16907	9
1.16907	10
1.16907	11
1.16913	12
1.1692	13
1.16926	14
1.16932	15
1.16939	16
1.16946	17
1.16953	18
1.16961	19
1.16969	5
1.16969	6
1.1697	7
1.1697	8
1.1697	9
1.1697	10
1.16971	5
1.16976	6
1.16976	7
1.16976	8
1.16976	9
1.16976	10
1.16977	11
1.16983	12
1.16989	13
1.16995	14
1.17002	15
1.17009	16
1.17016	17
1.17023	18
1.17031	19
1.17038	5
1.17039	6
1.17039	7
1.17039	8
1.1704	9
1.1704	10
1.17041	6
1.17045	7
1.17045	8
1.17046	9
1.17046	10
1.17046	11
1.17052	12
1.17058	13
1.17065	14
1.17072	15
1.17079	16
1.17086	17
1.17093	18
1.17101	19
1.17108	5
1.17109	6
1.17109	7
1.17109	8
1.17109	9
1.17109	10
1.17111	6
1.17115	7
1.17115	8
1.17115	9
1.17115	10
1.17116	11
1.17122	12
1.17128	13
1.17134	14
1.17141	15
1.17148	16
1.17156	17
1.17163	18
1.17171	19
1.17178	5
1.17179	6
1.17179	7
1.17179	8
1.17179	9
1.17179	10
1.17181	6
1.17185	7
1.17185	8
1.17185	9
1.17185	10
1.17186	11
1.17191	12
1.17197	13
1.17203	14
1.1721	15
1.17218	16
1.17225	17
1.17234	18
1.17241	19
1.17248	5
1.17249	6
1.17249	7
1.17249	8
1.17249	9
1.1725	10
1.17251	6
1.17255	7
1.17255	8
1.17255	9
1.17255	10
1.17256	11
1.17261	12
1.17267	13
1.17273	14
1.1728	15
1.17287	16
1.17295	17
1.17303	18
1.17311	19
1.17319	5
1.17319	6
1.17319	7
1.17319	8
1.1732	9
1.1732	10
1.17321	6
1.17325	7
1.17325	8
1.17325	9
1.17325	10
1.17326	11
1.17331	12
1.17337	13
1.17343	14
1.17349	15
1.17356	16
1.17364	17
1.17372	18
1.17381	19
1.17389	5
1.1739	6
1.1739	7
1.1739	8
1.1739	9
1.1739	10
1.17392	5
1.17395	6
1.17395	7
1.17395	8
1.17395	9
1.17396	10
1.17396	11
1.17401	12
1.17407	13
1.17413	14
1.17419	15
1.17426	16
1.17434	17
1.17442	18
1.1745	19
1.17458	5
1.17459	6
1.17459	7
1.17459	8
1.17459	9
1.1746	10
1.17461	5
1.17466	6
1.17466	7
1.17466	8
1.17466	9
1.17466	10
1.17467	11
1.17472	12
1.17477	13
1.17483	14
1.17489	15
1.17496	16
1.17503	17
1.17511	18
1.17519	19
1.17527	5
1.17528	6
1.17528	7
1.17529	8
1.17529	9
1.17529	10
1.1753	5
1.17535	6
1.17535	7
1.17535	8
1.17535	9
1.17535	10
1.17536	11
1.17542	12
1.17547	13
1.17553	14
1.17559	15
1.17566	16
1.17573	17
1.17581	18
1.17589	19
1.17597	5
1.17598	6
1.17598	7
1.17598	8
1.17598	9
1.17598	10
1.176	5
1.17604	6
1.17604	7
1.17604	8
1.17605	9
1.17605	10
1.17605	11
1.17611	12
1.17618	13
1.17623	14
1.17629	15
1.17636	16
1.17643	17
1.1765	18
1.17658	19
1.17666	5
1.17667	6
1.17667	7
1.17667	8
1.17667	9
1.17668	10
1.17669	5
1.17673	6
1.17674	7
1.17674	8
1.17674	9
1.17674	10
1.17674	11
1.17681	12
1.17687	13
1.17693	14
1.17699	15
1.17706	16
1.17713	17
1.1772	18
1.17728	19
1.17736	5
1.17737	6
1.17737	7
1.17737	8
1.17737	9
1.17737	10
1.17739	5
1.17743	6
1.17743	7
1.17743	8
1.17743	9
1.17743	10
1.17744	11
1.1775	12
1.17756	13
1.17763	14
1.1777	15
1.17776	16
1.17783	17
1.1779	18
1.17798	19
1.17806	5
1.17806	6
1.17807	7
1.17807	8
1.17807	9
1.17807	10
1.17808	6
1.17813	7
1.17813	8
1.17813	9
1.17813	10
1.17814	11
1.17819	12
1.17825	13
1.17832	14
1.17839	15
1.17846	16
1.17853	17
1.1786	18
1.17868	19
1.17876	5
1.17876	6
1.17876	7
1.17877	8
1.17877	9
1.17877	10
1.17878	6
1.17882	7
1.17882	8
1.17883	9
1.17883	10
1.17883	11
1.17889	12
1.17895	13
1.17901	14
1.17908	15
1.17916	16
1.17924	17
1.1793	18
1.17938	19
1.17946	5
1.17946	6
1.17946	7
1.17946	8
1.17947	9
1.17947	10
1.17948	6
1.17952	7
1.17952	8
1.17952	9
1.17952	10
1.17953	11
1.17959	12
1.17964	13
1.17971	14
1.17978	15
1.17985	16
1.17993	17
1.18001	18
1.18008	19
1.18016	5
1.18016	6
1.18016	7
1.18017	8
1.18017	9
1.18017	10
1.18018	6
1.18022	7
1.18022	8
1.18022	9
1.18022	10
1.18023	11
1.18028	12
1.18034	13
1.1804	14
1.18047	15
1.18054	16
1.18062	17
1.1807	18
1.18079	19
1.18086	5
1.18087	6
1.18087	7
1.18087	8
1.18087	9
1.18087	10
1.18089	6
1.18092	7
1.18092	8
1.18092	9
1.18093	10
1.18093	11
1.18098	12
1.18104	13
1.1811	14
1.18117	15
1.18124	16
1.18131	17
1.18139	18
1.18148	19
1.18156	5
1.18157	6
1.18157	7
1.18157	8
1.18157	9
1.18157	10
1.18159	5
1.18162	6
1.18162	7
1.18163	8
1.18163	9
1.18163	10
1.18163	11
1.18169	12
1.18174	13
1.1818	14
1.18187	15
1.18194	16
1.18201	17
1.18209	18
1.18217	19
1.18225	5
1.18226	6
1.18226	7
1.18227	8
1.18227	9
1.18227	10
1.18228	5
1.18233	6
1.18233	7
1.18233	8
1.18233	9
1.18233	10
1.18234	11
1.18239	12
1.18244	13
1.1825	14
1.18256	15
1.18263	16
1.18271	17
1.18278	18
1.18287	19
1.18294	5
1.18295	6
1.18296	7
1.18296	8
1.18296	9
1.18296	10
1.18298	5
1.18302	6
1.18302	7
1.18302	8
1.18303	9
1.18303	10
1.18303	11
1.18309	12
1.18314	13
1.1832	14
1.18326	15
1.18333	16
1.1834	17
1.18348	18
1.18356	19
1.18364	5
1.18365	6
1.18365	7
1.18365	8
1.18365	9
1.18365	10
1.18367	5
1.18371	6
1.18372	7
1.18372	8
1.18372	9
1.18372	10
1.18372	11
1.18379	12
1.18385	13
1.1839	14
1.18396	15
1.18403	16
1.1841	17
1.18418	18
1.18426	19
1.18433	5
1.18434	6
1.18435	7
1.18435	8
1.18435	9
1.18435	10
1.18436	5
1.18441	6
1.18441	7
1.18441	8
1.18441	9
1.18441	10
1.18442	11
1.18448	12
1.18454	13
1.18461	14
1.18467	15
1.18473	16
1.1848	17
1.18488	18
1.18495	19
1.18503	5
1.18504	6
1.18504	7
1.18504	8
1.18504	9
1.18504	10
1.18506	5
1.1851	6
1.1851	7
1.1851	8
1.18511	9
1.18511	10
1.18511	11
1.18517	12
1.18523	13
1.1853	14
1.18537	15
1.18543	16
1.1855	17
1.18557	18
1.18565	19
1.18573	5
1.18574	6
1.18574	7
1.18574	8
1.18574	9
1.18574	10
1.18576	6
1.1858	7
1.1858	8
1.1858	9
1.1858	10
1.18581	11
1.18587	12
1.18593	13
1.18599	14
1.18606	15
1.18614	16
1.1862	17
1.18628	18
1.18635	19
1.18643	5
1.18643	6
1.18644	7
1.18644	8
1.18644	9
1.18644	10
1.18646	6
1.1865	7
1.1865	8
1.1865	9
1.1865	10
1.18651	11
1.18656	12
1.18662	13
1.18669	14
1.18676	15
1.18683	16
1.18691	17
1.18698	18
1.18705	19
1.18713	5
1.18713	6
1.18713	7
1.18714	8
1.18714	9
1.18714	10
1.18716	6
1.18719	7
1.1872	8
1.1872	9
1.1872	10
1.1872	11
1.18726	12
1.18732	13
1.18738	14
1.18745	15
1.18752	16
1.1876	17
1.18768	18
1.18776	19
1.18783	5
1.18783	6
1.18784	7
1.18784	8
1.18784	9
1.18784	10
1.18786	6
1.18789	7
1.18789	8
1.1879	9
1.1879	10
1.1879	11
1.18796	12
1.18801	13
1.18808	14
1.18814	15
1.18822	16
1.18829	17
1.18837	18
1.18846	19
1.18853	5
1.18854	6
1.18854	7
1.18854	8
1.18854	9
1.18854	10
1.18856	6
1.18859	7
1.1886	8
1.1886	9
1.1886	10
1.1886	11
1.18866	12
1.18871	13
1.18877	14
1.18884	15
1.18891	16
1.18899	17
1.18907	18
1.18915	19
1.18924	5
1.18924	6
1.18924	7
1.18924	8
1.18925	9
1.18925	10
1.18926	5
1.1893	6
1.1893	7
1.1893	8
1.1893	9
1.1893	10
1.18931	11
1.18936	12
1.18941	13
1.18947	14
1.18954	15
1.18961	16
1.18968	17
1.18976	18
1.18985	19
1.18993	5
1.18994	6
1.18994	7
1.18994	8
1.18994	9
1.18994	10
1.18996	5
1.19	6
1.19	7
1.19	8
1.19001	9
1.19001	10
1.19001	11
1.19006	12
1.19012	13
1.19017	14
1.19024	15
1.19031	16
1.19038	17
1.19046	18
1.19054	19
1.19062	5
1.19063	6
1.19063	7
1.19063	8
1.19063	9
1.19063	10
1.19065	5
1.19069	6
1.1907	7
1.1907	8
1.1907	9
1.1907	10
1.1907	11
1.19077	12
1.19082	13
1.19087	14
1.19094	15
1.191	16
1.19108	17
1.19115	18
1.19123	19
1.19131	5
1.19132	6
1.19132	7
1.19132	8
1.19133	9
1.19133	10
1.19134	5
1.19139	6
1.19139	7
1.19139	8
1.19139	9
1.19139	10
1.1914	11
1.19146	12
1.19152	13
1.19158	14
1.19164	15
1.1917	16
1.19177	17
1.19185	18
1.19193	19
1.19201	5
1.19202	6
1.19202	7
1.19202	8
1.19202	9
1.19202	10
1.19204	5
1.19208	6
1.19208	7
1.19208	8
1.19208	9
1.19209	10
1.19209	11
1.19215	12
1.19221	13
1.19228	14
1.19234	15
1.1924	16
1.19247	17
1.19255	18
1.19263	19
1.1927	5
1.19271	6
1.19271	7
1.19272	8
1.19272	9
1.19272	10
1.19273	5
1.19278	6
1.19278	7
1.19278	8
1.19278	9
1.19278	10
1.19278	11
1.19284	12
1.19291	13
1.19297	14
1.19304	15
1.19311	16
1.19317	17
1.19325	18
1.19332	19
1.1934	5
1.19341	6
1.19341	7
1.19341	8
1.19341	9
1.19341	10
1.19343	6
1.19347	7
1.19347	8
1.19347	9
1.19347	10
1.19348	11
1.19354	12
1.1936	13
1.19366	14
1.19374	15
1.19381	16
1.19388	17
1.19395	18
1.19402	19
1.1941	5
1.19411	6
1.19411	7
1.19411	8
1.19411	9
1.19411	10
1.19413	6
1.19417	7
1.19417	8
1.19417	9
1.19417	10
1.19418	11
1.19423	12
1.19429	13
1.19436	14
1.19443	15
1.1945	16
1.19458	17
1.19465	18
1.19472	19
1.1948	5
1.1948	6
1.19481	7
1.19481	8
1.19481	9
1.19481	10
1.19483	6
1.19487	7
1.19487	8
1.19487	9
1.19487	10
1.19488	11
1.19493	12
1.19499	13
1.19505	14
1.19512	15
1.19519	16
1.19527	17
1.19535	18
1.19543	19
1.1955	5
1.19551	6
1.19551	7
1.19551	8
1.19551	9
1.19551	10
1.19553	6
1.19557	7
1.19557	8
1.19557	9
1.19557	10
1.19558	11
1.19563	12
1.19569	13
1.19575	14
1.19582	15
1.19589	16
1.19597	17
1.19605	18
1.19613	19
1.19621	5
1.19621	6
1.19621	7
1.19621	8
1.19621	9
1.19622	10
1.19623	6
1.19627	7
1.19627	8
1.19627	9
1.19627	10
1.19628	11
1.19633	12
1.19638	13
1.19645	14
1.19651	15
1.19658	16
1.19666	17
1.19674	18
1.19682	19
1.19691	5
1.19691	6
1.19692	7
1.19692	8
1.19692	9
1.19692	10
1.19694	5
1.19697	6
1.19697	7
1.19697	8
1.19697	9
1.19697	10
1.19698	11
1.19703	12
1.19709	13
1.19715	14
1.19721	15
1.19728	16
1.19736	17
1.19743	18
1.19752	19
1.1976	5
1.19761	6
1.19761	7
1.19761	8
1.19761	9
1.19761	10
1.19763	5
1.19768	6
1.19768	7
1.19768	8
1.19768	9
1.19768	10
1.19768	11
1.19774	12
1.19779	13
1.19785	14
1.19791	15
1.19798	16
1.19805	17
1.19813	18
1.19821	19
1.19829	5
1.1983	6
1.1983	7
1.1983	8
1.1983	9
1.19831	10
1.19832	5
1.19837	6
1.19837	7
1.19837	8
1.19837	9
1.19837	10
1.19838	11
1.19844	12
1.19849	13
1.19855	14
1.19861	15
1.19868	16
1.19875	17
1.19883	18
1.19891	19
1.19898	5
1.19899	6
1.199	7
1.199	8
1.199	9
1.199	10
1.19902	5
1.19906	6
1.19906	7
1.19906	8
1.19906	9
1.19906	10
1.19907	11
1.19913	12
1.19919	13
1.19925	14
1.19931	15
1.19938	16
1.19945	17
1.19952	18
1.1996	19
1.19968	5
1.19969	6
1.19969	7
1.19969	8
1.19969	9
1.19969	10
1.19971	5
1.19975	6
1.19975	7
1.19976	8
1.19976	9
1.19976	10
1.19976	11
1.19982	12
1.19989	13
1.19995	14
1.20001	15
1.20008	16
1.20015	17
1.20022	18
1.2003	19
1.20038	5
1.20038	6
1.20039	7
1.20039	8
1.20039	9
1.20039	10
1.20041	5
1.20045	6
1.20045	7
1.20045	8
1.20045	9
1.20045	10
1.20046	11
1.20052	12
1.20058	13
1.20065	14
1.20072	15
1.20078	16
1.20085	17
1.20092	18
1.201	19
1.20108	5
1.20108	6
1.20108	7
1.20109	8
1.20109	9
1.20109	10
1.2011	6
1.20114	7
1.20115	8
1.20115	9
1.20115	10
1.20115	11
1.20121	12
1.20127	13
1.20134	14
1.20141	15
1.20148	16
1.20155	17
1.20162	18
1.2017	19
1.20178	5
1.20178	6
1.20178	7
1.20178	8
1.20178	9
1.20179	10
1.2018	6
1.20184	7
1.20184	8
1.20184	9
1.20184	10
1.20185	11
1.20191	12
1.20197	13
1.20203	14
1.2021	15
1.20218	16
1.20225	17
1.20232	18
1.2024	19
1.20247	5
1.20248	6
1.20248	7
1.20248	8
1.20248	9
1.20249	10
1.2025	6
1.20254	7
1.20254	8
1.20254	9
1.20254	10
1.20255	11
1.2026	12
1.20266	13
1.20273	14
1.20279	15
1.20287	16
1.20295	17
1.20303	18
1.2031	19
1.20318	5
1.20318	6
1.20318	7
1.20318	8
1.20318	9
1.20319	10
1.2032	6
1.20324	7
1.20324	8
1.20324	9
1.20324	10
1.20325	11
1.2033	12
1.20336	13
1.20342	14
1.20349	15
1.20356	16
1.20364	17
1.20372	18
1.20381	19
1.20388	5
1.20388	6
1.20388	7
1.20389	8
1.20389	9
1.20389	10
1.2039	6
1.20394	7
1.20394	8
1.20394	9
1.20394	10
1.20395	11
1.204	12
1.20406	13
1.20412	14
1.20419	15
1.20426	16
1.20433	17
1.20441	18
1.2045	19
1.20458	5
1.20459	6
1.20459	7
1.20459	8
1.20459	9
1.20459	10
1.20461	5
1.20464	6
1.20464	7
1.20464	8
1.20465	9
1.20465	10
1.20465	11
1.2047	12
1.20476	13
1.20482	14
1.20488	15
1.20495	16
1.20503	17
1.20511	18
1.20519	19
1.20527	5
1.20528	6
1.20528	7
1.20528	8
1.20529	9
1.20529	10
1.2053	5
1.20535	6
1.20535	7
1.20535	8
1.20535	9
1.20535	10
1.20536	11
1.20541	12
1.20546	13
1.20552	14
1.20558	15
1.20565	16
1.20572	17
1.2058	18
1.20588	19
1.20596	5
1.20597	6
1.20598	7
1.20598	8
1.20598	9
1.20598	10
1.20599	5
1.20604	6
1.20604	7
1.20604	8
1.20604	9
1.20604	10
1.20605	11
1.20611	12
1.20616	13
1.20622	14
1.20628	15
1.20635	16
1.20642	17
1.2065	18
1.20658	19
1.20666	5
1.20667	6
1.20667	7
1.20667	8
1.20667	9
1.20667	10
1.20669	5
1.20673	6
1.20673	7
1.20673	8
1.20674	9
1.20674	10
1.20674	11
1.2068	12
1.20687	13
1.20692	14
1.20698	15
1.20705	16
1.20712	17
1.2072	18
1.20727	19
1.20735	5
1.20736	6
1.20736	7
1.20736	8
1.20737	9
1.20737	10
1.20738	5
1.20743	6
1.20743	7
1.20743	8
1.20743	9
1.20743	10
1.20744	11
1.2075	12
1.20756	13
1.20763	14
1.20768	15
1.20775	16
1.20782	17
1.20789	18
1.20797	19
1.20805	5
1.20806	6
1.20806	7
1.20806	8
1.20806	9
1.20806	10
1.20808	5
1.20812	6
1.20812	7
1.20812	8
1.20812	9
1.20813	10
1.20813	11
1.20819	12
1.20825	13
1.20832	14
1.20839	15
1.20845	16
1.20852	17
1.20859	18
1.20867	19
1.20875	5
1.20875	6
1.20876	7
1.20876	8
1.20876	9
1.20876	10
1.20878	6
1.20882	7
1.20882	8
1.20882	9
1.20882	10
1.20883	11
1.20888	12
1.20894	13
1.20901	14
1.20908	15
1.20916	16
1.20922	17
1.20929	18
1.20937	19
1.20945	5
1.20945	6
1.20946	7
1.20946	8
1.20946	9
1.20946	10
1.20947	6
1.20951	7
1.20952	8
1.20952	9
1.20952	10
1.20952	11
1.20958	12
1.20964	13
1.2097	14
1.20977	15
1.20985	16
1.20993	17
1.21	18
1.21007	19
1.21015	5
1.21015	6
1.21015	7
1.21015	8
1.21016	9
1.21016	10
1.21017	6
1.21021	7
1.21021	8
1.21021	9
1.21022	10
1.21022	11
1.21028	12
1.21033	13
1.2104	14
1.21047	15
1.21054	16
1.21062	17
1.2107	18
1.21077	19
1.21085	5
1.21085	6
1.21085	7
1.21086	8
1.21086	9
1.21086	10
1.21087	6
1.21091	7
1.21091	8
1.21091	9
1.21092	10
1.21092	11
1.21098	12
1.21103	13
1.21109	14
1.21116	15
1.21123	16
1.21131	17
1.21139	18
1.21148	19
1.21155	5
1.21156	6
1.21156	7
1.21156	8
1.21156	9
1.21156	10
1.21158	6
1.21161	7
1.21161	8
1.21162	9
1.21162	10
1.21162	11
1.21168	12
1.21173	13
1.21179	14
1.21186	15
1.21193	16
1.212	17
1.21208	18
1.21217	19
1.21226	5
1.21226	6
1.21226	7
1.21226	8
1.21226	9
1.21227	10
1.21228	5
1.21231	6
1.21232	7
1.21232	8
1.21232	9
1.21232	10
1.21232	11
1.21238	12
1.21243	13
1.21249	14
1.21256	15
1.21263	16
1.2127	17
1.21278	18
1.21286	19
1.21294	5
1.21295	6
1.21296	7
1.21296	8
1.21296	9
1.21296	10
1.21297	5
1.21302	6
1.21302	7
1.21302	8
1.21302	9
1.21303	10
1.21303	11
1.21308	12
1.21313	13
1.21319	14
1.21325	15
1.21332	16
1.2134	17
1.21347	18
1.21356	19
1.21363	5
1.21365	6
1.21365	7
1.21365	8
1.21365	9
1.21365	10
1.21367	5
1.21371	6
1.21371	7
1.21372	8
1.21372	9
1.21372	10
1.21372	11
1.21379	12
1.21384	13
1.21389	14
1.21395	15
1.21402	16
1.21409	17
1.21417	18
1.21425	19
1.21433	5
1.21434	6
1.21434	7
1.21434	8
1.21434	9
1.21435	10
1.21436	5
1.21441	6
1.21441	7
1.21441	8
1.21441	9
1.21441	10
1.21441	11
1.21448	12
1.21454	13
1.21459	14
1.21466	15
1.21472	16
1.21479	17
1.21487	18
1.21495	19
1.21503	5
1.21503	6
1.21504	7
1.21504	8
1.21504	9
1.21504	10
1.21506	5
1.2151	6
1.2151	7
1.2151	8
1.2151	9
1.2151	10
1.21511	11
1.21517	12
1.21523	13
1.2153	14
1.21536	15
1.21542	16
1.21549	17
1.21557	18
1.21564	19
1.21572	5
1.21573	6
1.21573	7
1.21573	8
1.21573	9
1.21574	10
1.21575	5
1.21579	6
1.21579	7
1.2158	8
1.2158	9
1.2158	10
1.2158	11
1.21586	12
1.21592	13
1.21599	14
1.21606	15
1.21612	16
1.21619	17
1.21627	18
1.21634	19
1.21642	5
1.21643	6
1.21643	7
1.21643	8
1.21643	9
1.21643	10
1.21645	6
1.21649	7
1.21649	8
1.21649	9
1.21649	10
1.2165	11
1.21656	12
1.21662	13
1.21668	14
1.21675	15
1.21683	16
1.21689	17
1.21697	18
1.21704	19
1.21712	5
1.21713	6
1.21713	7
1.21713	8
1.21713	9
1.21713	10
1.21715	6
1.21719	7
1.21719	8
1.21719	9
1.21719	10
1.2172	11
1.21725	12
1.21731	13
1.21738	14
1.21745	15
1.21752	16
1.2176	17
1.21767	18
1.21774	19
1.21782	5
1.21782	6
1.21782	7
1.21783	8
1.21783	9
1.21783	10
1.21785	6
1.21789	7
1.21789	8
1.21789	9
1.21789	10
1.21789	11
1.21795	12
1.21801	13
1.21807	14
1.21814	15
1.21821	16
1.21829	17
1.21837	18
1.21845	19
1.21852	5
1.21852	6
1.21853	7
1.21853	8
1.21853	9
1.21853	10
1.21855	6
1.21858	7
1.21859	8
1.21859	9
1.21859	10
1.21859	11
1.21865	12
1.2187	13
1.21877	14
1.21883	15
1.21891	16
1.21898	17
1.21907	18
1.21915	19
1.21923	5
1.21923	6
1.21923	7
1.21923	8
1.21923	9
1.21923	10
1.21925	6
1.21929	7
1.21929	8
1.21929	9
1.21929	10
1.21929	11
1.21935	12
1.2194	13
1.21946	14
1.21953	15
1.2196	16
1.21968	17
1.21976	18
1.21984	19
1.21993	5
1.21993	6
1.21993	7
1.21994	8
1.21994	9
1.21994	10
1.21995	5
1.21999	6
1.21999	7
1.21999	8
1.21999	9
1.21999	10
1.22	11
1.22005	12
1.2201	13
1.22016	14
1.22023	15
1.2203	16
1.22037	17
1.22045	18
1.22054	19
1.22062	5
1.22063	6
1.22063	7
1.22063	8
1.22063	9
1.22063	10
1.22065	5
1.22069	6
1.22069	7
1.2207	8
1.2207	9
1.2207	10
1.2207	11
1.22075	12
1.22081	13
1.22086	14
1.22093	15
1.221	16
1.22107	17
1.22115	18
1.22123	19
1.22131	5
1.22132	6
1.22132	7
1.22132	8
1.22132	9
1.22132	10
1.22134	5
1.22139	6
1.22139	7
1.22139	8
1.22139	9
1.22139	10
1.2214	11
1.22146	12
1.22151	13
1.22156	14
1.22163	15
1.22169	16
1.22177	17
1.22184	18
1.22192	19
1.222	5
1.22201	6
1.22201	7
1.22202	8
1.22202	9
1.22202	10
1.22203	5
1.22208	6
1.22208	7
1.22208	8
1.22208	9
1.22208	10
1.22209	11
1.22215	12
1.22221	13
1.22227	14
1.22233	15
1.22239	16
1.22247	17
1.22254	18
1.22262	19
1.2227	5
1.22271	6
1.22271	7
1.22271	8
1.22271	9
1.22271	10
1.22273	5
1.22277	6
1.22277	7
1.22277	8
1.22278	9
1.22278	10
1.22278	11
1.22284	12
1.2229	13
1.22297	14
1.22303	15
1.22309	16
1.22316	17
1.22324	18
1.22332	19
1.2234	5
1.2234	6
1.22341	7
1.22341	8
1.22341	9
1.22341	10
1.22342	5
1.22347	6
1.22347	7
1.22347	8
1.22347	9
1.22347	10
1.22348	11
1.22354	12
1.2236	13
1.22366	14
1.22373	15
1.2238	16
1.22387	17
1.22394	18
1.22402	19
1.22409	5
1.2241	6
1.2241	7
1.2241	8
1.2241	9
1.22411	10
1.22412	6
1.22416	7
1.22416	8
1.22416	9
1.22417	10
1.22417	11
1.22423	12
1.22429	13
1.22436	14
1.22443	15
1.2245	16
1.22457	17
1.22464	18
1.22472	19
1.22479	5
1.2248	6
1.2248	7
1.2248	8
1.2248	9
1.2248	10
1.22482	6
1.22486	7
1.22486	8
1.22486	9
1.22486	10
1.22487	11
1.22493	12
1.22498	13
1.22505	14
1.22512	15
1.22519	16
1.22527	17
1.22534	18
1.22541	19
1.22549	5
1.2255	6
1.2255	7
1.2255	8
1.2255	9
1.2255	10
1.22552	6
1.22556	7
1.22556	8
1.22556	9
1.22556	10
1.22557	11
1.22562	12
1.22568	13
1.22574	14
1.22581	15
1.22589	16
1.22596	17
1.22605	18
1.22612	19
1.22619	5
1.2262	6
1.2262	7
1.2262	8
1.2262	9
1.2262	10
1.22622	6
1.22626	7
1.22626	8
1.22626	9
1.22626	10
1.22627	11
1.22632	12
1.22638	13
1.22644	14
1.22651	15
1.22658	16
1.22666	17
1.22674	18
1.22682	19
1.2269	5
1.2269	6
1.2269	7
1.2269	8
1.22691	9
1.22691	10
1.22692	6
1.22696	7
1.22696	8
1.22696	9
1.22696	10
1.22697	11
1.22702	12
1.22708	13
1.22714	14
1.2272	15
1.22727	16
1.22735	17
1.22743	18
1.22752	19
1.2276	5
1.22761	6
1.22761	7
1.22761	8
1.22761	9
1.22761	10
1.22763	5
1.22766	6
1.22766	7
1.22766	8
1.22766	9
1.22766	10
1.22767	11
1.22772	12
1.22778	13
1.22784	14
1.2279	15
1.22797	16
1.22805	17
1.22813	18
1.22821	19
1.22829	5
1.2283	6
1.2283	7
1.2283	8
1.2283	9
1.2283	10
1.22832	5
1.22837	6
1.22837	7
1.22837	8
1.22837	9
1.22837	10
1.22838	11
1.22843	12
1.22848	13
1.22854	14
1.2286	15
1.22867	16
1.22874	17
1.22882	18
1.2289	19
1.22898	5
1.22899	6
1.22899	7
1.22899	8
1.229	9
1.229	10
1.22901	5
1.22906	6
1.22906	7
1.22906	8
1.22906	9
1.22906	10
1.22907	11
1.22913	12
1.22918	13
1.22924	14
1.2293	15
1.22937	16
1.22944	17
1.22952	18
1.2296	19
1.22968	5
1.22968	6
1.22969	7
1.22969	8
1.22969	9
1.22969	10
1.22971	5
1.22975	6
1.22975	7
1.22975	8
1.22975	9
1.22976	10
1.22976	11
1.22982	12
1.22989	13
1.22994	14
1.23	15
1.23007	16
1.23014	17
1.23021	18
1.23029	19
1.23037	5
1.23038	6
1.23038	7
1.23038	8
1.23038	9
1.23039	10
1.2304	5
1.23044	6
1.23045	7
1.23045	8
1.23045	9
1.23045	10
1.23045	11
1.23052	12
1.23058	13
1.23064	14
1.2307	15
1.23077	16
1.23084	17
1.23091	18
1.23099	19
1.23107	5
1.23108	6
1.23108	7
1.23108	8
1.23108	9
1.23108	10
1.2311	5
1.23114	6
1.23114	7
1.23114	8
1.23114	9
1.23114	10
1.23115	11
1.23121	12
1.23127	13
1.23134	14
1.23141	15
1.23147	16
1.23154	17
1.23161	18
1.23169	19
1.23177	5
1.23177	6
1.23177	7
1.23178	8
1.23178	9
1.23178	10
1.23179	6
1.23184	7
1.23184	8
1.23184	9
1.23184	10
1.23184	11
1.2319	12
1.23196	13
1.23203	14
1.2321	15
1.23217	16
1.23224	17
1.23231	18
1.23239	19
1.23247	5
1.23247	6
1.23247	7
1.23247	8
1.23248	9
1.23248	10
1.23249	6
1.23253	7
1.23253	8
1.23253	9
1.23254	10
1.23254	11
1.2326	12
1.23266	13
1.23272	14
1.23279	15
1.23287	16
1.23294	17
1.23301	18
1.23309	19
1.23317	5
1.23317	6
1.23317	7
1.23317	8
1.23318	9
1.23318	10
1.23319	6
1.23323	7
1.23323	8
1.23323	9
1.23323	10
1.23324	11
1.2333	12
1.23335	13
1.23342	14
1.23349	15
1.23356	16
1.23364	17
1.23372	18
1.23379	19
1.23387	5
1.23387	6
1.23387	7
1.23387	8
1.23388	9
1.23388	10
1.23389	6
1.23393	7
1.23393	8
1.23393	9
1.23393	10
1.23394	11
1.23399	12
1.23405	13
1.23411	14
1.23418	15
1.23425	16
1.23433	17
1.23441	18
1.2345	19
1.23457	5
1.23457	6
1.23458	7
1.23458	8
1.23458	9
1.23458	10
1.23459	6
1.23463	7
1.23463	8
1.23463	9
1.23463	10
1.23464	11
1.23469	12
1.23475	13
1.23481	14
1.23488	15
1.23495	16
1.23502	17
1.2351	18
1.23519	19
1.23527	5
1.23528	6
1.23528	7
1.23528	8
1.23528	9
1.23528	10
1.2353	5
1.23533	6
1.23533	7
1.23534	8
1.23534	9
1.23534	10
1.23534	11
1.23539	12
1.23545	13
1.23551	14
1.23557	15
1.23564	16
1.23572	17
1.2358	18
1.23588	19
1.23596	5
1.23597	6
1.23597	7
1.23598	8
1.23598	9
1.23598	10
1.23599	5
1.23604	6
1.23604	7
1.23604	8
1.23604	9
1.23604	10
1.23605	11
1.2361	12
1.23615	13
1.23621	14
1.23627	15
1.23634	16
1.23642	17
1.23649	18
1.23657	19
1.23665	5
1.23666	6
1.23667	7
1.23667	8
1.23667	9
1.23667	10
1.23669	5
1.23673	6
1.23673	7
1.23673	8
1.23673	9
1.23674	10
1.23674	11
1.2368	12
1.23685	13
1.23691	14
1.23697	15
1.23704	16
1.23711	17
1.23719	18
1.23727	19
1.23735	5
1.23736	6
1.23736	7
1.23736	8
1.23736	9
1.23736	10
1.23738	5
1.23742	6
1.23742	7
1.23743	8
1.23743	9
1.23743	10
1.23743	11
1.2375	12
1.23756	13
1.23761	14
1.23767	15
1.23774	16
1.23781	17
1.23789	18
1.23797	19
1.23804	5
1.23805	6
1.23805	7
1.23806	8
1.23806	9
1.23806	10
1.23807	5
1.23812	6
1.23812	7
1.23812	8
1.23812	9
1.23812	10
1.23813	11
1.23819	12
1.23825	13
1.23832	14
1.23838	15
1.23844	16
1.23851	17
1.23858	18
1.23866	19
1.23874	5
1.23875	6
1.23875	7
1.23875	8
1.23875	9
1.23875	10
1.23877	5
1.23881	6
1.23881	7
1.23881	8
1.23882	9
1.23882	10
1.23882	11
1.23888	12
1.23894	13
1.23901	14
1.23908	15
1.23914	16
1.23921	17
1.23928	18
1.23936	19
1.23944	5
1.23945	6
1.23945	7
1.23945	8
1.23945	9
1.23945	10
1.23947	6
1.23951	7
1.23951	8
1.23951	9
1.23951	10
1.23952	11
1.23958	12
1.23964	13
1.2397	14
1.23977	15
1.23985	16
1.23991	17
1.23999	18
1.24006	19
1.24014	5
1.24014	6
1.24015	7
1.24015	8
1.24015	9
1.24015	10
1.24017	6
1.2402	7
1.24021	8
1.24021	9
1.24021	10
1.24021	11
1.24027	12
1.24033	13
1.24039	14
1.24046	15
1.24054	16
1.24062	17
1.24069	18
1.24076	19
1.24084	5
1.24084	6
1.24084	7
1.24085	8
1.24085	9
1.24085	10
1.24086	6
1.2409	7
1.2409	8
1.24091	9
1.24091	10
1.24091	11
1.24097	12
1.24103	13
1.24109	14
1.24116	15
1.24123	16
1.24131	17
1.24139	18
1.24146	19
1.24154	5
1.24154	6
1.24155	7
1.24155	8
1.24155	9
1.24155	10
1.24157	6
1.2416	7
1.2416	8
1.24161	9
1.24161	10
1.24161	11
1.24167	12
1.24172	13
1.24179	14
1.24185	15
1.24193	16
1.242	17
1.24208	18
1.24217	19
1.24224	5
1.24225	6
1.24225	7
1.24225	8
1.24225	9
1.24225	10
1.24227	6
1.2423	7
1.2423	8
1.24231	9
1.24231	10
1.24231	11
1.24237	12
1.24242	13
1.24248	14
1.24255	15
1.24262	16
1.2427	17
1.24278	18
1.24286	19
1.24295	5
1.24295	6
1.24295	7
1.24295	8
1.24296	9
1.24296	10
1.24297	5
1.24301	6
1.24301	7
1.24301	8
1.24301	9
1.24301	10
1.24302	11
1.24307	12
1.24312	13
1.24318	14
1.24325	15
1.24332	16
1.24339	17
1.24347	18
1.24356	19
1.24364	5
1.24365	6
1.24365	7
1.24365	8
1.24365	9
1.24365	10
1.24367	5
1.24371	6
1.24371	7
1.24371	8
1.24372	9
1.24372	10
1.24372	11
1.24377	12
1.24382	13
1.24388	14
1.24395	15
1.24401	16
1.24409	17
1.24417	18
1.24425	19
1.24433	5
1.24434	6
1.24434	7
1.24434	8
1.24434	9
1.24434	10
1.24436	5
1.2444	6
1.24441	7
1.24441	8
1.24441	9
1.24441	10
1.24441	11
1.24448	12
1.24453	13
1.24458	14
1.24465	15
1.24471	16
1.24479	17
1.24486	18
1.24494	19
1.24502	5
1.24503	6
1.24503	7
1.24503	8
1.24504	9
1.24504	10
1.24505	5
1.2451	6
1.2451	7
1.2451	8
1.2451	9
1.2451	10
1.24511	11
1.24517	12
1.24523	13
1.24529	14
1.24535	15
1.24541	16
1.24548	17
1.24556	18
1.24564	19
1.24572	5
1.24572	6
1.24573	7
1.24573	8
1.24573	9
1.24573	10
1.24575	5
1.24579	6
1.24579	7
1.24579	8
1.24579	9
1.24579	10
1.2458	11
1.24586	12
1.24592	13
1.24599	14
1.24605	15
1.24611	16
1.24618	17
1.24626	18
1.24634	19
1.24641	5
1.24642	6
1.24642	7
1.24642	8
1.24643	9
1.24643	10
1.24644	5
1.24648	6
1.24649	7
1.24649	8
1.24649	9
1.24649	10
1.24649	11
1.24655	12
1.24662	13
1.24668	14
1.24675	15
1.24682	16
1.24688	17
1.24696	18
1.24703	19
1.24711	5
1.24712	6
1.24712	7
1.24712	8
1.24712	9
1.24712	10
1.24714	6
1.24718	7
1.24718	8
1.24718	9
1.24718	10
1.24719	11
1.24725	12
1.24731	13
1.24737	14
1.24745	15
1.24752	16
1.24759	17
1.24766	18
1.24773	19
1.24781	5
1.24782	6
1.24782	7
1.24782	8
1.24782	9
1.24782	10
1.24784	6
1.24788	7
1.24788	8
1.24788	9
1.24788	10
1.24789	11
1.24794	12
1.248	13
1.24807	14
1.24814	15
1.24821	16
1.24829	17
1.24836	18
1.24843	19
1.24851	5
1.24851	6
1.24852	7
1.24852	8
1.24852	9
1.24852	10
1.24854	6
1.24858	7
1.24858	8
1.24858	9
1.24858	10
1.24859	11
1.24864	12
1.2487	13
1.24876	14
1.24883	15
1.2489	16
1.24898	17
1.24906	18
1.24914	19
1.24921	5
1.24922	6
1.24922	7
1.24922	8
1.24922	9
1.24922	10
1.24924	6
1.24928	7
1.24928	8
1.24928	9
1.24928	10
1.24929	11
1.24934	12
1.2494	13
1.24946	14
1.24953	15
1.2496	16
1.24967	17
1.24976	18
1.24984	19
1.24992	5
1.24992	6
1.24992	7
1.24992	8
1.24992	9
1.24992	10
1.24994	6
1.24998	7
1.24998	8
1.24998	9
1.24998	10
1.24999	11
1.25004	12
1.25009	13
1.25016	14
1.25022	15
1.25029	16
1.25037	17
1.25045	18
1.25053	19
1.25062	5
1.25062	6
1.25063	7
1.25063	8
1.25063	9
1.25063	10
1.25064	5
1.25068	6
1.25068	7
1.25068	8
1.25068	9
1.25068	10
1.25069	11
1.25074	12
1.2508	13
1.25086	14
1.25092	15
1.25099	16
1.25106	17
1.25114	18
1.25123	19
1.25131	5
1.25132	6
1.25132	7
1.25132	8
1.25132	9
1.25132	10
1.25134	5
1.25138	6
1.25139	7
1.25139	8
1.25139	9
1.25139	10
1.25139	11
1.25144	12
1.2515	13
1.25156	14
1.25162	15
1.25169	16
1.25176	17
1.25184	18
1.25192	19
1.252	5
1.25201	6
1.25201	7
1.25201	8
1.25201	9
1.25202	10
1.25203	5
1.25208	6
1.25208	7
1.25208	8
1.25208	9
1.25208	10
1.25209	11
1.25215	12
1.2522	13
1.25226	14
1.25232	15
1.25239	16
1.25246	17
1.25253	18
1.25262	19
1.25269	5
1.2527	6
1.25271	7
1.25271	8
1.25271	9
1.25271	10
1.25272	5
1.25277	6
1.25277	7
1.25277	8
1.25277	9
1.25277	10
1.25278	11
1.25284	12
1.2529	13
1.25296	14
1.25302	15
1.25309	16
1.25316	17
1.25323	18
1.25331	19
1.25339	5
1.2534	6
1.2534	7
1.2534	8
1.2534	9
1.2534	10
1.25342	5
1.25346	6
1.25346	7
1.25347	8
1.25347	9
1.25347	10
1.25347	11
1.25353	12
1.2536	13
1.25366	14
1.25372	15
1.25379	16
1.25386	17
1.25393	18
1.25401	19
1.25409	5
1.25409	6
1.2541	7
1.2541	8
1.2541	9
1.2541	10
1.25412	5
1.25416	6
1.25416	7
1.25416	8
1.25416	9
1.25416	10
1.25417	11
1.25423	12
1.25429	13
1.25435	14
1.25443	15
1.25449	16
1.25456	17
1.25463	18
1.25471	19
1.25478	5
1.25479	6
1.25479	7
1.25479	8
1.2548	9
1.2548	10
1.25481	6
1.25485	7
1.25485	8
1.25486	9
1.25486	10
1.25486	11
1.25492	12
1.25498	13
1.25505	14
1.25512	15
1.25519	16
1.25526	17
1.25533	18
1.25541	19
1.25548	5
1.25549	6
1.25549	7
1.25549	8
1.25549	9
1.2555	10
1.25551	6
1.25555	7
1.25555	8
1.25555	9
1.25555	10
1.25556	11
1.25562	12
1.25568	13
1.25574	14
1.25581	15
1.25588	16
1.25596	17
1.25603	18
1.25611	19
1.25618	5
1.25619	6
1.25619	7
1.25619	8
1.25619	9
1.25619	10
1.25621	6
1.25625	7
1.25625	8
1.25625	9
1.25625	10
1.25626	11
1.25631	12
1.25637	13
1.25644	14
1.2565	15
1.25658	16
1.25666	17
1.25674	18
1.25681	19
1.25688	5
1.25689	6
1.25689	7
1.25689	8
1.25689	9
1.2569	10
1.25691	6
1.25695	7
1.25695	8
1.25695	9
1.25695	10
1.25696	11
1.25701	12
1.25707	13
1.25713	14
1.2572	15
1.25727	16
1.25735	17
1.25743	18
1.25751	19
1.25759	5
1.25759	6
1.25759	7
1.2576	8
1.2576	9
1.2576	10
1.25761	6
1.25765	7
1.25765	8
1.25765	9
1.25765	10
1.25766	11
1.25771	12
1.25777	13
1.25783	14
1.25789	15
1.25797	16
1.25804	17
1.25812	18
1.25821	19
1.25829	5
1.2583	6
1.2583	7
1.2583	8
1.2583	9
1.2583	10
1.25832	5
1.25835	6
1.25835	7
1.25835	8
1.25835	9
1.25836	10
1.25836	11
1.25841	12
1.25847	13
1.25853	14
1.25859	15
1.25866	16
1.25874	17
1.25882	18
1.2589	19
1.25898	5
1.25899	6
1.25899	7
1.25899	8
1.25899	9
1.259	10
1.25901	5
1.25906	6
1.25906	7
1.25906	8
1.25906	9
1.25906	10
1.25907	11
1.25912	12
1.25917	13
1.25923	14
1.25929	15
1.25936	16
1.25943	17
1.25951	18
1.25959	19
1.25967	5
1.25968	6
1.25968	7
1.25969	8
1.25969	9
1.25969	10
1.2597	5
1.25975	6
1.25975	7
1.25975	8
1.25975	9
1.25975	10
1.25976	11
1.25982	12
1.25987	13
1.25993	14
1.25999	15
1.26006	16
1.26013	17
1.26021	18
1.26029	19
1.26037	5
1.26038	6
1.26038	7
1.26038	8
1.26038	9
1.26038	10
1.2604	5
1.26044	6
1.26044	7
1.26044	8
1.26045	9
1.26045	10
1.26045	11
1.26051	12
1.26058	13
1.26063	14
1.26069	15
1.26076	16
1.26083	17
1.2609	18
1.26098	19
1.26106	5
1.26107	6
1.26107	7
1.26107	8
1.26108	9
1.26108	10
1.26109	5
1.26114	6
1.26114	7
1.26114	8
1.26114	9
1.26114	10
1.26115	11
1.26121	12
1.26127	13
1.26133	14
1.26139	15
1.26146	16
1.26153	17
1.2616	18
1.26168	19
1.26176	5
1.26177	6
1.26177	7
1.26177	8
1.26177	9
1.26177	10
1.26179	5
1.26183	6
1.26183	7
1.26183	8
1.26183	9
1.26183	10
1.26184	11
1.2619	12
1.26196	13
1.26203	14
1.2621	15
1.26216	16
1.26223	17
1.2623	18
1.26238	19
1.26246	5
1.26246	6
1.26247	7
1.26247	8
1.26247	9
1.26247	10
1.26249	6
1.26253	7
1.26253	8
1.26253	9
1.26253	10
1.26254	11
1.26259	12
1.26265	13
1.26272	14
1.26279	15
1.26287	16
1.26293	17
1.263	18
1.26308	19
1.26316	5
1.26316	6
1.26316	7
1.26317	8
1.26317	9
1.26317	10
1.26318	6
1.26322	7
1.26322	8
1.26323	9
1.26323	10
1.26323	11
1.26329	12
1.26335	13
1.26341	14
1.26348	15
1.26356	16
1.26364	17
1.26371	18
1.26378	19
1.26386	5
1.26386	6
1.26386	7
1.26386	8
1.26387	9
1.26387	10
1.26388	6
1.26392	7
1.26392	8
1.26392	9
1.26393	10
1.26393	11
1.26399	12
1.26404	13
1.26411	14
1.26418	15
1.26425	16
1.26433	17
1.26441	18
1.26448	19
1.26456	5
1.26456	6
1.26456	7
1.26457	8
1.26457	9
1.26457	10
1.26458	6
1.26462	7
1.26462	8
1.26462	9
1.26462	10
1.26463	11
1.26468	12
1.26474	13
1.2648	14
1.26487	15
1.26494	16
1.26502	17
1.2651	18
1.26519	19
1.26526	5
1.26527	6
1.26527	7
1.26527	8
1.26527	9
1.26527	10
1.26529	6
1.26532	7
1.26532	8
1.26532	9
1.26533	10
1.26533	11
1.26538	12
1.26544	13
1.2655	14
1.26557	15
1.26564	16
1.26571	17
1.26579	18
1.26588	19
1.26597	5
1.26597	6
1.26597	7
1.26597	8
1.26597	9
1.26597	10
1.26599	5
1.26602	6
1.26603	7
1.26603	8
1.26603	9
1.26603	10
1.26603	11
1.26609	12
1.26614	13
1.2662	14
1.26627	15
1.26634	16
1.26641	17
1.26649	18
1.26657	19
1.26665	5
1.26666	6
1.26667	7
1.26667	8
1.26667	9
1.26667	10
1.26668	5
1.26673	6
1.26673	7
1.26673	8
1.26673	9
1.26673	10
1.26674	11
1.26679	12
1.26684	13
1.2669	14
1.26696	15
1.26703	16
1.26711	17
1.26718	18
1.26727	19
1.26734	5
1.26735	6
1.26736	7
1.26736	8
1.26736	9
1.26736	10
1.26738	5
1.26742	6
1.26742	7
1.26742	8
1.26743	9
1.26743	10
1.26743	11
1.26749	12
1.26754	13
1.2676	14
1.26766	15
1.26773	16
1.2678	17
1.26788	18
1.26796	19
1.26804	5
1.26805	6
1.26805	7
1.26805	8
1.26805	9
1.26805	10
1.26807	5
1.26811	6
1.26812	7
1.26812	8
1.26812	9
1.26812	10
1.26812	11
1.26819	12
1.26825	13
1.2683	14
1.26836	15
1.26843	16
1.2685	17
1.26858	18
1.26866	19
1.26873	5
1.26874	6
1.26875	7
1.26875	8
1.26875	9
1.26875	10
1.26876	5
1.26881	6
1.26881	7
1.26881	8
1.26881	9
1.26881	10
1.26882	11
1.26888	12
1.26894	13
1.26901	14
1.26907	15
1.26913	16
1.2692	17
1.26928	18
1.26935	19
1.26943	5
1.26944	6
1.26944	7
1.26944	8
1.26944	9
1.26945	10
1.26946	5
1.2695	6
1.2695	7
1.26951	8
1.26951	9
1.26951	10
1.26951	11
1.26957	12
1.26963	13
1.2697	14
1.26977	15
1.26983	16
1.2699	17
1.26998	18
1.27005	19
1.27013	5
1.27014	6
1.27014	7
1.27014	8
1.27014	9
1.27014	10
1.27016	6
1.2702	7
1.2702	8
1.2702	9
1.2702	10
1.27021	11
1.27027	12
1.27033	13
1.27039	14
1.27046	15
1.27054	16
1.2706	17
1.27068	18
1.27075	19
1.27083	5
1.27083	6
1.27084	7
1.27084	8
1.27084	9
1.27084	10
1.27086	6
1.2709	7
1.2709	8
1.2709	9
1.2709	10
1.27091	11
1.27096	12
1.27102	13
1.27109	14
1.27116	15
1.27123	16
1.27131	17
1.27138	18
1.27145	19
1.27153	5
1.27153	6
1.27153	7
1.27154	8
1.27154	9
1.27154	10
1.27156	6
1.27159	7
1.2716	8
1.2716	9
1.2716	10
1.2716	11
1.27166	12
1.27172	13
1.27178	14
1.27185	15
1.27192	16
1.272	17
1.27208	18
1.27216	19
1.27223	5
1.27223	6
1.27224	7
1.27224	8
1.27224	9
1.27224	10
1.27226	6
1.27229	7
1.2723	8
1.2723	9
1.2723	10
1.2723	11
1.27236	12
1.27241	13
1.27248	14
1.27254	15
1.27262	16
1.27269	17
1.27277	18
1.27286	19
1.27293	5
1.27294	6
1.27294	7
1.27294	8
1.27294	9
1.27294	10
1.27296	6
1.27299	7
1.273	8
1.273	9
1.273	10
1.273	11
1.27306	12
1.27311	13
1.27317	14
1.27324	15
1.27331	16
1.27339	17
1.27347	18
1.27355	19
1.27364	5
1.27364	6
1.27364	7
1.27365	8
1.27365	9
1.27365	10
1.27366	5
1.2737	6
1.2737	7
1.2737	8
1.2737	9
1.2737	10
1.27371	11
1.27376	12
1.27381	13
1.27387	14
1.27394	15
1.27401	16
1.27408	17
1.27416	18
1.27425	19
1.27433	5
1.27434	6
1.27434	7
1.27434	8
1.27434	9
1.27434	10
1.27436	5
1.2744	6
1.2744	7
1.27441	8
1.27441	9
1.27441	10
1.27441	11
1.27446	12
1.27452	13
1.27457	14
1.27464	15
1.27471	16
1.27478	17
1.27486	18
1.27494	19
1.27502	5
1.27503	6
1.27503	7
1.27503	8
1.27503	9
1.27503	10
1.27505	5
1.2751	6
1.2751	7
1.2751	8
1.2751	9
1.2751	10
1.2751	11
1.27517	12
1.27522	13
1.27527	14
1.27534	15
1.2754	16
1.27548	17
1.27555	18
1.27563	19
1.27571	5
1.27572	6
1.27572	7
1.27572	8
1.27573	9
1.27573	10
1.27574	5
1.27579	6
1.27579	7
1.27579	8
1.27579	9
1.27579	10
1.2758	11
1.27586	12
1.27592	13
1.27598	14
1.27604	15
1.2761	16
1.27617	17
1.27625	18
1.27633	19
1.27641	5
1.27642	6
1.27642	7
1.27642	8
1.27642	9
1.27642	10
1.27644	5
1.27648	6
1.27648	7
1.27648	8
1.27648	9
1.27649	10
1.27649	11
1.27655	12
1.27661	13
1.27668	14
1.27674	15
1.2768	16
1.27687	17
1.27695	18
1.27703	19
1.2771	5
1.27711	6
1.27711	7
1.27712	8
1.27712	9
1.27712	10
1.27713	5
1.27718	6
1.27718	7
1.27718	8
1.27718	9
1.27718	10
1.27719	11
1.27725	12
1.27731	13
1.27737	14
1.27744	15
1.27751	16
1.27757	17
1.27765	18
1.27773	19
1.2778	5
1.27781	6
1.27781	7
1.27781	8
1.27781	9
1.27782	10
1.27783	6
1.27787	7
1.27787	8
1.27787	9
1.27788	10
1.27788	11
1.27794	12
1.278	13
1.27807	14
1.27814	15
1.27821	16
1.27828	17
1.27835	18
1.27842	19
1.2785	5
1.27851	6
1.27851	7
1.27851	8
1.27851	9
1.27851	10
1.27853	6
1.27857	7
1.27857	8
1.27857	9
1.27857	10
1.27858	11
1.27863	12
1.27869	13
1.27876	14
1.27883	15
1.2789	16
1.27898	17
1.27905	18
1.27912	19
1.2792	5
1.2792	6
1.27921	7
1.27921	8
1.27921	9
1.27921	10
1.27923	6
1.27927	7
1.27927	8
1.27927	9
1.27927	10
1.27928	11
1.27933	12
1.27939	13
1.27945	14
1.27952	15
1.2796	16
1.27967	17
1.27976	18
1.27983	19
1.2799	5
1.27991	6
1.27991	7
1.27991	8
1.27991	9
1.27991	10
1.27993	6
1.27997	7
1.27997	8
1.27997	9
1.27997	10
1.27998	11
1.28003	12
1.28009	13
1.28015	14
1.28022	15
1.28029	16
1.28037	17
1.28045	18
1.28053	19
1.28061	5
1.28061	6
1.28061	7
1.28061	8
1.28061	9
1.28062	10
1.28063	6
1.28067	7
1.28067	8
1.28067	9
1.28067	10
1.28068	11
1.28073	12
1.28079	13
1.28085	14
1.28091	15
1.28098	16
1.28106	17
1.28114	18
1.28123	19
1.28131	5
1.28132	6
1.28132	7
1.28132	8
1.28132	9
1.28132	10
1.28134	5
1.28137	6
1.28137	7
1.28137	8
1.28137	9
1.28137	10
1.28138	11
1.28143	12
1.28149	13
1.28155	14
1.28161	15
1.28168	16
1.28176	17
1.28184	18
1.28192	19
1.282	5
1.28201	6
1.28201	7
1.28201	8
1.28201	9
1.28201	10
1.28203	5
1.28208	6
1.28208	7
1.28208	8
1.28208	9
1.28208	10
1.28209	11
1.28214	12
1.28219	13
1.28225	14
1.28231	15
1.28238	16
1.28245	17
1.28253	18
1.28261	19
1.28269	5
1.2827	6
1.2827	7
1.2827	8
1.28271	9
1.28271	10
1.28272	5
1.28277	6
1.28277	7
1.28277	8
1.28277	9
1.28277	10
1.28278	11
1.28284	12
1.28289	13
1.28295	14
1.28301	15
1.28308	16
1.28315	17
1.28323	18
1.28331	19
1.28338	5
1.28339	6
1.2834	7
1.2834	8
1.2834	9
1.2834	10
1.28342	5
1.28346	6
1.28346	7
1.28346	8
1.28346	9
1.28346	10
1.28347	11
1.28353	12
1.28359	13
1.28365	14
1.28371	15
1.28378	16
1.28385	17
1.28392	18
1.284	19
1.28408	5
1.28409	6
1.28409	7
1.28409	8
1.28409	9
1.28409	10
1.28411	5
1.28415	6
1.28415	7
1.28416	8
1.28416	9
1.28416	10
1.28416	11
1.28422	12
1.28429	13
1.28435	14
1.28441	15
1.28448	16
1.28455	17
1.28462	18
1.2847	19
1.28478	5
1.28478	6
1.28479	7
1.28479	8
1.28479	9
1.28479	10
1.28481	5
1.28485	6
1.28485	7
1.28485	8
1.28485	9
1.28485	10
1.28486	11
1.28492	12
1.28498	13
1.28505	14
1.28512	15
1.28518	16
1.28525	17
1.28532	18
1.2854	19
1.28548	5
1.28548	6
1.28548	7
1.28549	8
1.28549	9
1.28549	10
1.2855	6
1.28554	7
1.28555	8
1.28555	9
1.28555	10
1.28555	11
1.28561	12
1.28567	13
1.28574	14
1.28581	15
1.28588	16
1.28595	17
1.28602	18
1.2861	19
1.28618	5
1.28618	6
1.28618	7
1.28618	8
1.28619	9
1.28619	10
1.2862	6
1.28624	7
1.28624	8
1.28624	9
1.28625	10
1.28625	11
1.28631	12
1.28637	13
1.28643	14
1.2865	15
1.28658	16
1.28665	17
1.28672	18
1.2868	19
1.28688	5
1.28688	6
1.28688	7
1.28688	8
1.28688	9
1.28689	10
1.2869	6
1.28694	7
1.28694	8
1.28694	9
1.28694	10
1.28695	11
1.287	12
1.28706	13
1.28713	14
1.28719	15
1.28727	16
1.28735	17
1.28743	18
1.2875	19
1.28758	5
1.28758	6
1.28758	7
1.28758	8
1.28759	9
1.28759	10
1.2876	6
1.28764	7
1.28764	8
1.28764	9
1.28764	10
1.28765	11
1.2877	12
1.28776	13
1.28782	14
1.28789	15
1.28796	16
1.28804	17
1.28812	18
1.28821	19
1.28828	5
1.28828	6
1.28828	7
1.28829	8
1.28829	9
1.28829	10
1.2883	6
1.28834	7
1.28834	8
1.28834	9
1.28834	10
1.28835	11
1.2884	12
1.28846	13
1.28852	14
1.28859	15
1.28866	16
1.28873	17
1.28881	18
1.2889	19
1.28898	5
1.28899	6
1.28899	7
1.28899	8
1.28899	9
1.28899	10
1.28901	5
1.28904	6
1.28904	7
1.28904	8
1.28905	9
1.28905	10
1.28905	11
1.2891	12
1.28916	13
1.28922	14
1.28928	15
1.28935	16
1.28943	17
1.28951	18
1.28959	19
1.28967	5
1.28968	6
1.28968	7
1.28968	8
1.28969	9
1.28969	10
1.2897	5
1.28975	6
1.28975	7
1.28975	8
1.28975	9
1.28975	10
1.28976	11
1.28981	12
1.28986	13
1.28992	14
1.28998	15
1.29005	16
1.29012	17
1.2902	18
1.29028	19
1.29036	5
1.29037	6
1.29038	7
1.29038	8
1.29038	9
1.29038	10
1.29039	5
1.29044	6
1.29044	7
1.29044	8
1.29044	9
1.29045	10
1.29045	11
1.29051	12
1.29056	13
1.29062	14
1.29068	15
1.29075	16
1.29082	17
1.2909	18
1.29098	19
1.29106	5
1.29107	6
1.29107	7
1.29107	8
1.29107	9
1.29107	10
1.29109	5
1.29113	6
1.29113	7
1.29114	8
1.29114	9
1.29114	10
1.29114	11
1.29121	12
1.29127	13
1.29132	14
1.29138	15
1.29145	16
1.29152	17
1.2916	18
1.29168	19
1.29175	5
1.29176	6
1.29176	7
1.29177	8
1.29177	9
1.29177	10
1.29178	5
1.29183	6
1.29183	7
1.29183	8
1.29183	9
1.29183	10
1.29184	11
1.2919	12
1.29196	13
1.29203	14
1.29208	15
1.29215	16
1.29222	17
1.29229	18
1.29237	19
1.29245	5
1.29246	6
1.29246	7
1.29246	8
1.29246	9
1.29246	10
1.29248	5
1.29252	6
1.29252	7
1.29252	8
1.29252	9
1.29253	10
1.29253	11
1.29259	12
1.29265	13
1.29272	14
1.29279	15
1.29285	16
1.29292	17
1.29299	18
1.29307	19
1.29315	5
1.29315	6
1.29316	7
1.29316	8
1.29316	9
1.29316	10
1.29318	6
1.29322	7
1.29322	8
1.29322	9
1.29322	10
1.29323	11
1.29328	12
1.29334	13
1.29341	14
1.29348	15
1.29356	16
1.29362	17
1.29369	18
1.29377	19
1.29385	5
1.29385	6
1.29386	7
1.29386	8
1.29386	9
1.29386	10
1.29387	6
1.29391	7
1.29392	8
1.29392	9
1.29392	10
1.29392	11
1.29398	12
1.29404	13
1.2941	14
1.29417	15
1.29425	16
1.29433	17
1.2944	18
1.29447	19
1.29455	5
1.29455	6
1.29455	7
1.29456	8
1.29456	9
1.29456	10
1.29457	6
1.29461	7
1.29461	8
1.29462	9
1.29462	10
1.29462	11
1.29468	12
1.29474	13
1.2948	14
1.29487	15
1.29494	16
1.29502	17
1.2951	18
1.29517	19
1.29525	5
1.29525	6
1.29525	7
1.29526	8
1.29526	9
1.29526	10
1.29528	6
1.29531	7
1.29531	8
1.29531	9
1.29532	10
1.29532	11
1.29538	12
1.29543	13
1.29549	14
1.29556	15
1.29563	16
1.29571	17
1.29579	18
1.29588	19
1.29595	5
1.29596	6
1.29596	7
1.29596	8
1.29596	9
1.29596	10
1.29598	6
1.29601	7
1.29601	8
1.29602	9
1.29602	10
1.29602	11
1.29608	12
1.29613	13
1.29619	14
1.29626	15
1.29633	16
1.2964	17
1.29649	18
1.29657	19
1.29666	5
1.29666	6
1.29666	7
1.29666	8
1.29666	9
1.29667	10
1.29668	5
1.29672	6
1.29672	7
1.29672	8
1.29672	9
1.29672	10
1.29672	11
1.29678	12
1.29683	13
1.29689	14
1.29696	15
1.29703	16
1.2971	17
1.29718	18
1.29726	19
1.29735	5
1.29735	6
1.29736	7
1.29736	8
1.29736	9
1.29736	10
1.29738	5
1.29742	6
1.29742	7
1.29742	8
1.29742	9
1.29743	10
1.29743	11
1.29748	12
1.29753	13
1.29759	14
1.29766	15
1.29772	16
1.2978	17
1.29788	18
1.29796	19
1.29804	5
1.29805	6
1.29805	7
1.29805	8
1.29805	9
1.29805	10
1.29807	5
1.29811	6
1.29811	7
1.29812	8
1.29812	9
1.29812	10
1.29812	11
1.29819	12
1.29824	13
1.29829	14
1.29835	15
1.29842	16
1.29849	17
1.29857	18
1.29865	19
1.29873	5
1.29874	6
1.29874	7
1.29874	8
1.29874	9
1.29875	10
1.29876	5
1.29881	6
1.29881	7
1.29881	8
1.29881	9
1.29881	10
1.29882	11
1.29888	12
1.29894	13
1.29899	14
1.29906	15
1.29912	16
1.29919	17
1.29927	18
1.29935	19
1.29943	5
1.29943	6
1.29944	7
1.29944	8
1.29944	9
1.29944	10
1.29946	5
1.2995	6
1.2995	7
1.2995	8
1.2995	9
1.2995	10
1.29951	11
1.29957	12
1.29963	13
1.2997	14
1.29976	15
1.29982	16
1.29989	17
1.29997	18
1.30004	19
1.30012	5
1.30013	6
1.30013	7
1.30013	8
1.30014	9
1.30014	10
1.30015	5
1.30019	6
1.3002	7
1.3002	8
1.3002	9
1.3002	10
1.3002	11
1.30026	12
1.30033	13
1.30039	14
1.30046	15
1.30052	16
1.30059	17
1.30067	18
1.30074	19
1.30082	5
1.30083	6
1.30083	7
1.30083	8
1.30083	9
1.30083	10
1.30085	6
1.30089	7
1.30089	8
1.30089	9
1.30089	10
1.3009	11
1.30096	12
1.30102	13
1.30108	14
1.30115	15
1.30123	16
1.3013	17
1.30137	18
1.30144	19
1.30152	5
1.30153	6
1.30153	7
1.30153	8
1.30153	9
1.30153	10
1.30155	6
1.30159	7
1.30159	8
1.30159	9
1.30159	10
1.3016	11
1.30165	12
1.30171	13
1.30178	14
1.30185	15
1.30192	16
1.302	17
1.30207	18
1.30214	19
1.30222	5
1.30222	6
1.30223	7
1.30223	8
1.30223	9
1.30223	10
1.30225	6
1.30229	7
1.30229	8
1.30229	9
1.30229	10
1.3023	11
1.30235	12
1.30241	13
1.30247	14
1.30254	15
1.30261	16
1.30269	17
1.30277	18
1.30285	19
1.30292	5
1.30292	6
1.30293	7
1.30293	8
1.30293	9
1.30293	10
1.30295	6
1.30299	7
1.30299	8
1.30299	9
1.30299	10
1.30299	11
1.30305	12
1.30311	13
1.30317	14
1.30324	15
1.30331	16
1.30338	17
1.30347	18
1.30355	19
1.30363	5
1.30363	6
1.30363	7
1.30363	8
1.30363	9
1.30363	10
1.30365	6
1.30369	7
1.30369	8
1.30369	9
1.30369	10
1.3037	11
1.30375	12
1.3038	13
1.30386	14
1.30393	15
1.304	16
1.30408	17
1.30416	18
1.30424	19
1.30433	5
1.30433	6
1.30433	7
1.30434	8
1.30434	9
1.30434	10
1.30435	5
1.30439	6
1.30439	7
1.30439	8
1.30439	9
1.30439	10
1.3044	11
1.30445	12
1.3045	13
1.30456	14
1.30463	15
1.3047	16
1.30477	17
1.30485	18
1.30494	19
1.30502	5
1.30503	6
1.30503	7
1.30503	8
1.30503	9
1.30503	10
1.30505	5
1.30509	6
1.30509	7
1.3051	8
1.3051	9
1.3051	10
1.3051	11
1.30515	12
1.30521	13
1.30526	14
1.30533	15
1.3054	16
1.30547	17
1.30555	18
1.30563	19
1.30571	5
1.30572	6
1.30572	7
1.30572	8
1.30572	9
1.30572	10
1.30574	5
1.30579	6
1.30579	7
1.30579	8
1.30579	9
1.30579	10
1.3058	11
1.30586	12
1.30591	13
1.30597	14
1.30603	15
1.3061	16
1.30617	17
1.30624	18
1.30632	19
1.3064	5
1.30641	6
1.30641	7
1.30642	8
1.30642	9
1.30642	10
1.30643	5
1.30648	6
1.30648	7
1.30648	8
1.30648	9
1.30648	10
1.30649	11
1.30655	12
1.30661	13
1.30667	14
1.30673	15
1.30679	16
1.30687	17
1.30694	18
1.30702	19
1.3071	5
1.30711	6
1.30711	7
1.30711	8
1.30711	9
1.30711	10
1.30713	5
1.30717	6
1.30717	7
1.30717	8
1.30718	9
1.30718	10
1.30718	11
1.30724	12
1.30731	13
1.30737	14
1.30743	15
1.3075	16
1.30757	17
1.30764	18
1.30772	19
1.3078	5
1.3078	6
1.30781	7
1.30781	8
1.30781	9
1.30781	10
1.30782	5
1.30787	6
1.30787	7
1.30787	8
1.30787	9
1.30787	10
1.30788	11
1.30794	12
1.308	13
1.30806	14
1.30813	15
1.3082	16
1.30827	17
1.30834	18
1.30842	19
1.30849	5
1.3085	6
1.3085	7
1.3085	8
1.30851	9
1.30851	10
1.30852	6
1.30856	7
1.30856	8
1.30857	9
1.30857	10
1.30857	11
1.30863	12
1.30869	13
1.30876	14
1.30883	15
1.3089	16
1.30897	17
1.30904	18
1.30912	19
1.30919	5
1.3092	6
1.3092	7
1.3092	8
1.3092	9
1.3092	10
1.30922	6
1.30926	7
1.30926	8
1.30926	9
1.30926	10
1.30927	11
1.30933	12
1.30938	13
1.30945	14
1.30952	15
1.30959	16
1.30967	17
1.30974	18
1.30982	19
1.30989	5
1.3099	6
1.3099	7
1.3099	8
1.3099	9
1.3099	10
1.30992	6
1.30996	7
1.30996	8
1.30996	9
1.30996	10
1.30997	11
1.31002	12
1.31008	13
1.31014	14
1.31021	15
1.31029	16
1.31036	17
1.31045	18
1.31052	19
1.31059	5
1.3106	6
1.3106	7
1.3106	8
1.3106	9
1.3106	10
1.31062	6
1.31066	7
1.31066	8
1.31066	9
1.31066	10
1.31067	11
1.31072	12
1.31078	13
1.31084	14
1.31091	15
1.31098	16
1.31106	17
1.31114	18
1.31122	19
1.3113	5
1.3113	6
1.3113	7
1.3113	8
1.31131	9
1.31131	10
1.31132	6
1.31136	7
1.31136	8
1.31136	9
1.31136	10
1.31137	11
1.31142	12
1.31148	13
1.31154	14
1.3116	15
1.31167	16
1.31175	17
1.31183	18
1.31192	19
1.312	5
1.31201	6
1.31201	7
1.31201	8
1.31201	9
1.31201	10
1.31203	5
1.31206	6
1.31206	7
1.31206	8
1.31206	9
1.31207	10
1.31207	11
1.31212	12
1.31218	13
1.31224	14
1.3123	15
1.31237	16
1.31245	17
1.31253	18
1.31261	19
1.31269	5
1.3127	6
1.3127	7
1.3127	8
1.3127	9
1.31271	10
1.31272	5
1.31277	6
1.31277	7
1.31277	8
1.31277	9
1.31277	10
1.31278	11
1.31283	12
1.31288	13
1.31294	14
1.313	15
1.31307	16
1.31314	17
1.31322	18
1.3133	19
1.31338	5
1.31339	6
1.31339	7
1.3134	8
1.3134	9
1.3134	10
1.31341	5
1.31346	6
1.31346	7
1.31346	8
1.31346	9
1.31346	10
1.31347	11
1.31353	12
1.31358	13
1.31364	14
1.3137	15
1.31377	16
1.31384	17
1.31392	18
1.314	19
1.31408	5
1.31409	6
1.31409	7
1.31409	8
1.31409	9
1.31409	10
1.31411	5
1.31415	6
1.31415	7
1.31415	8
1.31415	9
1.31416	10
1.31416	11
1.31422	12
1.31429	13
1.31434	14
1.3144	15
1.31447	16
1.31454	17
1.31461	18
1.31469	19
1.31477	5
1.31478	6
1.31478	7
1.31478	8
1.31478	9
1.31479	10
1.3148	5
1.31484	6
1.31485	7
1.31485	8
1.31485	9
1.31485	10
1.31485	11
1.31492	12
1.31498	13
1.31504	14
1.3151	15
1.31517	16
1.31524	17
1.31531	18
1.31539	19
1.31547	5
1.31548	6
1.31548	7
1.31548	8
1.31548	9
1.31548	10
1.3155	5
1.31554	6
1.31554	7
1.31554	8
1.31554	9
1.31554	10
1.31555	11
1.31561	12
1.31567	13
1.31574	14
1.31581	15
1.31587	16
1.31594	17
1.31601	18
1.31609	19
1.31617	5
1.31617	6
1.31618	7
1.31618	8
1.31618	9
1.31618	10
1.31619	6
1.31624	7
1.31624	8
1.31624	9
1.31624	10
1.31625	11
1.3163	12
1.31636	13
1.31643	14
1.3165	15
1.31657	16
1.31664	17
1.31671	18
1.31679	19
1.31687	5
1.31687	6
1.31687	7
1.31687	8
1.31688	9
1.31688	10
1.31689	6
1.31693	7
1.31693	8
1.31694	9
1.31694	10
1.31694	11
1.317	12
1.31706	13
1.31712	14
1.31719	15
1.31727	16
1.31734	17
1.31741	18
1.31749	19
1.31757	5
1.31757	6
1.31757	7
1.31757	8
1.31758	9
1.31758	10
1.31759	6
1.31763	7
1.31763	8
1.31763	9
1.31763	10
1.31764	11
1.3177	12
1.31775	13
1.31782	14
1.31789	15
1.31796	16
1.31804	17
1.31812	18
1.31819	19
1.31827	5
1.31827	6
1.31827	7
1.31828	8
1.31828	9
1.31828	10
1.31829	6
1.31833	7
1.31833	8
1.31833	9
1.31833	10
1.31834	11
1.31839	12
1.31845	13
1.31851	14
1.31858	15
1.31865	16
1.31873	17
1.31881	18
1.3189	19
1.31897	5
1.31897	6
1.31898	7
1.31898	8
1.31898	9
1.31898	10
1.319	6
1.31903	7
1.31903	8
1.31903	9
1.31903	10
1.31904	11
1.31909	12
1.31915	13
1.31921	14
1.31928	15
1.31935	16
1.31942	17
1.3195	18
1.31959	19
1.31967	5
1.31968	6
1.31968	7
1.31968	8
1.31968	9
1.31968	10
1.3197	5
1.31973	6
1.31973	7
1.31974	8
1.31974	9
1.31974	10
1.31974	11
1.3198	12
1.31985	13
1.31991	14
1.31998	15
1.32005	16
1.32012	17
1.3202	18
1.32028	19
1.32036	5
1.32037	6
1.32037	7
1.32038	8
1.32038	9
1.32038	10
1.32039	5
1.32044	6
1.32044	7
1.32044	8
1.32044	9
1.32044	10
1.32045	11
1.3205	12
1.32055	13
1.32061	14
1.32067	15
1.32074	16
1.32082	17
1.32089	18
1.32098	19
1.32105	5
1.32106	6
1.32107	7
1.32107	8
1.32107	9
1.32107	10
1.32109	5
1.32113	6
1.32113	7
1.32113	8
1.32114	9
1.32114	10
1.32114	11
1.3212	12
1.32125	13
1.32131	14
1.32137	15
1.32144	16
1.32151	17
1.32159	18
1.32167	19
1.32175	5
1.32176	6
1.32176	7
1.32176	8
1.32176	9
1.32176	10
1.32178	5
1.32182	6
1.32183	7
1.32183	8
1.32183	9
1.32183	10
1.32183	11
1.3219	12
1.32196	13
1.32201	14
1.32207	15
1.32214	16
1.32221	17
1.32229	18
1.32237	19
1.32244	5
1.32245	6
1.32246	7
1.32246	8
1.32246	9
1.32246	10
1.32247	5
1.32252	6
1.32252	7
1.32252	8
1.32252	9
1.32252	10
1.32253	11
1.32259	12
1.32265	13
1.32272	14
1.32278	15
1.32284	16
1.32291	17
1.32299	18
1.32306	19
1.32314	5
1.32315	6
1.32315	7
1.32315	8
1.32315	9
1.32315	10
1.32317	5
1.32321	6
1.32321	7
1.32321	8
1.32322	9
1.32322	10
1.32322	11
1.32328	12
1.32334	13
1.32341	14
1.32348	15
1.32354	16
1.32361	17
1.32368	18
1.32376	19
1.32384	5
1.32385	6
1.32385	7
1.32385	8
1.32385	9
1.32385	10
1.32387	6
1.32391	7
1.32391	8
1.32391	9
1.32391	10
1.32392	11
1.32398	12
1.32404	13
1.3241	14
1.32417	15
1.32425	16
1.32431	17
1.32439	18
1.32446	19
1.32454	5
1.32454	6
1.32455	7
1.32455	8
1.32455	9
1.32455	10
1.32457	6
1.32461	7
1.32461	8
1.32461	9
1.32461	10
1.32462	11
1.32467	12
1.32473	13
1.3248	14
1.32487	15
1.32494	16
1.32502	17
1.32509	18
1.32516	19
1.32524	5
1.32524	6
1.32524	7
1.32525	8
1.32525	9
1.32525	10
1.32527	6
1.3253	7
1.3253	8
1.32531	9
1.32531	10
1.32531	11
1.32537	12
1.32543	13
1.32549	14
1.32556	15
1.32563	16
1.32571	17
1.32579	18
1.32587	19
1.32594	5
1.32594	6
1.32595	7
1.32595	8
1.32595	9
1.32595	10
1.32597	6
1.326	7
1.326	8
1.32601	9
1.32601	10
1.32601	11
1.32607	12
1.32612	13
1.32619	14
1.32625	15
1.32633	16
1.3264	17
1.32648	18
1.32657	19
1.32664	5
1.32665	6
1.32665	7
1.32665	8
1.32665	9
1.32665	10
1.32667	6
1.3267	7
1.32671	8
1.32671	9
1.32671	10
1.32671	11
1.32677	12
1.32682	13
1.32688	14
1.32695	15
1.32702	16
1.3271	17
1.32718	18
1.32726	19
1.32735	5
1.32735	6
1.32735	7
1.32735	8
1.32736	9
1.32736	10
1.32737	5
1.32741	6
1.32741	7
1.32741	8
1.32741	9
1.32741	10
1.32742	11
1.32747	12
1.32752	13
1.32758	14
1.32765	15
1.32772	16
1.32779	17
1.32787	18
1.32796	19
1.32804	5
1.32805	6
1.32805	7
1.32805	8
1.32805	9
1.32805	10
1.32807	5
1.32811	6
1.32811	7
1.32811	8
1.32812	9
1.32812	10
1.32812	11
1.32817	12
1.32823	13
1.32828	14
1.32835	15
1.32841	16
1.32849	17
1.32857	18
1.32865	19
1.32873	5
1.32874	6
1.32874	7
1.32874	8
1.32874	9
1.32874	10
1.32876	5
1.3288	6
1.32881	7
1.32881	8
1.32881	9
1.32881	10
1.32881	11
1.32888	12
1.32893	13
1.32898	14
1.32905	15
1.32911	16
1.32919	17
1.32926	18
1.32934	19
1.32942	5
1.32943	6
1.32943	7
1.32943	8
1.32944	9
1.32944	10
1.32945	5
1.3295	6
1.3295	7
1.3295	8
1.3295	9
1.3295	10
1.32951	11
1.32957	12
1.32963	13
1.32969	14
1.32975	15
1.32981	16
1.32988	17
1.32996	18
1.33004	19
1.33012	5
1.33013	6
1.33013	7
1.33013	8
1.33013	9
1.33013	10
1.33015	5
1.33019	6
1.33019	7
1.33019	8
1.33019	9
1.3302	10
1.3302	11
1.33026	12
1.33032	13
1.33039	14
1.33045	15
1.33051	16
1.33058	17
1.33066	18
1.33074	19
1.33081	5
1.33082	6
1.33082	7
1.33082	8
1.33083	9
1.33083	10
1.33084	5
1.33089	6
1.33089	7
1.33089	8
1.33089	9
1.33089	10
1.33089	11
1.33095	12
1.33102	13
1.33108	14
1.33115	15
1.33122	16
1.33128	17
1.33136	18
1.33143	19
1.33151	5
1.33152	6
1.33152	7
1.33152	8
1.33152	9
1.33152	10
1.33154	6
1.33158	7
1.33158	8
1.33158	9
1.33158	10
1.33159	11
1.33165	12
1.33171	13
1.33177	14
1.33185	15
1.33192	16
1.33199	17
1.33206	18
1.33213	19
1.33221	5
1.33222	6
1.33222	7
1.33222	8
1.33222	9
1.33222	10
1.33224	6
1.33228	7
1.33228	8
1.33228	9
1.33228	10
1.33229	11
1.33234	12
1.3324	13
1.33247	14
1.33254	15
1.33261	16
1.33269	17
1.33276	18
1.33283	19
1.33291	5
1.33291	6
1.33292	7
1.33292	8
1.33292	9
1.33292	10
1.33294	6
1.33298	7
1.33298	8
1.33298	9
1.33298	10
1.33299	11
1.33304	12
1.3331	13
1.33316	14
1.33323	15
1.3333	16
1.33338	17
1.33346	18
1.33354	19
1.33361	5
1.33362	6
1.33362	7
1.33362	8
1.33362	9
1.33362	10
1.33364	6
1.33368	7
1.33368	8
1.33368	9
1.33368	10
1.33369	11
1.33374	12
1.3338	13
1.33386	14
1.33393	15
1.334	16
1.33408	17
1.33416	18
1.33424	19
1.33432	5
1.33432	6
1.33432	7
1.33432	8
1.33432	9
1.33433	10
1.33434	6
1.33438	7
1.33438	8
1.33438	9
1.33438	10
1.33439	11
1.33444	12
1.33449	13
1.33456	14
1.33462	15
1.33469	16
1.33477	17
1.33485	18
1.33493	19
1.33502	5
1.33502	6
1.33503	7
1.33503	8
1.33503	9
1.33503	10
1.33505	5
1.33508	6
1.33508	7
1.33508	8
1.33508	9
1.33508	10
1.33509	11
1.33514	12
1.3352	13
1.33526	14
1.33532	15
1.33539	16
1.33547	17
1.33554	18
1.33563	19
1.33571	5
1.33572	6
1.33572	7
1.33572	8
1.33572	9
1.33572	10
1.33574	5
1.33578	6
1.33579	7
1.33579	8
1.33579	9
1.33579	10
1.33579	11
1.33584	12
1.3359	13
1.33596	14
1.33602	15
1.33609	16
1.33616	17
1.33624	18
1.33632	19
1.3364	5
1.33641	6
1.33641	7
1.33641	8
1.33641	9
1.33642	10
1.33643	5
1.33648	6
1.33648	7
1.33648	8
1.33648	9
1.33648	10
1.33649	11
1.33655	12
1.3366	13
1.33666	14
1.33672	15
1.33679	16
1.33686	17
1.33694	18
1.33702	19
1.33709	5
1.3371	6
1.33711	7
1.33711	8
1.33711	9
1.33711	10
1.33713	5
1.33717	6
1.33717	7
1.33717	8
1.33717	9
1.33717	10
1.33718	11
1.33724	12
1.3373	13
1.33736	14
1.33742	15
1.33749	16
1.33756	17
1.33763	18
1.33771	19
1.33779	5
1.3378	6
1.3378	7
1.3378	8
1.3378	9
1.3378	10
1.33782	5
1.33786	6
1.33786	7
1.33787	8
1.33787	9
1.33787	10
1.33787	11
1.33793	12
1.338	13
1.33806	14
1.33812	15
1.33819	16
1.33826	17
1.33833	18
1.33841	19
1.33849	5
1.33849	6
1.3385	7
1.3385	8
1.3385	9
1.3385	10
1.33852	5
1.33856	6
1.33856	7
1.33856	8
1.33856	9
1.33856	10
1.33857	11
1.33863	12
1.33869	13
1.33875	14
1.33883	15
1.33889	16
1.33896	17
1.33903	18
1.33911	19
1.33919	5
1.33919	6
1.33919	7
1.33919	8
1.3392	9
1.3392	10
1.33921	6
1.33925	7
1.33926	8
1.33926	9
1.33926	10
1.33926	11
1.33932	12
1.33938	13
1.33945	14
1.33952	15
1.33959	16
1.33966	17
1.33973	18
1.33981	19
1.33988	5
1.33989	6
1.33989	7
1.33989	8
1.33989	9
1.3399	10
1.33991	6
1.33995	7
1.33995	8
1.33995	9
1.33995	10
1.33996	11
1.34002	12
1.34008	13
1.34014	14
1.34021	15
1.34029	16
1.34036	17
1.34043	18
1.34051	19
1.34058	5
1.34059	6
1.34059	7
1.34059	8
1.34059	9
1.3406	10
1.34061	6
1.34065	7
1.34065	8
1.34065	9
1.34065	10
1.34066	11
1.34071	12
1.34077	13
1.34084	14
1.3409	15
1.34098	16
1.34106	17
1.34114	18
1.34121	19
1.34129	5
1.34129	6
1.34129	7
1.34129	8
1.34129	9
1.3413	10
1.34131	6
1.34135	7
1.34135	8
1.34135	9
1.34135	10
1.34136	11
1.34141	12
1.34147	13
1.34153	14
1.3416	15
1.34167	16
1.34175	17
1.34183	18
1.34192	19
1.34199	5
1.34199	6
1.34199	7
1.342	8
1.342	9
1.342	10
1.34201	6
1.34205	7
1.34205	8
1.34205	9
1.34205	10
1.34206	11
1.34211	12
1.34217	13
1.34223	14
1.34229	15
1.34237	16
1.34244	17
1.34252	18
1.34261	19
1.34269	5
1.3427	6
1.3427	7
1.3427	8
1.3427	9
1.3427	10
1.34272	5
1.34275	6
1.34275	7
1.34275	8
1.34276	9
1.34276	10
1.34276	11
1.34281	12
1.34287	13
1.34293	14
1.34299	15
1.34306	16
1.34314	17
1.34322	18
1.3433	19
1.34338	5
1.34339	6
1.34339	7
1.34339	8
1.3434	9
1.3434	10
1.34341	5
1.34346	6
1.34346	7
1.34346	8
1.34346	9
1.34346	10
1.34347	11
1.34352	12
1.34357	13
1.34363	14
1.34369	15
1.34376	16
1.34383	17
1.34391	18
1.34399	19
1.34407	5
1.34408	6
1.34409	7
1.34409	8
1.34409	9
1.34409	10
1.3441	5
1.34415	6
1.34415	7
1.34415	8
1.34415	9
1.34415	10
1.34416	11
1.34422	12
1.34427	13
1.34433	14
1.34439	15
1.34446	16
1.34453	17
1.34461	18
1.34469	19
1.34477	5
1.34478	6
1.34478	7
1.34478	8
1.34478	9
1.34478	10
1.3448	5
1.34484	6
1.34484	7
1.34484	8
1.34485	9
1.34485	10
1.34485	11
1.34491	12
1.34498	13
1.34503	14
1.34509	15
1.34516	16
1.34523	17
1.34531	18
1.34538	19
1.34546	5
1.34547	6
1.34547	7
1.34547	8
1.34548	9
1.34548	10
1.34549	5
1.34554	6
1.34554	7
1.34554	8
1.34554	9
1.34554	10
1.34555	11
1.34561	12
1.34567	13
1.34574	14
1.34579	15
1.34586	16
1.34593	17
1.346	18
1.34608	19
1.34616	5
1.34617	6
1.34617	7
1.34617	8
1.34617	9
1.34617	10
1.34619	5
1.34623	6
1.34623	7
1.34623	8
1.34623	9
1.34624	10
1.34624	11
1.3463	12
1.34636	13
1.34643	14
1.3465	15
1.34656	16
1.34663	17
1.3467	18
1.34678	19
1.34686	5
1.34686	6
1.34687	7
1.34687	8
1.34687	9
1.34687	10
1.34689	6
1.34693	7
1.34693	8
1.34693	9
1.34693	10
1.34694	11
1.34699	12
1.34705	13
1.34712	14
1.34719	15
1.34727	16
1.34733	17
1.3474	18
1.34748	19
1.34756	5
1.34756	6
1.34756	7
1.34757	8
1.34757	9
1.34757	10
1.34758	6
1.34762	7
1.34762	8
1.34763	9
1.34763	10
1.34763	11
1.34769	12
1.34775	13
1.34781	14
1.34788	15
1.34796	16
1.34804	17
1.34811	18
1.34818	19
1.34826	5
1.34826	6
1.34826	7
1.34826	8
1.34827	9
1.34827	10
1.34828	6
1.34832	7
1.34832	8
1.34832	9
1.34833	10
1.34833	11
1.34839	12
1.34844	13
1.34851	14
1.34858	15
1.34865	16
1.34873	17
1.34881	18
1.34888	19
1.34896	5
1.34896	6
1.34896	7
1.34897	8
1.34897	9
1.34897	10
1.34898	6
1.34902	7
1.34902	8
1.34902	9
1.34903	10
1.34903	11
1.34909	12
1.34914	13
1.3492	14
1.34927	15
1.34934	16
1.34942	17
1.3495	18
1.34959	19
1.34966	5
1.34967	6
1.34967	7
1.34967	8
1.34967	9
1.34967	10
1.34969	6
1.34972	7
1.34972	8
1.34972	9
1.34973	10
1.34973	11
1.34978	12
1.34984	13
1.3499	14
1.34997	15
1.35004	16
1.35011	17
1.35019	18
1.35028	19
1.35037	5
1.35037	6
1.35037	7
1.35037	8
1.35037	9
1.35038	10
1.35039	5
1.35042	6
1.35043	7
1.35043	8
1.35043	9
1.35043	10
1.35043	11
1.35049	12
1.35054	13
1.3506	14
1.35067	15
1.35074	16
1.35081	17
1.35089	18
1.35097	19
1.35105	5
1.35106	6
1.35107	7
1.35107	8
1.35107	9
1.35107	10
1.35108	5
1.35113	6
1.35113	7
1.35113	8
1.35113	9
1.35114	10
1.35114	11
1.35119	12
1.35124	13
1.3513	14
1.35136	15
1.35143	16
1.35151	17
1.35158	18
1.35167	19
1.35174	5
1.35176	6
1.35176	7
1.35176	8
1.35176	9
1.35176	10
1.35178	5
1.35182	6
1.35182	7
1.35183	8
1.35183	9
1.35183	10
1.35183	11
1.35189	12
1.35195	13
1.352	14
1.35206	15
1.35213	16
1.3522	17
1.35228	18
1.35236	19
1.35244	5
1.35245	6
1.35245	7
1.35245	8
1.35245	9
1.35245	10
1.35247	5
1.35252	6
1.35252	7
1.35252	8
1.35252	9
1.35252	10
1.35252	11
1.35259	12
1.35265	13
1.3527	14
1.35277	15
1.35283	16
1.3529	17
1.35298	18
1.35306	19
1.35314	5
1.35314	6
1.35315	7
1.35315	8
1.35315	9
1.35315	10
1.35317	5
1.35321	6
1.35321	7
1.35321	8
1.35321	9
1.35321	10
1.35322	11
1.35328	12
1.35334	13
1.35341	14
1.35347	15
1.35353	16
1.3536	17
1.35368	18
1.35375	19
1.35383	5
1.35384	6
1.35384	7
1.35384	8
1.35384	9
1.35385	10
1.35386	5
1.3539	6
1.3539	7
1.35391	8
1.35391	9
1.35391	10
1.35391	11
1.35397	12
1.35403	13
1.3541	14
1.35417	15
1.35423	16
1.3543	17
1.35438	18
1.35445	19
1.35453	5
1.35454	6
1.35454	7
1.35454	8
1.35454	9
1.35454	10
1.35456	6
1.3546	7
1.3546	8
1.3546	9
1.3546	10
1.35461	11
1.35467	12
1.35473	13
1.35479	14
1.35486	15
1.35494	16
1.355	17
1.35508	18
1.35515	19
1.35523	5
1.35524	6
1.35524	7
1.35524	8
1.35524	9
1.35524	10
1.35526	6
1.3553	7
1.3553	8
1.3553	9
1.3553	10
1.35531	11
1.35536	12
1.35542	13
1.35549	14
1.35556	15
1.35563	16
1.35571	17
1.35578	18
1.35585	19
1.35593	5
1.35593	6
1.35593	7
1.35594	8
1.35594	9
1.35594	10
1.35596	6
1.35599	7
1.356	8
1.356	9
1.356	10
1.356	11
1.35606	12
1.35612	13
1.35618	14
1.35625	15
1.35632	16
1.3564	17
1.35648	18
1.35656	19
1.35663	5
1.35663	6
1.35664	7
1.35664	8
1.35664	9
1.35664	10
1.35666	6
1.35669	7
1.3567	8
1.3567	9
1.3567	10
1.3567	11
1.35676	12
1.35681	13
1.35688	14
1.35694	15
1.35702	16
1.35709	17
1.35718	18
1.35726	19
1.35734	5
1.35734	6
1.35734	7
1.35734	8
1.35734	9
1.35734	10
1.35736	6
1.3574	7
1.3574	8
1.3574	9
1.3574	10
1.3574	11
1.35746	12
1.35751	13
1.35757	14
1.35764	15
1.35771	16
1.35779	17
1.35787	18
1.35795	19
1.35804	5
1.35804	6
1.35804	7
1.35805	8
1.35805	9
1.35805	10
1.35806	5
1.3581	6
1.3581	7
1.3581	8
1.3581	9
1.3581	10
1.35811	11
1.35816	12
1.35821	13
1.35827	14
1.35834	15
1.35841	16
1.35848	17
1.35856	18
1.35865	19
1.35873	5
1.35874	6
1.35874	7
1.35874	8
1.35874	9
1.35874	10
1.35876	5
1.3588	6
1.3588	7
1.35881	8
1.35881	9
1.35881	10
1.35881	11
1.35886	12
1.35892	13
1.35897	14
1.35904	15
1.35911	16
1.35918	17
1.35926	18
1.35934	19
1.35942	5
1.35943	6
1.35943	7
1.35943	8
1.35943	9
1.35943	10
1.35945	5
1.3595	6
1.3595	7
1.3595	8
1.3595	9
1.3595	10
1.35951	11
1.35957	12
1.35962	13
1.35967	14
1.35974	15
1.3598	16
1.35988	17
1.35995	18
1.36003	19
1.36011	5
1.36012	6
1.36012	7
1.36013	8
1.36013	9
1.36013	10
1.36014	5
1.36019	6
1.36019	7
1.36019	8
1.36019	9
1.36019	10
1.3602	11
1.36026	12
1.36032	13
1.36038	14
1.36044	15
1.3605	16
1.36057	17
1.36065	18
1.36073	19
1.36081	5
1.36082	6
1.36082	7
1.36082	8
1.36082	9
1.36082	10
1.36084	5
1.36088	6
1.36088	7
1.36088	8
1.36088	9
1.36089	10
1.36089	11
1.36095	12
1.36101	13
1.36108	14
1.36114	15
1.3612	16
1.36127	17
1.36135	18
1.36143	19
1.36151	5
1.36151	6
1.36151	7
1.36152	8
1.36152	9
1.36152	10
1.36153	5
1.36158	6
1.36158	7
1.36158	8
1.36158	9
1.36158	10
1.36159	11
1.36165	12
1.36171	13
1.36177	14
1.36184	15
1.36191	16
1.36198	17
1.36205	18
1.36213	19
1.3622	5
1.36221	6
1.36221	7
1.36221	8
1.36221	9
1.36222	10
1.36223	6
1.36227	7
1.36227	8
1.36227	9
1.36228	10
1.36228	11
1.36234	12
1.3624	13
1.36247	14
1.36254	15
1.36261	16
1.36268	17
1.36275	18
1.36283	19
1.3629	5
1.36291	6
1.36291	7
1.36291	8
1.36291	9
1.36291	10
1.36293	6
1.36297	7
1.36297	8
1.36297	9
1.36297	10
1.36298	11
1.36304	12
1.36309	13
1.36316	14
1.36323	15
1.3633	16
1.36338	17
1.36345	18
1.36352	19
1.3636	5
1.36361	6
1.36361	7
1.36361	8
1.36361	9
1.36361	10
1.36363	6
1.36367	7
1.36367	8
1.36367	9
1.36367	10
1.36368	11
1.36373	12
1.36379	13
1.36385	14
1.36392	15
1.364	16
1.36407	17
1.36416	18
1.36423	19
1.3643	5
1.36431	6
1.36431	7
1.36431	8
1.36431	9
1.36431	10
1.36433	6
1.36437	7
1.36437	8
1.36437	9
1.36437	10
1.36438	11
1.36443	12
1.36449	13
1.36455	14
1.36462	15
1.36469	16
1.36477	17
1.36485	18
1.36493	19
1.36501	5
1.36501	6
1.36501	7
1.36501	8
1.36502	9
1.36502	10
1.36503	6
1.36507	7
1.36507	8
1.36507	9
1.36507	10
1.36508	11
1.36513	12
1.36519	13
1.36525	14
1.36531	15
1.36538	16
1.36546	17
1.36554	18
1.36563	19
1.36571	5
1.36572	6
1.36572	7
1.36572	8
1.36572	9
1.36572	10
1.36574	5
1.36577	6
1.36577	7
1.36577	8
1.36577	9
1.36577	10
1.36578	11
1.36583	12
1.36589	13
1.36595	14
1.36601	15
1.36608	16
1.36616	17
1.36624	18
1.36632	19
1.3664	5
1.36641	6
1.36641	7
1.36641	8
1.36641	9
1.36641	10
1.36643	5
1.36648	6
1.36648	7
1.36648	8
1.36648	9
1.36648	10
1.36649	11
1.36654	12
1.36659	13
1.36665	14
1.36671	15
1.36678	16
1.36685	17
1.36693	18
1.36701	19
1.36709	5
1.3671	6
1.3671	7
1.3671	8
1.36711	9
1.36711	10
1.36712	5
1.36717	6
1.36717	7
1.36717	8
1.36717	9
1.36717	10
1.36718	11
1.36724	12
1.36729	13
1.36735	14
1.36741	15
1.36748	16
1.36755	17
1.36763	18
1.36771	19
1.36778	5
1.36779	6
1.3678	7
1.3678	8
1.3678	9
1.3678	10
1.36782	5
1.36786	6
1.36786	7
1.36786	8
1.36786	9
1.36787	10
1.36787	11
1.36793	12
1.368	13
1.36805	14
1.36811	15
1.36818	16
1.36825	17
1.36832	18
1.3684	19
1.36848	5
1.36849	6
1.36849	7
1.36849	8
1.36849	9
1.3685	10
1.36851	5
1.36855	6
1.36856	7
1.36856	8
1.36856	9
1.36856	10
1.36856	11
1.36863	12
1.36869	13
1.36875	14
1.36881	15
1.36888	16
1.36895	17
1.36902	18
1.3691	19
1.36918	5
1.36919	6
1.36919	7
1.36919	8
1.36919	9
1.36919	10
1.36921	5
1.36925	6
1.36925	7
1.36925	8
1.36925	9
1.36925	10
1.36926	11
1.36932	12
1.36938	13
1.36945	14
1.36952	15
1.36958	16
1.36965	17
1.36972	18
1.3698	19
1.36988	5
1.36988	6
1.36988	7
1.36989	8
1.36989	9
1.36989	10
1.3699	6
1.36994	7
1.36995	8
1.36995	9
1.36995	10
1.36995	11
1.37001	12
1.37007	13
1.37014	14
1.37021	15
1.37028	16
1.37035	17
1.37042	18
1.3705	19
1.37058	5
1.37058	6
1.37058	7
1.37058	8
1.37059	9
1.37059	10
1.3706	6
1.37064	7
1.37064	8
1.37064	9
1.37065	10
1.37065	11
1.37071	12
1.37077	13
1.37083	14
1.3709	15
1.37098	16
1.37105	17
1.37112	18
1.3712	19
1.37128	5
1.37128	6
1.37128	7
1.37128	8
1.37129	9
1.37129	10
1.3713	6
1.37134	7
1.37134	8
1.37134	9
1.37134	10
1.37135	11
1.37141	12
1.37146	13
1.37153	14
1.3716	15
1.37167	16
1.37175	17
1.37183	18
1.3719	19
1.37198	5
1.37198	6
1.37198	7
1.37198	8
1.37199	9
1.37199	10
1.372	6
1.37204	7
1.37204	8
1.37204	9
1.37204	10
1.37205	11
1.3721	12
1.37216	13
1.37222	14
1.37229	15
1.37236	16
1.37244	17
1.37252	18
1.37261	19
1.37268	5
1.37268	6
1.37269	7
1.37269	8
1.37269	9
1.37269	10
1.3727	6
1.37274	7
1.37274	8
1.37274	9
1.37274	10
1.37275	11
1.3728	12
1.37286	13
1.37292	14
1.37299	15
1.37306	16
1.37313	17
1.37321	18
1.3733	19
1.37338	5
1.37339	6
1.37339	7
1.37339	8
1.37339	9
1.37339	10
1.37341	5
1.37344	6
1.37344	7
1.37345	8
1.37345	9
1.37345	10
1.37345	11
1.3735	12
1.37356	13
1.37362	14
1.37368	15
1.37375	16
1.37383	17
1.37391	18
1.37399	19
1.37407	5
1.37408	6
1.37408	7
1.37408	8
1.37409	9
1.37409	10
1.3741	5
1.37415	6
1.37415	7
1.37415	8
1.37415	9
1.37415	10
1.37416	11
1.37421	12
1.37426	13
1.37432	14
1.37438	15
1.37445	16
1.37452	17
1.3746	18
1.37468	19
1.37476	5
1.37477	6
1.37478	7
1.37478	8
1.37478	9
1.37478	10
1.3748	5
1.37484	6
1.37484	7
1.37484	8
1.37484	9
1.37485	10
1.37485	11
1.37491	12
1.37496	13
1.37502	14
1.37508	15
1.37515	16
1.37522	17
1.3753	18
1.37538	19
1.37546	5
1.37547	6
1.37547	7
1.37547	8
1.37547	9
1.37547	10
1.37549	5
1.37553	6
1.37553	7
1.37554	8
1.37554	9
1.37554	10
1.37554	11
1.37561	12
1.37567	13
1.37572	14
1.37578	15
1.37585	16
1.37592	17
1.376	18
1.37608	19
1.37615	5
1.37616	6
1.37616	7
1.37617	8
1.37617	9
1.37617	10
1.37618	5
1.37623	6
1.37623	7
1.37623	8
1.37623	9
1.37623	10
1.37624	11
1.3763	12
1.37636	13
1.37643	14
1.37649	15
1.37655	16
1.37662	17
1.37669	18
1.37677	19
1.37685	5
1.37686	6
1.37686	7
1.37686	8
1.37686	9
1.37686	10
1.37688	5
1.37692	6
1.37692	7
1.37692	8
1.37693	9
1.37693	10
1.37693	11
1.37699	12
1.37705	13
1.37712	14
1.37719	15
1.37725	16
1.37732	17
1.37739	18
1.37747	19
1.37755	5
1.37756	6
1.37756	7
1.37756	8
1.37756	9
1.37756	10
1.37758	6
1.37762	7
1.37762	8
1.37762	9
1.37762	10
1.37763	11
1.37768	12
1.37775	13
1.37781	14
1.37788	15
1.37796	16
1.37802	17
1.37809	18
1.37817	19
1.37825	5
1.37825	6
1.37826	7
1.37826	8
1.37826	9
1.37826	10
1.37828	6
1.37831	7
1.37832	8
1.37832	9
1.37832	10
1.37832	11
1.37838	12
1.37844	13
1.3785	14
1.37857	15
1.37865	16
1.37873	17
1.3788	18
1.37887	19
1.37895	5
1.37895	6
1.37895	7
1.37896	8
1.37896	9
1.37896	10
1.37897	6
1.37901	7
1.37901	8
1.37902	9
1.37902	10
1.37902	11
1.37908	12
1.37914	13
1.3792	14
1.37927	15
1.37934	16
1.37942	17
1.3795	18
1.37957	19
1.37965	5
1.37965	6
1.37966	7
1.37966	8
1.37966	9
1.37966	10
1.37968	6
1.37971	7
1.37971	8
1.37972	9
1.37972	10
1.37972	11
1.37978	12
1.37983	13
1.3799	14
1.37996	15
1.38003	16
1.38011	17
1.38019	18
1.38028	19
1.38035	5
1.38036	6
1.38036	7
1.38036	8
1.38036	9
1.38036	10
1.38038	6
1.38041	7
1.38041	8
1.38042	9
1.38042	10
1.38042	11
1.38048	12
1.38053	13
1.38059	14
1.38066	15
1.38073	16
1.38081	17
1.38089	18
1.38097	19
1.38106	5
1.38106	6
1.38106	7
1.38106	8
1.38106	9
1.38107	10
1.38108	5
1.38112	6
1.38112	7
1.38112	8
1.38112	9
1.38112	10
1.38113	11
1.38118	12
1.38123	13
1.38129	14
1.38136	15
1.38143	16
1.3815	17
1.38158	18
1.38167	19
1.38175	5
1.38176	6
1.38176	7
1.38176	8
1.38176	9
1.38176	10
1.38178	5
1.38182	6
1.38182	7
1.38182	8
1.38183	9
1.38183	10
1.38183	11
1.38188	12
1.38193	13
1.38199	14
1.38206	15
1.38212	16
1.3822	17
1.38228	18
1.38236	19
1.38244	5
1.38245	6
1.38245	7
1.38245	8
1.38245	9
1.38245	10
1.38247	5
1.38251	6
1.38251	7
1.38252	8
1.38252	9
1.38252	10
1.38252	11
1.38259	12
1.38264	13
1.38269	14
1.38276	15
1.38282	16
1.38289	17
1.38297	18
1.38305	19
1.38313	5
1.38314	6
1.38314	7
1.38314	8
1.38314	9
1.38315	10
1.38316	5
1.38321	6
1.38321	7
1.38321	8
1.38321	9
1.38321	10
1.38322	11
1.38328	12
1.38334	13
1.38339	14
1.38346	15
1.38352	16
1.38359	17
1.38367	18
1.38375	19
1.38383	5
1.38383	6
1.38384	7
1.38384	8
1.38384	9
1.38384	10
1.38386	5
1.3839	6
1.3839	7
1.3839	8
1.3839	9
1.3839	10
1.38391	11
1.38397	12
1.38403	13
1.3841	14
1.38416	15
1.38422	16
1.38429	17
1.38437	18
1.38445	19
1.38452	5
1.38453	6
1.38453	7
1.38453	8
1.38454	9
1.38454	10
1.38455	5
1.38459	6
1.3846	7
1.3846	8
1.3846	9
1.3846	10
1.3846	11
1.38466	12
1.38473	13
1.38479	14
1.38486	15
1.38493	16
1.38499	17
1.38507	18
1.38514	19
1.38522	5
1.38523	6
1.38523	7
1.38523	8
1.38523	9
1.38523	10
1.38525	6
1.38529	7
1.38529	8
1.38529	9
1.38529	10
1.3853	11
1.38536	12
1.38542	13
1.38548	14
1.38555	15
1.38563	16
1.3857	17
1.38577	18
1.38584	19
1.38592	5
1.38593	6
1.38593	7
1.38593	8
1.38593	9
1.38593	10
1.38595	6
1.38599	7
1.38599	8
1.38599	9
1.38599	10
1.386	11
1.38605	12
1.38611	13
1.38618	14
1.38625	15
1.38632	16
1.3864	17
1.38647	18
1.38654	19
1.38662	5
1.38662	6
1.38663	7
1.38663	8
1.38663	9
1.38663	10
1.38665	6
1.38669	7
1.38669	8
1.38669	9
1.38669	10
1.3867	11
1.38675	12
1.38681	13
1.38687	14
1.38694	15
1.38701	16
1.38709	17
1.38717	18
1.38725	19
1.38732	5
1.38733	6
1.38733	7
1.38733	8
1.38733	9
1.38733	10
1.38735	6
1.38739	7
1.38739	8
1.38739	9
1.38739	10
1.3874	11
1.38745	12
1.38751	13
1.38757	14
1.38764	15
1.38771	16
1.38778	17
1.38787	18
1.38795	19
1.38803	5
1.38803	6
1.38803	7
1.38803	8
1.38803	9
1.38803	10
1.38805	6
1.38809	7
1.38809	8
1.38809	9
1.38809	10
1.3881	11
1.38815	12
1.3882	13
1.38827	14
1.38833	15
1.3884	16
1.38848	17
1.38856	18
1.38864	19
1.38873	5
1.38873	6
1.38874	7
1.38874	8
1.38874	9
1.38874	10
1.38875	5
1.38879	6
1.38879	7
1.38879	8
1.38879	9
1.38879	10
1.3888	11
1.38885	12
1.38891	13
1.38897	14
1.38903	15
1.3891	16
1.38917	17
1.38925	18
1.38934	19
1.38942	5
1.38943	6
1.38943	7
1.38943	8
1.38943	9
1.38943	10
1.38945	5
1.38949	6
1.3895	7
1.3895	8
1.3895	9
1.3895	10
1.3895	11
1.38955	12
1.38961	13
1.38966	14
1.38973	15
1.3898	16
1.38987	17
1.38995	18
1.39003	19
1.39011	5
1.39012	6
1.39012	7
1.39012	8
1.39012	9
1.39013	10
1.39014	5
1.39019	6
1.39019	7
1.39019	8
1.39019	9
1.39019	10
1.3902	11
1.39026	12
1.39031	13
1.39037	14
1.39043	15
1.3905	16
1.39057	17
1.39064	18
1.39073	19
1.3908	5
1.39081	6
1.39082	7
1.39082	8
1.39082	9
1.39082	10
1.39083	5
1.39088	6
1.39088	7
1.39088	8
1.39088	9
1.39088	10
1.39089	11
1.39095	12
1.39101	13
1.39107	14
1.39113	15
1.3912	16
1.39127	17
1.39134	18
1.39142	19
1.3915	5
1.39151	6
1.39151	7
1.39151	8
1.39151	9
1.39151	10
1.39153	5
1.39157	6
1.39157	7
1.39157	8
1.39158	9
1.39158	10
1.39158	11
1.39164	12
1.39171	13
1.39177	14
1.39183	15
1.3919	16
1.39197	17
1.39204	18
1.39212	19
1.3922	5
1.3922	6
1.39221	7
1.39221	8
1.39221	9
1.39221	10
1.39223	5
1.39227	6
1.39227	7
1.39227	8
1.39227	9
1.39227	10
1.39228	11
1.39234	12
1.3924	13
1.39246	14
1.39254	15
1.3926	16
1.39267	17
1.39274	18
1.39282	19
1.39289	5
1.3929	6
1.3929	7
1.3929	8
1.39291	9
1.39291	10
1.39292	6
1.39296	7
1.39296	8
1.39297	9
1.39297	10
1.39297	11
1.39303	12
1.39309	13
1.39316	14
1.39323	15
1.3933	16
1.39337	17
1.39344	18
1.39352	19
1.39359	5
1.3936	6
1.3936	7
1.3936	8
1.3936	9
1.39361	10
1.39362	6
1.39366	7
1.39366	8
1.39366	9
1.39366	10
1.39367	11
1.39373	12
1.39379	13
1.39385	14
1.39392	15
1.39399	16
1.39407	17
1.39414	18
1.39422	19
1.39429	5
1.3943	6
1.3943	7
1.3943	8
1.3943	9
1.3943	10
1.39432	6
1.39436	7
1.39436	8
1.39436	9
1.39436	10
1.39437	11
1.39442	12
1.39448	13
1.39455	14
1.39461	15
1.39469	16
1.39476	17
1.39485	18
1.39492	19
1.39499	5
1.395	6
1.395	7
1.395	8
1.395	9
1.39501	10
1.39502	6
1.39506	7
1.39506	8
1.39506	9
1.39506	10
1.39507	11
1.39512	12
1.39518	13
1.39524	14
1.39531	15
1.39538	16
1.39546	17
1.39554	18
1.39562	19
1.3957	5
1.3957	6
1.3957	7
1.3957	8
1.39571	9
1.39571	10
1.39572	6
1.39576	7
1.39576	8
1.39576	9
1.39576	10
1.39577	11
1.39582	12
1.39588	13
1.39594	14
1.396	15
1.39608	16
1.39615	17
1.39623	18
1.39632	19
1.3964	5
1.39641	6
1.39641	7
1.39641	8
1.39641	9
1.39641	10
1.39643	5
1.39646	6
1.39646	7
1.39646	8
1.39646	9
1.39647	10
1.39647	11
1.39652	12
1.39658	13
1.39664	14
1.3967	15
1.39677	16
1.39685	17
1.39693	18
1.39701	19
1.39709	5
1.3971	6
1.3971	7
1.3971	8
1.3971	9
1.39711	10
1.39712	5
1.39717	6
1.39717	7
1.39717	8
1.39717	9
1.39717	10
1.39718	11
1.39723	12
1.39728	13
1.39734	14
1.3974	15
1.39747	16
1.39754	17
1.39762	18
1.3977	19
1.39778	5
1.39779	6
1.39779	7
1.3978	8
1.3978	9
1.3978	10
1.39781	5
1.39786	6
1.39786	7
1.39786	8
1.39786	9
1.39786	10
1.39787	11
1.39793	12
1.39798	13
1.39804	14
1.3981	15
1.39817	16
1.39824	17
1.39832	18
1.3984	19
1.39848	5
1.39849	6
1.39849	7
1.39849	8
1.39849	9
1.39849	10
1.39851	5
1.39855	6
1.39855	7
1.39855	8
1.39856	9
1.39856	10
1.39856	11
1.39862	12
1.39869	13
1.39874	14
1.3988	15
1.39887	16
1.39894	17
1.39901	18
1.39909	19
1.39917	5
1.39918	6
1.39918	7
1.39918	8
1.39919	9
1.39919	10
1.3992	5
1.39925	6
1.39925	7
1.39925	8
1.39925	9
1.39925	10
1.39925	11
1.39932	12
1.39938	13
1.39944	14
1.3995	15
1.39957	16
1.39964	17
1.39971	18
1.39979	19
1.39987	5
1.39988	6
1.39988	7
1.39988	8
1.39988	9
1.39988	10
1.3999	5
1.39994	6
1.39994	7
1.39994	8
1.39994	9
1.39994	10
1.39995	11
1.40001	12
1.40007	13
1.40014	14
1.40021	15
1.40027	16
1.40034	17
1.40041	18
1.40049	19
1.40057	5
1.40057	6
1.40058	7
1.40058	8
1.40058	9
1.40058	10
1.4006	6
1.40064	7
1.40064	8
1.40064	9
1.40064	10
1.40065	11
1.4007	12
1.40076	13
1.40083	14
1.4009	15
1.40097	16
1.40104	17
1.40111	18
1.40119	19
1.40127	5
1.40127	6
1.40127	7
1.40128	8
1.40128	9
1.40128	10
1.40129	6
1.40133	7
1.40133	8
1.40134	9
1.40134	10
1.40134	11
1.4014	12
1.40146	13
1.40152	14
1.40159	15
1.40167	16
1.40175	17
1.40182	18
1.40189	19
1.40197	5
1.40197	6
1.40197	7
1.40197	8
1.40198	9
1.40198	10
1.40199	6
1.40203	7
1.40203	8
1.40203	9
1.40204	10
1.40204	11
1.4021	12
1.40215	13
1.40222	14
1.40229	15
1.40236	16
1.40244	17
1.40252	18
1.40259	19
1.40267	5
1.40267	6
1.40267	7
1.40268	8
1.40268	9
1.40268	10
1.40269	6
1.40273	7
1.40273	8
1.40273	9
1.40273	10
1.40274	11
1.40279	12
1.40285	13
1.40291	14
1.40298	15
1.40305	16
1.40313	17
1.40321	18
1.4033	19
1.40337	5
1.40338	6
1.40338	7
1.40338	8
1.40338	9
1.40338	10
1.4034	6
1.40343	7
1.40343	8
1.40343	9
1.40344	10
1.40344	11
1.40349	12
1.40355	13
1.40361	14
1.40368	15
1.40375	16
1.40382	17
1.4039	18
1.40399	19
1.40407	5
1.40408	6
1.40408	7
1.40408	8
1.40408	9
1.40408	10
1.4041	5
1.40413	6
1.40413	7
1.40414	8
1.40414	9
1.40414	10
1.40414	11
1.4042	12
1.40425	13
1.40431	14
1.40438	15
1.40445	16
1.40452	17
1.4046	18
1.40468	19
1.40476	5
1.40477	6
1.40477	7
1.40478	8
1.40478	9
1.40478	10
1.40479	5
1.40484	6
1.40484	7
1.40484	8
1.40484	9
1.40484	10
1.40485	11
1.4049	12
1.40495	13
1.40501	14
1.40507	15
1.40514	16
1.40522	17
1.40529	18
1.40538	19
1.40545	5
1.40546	6
1.40547	7
1.40547	8
1.40547	9
1.40547	10
1.40549	5
1.40553	6
1.40553	7
1.40553	8
1.40554	9
1.40554	10
1.40554	11
1.4056	12
1.40565	13
1.40571	14
1.40577	15
1.40584	16
1.40591	17
1.40599	18
1.40607	19
1.40615	5
1.40616	6
1.40616	7
1.40616	8
1.40616	9
1.40616	10
1.40618	5
1.40622	6
1.40623	7
1.40623	8
1.40623	9
1.40623	10
1.40623	11
1.4063	12
1.40636	13
1.40641	14
1.40647	15
1.40654	16
1.40661	17
1.40669	18
1.40677	19
1.40684	5
1.40685	6
1.40686	7
1.40686	8
1.40686	9
1.40686	10
1.40687	5
1.40692	6
1.40692	7
1.40692	8
1.40692	9
1.40692	10
1.40693	11
1.40699	12
1.40705	13
1.40712	14
1.40718	15
1.40724	16
1.40731	17
1.40739	18
1.40746	19
1.40754	5
1.40755	6
1.40755	7
1.40755	8
1.40755	9
1.40756	10
1.40757	5
1.40761	6
1.40761	7
1.40762	8
1.40762	9
1.40762	10
1.40762	11
1.40768	12
1.40774	13
1.40781	14
1.40788	15
1.40794	16
1.40801	17
1.40809	18
1.40816	19
1.40824	5
1.40825	6
1.40825	7
1.40825	8
1.40825	9
1.40825	10
1.40827	6
1.40831	7
1.40831	8
1.40831	9
1.40831	10
1.40832	11
1.40838	12
1.40844	13
1.4085	14
1.40857	15
1.40865	16
1.40871	17
1.40879	18
1.40886	19
1.40894	5
1.40894	6
1.40895	7
1.40895	8
1.40895	9
1.40895	10
1.40897	6
1.40901	7
1.40901	8
1.40901	9
1.40901	10
1.40902	11
1.40907	12
1.40913	13
1.4092	14
1.40927	15
1.40934	16
1.40942	17
1.40949	18
1.40956	19
1.40964	5
1.40964	6
1.40964	7
1.40965	8
1.40965	9
1.40965	10
1.40967	6
1.4097	7
1.40971	8
1.40971	9
1.40971	10
1.40971	11
1.40977	12
1.40983	13
1.40989	14
1.40996	15
1.41003	16
1.41011	17
1.41019	18
1.41027	19
1.41034	5
1.41034	6
1.41035	7
1.41035	8
1.41035	9
1.41035	10
1.41037	6
1.4104	7
1.41041	8
1.41041	9
1.41041	10
1.41041	11
1.41047	12
1.41052	13
1.41059	14
1.41065	15
1.41073	16
1.4108	17
1.41088	18
1.41097	19
1.41104	5
1.41105	6
1.41105	7
1.41105	8
1.41105	9
1.41105	10
1.41107	6
1.4111	7
1.41111	8
1.41111	9
1.41111	10
1.41111	11
1.41117	12
1.41122	13
1.41128	14
1.41135	15
1.41142	16
1.4115	17
1.41158	18
1.41166	19
1.41175	5
1.41175	6
1.41175	7
1.41175	8
1.41176	9
1.41176	10
1.41177	5
1.41181	6
1.41181	7
1.41181	8
1.41181	9
1.41181	10
1.41182	11
1.41187	12
1.41192	13
1.41198	14
1.41205	15
1.41212	16
1.41219	17
1.41227	18
1.41236	19
1.41244	5
1.41245	6
1.41245	7
1.41245	8
1.41245	9
1.41245	10
1.41247	5
1.41251	6
1.41251	7
1.41251	8
1.41252	9
1.41252	10
1.41252	11
1.41257	12
1.41263	13
1.41268	14
1.41275	15
1.41282	16
1.41289	17
1.41297	18
1.41305	19
1.41313	5
1.41314	6
1.41314	7
1.41314	8
1.41314	9
1.41314	10
1.41316	5
1.4132	6
1.41321	7
1.41321	8
1.41321	9
1.41321	10
1.41321	11
1.41328	12
1.41333	13
1.41338	14
1.41345	15
1.41351	16
1.41359	17
1.41366	18
1.41374	19
1.41382	5
1.41383	6
1.41383	7
1.41383	8
1.41384	9
1.41384	10
1.41385	5
1.4139	6
1.4139	7
1.4139	8
1.4139	9
1.4139	10
1.41391	11
1.41397	12
1.41403	13
1.41409	14
1.41415	15
1.41421	16
1.41428	17
1.41436	18
1.41444	19
1.41452	5
1.41453	6
1.41453	7
1.41453	8
1.41453	9
1.41453	10
1.41455	5
1.41459	6
1.41459	7
1.41459	8
1.41459	9
1.4146	10
1.4146	11
1.41466	12
1.41472	13
1.41479	14
1.41485	15
1.41491	16
1.41498	17
1.41506	18
1.41514	19
1.41521	5
1.41522	6
1.41522	7
1.41523	8
1.41523	9
1.41523	10
1.41524	5
1.41529	6
1.41529	7
1.41529	8
1.41529	9
1.41529	10
1.4153	11
1.41536	12
1.41542	13
1.41548	14
1.41555	15
1.41562	16
1.41568	17
1.41576	18
1.41583	19
1.41591	5
1.41592	6
1.41592	7
1.41592	8
1.41592	9
1.41592	10
1.41594	6
1.41598	7
1.41598	8
1.41598	9
1.41599	10
1.41599	11
1.41605	12
1.41611	13
1.41618	14
1.41625	15
1.41632	16
1.41639	17
1.41646	18
1.41653	19
1.41661	5
1.41662	6
1.41662	7
1.41662	8
1.41662	9
1.41662	10
1.41664	6
1.41668	7
1.41668	8
1.41668	9
1.41668	10
1.41669	11
1.41674	12
1.4168	13
1.41687	14
1.41694	15
1.41701	16
1.41709	17
1.41716	18
1.41723	19
1.41731	5
1.41731	6
1.41732	7
1.41732	8
1.41732	9
1.41732	10
1.41734	6
1.41738	7
1.41738	8
1.41738	9
1.41738	10
1.41739	11
1.41744	12
1.4175	13
1.41756	14
1.41763	15
1.41771	16
1.41778	17
1.41787	18
1.41794	19
1.41801	5
1.41802	6
1.41802	7
1.41802	8
1.41802	9
1.41802	10
1.41804	6
1.41808	7
1.41808	8
1.41808	9
1.41808	10
1.41809	11
1.41814	12
1.4182	13
1.41826	14
1.41833	15
1.4184	16
1.41848	17
1.41856	18
1.41864	19
1.41872	5
1.41872	6
1.41872	7
1.41872	8
1.41872	9
1.41873	10
1.41874	6
1.41878	7
1.41878	8
1.41878	9
1.41878	10
1.41879	11
1.41884	12
1.4189	13
1.41896	14
1.41902	15
1.41909	16
1.41917	17
1.41925	18
1.41934	19
1.41942	5
1.41943	6
1.41943	7
1.41943	8
1.41943	9
1.41943	10
1.41945	5
1.41948	6
1.41948	7
1.41948	8
1.41948	9
1.41948	10
1.41949	11
1.41954	12
1.4196	13
1.41966	14
1.41972	15
1.41979	16
1.41987	17
1.41994	18
1.42003	19
1.42011	5
1.42012	6
1.42012	7
1.42012	8
1.42012	9
1.42012	10
1.42014	5
1.42019	6
1.42019	7
1.42019	8
1.42019	9
1.42019	10
1.42019	11
1.42025	12
1.4203	13
1.42036	14
1.42042	15
1.42049	16
1.42056	17
1.42064	18
1.42072	19
1.4208	5
1.42081	6
1.42081	7
1.42081	8
1.42082	9
1.42082	10
1.42083	5
1.42088	6
1.42088	7
1.42088	8
1.42088	9
1.42088	10
1.42089	11
1.42095	12
1.421	13
1.42106	14
1.42112	15
1.42119	16
1.42126	17
1.42134	18
1.42142	19
1.42149	5
1.4215	6
1.42151	7
1.42151	8
1.42151	9
1.42151	10
1.42153	5
1.42157	6
1.42157	7
1.42157	8
1.42157	9
1.42157	10
1.42158	11
1.42164	12
1.4217	13
1.42176	14
1.42182	15
1.42189	16
1.42196	17
1.42203	18
1.42211	19
1.42219	5
1.4222	6
1.4222	7
1.4222	8
1.4222	9
1.4222	10
1.42222	5
1.42226	6
1.42226	7
1.42227	8
1.42227	9
1.42227	10
1.42227	11
1.42233	12
1.4224	13
1.42246	14
1.42252	15
1.42259	16
1.42266	17
1.42273	18
1.42281	19
1.42289	5
1.42289	6
1.4229	7
1.4229	8
1.4229	9
1.4229	10
1.42292	5
1.42296	6
1.42296	7
1.42296	8
1.42296	9
1.42296	10
1.42297	11
1.42303	12
1.42309	13
1.42316	14
1.42323	15
1.42329	16
1.42336	17
1.42343	18
1.42351	19
1.42359	5
1.42359	6
1.42359	7
1.4236	8
1.4236	9
1.4236	10
1.42361	6
1.42365	7
1.42366	8
1.42366	9
1.42366	10
1.42366	11
1.42372	12
1.42378	13
1.42385	14
1.42392	15
1.42399	16
1.42406	17
1.42413	18
1.42421	19
1.42429	5
1.42429	6
1.42429	7
1.42429	8
1.42429	9
1.4243	10
1.42431	6
1.42435	7
1.42435	8
1.42435	9
1.42436	10
1.42436	11
1.42442	12
1.42448	13
1.42454	14
1.42461	15
1.42469	16
1.42476	17
1.42483	18
1.42491	19
1.42498	5
1.42499	6
1.42499	7
1.42499	8
1.42499	9
1.425	10
1.42501	6
1.42505	7
1.42505	8
1.42505	9
1.42505	10
1.42506	11
1.42511	12
1.42517	13
1.42524	14
1.4253	15
1.42538	16
1.42546	17
1.42554	18
1.42561	19
1.42569	5
1.42569	6
1.42569	7
1.42569	8
1.4257	9
1.4257	10
1.42571	6
1.42575	7
1.42575	8
1.42575	9
1.42575	10
1.42576	11
1.42581	12
1.42587	13
1.42593	14
1.426	15
1.42607	16
1.42615	17
1.42623	18
1.42632	19
1.42639	5
1.42639	6
1.42639	7
1.4264	8
1.4264	9
1.4264	10
1.42641	6
1.42645	7
1.42645	8
1.42645	9
1.42645	10
1.42646	11
1.42651	12
1.42657	13
1.42663	14
1.4267	15
1.42677	16
1.42684	17
1.42692	18
1.42701	19
1.42709	5
1.4271	6
1.4271	7
1.4271	8
1.4271	9
1.4271	10
1.42712	5
1.42715	6
1.42715	7
1.42715	8
1.42716	9
1.42716	10
1.42716	11
1.42721	12
1.42727	13
1.42733	14
1.42739	15
1.42746	16
1.42754	17
1.42762	18
1.4277	19
1.42778	5
1.42779	6
1.42779	7
1.42779	8
1.4278	9
1.4278	10
1.42781	5
1.42786	6
1.42786	7
1.42786	8
1.42786	9
1.42786	10
1.42787	11
1.42792	12
1.42797	13
1.42803	14
1.42809	15
1.42816	16
1.42823	17
1.42831	18
1.42839	19
1.42847	5
1.42848	6
1.42849	7
1.42849	8
1.42849	9
1.42849	10
1.4285	5
1.42855	6
1.42855	7
1.42855	8
1.42855	9
1.42856	10
1.42856	11
1.42862	12
1.42867	13
1.42873	14
1.42879	15
1.42886	16
1.42893	17
1.42901	18
1.42909	19
1.42917	5
1.42918	6
1.42918	7
1.42918	8
1.42918	9
1.42918	10
1.4292	5
1.42924	6
1.42924	7
1.42925	8
1.42925	9
1.42925	10
1.42925	11
1.42931	12
1.42938	13
1.42943	14
1.42949	15
1.42956	16
1.42963	17
1.42971	18
1.42978	19
1.42986	5
1.42987	6
1.42987	7
1.42988	8
1.42988	9
1.42988	10
1.42989	5
1.42994	6
1.42994	7
1.42994	8
1.42994	9
1.42994	10
1.42995	11
1.43001	12
1.43007	13
1.43014	14
1.43019	15
1.43026	16
1.43033	17
1.4304	18
1.43048	19
1.43056	5
1.43057	6
1.43057	7
1.43057	8
1.43057	9
1.43057	10
1.43059	5
1.43063	6
1.43063	7
1.43063	8
1.43063	9
1.43064	10
1.43064	11
1.4307	12
1.43076	13
1.43083	14
1.4309	15
1.43096	16
1.43103	17
1.4311	18
1.43118	19
1.43126	5
1.43126	6
1.43127	7
1.43127	8
1.43127	9
1.43127	10
1.43129	6
1.43133	7
1.43133	8
1.43133	9
1.43133	10
1.43134	11
1.43139	12
1.43145	13
1.43152	14
1.43159	15
1.43167	16
1.43173	17
1.4318	18
1.43188	19
1.43196	5
1.43196	6
1.43197	7
1.43197	8
1.43197	9
1.43197	10
1.43198	6
1.43202	7
1.43203	8
1.43203	9
1.43203	10
1.43203	11
1.43209	12
1.43215	13
1.43221	14
1.43228	15
1.43236	16
1.43244	17
1.43251	18
1.43258	19
1.43266	5
1.43266	6
1.43266	7
1.43266	8
1.43267	9
1.43267	10
1.43268	6
1.43272	7
1.43272	8
1.43272	9
1.43273	10
1.43273	11
1.43279	12
1.43285	13
1.43291	14
1.43298	15
1.43305	16
1.43313	17
1.43321	18
1.43328	19
1.43336	5
1.43336	6
1.43336	7
1.43337	8
1.43337	9
1.43337	10
1.43338	6
1.43342	7
1.43342	8
1.43342	9
1.43343	10
1.43343	11
1.43349	12
1.43354	13
1.4336	14
1.43367	15
1.43374	16
1.43382	17
1.4339	18
1.43399	19
1.43406	5
1.43407	6
1.43407	7
1.43407	8
1.43407	9
1.43407	10
1.43409	6
1.43412	7
1.43412	8
1.43413	9
1.43413	10
1.43413	11
1.43419	12
1.43424	13
1.4343	14
1.43437	15
1.43444	16
1.43451	17
1.4346	18
1.43468	19
1.43477	5
1.43477	6
1.43477	7
1.43477	8
1.43477	9
1.43478	10
1.43479	5
1.43482	6
1.43483	7
1.43483	8
1.43483	9
1.43483	10
1.43483	11
1.43489	12
1.43494	13
1.435	14
1.43507	15
1.43514	16
1.43521	17
1.43529	18
1.43537	19
1.43546	5
1.43546	6
1.43547	7
1.43547	8
1.43547	9
1.43547	10
1.43549	5
1.43553	6
1.43553	7
1.43553	8
1.43553	9
1.43554	10
1.43554	11
1.43559	12
1.43564	13
1.4357	14
1.43577	15
1.43583	16
1.43591	17
1.43599	18
1.43607	19
1.43615	5
1.43616	6
1.43616	7
1.43616	8
1.43616	9
1.43616	10
1.43618	5
1.43622	6
1.43622	7
1.43623	8
1.43623	9
1.43623	10
1.43623	11
1.4363	12
1.43635	13
1.4364	14
1.43646	15
1.43653	16
1.4366	17
1.43668	18
1.43676	19
1.43684	5
1.43685	6
1.43685	7
1.43685	8
1.43685	9
1.43686	10
1.43687	5
1.43692	6
1.43692	7
1.43692	8
1.43692	9
1.43692	10
1.43693	11
1.43699	12
1.43705	13
1.4371	14
1.43717	15
1.43723	16
1.4373	17
1.43738	18
1.43746	19
1.43754	5
1.43754	6
1.43755	7
1.43755	8
1.43755	9
1.43755	10
1.43757	5
1.43761	6
1.43761	7
1.43761	8
1.43761	9
1.43761	10
1.43762	11
1.43768	12
1.43774	13
1.43781	14
1.43787	15
1.43793	16
1.438	17
1.43808	18
1.43815	19
1.43823	5
1.43824	6
1.43824	7
1.43824	8
1.43824	9
1.43825	10
1.43826	5
1.4383	6
1.43831	7
1.43831	8
1.43831	9
1.43831	10
1.43831	11
1.43837	12
1.43843	13
1.4385	14
1.43857	15
1.43863	16
1.4387	17
1.43878	18
1.43885	19
1.43893	5
1.43894	6
1.43894	7
1.43894	8
1.43894	9
1.43894	10
1.43896	6
1.439	7
1.439	8
1.439	9
1.439	10
1.43901	11
1.43907	12
1.43913	13
1.43919	14
1.43926	15
1.43934	16
1.4394	17
1.43948	18
1.43955	19
1.43963	5
1.43964	6
1.43964	7
1.43964	8
1.43964	9
1.43964	10
1.43966	6
1.4397	7
1.4397	8
1.4397	9
1.4397	10
1.43971	11
1.43976	12
1.43982	13
1.43989	14
1.43996	15
1.44003	16
1.44011	17
1.44018	18
1.44025	19
1.44033	5
1.44033	6
1.44034	7
1.44034	8
1.44034	9
1.44034	10
1.44036	6
1.4404	7
1.4404	8
1.4404	9
1.4404	10
1.4404	11
1.44046	12
1.44052	13
1.44058	14
1.44065	15
1.44072	16
1.4408	17
1.44088	18
1.44096	19
1.44103	5
1.44103	6
1.44104	7
1.44104	8
1.44104	9
1.44104	10
1.44106	6
1.44109	7
1.4411	8
1.4411	9
1.4411	10
1.4411	11
1.44116	12
1.44122	13
1.44128	14
1.44134	15
1.44142	16
1.44149	17
1.44158	18
1.44166	19
1.44174	5
1.44174	6
1.44174	7
1.44174	8
1.44174	9
1.44174	10
1.44176	6
1.4418	7
1.4418	8
1.4418	9
1.4418	10
1.44181	11
1.44186	12
1.44191	13
1.44197	14
1.44204	15
1.44211	16
1.44219	17
1.44227	18
1.44235	19
1.44244	5
1.44244	6
1.44244	7
1.44245	8
1.44245	9
1.44245	10
1.44246	5
1.4425	6
1.4425	7
1.4425	8
1.4425	9
1.4425	10
1.44251	11
1.44256	12
1.44261	13
1.44267	14
1.44274	15
1.44281	16
1.44288	17
1.44296	18
1.44305	19
1.44313	5
1.44314	6
1.44314	7
1.44314	8
1.44314	9
1.44314	10
1.44316	5
1.4432	6
1.4432	7
1.44321	8
1.44321	9
1.44321	10
1.44321	11
1.44326	12
1.44332	13
1.44337	14
1.44344	15
1.44351	16
1.44358	17
1.44366	18
1.44374	19
1.44382	5
1.44383	6
1.44383	7
1.44383	8
1.44383	9
1.44383	10
1.44385	5
1.4439	6
1.4439	7
1.4439	8
1.4439	9
1.4439	10
1.44391	11
1.44397	12
1.44402	13
1.44408	14
1.44414	15
1.4442	16
1.44428	17
1.44435	18
1.44443	19
1.44451	5
1.44452	6
1.44452	7
1.44453	8
1.44453	9
1.44453	10
1.44454	5
1.44459	6
1.44459	7
1.44459	8
1.44459	9
1.44459	10
1.4446	11
1.44466	12
1.44472	13
1.44478	14
1.44484	15
1.4449	16
1.44498	17
1.44505	18
1.44513	19
1.44521	5
1.44522	6
1.44522	7
1.44522	8
1.44522	9
1.44522	10
1.44524	5
1.44528	6
1.44528	7
1.44528	8
1.44529	9
1.44529	10
1.44529	11
1.44535	12
1.44542	13
1.44548	14
1.44554	15
1.44561	16
1.44567	17
1.44575	18
1.44583	19
1.44591	5
1.44591	6
1.44592	7
1.44592	8
1.44592	9
1.44592	10
1.44593	5
1.44598	6
1.44598	7
1.44598	8
1.44598	9
1.44598	10
1.44599	11
1.44605	12
1.44611	13
1.44617	14
1.44624	15
1.44631	16
1.44638	17
1.44645	18
1.44653	19
1.4466	5
1.44661	6
1.44661	7
1.44661	8
1.44661	9
1.44662	10
1.44663	6
1.44667	7
1.44667	8
1.44667	9
1.44668	10
1.44668	11
1.44674	12
1.4468	13
1.44687	14
1.44694	15
1.44701	16
1.44708	17
1.44715	18
1.44723	19
1.4473	5
1.44731	6
1.44731	7
1.44731	8
1.44731	9
1.44731	10
1.44733	6
1.44737	7
1.44737	8
1.44737	9
1.44737	10
1.44738	11
1.44744	12
1.44749	13
1.44756	14
1.44763	15
1.4477	16
1.44778	17
1.44785	18
1.44793	19
1.448	5
1.44801	6
1.44801	7
1.44801	8
1.44801	9
1.44801	10
1.44803	6
1.44807	7
1.44807	8
1.44807	9
1.44807	10
1.44808	11
1.44813	12
1.44819	13
1.44825	14
1.44832	15
1.4484	16
1.44847	17
1.44856	18
1.44863	19
1.4487	5
1.44871	6
1.44871	7
1.44871	8
1.44871	9
1.44871	10
1.44873	6
1.44877	7
1.44877	8
1.44877	9
1.44877	10
1.44878	11
1.44883	12
1.44889	13
1.44895	14
1.44902	15
1.44909	16
1.44917	17
1.44925	18
1.44933	19
1.44941	5
1.44941	6
1.44941	7
1.44941	8
1.44942	9
1.44942	10
1.44943	6
1.44947	7
1.44947	8
1.44947	9
1.44947	10
1.44948	11
1.44953	12
1.44959	13
1.44965	14
1.44971	15
1.44978	16
1.44986	17
1.44994	18
1.45003	19
1.45011	5
1.45012	6
1.45012	7
1.45012	8
1.45012	9
1.45012	10
1.45014	5
1.45017	6
1.45017	7
1.45017	8
1.45017	9
1.45018	10
1.45018	11
1.45023	12
1.45029	13
1.45035	14
1.45041	15
1.45048	16
1.45056	17
1.45064	18
1.45072	19
1.4508	5
1.45081	6
1.45081	7
1.45081	8
1.45081	9
1.45082	10
1.45083	5
1.45088	6
1.45088	7
1.45088	8
1.45088	9
1.45088	10
1.45089	11
1.45094	12
1.45099	13
1.45105	14
1.45111	15
1.45118	16
1.45125	17
1.45133	18
1.45141	19
1.45149	5
1.4515	6
1.4515	7
1.4515	8
1.45151	9
1.45151	10
1.45152	5
1.45157	6
1.45157	7
1.45157	8
1.45157	9
1.45157	10
1.45158	11
1.45164	12
1.45169	13
1.45175	14
1.45181	15
1.45188	16
1.45195	17
1.45203	18
1.45211	19
1.45219	5
1.45219	6
1.4522	7
1.4522	8
1.4522	9
1.4522	10
1.45222	5
1.45226	6
1.45226	7
1.45226	8
1.45226	9
1.45227	10
1.45227	11
1.45233	12
1.4524	13
1.45245	14
1.45251	15
1.45258	16
1.45265	17
1.45272	18
1.4528	19
1.45288	5
1.45289	6
1.45289	7
1.45289	8
1.45289	9
1.4529	10
1.45291	5
1.45295	6
1.45296	7
1.45296	8
1.45296	9
1.45296	10
1.45296	11
1.45303	12
1.45309	13
1.45315	14
1.45321	15
1.45328	16
1.45335	17
1.45342	18
1.4535	19
1.45358	5
1.45359	6
1.45359	7
1.45359	8
1.45359	9
1.45359	10
1.45361	5
1.45365	6
1.45365	7
1.45365	8
1.45365	9
1.45365	10
1.45366	11
1.45372	12
1.45378	13
1.45385	14
1.45392	15
1.45398	16
1.45405	17
1.45412	18
1.4542	19
1.45428	5
1.45428	6
1.45429	7
1.45429	8
1.45429	9
1.45429	10
1.4543	6
1.45435	7
1.45435	8
1.45435	9
1.45435	10
1.45435	11
1.45441	12
1.45447	13
1.45454	14
1.45461	15
1.45468	16
1.45475	17
1.45482	18
1.4549	19
1.45498	5
1.45498	6
1.45498	7
1.45498	8
1.45499	9
1.45499	10
1.455	6
1.45504	7
1.45504	8
1.45504	9
1.45505	10
1.45505	11
1.45511	12
1.45517	13
1.45523	14
1.4553	15
1.45538	16
1.45545	17
1.45552	18
1.4556	19
1.45568	5
1.45568	6
1.45568	7
1.45568	8
1.45569	9
1.45569	10
1.4557	6
1.45574	7
1.45574	8
1.45574	9
1.45574	10
1.45575	11
1.45581	12
1.45586	13
1.45593	14
1.456	15
1.45607	16
1.45615	17
1.45623	18
1.4563	19
1.45638	5
1.45638	6
1.45638	7
1.45639	8
1.45639	9
1.45639	10
1.4564	6
1.45644	7
1.45644	8
1.45644	9
1.45644	10
1.45645	11
1.4565	12
1.45656	13
1.45662	14
1.45669	15
1.45676	16
1.45684	17
1.45692	18
1.45701	19
1.45708	5
1.45708	6
1.45709	7
1.45709	8
1.45709	9
1.45709	10
1.45711	6
1.45714	7
1.45714	8
1.45714	9
1.45714	10
1.45715	11
1.4572	12
1.45726	13
1.45732	14
1.45739	15
1.45746	16
1.45753	17
1.45761	18
1.4577	19
1.45778	5
1.45779	6
1.45779	7
1.45779	8
1.45779	9
1.45779	10
1.45781	5
1.45784	6
1.45784	7
1.45785	8
1.45785	9
1.45785	10
1.45785	11
1.4579	12
1.45796	13
1.45802	14
1.45809	15
1.45815	16
1.45823	17
1.45831	18
1.45839	19
1.45847	5
1.45848	6
1.45848	7
1.45849	8
1.45849	9
1.45849	10
1.4585	5
1.45855	6
1.45855	7
1.45855	8
1.45855	9
1.45855	10
1.45856	11
1.45861	12
1.45866	13
1.45872	14
1.45878	15
1.45885	16
1.45893	17
1.459	18
1.45909	19
1.45916	5
1.45917	6
1.45918	7
1.45918	8
1.45918	9
1.45918	10
1.4592	5
1.45924	6
1.45924	7
1.45924	8
1.45925	9
1.45925	10
1.45925	11
1.45931	12
1.45936	13
1.45942	14
1.45948	15
1.45955	16
1.45962	17
1.4597	18
1.45978	19
1.45986	5
1.45987	6
1.45987	7
1.45987	8
1.45987	9
1.45987	10
1.45989	5
1.45993	6
1.45994	7
1.45994	8
1.45994	9
1.45994	10
1.45994	11
1.46001	12
1.46007	13
1.46012	14
1.46018	15
1.46025	16
1.46032	17
1.4604	18
1.46048	19
1.46055	5
1.46056	6
1.46056	7
1.46057	8
1.46057	9
1.46057	10
1.46058	5
1.46063	6
1.46063	7
1.46063	8
1.46063	9
1.46063	10
1.46064	11
1.4607	12
1.46076	13
1.46083	14
1.46089	15
1.46095	16
1.46102	17
1.46109	18
1.46117	19
1.46125	5
1.46126	6
1.46126	7
1.46126	8
1.46126	9
1.46126	10
1.46128	5
1.46132	6
1.46132	7
1.46132	8
1.46133	9
1.46133	10
1.46133	11
1.46139	12
1.46145	13
1.46152	14
1.46159	15
1.46165	16
1.46172	17
1.46179	18
1.46187	19
1.46195	5
1.46196	6
1.46196	7
1.46196	8
1.46196	9
1.46196	10
1.46198	6
1.46202	7
1.46202	8
1.46202	9
1.46202	10
1.46203	11
1.46209	12
1.46215	13
1.46221	14
1.46228	15
1.46236	16
1.46242	17
1.4625	18
1.46257	19
1.46265	5
1.46265	6
1.46266	7
1.46266	8
1.46266	9
1.46266	10
1.46268	6
1.46272	7
1.46272	8
1.46272	9
1.46272	10
1.46272	11
1.46278	12
1.46284	13
1.46291	14
1.46297	15
1.46305	16
1.46313	17
1.4632	18
1.46327	19
1.46335	5
1.46335	6
1.46335	7
1.46336	8
1.46336	9
1.46336	10
1.46338	6
1.46341	7
1.46341	8
1.46342	9
1.46342	10
1.46342	11
1.46348	12
1.46354	13
1.4636	14
1.46367	15
1.46374	16
1.46382	17
1.4639	18
1.46397	19
1.46405	5
1.46405	6
1.46406	7
1.46406	8
1.46406	9
1.46406	10
1.46408	6
1.46411	7
1.46411	8
1.46412	9
1.46412	10
1.46412	11
1.46418	12
1.46423	13
1.4643	14
1.46436	15
1.46444	16
1.46451	17
1.46459	18
1.46468	19
1.46475	5
1.46476	6
1.46476	7
1.46476	8
1.46476	9
1.46476	10
1.46478	6
1.46481	7
1.46482	8
1.46482	9
1.46482	10
1.46482	11
1.46488	12
1.46493	13
1.46499	14
1.46506	15
1.46513	16
1.46521	17
1.46529	18
1.46537	19
1.46546	5
1.46546	6
1.46546	7
1.46546	8
1.46547	9
1.46547	10
1.46548	5
1.46552	6
1.46552	7
1.46552	8
1.46552	9
1.46552	10
1.46553	11
1.46558	12
1.46563	13
1.46569	14
1.46576	15
1.46583	16
1.4659	17
1.46598	18
1.46607	19
1.46615	5
1.46616	6
1.46616	7
1.46616	8
1.46616	9
1.46616	10
1.46618	5
1.46622	6
1.46622	7
1.46622	8
1.46623	9
1.46623	10
1.46623	11
1.46628	12
1.46633	13
1.46639	14
1.46646	15
1.46652	16
1.4666	17
1.46668	18
1.46676	19
1.46684	5
1.46685	6
1.46685	7
1.46685	8
1.46685	9
1.46685	10
1.46687	5
1.46691	6
1.46692	7
1.46692	8
1.46692	9
1.46692	10
1.46692	11
1.46699	12
1.46704	13
1.46709	14
1.46716	15
1.46722	16
1.4673	17
1.46737	18
1.46745	19
1.46753	5
1.46754	6
1.46754	7
1.46754	8
1.46755	9
1.46755	10
1.46756	5
1.46761	6
1.46761	7
1.46761	8
1.46761	9
1.46761	10
1.46762	11
1.46768	12
1.46774	13
1.4678	14
1.46786	15
1.46792	16
1.46799	17
1.46807	18
1.46815	19
1.46823	5
1.46824	6
1.46824	7
1.46824	8
1.46824	9
1.46824	10
1.46826	5
1.4683	6
1.4683	7
1.4683	8
1.4683	9
1.4683	10
1.46831	11
1.46837	12
1.46843	13
1.4685	14
1.46856	15
1.46862	16
1.46869	17
1.46877	18
1.46885	19
1.46892	5
1.46893	6
1.46893	7
1.46893	8
1.46894	9
1.46894	10
1.46895	5
1.46899	6
1.469	7
1.469	8
1.469	9
1.469	10
1.469	11
1.46906	12
1.46913	13
1.46919	14
1.46926	15
1.46933	16
1.46939	17
1.46947	18
1.46954	19
1.46962	5
1.46963	6
1.46963	7
1.46963	8
1.46963	9
1.46963	10
1.46965	6
1.46969	7
1.46969	8
1.46969	9
1.46969	10
1.4697	11
1.46976	12
1.46982	13
1.46988	14
1.46996	15
1.47003	16
1.4701	17
1.47017	18
1.47024	19
1.47032	5
1.47033	6
1.47033	7
1.47033	8
1.47033	9
1.47033	10
1.47035	6
1.47039	7
1.47039	8
1.47039	9
1.47039	10
1.4704	11
1.47045	12
1.47051	13
1.47058	14
1.47065	15
1.47072	16
1.4708	17
1.47087	18
1.47094	19
1.47102	5
1.47102	6
1.47103	7
1.47103	8
1.47103	9
1.47103	10
1.47105	6
1.47109	7
1.47109	8
1.47109	9
1.47109	10
1.4711	11
1.47115	12
1.47121	13
1.47127	14
1.47134	15
1.47141	16
1.47149	17
1.47157	18
1.47165	19
1.47172	5
1.47173	6
1.47173	7
1.47173	8
1.47173	9
1.47173	10
1.47175	6
1.47179	7
1.47179	8
1.47179	9
1.47179	10
1.4718	11
1.47185	12
1.47191	13
1.47197	14
1.47204	15
1.47211	16
1.47219	17
1.47227	18
1.47235	19
1.47243	5
1.47243	6
1.47243	7
1.47243	8
1.47243	9
1.47244	10
1.47245	6
1.47249	7
1.47249	8
1.47249	9
1.47249	10
1.4725	11
1.47255	12
1.4726	13
1.47267	14
1.47273	15
1.4728	16
1.47288	17
1.47296	18
1.47304	19
1.47313	5
1.47313	6
1.47314	7
1.47314	8
1.47314	9
1.47314	10
1.47316	5
1.47319	6
1.47319	7
1.47319	8
1.47319	9
1.47319	10
1.4732	11
1.47325	12
1.47331	13
1.47337	14
1.47343	15
1.4735	16
1.47357	17
1.47365	18
1.47374	19
1.47382	5
1.47383	6
1.47383	7
1.47383	8
1.47383	9
1.47383	10
1.47385	5
1.47389	6
1.4739	7
1.4739	8
1.4739	9
1.4739	10
1.4739	11
1.47395	12
1.47401	13
1.47407	14
1.47413	15
1.4742	16
1.47427	17
1.47435	18
1.47443	19
1.47451	5
1.47452	6
1.47452	7
1.47452	8
1.47452	9
1.47453	10
1.47454	5
1.47459	6
1.47459	7
1.47459	8
1.47459	9
1.47459	10
1.4746	11
1.47466	12
1.47471	13
1.47477	14
1.47483	15
1.4749	16
1.47497	17
1.47504	18
1.47513	19
1.4752	5
1.47521	6
1.47522	7
1.47522	8
1.47522	9
1.47522	10
1.47523	5
1.47528	6
1.47528	7
1.47528	8
1.47528	9
1.47528	10
1.47529	11
1.47535	12
1.47541	13
1.47547	14
1.47553	15
1.4756	16
1.47567	17
1.47574	18
1.47582	19
1.4759	5
1.47591	6
1.47591	7
1.47591	8
1.47591	9
1.47591	10
1.47593	5
1.47597	6
1.47597	7
1.47598	8
1.47598	9
1.47598	10
1.47598	11
1.47604	12
1.47611	13
1.47617	14
1.47623	15
1.4763	16
1.47637	17
1.47644	18
1.47652	19
1.4766	5
1.4766	6
1.47661	7
1.47661	8
1.47661	9
1.47661	10
1.47663	5
1.47667	6
1.47667	7
1.47667	8
1.47667	9
1.47667	10
1.47668	11
1.47674	12
1.4768	13
1.47686	14
1.47694	15
1.477	16
1.47707	17
1.47714	18
1.47722	19
1.4773	5
1.4773	6
1.4773	7
1.4773	8
1.47731	9
1.47731	10
1.47732	6
1.47736	7
1.47736	8
1.47737	9
1.47737	10
1.47737	11
1.47743	12
1.47749	13
1.47756	14
1.47763	15
1.4777	16
1.47777	17
1.47784	18
1.47792	19
1.47799	5
1.478	6
1.478	7
1.478	8
1.478	9
1.47801	10
1.47802	6
1.47806	7
1.47806	8
1.47806	9
1.47806	10
1.47807	11
1.47813	12
1.47819	13
1.47825	14
1.47832	15
1.47839	16
1.47847	17
1.47854	18
1.47862	19
1.47869	5
1.4787	6
1.4787	7
1.4787	8
1.4787	9
1.47871	10
1.47872	6
1.47876	7
1.47876	8
1.47876	9
1.47876	10
1.47877	11
1.47882	12
1.47888	13
1.47895	14
1.47901	15
1.47909	16
1.47917	17
1.47925	18
1.47932	19
1.4794	5
1.4794	6
1.4794	7
1.4794	8
1.4794	9
1.47941	10
1.47942	6
1.47946	7
1.47946	8
1.47946	9
1.47946	10
1.47947	11
1.47952	12
1.47958	13
1.47964	14
1.47971	15
1.47978	16
1.47986	17
1.47994	18
1.48002	19
1.4801	5
1.4801	6
1.4801	7
1.48011	8
1.48011	9
1.48011	10
1.48012	6
1.48016	7
1.48016	8
1.48016	9
1.48016	10
1.48017	11
1.48022	12
1.48028	13
1.48034	14
1.4804	15
1.48048	16
1.48055	17
1.48063	18
1.48072	19
1.4808	5
1.48081	6
1.48081	7
1.48081	8
1.48081	9
1.48081	10
1.48083	5
1.48086	6
1.48086	7
1.48086	8
1.48087	9
1.48087	10
1.48087	11
1.48092	12
1.48098	13
1.48104	14
1.4811	15
1.48117	16
1.48125	17
1.48133	18
1.48141	19
1.48149	5
1.4815	6
1.4815	7
1.4815	8
1.4815	9
1.48151	10
1.48152	5
1.48157	6
1.48157	7
1.48157	8
1.48157	9
1.48157	10
1.48158	11
1.48163	12
1.48168	13
1.48174	14
1.4818	15
1.48187	16
1.48194	17
1.48202	18
1.4821	19
1.48218	5
1.48219	6
1.48219	7
1.4822	8
1.4822	9
1.4822	10
1.48221	5
1.48226	6
1.48226	7
1.48226	8
1.48226	9
1.48226	10
1.48227	11
1.48233	12
1.48238	13
1.48244	14
1.4825	15
1.48257	16
1.48264	17
1.48272	18
1.4828	19
1.48288	5
1.48289	6
1.48289	7
1.48289	8
1.48289	9
1.48289	10
1.48291	5
1.48295	6
1.48295	7
1.48295	8
1.48296	9
1.48296	10
1.48296	11
1.48302	12
1.48309	13
1.48314	14
1.4832	15
1.48327	16
1.48334	17
1.48341	18
1.48349	19
1.48357	5
1.48358	6
1.48358	7
1.48358	8
1.48359	9
1.48359	10
1.4836	5
1.48365	6
1.48365	7
1.48365	8
1.48365	9
1.48365	10
1.48366	11
1.48372	12
1.48378	13
1.48385	14
1.4839	15
1.48397	16
1.48404	17
1.48411	18
1.48419	19
1.48427	5
1.48428	6
1.48428	7
1.48428	8
1.48428	9
1.48428	10
1.4843	5
1.48434	6
1.48434	7
1.48434	8
1.48434	9
1.48435	10
1.48435	11
1.48441	12
1.48447	13
1.48454	14
1.48461	15
1.48467	16
1.48474	17
1.48481	18
1.48489	19
1.48497	5
1.48497	6
1.48498	7
1.48498	8
1.48498	9
1.48498	10
1.485	6
1.48504	7
1.48504	8
1.48504	9
1.48504	10
1.48505	11
1.4851	12
1.48516	13
1.48523	14
1.4853	15
1.48538	16
1.48544	17
1.48551	18
1.48559	19
1.48567	5
1.48567	6
1.48567	7
1.48568	8
1.48568	9
1.48568	10
1.48569	6
1.48573	7
1.48573	8
1.48574	9
1.48574	10
1.48574	11
1.4858	12
1.48586	13
1.48592	14
1.48599	15
1.48607	16
1.48615	17
1.48622	18
1.48629	19
1.48637	5
1.48637	6
1.48637	7
1.48637	8
1.48638	9
1.48638	10
1.48639	6
1.48643	7
1.48643	8
1.48643	9
1.48644	10
1.48644	11
1.4865	12
1.48655	13
1.48662	14
1.48669	15
1.48676	16
1.48684	17
1.48692	18
1.48699	19
1.48707	5
1.48707	6
1.48707	7
1.48708	8
1.48708	9
1.48708	10
1.48709	6
1.48713	7
1.48713	8
1.48713	9
1.48714	10
1.48714	11
1.4872	12
1.48725	13
1.48731	14
1.48738	15
1.48745	16
1.48753	17
1.48761	18
1.4877	19
1.48777	5
1.48778	6
1.48778	7
1.48778	8
1.48778	9
1.48778	10
1.4878	6
1.48783	7
1.48783	8
1.48783	9
1.48784	10
1.48784	11
1.48789	12
1.48795	13
1.48801	14
1.48808	15
1.48815	16
1.48822	17
1.4883	18
1.48839	19
1.48848	5
1.48848	6
1.48848	7
1.48848	8
1.48848	9
1.48848	10
1.4885	5
1.48853	6
1.48854	7
1.48854	8
1.48854	9
1.48854	10
1.48854	11
1.4886	12
1.48865	13
1.48871	14
1.48878	15
1.48885	16
1.48892	17
1.489	18
1.48908	19
1.48916	5
1.48917	6
1.48918	7
1.48918	8
1.48918	9
1.48918	10
1.48919	5
1.48924	6
1.48924	7
1.48924	8
1.48924	9
1.48924	10
1.48925	11
1.4893	12
1.48935	13
1.48941	14
1.48947	15
1.48954	16
1.48962	17
1.48969	18
1.48978	19
1.48985	5
1.48987	6
1.48987	7
1.48987	8
1.48987	9
1.48987	10
1.48989	5
1.48993	6
1.48993	7
1.48993	8
1.48994	9
1.48994	10
1.48994	11
1.49	12
1.49006	13
1.49011	14
1.49017	15
1.49024	16
1.49031	17
1.49039	18
1.49047	19
1.49055	5
1.49056	6
1.49056	7
1.49056	8
1.49056	9
1.49056	10
1.49058	5
1.49062	6
1.49063	7
1.49063	8
1.49063	9
1.49063	10
1.49063	11
1.4907	12
1.49076	13
1.49081	14
1.49087	15
1.49094	16
1.49101	17
1.49109	18
1.49117	19
1.49125	5
1.49125	6
1.49126	7
1.49126	8
1.49126	9
1.49126	10
1.49128	5
1.49132	6
1.49132	7
1.49132	8
1.49132	9
1.49132	10
1.49133	11
1.49139	12
1.49145	13
1.49152	14
1.49158	15
1.49164	16
1.49171	17
1.49179	18
1.49186	19
1.49194	5
1.49195	6
1.49195	7
1.49195	8
1.49195	9
1.49196	10
1.49197	5
1.49201	6
1.49201	7
1.49202	8
1.49202	9
1.49202	10
1.49202	11
1.49208	12
1.49214	13
1.49221	14
1.49228	15
1.49234	16
1.49241	17
1.49249	18
1.49256	19
1.49264	5
1.49265	6
1.49265	7
1.49265	8
1.49265	9
1.49265	10
1.49267	6
1.49271	7
1.49271	8
1.49271	9
1.49271	10
1.49272	11
1.49278	12
1.49284	13
1.4929	14
1.49297	15
1.49305	16
1.49311	17
1.49319	18
1.49326	19
1.49334	5
1.49335	6
1.49335	7
1.49335	8
1.49335	9
1.49335	10
1.49337	6
1.49341	7
1.49341	8
1.49341	9
1.49341	10
1.49342	11
1.49347	12
1.49353	13
1.4936	14
1.49367	15
1.49374	16
1.49382	17
1.49389	18
1.49396	19
1.49404	5
1.49404	6
1.49404	7
1.49405	8
1.49405	9
1.49405	10
1.49407	6
1.4941	7
1.49411	8
1.49411	9
1.49411	10
1.49411	11
1.49417	12
1.49423	13
1.49429	14
1.49436	15
1.49443	16
1.49451	17
1.49459	18
1.49467	19
1.49474	5
1.49474	6
1.49475	7
1.49475	8
1.49475	9
1.49475	10
1.49477	6
1.4948	7
1.49481	8
1.49481	9
1.49481	10
1.49481	11
1.49487	12
1.49492	13
1.49499	14
1.49505	15
1.49513	16
1.4952	17
1.49529	18
1.49537	19
1.49544	5
1.49545	6
1.49545	7
1.49545	8
1.49545	9
1.49545	10
1.49547	6
1.49551	7
1.49551	8
1.49551	9
1.49551	10
1.49551	11
1.49557	12
1.49562	13
1.49568	14
1.49575	15
1.49582	16
1.4959	17
1.49598	18
1.49606	19
1.49615	5
1.49615	6
1.49615	7
1.49616	8
1.49616	9
1.49616	10
1.49617	5
1.49621	6
1.49621	7
1.49621	8
1.49621	9
1.49621	10
1.49622	11
1.49627	12
1.49632	13
1.49638	14
1.49645	15
1.49652	16
1.49659	17
1.49667	18
1.49676	19
1.49684	5
1.49685	6
1.49685	7
1.49685	8
1.49685	9
1.49685	10
1.49687	5
1.49691	6
1.49691	7
1.49692	8
1.49692	9
1.49692	10
1.49692	11
1.49697	12
1.49703	13
1.49708	14
1.49715	15
1.49722	16
1.49729	17
1.49737	18
1.49745	19
1.49753	5
1.49754	6
1.49754	7
1.49754	8
1.49754	9
1.49754	10
1.49756	5
1.49761	6
1.49761	7
1.49761	8
1.49761	9
1.49761	10
1.49761	11
1.49768	12
1.49773	13
1.49778	14
1.49785	15
1.49791	16
1.49799	17
1.49806	18
1.49814	19
1.49822	5
1.49823	6
1.49823	7
1.49824	8
1.49824	9
1.49824	10
1.49825	5
1.4983	6
1.4983	7
1.4983	8
1.4983	9
1.4983	10
1.49831	11
1.49837	12
1.49843	13
1.49849	14
1.49855	15
1.49861	16
1.49868	17
1.49876	18
1.49884	19
1.49892	5
1.49893	6
1.49893	7
1.49893	8
1.49893	9
1.49893	10
1.49895	5
1.49899	6
1.49899	7
1.49899	8
1.49899	9
1.499	10
1.499	11
1.49906	12
1.49912	13
1.49919	14
1.49925	15
1.49931	16
1.49938	17
1.49946	18
1.49954	19
1.49962	5
1.49962	6
1.49962	7
1.49963	8
1.49963	9
1.49963	10
1.49964	5
1.49969	6
1.49969	7
1.49969	8
1.49969	9
1.49969	10
1.4997	11
1.49976	12
1.49982	13
1.49988	14
1.49995	15
1.50002	16
1.50009	17
1.50016	18
1.50024	19
1.50031	5
1.50032	6
1.50032	7
1.50032	8
1.50032	9
1.50033	10
1.50034	6
1.50038	7
1.50038	8
1.50038	9
1.50039	10
1.50039	11
1.50045	12
1.50051	13
1.50058	14
1.50065	15
1.50072	16
1.50079	17
1.50086	18
1.50093	19
1.50101	5
1.50102	6
1.50102	7
1.50102	8
1.50102	9
1.50102	10
1.50104	6
1.50108	7
1.50108	8
1.50108	9
1.50108	10
1.50109	11
1.50115	12
1.5012	13
1.50127	14
1.50134	15
1.50141	16
1.50149	17
1.50156	18
1.50163	19
1.50171	5
1.50171	6
1.50172	7
1.50172	8
1.50172	9
1.50172	10
1.50174	6
1.50178	7
1.50178	8
1.50178	9
1.50178	10
1.50179	11
1.50184	12
1.5019	13
1.50196	14
1.50203	15
1.50211	16
1.50218	17
1.50227	18
1.50234	19
1.50241	5
1.50242	6
1.50242	7
1.50242	8
1.50242	9
1.50242	10
1.50244	6
1.50248	7
1.50248	8
1.50248	9
1.50248	10
1.50249	11
1.50254	12
1.5026	13
1.50266	14
1.50273	15
1.5028	16
1.50288	17
1.50296	18
1.50304	19
1.50312	5
1.50312	6
1.50312	7
1.50312	8
1.50312	9
1.50313	10
1.50314	6
1.50318	7
1.50318	8
1.50318	9
1.50318	10
1.50319	11
1.50324	12
1.5033	13
1.50336	14
1.50342	15
1.50349	16
1.50357	17
1.50365	18
1.50374	19
1.50382	5
1.50383	6
1.50383	7
1.50383	8
1.50383	9
1.50383	10
1.50385	5
1.50388	6
1.50388	7
1.50388	8
1.50388	9
1.50388	10
1.50389	11
1.50394	12
1.504	13
1.50406	14
1.50412	15
1.50419	16
1.50427	17
1.50435	18
1.50443	19
1.50451	5
1.50452	6
1.50452	7
1.50452	8
1.50452	9
1.50452	10
1.50454	5
1.50459	6
1.50459	7
1.50459	8
1.50459	9
1.50459	10
1.5046	11
1.50465	12
1.5047	13
1.50476	14
1.50482	15
1.50489	16
1.50496	17
1.50504	18
1.50512	19
1.5052	5
1.50521	6
1.50521	7
1.50521	8
1.50522	9
1.50522	10
1.50523	5
1.50528	6
1.50528	7
1.50528	8
1.50528	9
1.50528	10
1.50529	11
1.50535	12
1.5054	13
1.50546	14
1.50552	15
1.50559	16
1.50566	17
1.50574	18
1.50582	19
1.50589	5
1.5059	6
1.50591	7
1.50591	8
1.50591	9
1.50591	10
1.50593	5
1.50597	6
1.50597	7
1.50597	8
1.50597	9
1.50598	10
1.50598	11
1.50604	12
1.50611	13
1.50616	14
1.50622	15
1.50629	16
1.50636	17
1.50643	18
1.50651	19
1.50659	5
1.5066	6
1.5066	7
1.5066	8
1.5066	9
1.50661	10
1.50662	5
1.50666	6
1.50667	7
1.50667	8
1.50667	9
1.50667	10
1.50667	11
1.50673	12
1.5068	13
1.50686	14
1.50692	15
1.50699	16
1.50706	17
1.50713	18
1.50721	19
1.50729	5
1.5073	6
1.5073	7
1.5073	8
1.5073	9
1.5073	10
1.50732	5
1.50736	6
1.50736	7
1.50736	8
1.50736	9
1.50736	10
1.50737	11
1.50743	12
1.50749	13
1.50756	14
1.50763	15
1.50769	16
1.50776	17
1.50783	18
1.50791	19
1.50799	5
1.50799	6
1.50799	7
1.508	8
1.508	9
1.508	10
1.50801	6
1.50805	7
1.50806	8
1.50806	9
1.50806	10
1.50806	11
1.50812	12
1.50818	13
1.50825	14
1.50832	15
1.50839	16
1.50846	17
1.50853	18
1.50861	19
1.50869	5
1.50869	6
1.50869	7
1.50869	8
1.5087	9
1.5087	10
1.50871	6
1.50875	7
1.50875	8
1.50875	9
1.50876	10
1.50876	11
1.50882	12
1.50888	13
1.50894	14
1.50901	15
1.50909	16
1.50916	17
1.50923	18
1.50931	19
1.50939	5
1.50939	6
1.50939	7
1.50939	8
1.50939	9
1.5094	10
1.50941	6
1.50945	7
1.50945	8
1.50945	9
1.50945	10
1.50946	11
1.50952	12
1.50957	13
1.50964	14
1.50971	15
1.50978	16
1.50986	17
1.50994	18
1.51001	19
1.51009	5
1.51009	6
1.51009	7
1.51009	8
1.5101	9
1.5101	10
1.51011	6
1.51015	7
1.51015	8
1.51015	9
1.51015	10
1.51016	11
1.51021	12
1.51027	13
1.51033	14
1.5104	15
1.51047	16
1.51055	17
1.51063	18
1.51072	19
1.51079	5
1.51079	6
1.5108	7
1.5108	8
1.5108	9
1.5108	10
1.51081	6
1.51085	7
1.51085	8
1.51085	9
1.51085	10
1.51086	11
1.51091	12
1.51097	13
1.51103	14
1.5111	15
1.51117	16
1.51124	17
1.51132	18
1.51141	19
1.51149	5
1.5115	6
1.5115	7
1.5115	8
1.5115	9
1.5115	10
1.51152	5
1.51155	6
1.51155	7
1.51155	8
1.51156	9
1.51156	10
1.51156	11
1.51161	12
1.51167	13
1.51173	14
1.51179	15
1.51186	16
1.51194	17
1.51202	18
1.5121	19
1.51218	5
1.51219	6
1.51219	7
1.51219	8
1.5122	9
1.5122	10
1.51221	5
1.51226	6
1.51226	7
1.51226	8
1.51226	9
1.51226	10
1.51227	11
1.51232	12
1.51237	13
1.51243	14
1.51249	15
1.51256	16
1.51263	17
1.51271	18
1.51279	19
1.51287	5
1.51288	6
1.51289	7
1.51289	8
1.51289	9
1.51289	10
1.51291	5
1.51295	6
1.51295	7
1.51295	8
1.51295	9
1.51296	10
1.51296	11
1.51302	12
1.51307	13
1.51313	14
1.51319	15
1.51326	16
1.51333	17
1.51341	18
1.51349	19
1.51357	5
1.51358	6
1.51358	7
1.51358	8
1.51358	9
1.51358	10
1.5136	5
1.51364	6
1.51364	7
1.51365	8
1.51365	9
1.51365	10
1.51365	11
1.51372	12
1.51378	13
1.51383	14
1.51389	15
1.51396	16
1.51403	17
1.51411	18
1.51419	19
1.51426	5
1.51427	6
1.51427	7
1.51428	8
1.51428	9
1.51428	10
1.51429	5
1.51434	6
1.51434	7
1.51434	8
1.51434	9
1.51434	10
1.51435	11
1.51441	12
1.51447	13
1.51454	14
1.5146	15
1.51466	16
1.51473	17
1.5148	18
1.51488	19
1.51496	5
1.51497	6
1.51497	7
1.51497	8
1.51497	9
1.51497	10
1.51499	5
1.51503	6
1.51503	7
1.51503	8
1.51504	9
1.51504	10
1.51504	11
1.5151	12
1.51516	13
1.51523	14
1.5153	15
1.51536	16
1.51543	17
1.5155	18
1.51558	19
1.51566	5
1.51566	6
1.51567	7
1.51567	8
1.51567	9
1.51567	10
1.51569	6
1.51573	7
1.51573	8
1.51573	9
1.51573	10
1.51574	11
1.51579	12
1.51585	13
1.51592	14
1.51599	15
1.51607	16
1.51613	17
1.5162	18
1.51628	19
1.51636	5
1.51636	6
1.51637	7
1.51637	8
1.51637	9
1.51637	10
1.51638	6
1.51642	7
1.51643	8
1.51643	9
1.51643	10
1.51643	11
1.51649	12
1.51655	13
1.51661	14
1.51668	15
1.51676	16
1.51684	17
1.51691	18
1.51698	19
1.51706	5
1.51706	6
1.51706	7
1.51707	8
1.51707	9
1.51707	10
1.51708	6
1.51712	7
1.51712	8
1.51713	9
1.51713	10
1.51713	11
1.51719	12
1.51725	13
1.51731	14
1.51738	15
1.51745	16
1.51753	17
1.51761	18
1.51768	19
1.51776	5
1.51776	6
1.51776	7
1.51777	8
1.51777	9
1.51777	10
1.51779	6
1.51782	7
1.51782	8
1.51782	9
1.51783	10
1.51783	11
1.51789	12
1.51794	13
1.51801	14
1.51807	15
1.51814	16
1.51822	17
1.5183	18
1.51839	19
1.51846	5
1.51847	6
1.51847	7
1.51847	8
1.51847	9
1.51847	10
1.51849	6
1.51852	7
1.51852	8
1.51853	9
1.51853	10
1.51853	11
1.51859	12
1.51864	13
1.5187	14
1.51877	15
1.51884	16
1.51892	17
1.519	18
1.51908	19
1.51917	5
1.51917	6
1.51917	7
1.51917	8
1.51917	9
1.51918	10
1.51919	5
1.51923	6
1.51923	7
1.51923	8
1.51923	9
1.51923	10
1.51923	11
1.51929	12
1.51934	13
1.5194	14
1.51947	15
1.51954	16
1.51961	17
1.51969	18
1.51978	19
1.51986	5
1.51987	6
1.51987	7
1.51987	8
1.51987	9
1.51987	10
1.51989	5
1.51993	6
1.51993	7
1.51993	8
1.51993	9
1.51994	10
1.51994	11
1.51999	12
1.52004	13
1.5201	14
1.52017	15
1.52023	16
1.52031	17
1.52039	18
1.52047	19
1.52055	5
1.52056	6
1.52056	7
1.52056	8
1.52056	9
1.52056	10
1.52058	5
1.52062	6
1.52062	7
1.52063	8
1.52063	9
1.52063	10
1.52063	11
1.5207	12
1.52075	13
1.5208	14
1.52087	15
1.52093	16
1.521	17
1.52108	18
1.52116	19
1.52124	5
1.52125	6
1.52125	7
1.52125	8
1.52125	9
1.52126	10
1.52127	5
1.52132	6
1.52132	7
1.52132	8
1.52132	9
1.52132	10
1.52133	11
1.52139	12
1.52145	13
1.5215	14
1.52157	15
1.52163	16
1.5217	17
1.52178	18
1.52186	19
1.52194	5
1.52194	6
1.52195	7
1.52195	8
1.52195	9
1.52195	10
1.52197	5
1.52201	6
1.52201	7
1.52201	8
1.52201	9
1.52201	10
1.52202	11
1.52208	12
1.52214	13
1.52221	14
1.52227	15
1.52233	16
1.5224	17
1.52248	18
1.52256	19
1.52263	5
1.52264	6
1.52264	7
1.52264	8
1.52265	9
1.52265	10
1.52266	5
1.5227	6
1.52271	7
1.52271	8
1.52271	9
1.52271	10
1.52271	11
1.52277	12
1.52284	13
1.5229	14
1.52297	15
1.52303	16
1.5231	17
1.52318	18
1.52325	19
1.52333	5
1.52334	6
1.52334	7
1.52334	8
1.52334	9
1.52334	10
1.52336	6
1.5234	7
1.5234	8
1.5234	9
1.5234	10
1.52341	11
1.52347	12
1.52353	13
1.52359	14
1.52366	15
1.52374	16
1.52381	17
1.52388	18
1.52395	19
1.52403	5
1.52404	6
1.52404	7
1.52404	8
1.52404	9
1.52404	10
1.52406	6
1.5241	7
1.5241	8
1.5241	9
1.5241	10
1.52411	11
1.52416	12
1.52422	13
1.52429	14
1.52436	15
1.52443	16
1.52451	17
1.52458	18
1.52465	19
1.52473	5
1.52473	6
1.52474	7
1.52474	8
1.52474	9
1.52474	10
1.52476	6
1.5248	7
1.5248	8
1.5248	9
1.5248	10
1.52481	11
1.52486	12
1.52492	13
1.52498	14
1.52505	15
1.52512	16
1.5252	17
1.52528	18
1.52536	19
1.52543	5
1.52544	6
1.52544	7
1.52544	8
1.52544	9
1.52544	10
1.52546	6
1.5255	7
1.5255	8
1.5255	9
1.5255	10
1.5255	11
1.52556	12
1.52562	13
1.52568	14
1.52575	15
1.52582	16
1.52589	17
1.52598	18
1.52606	19
1.52614	5
1.52614	6
1.52614	7
1.52614	8
1.52614	9
1.52614	10
1.52616	6
1.5262	7
1.5262	8
1.5262	9
1.5262	10
1.52621	11
1.52626	12
1.52631	13
1.52638	14
1.52644	15
1.52651	16
1.52659	17
1.52667	18
1.52675	19
1.52684	5
1.52684	6
1.52685	7
1.52685	8
1.52685	9
1.52685	10
1.52686	5
1.5269	6
1.5269	7
1.5269	8
1.5269	9
1.5269	10
1.52691	11
1.52696	12
1.52702	13
1.52708	14
1.52714	15
1.52721	16
1.52728	17
1.52736	18
1.52745	19
1.52753	5
1.52754	6
1.52754	7
1.52754	8
1.52754	9
1.52754	10
1.52756	5
1.5276	6
1.52761	7
1.52761	8
1.52761	9
1.52761	10
1.52761	11
1.52766	12
1.52772	13
1.52777	14
1.52784	15
1.52791	16
1.52798	17
1.52806	18
1.52814	19
1.52822	5
1.52823	6
1.52823	7
1.52823	8
1.52823	9
1.52824	10
1.52825	5
1.5283	6
1.5283	7
1.5283	8
1.5283	9
1.5283	10
1.52831	11
1.52837	12
1.52842	13
1.52848	14
1.52854	15
1.52861	16
1.52868	17
1.52875	18
1.52883	19
1.52891	5
1.52892	6
1.52893	7
1.52893	8
1.52893	9
1.52893	10
1.52894	5
1.52899	6
1.52899	7
1.52899	8
1.52899	9
1.52899	10
1.529	11
1.52906	12
1.52912	13
1.52918	14
1.52924	15
1.5293	16
1.52938	17
1.52945	18
1.52953	19
1.52961	5
1.52962	6
1.52962	7
1.52962	8
1.52962	9
1.52962	10
1.52964	5
1.52968	6
1.52968	7
1.52968	8
1.52969	9
1.52969	10
1.52969	11
1.52975	12
1.52982	13
1.52988	14
1.52994	15
1.53001	16
1.53008	17
1.53015	18
1.53023	19
1.53031	5
1.53031	6
1.53032	7
1.53032	8
1.53032	9
1.53032	10
1.53033	5
1.53038	6
1.53038	7
1.53038	8
1.53038	9
1.53038	10
1.53039	11
1.53045	12
1.53051	13
1.53057	14
1.53065	15
1.53071	16
1.53078	17
1.53085	18
1.53093	19
1.531	5
1.53101	6
1.53101	7
1.53101	8
1.53102	9
1.53102	10
1.53103	6
1.53107	7
1.53107	8
1.53108	9
1.53108	10
1.53108	11
1.53114	12
1.5312	13
1.53127	14
1.53134	15
1.53141	16
1.53148	17
1.53155	18
1.53163	19
1.5317	5
1.53171	6
1.53171	7
1.53171	8
1.53171	9
1.53171	10
1.53173	6
1.53177	7
1.53177	8
1.53177	9
1.53177	10
1.53178	11
1.53184	12
1.5319	13
1.53196	14
1.53203	15
1.5321	16
1.53218	17
1.53225	18
1.53233	19
1.5324	5
1.53241	6
1.53241	7
1.53241	8
1.53241	9
1.53241	10
1.53243	6
1.53247	7
1.53247	8
1.53247	9
1.53247	10
1.53248	11
1.53253	12
1.53259	13
1.53265	14
1.53272	15
1.5328	16
1.53287	17
1.53296	18
1.53303	19
1.5331	5
1.53311	6
1.53311	7
1.53311	8
1.53311	9
1.53312	10
1.53313	6
1.53317	7
1.53317	8
1.53317	9
1.53317	10
1.53318	11
1.53323	12
1.53329	13
1.53335	14
1.53342	15
1.53349	16
1.53357	17
1.53365	18
1.53373	19
1.53381	5
1.53381	6
1.53381	7
1.53381	8
1.53382	9
1.53382	10
1.53383	6
1.53387	7
1.53387	8
1.53387	9
1.53387	10
1.53388	11
1.53393	12
1.53399	13
1.53405	14
1.53411	15
1.53418	16
1.53426	17
1.53434	18
1.53443	19
1.53451	5
1.53452	6
1.53452	7
1.53452	8
1.53452	9
1.53452	10
1.53454	5
1.53457	6
1.53457	7
1.53457	8
1.53457	9
1.53458	10
1.53458	11
1.53463	12
1.53469	13
1.53475	14
1.53481	15
1.53488	16
1.53496	17
1.53504	18
1.53512	19
1.5352	5
1.53521	6
1.53521	7
1.53521	8
1.53521	9
1.53522	10
1.53523	5
1.53528	6
1.53528	7
1.53528	8
1.53528	9
1.53528	10
1.53529	11
1.53534	12
1.53539	13
1.53545	14
1.53551	15
1.53558	16
1.53565	17
1.53573	18
1.53581	19
1.53589	5
1.5359	6
1.5359	7
1.53591	8
1.53591	9
1.53591	10
1.53592	5
1.53597	6
1.53597	7
1.53597	8
1.53597	9
1.53597	10
1.53598	11
1.53604	12
1.53609	13
1.53615	14
1.53621	15
1.53628	16
1.53635	17
1.53643	18
1.53651	19
1.53659	5
1.5366	6
1.5366	7
1.5366	8
1.5366	9
1.5366	10
1.53662	5
1.53666	6
1.53666	7
1.53666	8
1.53667	9
1.53667	10
1.53667	11
1.53673	12
1.5368	13
1.53685	14
1.53691	15
1.53698	16
1.53705	17
1.53712	18
1.5372	19
1.53728	5
1.53729	6
1.53729	7
1.53729	8
1.53729	9
1.5373	10
1.53731	5
1.53736	6
1.53736	7
1.53736	8
1.53736	9
1.53736	10
1.53736	11
1.53743	12
1.53749	13
1.53755	14
1.53761	15
1.53768	16
1.53775	17
1.53782	18
1.5379	19
1.53798	5
1.53799	6
1.53799	7
1.53799	8
1.53799	9
1.53799	10
1.53801	5
1.53805	6
1.53805	7
1.53805	8
1.53805	9
1.53805	10
1.53806	11
1.53812	12
1.53818	13
1.53825	14
1.53832	15
1.53838	16
1.53845	17
1.53852	18
1.5386	19
1.53868	5
1.53868	6
1.53869	7
1.53869	8
1.53869	9
1.53869	10
1.5387	6
1.53875	7
1.53875	8
1.53875	9
1.53875	10
1.53876	11
1.53881	12
1.53887	13
1.53894	14
1.53901	15
1.53908	16
1.53915	17
1.53922	18
1.5393	19
1.53938	5
1.53938	6
1.53938	7
1.53939	8
1.53939	9
1.53939	10
1.5394	6
1.53944	7
1.53944	8
1.53945	9
1.53945	10
1.53945	11
1.53951	12
1.53957	13
1.53963	14
1.5397	15
1.53978	16
1.53986	17
1.53992	18
1.54	19
1.54008	5
1.54008	6
1.54008	7
1.54008	8
1.54009	9
1.54009	10
1.5401	6
1.54014	7
1.54014	8
1.54014	9
1.54014	10
1.54015	11
1.54021	12
1.54026	13
1.54033	14
1.5404	15
1.54047	16
1.54055	17
1.54063	18
1.5407	19
1.54078	5
1.54078	6
1.54078	7
1.54079	8
1.54079	9
1.54079	10
1.5408	6
1.54084	7
1.54084	8
1.54084	9
1.54084	10
1.54085	11
1.5409	12
1.54096	13
1.54102	14
1.54109	15
1.54116	16
1.54124	17
1.54132	18
1.54141	19
1.54148	5
1.54149	6
1.54149	7
1.54149	8
1.54149	9
1.54149	10
1.54151	6
1.54154	7
1.54154	8
1.54154	9
1.54155	10
1.54155	11
1.5416	12
1.54166	13
1.54172	14
1.54179	15
1.54186	16
1.54193	17
1.54201	18
1.5421	19
1.54218	5
1.54219	6
1.54219	7
1.54219	8
1.54219	9
1.54219	10
1.54221	5
1.54224	6
1.54224	7
1.54225	8
1.54225	9
1.54225	10
1.54225	11
1.54231	12
1.54236	13
1.54242	14
1.54249	15
1.54256	16
1.54263	17
1.54271	18
1.54279	19
1.54287	5
1.54288	6
1.54288	7
1.54289	8
1.54289	9
1.54289	10
1.5429	5
1.54295	6
1.54295	7
1.54295	8
1.54295	9
1.54295	10
1.54296	11
1.54301	12
1.54306	13
1.54312	14
1.54318	15
1.54325	16
1.54333	17
1.5434	18
1.54349	19
1.54356	5
1.54357	6
1.54358	7
1.54358	8
1.54358	9
1.54358	10
1.5436	5
1.54364	6
1.54364	7
1.54364	8
1.54365	9
1.54365	10
1.54365	11
1.54371	12
1.54376	13
1.54382	14
1.54388	15
1.54395	16
1.54402	17
1.5441	18
1.54418	19
1.54426	5
1.54427	6
1.54427	7
1.54427	8
1.54427	9
1.54427	10
1.54429	5
1.54433	6
1.54434	7
1.54434	8
1.54434	9
1.54434	10
1.54434	11
1.54441	12
1.54447	13
1.54452	14
1.54458	15
1.54465	16
1.54472	17
1.5448	18
1.54488	19
1.54495	5
1.54496	6
1.54497	7
1.54497	8
1.54497	9
1.54497	10
1.54498	5
1.54503	6
1.54503	7
1.54503	8
1.54503	9
1.54503	10
1.54504	11
1.5451	12
1.54516	13
1.54523	14
1.54529	15
1.54535	16
1.54542	17
1.5455	18
1.54557	19
1.54565	5
1.54566	6
1.54566	7
1.54566	8
1.54566	9
1.54566	10
1.54568	5
1.54572	6
1.54572	7
1.54572	8
1.54573	9
1.54573	10
1.54573	11
1.54579	12
1.54585	13
1.54592	14
1.54599	15
1.54605	16
1.54612	17
1.54619	18
1.54627	19
1.54635	5
1.54636	6
1.54636	7
1.54636	8
1.54636	9
1.54636	10
1.54638	6
1.54642	7
1.54642	8
1.54642	9
1.54642	10
1.54643	11
1.54649	12
1.54655	13
1.54661	14
1.54668	15
1.54676	16
1.54682	17
1.5469	18
1.54697	19
1.54705	5
1.54705	6
1.54706	7
1.54706	8
1.54706	9
1.54706	10
1.54708	6
1.54712	7
1.54712	8
1.54712	9
1.54712	10
1.54713	11
1.54718	12
1.54724	13
1.54731	14
1.54738	15
1.54745	16
1.54753	17
1.5476	18
1.54767	19
1.54775	5
1.54775	6
1.54775	7
1.54776	8
1.54776	9
1.54776	10
1.54778	6
1.54781	7
1.54782	8
1.54782	9
1.54782	10
1.54782	11
1.54788	12
1.54794	13
1.548	14
1.54807	15
1.54814	16
1.54822	17
1.5483	18
1.54838	19
1.54845	5
1.54845	6
1.54846	7
1.54846	8
1.54846	9
1.54846	10
1.54848	6
1.54851	7
1.54851	8
1.54852	9
1.54852	10
1.54852	11
1.54858	12
1.54863	13
1.5487	14
1.54876	15
1.54884	16
1.54891	17
1.54899	18
1.54908	19
1.54915	5
1.54916	6
1.54916	7
1.54916	8
1.54916	9
1.54916	10
1.54918	6
1.54921	7
1.54922	8
1.54922	9
1.54922	10
1.54922	11
1.54928	12
1.54933	13
1.54939	14
1.54946	15
1.54953	16
1.54961	17
1.54969	18
1.54977	19
1.54986	5
1.54986	6
1.54986	7
1.54986	8
1.54987	9
1.54987	10
1.54988	5
1.54992	6
1.54992	7
1.54992	8
1.54992	9
1.54992	10
1.54993	11
1.54998	12
1.55003	13
1.55009	14
1.55016	15
1.55023	16
1.5503	17
1.55038	18
1.55047	19
1.55055	5
1.55056	6
1.55056	7
1.55056	8
1.55056	9
1.55056	10
1.55058	5
1.55062	6
1.55062	7
1.55062	8
1.55063	9
1.55063	10
1.55063	11
1.55068	12
1.55074	13
1.55079	14
1.55086	15
1.55093	16
1.551	17
1.55108	18
1.55116	19
1.55124	5
1.55125	6
1.55125	7
1.55125	8
1.55125	9
1.55125	10
1.55127	5
1.55131	6
1.55132	7
1.55132	8
1.55132	9
1.55132	10
1.55132	11
1.55139	12
1.55144	13
1.55149	14
1.55156	15
1.55162	16
1.5517	17
1.55177	18
1.55185	19
1.55193	5
1.55194	6
1.55194	7
1.55194	8
1.55195	9
1.55195	10
1.55196	5
1.55201	6
1.55201	7
1.55201	8
1.55201	9
1.55201	10
1.55202	11
1.55208	12
1.55214	13
1.5522	14
1.55226	15
1.55232	16
1.55239	17
1.55247	18
1.55255	19
1.55263	5
1.55264	6
1.55264	7
1.55264	8
1.55264	9
1.55264	10
1.55266	5
1.5527	6
1.5527	7
1.5527	8
1.5527	9
1.55271	10
1.55271	11
1.55277	12
1.55283	13
1.5529	14
1.55296	15
1.55302	16
1.55309	17
1.55317	18
1.55325	19
1.55332	5
1.55333	6
1.55333	7
1.55334	8
1.55334	9
1.55334	10
1.55335	5
1.5534	6
1.5534	7
1.5534	8
1.5534	9
1.5534	10
1.5534	11
1.55347	12
1.55353	13
1.55359	14
1.55366	15
1.55373	16
1.55379	17
1.55387	18
1.55394	19
1.55402	5
1.55403	6
1.55403	7
1.55403	8
1.55403	9
1.55403	10
1.55405	6
1.55409	7
1.55409	8
1.55409	9
1.55409	10
1.5541	11
1.55416	12
1.55422	13
1.55428	14
1.55436	15
1.55443	16
1.5545	17
1.55457	18
1.55464	19
1.55472	5
1.55473	6
1.55473	7
1.55473	8
1.55473	9
1.55473	10
1.55475	6
1.55479	7
1.55479	8
1.55479	9
1.55479	10
1.5548	11
1.55485	12
1.55491	13
1.55498	14
1.55505	15
1.55512	16
1.5552	17
1.55527	18
1.55534	19
1.55542	5
1.55542	6
1.55543	7
1.55543	8
1.55543	9
1.55543	10
1.55545	6
1.55549	7
1.55549	8
1.55549	9
1.55549	10
1.5555	11
1.55555	12
1.55561	13
1.55567	14
1.55574	15
1.55581	16
1.55589	17
1.55597	18
1.55605	19
1.55612	5
1.55613	6
1.55613	7
1.55613	8
1.55613	9
1.55613	10
1.55615	6
1.55619	7
1.55619	8
1.55619	9
1.55619	10
1.5562	11
1.55625	12
1.55631	13
1.55637	14
1.55644	15
1.55651	16
1.55659	17
1.55667	18
1.55675	19
1.55683	5
1.55683	6
1.55683	7
1.55683	8
1.55683	9
1.55684	10
1.55685	6
1.55689	7
1.55689	8
1.55689	9
1.55689	10
1.5569	11
1.55695	12
1.557	13
1.55707	14
1.55713	15
1.5572	16
1.55728	17
1.55736	18
1.55744	19
1.55753	5
1.55754	6
1.55754	7
1.55754	8
1.55754	9
1.55754	10
1.55756	5
1.55759	6
1.55759	7
1.55759	8
1.55759	9
1.55759	10
1.5576	11
1.55765	12
1.55771	13
1.55777	14
1.55783	15
1.5579	16
1.55798	17
1.55805	18
1.55814	19
1.55822	5
1.55823	6
1.55823	7
1.55823	8
1.55823	9
1.55823	10
1.55825	5
1.5583	6
1.5583	7
1.5583	8
1.5583	9
1.5583	10
1.5583	11
1.55836	12
1.55841	13
1.55847	14
1.55853	15
1.5586	16
1.55867	17
1.55875	18
1.55883	19
1.55891	5
1.55892	6
1.55892	7
1.55892	8
1.55892	9
1.55893	10
1.55894	5
1.55899	6
1.55899	7
1.55899	8
1.55899	9
1.55899	10
1.559	11
1.55906	12
1.55911	13
1.55917	14
1.55923	15
1.5593	16
1.55937	17
1.55945	18
1.55953	19
1.5596	5
1.55961	6
1.55962	7
1.55962	8
1.55962	9
1.55962	10
1.55964	5
1.55968	6
1.55968	7
1.55968	8
1.55968	9
1.55968	10
1.55969	11
1.55975	12
1.55981	13
1.55987	14
1.55993	15
1.56	16
1.56007	17
1.56014	18
1.56022	19
1.5603	5
1.56031	6
1.56031	7
1.56031	8
1.56031	9
1.56031	10
1.56033	5
1.56037	6
1.56037	7
1.56038	8
1.56038	9
1.56038	10
1.56038	11
1.56044	12
1.56051	13
1.56057	14
1.56063	15
1.5607	16
1.56077	17
1.56084	18
1.56092	19
1.561	5
1.561	6
1.56101	7
1.56101	8
1.56101	9
1.56101	10
1.56103	5
1.56107	6
1.56107	7
1.56107	8
1.56107	9
1.56107	10
1.56108	11
1.56114	12
1.5612	13
1.56127	14
1.56134	15
1.5614	16
1.56147	17
1.56154	18
1.56162	19
1.5617	5
1.5617	6
1.5617	7
1.56171	8
1.56171	9
1.56171	10
1.56172	6
1.56176	7
1.56177	8
1.56177	9
1.56177	10
1.56177	11
1.56183	12
1.56189	13
1.56196	14
1.56203	15
1.5621	16
1.56217	17
1.56224	18
1.56232	19
1.5624	5
1.5624	6
1.5624	7
1.5624	8
1.5624	9
1.56241	10
1.56242	6
1.56246	7
1.56246	8
1.56246	9
1.56246	10
1.56247	11
1.56253	12
1.56259	13
1.56265	14
1.56272	15
1.5628	16
1.56287	17
1.56294	18
1.56302	19
1.56309	5
1.5631	6
1.5631	7
1.5631	8
1.5631	9
1.56311	10
1.56312	6
1.56316	7
1.56316	8
1.56316	9
1.56316	10
1.56317	11
1.56322	12
1.56328	13
1.56335	14
1.56341	15
1.56349	16
1.56357	17
1.56365	18
1.56372	19
1.5638	5
1.5638	6
1.5638	7
1.5638	8
1.56381	9
1.56381	10
1.56382	6
1.56386	7
1.56386	8
1.56386	9
1.56386	10
1.56387	11
1.56392	12
1.56398	13
1.56404	14
1.56411	15
1.56418	16
1.56426	17
1.56434	18
1.56443	19
1.5645	5
1.5645	6
1.5645	7
1.56451	8
1.56451	9
1.56451	10
1.56452	6
1.56456	7
1.56456	8
1.56456	9
1.56456	10
1.56457	11
1.56462	12
1.56468	13
1.56474	14
1.56481	15
1.56488	16
1.56495	17
1.56503	18
1.56512	19
1.5652	5
1.56521	6
1.56521	7
1.56521	8
1.56521	9
1.56521	10
1.56523	5
1.56526	6
1.56526	7
1.56526	8
1.56527	9
1.56527	10
1.56527	11
1.56532	12
1.56538	13
1.56544	14
1.5655	15
1.56557	16
1.56565	17
1.56573	18
1.56581	19
1.56589	5
1.5659	6
1.5659	7
1.5659	8
1.56591	9
1.56591	10
1.56592	5
1.56597	6
1.56597	7
1.56597	8
1.56597	9
1.56597	10
1.56598	11
1.56603	12
1.56608	13
1.56614	14
1.5662	15
1.56627	16
1.56634	17
1.56642	18
1.5665	19
1.56658	5
1.56659	6
1.5666	7
1.5666	8
1.5666	9
1.5666	10
1.56661	5
1.56666	6
1.56666	7
1.56666	8
1.56666	9
1.56667	10
1.56667	11
1.56673	12
1.56678	13
1.56684	14
1.5669	15
1.56697	16
1.56704	17
1.56712	18
1.5672	19
1.56728	5
1.56729	6
1.56729	7
1.56729	8
1.56729	9
1.56729	10
1.56731	5
1.56735	6
1.56735	7
1.56735	8
1.56736	9
1.56736	10
1.56736	11
1.56742	12
1.56749	13
1.56754	14
1.5676	15
1.56767	16
1.56774	17
1.56782	18
1.56789	19
1.56797	5
1.56798	6
1.56798	7
1.56798	8
1.56799	9
1.56799	10
1.568	5
1.56805	6
1.56805	7
1.56805	8
1.56805	9
1.56805	10
1.56806	11
1.56812	12
1.56818	13
1.56825	14
1.5683	15
1.56837	16
1.56844	17
1.56851	18
1.56859	19
1.56867	5
1.56868	6
1.56868	7
1.56868	8
1.56868	9
1.56868	10
1.5687	5
1.56874	6
1.56874	7
1.56874	8
1.56874	9
1.56875	10
1.56875	11
1.56881	12
1.56887	13
1.56894	14
1.56901	15
1.56907	16
1.56914	17
1.56921	18
1.56929	19
1.56937	5
1.56937	6
1.56938	7
1.56938	8
1.56938	9
1.56938	10
1.5694	6
1.56944	7
1.56944	8
1.56944	9
1.56944	10
1.56945	11
1.5695	12
1.56956	13
1.56963	14
1.5697	15
1.56978	16
1.56984	17
1.56991	18
1.56999	19
1.57007	5
1.57007	6
1.57008	7
1.57008	8
1.57008	9
1.57008	10
1.57009	6
1.57013	7
1.57014	8
1.57014	9
1.57014	10
1.57014	11
1.5702	12
1.57026	13
1.57032	14
1.57039	15
1.57047	16
1.57055	17
1.57062	18
1.57069	19
1.57077	5
1.57077	6
1.57077	7
1.57077	8
1.57078	9
1.57078	10
1.57079	6
1.57083	7
1.57083	8
1.57083	9
1.57084	10
1.57084	11
1.5709	12
1.57095	13
1.57102	14
1.57109	15
1.57116	16
1.57124	17
1.57132	18
1.57139	19
1.57147	5
1.57147	6
1.57147	7
1.57148	8
1.57148	9
1.57148	10
1.57149	6
1.57153	7
1.57153	8
1.57153	9
1.57154	10
1.57154	11
1.5716	12
1.57165	13
1.57171	14
1.57178	15
1.57185	16
1.57193	17
1.57201	18
1.5721	19
1.57217	5
1.57218	6
1.57218	7
1.57218	8
1.57218	9
1.57218	10
1.5722	6
1.57223	7
1.57223	8
1.57224	9
1.57224	10
1.57224	11
1.5723	12
1.57235	13
1.57241	14
1.57248	15
1.57255	16
1.57262	17
1.57271	18
1.57279	19
1.57288	5
1.57288	6
1.57288	7
1.57288	8
1.57288	9
1.57289	10
1.5729	5
1.57293	6
1.57294	7
1.57294	8
1.57294	9
1.57294	10
1.57294	11
1.573	12
1.57305	13
1.57311	14
1.57318	15
1.57325	16
1.57332	17
1.5734	18
1.57348	19
1.57356	5
1.57357	6
1.57358	7
1.57358	8
1.57358	9
1.57358	10
1.57359	5
1.57364	6
1.57364	7
1.57364	8
1.57364	9
1.57365	10
1.57365	11
1.5737	12
1.57375	13
1.57381	14
1.57388	15
1.57394	16
1.57402	17
1.57409	18
1.57418	19
1.57425	5
1.57427	6
1.57427	7
1.57427	8
1.57427	9
1.57427	10
1.57429	5
1.57433	6
1.57433	7
1.57434	8
1.57434	9
1.57434	10
1.57434	11
1.57441	12
1.57446	13
1.57451	14
1.57457	15
1.57464	16
1.57471	17
1.57479	18
1.57487	19
1.57495	5
1.57496	6
1.57496	7
1.57496	8
1.57496	9
1.57497	10
1.57498	5
1.57503	6
1.57503	7
1.57503	8
1.57503	9
1.57503	10
1.57503	11
1.5751	12
1.57516	13
1.57521	14
1.57528	15
1.57534	16
1.57541	17
1.57549	18
1.57557	19
1.57565	5
1.57565	6
1.57566	7
1.57566	8
1.57566	9
1.57566	10
1.57568	5
1.57572	6
1.57572	7
1.57572	8
1.57572	9
1.57572	10
1.57573	11
1.57579	12
1.57585	13
1.57592	14
1.57598	15
1.57604	16
1.57611	17
1.57619	18
1.57626	19
1.57634	5
1.57635	6
1.57635	7
1.57635	8
1.57635	9
1.57636	10
1.57637	5
1.57641	6
1.57641	7
1.57642	8
1.57642	9
1.57642	10
1.57642	11
1.57648	12
1.57654	13
1.57661	14
1.57668	15
1.57674	16
1.57681	17
1.57689	18
1.57696	19
1.57704	5
1.57705	6
1.57705	7
1.57705	8
1.57705	9
1.57705	10
1.57707	6
1.57711	7
1.57711	8
1.57711	9
1.57711	10
1.57712	11
1.57718	12
1.57724	13
1.5773	14
1.57737	15
1.57745	16
1.57751	17
1.57759	18
1.57766	19
1.57774	5
1.57775	6
1.57775	7
1.57775	8
1.57775	9
1.57775	10
1.57777	6
1.57781	7
1.57781	8
1.57781	9
1.57781	10
1.57782	11
1.57787	12
1.57793	13
1.578	14
1.57807	15
1.57814	16
1.57822	17
1.57829	18
1.57836	19
1.57844	5
1.57844	6
1.57845	7
1.57845	8
1.57845	9
1.57845	10
1.57847	6
1.57851	7
1.57851	8
1.57851	9
1.57851	10
1.57851	11
1.57857	12
1.57863	13
1.57869	14
1.57876	15
1.57883	16
1.57891	17
1.57899	18
1.57907	19
1.57914	5
1.57914	6
1.57915	7
1.57915	8
1.57915	9
1.57915	10
1.57917	6
1.5792	7
1.57921	8
1.57921	9
1.57921	10
1.57921	11
1.57927	12
1.57932	13
1.57939	14
1.57945	15
1.57953	16
1.5796	17
1.57969	18
1.57977	19
1.57985	5
1.57985	6
1.57985	7
1.57985	8
1.57985	9
1.57985	10
1.57987	6
1.57991	7
1.57991	8
1.57991	9
1.57991	10
1.57992	11
1.57997	12
1.58002	13
1.58008	14
1.58015	15
1.58022	16
1.5803	17
1.58038	18
1.58046	19
1.58055	5
1.58055	6
1.58055	7
1.58056	8
1.58056	9
1.58056	10
1.58057	5
1.58061	6
1.58061	7
1.58061	8
1.58061	9
1.58061	10
1.58062	11
1.58067	12
1.58072	13
1.58078	14
1.58085	15
1.58092	16
1.58099	17
1.58107	18
1.58116	19
1.58124	5
1.58125	6
1.58125	7
1.58125	8
1.58125	9
1.58125	10
1.58127	5
1.58131	6
1.58131	7
1.58132	8
1.58132	9
1.58132	10
1.58132	11
1.58137	12
1.58143	13
1.58148	14
1.58155	15
1.58162	16
1.58169	17
1.58177	18
1.58185	19
1.58193	5
1.58194	6
1.58194	7
1.58194	8
1.58194	9
1.58194	10
1.58196	5
1.58201	6
1.58201	7
1.58201	8
1.58201	9
1.58201	10
1.58202	11
1.58208	12
1.58213	13
1.58218	14
1.58225	15
1.58231	16
1.58239	17
1.58246	18
1.58254	19
1.58262	5
1.58263	6
1.58263	7
1.58264	8
1.58264	9
1.58264	10
1.58265	5
1.5827	6
1.5827	7
1.5827	8
1.5827	9
1.5827	10
1.58271	11
1.58277	12
1.58283	13
1.58289	14
1.58295	15
1.58301	16
1.58309	17
1.58316	18
1.58324	19
1.58332	5
1.58333	6
1.58333	7
1.58333	8
1.58333	9
1.58333	10
1.58335	5
1.58339	6
1.58339	7
1.58339	8
1.5834	9
1.5834	10
1.5834	11
1.58346	12
1.58353	13
1.58359	14
1.58365	15
1.58372	16
1.58378	17
1.58386	18
1.58394	19
1.58402	5
1.58402	6
1.58403	7
1.58403	8
1.58403	9
1.58403	10
1.58404	5
1.58409	6
1.58409	7
1.58409	8
1.58409	9
1.58409	10
1.5841	11
1.58416	12
1.58422	13
1.58428	14
1.58435	15
1.58442	16
1.58449	17
1.58456	18
1.58464	19
1.58471	5
1.58472	6
1.58472	7
1.58472	8
1.58472	9
1.58473	10
1.58474	6
1.58478	7
1.58478	8
1.58478	9
1.58479	10
1.58479	11
1.58485	12
1.58491	13
1.58498	14
1.58505	15
1.58512	16
1.58519	17
1.58526	18
1.58534	19
1.58541	5
1.58542	6
1.58542	7
1.58542	8
1.58542	9
1.58542	10
1.58544	6
1.58548	7
1.58548	8
1.58548	9
1.58548	10
1.58549	11
1.58555	12
1.5856	13
1.58567	14
1.58574	15
1.58581	16
1.58589	17
1.58596	18
1.58603	19
1.58611	5
1.58612	6
1.58612	7
1.58612	8
1.58612	9
1.58612	10
1.58614	6
1.58618	7
1.58618	8
1.58618	9
1.58618	10
1.58619	11
1.58624	12
1.5863	13
1.58636	14
1.58643	15
1.58651	16
1.58658	17
1.58667	18
1.58674	19
1.58681	5
1.58682	6
1.58682	7
1.58682	8
1.58682	9
1.58682	10
1.58684	6
1.58688	7
1.58688	8
1.58688	9
1.58688	10
1.58689	11
1.58694	12
1.587	13
1.58706	14
1.58713	15
1.5872	16
1.58728	17
1.58736	18
1.58744	19
1.58752	5
1.58752	6
1.58752	7
1.58752	8
1.58753	9
1.58753	10
1.58754	6
1.58758	7
1.58758	8
1.58758	9
1.58758	10
1.58759	11
1.58764	12
1.5877	13
1.58776	14
1.58782	15
1.58789	16
1.58797	17
1.58805	18
1.58814	19
1.58822	5
1.58823	6
1.58823	7
1.58823	8
1.58823	9
1.58823	10
1.58825	5
1.58828	6
1.58828	7
1.58828	8
1.58828	9
1.58829	10
1.58829	11
1.58834	12
1.5884	13
1.58846	14
1.58852	15
1.58859	16
1.58867	17
1.58875	18
1.58883	19
1.58891	5
1.58892	6
1.58892	7
1.58892	8
1.58892	9
1.58892	10
1.58894	5
1.58899	6
1.58899	7
1.58899	8
1.58899	9
1.58899	10
1.589	11
1.58905	12
1.5891	13
1.58916	14
1.58922	15
1.58929	16
1.58936	17
1.58944	18
1.58952	19
1.5896	5
1.58961	6
1.58961	7
1.58961	8
1.58962	9
1.58962	10
1.58963	5
1.58968	6
1.58968	7
1.58968	8
1.58968	9
1.58968	10
1.58969	11
1.58975	12
1.5898	13
1.58986	14
1.58992	15
1.58999	16
1.59006	17
1.59014	18
1.59022	19
1.5903	5
1.5903	6
1.59031	7
1.59031	8
1.59031	9
1.59031	10
1.59033	5
1.59037	6
1.59037	7
1.59037	8
1.59037	9
1.59038	10
1.59038	11
1.59044	12
1.59051	13
1.59056	14
1.59062	15
1.59069	16
1.59076	17
1.59083	18
1.59091	19
1.59099	5
1.591	6
1.591	7
1.591	8
1.591	9
1.59101	10
1.59102	5
1.59106	6
1.59107	7
1.59107	8
1.59107	9
1.59107	10
1.59107	11
1.59114	12
1.5912	13
1.59126	14
1.59132	15
1.59139	16
1.59146	17
1.59153	18
1.59161	19
1.59169	5
1.5917	6
1.5917	7
1.5917	8
1.5917	9
1.5917	10
1.59172	5
1.59176	6
1.59176	7
1.59176	8
1.59176	9
1.59176	10
1.59177	11
1.59183	12
1.59189	13
1.59196	14
1.59203	15
1.59209	16
1.59216	17
1.59223	18
1.59231	19
1.59239	5
1.59239	6
1.5924	7
1.5924	8
1.5924	9
1.5924	10
1.59241	6
1.59246	7
1.59246	8
1.59246	9
1.59246	10
1.59246	11
1.59252	12
1.59258	13
1.59265	14
1.59272	15
1.59279	16
1.59286	17
1.59293	18
1.59301	19
1.59309	5
1.59309	6
1.59309	7
1.59309	8
1.5931	9
1.5931	10
1.59311	6
1.59315	7
1.59315	8
1.59315	9
1.59316	10
1.59316	11
1.59322	12
1.59328	13
1.59334	14
1.59341	15
1.59349	16
1.59356	17
1.59363	18
1.59371	19
1.59379	5
1.59379	6
1.59379	7
1.59379	8
1.5938	9
1.5938	10
1.59381	6
1.59385	7
1.59385	8
1.59385	9
1.59385	10
1.59386	11
1.59392	12
1.59397	13
1.59404	14
1.59411	15
1.59418	16
1.59426	17
1.59434	18
1.59441	19
1.59449	5
1.59449	6
1.59449	7
1.59449	8
1.5945	9
1.5945	10
1.59451	6
1.59455	7
1.59455	8
1.59455	9
1.59455	10
1.59456	11
1.59461	12
1.59467	13
1.59473	14
1.5948	15
1.59487	16
1.59495	17
1.59503	18
1.59512	19
1.59519	5
1.59519	6
1.5952	7
1.5952	8
1.5952	9
1.5952	10
1.59521	6
1.59525	7
1.59525	8
1.59525	9
1.59525	10
1.59526	11
1.59531	12
1.59537	13
1.59543	14
1.5955	15
1.59557	16
1.59564	17
1.59572	18
1.59581	19
1.59589	5
1.5959	6
1.5959	7
1.5959	8
1.5959	9
1.5959	10
1.59592	5
1.59595	6
1.59595	7
1.59596	8
1.59596	9
1.59596	10
1.59596	11
1.59601	12
1.59607	13
1.59613	14
1.59619	15
1.59626	16
1.59634	17
1.59642	18
1.5965	19
1.59658	5
1.59659	6
1.59659	7
1.5966	8
1.5966	9
1.5966	10
1.59661	5
1.59666	6
1.59666	7
1.59666	8
1.59666	9
1.59666	10
1.59667	11
1.59672	12
1.59677	13
1.59683	14
1.59689	15
1.59696	16
1.59704	17
1.59711	18
1.5972	19
1.59727	5
1.59728	6
1.59729	7
1.59729	8
1.59729	9
1.59729	10
1.59731	5
1.59735	6
1.59735	7
1.59735	8
1.59735	9
1.59736	10
1.59736	11
1.59742	12
1.59747	13
1.59753	14
1.59759	15
1.59766	16
1.59773	17
1.59781	18
1.59789	19
1.59797	5
1.59798	6
1.59798	7
1.59798	8
1.59798	9
1.59798	10
1.598	5
1.59804	6
1.59804	7
1.59805	8
1.59805	9
1.59805	10
1.59805	11
1.59812	12
1.59818	13
1.59823	14
1.59829	15
1.59836	16
1.59843	17
1.59851	18
1.59859	19
1.59866	5
1.59867	6
1.59867	7
1.59868	8
1.59868	9
1.59868	10
1.59869	5
1.59874	6
1.59874	7
1.59874	8
1.59874	9
1.59874	10
1.59875	11
1.59881	12
1.59887	13
1.59894	14
1.599	15
1.59906	16
1.59913	17
1.5992	18
1.59928	19
1.59936	5
1.59937	6
1.59937	7
1.59937	8
1.59937	9
1.59937	10
1.59939	5
1.59943	6
1.59943	7
1.59943	8
1.59944	9
1.59944	10
1.59944	11
1.5995	12
1.59956	13
1.59963	14
1.5997	15
1.59976	16
1.59983	17
1.5999	18
1.59998	19
1.60006	5
1.60007	6
1.60007	7
1.60007	8
1.60007	9
1.60007	10
1.60009	6
1.60013	7
1.60013	8
1.60013	9
1.60013	10
1.60014	11
1.6002	12
1.60026	13
1.60032	14
1.60039	15
1.60047	16
1.60053	17
1.60061	18
1.60068	19
1.60076	5
1.60076	6
1.60077	7
1.60077	8
1.60077	9
1.60077	10
1.60079	6
1.60083	7
1.60083	8
1.60083	9
1.60083	10
1.60083	11
1.60089	12
1.60095	13
1.60101	14
1.60108	15
1.60116	16
1.60124	17
1.60131	18
1.60138	19
1.60146	5
1.60146	6
1.60146	7
1.60147	8
1.60147	9
1.60147	10
1.60148	6
1.60152	7
1.60152	8
1.60153	9
1.60153	10
1.60153	11
1.60159	12
1.60165	13
1.60171	14
1.60178	15
1.60185	16
1.60193	17
1.60201	18
1.60208	19
1.60216	5
1.60216	6
1.60217	7
1.60217	8
1.60217	9
1.60217	10
1.60219	6
1.60222	7
1.60222	8
1.60223	9
1.60223	10
1.60223	11
1.60229	12
1.60234	13
1.60241	14
1.60247	15
1.60255	16
1.60262	17
1.6027	18
1.60279	19
1.60286	5
1.60287	6
1.60287	7
1.60287	8
1.60287	9
1.60287	10
1.60289	6
1.60292	7
1.60292	8
1.60293	9
1.60293	10
1.60293	11
1.60299	12
1.60304	13
1.6031	14
1.60317	15
1.60324	16
1.60332	17
1.6034	18
1.60348	19
1.60357	5
1.60357	6
1.60357	7
1.60357	8
1.60358	9
1.60358	10
1.60359	5
1.60363	6
1.60363	7
1.60363	8
1.60363	9
1.60363	10
1.60364	11
1.60369	12
1.60374	13
1.6038	14
1.60387	15
1.60394	16
1.60401	17
1.60409	18
1.60418	19
1.60426	5
1.60427	6
1.60427	7
1.60427	8
1.60427	9
1.60427	10
1.60429	5
1.60433	6
1.60433	7
1.60433	8
1.60434	9
1.60434	10
1.60434	11
1.60439	12
1.60444	13
1.6045	14
1.60457	15
1.60463	16
1.60471	17
1.60479	18
1.60487	19
1.60495	5
1.60496	6
1.60496	7
1.60496	8
1.60496	9
1.60496	10
1.60498	5
1.60502	6
1.60503	7
1.60503	8
1.60503	9
1.60503	10
1.60503	11
1.6051	12
1.60515	13
1.6052	14
1.60527	15
1.60533	16
1.60541	17
1.60548	18
1.60556	19
1.60564	5
1.60565	6
1.60565	7
1.60565	8
1.60566	9
1.60566	10
1.60567	5
1.60572	6
1.60572	7
1.60572	8
1.60572	9
1.60572	10
1.60573	11
1.60579	12
1.60585	13
1.60591	14
1.60597	15
1.60603	16
1.6061	17
1.60618	18
1.60626	19
1.60634	5
1.60635	6
1.60635	7
1.60635	8
1.60635	9
1.60635	10
1.60637	5
1.60641	6
1.60641	7
1.60641	8
1.60641	9
1.60641	10
1.60642	11
1.60648	12
1.60654	13
1.60661	14
1.60667	15
1.60673	16
1.6068	17
1.60688	18
1.60696	19
1.60703	5
1.60704	6
1.60704	7
1.60704	8
1.60705	9
1.60705	10
1.60706	5
1.6071	6
1.60711	7
1.60711	8
1.60711	9
1.60711	10
1.60711	11
1.60717	12
1.60724	13
1.6073	14
1.60737	15
1.60744	16
1.6075	17
1.60758	18
1.60765	19
1.60773	5
1.60774	6
1.60774	7
1.60774	8
1.60774	9
1.60774	10
1.60776	6
1.6078	7
1.6078	8
1.6078	9
1.6078	10
1.60781	11
1.60787	12
1.60793	13
1.60799	14
1.60807	15
1.60814	16
1.60821	17
1.60828	18
1.60835	19
1.60843	5
1.60844	6
1.60844	7
1.60844	8
1.60844	9
1.60844	10
1.60846	6
1.6085	7
1.6085	8
1.6085	9
1.6085	10
1.60851	11
1.60856	12
1.60862	13
1.60869	14
1.60876	15
1.60883	16
1.60891	17
1.60898	18
1.60905	19
1.60913	5
1.60913	6
1.60914	7
1.60914	8
1.60914	9
1.60914	10
1.60916	6
1.6092	7
1.6092	8
1.6092	9
1.6092	10
1.60921	11
1.60926	12
1.60932	13
1.60938	14
1.60945	15
1.60952	16
1.6096	17
1.60968	18
1.60976	19
1.60983	5
1.60984	6
1.60984	7
1.60984	8
1.60984	9
1.60984	10
1.60986	6
1.6099	7
1.6099	8
1.6099	9
1.6099	10
1.60991	11
1.60996	12
1.61002	13
1.61008	14
1.61015	15
1.61022	16
1.61029	17
1.61038	18
1.61046	19
1.61054	5
1.61054	6
1.61054	7
1.61054	8
1.61054	9
1.61054	10
1.61056	6
1.6106	7
1.6106	8
1.6106	9
1.6106	10
1.61061	11
1.61066	12
1.61071	13
1.61078	14
1.61084	15
1.61091	16
1.61099	17
1.61107	18
1.61115	19
1.61124	5
1.61124	6
1.61125	7
1.61125	8
1.61125	9
1.61125	10
1.61126	5
1.6113	6
1.6113	7
1.6113	8
1.6113	9
1.6113	10
1.61131	11
1.61136	12
1.61142	13
1.61148	14
1.61154	15
1.61161	16
1.61168	17
1.61176	18
1.61185	19
1.61193	5
1.61194	6
1.61194	7
1.61194	8
1.61194	9
1.61194	10
1.61196	5
1.612	6
1.61201	7
1.61201	8
1.61201	9
1.61201	10
1.61201	11
1.61206	12
1.61212	13
1.61218	14
1.61224	15
1.61231	16
1.61238	17
1.61246	18
1.61254	19
1.61262	5
1.61263	6
1.61263	7
1.61263	8
1.61263	9
1.61264	10
1.61265	5
1.6127	6
1.6127	7
1.6127	8
1.6127	9
1.6127	10
1.61271	11
1.61277	12
1.61282	13
1.61288	14
1.61294	15
1.61301	16
1.61308	17
1.61315	18
1.61324	19
1.61331	5
1.61332	6
1.61333	7
1.61333	8
1.61333	9
1.61333	10
1.61334	5
1.61339	6
1.61339	7
1.61339	8
1.61339	9
1.61339	10
1.6134	11
1.61346	12
1.61352	13
1.61358	14
1.61364	15
1.61371	16
1.61378	17
1.61385	18
1.61393	19
1.61401	5
1.61402	6
1.61402	7
1.61402	8
1.61402	9
1.61402	10
1.61404	5
1.61408	6
1.61408	7
1.61409	8
1.61409	9
1.61409	10
1.61409	11
1.61415	12
1.61422	13
1.61428	14
1.61434	15
1.61441	16
1.61448	17
1.61455	18
1.61463	19
1.61471	5
1.61471	6
1.61472	7
1.61472	8
1.61472	9
1.61472	10
1.61474	5
1.61478	6
1.61478	7
1.61478	8
1.61478	9
1.61478	10
1.61479	11
1.61485	12
1.61491	13
1.61497	14
1.61505	15
1.61511	16
1.61518	17
1.61525	18
1.61533	19
1.6154	5
1.61541	6
1.61541	7
1.61541	8
1.61542	9
1.61542	10
1.61543	6
1.61547	7
1.61547	8
1.61548	9
1.61548	10
1.61548	11
1.61554	12
1.6156	13
1.61567	14
1.61574	15
1.61581	16
1.61588	17
1.61595	18
1.61603	19
1.6161	5
1.61611	6
1.61611	7
1.61611	8
1.61611	9
1.61612	10
1.61613	6
1.61617	7
1.61617	8
1.61617	9
1.61617	10
1.61618	11
1.61624	12
1.6163	13
1.61636	14
1.61643	15
1.6165	16
1.61658	17
1.61665	18
1.61673	19
1.6168	5
1.61681	6
1.61681	7
1.61681	8
1.61681	9
1.61681	10
1.61683	6
1.61687	7
1.61687	8
1.61687	9
1.61687	10
1.61688	11
1.61693	12
1.61699	13
1.61706	14
1.61712	15
1.6172	16
1.61728	17
1.61736	18
1.61743	19
1.6175	5
1.61751	6
1.61751	7
1.61751	8
1.61751	9
1.61752	10
1.61753	6
1.61757	7
1.61757	8
1.61757	9
1.61757	10
1.61758	11
1.61763	12
1.61769	13
1.61775	14
1.61782	15
1.61789	16
1.61797	17
1.61805	18
1.61813	19
1.61821	5
1.61821	6
1.61821	7
1.61822	8
1.61822	9
1.61822	10
1.61823	6
1.61827	7
1.61827	8
1.61827	9
1.61827	10
1.61828	11
1.61833	12
1.61839	13
1.61845	14
1.61851	15
1.61859	16
1.61866	17
1.61874	18
1.61883	19
1.61891	5
1.61892	6
1.61892	7
1.61892	8
1.61892	9
1.61892	10
1.61894	5
1.61897	6
1.61897	7
1.61897	8
1.61897	9
1.61898	10
1.61898	11
1.61903	12
1.61909	13
1.61915	14
1.61921	15
1.61928	16
1.61936	17
1.61944	18
1.61952	19
1.6196	5
1.61961	6
1.61961	7
1.61961	8
1.61961	9
1.61962	10
1.61963	5
1.61968	6
1.61968	7
1.61968	8
1.61968	9
1.61968	10
1.61969	11
1.61974	12
1.61979	13
1.61985	14
1.61991	15
1.61998	16
1.62005	17
1.62013	18
1.62021	19
1.62029	5
1.6203	6
1.6203	7
1.62031	8
1.62031	9
1.62031	10
1.62032	5
1.62037	6
1.62037	7
1.62037	8
1.62037	9
1.62037	10
1.62038	11
1.62044	12
1.62049	13
1.62055	14
1.62061	15
1.62068	16
1.62075	17
1.62083	18
1.62091	19
1.62099	5
1.621	6
1.621	7
1.621	8
1.621	9
1.621	10
1.62102	5
1.62106	6
1.62106	7
1.62106	8
1.62107	9
1.62107	10
1.62107	11
1.62113	12
1.6212	13
1.62125	14
1.62131	15
1.62138	16
1.62145	17
1.62152	18
1.6216	19
1.62168	5
1.62169	6
1.62169	7
1.62169	8
1.6217	9
1.6217	10
1.62171	5
1.62176	6
1.62176	7
1.62176	8
1.62176	9
1.62176	10
1.62177	11
1.62183	12
1.62189	13
1.62196	14
1.62201	15
1.62208	16
1.62215	17
1.62222	18
1.6223	19
1.62238	5
1.62239	6
1.62239	7
1.62239	8
1.62239	9
1.62239	10
1.62241	5
1.62245	6
1.62245	7
1.62245	8
1.62245	9
1.62246	10
1.62246	11
1.62252	12
1.62258	13
1.62265	14
1.62272	15
1.62278	16
1.62285	17
1.62292	18
1.623	19
1.62308	5
1.62308	6
1.62309	7
1.62309	8
1.62309	9
1.62309	10
1.62311	6
1.62315	7
1.62315	8
1.62315	9
1.62315	10
1.62316	11
1.62321	12
1.62327	13
1.62334	14
1.62341	15
1.62349	16
1.62355	17
1.62362	18
1.6237	19
1.62378	5
1.62378	6
1.62378	7
1.62379	8
1.62379	9
1.62379	10
1.6238	6
1.62384	7
1.62384	8
1.62385	9
1.62385	10
1.62385	11
1.62391	12
1.62397	13
1.62403	14
1.6241	15
1.62418	16
1.62426	17
1.62433	18
1.6244	19
1.62448	5
1.62448	6
1.62448	7
1.62448	8
1.62449	9
1.62449	10
1.6245	6
1.62454	7
1.62454	8
1.62454	9
1.62455	10
1.62455	11
1.62461	12
1.62466	13
1.62473	14
1.6248	15
1.62487	16
1.62495	17
1.62503	18
1.6251	19
1.62518	5
1.62518	6
1.62518	7
1.62519	8
1.62519	9
1.62519	10
1.6252	6
1.62524	7
1.62524	8
1.62524	9
1.62524	10
1.62525	11
1.62531	12
1.62536	13
1.62542	14
1.62549	15
1.62556	16
1.62564	17
1.62572	18
1.62581	19
1.62588	5
1.62589	6
1.62589	7
1.62589	8
1.62589	9
1.62589	10
1.62591	6
1.62594	7
1.62594	8
1.62594	9
1.62595	10
1.62595	11
1.626	12
1.62606	13
1.62612	14
1.62619	15
1.62626	16
1.62633	17
1.62641	18
1.6265	19
1.62659	5
1.62659	6
1.62659	7
1.62659	8
1.62659	9
1.62659	10
1.62661	5
1.62664	6
1.62665	7
1.62665	8
1.62665	9
1.62665	10
1.62665	11
1.62671	12
1.62676	13
1.62682	14
1.62689	15
1.62696	16
1.62703	17
1.62711	18
1.62719	19
1.62727	5
1.62728	6
1.62729	7
1.62729	8
1.62729	9
1.62729	10
1.6273	5
1.62735	6
1.62735	7
1.62735	8
1.62735	9
1.62735	10
1.62736	11
1.62741	12
1.62746	13
1.62752	14
1.62758	15
1.62765	16
1.62773	17
1.6278	18
1.62789	19
1.62796	5
1.62798	6
1.62798	7
1.62798	8
1.62798	9
1.62798	10
1.628	5
1.62804	6
1.62804	7
1.62804	8
1.62805	9
1.62805	10
1.62805	11
1.62811	12
1.62816	13
1.62822	14
1.62828	15
1.62835	16
1.62842	17
1.6285	18
1.62858	19
1.62866	5
1.62867	6
1.62867	7
1.62867	8
1.62867	9
1.62867	10
1.62869	5
1.62873	6
1.62874	7
1.62874	8
1.62874	9
1.62874	10
1.62874	11
1.62881	12
1.62887	13
1.62892	14
1.62898	15
1.62905	16
1.62912	17
1.6292	18
1.62928	19
1.62935	5
1.62936	6
1.62937	7
1.62937	8
1.62937	9
1.62937	10
1.62939	5
1.62943	6
1.62943	7
1.62943	8
1.62943	9
1.62943	10
1.62944	11
1.6295	12
1.62956	13
1.62963	14
1.62969	15
1.62975	16
1.62982	17
1.6299	18
1.62997	19
1.63005	5
1.63006	6
1.63006	7
1.63006	8
1.63006	9
1.63007	10
1.63008	5
1.63012	6
1.63012	7
1.63013	8
1.63013	9
1.63013	10
1.63013	11
1.63019	12
1.63025	13
1.63032	14
1.63039	15
1.63045	16
1.63052	17
1.6306	18
1.63067	19
1.63075	5
1.63076	6
1.63076	7
1.63076	8
1.63076	9
1.63076	10
1.63078	6
1.63082	7
1.63082	8
1.63082	9
1.63082	10
1.63083	11
1.63089	12
1.63095	13
1.63101	14
1.63108	15
1.63116	16
1.63122	17
1.6313	18
1.63137	19
1.63145	5
1.63145	6
1.63146	7
1.63146	8
1.63146	9
1.63146	10
1.63148	6
1.63152	7
1.63152	8
1.63152	9
1.63152	10
1.63153	11
1.63158	12
1.63164	13
1.63171	14
1.63178	15
1.63185	16
1.63193	17
1.632	18
1.63207	19
1.63215	5
1.63215	6
1.63215	7
1.63216	8
1.63216	9
1.63216	10
1.63218	6
1.63221	7
1.63222	8
1.63222	9
1.63222	10
1.63222	11
1.63228	12
1.63234	13
1.6324	14
1.63247	15
1.63254	16
1.63262	17
1.6327	18
1.63278	19
1.63285	5
1.63285	6
1.63286	7
1.63286	8
1.63286	9
1.63286	10
1.63288	6
1.63291	7
1.63292	8
1.63292	9
1.63292	10
1.63292	11
1.63298	12
1.63303	13
1.6331	14
1.63316	15
1.63324	16
1.63331	17
1.63339	18
1.63348	19
1.63355	5
1.63356	6
1.63356	7
1.63356	8
1.63356	9
1.63356	10
1.63358	6
1.63361	7
1.63362	8
1.63362	9
1.63362	10
1.63362	11
1.63368	12
1.63373	13
1.63379	14
1.63386	15
1.63393	16
1.63401	17
1.63409	18
1.63417	19
1.63426	5
1.63426	6
1.63426	7
1.63427	8
1.63427	9
1.63427	10
1.63428	5
1.63432	6
1.63432	7
1.63432	8
1.63432	9
1.63432	10
1.63433	11
1.63438	12
1.63443	13
1.63449	14
1.63456	15
1.63463	16
1.6347	17
1.63478	18
1.63487	19
1.63495	5
1.63496	6
1.63496	7
1.63496	8
1.63496	9
1.63496	10
1.63498	5
1.63502	6
1.63502	7
1.63503	8
1.63503	9
1.63503	10
1.63503	11
1.63508	12
1.63514	13
1.63519	14
1.63526	15
1.63533	16
1.6354	17
1.63548	18
1.63556	19
1.63564	5
1.63565	6
1.63565	7
1.63565	8
1.63565	9
1.63565	10
1.63567	5
1.63572	6
1.63572	7
1.63572	8
1.63572	9
1.63572	10
1.63572	11
1.63579	12
1.63584	13
1.63589	14
1.63596	15
1.63602	16
1.6361	17
1.63617	18
1.63625	19
1.63633	5
1.63634	6
1.63634	7
1.63634	8
1.63635	9
1.63635	10
1.63636	5
1.63641	6
1.63641	7
1.63641	8
1.63641	9
1.63641	10
1.63642	11
1.63648	12
1.63654	13
1.6366	14
1.63666	15
1.63672	16
1.63679	17
1.63687	18
1.63695	19
1.63703	5
1.63704	6
1.63704	7
1.63704	8
1.63704	9
1.63704	10
1.63706	5
1.6371	6
1.6371	7
1.6371	8
1.6371	9
1.63711	10
1.63711	11
1.63717	12
1.63723	13
1.6373	14
1.63736	15
1.63742	16
1.63749	17
1.63757	18
1.63765	19
1.63772	5
1.63773	6
1.63773	7
1.63774	8
1.63774	9
1.63774	10
1.63775	5
1.6378	6
1.6378	7
1.6378	8
1.6378	9
1.6378	10
1.63781	11
1.63787	12
1.63793	13
1.63799	14
1.63806	15
1.63813	16
1.63819	17
1.63827	18
1.63835	19
1.63842	5
1.63843	6
1.63843	7
1.63843	8
1.63843	9
1.63844	10
1.63845	6
1.63849	7
1.63849	8
1.63849	9
1.6385	10
1.6385	11
1.63856	12
1.63862	13
1.63869	14
1.63876	15
1.63883	16
1.6389	17
1.63897	18
1.63904	19
1.63912	5
1.63913	6
1.63913	7
1.63913	8
1.63913	9
1.63913	10
1.63915	6
1.63919	7
1.63919	8
1.63919	9
1.63919	10
1.6392	11
1.63926	12
1.63931	13
1.63938	14
1.63945	15
1.63952	16
1.6396	17
1.63967	18
1.63974	19
1.63982	5
1.63982	6
1.63983	7
1.63983	8
1.63983	9
1.63983	10
1.63985	6
1.63989	7
1.63989	8
1.63989	9
1.63989	10
1.6399	11
1.63995	12
1.64001	13
1.64007	14
1.64014	15
1.64022	16
1.64029	17
1.64038	18
1.64045	19
1.64052	5
1.64053	6
1.64053	7
1.64053	8
1.64053	9
1.64053	10
1.64055	6
1.64059	7
1.64059	8
1.64059	9
1.64059	10
1.6406	11
1.64065	12
1.64071	13
1.64077	14
1.64084	15
1.64091	16
1.64099	17
1.64107	18
1.64115	19
1.64123	5
1.64123	6
1.64123	7
1.64123	8
1.64123	9
1.64124	10
1.64125	6
1.64129	7
1.64129	8
1.64129	9
1.64129	10
1.6413	11
1.64135	12
1.64141	13
1.64147	14
1.64153	15
1.6416	16
1.64168	17
1.64176	18
1.64185	19
1.64193	5
1.64194	6
1.64194	7
1.64194	8
1.64194	9
1.64194	10
1.64196	5
1.64199	6
1.64199	7
1.64199	8
1.64199	9
1.64199	10
1.642	11
1.64205	12
1.64211	13
1.64217	14
1.64223	15
1.6423	16
1.64238	17
1.64246	18
1.64254	19
1.64262	5
1.64263	6
1.64263	7
1.64263	8
1.64263	9
1.64263	10
1.64265	5
1.6427	6
1.6427	7
1.6427	8
1.6427	9
1.6427	10
1.64271	11
1.64276	12
1.64281	13
1.64287	14
1.64293	15
1.643	16
1.64307	17
1.64315	18
1.64323	19
1.64331	5
1.64332	6
1.64332	7
1.64332	8
1.64333	9
1.64333	10
1.64334	5
1.64339	6
1.64339	7
1.64339	8
1.64339	9
1.64339	10
1.6434	11
1.64346	12
1.64351	13
1.64357	14
1.64363	15
1.6437	16
1.64377	17
1.64385	18
1.64393	19
1.644	5
1.64401	6
1.64402	7
1.64402	8
1.64402	9
1.64402	10
1.64404	5
1.64408	6
1.64408	7
1.64408	8
1.64408	9
1.64409	10
1.64409	11
1.64415	12
1.64421	13
1.64427	14
1.64433	15
1.6444	16
1.64447	17
1.64454	18
1.64462	19
1.6447	5
1.64471	6
1.64471	7
1.64471	8
1.64471	9
1.64471	10
1.64473	5
1.64477	6
1.64478	7
1.64478	8
1.64478	9
1.64478	10
1.64478	11
1.64484	12
1.64491	13
1.64497	14
1.64503	15
1.6451	16
1.64517	17
1.64524	18
1.64532	19
1.6454	5
1.6454	6
1.64541	7
1.64541	8
1.64541	9
1.64541	10
1.64543	5
1.64547	6
1.64547	7
1.64547	8
1.64547	9
1.64547	10
1.64548	11
1.64554	12
1.6456	13
1.64567	14
1.64574	15
1.6458	16
1.64587	17
1.64594	18
1.64602	19
1.6461	5
1.6461	6
1.6461	7
1.64611	8
1.64611	9
1.64611	10
1.64612	6
1.64616	7
1.64617	8
1.64617	9
1.64617	10
1.64617	11
1.64623	12
1.64629	13
1.64636	14
1.64643	15
1.6465	16
1.64657	17
1.64664	18
1.64672	19
1.6468	5
1.6468	6
1.6468	7
1.6468	8
1.64681	9
1.64681	10
1.64682	6
1.64686	7
1.64686	8
1.64686	9
1.64687	10
1.64687	11
1.64693	12
1.64699	13
1.64705	14
1.64712	15
1.6472	16
1.64727	17
1.64734	18
1.64742	19
1.6475	5
1.6475	6
1.6475	7
1.6475	8
1.6475	9
1.64751	10
1.64752	6
1.64756	7
1.64756	8
1.64756	9
1.64756	10
1.64757	11
1.64762	12
1.64768	13
1.64775	14
1.64781	15
1.64789	16
1.64797	17
1.64805	18
1.64812	19
1.6482	5
1.6482	6
1.6482	7
1.6482	8
1.64821	9
1.64821	10
1.64822	6
1.64826	7
1.64826	8
1.64826	9
1.64826	10
1.64827	11
1.64832	12
1.64838	13
1.64844	14
1.64851	15
1.64858	16
1.64866	17
1.64874	18
1.64883	19
1.6489	5
1.6489	6
1.64891	7
1.64891	8
1.64891	9
1.64891	10
1.64892	6
1.64896	7
1.64896	8
1.64896	9
1.64896	10
1.64897	11
1.64902	12
1.64908	13
1.64914	14
1.64921	15
1.64928	16
1.64935	17
1.64943	18
1.64952	19
1.6496	5
1.64961	6
1.64961	7
1.64961	8
1.64961	9
1.64961	10
1.64963	5
1.64966	6
1.64966	7
1.64966	8
1.64967	9
1.64967	10
1.64967	11
1.64972	12
1.64978	13
1.64984	14
1.6499	15
1.64997	16
1.65005	17
1.65013	18
1.65021	19
1.65029	5
1.6503	6
1.6503	7
1.6503	8
1.65031	9
1.65031	10
1.65032	5
1.65037	6
1.65037	7
1.65037	8
1.65037	9
1.65037	10
1.65038	11
1.65043	12
1.65048	13
1.65054	14
1.6506	15
1.65067	16
1.65074	17
1.65082	18
1.6509	19
1.65098	5
1.65099	6
1.651	7
1.651	8
1.651	9
1.651	10
1.65101	5
1.65106	6
1.65106	7
1.65106	8
1.65106	9
1.65107	10
1.65107	11
1.65113	12
1.65118	13
1.65124	14
1.6513	15
1.65137	16
1.65144	17
1.65152	18
1.6516	19
1.65168	5
1.65169	6
1.65169	7
1.65169	8
1.65169	9
1.65169	10
1.65171	5
1.65175	6
1.65175	7
1.65176	8
1.65176	9
1.65176	10
1.65176	11
1.65183	12
1.65189	13
1.65194	14
1.652	15
1.65207	16
1.65214	17
1.65222	18
1.6523	19
1.65237	5
1.65238	6
1.65238	7
1.65239	8
1.65239	9
1.65239	10
1.6524	5
1.65245	6
1.65245	7
1.65245	8
1.65245	9
1.65245	10
1.65246	11
1.65252	12
1.65258	13
1.65265	14
1.65271	15
1.65277	16
1.65284	17
1.65291	18
1.65299	19
1.65307	5
1.65308	6
1.65308	7
1.65308	8
1.65308	9
1.65308	10
1.6531	5
1.65314	6
1.65314	7
1.65314	8
1.65314	9
1.65315	10
1.65315	11
1.65321	12
1.65327	13
1.65334	14
1.65341	15
1.65347	16
1.65354	17
1.65361	18
1.65369	19
1.65377	5
1.65377	6
1.65378	7
1.65378	8
1.65378	9
1.65378	10
1.6538	6
1.65384	7
1.65384	8
1.65384	9
1.65384	10
1.65385	11
1.6539	12
1.65396	13
1.65403	14
1.6541	15
1.65418	16
1.65424	17
1.65431	18
1.65439	19
1.65447	5
1.65447	6
1.65448	7
1.65448	8
1.65448	9
1.65448	10
1.65449	6
1.65453	7
1.65454	8
1.65454	9
1.65454	10
1.65454	11
1.6546	12
1.65466	13
1.65472	14
1.65479	15
1.65487	16
1.65495	17
1.65502	18
1.65509	19
1.65517	5
1.65517	6
1.65517	7
1.65518	8
1.65518	9
1.65518	10
1.65519	6
1.65523	7
1.65523	8
1.65524	9
1.65524	10
1.65524	11
1.6553	12
1.65536	13
1.65542	14
1.65549	15
1.65556	16
1.65564	17
1.65572	18
1.65579	19
1.65587	5
1.65587	6
1.65587	7
1.65588	8
1.65588	9
1.65588	10
1.6559	6
1.65593	7
1.65593	8
1.65593	9
1.65594	10
1.65594	11
1.656	12
1.65605	13
1.65612	14
1.65618	15
1.65625	16
1.65633	17
1.65641	18
1.6565	19
1.65657	5
1.65658	6
1.65658	7
1.65658	8
1.65658	9
1.65658	10
1.6566	6
1.65663	7
1.65663	8
1.65664	9
1.65664	10
1.65664	11
1.6567	12
1.65675	13
1.65681	14
1.65688	15
1.65695	16
1.65702	17
1.65711	18
1.65719	19
1.65728	5
1.65728	6
1.65728	7
1.65728	8
1.65728	9
1.65729	10
1.6573	5
1.65734	6
1.65734	7
1.65734	8
1.65734	9
1.65734	10
1.65734	11
1.6574	12
1.65745	13
1.65751	14
1.65758	15
1.65765	16
1.65772	17
1.6578	18
1.65788	19
1.65797	5
1.65797	6
1.65798	7
1.65798	8
1.65798	9
1.65798	10
1.658	5
1.65804	6
1.65804	7
1.65804	8
1.65804	9
1.65805	10
1.65805	11
1.6581	12
1.65815	13
1.65821	14
1.65828	15
1.65834	16
1.65842	17
1.6585	18
1.65858	19
1.65866	5
1.65867	6
1.65867	7
1.65867	8
1.65867	9
1.65867	10
1.65869	5
1.65873	6
1.65873	7
1.65874	8
1.65874	9
1.65874	10
1.65874	11
1.65881	12
1.65886	13
1.65891	14
1.65898	15
1.65904	16
1.65911	17
1.65919	18
1.65927	19
1.65935	5
1.65936	6
1.65936	7
1.65936	8
1.65936	9
1.65937	10
1.65938	5
1.65943	6
1.65943	7
1.65943	8
1.65943	9
1.65943	10
1.65944	11
1.6595	12
1.65956	13
1.65961	14
1.65968	15
1.65974	16
1.65981	17
1.65989	18
1.65997	19
1.66005	5
1.66005	6
1.66006	7
1.66006	8
1.66006	9
1.66006	10
1.66008	5
1.66012	6
1.66012	7
1.66012	8
1.66012	9
1.66012	10
1.66013	11
1.66019	12
1.66025	13
1.66032	14
1.66038	15
1.66044	16
1.66051	17
1.66059	18
1.66067	19
1.66074	5
1.66075	6
1.66075	7
1.66075	8
1.66076	9
1.66076	10
1.66077	5
1.66081	6
1.66082	7
1.66082	8
1.66082	9
1.66082	10
1.66082	11
1.66088	12
1.66095	13
1.66101	14
1.66108	15
1.66114	16
1.66121	17
1.66129	18
1.66136	19
1.66144	5
1.66145	6
1.66145	7
1.66145	8
1.66145	9
1.66145	10
1.66147	6
1.66151	7
1.66151	8
1.66151	9
1.66151	10
1.66152	11
1.66158	12
1.66164	13
1.6617	14
1.66177	15
1.66185	16
1.66192	17
1.66199	18
1.66206	19
1.66214	5
1.66215	6
1.66215	7
1.66215	8
1.66215	9
1.66215	10
1.66217	6
1.66221	7
1.66221	8
1.66221	9
1.66221	10
1.66222	11
1.66227	12
1.66233	13
1.6624	14
1.66247	15
1.66254	16
1.66262	17
1.66269	18
1.66276	19
1.66284	5
1.66284	6
1.66285	7
1.66285	8
1.66285	9
1.66285	10
1.66287	6
1.66291	7
1.66291	8
1.66291	9
1.66291	10
1.66292	11
1.66297	12
1.66303	13
1.66309	14
1.66316	15
1.66323	16
1.66331	17
1.66339	18
1.66347	19
1.66354	5
1.66355	6
1.66355	7
1.66355	8
1.66355	9
1.66355	10
1.66357	6
1.66361	7
1.66361	8
1.66361	9
1.66361	10
1.66361	11
1.66367	12
1.66373	13
1.66379	14
1.66386	15
1.66393	16
1.664	17
1.66409	18
1.66417	19
1.66425	5
1.66425	6
1.66425	7
1.66425	8
1.66425	9
1.66425	10
1.66427	6
1.66431	7
1.66431	8
1.66431	9
1.66431	10
1.66432	11
1.66437	12
1.66442	13
1.66449	14
1.66455	15
1.66462	16
1.6647	17
1.66478	18
1.66486	19
1.66495	5
1.66495	6
1.66495	7
1.66496	8
1.66496	9
1.66496	10
1.66497	5
1.66501	6
1.66501	7
1.66501	8
1.66501	9
1.66501	10
1.66502	11
1.66507	12
1.66512	13
1.66518	14
1.66525	15
1.66532	16
1.66539	17
1.66547	18
1.66556	19
1.66564	5
1.66565	6
1.66565	7
1.66565	8
1.66565	9
1.66565	10
1.66567	5
1.66571	6
1.66572	7
1.66572	8
1.66572	9
1.66572	10
1.66572	11
1.66577	12
1.66583	13
1.66588	14
1.66595	15
1.66602	16
1.66609	17
1.66617	18
1.66625	19
1.66633	5
1.66634	6
1.66634	7
1.66634	8
1.66634	9
1.66634	10
1.66636	5
1.66641	6
1.66641	7
1.66641	8
1.66641	9
1.66641	10
1.66642	11
1.66648	12
1.66653	13
1.66659	14
1.66665	15
1.66672	16
1.66679	17
1.66686	18
1.66694	19
1.66702	5
1.66703	6
1.66703	7
1.66704	8
1.66704	9
1.66704	10
1.66705	5
1.6671	6
1.6671	7
1.6671	8
1.6671	9
1.6671	10
1.66711	11
1.66717	12
1.66723	13
1.66729	14
1.66735	15
1.66741	16
1.66749	17
1.66756	18
1.66764	19
1.66772	5
1.66773	6
1.66773	7
1.66773	8
1.66773	9
1.66773	10
1.66775	5
1.66779	6
1.66779	7
1.66779	8
1.6678	9
1.6678	10
1.6678	11
1.66786	12
1.66793	13
1.66799	14
1.66805	15
1.66812	16
1.66819	17
1.66826	18
1.66834	19
1.66842	5
1.66842	6
1.66843	7
1.66843	8
1.66843	9
1.66843	10
1.66844	5
1.66849	6
1.66849	7
1.66849	8
1.66849	9
1.66849	10
1.6685	11
1.66856	12
1.66862	13
1.66868	14
1.66875	15
1.66882	16
1.66889	17
1.66896	18
1.66904	19
1.66911	5
1.66912	6
1.66912	7
1.66912	8
1.66913	9
1.66913	10
1.66914	6
1.66918	7
1.66918	8
1.66919	9
1.66919	10
1.66919	11
1.66925	12
1.66931	13
1.66938	14
1.66945	15
1.66952	16
1.66959	17
1.66966	18
1.66974	19
1.66981	5
1.66982	6
1.66982	7
1.66982	8
1.66982	9
1.66982	10
1.66984	6
1.66988	7
1.66988	8
1.66988	9
1.66988	10
1.66989	11
1.66995	12
1.67	13
1.67007	14
1.67014	15
1.67021	16
1.67029	17
1.67036	18
1.67044	19
1.67051	5
1.67052	6
1.67052	7
1.67052	8
1.67052	9
1.67052	10
1.67054	6
1.67058	7
1.67058	8
1.67058	9
1.67058	10
1.67059	11
1.67064	12
1.6707	13
1.67076	14
1.67083	15
1.67091	16
1.67098	17
1.67107	18
1.67114	19
1.67121	5
1.67122	6
1.67122	7
1.67122	8
1.67122	9
1.67123	10
1.67124	6
1.67128	7
1.67128	8
1.67128	9
1.67128	10
1.67129	11
1.67134	12
1.6714	13
1.67146	14
1.67153	15
1.6716	16
1.67168	17
1.67176	18
1.67184	19
1.67192	5
1.67192	6
1.67192	7
1.67192	8
1.67193	9
1.67193	10
1.67194	6
1.67198	7
1.67198	8
1.67198	9
1.67198	10
1.67199	11
1.67204	12
1.6721	13
1.67216	14
1.67222	15
1.67229	16
1.67237	17
1.67245	18
1.67254	19
1.67262	5
1.67263	6
1.67263	7
1.67263	8
1.67263	9
1.67263	10
1.67265	5
1.67268	6
1.67268	7
1.67268	8
1.67268	9
1.67269	10
1.67269	11
1.67274	12
1.6728	13
1.67286	14
1.67292	15
1.67299	16
1.67307	17
1.67315	18
1.67323	19
1.67331	5
1.67332	6
1.67332	7
1.67332	8
1.67332	9
1.67333	10
1.67334	5
1.67339	6
1.67339	7
1.67339	8
1.67339	9
1.67339	10
1.6734	11
1.67345	12
1.6735	13
1.67356	14
1.67362	15
1.67369	16
1.67376	17
1.67384	18
1.67392	19
1.674	5
1.67401	6
1.67401	7
1.67402	8
1.67402	9
1.67402	10
1.67403	5
1.67408	6
1.67408	7
1.67408	8
1.67408	9
1.67408	10
1.67409	11
1.67415	12
1.6742	13
1.67426	14
1.67432	15
1.67439	16
1.67446	17
1.67454	18
1.67462	19
1.6747	5
1.67471	6
1.67471	7
1.67471	8
1.67471	9
1.67471	10
1.67473	5
1.67477	6
1.67477	7
1.67477	8
1.67477	9
1.67478	10
1.67478	11
1.67484	12
1.67491	13
1.67496	14
1.67502	15
1.67509	16
1.67516	17
1.67523	18
1.67531	19
1.67539	5
1.6754	6
1.6754	7
1.6754	8
1.6754	9
1.67541	10
1.67542	5
1.67546	6
1.67547	7
1.67547	8
1.67547	9
1.67547	10
1.67547	11
1.67554	12
1.6756	13
1.67566	14
1.67572	15
1.67579	16
1.67586	17
1.67593	18
1.67601	19
1.67609	5
1.6761	6
1.6761	7
1.6761	8
1.6761	9
1.6761	10
1.67612	5
1.67616	6
1.67616	7
1.67616	8
1.67616	9
1.67616	10
1.67617	11
1.67623	12
1.67629	13
1.67636	14
1.67643	15
1.67649	16
1.67656	17
1.67663	18
1.67671	19
1.67679	5
1.67679	6
1.6768	7
1.6768	8
1.6768	9
1.6768	10
1.67681	6
1.67686	7
1.67686	8
1.67686	9
1.67686	10
1.67687	11
1.67692	12
1.67698	13
1.67705	14
1.67712	15
1.67719	16
1.67726	17
1.67733	18
1.67741	19
1.67749	5
1.67749	6
1.67749	7
1.6775	8
1.6775	9
1.6775	10
1.67751	6
1.67755	7
1.67755	8
1.67756	9
1.67756	10
1.67756	11
1.67762	12
1.67768	13
1.67774	14
1.67781	15
1.67789	16
1.67797	17
1.67803	18
1.67811	19
1.67819	5
1.67819	6
1.67819	7
1.67819	8
1.6782	9
1.6782	10
1.67821	6
1.67825	7
1.67825	8
1.67825	9
1.67825	10
1.67826	11
1.67832	12
1.67837	13
1.67844	14
1.67851	15
1.67858	16
1.67866	17
1.67874	18
1.67881	19
1.67889	5
1.67889	6
1.67889	7
1.6789	8
1.6789	9
1.6789	10
1.67891	6
1.67895	7
1.67895	8
1.67895	9
1.67895	10
1.67896	11
1.67901	12
1.67907	13
1.67913	14
1.6792	15
1.67927	16
1.67935	17
1.67943	18
1.67952	19
1.67959	5
1.67959	6
1.6796	7
1.6796	8
1.6796	9
1.6796	10
1.67962	6
1.67965	7
1.67965	8
1.67965	9
1.67966	10
1.67966	11
1.67971	12
1.67977	13
1.67983	14
1.6799	15
1.67997	16
1.68004	17
1.68012	18
1.68021	19
1.68029	5
1.6803	6
1.6803	7
1.6803	8
1.6803	9
1.6803	10
1.68032	5
1.68035	6
1.68035	7
1.68036	8
1.68036	9
1.68036	10
1.68036	11
1.68042	12
1.68047	13
1.68053	14
1.6806	15
1.68067	16
1.68074	17
1.68082	18
1.6809	19
1.68098	5
1.68099	6
1.68099	7
1.681	8
1.681	9
1.681	10
1.68101	5
1.68106	6
1.68106	7
1.68106	8
1.68106	9
1.68106	10
1.68107	11
1.68112	12
1.68117	13
1.68123	14
1.68129	15
1.68136	16
1.68144	17
1.68151	18
1.6816	19
1.68167	5
1.68168	6
1.68169	7
1.68169	8
1.68169	9
1.68169	10
1.68171	5
1.68175	6
1.68175	7
1.68175	8
1.68176	9
1.68176	10
1.68176	11
1.68182	12
1.68187	13
1.68193	14
1.68199	15
1.68206	16
1.68213	17
1.68221	18
1.68229	19
1.68237	5
1.68238	6
1.68238	7
1.68238	8
1.68238	9
1.68238	10
1.6824	5
1.68244	6
1.68245	7
1.68245	8
1.68245	9
1.68245	10
1.68245	11
1.68252	12
1.68258	13
1.68263	14
1.68269	15
1.68276	16
1.68283	17
1.68291	18
1.68299	19
1.68306	5
1.68307	6
1.68308	7
1.68308	8
1.68308	9
1.68308	10
1.68309	5
1.68314	6
1.68314	7
1.68314	8
1.68314	9
1.68314	10
1.68315	11
1.68321	12
1.68327	13
1.68334	14
1.6834	15
1.68346	16
1.68353	17
1.68361	18
1.68368	19
1.68376	5
1.68377	6
1.68377	7
1.68377	8
1.68377	9
1.68377	10
1.68379	5
1.68383	6
1.68383	7
1.68383	8
1.68384	9
1.68384	10
1.68384	11
1.6839	12
1.68396	13
1.68403	14
1.6841	15
1.68416	16
1.68423	17
1.6843	18
1.68438	19
1.68446	5
1.68447	6
1.68447	7
1.68447	8
1.68447	9
1.68447	10
1.68449	6
1.68453	7
1.68453	8
1.68453	9
1.68453	10
1.68454	11
1.6846	12
1.68466	13
1.68472	14
1.68479	15
1.68487	16
1.68493	17
1.68501	18
1.68508	19
1.68516	5
1.68516	6
1.68517	7
1.68517	8
1.68517	9
1.68517	10
1.68519	6
1.68523	7
1.68523	8
1.68523	9
1.68523	10
1.68524	11
1.68529	12
1.68535	13
1.68542	14
1.68549	15
1.68556	16
1.68564	17
1.68571	18
1.68578	19
1.68586	5
1.68586	6
1.68586	7
1.68587	8
1.68587	9
1.68587	10
1.68589	6
1.68592	7
1.68593	8
1.68593	9
1.68593	10
1.68593	11
1.68599	12
1.68605	13
1.68611	14
1.68618	15
1.68625	16
1.68633	17
1.68641	18
1.68649	19
1.68656	5
1.68656	6
1.68657	7
1.68657	8
1.68657	9
1.68657	10
1.68659	6
1.68662	7
1.68662	8
1.68663	9
1.68663	10
1.68663	11
1.68669	12
1.68674	13
1.68681	14
1.68687	15
1.68695	16
1.68702	17
1.6871	18
1.68719	19
1.68726	5
1.68727	6
1.68727	7
1.68727	8
1.68727	9
1.68727	10
1.68729	6
1.68732	7
1.68733	8
1.68733	9
1.68733	10
1.68733	11
1.68739	12
1.68744	13
1.6875	14
1.68757	15
1.68764	16
1.68772	17
1.6878	18
1.68788	19
1.68797	5
1.68797	6
1.68797	7
1.68797	8
1.68798	9
1.68798	10
1.68799	5
1.68803	6
1.68803	7
1.68803	8
1.68803	9
1.68803	10
1.68804	11
1.68809	12
1.68814	13
1.6882	14
1.68827	15
1.68834	16
1.68841	17
1.68849	18
1.68858	19
1.68866	5
1.68867	6
1.68867	7
1.68867	8
1.68867	9
1.68867	10
1.68869	5
1.68873	6
1.68873	7
1.68873	8
1.68874	9
1.68874	10
1.68874	11
1.68879	12
1.68885	13
1.6889	14
1.68897	15
1.68904	16
1.68911	17
1.68919	18
1.68927	19
1.68935	5
1.68936	6
1.68936	7
1.68936	8
1.68936	9
1.68936	10
1.68938	5
1.68942	6
1.68943	7
1.68943	8
1.68943	9
1.68943	10
1.68943	11
1.6895	12
1.68955	13
1.6896	14
1.68967	15
1.68973	16
1.68981	17
1.68988	18
1.68996	19
1.69004	5
1.69005	6
1.69005	7
1.69005	8
1.69006	9
1.69006	10
1.69007	5
1.69012	6
1.69012	7
1.69012	8
1.69012	9
1.69012	10
1.69013	11
1.69019	12
1.69025	13
1.69031	14
1.69037	15
1.69043	16
1.6905	17
1.69058	18
1.69066	19
1.69074	5
1.69075	6
1.69075	7
1.69075	8
1.69075	9
1.69075	10
1.69077	5
1.69081	6
1.69081	7
1.69081	8
1.69081	9
1.69082	10
1.69082	11
1.69088	12
1.69094	13
1.69101	14
1.69107	15
1.69113	16
1.6912	17
1.69128	18
1.69136	19
1.69143	5
1.69144	6
1.69144	7
1.69145	8
1.69145	9
1.69145	10
1.69146	5
1.69151	6
1.69151	7
1.69151	8
1.69151	9
1.69151	10
1.69151	11
1.69157	12
1.69164	13
1.6917	14
1.69177	15
1.69184	16
1.6919	17
1.69198	18
1.69205	19
1.69213	5
1.69214	6
1.69214	7
1.69214	8
1.69214	9
1.69214	10
1.69216	6
1.6922	7
1.6922	8
1.6922	9
1.6922	10
1.69221	11
1.69227	12
1.69233	13
1.69239	14
1.69247	15
1.69254	16
1.69261	17
1.69268	18
1.69275	19
1.69283	5
1.69284	6
1.69284	7
1.69284	8
1.69284	9
1.69284	10
1.69286	6
1.6929	7
1.6929	8
1.6929	9
1.6929	10
1.69291	11
1.69296	12
1.69302	13
1.69309	14
1.69316	15
1.69323	16
1.69331	17
1.69338	18
1.69345	19
1.69353	5
1.69353	6
1.69354	7
1.69354	8
1.69354	9
1.69354	10
1.69356	6
1.6936	7
1.6936	8
1.6936	9
1.6936	10
1.69361	11
1.69366	12
1.69372	13
1.69378	14
1.69385	15
1.69392	16
1.694	17
1.69408	18
1.69416	19
1.69423	5
1.69424	6
1.69424	7
1.69424	8
1.69424	9
1.69424	10
1.69426	6
1.6943	7
1.6943	8
1.6943	9
1.6943	10
1.69431	11
1.69436	12
1.69442	13
1.69448	14
1.69455	15
1.69462	16
1.6947	17
1.69478	18
1.69486	19
1.69494	5
1.69494	6
1.69494	7
1.69494	8
1.69494	9
1.69495	10
1.69496	6
1.695	7
1.695	8
1.695	9
1.695	10
1.69501	11
1.69506	12
1.69511	13
1.69518	14
1.69524	15
1.69531	16
1.69539	17
1.69547	18
1.69555	19
1.69564	5
1.69564	6
1.69565	7
1.69565	8
1.69565	9
1.69565	10
1.69567	5
1.6957	6
1.6957	7
1.6957	8
1.6957	9
1.6957	10
1.69571	11
1.69576	12
1.69582	13
1.69588	14
1.69594	15
1.69601	16
1.69609	17
1.69616	18
1.69625	19
1.69633	5
1.69634	6
1.69634	7
1.69634	8
1.69634	9
1.69634	10
1.69636	5
1.6964	6
1.69641	7
1.69641	8
1.69641	9
1.69641	10
1.69641	11
1.69647	12
1.69652	13
1.69658	14
1.69664	15
1.69671	16
1.69678	17
1.69686	18
1.69694	19
1.69702	5
1.69703	6
1.69703	7
1.69703	8
1.69703	9
1.69704	10
1.69705	5
1.6971	6
1.6971	7
1.6971	8
1.6971	9
1.6971	10
1.69711	11
1.69717	12
1.69722	13
1.69728	14
1.69734	15
1.69741	16
1.69748	17
1.69756	18
1.69764	19
1.69771	5
1.69772	6
1.69773	7
1.69773	8
1.69773	9
1.69773	10
1.69775	5
1.69779	6
1.69779	7
1.69779	8
1.69779	9
1.69779	10
1.6978	11
1.69786	12
1.69792	13
1.69798	14
1.69804	15
1.69811	16
1.69818	17
1.69825	18
1.69833	19
1.69841	5
1.69842	6
1.69842	7
1.69842	8
1.69842	9
1.69842	10
1.69844	5
1.69848	6
1.69848	7
1.69849	8
1.69849	9
1.69849	10
1.69849	11
1.69855	12
1.69862	13
1.69868	14
1.69874	15
1.69881	16
1.69888	17
1.69895	18
1.69903	19
1.69911	5
1.69911	6
1.69912	7
1.69912	8
1.69912	9
1.69912	10
1.69914	5
1.69918	6
1.69918	7
1.69918	8
1.69918	9
1.69918	10
1.69919	11
1.69925	12
1.69931	13
1.69938	14
1.69945	15
1.69951	16
1.69958	17
1.69965	18
1.69973	19
1.69981	5
1.69981	6
1.69981	7
1.69982	8
1.69982	9
1.69982	10
1.69983	6
1.69987	7
1.69988	8
1.69988	9
1.69988	10
1.69988	11
1.69994	12
1.7	13
1.70007	14
1.70014	15
1.70021	16
1.70028	17
1.70035	18
1.70043	19
1.7005	5
1.70051	6
1.70051	7
1.70051	8
1.70051	9
1.70052	10
1.70053	6
1.70057	7
1.70057	8
1.70057	9
1.70057	10
1.70058	11
1.70064	12
1.7007	13
1.70076	14
1.70083	15
1.70091	16
1.70098	17
1.70105	18
1.70113	19
1.7012	5
1.70121	6
1.70121	7
1.70121	8
1.70121	9
1.70122	10
1.70123	6
1.70127	7
1.70127	8
1.70127	9
1.70127	10
1.70128	11
1.70133	12
1.70139	13
1.70146	14
1.70152	15
1.7016	16
1.70168	17
1.70176	18
1.70183	19
1.70191	5
1.70191	6
1.70191	7
1.70191	8
1.70191	9
1.70192	10
1.70193	6
1.70197	7
1.70197	8
1.70197	9
1.70197	10
1.70198	11
1.70203	12
1.70209	13
1.70215	14
1.70222	15
1.70229	16
1.70237	17
1.70245	18
1.70254	19
1.70261	5
1.70261	6
1.70261	7
1.70262	8
1.70262	9
1.70262	10
1.70263	6
1.70267	7
1.70267	8
1.70267	9
1.70267	10
1.70268	11
1.70273	12
1.70279	13
1.70285	14
1.70291	15
1.70299	16
1.70306	17
1.70314	18
1.70323	19
1.70331	5
1.70332	6
1.70332	7
1.70332	8
1.70332	9
1.70332	10
1.70334	5
1.70337	6
1.70337	7
1.70337	8
1.70338	9
1.70338	10
1.70338	11
1.70343	12
1.70349	13
1.70355	14
1.70361	15
1.70368	16
1.70376	17
1.70384	18
1.70392	19
1.704	5
1.70401	6
1.70401	7
1.70401	8
1.70402	9
1.70402	10
1.70403	5
1.70408	6
1.70408	7
1.70408	8
1.70408	9
1.70408	10
1.70409	11
1.70414	12
1.70419	13
1.70425	14
1.70431	15
1.70438	16
1.70445	17
1.70453	18
1.70461	19
1.70469	5
1.7047	6
1.70471	7
1.70471	8
1.70471	9
1.70471	10
1.70472	5
1.70477	6
1.70477	7
1.70477	8
1.70477	9
1.70477	10
1.70478	11
1.70484	12
1.70489	13
1.70495	14
1.70501	15
1.70508	16
1.70515	17
1.70523	18
1.70531	19
1.70539	5
1.7054	6
1.7054	7
1.7054	8
1.7054	9
1.7054	10
1.70542	5
1.70546	6
1.70546	7
1.70546	8
1.70547	9
1.70547	10
1.70547	11
1.70553	12
1.7056	13
1.70565	14
1.70571	15
1.70578	16
1.70585	17
1.70593	18
1.706	19
1.70608	5
1.70609	6
1.70609	7
1.70609	8
1.7061	9
1.7061	10
1.70611	5
1.70616	6
1.70616	7
1.70616	8
1.70616	9
1.70616	10
1.70617	11
1.70623	12
1.70629	13
1.70636	14
1.70641	15
1.70648	16
1.70655	17
1.70662	18
1.7067	19
1.70678	5
1.70679	6
1.70679	7
1.70679	8
1.70679	9
1.70679	10
1.70681	5
1.70685	6
1.70685	7
1.70685	8
1.70685	9
1.70686	10
1.70686	11
1.70692	12
1.70698	13
1.70705	14
1.70712	15
1.70718	16
1.70725	17
1.70732	18
1.7074	19
1.70748	5
1.70748	6
1.70749	7
1.70749	8
1.70749	9
1.70749	10
1.70751	6
1.70755	7
1.70755	8
1.70755	9
1.70755	10
1.70756	11
1.70761	12
1.70767	13
1.70774	14
1.70781	15
1.70789	16
1.70795	17
1.70802	18
1.7081	19
1.70818	5
1.70818	6
1.70818	7
1.70819	8
1.70819	9
1.70819	10
1.7082	6
1.70824	7
1.70825	8
1.70825	9
1.70825	10
1.70825	11
1.70831	12
1.70837	13
1.70843	14
1.7085	15
1.70858	16
1.70866	17
1.70873	18
1.7088	19
1.70888	5
1.70888	6
1.70888	7
1.70888	8
1.70889	9
1.70889	10
1.7089	6
1.70894	7
1.70894	8
1.70894	9
1.70895	10
1.70895	11
1.70901	12
1.70906	13
1.70913	14
1.7092	15
1.70927	16
1.70935	17
1.70943	18
1.7095	19
1.70958	5
1.70958	6
1.70958	7
1.70959	8
1.70959	9
1.70959	10
1.7096	6
1.70964	7
1.70964	8
1.70964	9
1.70965	10
1.70965	11
1.70971	12
1.70976	13
1.70982	14
1.70989	15
1.70996	16
1.71004	17
1.71012	18
1.71021	19
1.71028	5
1.71029	6
1.71029	7
1.71029	8
1.71029	9
1.71029	10
1.71031	6
1.71034	7
1.71034	8
1.71034	9
1.71035	10
1.71035	11
1.71041	12
1.71046	13
1.71052	14
1.71059	15
1.71066	16
1.71073	17
1.71081	18
1.7109	19
1.71099	5
1.71099	6
1.71099	7
1.71099	8
1.71099	9
1.711	10
1.71101	5
1.71104	6
1.71105	7
1.71105	8
1.71105	9
1.71105	10
1.71105	11
1.71111	12
1.71116	13
1.71122	14
1.71129	15
1.71136	16
1.71143	17
1.71151	18
1.71159	19
1.71167	5
1.71168	6
1.71169	7
1.71169	8
1.71169	9
1.71169	10
1.7117	5
1.71175	6
1.71175	7
1.71175	8
1.71175	9
1.71176	10
1.71176	11
1.71181	12
1.71186	13
1.71192	14
1.71198	15
1.71205	16
1.71213	17
1.7122	18
1.71229	19
1.71236	5
1.71238	6
1.71238	7
1.71238	8
1.71238	9
1.71238	10
1.7124	5
1.71244	6
1.71244	7
1.71245	8
1.71245	9
1.71245	10
1.71245	11
1.71251	12
1.71257	13
1.71262	14
1.71268	15
1.71275	16
1.71282	17
1.7129	18
1.71298	19
1.71306	5
1.71307	6
1.71307	7
1.71307	8
1.71307	9
1.71308	10
1.71309	5
1.71314	6
1.71314	7
1.71314	8
1.71314	9
1.71314	10
1.71314	11
1.71321	12
1.71327	13
1.71332	14
1.71339	15
1.71345	16
1.71352	17
1.7136	18
1.71368	19
1.71376	5
1.71376	6
1.71377	7
1.71377	8
1.71377	9
1.71377	10
1.71379	5
1.71383	6
1.71383	7
1.71383	8
1.71383	9
1.71383	10
1.71384	11
1.7139	12
1.71396	13
1.71403	14
1.71409	15
1.71415	16
1.71422	17
1.7143	18
1.71437	19
1.71445	5
1.71446	6
1.71446	7
1.71446	8
1.71446	9
1.71447	10
1.71448	5
1.71452	6
1.71452	7
1.71453	8
1.71453	9
1.71453	10
1.71453	11
1.71459	12
1.71465	13
1.71472	14
1.71479	15
1.71485	16
1.71492	17
1.715	18
1.71507	19
1.71515	5
1.71516	6
1.71516	7
1.71516	8
1.71516	9
1.71516	10
1.71518	6
1.71522	7
1.71522	8
1.71522	9
1.71522	10
1.71523	11
1.71529	12
1.71535	13
1.71541	14
1.71548	15
1.71556	16
1.71562	17
1.7157	18
1.71577	19
1.71585	5
1.71586	6
1.71586	7
1.71586	8
1.71586	9
1.71586	10
1.71588	6
1.71592	7
1.71592	8
1.71592	9
1.71592	10
1.71593	11
1.71598	12
1.71604	13
1.71611	14
1.71618	15
1.71625	16
1.71633	17
1.7164	18
1.71647	19
1.71655	5
1.71655	6
1.71655	7
1.71656	8
1.71656	9
1.71656	10
1.71658	6
1.71661	7
1.71662	8
1.71662	9
1.71662	10
1.71662	11
1.71668	12
1.71674	13
1.7168	14
1.71687	15
1.71694	16
1.71702	17
1.7171	18
1.71718	19
1.71725	5
1.71725	6
1.71726	7
1.71726	8
1.71726	9
1.71726	10
1.71728	6
1.71731	7
1.71732	8
1.71732	9
1.71732	10
1.71732	11
1.71738	12
1.71743	13
1.7175	14
1.71756	15
1.71764	16
1.71771	17
1.7178	18
1.71788	19
1.71796	5
1.71796	6
1.71796	7
1.71796	8
1.71796	9
1.71796	10
1.71798	6
1.71802	7
1.71802	8
1.71802	9
1.71802	10
1.71802	11
1.71808	12
1.71813	13
1.71819	14
1.71826	15
1.71833	16
1.71841	17
1.71849	18
1.71857	19
1.71866	5
1.71866	6
1.71866	7
1.71867	8
1.71867	9
1.71867	10
1.71868	5
1.71872	6
1.71872	7
1.71872	8
1.71872	9
1.71872	10
1.71873	11
1.71878	12
1.71883	13
1.71889	14
1.71896	15
1.71903	16
1.7191	17
1.71918	18
1.71927	19
1.71935	5
1.71936	6
1.71936	7
1.71936	8
1.71936	9
1.71936	10
1.71938	5
1.71942	6
1.71942	7
1.71943	8
1.71943	9
1.71943	10
1.71943	11
1.71948	12
1.71954	13
1.71959	14
1.71966	15
1.71973	16
1.7198	17
1.71988	18
1.71996	19
1.72004	5
1.72005	6
1.72005	7
1.72005	8
1.72005	9
1.72005	10
1.72007	5
1.72012	6
1.72012	7
1.72012	8
1.72012	9
1.72012	10
1.72013	11
1.72019	12
1.72024	13
1.72029	14
1.72036	15
1.72042	16
1.7205	17
1.72057	18
1.72065	19
1.72073	5
1.72074	6
1.72074	7
1.72075	8
1.72075	9
1.72075	10
1.72076	5
1.72081	6
1.72081	7
1.72081	8
1.72081	9
1.72081	10
1.72082	11
1.72088	12
1.72094	13
1.721	14
1.72106	15
1.72112	16
1.72119	17
1.72127	18
1.72135	19
1.72143	5
1.72144	6
1.72144	7
1.72144	8
1.72144	9
1.72144	10
1.72146	5
1.7215	6
1.7215	7
1.7215	8
1.72151	9
1.72151	10
1.72151	11
1.72157	12
1.72163	13
1.7217	14
1.72176	15
1.72182	16
1.72189	17
1.72197	18
1.72205	19
1.72213	5
1.72213	6
1.72213	7
1.72214	8
1.72214	9
1.72214	10
1.72215	5
1.7222	6
1.7222	7
1.7222	8
1.7222	9
1.7222	10
1.72221	11
1.72227	12
1.72233	13
1.72239	14
1.72246	15
1.72253	16
1.7226	17
1.72267	18
1.72275	19
1.72282	5
1.72283	6
1.72283	7
1.72283	8
1.72283	9
1.72284	10
1.72285	6
1.72289	7
1.72289	8
1.72289	9
1.7229	10
1.7229	11
1.72296	12
1.72302	13
1.72309	14
1.72316	15
1.72323	16
1.7233	17
1.72337	18
1.72345	19
1.72352	5
1.72353	6
1.72353	7
1.72353	8
1.72353	9
1.72353	10
1.72355	6
1.72359	7
1.72359	8
1.72359	9
1.72359	10
1.7236	11
1.72366	12
1.72371	13
1.72378	14
1.72385	15
1.72392	16
1.724	17
1.72407	18
1.72414	19
1.72422	5
1.72423	6
1.72423	7
1.72423	8
1.72423	9
1.72423	10
1.72425	6
1.72429	7
1.72429	8
1.72429	9
1.72429	10
1.7243	11
1.72435	12
1.72441	13
1.72447	14
1.72454	15
1.72462	16
1.72469	17
1.72478	18
1.72485	19
1.72492	5
1.72493	6
1.72493	7
1.72493	8
1.72493	9
1.72493	10
1.72495	6
1.72499	7
1.72499	8
1.72499	9
1.72499	10
1.725	11
1.72505	12
1.72511	13
1.72517	14
1.72524	15
1.72531	16
1.72539	17
1.72547	18
1.72555	19
1.72563	5
1.72563	6
1.72563	7
1.72563	8
1.72564	9
1.72564	10
1.72565	6
1.72569	7
1.72569	8
1.72569	9
1.72569	10
1.7257	11
1.72575	12
1.72581	13
1.72587	14
1.72593	15
1.726	16
1.72608	17
1.72616	18
1.72625	19
1.72633	5
1.72634	6
1.72634	7
1.72634	8
1.72634	9
1.72634	10
1.72636	5
1.72639	6
1.72639	7
1.72639	8
1.72639	9
1.72639	10
1.7264	11
1.72645	12
1.72651	13
1.72657	14
1.72663	15
1.7267	16
1.72678	17
1.72686	18
1.72694	19
1.72702	5
1.72703	6
1.72703	7
1.72703	8
1.72703	9
1.72703	10
1.72705	5
1.7271	6
1.7271	7
1.7271	8
1.7271	9
1.7271	10
1.72711	11
1.72716	12
1.72721	13
1.72727	14
1.72733	15
1.7274	16
1.72747	17
1.72755	18
1.72763	19
1.72771	5
1.72772	6
1.72772	7
1.72772	8
1.72773	9
1.72773	10
1.72774	5
1.72779	6
1.72779	7
1.72779	8
1.72779	9
1.72779	10
1.7278	11
1.72786	12
1.72791	13
1.72797	14
1.72803	15
1.7281	16
1.72817	17
1.72825	18
1.72833	19
1.7284	5
1.72841	6
1.72842	7
1.72842	8
1.72842	9
1.72842	10
1.72844	5
1.72848	6
1.72848	7
1.72848	8
1.72848	9
1.72849	10
1.72849	11
1.72855	12
1.72862	13
1.72867	14
1.72873	15
1.7288	16
1.72887	17
1.72894	18
1.72902	19
1.7291	5
1.72911	6
1.72911	7
1.72911	8
1.72911	9
1.72912	10
1.72913	5
1.72917	6
1.72918	7
1.72918	8
1.72918	9
1.72918	10
1.72918	11
1.72925	12
1.72931	13
1.72937	14
1.72943	15
1.7295	16
1.72957	17
1.72964	18
1.72972	19
1.7298	5
1.72981	6
1.72981	7
1.72981	8
1.72981	9
1.72981	10
1.72983	5
1.72987	6
1.72987	7
1.72987	8
1.72987	9
1.72987	10
1.72988	11
1.72994	12
1.73	13
1.73007	14
1.73014	15
1.7302	16
1.73027	17
1.73034	18
1.73042	19
1.7305	5
1.7305	6
1.7305	7
1.73051	8
1.73051	9
1.73051	10
1.73052	6
1.73056	7
1.73057	8
1.73057	9
1.73057	10
1.73057	11
1.73063	12
1.73069	13
1.73076	14
1.73083	15
1.7309	16
1.73097	17
1.73104	18
1.73112	19
1.7312	5
1.7312	6
1.7312	7
1.7312	8
1.73121	9
1.73121	10
1.73122	6
1.73126	7
1.73126	8
1.73126	9
1.73127	10
1.73127	11
1.73133	12
1.73139	13
1.73145	14
1.73152	15
1.7316	16
1.73167	17
1.73174	18
1.73182	19
1.7319	5
1.7319	6
1.7319	7
1.7319	8
1.73191	9
1.73191	10
1.73192	6
1.73196	7
1.73196	8
1.73196	9
1.73196	10
1.73197	11
1.73203	12
1.73208	13
1.73215	14
1.73222	15
1.73229	16
1.73237	17
1.73245	18
1.73252	19
1.7326	5
1.7326	6
1.7326	7
1.7326	8
1.73261	9
1.73261	10
1.73262	6
1.73266	7
1.73266	8
1.73266	9
1.73266	10
1.73267	11
1.73272	12
1.73278	13
1.73284	14
1.73291	15
1.73298	16
1.73306	17
1.73314	18
1.73323	19
1.7333	5
1.7333	6
1.73331	7
1.73331	8
1.73331	9
1.73331	10
1.73332	6
1.73336	7
1.73336	8
1.73336	9
1.73336	10
1.73337	11
1.73342	12
1.73348	13
1.73354	14
1.73361	15
1.73368	16
1.73375	17
1.73383	18
1.73392	19
1.734	5
1.73401	6
1.73401	7
1.73401	8
1.73401	9
1.73401	10
1.73403	5
1.73406	6
1.73406	7
1.73407	8
1.73407	9
1.73407	10
1.73407	11
1.73412	12
1.73418	13
1.73424	14
1.7343	15
1.73437	16
1.73445	17
1.73453	18
1.73461	19
1.73469	5
1.7347	6
1.7347	7
1.73471	8
1.73471	9
1.73471	10
1.73472	5
1.73477	6
1.73477	7
1.73477	8
1.73477	9
1.73477	10
1.73478	11
1.73483	12
1.73488	13
1.73494	14
1.735	15
1.73507	16
1.73514	17
1.73522	18
1.7353	19
1.73538	5
1.73539	6
1.7354	7
1.7354	8
1.7354	9
1.7354	10
1.73542	5
1.73546	6
1.73546	7
1.73546	8
1.73546	9
1.73547	10
1.73547	11
1.73553	12
1.73558	13
1.73564	14
1.7357	15
1.73577	16
1.73584	17
1.73592	18
1.736	19
1.73608	5
1.73609	6
1.73609	7
1.73609	8
1.73609	9
1.73609	10
1.73611	5
1.73615	6
1.73615	7
1.73616	8
1.73616	9
1.73616	10
1.73616	11
1.73623	12
1.73629	13
1.73634	14
1.7364	15
1.73647	16
1.73654	17
1.73662	18
1.7367	19
1.73677	5
1.73678	6
1.73678	7
1.73679	8
1.73679	9
1.73679	10
1.7368	5
1.73685	6
1.73685	7
1.73685	8
1.73685	9
1.73685	10
1.73686	11
1.73692	12
1.73698	13
1.73705	14
1.73711	15
1.73717	16
1.73724	17
1.73731	18
1.73739	19
1.73747	5
1.73748	6
1.73748	7
1.73748	8
1.73748	9
1.73748	10
1.7375	5
1.73754	6
1.73754	7
1.73754	8
1.73755	9
1.73755	10
1.73755	11
1.73761	12
1.73767	13
1.73774	14
1.73781	15
1.73787	16
1.73794	17
1.73801	18
1.73809	19
1.73817	5
1.73818	6
1.73818	7
1.73818	8
1.73818	9
1.73818	10
1.7382	6
1.73824	7
1.73824	8
1.73824	9
1.73824	10
1.73825	11
1.73831	12
1.73837	13
1.73843	14
1.7385	15
1.73858	16
1.73864	17
1.73871	18
1.73879	19
1.73887	5
1.73887	6
1.73888	7
1.73888	8
1.73888	9
1.73888	10
1.7389	6
1.73893	7
1.73894	8
1.73894	9
1.73894	10
1.73894	11
1.739	12
1.73906	13
1.73912	14
1.73919	15
1.73927	16
1.73935	17
1.73942	18
1.73949	19
1.73957	5
1.73957	6
1.73957	7
1.73958	8
1.73958	9
1.73958	10
1.73959	6
1.73963	7
1.73963	8
1.73964	9
1.73964	10
1.73964	11
1.7397	12
1.73976	13
1.73982	14
1.73989	15
1.73996	16
1.74004	17
1.74012	18
1.74019	19
1.74027	5
1.74027	6
1.74028	7
1.74028	8
1.74028	9
1.74028	10
1.7403	6
1.74033	7
1.74033	8
1.74034	9
1.74034	10
1.74034	11
1.7404	12
1.74045	13
1.74052	14
1.74058	15
1.74065	16
1.74073	17
1.74081	18
1.7409	19
1.74097	5
1.74098	6
1.74098	7
1.74098	8
1.74098	9
1.74098	10
1.741	6
1.74103	7
1.74103	8
1.74104	9
1.74104	10
1.74104	11
1.7411	12
1.74115	13
1.74121	14
1.74128	15
1.74135	16
1.74143	17
1.74151	18
1.74159	19
1.74168	5
1.74168	6
1.74168	7
1.74168	8
1.74169	9
1.74169	10
1.7417	5
1.74174	6
1.74174	7
1.74174	8
1.74174	9
1.74174	10
1.74175	11
1.7418	12
1.74185	13
1.74191	14
1.74198	15
1.74205	16
1.74212	17
1.7422	18
1.74229	19
1.74237	5
1.74238	6
1.74238	7
1.74238	8
1.74238	9
1.74238	10
1.7424	5
1.74244	6
1.74244	7
1.74244	8
1.74245	9
1.74245	10
1.74245	11
1.7425	12
1.74255	13
1.74261	14
1.74268	15
1.74274	16
1.74282	17
1.7429	18
1.74298	19
1.74306	5
1.74307	6
1.74307	7
1.74307	8
1.74307	9
1.74307	10
1.74309	5
1.74313	6
1.74314	7
1.74314	8
1.74314	9
1.74314	10
1.74314	11
1.74321	12
1.74326	13
1.74331	14
1.74338	15
1.74344	16
1.74351	17
1.74359	18
1.74367	19
1.74375	5
1.74376	6
1.74376	7
1.74376	8
1.74376	9
1.74377	10
1.74378	5
1.74383	6
1.74383	7
1.74383	8
1.74383	9
1.74383	10
1.74384	11
1.7439	12
1.74396	13
1.74401	14
1.74408	15
1.74414	16
1.74421	17
1.74429	18
1.74437	19
1.74445	5
1.74445	6
1.74446	7
1.74446	8
1.74446	9
1.74446	10
1.74448	5
1.74452	6
1.74452	7
1.74452	8
1.74452	9
1.74452	10
1.74453	11
1.74459	12
1.74465	13
1.74472	14
1.74478	15
1.74484	16
1.74491	17
1.74499	18
1.74507	19
1.74514	5
1.74515	6
1.74515	7
1.74515	8
1.74516	9
1.74516	10
1.74517	5
1.74521	6
1.74522	7
1.74522	8
1.74522	9
1.74522	10
1.74522	11
1.74528	12
1.74535	13
1.74541	14
1.74548	15
1.74555	16
1.74561	17
1.74569	18
1.74576	19
1.74584	5
1.74585	6
1.74585	7
1.74585	8
1.74585	9
1.74585	10
1.74587	6
1.74591	7
1.74591	8
1.74591	9
1.74591	10
1.74592	11
1.74598	12
1.74604	13
1.7461	14
1.74617	15
1.74625	16
1.74632	17
1.74639	18
1.74646	19
1.74654	5
1.74655	6
1.74655	7
1.74655	8
1.74655	9
1.74655	10
1.74657	6
1.74661	7
1.74661	8
1.74661	9
1.74661	10
1.74662	11
1.74667	12
1.74673	13
1.7468	14
1.74687	15
1.74694	16
1.74702	17
1.74709	18
1.74716	19
1.74724	5
1.74724	6
1.74725	7
1.74725	8
1.74725	9
1.74725	10
1.74727	6
1.74731	7
1.74731	8
1.74731	9
1.74731	10
1.74732	11
1.74737	12
1.74743	13
1.74749	14
1.74756	15
1.74763	16
1.74771	17
1.74779	18
1.74787	19
1.74794	5
1.74795	6
1.74795	7
1.74795	8
1.74795	9
1.74795	10
1.74797	6
1.74801	7
1.74801	8
1.74801	9
1.74801	10
1.74802	11
1.74807	12
1.74813	13
1.74819	14
1.74826	15
1.74833	16
1.7484	17
1.74849	18
1.74857	19
1.74865	5
1.74865	6
1.74865	7
1.74865	8
1.74865	9
1.74865	10
1.74867	6
1.74871	7
1.74871	8
1.74871	9
1.74871	10
1.74872	11
1.74877	12
1.74882	13
1.74889	14
1.74895	15
1.74902	16
1.7491	17
1.74918	18
1.74926	19
1.74935	5
1.74935	6
1.74936	7
1.74936	8
1.74936	9
1.74936	10
1.74937	5
1.74941	6
1.74941	7
1.74941	8
1.74941	9
1.74941	10
1.74942	11
1.74947	12
1.74953	13
1.74959	14
1.74965	15
1.74972	16
1.74979	17
1.74987	18
1.74996	19
1.75004	5
1.75005	6
1.75005	7
1.75005	8
1.75005	9
1.75005	10
1.75007	5
1.75011	6
1.75012	7
1.75012	8
1.75012	9
1.75012	10
1.75012	11
1.75017	12
1.75023	13
1.75028	14
1.75035	15
1.75042	16
1.75049	17
1.75057	18
1.75065	19
1.75073	5
1.75074	6
1.75074	7
1.75074	8
1.75074	9
1.75075	10
1.75076	5
1.75081	6
1.75081	7
1.75081	8
1.75081	9
1.75081	10
1.75082	11
1.75088	12
1.75093	13
1.75099	14
1.75105	15
1.75112	16
1.75119	17
1.75126	18
1.75135	19
1.75142	5
1.75143	6
1.75144	7
1.75144	8
1.75144	9
1.75144	10
1.75145	5
1.7515	6
1.7515	7
1.7515	8
1.7515	9
1.7515	10
1.75151	11
1.75157	12
1.75163	13
1.75169	14
1.75175	15
1.75182	16
1.75189	17
1.75196	18
1.75204	19
1.75212	5
1.75213	6
1.75213	7
1.75213	8
1.75213	9
1.75213	10
1.75215	5
1.75219	6
1.75219	7
1.75219	8
1.7522	9
1.7522	10
1.7522	11
1.75226	12
1.75233	13
1.75239	14
1.75245	15
1.75252	16
1.75259	17
1.75266	18
1.75274	19
1.75282	5
1.75282	6
1.75283	7
1.75283	8
1.75283	9
1.75283	10
1.75285	5
1.75289	6
1.75289	7
1.75289	8
1.75289	9
1.75289	10
1.7529	11
1.75296	12
1.75302	13
1.75308	14
1.75316	15
1.75322	16
1.75329	17
1.75336	18
1.75344	19
1.75351	5
1.75352	6
1.75352	7
1.75352	8
1.75353	9
1.75353	10
1.75354	6
1.75358	7
1.75358	8
1.75359	9
1.75359	10
1.75359	11
1.75365	12
1.75371	13
1.75378	14
1.75385	15
1.75392	16
1.75399	17
1.75406	18
1.75414	19
1.75421	5
1.75422	6
1.75422	7
1.75422	8
1.75422	9
1.75423	10
1.75424	6
1.75428	7
1.75428	8
1.75428	9
1.75428	10
1.75429	11
1.75435	12
1.75441	13
1.75447	14
1.75454	15
1.75461	16
1.75469	17
1.75476	18
1.75484	19
1.75491	5
1.75492	6
1.75492	7
1.75492	8
1.75492	9
1.75492	10
1.75494	6
1.75498	7
1.75498	8
1.75498	9
1.75498	10
1.75499	11
1.75504	12
1.7551	13
1.75517	14
1.75523	15
1.75531	16
1.75539	17
1.75547	18
1.75554	19
1.75561	5
1.75562	6
1.75562	7
1.75562	8
1.75562	9
1.75563	10
1.75564	6
1.75568	7
1.75568	8
1.75568	9
1.75568	10
1.75569	11
1.75574	12
1.7558	13
1.75586	14
1.75593	15
1.756	16
1.75608	17
1.75616	18
1.75624	19
1.75632	5
1.75632	6
1.75632	7
1.75633	8
1.75633	9
1.75633	10
1.75634	6
1.75638	7
1.75638	8
1.75638	9
1.75638	10
1.75639	11
1.75644	12
1.7565	13
1.75656	14
1.75662	15
1.7567	16
1.75677	17
1.75685	18
1.75694	19
1.75702	5
1.75703	6
1.75703	7
1.75703	8
1.75703	9
1.75703	10
1.75705	5
1.75708	6
1.75708	7
1.75708	8
1.75708	9
1.75709	10
1.75709	11
1.75714	12
1.7572	13
1.75726	14
1.75732	15
1.75739	16
1.75747	17
1.75755	18
1.75763	19
1.75771	5
1.75772	6
1.75772	7
1.75772	8
1.75772	9
1.75773	10
1.75774	5
1.75779	6
1.75779	7
1.75779	8
1.75779	9
1.75779	10
1.7578	11
1.75785	12
1.7579	13
1.75796	14
1.75802	15
1.75809	16
1.75816	17
1.75824	18
1.75832	19
1.7584	5
1.75841	6
1.75841	7
1.75842	8
1.75842	9
1.75842	10
1.75843	5
1.75848	6
1.75848	7
1.75848	8
1.75848	9
1.75848	10
1.75849	11
1.75855	12
1.7586	13
1.75866	14
1.75872	15
1.75879	16
1.75886	17
1.75894	18
1.75902	19
1.7591	5
1.75911	6
1.75911	7
1.75911	8
1.75911	9
1.75911	10
1.75913	5
1.75917	6
1.75917	7
1.75917	8
1.75918	9
1.75918	10
1.75918	11
1.75924	12
1.75931	13
1.75936	14
1.75942	15
1.75949	16
1.75956	17
1.75963	18
1.75971	19
1.75979	5
1.7598	6
1.7598	7
1.7598	8
1.75981	9
1.75981	10
1.75982	5
1.75987	6
1.75987	7
1.75987	8
1.75987	9
1.75987	10
1.75987	11
1.75994	12
1.76	13
1.76006	14
1.76012	15
1.76019	16
1.76026	17
1.76033	18
1.76041	19
1.76049	5
1.7605	6
1.7605	7
1.7605	8
1.7605	9
1.7605	10
1.76052	5
1.76056	6
1.76056	7
1.76056	8
1.76056	9
1.76056	10
1.76057	11
1.76063	12
1.76069	13
1.76076	14
1.76083	15
1.76089	16
1.76096	17
1.76103	18
1.76111	19
1.76119	5
1.76119	6
1.7612	7
1.7612	8
1.7612	9
1.7612	10
1.76122	6
1.76126	7
1.76126	8
1.76126	9
1.76126	10
1.76127	11
1.76132	12
1.76138	13
1.76145	14
1.76152	15
1.7616	16
1.76166	17
1.76173	18
1.76181	19
1.76189	5
1.76189	6
1.76189	7
1.7619	8
1.7619	9
1.7619	10
1.76191	6
1.76195	7
1.76195	8
1.76196	9
1.76196	10
1.76196	11
1.76202	12
1.76208	13
1.76214	14
1.76221	15
1.76229	16
1.76237	17
1.76244	18
1.76251	19
1.76259	5
1.76259	6
1.76259	7
1.76259	8
1.7626	9
1.7626	10
1.76261	6
1.76265	7
1.76265	8
1.76265	9
1.76266	10
1.76266	11
1.76272	12
1.76277	13
1.76284	14
1.76291	15
1.76298	16
1.76306	17
1.76314	18
1.76321	19
1.76329	5
1.76329	6
1.76329	7
1.7633	8
1.7633	9
1.7633	10
1.76331	6
1.76335	7
1.76335	8
1.76335	9
1.76335	10
1.76336	11
1.76341	12
1.76347	13
1.76353	14
1.7636	15
1.76367	16
1.76375	17
1.76383	18
1.76392	19
1.76399	5
1.764	6
1.764	7
1.764	8
1.764	9
1.764	10
1.76402	6
1.76405	7
1.76405	8
1.76405	9
1.76406	10
1.76406	11
1.76411	12
1.76417	13
1.76423	14
1.7643	15
1.76437	16
1.76444	17
1.76452	18
1.76461	19
1.76469	5
1.7647	6
1.7647	7
1.7647	8
1.7647	9
1.7647	10
1.76472	5
1.76475	6
1.76476	7
1.76476	8
1.76476	9
1.76476	10
1.76476	11
1.76482	12
1.76487	13
1.76493	14
1.765	15
1.76507	16
1.76514	17
1.76522	18
1.7653	19
1.76538	5
1.76539	6
1.76539	7
1.7654	8
1.7654	9
1.7654	10
1.76541	5
1.76546	6
1.76546	7
1.76546	8
1.76546	9
1.76546	10
1.76547	11
1.76552	12
1.76557	13
1.76563	14
1.76569	15
1.76576	16
1.76584	17
1.76591	18
1.766	19
1.76607	5
1.76608	6
1.76609	7
1.76609	8
1.76609	9
1.76609	10
1.76611	5
1.76615	6
1.76615	7
1.76615	8
1.76616	9
1.76616	10
1.76616	11
1.76622	12
1.76627	13
1.76633	14
1.76639	15
1.76646	16
1.76653	17
1.76661	18
1.76669	19
1.76677	5
1.76678	6
1.76678	7
1.76678	8
1.76678	9
1.76678	10
1.7668	5
1.76684	6
1.76685	7
1.76685	8
1.76685	9
1.76685	10
1.76685	11
1.76692	12
1.76698	13
1.76703	14
1.76709	15
1.76716	16
1.76723	17
1.76731	18
1.76739	19
1.76746	5
1.76747	6
1.76748	7
1.76748	8
1.76748	9
1.76748	10
1.76749	5
1.76754	6
1.76754	7
1.76754	8
1.76754	9
1.76754	10
1.76755	11
1.76761	12
1.76767	13
1.76774	14
1.7678	15
1.76786	16
1.76793	17
1.76801	18
1.76808	19
1.76816	5
1.76817	6
1.76817	7
1.76817	8
1.76817	9
1.76818	10
1.76819	5
1.76823	6
1.76823	7
1.76824	8
1.76824	9
1.76824	10
1.76824	11
1.7683	12
1.76836	13
1.76843	14
1.7685	15
1.76856	16
1.76863	17
1.76871	18
1.76878	19
1.76886	5
1.76887	6
1.76887	7
1.76887	8
1.76887	9
1.76887	10
1.76889	6
1.76893	7
1.76893	8
1.76893	9
1.76893	10
1.76894	11
1.769	12
1.76906	13
1.76912	14
1.76919	15
1.76927	16
1.76933	17
1.76941	18
1.76948	19
1.76956	5
1.76956	6
1.76957	7
1.76957	8
1.76957	9
1.76957	10
1.76959	6
1.76963	7
1.76963	8
1.76963	9
1.76963	10
1.76964	11
1.76969	12
1.76975	13
1.76982	14
1.76989	15
1.76996	16
1.77004	17
1.77011	18
1.77018	19
1.77026	5
1.77026	6
1.77026	7
1.77027	8
1.77027	9
1.77027	10
1.77029	6
1.77032	7
1.77033	8
1.77033	9
1.77033	10
1.77033	11
1.77039	12
1.77045	13
1.77051	14
1.77058	15
1.77065	16
1.77073	17
1.77081	18
1.77089	19
1.77096	5
1.77096	6
1.77097	7
1.77097	8
1.77097	9
1.77097	10
1.77099	6
1.77102	7
1.77103	8
1.77103	9
1.77103	10
1.77103	11
1.77109	12
1.77114	13
1.77121	14
1.77127	15
1.77135	16
1.77142	17
1.7715	18
1.77159	19
1.77166	5
1.77167	6
1.77167	7
1.77167	8
1.77167	9
1.77167	10
1.77169	6
1.77172	7
1.77173	8
1.77173	9
1.77173	10
1.77173	11
1.77179	12
1.77184	13
1.7719	14
1.77197	15
1.77204	16
1.77212	17
1.7722	18
1.77228	19
1.77237	5
1.77237	6
1.77237	7
1.77237	8
1.77238	9
1.77238	10
1.77239	5
1.77243	6
1.77243	7
1.77243	8
1.77243	9
1.77243	10
1.77244	11
1.77249	12
1.77254	13
1.7726	14
1.77267	15
1.77274	16
1.77281	17
1.77289	18
1.77298	19
1.77306	5
1.77307	6
1.77307	7
1.77307	8
1.77307	9
1.77307	10
1.77309	5
1.77313	6
1.77313	7
1.77314	8
1.77314	9
1.77314	10
1.77314	11
1.77319	12
1.77325	13
1.7733	14
1.77337	15
1.77344	16
1.77351	17
1.77359	18
1.77367	19
1.77375	5
1.77376	6
1.77376	7
1.77376	8
1.77376	9
1.77376	10
1.77378	5
1.77382	6
1.77383	7
1.77383	8
1.77383	9
1.77383	10
1.77383	11
1.7739	12
1.77395	13
1.774	14
1.77407	15
1.77413	16
1.77421	17
1.77428	18
1.77436	19
1.77444	5
1.77445	6
1.77445	7
1.77445	8
1.77446	9
1.77446	10
1.77447	5
1.77452	6
1.77452	7
1.77452	8
1.77452	9
1.77452	10
1.77453	11
1.77459	12
1.77465	13
1.77471	14
1.77477	15
1.77483	16
1.7749	17
1.77498	18
1.77506	19
1.77514	5
1.77515	6
1.77515	7
1.77515	8
1.77515	9
1.77515	10
1.77517	5
1.77521	6
1.77521	7
1.77521	8
1.77521	9
1.77522	10
1.77522	11
1.77528	12
1.77534	13
1.77541	14
1.77547	15
1.77553	16
1.7756	17
1.77568	18
1.77576	19
1.77583	5
1.77584	6
1.77584	7
1.77585	8
1.77585	9
1.77585	10
1.77586	5
1.77591	6
1.77591	7
1.77591	8
1.77591	9
1.77591	10
1.77592	11
1.77598	12
1.77604	13
1.7761	14
1.77617	15
1.77624	16
1.7763	17
1.77638	18
1.77645	19
1.77653	5
1.77654	6
1.77654	7
1.77654	8
1.77654	9
1.77655	10
1.77656	6
1.7766	7
1.7766	8
1.7766	9
1.77661	10
1.77661	11
1.77667	12
1.77673	13
1.7768	14
1.77687	15
1.77694	16
1.77701	17
1.77708	18
1.77715	19
1.77723	5
1.77724	6
1.77724	7
1.77724	8
1.77724	9
1.77724	10
1.77726	6
1.7773	7
1.7773	8
1.7773	9
1.7773	10
1.77731	11
1.77736	12
1.77742	13
1.77749	14
1.77756	15
1.77763	16
1.77771	17
1.77778	18
1.77785	19
1.77793	5
1.77793	6
1.77794	7
1.77794	8
1.77794	9
1.77794	10
1.77796	6
1.778	7
1.778	8
1.778	9
1.778	10
1.77801	11
1.77806	12
1.77812	13
1.77818	14
1.77825	15
1.77833	16
1.7784	17
1.77849	18
1.77856	19
1.77863	5
1.77864	6
1.77864	7
1.77864	8
1.77864	9
1.77864	10
1.77866	6
1.7787	7
1.7787	8
1.7787	9
1.7787	10
1.77871	11
1.77876	12
1.77882	13
1.77888	14
1.77895	15
1.77902	16
1.7791	17
1.77918	18
1.77926	19
1.77934	5
1.77934	6
1.77934	7
1.77934	8
1.77934	9
1.77935	10
1.77936	6
1.7794	7
1.7794	8
1.7794	9
1.7794	10
1.77941	11
1.77946	12
1.77952	13
1.77958	14
1.77964	15
1.77971	16
1.77979	17
1.77987	18
1.77996	19
1.78004	5
1.78005	6
1.78005	7
1.78005	8
1.78005	9
1.78005	10
1.78007	5
1.7801	6
1.7801	7
1.7801	8
1.7801	9
1.7801	10
1.78011	11
1.78016	12
1.78022	13
1.78028	14
1.78034	15
1.78041	16
1.78049	17
1.78056	18
1.78065	19
1.78073	5
1.78074	6
1.78074	7
1.78074	8
1.78074	9
1.78074	10
1.78076	5
1.78081	6
1.78081	7
1.78081	8
1.78081	9
1.78081	10
1.78081	11
1.78087	12
1.78092	13
1.78098	14
1.78104	15
1.78111	16
1.78118	17
1.78126	18
1.78134	19
1.78142	5
1.78143	6
1.78143	7
1.78143	8
1.78144	9
1.78144	10
1.78145	5
1.7815	6
1.7815	7
1.7815	8
1.7815	9
1.7815	10
1.78151	11
1.78157	12
1.78162	13
1.78168	14
1.78174	15
1.78181	16
1.78188	17
1.78196	18
1.78204	19
1.78211	5
1.78212	6
1.78213	7
1.78213	8
1.78213	9
1.78213	10
1.78215	5
1.78219	6
1.78219	7
1.78219	8
1.78219	9
1.78219	10
1.7822	11
1.78226	12
1.78232	13
1.78238	14
1.78244	15
1.78251	16
1.78258	17
1.78265	18
1.78273	19
1.78281	5
1.78282	6
1.78282	7
1.78282	8
1.78282	9
1.78282	10
1.78284	5
1.78288	6
1.78288	7
1.78289	8
1.78289	9
1.78289	10
1.78289	11
1.78295	12
1.78302	13
1.78308	14
1.78314	15
1.78321	16
1.78328	17
1.78335	18
1.78343	19
1.78351	5
1.78351	6
1.78352	7
1.78352	8
1.78352	9
1.78352	10
1.78354	5
1.78358	6
1.78358	7
1.78358	8
1.78358	9
1.78358	10
1.78359	11
1.78365	12
1.78371	13
1.78378	14
1.78385	15
1.78391	16
1.78398	17
1.78405	18
1.78413	19
1.78421	5
1.78421	6
1.78421	7
1.78422	8
1.78422	9
1.78422	10
1.78423	6
1.78427	7
1.78428	8
1.78428	9
1.78428	10
1.78428	11
1.78434	12
1.7844	13
1.78447	14
1.78454	15
1.78461	16
1.78468	17
1.78475	18
1.78483	19
1.78491	5
1.78491	6
1.78491	7
1.78491	8
1.78492	9
1.78492	10
1.78493	6
1.78497	7
1.78497	8
1.78497	9
1.78498	10
1.78498	11
1.78504	12
1.7851	13
1.78516	14
1.78523	15
1.78531	16
1.78538	17
1.78545	18
1.78553	19
1.7856	5
1.78561	6
1.78561	7
1.78561	8
1.78561	9
1.78562	10
1.78563	6
1.78567	7
1.78567	8
1.78567	9
1.78567	10
1.78568	11
1.78573	12
1.78579	13
1.78586	14
1.78592	15
1.786	16
1.78608	17
1.78616	18
1.78623	19
1.78631	5
1.78631	6
1.78631	7
1.78631	8
1.78632	9
1.78632	10
1.78633	6
1.78637	7
1.78637	8
1.78637	9
1.78637	10
1.78638	11
1.78643	12
1.78649	13
1.78655	14
1.78662	15
1.78669	16
1.78677	17
1.78685	18
1.78694	19
1.78701	5
1.78701	6
1.78701	7
1.78702	8
1.78702	9
1.78702	10
1.78703	6
1.78707	7
1.78707	8
1.78707	9
1.78707	10
1.78708	11
1.78713	12
1.78719	13
1.78725	14
1.78732	15
1.78739	16
1.78746	17
1.78754	18
1.78763	19
1.78771	5
1.78772	6
1.78772	7
1.78772	8
1.78772	9
1.78772	10
1.78774	5
1.78777	6
1.78777	7
1.78777	8
1.78778	9
1.78778	10
1.78778	11
1.78783	12
1.78789	13
1.78795	14
1.78801	15
1.78808	16
1.78816	17
1.78824	18
1.78832	19
1.7884	5
1.78841	6
1.78841	7
1.78841	8
1.78842	9
1.78842	10
1.78843	5
1.78848	6
1.78848	7
1.78848	8
1.78848	9
1.78848	10
1.78849	11
1.78854	12
1.78859	13
1.78865	14
1.78871	15
1.78878	16
1.78885	17
1.78893	18
1.78901	19
1.78909	5
1.7891	6
1.78911	7
1.78911	8
1.78911	9
1.78911	10
1.78912	5
1.78917	6
1.78917	7
1.78917	8
1.78917	9
1.78918	10
1.78918	11
1.78924	12
1.78929	13
1.78935	14
1.78941	15
1.78948	16
1.78955	17
1.78963	18
1.78971	19
1.78979	5
1.7898	6
1.7898	7
1.7898	8
1.7898	9
1.7898	10
1.78982	5
1.78986	6
1.78986	7
1.78987	8
1.78987	9
1.78987	10
1.78987	11
1.78993	12
1.79	13
1.79005	14
1.79011	15
1.79018	16
1.79025	17
1.79033	18
1.7904	19
1.79048	5
1.79049	6
1.79049	7
1.7905	8
1.7905	9
1.7905	10
1.79051	5
1.79056	6
1.79056	7
1.79056	8
1.79056	9
1.79056	10
1.79057	11
1.79063	12
1.79069	13
1.79076	14
1.79081	15
1.79088	16
1.79095	17
1.79102	18
1.7911	19
1.79118	5
1.79119	6
1.79119	7
1.79119	8
1.79119	9
1.79119	10
1.79121	5
1.79125	6
1.79125	7
1.79125	8
1.79125	9
1.79126	10
1.79126	11
1.79132	12
1.79138	13
1.79145	14
1.79152	15
1.79158	16
1.79165	17
1.79172	18
1.7918	19
1.79188	5
1.79188	6
1.79189	7
1.79189	8
1.79189	9
1.79189	10
1.79191	6
1.79195	7
1.79195	8
1.79195	9
1.79195	10
1.79196	11
1.79201	12
1.79207	13
1.79214	14
1.79221	15
1.79229	16
1.79235	17
1.79242	18
1.7925	19
1.79258	5
1.79258	6
1.79259	7
1.79259	8
1.79259	9
1.79259	10
1.7926	6
1.79264	7
1.79265	8
1.79265	9
1.79265	10
1.79265	11
1.79271	12
1.79277	13
1.79283	14
1.7929	15
1.79298	16
1.79306	17
1.79313	18
1.7932	19
1.79328	5
1.79328	6
1.79328	7
1.79328	8
1.79329	9
1.79329	10
1.7933	6
1.79334	7
1.79334	8
1.79335	9
1.79335	10
1.79335	11
1.79341	12
1.79347	13
1.79353	14
1.7936	15
1.79367	16
1.79375	17
1.79383	18
1.7939	19
1.79398	5
1.79398	6
1.79398	7
1.79399	8
1.79399	9
1.79399	10
1.794	6
1.79404	7
1.79404	8
1.79404	9
1.79405	10
1.79405	11
1.79411	12
1.79416	13
1.79422	14
1.79429	15
1.79436	16
1.79444	17
1.79452	18
1.79461	19
1.79468	5
1.79469	6
1.79469	7
1.79469	8
1.79469	9
1.79469	10
1.79471	6
1.79474	7
1.79474	8
1.79475	9
1.79475	10
1.79475	11
1.79481	12
1.79486	13
1.79492	14
1.79499	15
1.79506	16
1.79513	17
1.79522	18
1.7953	19
1.79539	5
1.79539	6
1.79539	7
1.79539	8
1.79539	9
1.7954	10
1.79541	5
1.79544	6
1.79545	7
1.79545	8
1.79545	9
1.79545	10
1.79545	11
1.79551	12
1.79556	13
1.79562	14
1.79569	15
1.79576	16
1.79583	17
1.79591	18
1.79599	19
1.79608	5
1.79608	6
1.79609	7
1.79609	8
1.79609	9
1.79609	10
1.79611	5
1.79615	6
1.79615	7
1.79615	8
1.79615	9
1.79616	10
1.79616	11
1.79621	12
1.79626	13
1.79632	14
1.79639	15
1.79645	16
1.79653	17
1.79661	18
1.79669	19
1.79677	5
1.79678	6
1.79678	7
1.79678	8
1.79678	9
1.79678	10
1.7968	5
1.79684	6
1.79684	7
1.79685	8
1.79685	9
1.79685	10
1.79685	11
1.79692	12
1.79697	13
1.79702	14
1.79708	15
1.79715	16
1.79722	17
1.7973	18
1.79738	19
1.79746	5
1.79747	6
1.79747	7
1.79747	8
1.79747	9
1.79748	10
1.79749	5
1.79754	6
1.79754	7
1.79754	8
1.79754	9
1.79754	10
1.79755	11
1.79761	12
1.79767	13
1.79772	14
1.79779	15
1.79785	16
1.79792	17
1.798	18
1.79808	19
1.79816	5
1.79816	6
1.79817	7
1.79817	8
1.79817	9
1.79817	10
1.79819	5
1.79823	6
1.79823	7
1.79823	8
1.79823	9
1.79823	10
1.79824	11
1.7983	12
1.79836	13
1.79843	14
1.79849	15
1.79855	16
1.79862	17
1.7987	18
1.79877	19
1.79885	5
1.79886	6
1.79886	7
1.79886	8
1.79887	9
1.79887	10
1.79888	5
1.79892	6
1.79893	7
1.79893	8
1.79893	9
1.79893	10
1.79893	11
1.79899	12
1.79905	13
1.79912	14
1.79919	15
1.79925	16
1.79932	17
1.7994	18
1.79947	19
1.79955	5
1.79956	6
1.79956	7
1.79956	8
1.79956	9
1.79956	10
1.79958	6
1.79962	7
1.79962	8
1.79962	9
1.79962	10
1.79963	11
1.79969	12
1.79975	13
1.79981	14
1.79988	15
1.79996	16
1.80002	17
1.8001	18
1.80017	19
1.80025	5
1.80026	6
1.80026	7
1.80026	8
1.80026	9
1.80026	10
1.80028	6
1.80032	7
1.80032	8
1.80032	9
1.80032	10
1.80033	11
1.80038	12
1.80044	13
1.80051	14
1.80058	15
1.80065	16
1.80073	17
1.8008	18
1.80087	19
1.80095	5
1.80095	6
1.80096	7
1.80096	8
1.80096	9
1.80096	10
1.80098	6
1.80102	7
1.80102	8
1.80102	9
1.80102	10
1.80103	11
1.80108	12
1.80114	13
1.8012	14
1.80127	15
1.80134	16
1.80142	17
1.8015	18
1.80158	19
1.80165	5
1.80165	6
1.80166	7
1.80166	8
1.80166	9
1.80166	10
1.80168	6
1.80171	7
1.80172	8
1.80172	9
1.80172	10
1.80172	11
1.80178	12
1.80184	13
1.8019	14
1.80196	15
1.80204	16
1.80211	17
1.8022	18
1.80228	19
1.80236	5
1.80236	6
1.80236	7
1.80236	8
1.80236	9
1.80236	10
1.80238	6
1.80242	7
1.80242	8
1.80242	9
1.80242	10
1.80243	11
1.80248	12
1.80253	13
1.80259	14
1.80266	15
1.80273	16
1.80281	17
1.80289	18
1.80297	19
1.80306	5
1.80306	6
1.80306	7
1.80307	8
1.80307	9
1.80307	10
1.80308	5
1.80312	6
1.80312	7
1.80312	8
1.80312	9
1.80312	10
1.80313	11
1.80318	12
1.80323	13
1.80329	14
1.80336	15
1.80343	16
1.8035	17
1.80358	18
1.80367	19
1.80375	5
1.80376	6
1.80376	7
1.80376	8
1.80376	9
1.80376	10
1.80378	5
1.80382	6
1.80382	7
1.80383	8
1.80383	9
1.80383	10
1.80383	11
1.80388	12
1.80394	13
1.80399	14
1.80406	15
1.80413	16
1.8042	17
1.80428	18
1.80436	19
1.80444	5
1.80445	6
1.80445	7
1.80445	8
1.80445	9
1.80445	10
1.80447	5
1.80452	6
1.80452	7
1.80452	8
1.80452	9
1.80452	10
1.80453	11
1.80459	12
1.80464	13
1.8047	14
1.80476	15
1.80482	16
1.8049	17
1.80497	18
1.80505	19
1.80513	5
1.80514	6
1.80514	7
1.80515	8
1.80515	9
1.80515	10
1.80516	5
1.80521	6
1.80521	7
1.80521	8
1.80521	9
1.80521	10
1.80522	11
1.80528	12
1.80534	13
1.8054	14
1.80546	15
1.80552	16
1.8056	17
1.80567	18
1.80575	19
1.80583	5
1.80584	6
1.80584	7
1.80584	8
1.80584	9
1.80584	10
1.80586	5
1.8059	6
1.8059	7
1.8059	8
1.80591	9
1.80591	10
1.80591	11
1.80597	12
1.80604	13
1.8061	14
1.80616	15
1.80623	16
1.80629	17
1.80637	18
1.80645	19
1.80653	5
1.80653	6
1.80654	7
1.80654	8
1.80654	9
1.80654	10
1.80655	5
1.8066	6
1.8066	7
1.8066	8
1.8066	9
1.8066	10
1.80661	11
1.80667	12
1.80673	13
1.80679	14
1.80686	15
1.80693	16
1.807	17
1.80707	18
1.80715	19
1.80722	5
1.80723	6
1.80723	7
1.80723	8
1.80723	9
1.80724	10
1.80725	6
1.80729	7
1.80729	8
1.8073	9
1.8073	10
1.8073	11
1.80736	12
1.80742	13
1.80749	14
1.80756	15
1.80763	16
1.8077	17
1.80777	18
1.80785	19
1.80792	5
1.80793	6
1.80793	7
1.80793	8
1.80793	9
1.80793	10
1.80795	6
1.80799	7
1.80799	8
1.80799	9
1.80799	10
1.808	11
1.80806	12
1.80811	13
1.80818	14
1.80825	15
1.80832	16
1.8084	17
1.80847	18
1.80855	19
1.80862	5
1.80863	6
1.80863	7
1.80863	8
1.80863	9
1.80863	10
1.80865	6
1.80869	7
1.80869	8
1.80869	9
1.80869	10
1.8087	11
1.80875	12
1.80881	13
1.80887	14
1.80894	15
1.80902	16
1.80909	17
1.80918	18
1.80925	19
1.80932	5
1.80933	6
1.80933	7
1.80933	8
1.80933	9
1.80933	10
1.80935	6
1.80939	7
1.80939	8
1.80939	9
1.80939	10
1.8094	11
1.80945	12
1.80951	13
1.80957	14
1.80964	15
1.80971	16
1.80979	17
1.80987	18
1.80995	19
1.81003	5
1.81003	6
1.81003	7
1.81003	8
1.81004	9
1.81004	10
1.81005	6
1.81009	7
1.81009	8
1.81009	9
1.81009	10
1.8101	11
1.81015	12
1.81021	13
1.81027	14
1.81033	15
1.8104	16
1.81048	17
1.81056	18
1.81065	19
1.81073	5
1.81074	6
1.81074	7
1.81074	8
1.81074	9
1.81074	10
1.81076	5
1.81079	6
1.81079	7
1.81079	8
1.81079	9
1.8108	10
1.8108	11
1.81085	12
1.81091	13
1.81097	14
1.81103	15
1.8111	16
1.81118	17
1.81126	18
1.81134	19
1.81142	5
1.81143	6
1.81143	7
1.81143	8
1.81143	9
1.81144	10
1.81145	5
1.8115	6
1.8115	7
1.8115	8
1.8115	9
1.8115	10
1.81151	11
1.81156	12
1.81161	13
1.81167	14
1.81173	15
1.8118	16
1.81187	17
1.81195	18
1.81203	19
1.81211	5
1.81212	6
1.81212	7
1.81213	8
1.81213	9
1.81213	10
1.81214	5
1.81219	6
1.81219	7
1.81219	8
1.81219	9
1.81219	10
1.8122	11
1.81226	12
1.81231	13
1.81237	14
1.81243	15
1.8125	16
1.81257	17
1.81265	18
1.81273	19
1.81281	5
1.81282	6
1.81282	7
1.81282	8
1.81282	9
1.81282	10
1.81284	5
1.81288	6
1.81288	7
1.81288	8
1.81288	9
1.81289	10
1.81289	11
1.81295	12
1.81302	13
1.81307	14
1.81313	15
1.8132	16
1.81327	17
1.81334	18
1.81342	19
1.8135	5
1.81351	6
1.81351	7
1.81351	8
1.81351	9
1.81352	10
1.81353	5
1.81357	6
1.81358	7
1.81358	8
1.81358	9
1.81358	10
1.81358	11
1.81365	12
1.81371	13
1.81377	14
1.81383	15
1.8139	16
1.81397	17
1.81404	18
1.81412	19
1.8142	5
1.81421	6
1.81421	7
1.81421	8
1.81421	9
1.81421	10
1.81423	5
1.81427	6
1.81427	7
1.81427	8
1.81427	9
1.81427	10
1.81428	11
1.81434	12
1.8144	13
1.81447	14
1.81454	15
1.8146	16
1.81467	17
1.81474	18
1.81482	19
1.8149	5
1.8149	6
1.81491	7
1.81491	8
1.81491	9
1.81491	10
1.81492	6
1.81497	7
1.81497	8
1.81497	9
1.81497	10
1.81498	11
1.81503	12
1.81509	13
1.81516	14
1.81523	15
1.8153	16
1.81537	17
1.81544	18
1.81552	19
1.8156	5
1.8156	6
1.8156	7
1.8156	8
1.81561	9
1.81561	10
1.81562	6
1.81566	7
1.81566	8
1.81566	9
1.81567	10
1.81567	11
1.81573	12
1.81579	13
1.81585	14
1.81592	15
1.816	16
1.81607	17
1.81614	18
1.81622	19
1.8163	5
1.8163	6
1.8163	7
1.8163	8
1.81631	9
1.81631	10
1.81632	6
1.81636	7
1.81636	8
1.81636	9
1.81636	10
1.81637	11
1.81643	12
1.81648	13
1.81655	14
1.81662	15
1.81669	16
1.81677	17
1.81685	18
1.81692	19
1.817	5
1.817	6
1.817	7
1.81701	8
1.81701	9
1.81701	10
1.81702	6
1.81706	7
1.81706	8
1.81706	9
1.81706	10
1.81707	11
1.81712	12
1.81718	13
1.81724	14
1.81731	15
1.81738	16
1.81746	17
1.81754	18
1.81763	19
1.8177	5
1.8177	6
1.81771	7
1.81771	8
1.81771	9
1.81771	10
1.81773	6
1.81776	7
1.81776	8
1.81776	9
1.81776	10
1.81777	11
1.81782	12
1.81788	13
1.81794	14
1.81801	15
1.81808	16
1.81815	17
1.81823	18
1.81832	19
1.8184	5
1.81841	6
1.81841	7
1.81841	8
1.81841	9
1.81841	10
1.81843	5
1.81846	6
1.81846	7
1.81847	8
1.81847	9
1.81847	10
1.81847	11
1.81852	12
1.81858	13
1.81864	14
1.81871	15
1.81877	16
1.81885	17
1.81893	18
1.81901	19
1.81909	5
1.8191	6
1.8191	7
1.81911	8
1.81911	9
1.81911	10
1.81912	5
1.81917	6
1.81917	7
1.81917	8
1.81917	9
1.81917	10
1.81918	11
1.81923	12
1.81928	13
1.81934	14
1.8194	15
1.81947	16
1.81955	17
1.81962	18
1.81971	19
1.81978	5
1.81979	6
1.8198	7
1.8198	8
1.8198	9
1.8198	10
1.81982	5
1.81986	6
1.81986	7
1.81986	8
1.81987	9
1.81987	10
1.81987	11
1.81993	12
1.81998	13
1.82004	14
1.8201	15
1.82017	16
1.82024	17
1.82032	18
1.8204	19
1.82048	5
1.82049	6
1.82049	7
1.82049	8
1.82049	9
1.82049	10
1.82051	5
1.82055	6
1.82056	7
1.82056	8
1.82056	9
1.82056	10
1.82056	11
1.82063	12
1.82069	13
1.82074	14
1.8208	15
1.82087	16
1.82094	17
1.82102	18
1.8211	19
1.82117	5
1.82118	6
1.82118	7
1.82119	8
1.82119	9
1.82119	10
1.8212	5
1.82125	6
1.82125	7
1.82125	8
1.82125	9
1.82125	10
1.82126	11
1.82132	12
1.82138	13
1.82145	14
1.82151	15
1.82157	16
1.82164	17
1.82172	18
1.82179	19
1.82187	5
1.82188	6
1.82188	7
1.82188	8
1.82188	9
1.82188	10
1.8219	5
1.82194	6
1.82194	7
1.82194	8
1.82195	9
1.82195	10
1.82195	11
1.82201	12
1.82207	13
1.82214	14
1.82221	15
1.82227	16
1.82234	17
1.82241	18
1.82249	19
1.82257	5
1.82258	6
1.82258	7
1.82258	8
1.82258	9
1.82258	10
1.8226	6
1.82264	7
1.82264	8
1.82264	9
1.82264	10
1.82265	11
1.82271	12
1.82277	13
1.82283	14
1.8229	15
1.82298	16
1.82304	17
1.82312	18
1.82319	19
1.82327	5
1.82327	6
1.82328	7
1.82328	8
1.82328	9
1.82328	10
1.8233	6
1.82334	7
1.82334	8
1.82334	9
1.82334	10
1.82334	11
1.8234	12
1.82346	13
1.82353	14
1.82359	15
1.82367	16
1.82375	17
1.82382	18
1.82389	19
1.82397	5
1.82397	6
1.82397	7
1.82398	8
1.82398	9
1.82398	10
1.824	6
1.82403	7
1.82403	8
1.82404	9
1.82404	10
1.82404	11
1.8241	12
1.82416	13
1.82422	14
1.82429	15
1.82436	16
1.82444	17
1.82452	18
1.8246	19
1.82467	5
1.82467	6
1.82468	7
1.82468	8
1.82468	9
1.82468	10
1.8247	6
1.82473	7
1.82473	8
1.82474	9
1.82474	10
1.82474	11
1.8248	12
1.82485	13
1.82492	14
1.82498	15
1.82506	16
1.82513	17
1.82521	18
1.8253	19
1.82537	5
1.82538	6
1.82538	7
1.82538	8
1.82538	9
1.82538	10
1.8254	6
1.82543	7
1.82544	8
1.82544	9
1.82544	10
1.82544	11
1.8255	12
1.82555	13
1.82561	14
1.82568	15
1.82575	16
1.82583	17
1.82591	18
1.82599	19
1.82608	5
1.82608	6
1.82608	7
1.82608	8
1.82609	9
1.82609	10
1.8261	5
1.82614	6
1.82614	7
1.82614	8
1.82614	9
1.82614	10
1.82615	11
1.8262	12
1.82625	13
1.82631	14
1.82638	15
1.82645	16
1.82652	17
1.8266	18
1.82669	19
1.82677	5
1.82678	6
1.82678	7
1.82678	8
1.82678	9
1.82678	10
1.8268	5
1.82684	6
1.82684	7
1.82684	8
1.82685	9
1.82685	10
1.82685	11
1.8269	12
1.82695	13
1.82701	14
1.82708	15
1.82714	16
1.82722	17
1.8273	18
1.82738	19
1.82746	5
1.82747	6
1.82747	7
1.82747	8
1.82747	9
1.82747	10
1.82749	5
1.82753	6
1.82754	7
1.82754	8
1.82754	9
1.82754	10
1.82754	11
1.82761	12
1.82766	13
1.82771	14
1.82778	15
1.82784	16
1.82792	17
1.82799	18
1.82807	19
1.82815	5
1.82816	6
1.82816	7
1.82816	8
1.82817	9
1.82817	10
1.82818	5
1.82823	6
1.82823	7
1.82823	8
1.82823	9
1.82823	10
1.82824	11
1.8283	12
1.82836	13
1.82842	14
1.82848	15
1.82854	16
1.82861	17
1.82869	18
1.82877	19
1.82885	5
1.82886	6
1.82886	7
1.82886	8
1.82886	9
1.82886	10
1.82888	5
1.82892	6
1.82892	7
1.82892	8
1.82892	9
1.82893	10
1.82893	11
1.82899	12
1.82905	13
1.82912	14
1.82918	15
1.82924	16
1.82931	17
1.82939	18
1.82947	19
1.82954	5
1.82955	6
1.82955	7
1.82955	8
1.82956	9
1.82956	10
1.82957	5
1.82961	6
1.82962	7
1.82962	8
1.82962	9
1.82962	10
1.82962	11
1.82968	12
1.82975	13
1.82981	14
1.82988	15
1.82995	16
1.83001	17
1.83009	18
1.83016	19
1.83024	5
1.83025	6
1.83025	7
1.83025	8
1.83025	9
1.83025	10
1.83027	6
1.83031	7
1.83031	8
1.83031	9
1.83031	10
1.83032	11
1.83038	12
1.83044	13
1.8305	14
1.83058	15
1.83065	16
1.83072	17
1.83079	18
1.83086	19
1.83094	5
1.83095	6
1.83095	7
1.83095	8
1.83095	9
1.83095	10
1.83097	6
1.83101	7
1.83101	8
1.83101	9
1.83101	10
1.83102	11
1.83107	12
1.83113	13
1.8312	14
1.83127	15
1.83134	16
1.83142	17
1.83149	18
1.83156	19
1.83164	5
1.83164	6
1.83165	7
1.83165	8
1.83165	9
1.83165	10
1.83167	6
1.83171	7
1.83171	8
1.83171	9
1.83171	10
1.83172	11
1.83177	12
1.83183	13
1.83189	14
1.83196	15
1.83203	16
1.83211	17
1.83219	18
1.83227	19
1.83234	5
1.83235	6
1.83235	7
1.83235	8
1.83235	9
1.83235	10
1.83237	6
1.83241	7
1.83241	8
1.83241	9
1.83241	10
1.83242	11
1.83247	12
1.83253	13
1.83259	14
1.83266	15
1.83273	16
1.83281	17
1.83289	18
1.83297	19
1.83305	5
1.83305	6
1.83305	7
1.83305	8
1.83305	9
1.83306	10
1.83307	6
1.83311	7
1.83311	8
1.83311	9
1.83311	10
1.83312	11
1.83317	12
1.83322	13
1.83329	14
1.83335	15
1.83342	16
1.8335	17
1.83358	18
1.83366	19
1.83375	5
1.83375	6
1.83376	7
1.83376	8
1.83376	9
1.83376	10
1.83378	5
1.83381	6
1.83381	7
1.83381	8
1.83381	9
1.83381	10
1.83382	11
1.83387	12
1.83393	13
1.83399	14
1.83405	15
1.83412	16
1.8342	17
1.83427	18
1.83436	19
1.83444	5
1.83445	6
1.83445	7
1.83445	8
1.83445	9
1.83445	10
1.83447	5
1.83451	6
1.83452	7
1.83452	8
1.83452	9
1.83452	10
1.83452	11
1.83457	12
1.83463	13
1.83469	14
1.83475	15
1.83482	16
1.83489	17
1.83497	18
1.83505	19
1.83513	5
1.83514	6
1.83514	7
1.83514	8
1.83514	9
1.83515	10
1.83516	5
1.83521	6
1.83521	7
1.83521	8
1.83521	9
1.83521	10
1.83522	11
1.83528	12
1.83533	13
1.83539	14
1.83545	15
1.83552	16
1.83559	17
1.83567	18
1.83575	19
1.83582	5
1.83583	6
1.83584	7
1.83584	8
1.83584	9
1.83584	10
1.83585	5
1.8359	6
1.8359	7
1.8359	8
1.8359	9
1.8359	10
1.83591	11
1.83597	12
1.83603	13
1.83609	14
1.83615	15
1.83622	16
1.83629	17
1.83636	18
1.83644	19
1.83652	5
1.83653	6
1.83653	7
1.83653	8
1.83653	9
1.83653	10
1.83655	5
1.83659	6
1.83659	7
1.8366	8
1.8366	9
1.8366	10
1.8366	11
1.83666	12
1.83673	13
1.83679	14
1.83685	15
1.83692	16
1.83699	17
1.83706	18
1.83714	19
1.83722	5
1.83722	6
1.83723	7
1.83723	8
1.83723	9
1.83723	10
1.83725	5
1.83729	6
1.83729	7
1.83729	8
1.83729	9
1.83729	10
1.8373	11
1.83736	12
1.83742	13
1.83748	14
1.83756	15
1.83762	16
1.83769	17
1.83776	18
1.83784	19
1.83792	5
1.83792	6
1.83792	7
1.83792	8
1.83793	9
1.83793	10
1.83794	6
1.83798	7
1.83798	8
1.83799	9
1.83799	10
1.83799	11
1.83805	12
1.83811	13
1.83818	14
1.83825	15
1.83832	16
1.83839	17
1.83846	18
1.83854	19
1.83861	5
1.83862	6
1.83862	7
1.83862	8
1.83862	9
1.83863	10
1.83864	6
1.83868	7
1.83868	8
1.83868	9
1.83868	10
1.83869	11
1.83875	12
1.83881	13
1.83887	14
1.83894	15
1.83902	16
1.83909	17
1.83916	18
1.83924	19
1.83931	5
1.83932	6
1.83932	7
1.83932	8
1.83932	9
1.83933	10
1.83934	6
1.83938	7
1.83938	8
1.83938	9
1.83938	10
1.83939	11
1.83944	12
1.8395	13
1.83957	14
1.83963	15
1.83971	16
1.83979	17
1.83987	18
1.83994	19
1.84002	5
1.84002	6
1.84002	7
1.84002	8
1.84002	9
1.84003	10
1.84004	6
1.84008	7
1.84008	8
1.84008	9
1.84008	10
1.84009	11
1.84014	12
1.8402	13
1.84026	14
1.84033	15
1.8404	16
1.84048	17
1.84056	18
1.84064	19
1.84072	5
1.84072	6
1.84072	7
1.84073	8
1.84073	9
1.84073	10
1.84074	6
1.84078	7
1.84078	8
1.84078	9
1.84078	10
1.84079	11
1.84084	12
1.8409	13
1.84096	14
1.84102	15
1.8411	16
1.84117	17
1.84125	18
1.84134	19
1.84142	5
1.84143	6
1.84143	7
1.84143	8
1.84143	9
1.84143	10
1.84145	5
1.84148	6
1.84148	7
1.84148	8
1.84149	9
1.84149	10
1.84149	11
1.84154	12
1.8416	13
1.84166	14
1.84172	15
1.84179	16
1.84187	17
1.84195	18
1.84203	19
1.84211	5
1.84212	6
1.84212	7
1.84212	8
1.84213	9
1.84213	10
1.84214	5
1.84219	6
1.84219	7
1.84219	8
1.84219	9
1.84219	10
1.8422	11
1.84225	12
1.8423	13
1.84236	14
1.84242	15
1.84249	16
1.84256	17
1.84264	18
1.84272	19
1.8428	5
1.84281	6
1.84281	7
1.84282	8
1.84282	9
1.84282	10
1.84283	5
1.84288	6
1.84288	7
1.84288	8
1.84288	9
1.84288	10
1.84289	11
1.84295	12
1.843	13
1.84306	14
1.84312	15
1.84319	16
1.84326	17
1.84334	18
1.84342	19
1.8435	5
1.84351	6
1.84351	7
1.84351	8
1.84351	9
1.84351	10
1.84353	5
1.84357	6
1.84357	7
1.84357	8
1.84358	9
1.84358	10
1.84358	11
1.84364	12
1.84371	13
1.84376	14
1.84382	15
1.84389	16
1.84396	17
1.84403	18
1.84411	19
1.84419	5
1.8442	6
1.8442	7
1.8442	8
1.84421	9
1.84421	10
1.84422	5
1.84427	6
1.84427	7
1.84427	8
1.84427	9
1.84427	10
1.84428	11
1.84434	12
1.8444	13
1.84447	14
1.84452	15
1.84459	16
1.84466	17
1.84473	18
1.84481	19
1.84489	5
1.8449	6
1.8449	7
1.8449	8
1.8449	9
1.8449	10
1.84492	5
1.84496	6
1.84496	7
1.84496	8
1.84496	9
1.84497	10
1.84497	11
1.84503	12
1.84509	13
1.84516	14
1.84523	15
1.84529	16
1.84536	17
1.84543	18
1.84551	19
1.84559	5
1.84559	6
1.8456	7
1.8456	8
1.8456	9
1.8456	10
1.84562	6
1.84566	7
1.84566	8
1.84566	9
1.84566	10
1.84567	11
1.84572	12
1.84578	13
1.84585	14
1.84592	15
1.846	16
1.84606	17
1.84613	18
1.84621	19
1.84629	5
1.84629	6
1.84629	7
1.8463	8
1.8463	9
1.8463	10
1.84631	6
1.84635	7
1.84635	8
1.84636	9
1.84636	10
1.84636	11
1.84642	12
1.84648	13
1.84654	14
1.84661	15
1.84669	16
1.84677	17
1.84684	18
1.84691	19
1.84699	5
1.84699	6
1.84699	7
1.84699	8
1.847	9
1.847	10
1.84701	6
1.84705	7
1.84705	8
1.84705	9
1.84706	10
1.84706	11
1.84712	12
1.84717	13
1.84724	14
1.84731	15
1.84738	16
1.84746	17
1.84754	18
1.84761	19
1.84769	5
1.84769	6
1.84769	7
1.8477	8
1.8477	9
1.8477	10
1.84771	6
1.84775	7
1.84775	8
1.84775	9
1.84776	10
1.84776	11
1.84782	12
1.84787	13
1.84793	14
1.848	15
1.84807	16
1.84815	17
1.84823	18
1.84832	19
1.84839	5
1.8484	6
1.8484	7
1.8484	8
1.8484	9
1.8484	10
1.84842	6
1.84845	7
1.84845	8
1.84845	9
1.84846	10
1.84846	11
1.84851	12
1.84857	13
1.84863	14
1.8487	15
1.84877	16
1.84884	17
1.84892	18
1.84901	19
1.8491	5
1.8491	6
1.8491	7
1.8491	8
1.8491	9
1.84911	10
1.84912	5
1.84915	6
1.84916	7
1.84916	8
1.84916	9
1.84916	10
1.84916	11
1.84922	12
1.84927	13
1.84933	14
1.8494	15
1.84947	16
1.84954	17
1.84962	18
1.8497	19
1.84978	5
1.84979	6
1.8498	7
1.8498	8
1.8498	9
1.8498	10
1.84981	5
1.84986	6
1.84986	7
1.84986	8
1.84986	9
1.84987	10
1.84987	11
1.84992	12
1.84997	13
1.85003	14
1.85009	15
1.85016	16
1.85024	17
1.85031	18
1.8504	19
1.85047	5
1.85049	6
1.85049	7
1.85049	8
1.85049	9
1.85049	10
1.85051	5
1.85055	6
1.85055	7
1.85056	8
1.85056	9
1.85056	10
1.85056	11
1.85062	12
1.85068	13
1.85073	14
1.85079	15
1.85086	16
1.85093	17
1.85101	18
1.85109	19
1.85117	5
1.85118	6
1.85118	7
1.85118	8
1.85118	9
1.85118	10
1.8512	5
1.85124	6
1.85125	7
1.85125	8
1.85125	9
1.85125	10
1.85125	11
1.85132	12
1.85138	13
1.85143	14
1.8515	15
1.85156	16
1.85163	17
1.85171	18
1.85179	19
1.85187	5
1.85187	6
1.85188	7
1.85188	8
1.85188	9
1.85188	10
1.8519	5
1.85194	6
1.85194	7
1.85194	8
1.85194	9
1.85194	10
1.85195	11
1.85201	12
1.85207	13
1.85214	14
1.8522	15
1.85226	16
1.85233	17
1.85241	18
1.85248	19
1.85256	5
1.85257	6
1.85257	7
1.85257	8
1.85257	9
1.85258	10
1.85259	5
1.85263	6
1.85263	7
1.85264	8
1.85264	9
1.85264	10
1.85264	11
1.8527	12
1.85276	13
1.85283	14
1.8529	15
1.85296	16
1.85303	17
1.85311	18
1.85318	19
1.85326	5
1.85327	6
1.85327	7
1.85327	8
1.85327	9
1.85327	10
1.85329	6
1.85333	7
1.85333	8
1.85333	9
1.85333	10
1.85334	11
1.8534	12
1.85346	13
1.85352	14
1.85359	15
1.85367	16
1.85373	17
1.85381	18
1.85388	19
1.85396	5
1.85397	6
1.85397	7
1.85397	8
1.85397	9
1.85397	10
1.85399	6
1.85403	7
1.85403	8
1.85403	9
1.85403	10
1.85404	11
1.85409	12
1.85415	13
1.85422	14
1.85429	15
1.85436	16
1.85444	17
1.85451	18
1.85458	19
1.85466	5
1.85466	6
1.85466	7
1.85467	8
1.85467	9
1.85467	10
1.85469	6
1.85472	7
1.85473	8
1.85473	9
1.85473	10
1.85473	11
1.85479	12
1.85485	13
1.85491	14
1.85498	15
1.85505	16
1.85513	17
1.85521	18
1.85529	19
1.85536	5
1.85536	6
1.85537	7
1.85537	8
1.85537	9
1.85537	10
1.85539	6
1.85542	7
1.85543	8
1.85543	9
1.85543	10
1.85543	11
1.85549	12
1.85554	13
1.85561	14
1.85567	15
1.85575	16
1.85582	17
1.85591	18
1.85599	19
1.85607	5
1.85607	6
1.85607	7
1.85607	8
1.85607	9
1.85607	10
1.85609	6
1.85613	7
1.85613	8
1.85613	9
1.85613	10
1.85613	11
1.85619	12
1.85624	13
1.8563	14
1.85637	15
1.85644	16
1.85652	17
1.8566	18
1.85668	19
1.85677	5
1.85677	6
1.85677	7
1.85678	8
1.85678	9
1.85678	10
1.85679	5
1.85683	6
1.85683	7
1.85683	8
1.85683	9
1.85683	10
1.85684	11
1.85689	12
1.85694	13
1.857	14
1.85707	15
1.85714	16
1.85721	17
1.85729	18
1.85738	19
1.85746	5
1.85747	6
1.85747	7
1.85747	8
1.85747	9
1.85747	10
1.85749	5
1.85753	6
1.85753	7
1.85754	8
1.85754	9
1.85754	10
1.85754	11
1.85759	12
1.85765	13
1.8577	14
1.85777	15
1.85784	16
1.85791	17
1.85799	18
1.85807	19
1.85815	5
1.85816	6
1.85816	7
1.85816	8
1.85816	9
1.85816	10
1.85818	5
1.85823	6
1.85823	7
1.85823	8
1.85823	9
1.85823	10
1.85824	11
1.8583	12
1.85835	13
1.8584	14
1.85847	15
1.85853	16
1.85861	17
1.85868	18
1.85876	19
1.85884	5
1.85885	6
1.85885	7
1.85886	8
1.85886	9
1.85886	10
1.85887	5
1.85892	6
1.85892	7
1.85892	8
1.85892	9
1.85892	10
1.85893	11
1.85899	12
1.85905	13
1.85911	14
1.85917	15
1.85923	16
1.8593	17
1.85938	18
1.85946	19
1.85954	5
1.85955	6
1.85955	7
1.85955	8
1.85955	9
1.85955	10
1.85957	5
1.85961	6
1.85961	7
1.85961	8
1.85961	9
1.85962	10
1.85962	11
1.85968	12
1.85974	13
1.85981	14
1.85987	15
1.85993	16
1.86	17
1.86008	18
1.86016	19
1.86024	5
1.86024	6
1.86024	7
1.86025	8
1.86025	9
1.86025	10
1.86026	5
1.86031	6
1.86031	7
1.86031	8
1.86031	9
1.86031	10
1.86032	11
1.86038	12
1.86044	13
1.8605	14
1.86057	15
1.86064	16
1.86071	17
1.86078	18
1.86086	19
1.86093	5
1.86094	6
1.86094	7
1.86094	8
1.86094	9
1.86095	10
1.86096	6
1.861	7
1.861	8
1.861	9
1.86101	10
1.86101	11
1.86107	12
1.86113	13
1.8612	14
1.86127	15
1.86134	16
1.86141	17
1.86148	18
1.86155	19
1.86163	5
1.86164	6
1.86164	7
1.86164	8
1.86164	9
1.86164	10
1.86166	6
1.8617	7
1.8617	8
1.8617	9
1.8617	10
1.86171	11
1.86177	12
1.86182	13
1.86189	14
1.86196	15
1.86203	16
1.86211	17
1.86218	18
1.86225	19
1.86233	5
1.86234	6
1.86234	7
1.86234	8
1.86234	9
1.86234	10
1.86236	6
1.8624	7
1.8624	8
1.8624	9
1.8624	10
1.86241	11
1.86246	12
1.86252	13
1.86258	14
1.86265	15
1.86273	16
1.8628	17
1.86289	18
1.86296	19
1.86303	5
1.86304	6
1.86304	7
1.86304	8
1.86304	9
1.86304	10
1.86306	6
1.8631	7
1.8631	8
1.8631	9
1.8631	10
1.86311	11
1.86316	12
1.86322	13
1.86328	14
1.86335	15
1.86342	16
1.8635	17
1.86358	18
1.86366	19
1.86374	5
1.86374	6
1.86374	7
1.86374	8
1.86374	9
1.86375	10
1.86376	6
1.8638	7
1.8638	8
1.8638	9
1.8638	10
1.86381	11
1.86386	12
1.86392	13
1.86398	14
1.86404	15
1.86411	16
1.86419	17
1.86427	18
1.86436	19
1.86444	5
1.86445	6
1.86445	7
1.86445	8
1.86445	9
1.86445	10
1.86447	5
1.8645	6
1.8645	7
1.8645	8
1.8645	9
1.8645	10
1.86451	11
1.86456	12
1.86462	13
1.86468	14
1.86474	15
1.86481	16
1.86489	17
1.86497	18
1.86505	19
1.86513	5
1.86514	6
1.86514	7
1.86514	8
1.86514	9
1.86514	10
1.86516	5
1.86521	6
1.86521	7
1.86521	8
1.86521	9
1.86521	10
1.86522	11
1.86527	12
1.86532	13
1.86538	14
1.86544	15
1.86551	16
1.86558	17
1.86566	18
1.86574	19
1.86582	5
1.86583	6
1.86583	7
1.86583	8
1.86584	9
1.86584	10
1.86585	5
1.8659	6
1.8659	7
1.8659	8
1.8659	9
1.8659	10
1.86591	11
1.86597	12
1.86602	13
1.86608	14
1.86614	15
1.86621	16
1.86628	17
1.86636	18
1.86644	19
1.86651	5
1.86652	6
1.86653	7
1.86653	8
1.86653	9
1.86653	10
1.86655	5
1.86659	6
1.86659	7
1.86659	8
1.86659	9
1.8666	10
1.8666	11
1.86666	12
1.86673	13
1.86678	14
1.86684	15
1.86691	16
1.86698	17
1.86705	18
1.86713	19
1.86721	5
1.86722	6
1.86722	7
1.86722	8
1.86722	9
1.86723	10
1.86724	5
1.86728	6
1.86729	7
1.86729	8
1.86729	9
1.86729	10
1.86729	11
1.86735	12
1.86742	13
1.86748	14
1.86754	15
1.86761	16
1.86768	17
1.86775	18
1.86783	19
1.86791	5
1.86792	6
1.86792	7
1.86792	8
1.86792	9
1.86792	10
1.86794	5
1.86798	6
1.86798	7
1.86798	8
1.86798	9
1.86798	10
1.86799	11
1.86805	12
1.86811	13
1.86818	14
1.86825	15
1.86831	16
1.86838	17
1.86845	18
1.86853	19
1.86861	5
1.86861	6
1.86861	7
1.86862	8
1.86862	9
1.86862	10
1.86863	6
1.86867	7
1.86868	8
1.86868	9
1.86868	10
1.86868	11
1.86874	12
1.8688	13
1.86887	14
1.86894	15
1.86901	16
1.86908	17
1.86915	18
1.86923	19
1.86931	5
1.86931	6
1.86931	7
1.86931	8
1.86932	9
1.86932	10
1.86933	6
1.86937	7
1.86937	8
1.86937	9
1.86938	10
1.86938	11
1.86944	12
1.8695	13
1.86956	14
1.86963	15
1.86971	16
1.86978	17
1.86985	18
1.86993	19
1.87001	5
1.87001	6
1.87001	7
1.87001	8
1.87002	9
1.87002	10
1.87003	6
1.87007	7
1.87007	8
1.87007	9
1.87007	10
1.87008	11
1.87014	12
1.87019	13
1.87026	14
1.87033	15
1.8704	16
1.87048	17
1.87056	18
1.87063	19
1.87071	5
1.87071	6
1.87071	7
1.87071	8
1.87072	9
1.87072	10
1.87073	6
1.87077	7
1.87077	8
1.87077	9
1.87077	10
1.87078	11
1.87083	12
1.87089	13
1.87095	14
1.87102	15
1.87109	16
1.87117	17
1.87125	18
1.87134	19
1.87141	5
1.87141	6
1.87142	7
1.87142	8
1.87142	9
1.87142	10
1.87143	6
1.87147	7
1.87147	8
1.87147	9
1.87147	10
1.87148	11
1.87153	12
1.87159	13
1.87165	14
1.87172	15
1.87179	16
1.87186	17
1.87194	18
1.87203	19
1.87211	5
1.87212	6
1.87212	7
1.87212	8
1.87212	9
1.87212	10
1.87214	5
1.87217	6
1.87217	7
1.87218	8
1.87218	9
1.87218	10
1.87218	11
1.87223	12
1.87229	13
1.87235	14
1.87241	15
1.87248	16
1.87256	17
1.87264	18
1.87272	19
1.8728	5
1.87281	6
1.87281	7
1.87281	8
1.87282	9
1.87282	10
1.87283	5
1.87288	6
1.87288	7
1.87288	8
1.87288	9
1.87288	10
1.87289	11
1.87294	12
1.87299	13
1.87305	14
1.87311	15
1.87318	16
1.87325	17
1.87333	18
1.87341	19
1.87349	5
1.8735	6
1.87351	7
1.87351	8
1.87351	9
1.87351	10
1.87353	5
1.87357	6
1.87357	7
1.87357	8
1.87357	9
1.87358	10
1.87358	11
1.87364	12
1.87369	13
1.87375	14
1.87381	15
1.87388	16
1.87395	17
1.87403	18
1.87411	19
1.87419	5
1.8742	6
1.8742	7
1.8742	8
1.8742	9
1.8742	10
1.87422	5
1.87426	6
1.87426	7
1.87427	8
1.87427	9
1.87427	10
1.87427	11
1.87434	12
1.8744	13
1.87445	14
1.87451	15
1.87458	16
1.87465	17
1.87473	18
1.87481	19
1.87488	5
1.87489	6
1.87489	7
1.8749	8
1.8749	9
1.8749	10
1.87491	5
1.87496	6
1.87496	7
1.87496	8
1.87496	9
1.87496	10
1.87497	11
1.87503	12
1.87509	13
1.87516	14
1.87522	15
1.87528	16
1.87535	17
1.87542	18
1.8755	19
1.87558	5
1.87559	6
1.87559	7
1.87559	8
1.87559	9
1.87559	10
1.87561	5
1.87565	6
1.87565	7
1.87565	8
1.87566	9
1.87566	10
1.87566	11
1.87572	12
1.87578	13
1.87585	14
1.87592	15
1.87598	16
1.87605	17
1.87612	18
1.8762	19
1.87628	5
1.87629	6
1.87629	7
1.87629	8
1.87629	9
1.87629	10
1.87631	6
1.87635	7
1.87635	8
1.87635	9
1.87635	10
1.87636	11
1.87641	12
1.87647	13
1.87654	14
1.87661	15
1.87669	16
1.87675	17
1.87682	18
1.8769	19
1.87698	5
1.87698	6
1.87699	7
1.87699	8
1.87699	9
1.87699	10
1.87701	6
1.87704	7
1.87705	8
1.87705	9
1.87705	10
1.87705	11
1.87711	12
1.87717	13
1.87723	14
1.8773	15
1.87738	16
1.87746	17
1.87753	18
1.8776	19
1.87768	5
1.87768	6
1.87768	7
1.87769	8
1.87769	9
1.87769	10
1.8777	6
1.87774	7
1.87774	8
1.87775	9
1.87775	10
1.87775	11
1.87781	12
1.87787	13
1.87793	14
1.878	15
1.87807	16
1.87815	17
1.87823	18
1.8783	19
1.87838	5
1.87838	6
1.87838	7
1.87839	8
1.87839	9
1.87839	10
1.87841	6
1.87844	7
1.87844	8
1.87845	9
1.87845	10
1.87845	11
1.87851	12
1.87856	13
1.87863	14
1.87869	15
1.87876	16
1.87884	17
1.87892	18
1.87901	19
1.87908	5
1.87909	6
1.87909	7
1.87909	8
1.87909	9
1.87909	10
1.87911	6
1.87914	7
1.87914	8
1.87915	9
1.87915	10
1.87915	11
1.87921	12
1.87926	13
1.87932	14
1.87939	15
1.87946	16
1.87954	17
1.87962	18
1.8797	19
1.87979	5
1.87979	6
1.87979	7
1.87979	8
1.87979	9
1.8798	10
1.87981	5
1.87985	6
1.87985	7
1.87985	8
1.87985	9
1.87985	10
1.87985	11
1.87991	12
1.87996	13
1.88002	14
1.88009	15
1.88016	16
1.88023	17
1.88031	18
1.8804	19
1.88048	5
1.88049	6
1.88049	7
1.88049	8
1.88049	9
1.88049	10
1.88051	5
1.88055	6
1.88055	7
1.88055	8
1.88055	9
1.88056	10
1.88056	11
1.88061	12
1.88066	13
1.88072	14
1.88079	15
1.88085	16
1.88093	17
1.88101	18
1.88109	19
1.88117	5
1.88118	6
1.88118	7
1.88118	8
1.88118	9
1.88118	10
1.8812	5
1.88124	6
1.88124	7
1.88125	8
1.88125	9
1.88125	10
1.88125	11
1.88132	12
1.88137	13
1.88142	14
1.88149	15
1.88155	16
1.88162	17
1.8817	18
1.88178	19
1.88186	5
1.88187	6
1.88187	7
1.88187	8
1.88187	9
1.88188	10
1.88189	5
1.88194	6
1.88194	7
1.88194	8
1.88194	9
1.88194	10
1.88195	11
1.88201	12
1.88207	13
1.88212	14
1.88219	15
1.88225	16
1.88232	17
1.8824	18
1.88248	19
1.88256	5
1.88256	6
1.88257	7
1.88257	8
1.88257	9
1.88257	10
1.88259	5
1.88263	6
1.88263	7
1.88263	8
1.88263	9
1.88263	10
1.88264	11
1.8827	12
1.88276	13
1.88283	14
1.88289	15
1.88295	16
1.88302	17
1.8831	18
1.88318	19
1.88325	5
1.88326	6
1.88326	7
1.88326	8
1.88327	9
1.88327	10
1.88328	5
1.88332	6
1.88333	7
1.88333	8
1.88333	9
1.88333	10
1.88333	11
1.88339	12
1.88346	13
1.88352	14
1.88359	15
1.88365	16
1.88372	17
1.8838	18
1.88387	19
1.88395	5
1.88396	6
1.88396	7
1.88396	8
1.88396	9
1.88396	10
1.88398	6
1.88402	7
1.88402	8
1.88402	9
1.88402	10
1.88403	11
1.88409	12
1.88415	13
1.88421	14
1.88428	15
1.88436	16
1.88443	17
1.8845	18
1.88457	19
1.88465	5
1.88466	6
1.88466	7
1.88466	8
1.88466	9
1.88466	10
1.88468	6
1.88472	7
1.88472	8
1.88472	9
1.88472	10
1.88473	11
1.88478	12
1.88484	13
1.88491	14
1.88498	15
1.88505	16
1.88513	17
1.8852	18
1.88527	19
1.88535	5
1.88535	6
1.88536	7
1.88536	8
1.88536	9
1.88536	10
1.88538	6
1.88542	7
1.88542	8
1.88542	9
1.88542	10
1.88543	11
1.88548	12
1.88554	13
1.8856	14
1.88567	15
1.88574	16
1.88582	17
1.8859	18
1.88598	19
1.88605	5
1.88606	6
1.88606	7
1.88606	8
1.88606	9
1.88606	10
1.88608	6
1.88612	7
1.88612	8
1.88612	9
1.88612	10
1.88613	11
1.88618	12
1.88624	13
1.8863	14
1.88637	15
1.88644	16
1.88651	17
1.8866	18
1.88668	19
1.88676	5
1.88676	6
1.88676	7
1.88676	8
1.88676	9
1.88676	10
1.88678	6
1.88682	7
1.88682	8
1.88682	9
1.88682	10
1.88683	11
1.88688	12
1.88693	13
1.887	14
1.88706	15
1.88713	16
1.88721	17
1.88729	18
1.88737	19
1.88746	5
1.88746	6
1.88747	7
1.88747	8
1.88747	9
1.88747	10
1.88748	5
1.88752	6
1.88752	7
1.88752	8
1.88752	9
1.88752	10
1.88753	11
1.88758	12
1.88764	13
1.8877	14
1.88776	15
1.88783	16
1.8879	17
1.88798	18
1.88807	19
1.88815	5
1.88816	6
1.88816	7
1.88816	8
1.88816	9
1.88816	10
1.88818	5
1.88822	6
1.88823	7
1.88823	8
1.88823	9
1.88823	10
1.88823	11
1.88828	12
1.88834	13
1.88839	14
1.88846	15
1.88853	16
1.8886	17
1.88868	18
1.88876	19
1.88884	5
1.88885	6
1.88885	7
1.88885	8
1.88885	9
1.88886	10
1.88887	5
1.88892	6
1.88892	7
1.88892	8
1.88892	9
1.88892	10
1.88893	11
1.88899	12
1.88904	13
1.8891	14
1.88916	15
1.88923	16
1.8893	17
1.88937	18
1.88945	19
1.88953	5
1.88954	6
1.88955	7
1.88955	8
1.88955	9
1.88955	10
1.88956	5
1.88961	6
1.88961	7
1.88961	8
1.88961	9
1.88961	10
1.88962	11
1.88968	12
1.88974	13
1.8898	14
1.88986	15
1.88992	16
1.89	17
1.89007	18
1.89015	19
1.89023	5
1.89024	6
1.89024	7
1.89024	8
1.89024	9
1.89024	10
1.89026	5
1.8903	6
1.8903	7
1.8903	8
1.89031	9
1.89031	10
1.89031	11
1.89037	12
1.89044	13
1.8905	14
1.89056	15
1.89063	16
1.8907	17
1.89077	18
1.89085	19
1.89093	5
1.89093	6
1.89094	7
1.89094	8
1.89094	9
1.89094	10
1.89096	5
1.891	6
1.891	7
1.891	8
1.891	9
1.891	10
1.89101	11
1.89107	12
1.89113	13
1.89119	14
1.89127	15
1.89133	16
1.8914	17
1.89147	18
1.89155	19
1.89162	5
1.89163	6
1.89163	7
1.89163	8
1.89164	9
1.89164	10
1.89165	6
1.89169	7
1.89169	8
1.8917	9
1.8917	10
1.8917	11
1.89176	12
1.89182	13
1.89189	14
1.89196	15
1.89203	16
1.8921	17
1.89217	18
1.89225	19
1.89232	5
1.89233	6
1.89233	7
1.89233	8
1.89233	9
1.89233	10
1.89235	6
1.89239	7
1.89239	8
1.89239	9
1.89239	10
1.8924	11
1.89246	12
1.89252	13
1.89258	14
1.89265	15
1.89272	16
1.8928	17
1.89287	18
1.89295	19
1.89302	5
1.89303	6
1.89303	7
1.89303	8
1.89303	9
1.89303	10
1.89305	6
1.89309	7
1.89309	8
1.89309	9
1.89309	10
1.8931	11
1.89315	12
1.89321	13
1.89327	14
1.89334	15
1.89342	16
1.89349	17
1.89358	18
1.89365	19
1.89372	5
1.89373	6
1.89373	7
1.89373	8
1.89373	9
1.89374	10
1.89375	6
1.89379	7
1.89379	8
1.89379	9
1.89379	10
1.8938	11
1.89385	12
1.89391	13
1.89397	14
1.89404	15
1.89411	16
1.89419	17
1.89427	18
1.89435	19
1.89443	5
1.89443	6
1.89443	7
1.89443	8
1.89444	9
1.89444	10
1.89445	6
1.89449	7
1.89449	8
1.89449	9
1.89449	10
1.8945	11
1.89455	12
1.89461	13
1.89467	14
1.89473	15
1.89481	16
1.89488	17
1.89496	18
1.89505	19
1.89513	5
1.89514	6
1.89514	7
1.89514	8
1.89514	9
1.89514	10
1.89516	5
1.89519	6
1.89519	7
1.89519	8
1.89519	9
1.8952	10
1.8952	11
1.89525	12
1.89531	13
1.89537	14
1.89543	15
1.8955	16
1.89558	17
1.89566	18
1.89574	19
1.89582	5
1.89583	6
1.89583	7
1.89583	8
1.89583	9
1.89584	10
1.89585	5
1.8959	6
1.8959	7
1.8959	8
1.8959	9
1.8959	10
1.89591	11
1.89596	12
1.89601	13
1.89607	14
1.89613	15
1.8962	16
1.89627	17
1.89635	18
1.89643	19
1.89651	5
1.89652	6
1.89652	7
1.89653	8
1.89653	9
1.89653	10
1.89654	5
1.89659	6
1.89659	7
1.89659	8
1.89659	9
1.89659	10
1.8966	11
1.89666	12
1.89671	13
1.89677	14
1.89683	15
1.8969	16
1.89697	17
1.89705	18
1.89713	19
1.89721	5
1.89722	6
1.89722	7
1.89722	8
1.89722	9
1.89722	10
1.89724	5
1.89728	6
1.89728	7
1.89728	8
1.89729	9
1.89729	10
1.89729	11
1.89735	12
1.89742	13
1.89747	14
1.89753	15
1.8976	16
1.89767	17
1.89774	18
1.89782	19
1.8979	5
1.89791	6
1.89791	7
1.89791	8
1.89792	9
1.89792	10
1.89793	5
1.89798	6
1.89798	7
1.89798	8
1.89798	9
1.89798	10
1.89798	11
1.89805	12
1.89811	13
1.89817	14
1.89823	15
1.8983	16
1.89837	17
1.89844	18
1.89852	19
1.8986	5
1.89861	6
1.89861	7
1.89861	8
1.89861	9
1.89861	10
1.89863	5
1.89867	6
1.89867	7
1.89867	8
1.89867	9
1.89867	10
1.89868	11
1.89874	12
1.8988	13
1.89887	14
1.89894	15
1.899	16
1.89907	17
1.89914	18
1.89922	19
1.8993	5
1.8993	6
1.89931	7
1.89931	8
1.89931	9
1.89931	10
1.89932	6
1.89937	7
1.89937	8
1.89937	9
1.89937	10
1.89938	11
1.89943	12
1.89949	13
1.89956	14
1.89963	15
1.8997	16
1.89977	17
1.89984	18
1.89992	19
1.9	5
1.9	6
1.9	7
1.90001	8
1.90001	9
1.90001	10
1.90002	6
1.90006	7
1.90006	8
1.90007	9
1.90007	10
1.90007	11
1.90013	12
1.90019	13
1.90025	14
1.90032	15
1.9004	16
1.90048	17
1.90055	18
1.90062	19
1.9007	5
1.9007	6
1.9007	7
1.9007	8
1.90071	9
1.90071	10
1.90072	6
1.90076	7
1.90076	8
1.90076	9
1.90076	10
1.90077	11
1.90083	12
1.90088	13
1.90095	14
1.90102	15
1.90109	16
1.90117	17
1.90125	18
1.90132	19
1.9014	5
1.9014	6
1.9014	7
1.90141	8
1.90141	9
1.90141	10
1.90142	6
1.90146	7
1.90146	8
1.90146	9
1.90146	10
1.90147	11
1.90152	12
1.90158	13
1.90164	14
1.90171	15
1.90178	16
1.90186	17
1.90194	18
1.90203	19
1.9021	5
1.90211	6
1.90211	7
1.90211	8
1.90211	9
1.90211	10
1.90213	6
1.90216	7
1.90216	8
1.90216	9
1.90217	10
1.90217	11
1.90222	12
1.90228	13
1.90234	14
1.90241	15
1.90248	16
1.90255	17
1.90263	18
1.90272	19
1.9028	5
1.90281	6
1.90281	7
1.90281	8
1.90281	9
1.90281	10
1.90283	5
1.90286	6
1.90286	7
1.90287	8
1.90287	9
1.90287	10
1.90287	11
1.90293	12
1.90298	13
1.90304	14
1.90311	15
1.90318	16
1.90325	17
1.90333	18
1.90341	19
1.90349	5
1.9035	6
1.9035	7
1.90351	8
1.90351	9
1.90351	10
1.90352	5
1.90357	6
1.90357	7
1.90357	8
1.90357	9
1.90357	10
1.90358	11
1.90363	12
1.90368	13
1.90374	14
1.9038	15
1.90387	16
1.90395	17
1.90402	18
1.90411	19
1.90418	5
1.90419	6
1.9042	7
1.9042	8
1.9042	9
1.9042	10
1.90422	5
1.90426	6
1.90426	7
1.90426	8
1.90427	9
1.90427	10
1.90427	11
1.90433	12
1.90438	13
1.90444	14
1.9045	15
1.90457	16
1.90464	17
1.90472	18
1.9048	19
1.90488	5
1.90489	6
1.90489	7
1.90489	8
1.90489	9
1.90489	10
1.90491	5
1.90495	6
1.90496	7
1.90496	8
1.90496	9
1.90496	10
1.90496	11
1.90503	12
1.90509	13
1.90514	14
1.9052	15
1.90527	16
1.90534	17
1.90542	18
1.9055	19
1.90557	5
1.90558	6
1.90559	7
1.90559	8
1.90559	9
1.90559	10
1.9056	5
1.90565	6
1.90565	7
1.90565	8
1.90565	9
1.90565	10
1.90566	11
1.90572	12
1.90578	13
1.90585	14
1.90591	15
1.90597	16
1.90604	17
1.90612	18
1.90619	19
1.90627	5
1.90628	6
1.90628	7
1.90628	8
1.90628	9
1.90628	10
1.9063	5
1.90634	6
1.90634	7
1.90635	8
1.90635	9
1.90635	10
1.90635	11
1.90641	12
1.90647	13
1.90654	14
1.90661	15
1.90667	16
1.90674	17
1.90682	18
1.90689	19
1.90697	5
1.90698	6
1.90698	7
1.90698	8
1.90698	9
1.90698	10
1.907	6
1.90704	7
1.90704	8
1.90704	9
1.90704	10
1.90705	11
1.90711	12
1.90717	13
1.90723	14
1.9073	15
1.90738	16
1.90744	17
1.90752	18
1.90759	19
1.90767	5
1.90767	6
1.90768	7
1.90768	8
1.90768	9
1.90768	10
1.9077	6
1.90774	7
1.90774	8
1.90774	9
1.90774	10
1.90775	11
1.9078	12
1.90786	13
1.90793	14
1.908	15
1.90807	16
1.90815	17
1.90822	18
1.90829	19
1.90837	5
1.90837	6
1.90837	7
1.90838	8
1.90838	9
1.90838	10
1.9084	6
1.90843	7
1.90844	8
1.90844	9
1.90844	10
1.90844	11
1.9085	12
1.90856	13
1.90862	14
1.90869	15
1.90876	16
1.90884	17
1.90892	18
1.909	19
1.90907	5
1.90907	6
1.90908	7
1.90908	8
1.90908	9
1.90908	10
1.9091	6
1.90913	7
1.90913	8
1.90914	9
1.90914	10
1.90914	11
1.9092	12
1.90925	13
1.90932	14
1.90938	15
1.90946	16
1.90953	17
1.90961	18
1.9097	19
1.90977	5
1.90978	6
1.90978	7
1.90978	8
1.90978	9
1.90978	10
1.9098	6
1.90983	7
1.90984	8
1.90984	9
1.90984	10
1.90984	11
1.9099	12
1.90995	13
1.91001	14
1.91008	15
1.91015	16
1.91023	17
1.91031	18
1.91039	19
1.91048	5
1.91048	6
1.91048	7
1.91048	8
1.91049	9
1.91049	10
1.9105	5
1.91054	6
1.91054	7
1.91054	8
1.91054	9
1.91054	10
1.91055	11
1.9106	12
1.91065	13
1.91071	14
1.91078	15
1.91085	16
1.91092	17
1.911	18
1.91109	19
1.91117	5
1.91118	6
1.91118	7
1.91118	8
1.91118	9
1.91118	10
1.9112	5
1.91124	6
1.91124	7
1.91124	8
1.91125	9
1.91125	10
1.91125	11
1.9113	12
1.91136	13
1.91141	14
1.91148	15
1.91155	16
1.91162	17
1.9117	18
1.91178	19
1.91186	5
1.91187	6
1.91187	7
1.91187	8
1.91187	9
1.91187	10
1.91189	5
1.91193	6
1.91194	7
1.91194	8
1.91194	9
1.91194	10
1.91194	11
1.91201	12
1.91206	13
1.91211	14
1.91218	15
1.91224	16
1.91232	17
1.91239	18
1.91247	19
1.91255	5
1.91256	6
1.91256	7
1.91256	8
1.91257	9
1.91257	10
1.91258	5
1.91263	6
1.91263	7
1.91263	8
1.91263	9
1.91263	10
1.91264	11
1.9127	12
1.91276	13
1.91282	14
1.91288	15
1.91294	16
1.91301	17
1.91309	18
1.91317	19
1.91325	5
1.91326	6
1.91326	7
1.91326	8
1.91326	9
1.91326	10
1.91328	5
1.91332	6
1.91332	7
1.91332	8
1.91332	9
1.91333	10
1.91333	11
1.91339	12
1.91345	13
1.91352	14
1.91358	15
1.91364	16
1.91371	17
1.91379	18
1.91387	19
1.91394	5
1.91395	6
1.91395	7
1.91396	8
1.91396	9
1.91396	10
1.91397	5
1.91402	6
1.91402	7
1.91402	8
1.91402	9
1.91402	10
1.91403	11
1.91409	12
1.91415	13
1.91421	14
1.91428	15
1.91435	16
1.91441	17
1.91449	18
1.91456	19
1.91464	5
1.91465	6
1.91465	7
1.91465	8
1.91465	9
1.91465	10
1.91467	6
1.91471	7
1.91471	8
1.91471	9
1.91472	10
1.91472	11
1.91478	12
1.91484	13
1.9149	14
1.91498	15
1.91505	16
1.91512	17
1.91519	18
1.91526	19
1.91534	5
1.91535	6
1.91535	7
1.91535	8
1.91535	9
1.91535	10
1.91537	6
1.91541	7
1.91541	8
1.91541	9
1.91541	10
1.91542	11
1.91547	12
1.91553	13
1.9156	14
1.91567	15
1.91574	16
1.91582	17
1.91589	18
1.91596	19
1.91604	5
1.91604	6
1.91605	7
1.91605	8
1.91605	9
1.91605	10
1.91607	6
1.91611	7
1.91611	8
1.91611	9
1.91611	10
1.91612	11
1.91617	12
1.91623	13
1.91629	14
1.91636	15
1.91644	16
1.91651	17
1.91659	18
1.91667	19
1.91674	5
1.91675	6
1.91675	7
1.91675	8
1.91675	9
1.91675	10
1.91677	6
1.91681	7
1.91681	8
1.91681	9
1.91681	10
1.91682	11
1.91687	12
1.91693	13
1.91699	14
1.91706	15
1.91713	16
1.91721	17
1.91729	18
1.91737	19
1.91745	5
1.91745	6
1.91745	7
1.91745	8
1.91745	9
1.91746	10
1.91747	6
1.91751	7
1.91751	8
1.91751	9
1.91751	10
1.91752	11
1.91757	12
1.91763	13
1.91769	14
1.91775	15
1.91782	16
1.9179	17
1.91798	18
1.91806	19
1.91815	5
1.91816	6
1.91816	7
1.91816	8
1.91816	9
1.91816	10
1.91818	5
1.91821	6
1.91821	7
1.91821	8
1.91821	9
1.91821	10
1.91822	11
1.91827	12
1.91833	13
1.91839	14
1.91845	15
1.91852	16
1.9186	17
1.91867	18
1.91876	19
1.91884	5
1.91885	6
1.91885	7
1.91885	8
1.91885	9
1.91885	10
1.91887	5
1.91892	6
1.91892	7
1.91892	8
1.91892	9
1.91892	10
1.91892	11
1.91898	12
1.91903	13
1.91909	14
1.91915	15
1.91922	16
1.91929	17
1.91937	18
1.91945	19
1.91953	5
1.91954	6
1.91954	7
1.91954	8
1.91955	9
1.91955	10
1.91956	5
1.91961	6
1.91961	7
1.91961	8
1.91961	9
1.91961	10
1.91962	11
1.91968	12
1.91973	13
1.91979	14
1.91985	15
1.91992	16
1.91999	17
1.92007	18
1.92015	19
1.92022	5
1.92023	6
1.92024	7
1.92024	8
1.92024	9
1.92024	10
1.92026	5
1.9203	6
1.9203	7
1.9203	8
1.9203	9
1.9203	10
1.92031	11
1.92037	12
1.92043	13
1.92049	14
1.92055	15
1.92062	16
1.92069	17
1.92076	18
1.92084	19
1.92092	5
1.92093	6
1.92093	7
1.92093	8
1.92093	9
1.92093	10
1.92095	5
1.92099	6
1.92099	7
1.921	8
1.921	9
1.921	10
1.921	11
1.92106	12
1.92113	13
1.92119	14
1.92125	15
1.92132	16
1.92139	17
1.92146	18
1.92154	19
1.92162	5
1.92162	6
1.92163	7
1.92163	8
1.92163	9
1.92163	10
1.92165	5
1.92169	6
1.92169	7
1.92169	8
1.92169	9
1.92169	10
1.9217	11
1.92176	12
1.92182	13
1.92189	14
1.92196	15
1.92202	16
1.92209	17
1.92216	18
1.92224	19
1.92232	5
1.92232	6
1.92232	7
1.92233	8
1.92233	9
1.92233	10
1.92234	6
1.92238	7
1.92239	8
1.92239	9
1.92239	10
1.92239	11
1.92245	12
1.92251	13
1.92258	14
1.92265	15
1.92272	16
1.92279	17
1.92286	18
1.92294	19
1.92302	5
1.92302	6
1.92302	7
1.92302	8
1.92302	9
1.92303	10
1.92304	6
1.92308	7
1.92308	8
1.92308	9
1.92308	10
1.92309	11
1.92315	12
1.92321	13
1.92327	14
1.92334	15
1.92342	16
1.92349	17
1.92356	18
1.92364	19
1.92371	5
1.92372	6
1.92372	7
1.92372	8
1.92372	9
1.92373	10
1.92374	6
1.92378	7
1.92378	8
1.92378	9
1.92378	10
1.92379	11
1.92384	12
1.9239	13
1.92397	14
1.92403	15
1.92411	16
1.92419	17
1.92427	18
1.92434	19
1.92442	5
1.92442	6
1.92442	7
1.92442	8
1.92443	9
1.92443	10
1.92444	6
1.92448	7
1.92448	8
1.92448	9
1.92448	10
1.92449	11
1.92454	12
1.9246	13
1.92466	14
1.92473	15
1.9248	16
1.92488	17
1.92496	18
1.92505	19
1.92512	5
1.92512	6
1.92512	7
1.92513	8
1.92513	9
1.92513	10
1.92514	6
1.92518	7
1.92518	8
1.92518	9
1.92518	10
1.92519	11
1.92524	12
1.9253	13
1.92536	14
1.92543	15
1.9255	16
1.92557	17
1.92565	18
1.92574	19
1.92582	5
1.92583	6
1.92583	7
1.92583	8
1.92583	9
1.92583	10
1.92585	5
1.92588	6
1.92588	7
1.92588	8
1.92589	9
1.92589	10
1.92589	11
1.92594	12
1.926	13
1.92606	14
1.92612	15
1.92619	16
1.92627	17
1.92635	18
1.92643	19
1.92651	5
1.92652	6
1.92652	7
1.92652	8
1.92653	9
1.92653	10
1.92654	5
1.92659	6
1.92659	7
1.92659	8
1.92659	9
1.92659	10
1.9266	11
1.92665	12
1.9267	13
1.92676	14
1.92682	15
1.92689	16
1.92696	17
1.92704	18
1.92712	19
1.9272	5
1.92721	6
1.92722	7
1.92722	8
1.92722	9
1.92722	10
1.92723	5
1.92728	6
1.92728	7
1.92728	8
1.92728	9
1.92729	10
1.92729	11
1.92735	12
1.9274	13
1.92746	14
1.92752	15
1.92759	16
1.92766	17
1.92774	18
1.92782	19
1.9279	5
1.92791	6
1.92791	7
1.92791	8
1.92791	9
1.92791	10
1.92793	5
1.92797	6
1.92797	7
1.92798	8
1.92798	9
1.92798	10
1.92798	11
1.92804	12
1.92811	13
1.92816	14
1.92822	15
1.92829	16
1.92836	17
1.92844	18
1.92851	19
1.92859	5
1.9286	6
1.9286	7
1.9286	8
1.92861	9
1.92861	10
1.92862	5
1.92867	6
1.92867	7
1.92867	8
1.92867	9
1.92867	10
1.92868	11
1.92874	12
1.9288	13
1.92887	14
1.92892	15
1.92899	16
1.92906	17
1.92913	18
1.92921	19
1.92929	5
1.9293	6
1.9293	7
1.9293	8
1.9293	9
1.9293	10
1.92932	5
1.92936	6
1.92936	7
1.92936	8
1.92936	9
1.92937	10
1.92937	11
1.92943	12
1.92949	13
1.92956	14
1.92963	15
1.92969	16
1.92976	17
1.92983	18
1.92991	19
1.92999	5
1.92999	6
1.93	7
1.93	8
1.93	9
1.93	10
1.93002	6
1.93006	7
1.93006	8
1.93006	9
1.93006	10
1.93007	11
1.93012	12
1.93018	13
1.93025	14
1.93032	15
1.9304	16
1.93046	17
1.93053	18
1.93061	19
1.93069	5
1.93069	6
1.9307	7
1.9307	8
1.9307	9
1.9307	10
1.93071	6
1.93075	7
1.93076	8
1.93076	9
1.93076	10
1.93076	11
1.93082	12
1.93088	13
1.93094	14
1.93101	15
1.93109	16
1.93117	17
1.93124	18
1.93131	19
1.93139	5
1.93139	6
1.93139	7
1.93139	8
1.9314	9
1.9314	10
1.93141	6
1.93145	7
1.93145	8
1.93145	9
1.93146	10
1.93146	11
1.93152	12
1.93158	13
1.93164	14
1.93171	15
1.93178	16
1.93186	17
1.93194	18
1.93201	19
1.93209	5
1.93209	6
1.93209	7
1.9321	8
1.9321	9
1.9321	10
1.93211	6
1.93215	7
1.93215	8
1.93215	9
1.93216	10
1.93216	11
1.93222	12
1.93227	13
1.93233	14
1.9324	15
1.93247	16
1.93255	17
1.93263	18
1.93272	19
1.93279	5
1.9328	6
1.9328	7
1.9328	8
1.9328	9
1.9328	10
1.93282	6
1.93285	7
1.93285	8
1.93286	9
1.93286	10
1.93286	11
1.93292	12
1.93297	13
1.93303	14
1.9331	15
1.93317	16
1.93324	17
1.93333	18
1.93341	19
1.9335	5
1.9335	6
1.9335	7
1.9335	8
1.9335	9
1.93351	10
1.93352	5
1.93355	6
1.93356	7
1.93356	8
1.93356	9
1.93356	10
1.93356	11
1.93362	12
1.93367	13
1.93373	14
1.9338	15
1.93387	16
1.93394	17
1.93402	18
1.9341	19
1.93419	5
1.93419	6
1.9342	7
1.9342	8
1.9342	9
1.9342	10
1.93422	5
1.93426	6
1.93426	7
1.93426	8
1.93426	9
1.93427	10
1.93427	11
1.93432	12
1.93437	13
1.93443	14
1.9345	15
1.93456	16
1.93464	17
1.93472	18
1.9348	19
1.93487	5
1.93489	6
1.93489	7
1.93489	8
1.93489	9
1.93489	10
1.93491	5
1.93495	6
1.93495	7
1.93496	8
1.93496	9
1.93496	10
1.93496	11
1.93503	12
1.93508	13
1.93513	14
1.93519	15
1.93526	16
1.93533	17
1.93541	18
1.93549	19
1.93557	5
1.93558	6
1.93558	7
1.93558	8
1.93558	9
1.93559	10
1.9356	5
1.93565	6
1.93565	7
1.93565	8
1.93565	9
1.93565	10
1.93566	11
1.93572	12
1.93578	13
1.93583	14
1.9359	15
1.93596	16
1.93603	17
1.93611	18
1.93619	19
1.93627	5
1.93627	6
1.93628	7
1.93628	8
1.93628	9
1.93628	10
1.9363	5
1.93634	6
1.93634	7
1.93634	8
1.93634	9
1.93634	10
1.93635	11
1.93641	12
1.93647	13
1.93654	14
1.9366	15
1.93666	16
1.93673	17
1.93681	18
1.93688	19
1.93696	5
1.93697	6
1.93697	7
1.93697	8
1.93697	9
1.93698	10
1.93699	5
1.93703	6
1.93703	7
1.93704	8
1.93704	9
1.93704	10
1.93704	11
1.9371	12
1.93716	13
1.93723	14
1.9373	15
1.93736	16
1.93743	17
1.93751	18
1.93758	19
1.93766	5
1.93767	6
1.93767	7
1.93767	8
1.93767	9
1.93767	10
1.93769	6
1.93773	7
1.93773	8
1.93773	9
1.93773	10
1.93774	11
1.9378	12
1.93786	13
1.93792	14
1.93799	15
1.93807	16
1.93813	17
1.93821	18
1.93828	19
1.93836	5
1.93837	6
1.93837	7
1.93837	8
1.93837	9
1.93837	10
1.93839	6
1.93843	7
1.93843	8
1.93843	9
1.93843	10
1.93844	11
1.93849	12
1.93855	13
1.93862	14
1.93869	15
1.93876	16
1.93884	17
1.93891	18
1.93898	19
1.93906	5
1.93906	6
1.93907	7
1.93907	8
1.93907	9
1.93907	10
1.93909	6
1.93913	7
1.93913	8
1.93913	9
1.93913	10
1.93913	11
1.93919	12
1.93925	13
1.93931	14
1.93938	15
1.93945	16
1.93953	17
1.93961	18
1.93969	19
1.93976	5
1.93976	6
1.93977	7
1.93977	8
1.93977	9
1.93977	10
1.93979	6
1.93982	7
1.93983	8
1.93983	9
1.93983	10
1.93983	11
1.93989	12
1.93994	13
1.94001	14
1.94007	15
1.94015	16
1.94022	17
1.94031	18
1.94039	19
1.94047	5
1.94047	6
1.94047	7
1.94047	8
1.94047	9
1.94047	10
1.94049	6
1.94053	7
1.94053	8
1.94053	9
1.94053	10
1.94054	11
1.94059	12
1.94064	13
1.9407	14
1.94077	15
1.94084	16
1.94092	17
1.941	18
1.94108	19
1.94117	5
1.94117	6
1.94117	7
1.94118	8
1.94118	9
1.94118	10
1.94119	5
1.94123	6
1.94123	7
1.94123	8
1.94123	9
1.94123	10
1.94124	11
1.94129	12
1.94134	13
1.9414	14
1.94147	15
1.94154	16
1.94161	17
1.94169	18
1.94178	19
1.94186	5
1.94187	6
1.94187	7
1.94187	8
1.94187	9
1.94187	10
1.94189	5
1.94193	6
1.94193	7
1.94194	8
1.94194	9
1.94194	10
1.94194	11
1.94199	12
1.94205	13
1.9421	14
1.94217	15
1.94224	16
1.94231	17
1.94239	18
1.94247	19
1.94255	5
1.94256	6
1.94256	7
1.94256	8
1.94256	9
1.94256	10
1.94258	5
1.94263	6
1.94263	7
1.94263	8
1.94263	9
1.94263	10
1.94264	11
1.9427	12
1.94275	13
1.9428	14
1.94287	15
1.94293	16
1.94301	17
1.94308	18
1.94316	19
1.94324	5
1.94325	6
1.94325	7
1.94326	8
1.94326	9
1.94326	10
1.94327	5
1.94332	6
1.94332	7
1.94332	8
1.94332	9
1.94332	10
1.94333	11
1.94339	12
1.94345	13
1.94351	14
1.94357	15
1.94363	16
1.94371	17
1.94378	18
1.94386	19
1.94394	5
1.94395	6
1.94395	7
1.94395	8
1.94395	9
1.94395	10
1.94397	5
1.94401	6
1.94401	7
1.94401	8
1.94402	9
1.94402	10
1.94402	11
1.94408	12
1.94415	13
1.94421	14
1.94427	15
1.94434	16
1.9444	17
1.94448	18
1.94456	19
1.94464	5
1.94464	6
1.94465	7
1.94465	8
1.94465	9
1.94465	10
1.94466	5
1.94471	6
1.94471	7
1.94471	8
1.94471	9
1.94471	10
1.94472	11
1.94478	12
1.94484	13
1.9449	14
1.94497	15
1.94504	16
1.94511	17
1.94518	18
1.94526	19
1.94533	5
1.94534	6
1.94534	7
1.94534	8
1.94534	9
1.94535	10
1.94536	6
1.9454	7
1.9454	8
1.9454	9
1.94541	10
1.94541	11
1.94547	12
1.94553	13
1.9456	14
1.94567	15
1.94574	16
1.94581	17
1.94588	18
1.94596	19
1.94603	5
1.94604	6
1.94604	7
1.94604	8
1.94604	9
1.94604	10
1.94606	6
1.9461	7
1.9461	8
1.9461	9
1.9461	10
1.94611	11
1.94617	12
1.94622	13
1.94629	14
1.94636	15
1.94643	16
1.94651	17
1.94658	18
1.94665	19
1.94673	5
1.94674	6
1.94674	7
1.94674	8
1.94674	9
1.94674	10
1.94676	6
1.9468	7
1.9468	8
1.9468	9
1.9468	10
1.94681	11
1.94686	12
1.94692	13
1.94698	14
1.94705	15
1.94713	16
1.9472	17
1.94729	18
1.94736	19
1.94743	5
1.94744	6
1.94744	7
1.94744	8
1.94744	9
1.94744	10
1.94746	6
1.9475	7
1.9475	8
1.9475	9
1.9475	10
1.94751	11
1.94756	12
1.94762	13
1.94768	14
1.94775	15
1.94782	16
1.9479	17
1.94798	18
1.94806	19
1.94814	5
1.94814	6
1.94814	7
1.94814	8
1.94815	9
1.94815	10
1.94816	6
1.9482	7
1.9482	8
1.9482	9
1.9482	10
1.94821	11
1.94826	12
1.94832	13
1.94838	14
1.94844	15
1.94851	16
1.94859	17
1.94867	18
1.94876	19
1.94884	5
1.94885	6
1.94885	7
1.94885	8
1.94885	9
1.94885	10
1.94887	5
1.9489	6
1.9489	7
1.9489	8
1.9489	9
1.94891	10
1.94891	11
1.94896	12
1.94902	13
1.94908	14
1.94914	15
1.94921	16
1.94929	17
1.94937	18
1.94945	19
1.94953	5
1.94954	6
1.94954	7
1.94954	8
1.94954	9
1.94954	10
1.94956	5
1.94961	6
1.94961	7
1.94961	8
1.94961	9
1.94961	10
1.94962	11
1.94967	12
1.94972	13
1.94978	14
1.94984	15
1.94991	16
1.94998	17
1.95006	18
1.95014	19
1.95022	5
1.95023	6
1.95023	7
1.95023	8
1.95024	9
1.95024	10
1.95025	5
1.9503	6
1.9503	7
1.9503	8
1.9503	9
1.9503	10
1.95031	11
1.95037	12
1.95042	13
1.95048	14
1.95054	15
1.95061	16
1.95068	17
1.95076	18
1.95084	19
1.95092	5
1.95092	6
1.95093	7
1.95093	8
1.95093	9
1.95093	10
1.95095	5
1.95099	6
1.95099	7
1.95099	8
1.95099	9
1.951	10
1.951	11
1.95106	12
1.95113	13
1.95118	14
1.95124	15
1.95131	16
1.95138	17
1.95145	18
1.95153	19
1.95161	5
1.95162	6
1.95162	7
1.95162	8
1.95162	9
1.95163	10
1.95164	5
1.95168	6
1.95169	7
1.95169	8
1.95169	9
1.95169	10
1.95169	11
1.95176	12
1.95182	13
1.95188	14
1.95194	15
1.95201	16
1.95208	17
1.95215	18
1.95223	19
1.95231	5
1.95232	6
1.95232	7
1.95232	8
1.95232	9
1.95232	10
1.95234	5
1.95238	6
1.95238	7
1.95238	8
1.95238	9
1.95238	10
1.95239	11
1.95245	12
1.95251	13
1.95258	14
1.95265	15
1.95271	16
1.95278	17
1.95285	18
1.95293	19
1.95301	5
1.95301	6
1.95302	7
1.95302	8
1.95302	9
1.95302	10
1.95303	6
1.95308	7
1.95308	8
1.95308	9
1.95308	10
1.95308	11
1.95314	12
1.9532	13
1.95327	14
1.95334	15
1.95341	16
1.95348	17
1.95355	18
1.95363	19
1.95371	5
1.95371	6
1.95371	7
1.95371	8
1.95372	9
1.95372	10
1.95373	6
1.95377	7
1.95377	8
1.95377	9
1.95378	10
1.95378	11
1.95384	12
1.9539	13
1.95396	14
1.95403	15
1.95411	16
1.95418	17
1.95425	18
1.95433	19
1.95441	5
1.95441	6
1.95441	7
1.95441	8
1.95442	9
1.95442	10
1.95443	6
1.95447	7
1.95447	8
1.95447	9
1.95447	10
1.95448	11
1.95454	12
1.95459	13
1.95466	14
1.95473	15
1.9548	16
1.95488	17
1.95496	18
1.95503	19
1.95511	5
1.95511	6
1.95511	7
1.95512	8
1.95512	9
1.95512	10
1.95513	6
1.95517	7
1.95517	8
1.95517	9
1.95517	10
1.95518	11
1.95523	12
1.95529	13
1.95535	14
1.95542	15
1.95549	16
1.95557	17
1.95565	18
1.95574	19
1.95581	5
1.95581	6
1.95582	7
1.95582	8
1.95582	9
1.95582	10
1.95584	6
1.95587	7
1.95587	8
1.95587	9
1.95587	10
1.95588	11
1.95593	12
1.95599	13
1.95605	14
1.95612	15
1.95619	16
1.95626	17
1.95634	18
1.95643	19
1.95651	5
1.95652	6
1.95652	7
1.95652	8
1.95652	9
1.95652	10
1.95654	5
1.95657	6
1.95657	7
1.95658	8
1.95658	9
1.95658	10
1.95658	11
1.95663	12
1.95669	13
1.95675	14
1.95682	15
1.95688	16
1.95696	17
1.95704	18
1.95712	19
1.9572	5
1.95721	6
1.95721	7
1.95722	8
1.95722	9
1.95722	10
1.95723	5
1.95728	6
1.95728	7
1.95728	8
1.95728	9
1.95728	10
1.95729	11
1.95734	12
1.95739	13
1.95745	14
1.95751	15
1.95758	16
1.95766	17
1.95773	18
1.95782	19
1.95789	5
1.9579	6
1.95791	7
1.95791	8
1.95791	9
1.95791	10
1.95793	5
1.95797	6
1.95797	7
1.95797	8
1.95797	9
1.95798	10
1.95798	11
1.95804	12
1.95809	13
1.95815	14
1.95821	15
1.95828	16
1.95835	17
1.95843	18
1.95851	19
1.95859	5
1.9586	6
1.9586	7
1.9586	8
1.9586	9
1.9586	10
1.95862	5
1.95866	6
1.95866	7
1.95867	8
1.95867	9
1.95867	10
1.95867	11
1.95874	12
1.9588	13
1.95885	14
1.95891	15
1.95898	16
1.95905	17
1.95913	18
1.95921	19
1.95928	5
1.95929	6
1.95929	7
1.9593	8
1.9593	9
1.9593	10
1.95931	5
1.95936	6
1.95936	7
1.95936	8
1.95936	9
1.95936	10
1.95937	11
1.95943	12
1.95949	13
1.95956	14
1.95962	15
1.95968	16
1.95975	17
1.95982	18
1.9599	19
1.95998	5
1.95999	6
1.95999	7
1.95999	8
1.95999	9
1.95999	10
1.96001	5
1.96005	6
1.96005	7
1.96005	8
1.96006	9
1.96006	10
1.96006	11
1.96012	12
1.96018	13
1.96025	14
1.96032	15
1.96038	16
1.96045	17
1.96052	18
1.9606	19
1.96068	5
1.96069	6
1.96069	7
1.96069	8
1.96069	9
1.96069	10
1.96071	6
1.96075	7
1.96075	8
1.96075	9
1.96075	10
1.96076	11
1.96082	12
1.96088	13
1.96094	14
1.96101	15
1.96109	16
1.96115	17
1.96123	18
1.9613	19
1.96138	5
1.96138	6
1.96139	7
1.96139	8
1.96139	9
1.96139	10
1.96141	6
1.96145	7
1.96145	8
1.96145	9
1.96145	10
1.96145	11
1.96151	12
1.96157	13
1.96164	14
1.9617	15
1.96178	16
1.96186	17
1.96193	18
1.962	19
1.96208	5
1.96208	6
1.96208	7
1.96209	8
1.96209	9
1.96209	10
1.96211	6
1.96214	7
1.96214	8
1.96215	9
1.96215	10
1.96215	11
1.96221	12
1.96227	13
1.96233	14
1.9624	15
1.96247	16
1.96255	17
1.96263	18
1.9627	19
1.96278	5
1.96278	6
1.96279	7
1.96279	8
1.96279	9
1.96279	10
1.96281	6
1.96284	7
1.96284	8
1.96285	9
1.96285	10
1.96285	11
1.96291	12
1.96296	13
1.96303	14
1.96309	15
1.96317	16
1.96324	17
1.96332	18
1.96341	19
1.96348	5
1.96349	6
1.96349	7
1.96349	8
1.96349	9
1.96349	10
1.96351	6
1.96354	7
1.96355	8
1.96355	9
1.96355	10
1.96355	11
1.96361	12
1.96366	13
1.96372	14
1.96379	15
1.96386	16
1.96394	17
1.96402	18
1.9641	19
1.96419	5
1.96419	6
1.96419	7
1.96419	8
1.9642	9
1.9642	10
1.96421	5
1.96425	6
1.96425	7
1.96425	8
1.96425	9
1.96425	10
1.96426	11
1.96431	12
1.96436	13
1.96442	14
1.96449	15
1.96456	16
1.96463	17
1.96471	18
1.9648	19
1.96488	5
1.96489	6
1.96489	7
1.96489	8
1.96489	9
1.96489	10
1.96491	5
1.96495	6
1.96495	7
1.96495	8
1.96496	9
1.96496	10
1.96496	11
1.96501	12
1.96506	13
1.96512	14
1.96519	15
1.96525	16
1.96533	17
1.96541	18
1.96549	19
1.96557	5
1.96558	6
1.96558	7
1.96558	8
1.96558	9
1.96558	10
1.9656	5
1.96564	6
1.96565	7
1.96565	8
1.96565	9
1.96565	10
1.96565	11
1.96572	12
1.96577	13
1.96582	14
1.96589	15
1.96595	16
1.96603	17
1.9661	18
1.96618	19
1.96626	5
1.96627	6
1.96627	7
1.96627	8
1.96628	9
1.96628	10
1.96629	5
1.96634	6
1.96634	7
1.96634	8
1.96634	9
1.96634	10
1.96635	11
1.96641	12
1.96647	13
1.96653	14
1.96659	15
1.96665	16
1.96672	17
1.9668	18
1.96688	19
1.96696	5
1.96697	6
1.96697	7
1.96697	8
1.96697	9
1.96697	10
1.96699	5
1.96703	6
1.96703	7
1.96703	8
1.96703	9
1.96703	10
1.96704	11
1.9671	12
1.96716	13
1.96723	14
1.96729	15
1.96735	16
1.96742	17
1.9675	18
1.96758	19
1.96765	5
1.96766	6
1.96766	7
1.96766	8
1.96767	9
1.96767	10
1.96768	5
1.96772	6
1.96773	7
1.96773	8
1.96773	9
1.96773	10
1.96773	11
1.96779	12
1.96786	13
1.96792	14
1.96799	15
1.96806	16
1.96812	17
1.9682	18
1.96827	19
1.96835	5
1.96836	6
1.96836	7
1.96836	8
1.96836	9
1.96836	10
1.96838	6
1.96842	7
1.96842	8
1.96842	9
1.96842	10
1.96843	11
1.96849	12
1.96855	13
1.96861	14
1.96869	15
1.96876	16
1.96883	17
1.9689	18
1.96897	19
1.96905	5
1.96906	6
1.96906	7
1.96906	8
1.96906	9
1.96906	10
1.96908	6
1.96912	7
1.96912	8
1.96912	9
1.96912	10
1.96913	11
1.96918	12
1.96924	13
1.96931	14
1.96938	15
1.96945	16
1.96953	17
1.9696	18
1.96967	19
1.96975	5
1.96975	6
1.96976	7
1.96976	8
1.96976	9
1.96976	10
1.96978	6
1.96982	7
1.96982	8
1.96982	9
1.96982	10
1.96983	11
1.96988	12
1.96994	13
1.97	14
1.97007	15
1.97014	16
1.97022	17
1.9703	18
1.97038	19
1.97045	5
1.97046	6
1.97046	7
1.97046	8
1.97046	9
1.97046	10
1.97048	6
1.97052	7
1.97052	8
1.97052	9
1.97052	10
1.97053	11
1.97058	12
1.97064	13
1.9707	14
1.97077	15
1.97084	16
1.97091	17
1.971	18
1.97108	19
1.97116	5
1.97116	6
1.97116	7
1.97116	8
1.97116	9
1.97116	10
1.97118	6
1.97122	7
1.97122	8
1.97122	9
1.97122	10
1.97123	11
1.97128	12
1.97133	13
1.9714	14
1.97146	15
1.97153	16
1.97161	17
1.97169	18
1.97177	19
1.97186	5
1.97186	6
1.97187	7
1.97187	8
1.97187	9
1.97187	10
1.97188	5
1.97192	6
1.97192	7
1.97192	8
1.97192	9
1.97192	10
1.97193	11
1.97198	12
1.97204	13
1.9721	14
1.97216	15
1.97223	16
1.9723	17
1.97238	18
1.97247	19
1.97255	5
1.97256	6
1.97256	7
1.97256	8
1.97256	9
1.97256	10
1.97258	5
1.97262	6
1.97263	7
1.97263	8
1.97263	9
1.97263	10
1.97263	11
1.97268	12
1.97274	13
1.9728	14
1.97286	15
1.97293	16
1.973	17
1.97308	18
1.97316	19
1.97324	5
1.97325	6
1.97325	7
1.97325	8
1.97325	9
1.97326	10
1.97327	5
1.97332	6
1.97332	7
1.97332	8
1.97332	9
1.97332	10
1.97333	11
1.97339	12
1.97344	13
1.9735	14
1.97356	15
1.97363	16
1.9737	17
1.97377	18
1.97386	19
1.97393	5
1.97394	6
1.97395	7
1.97395	8
1.97395	9
1.97395	10
1.97396	5
1.97401	6
1.97401	7
1.97401	8
1.97401	9
1.97401	10
1.97402	11
1.97408	12
1.97414	13
1.9742	14
1.97426	15
1.97433	16
1.9744	17
1.97447	18
1.97455	19
1.97463	5
1.97464	6
1.97464	7
1.97464	8
1.97464	9
1.97464	10
1.97466	5
1.9747	6
1.9747	7
1.97471	8
1.97471	9
1.97471	10
1.97471	11
1.97477	12
1.97484	13
1.9749	14
1.97496	15
1.97503	16
1.9751	17
1.97517	18
1.97525	19
1.97533	5
1.97533	6
1.97534	7
1.97534	8
1.97534	9
1.97534	10
1.97536	5
1.9754	6
1.9754	7
1.9754	8
1.9754	9
1.9754	10
1.97541	11
1.97547	12
1.97553	13
1.97559	14
1.97567	15
1.97573	16
1.9758	17
1.97587	18
1.97595	19
1.97603	5
1.97603	6
1.97603	7
1.97603	8
1.97604	9
1.97604	10
1.97605	6
1.97609	7
1.97609	8
1.9761	9
1.9761	10
1.9761	11
1.97616	12
1.97622	13
1.97629	14
1.97636	15
1.97643	16
1.9765	17
1.97657	18
1.97665	19
1.97672	5
1.97673	6
1.97673	7
1.97673	8
1.97673	9
1.97674	10
1.97675	6
1.97679	7
1.97679	8
1.97679	9
1.97679	10
1.9768	11
1.97686	12
1.97692	13
1.97698	14
1.97705	15
1.97712	16
1.9772	17
1.97727	18
1.97735	19
1.97742	5
1.97743	6
1.97743	7
1.97743	8
1.97743	9
1.97743	10
1.97745	6
1.97749	7
1.97749	8
1.97749	9
1.97749	10
1.9775	11
1.97755	12
1.97761	13
1.97768	14
1.97774	15
1.97782	16
1.9779	17
1.97798	18
1.97805	19
1.97812	5
1.97813	6
1.97813	7
1.97813	8
1.97813	9
1.97814	10
1.97815	6
1.97819	7
1.97819	8
1.97819	9
1.97819	10
1.9782	11
1.97825	12
1.97831	13
1.97837	14
1.97844	15
1.97851	16
1.97859	17
1.97867	18
1.97875	19
1.97883	5
1.97883	6
1.97883	7
1.97884	8
1.97884	9
1.97884	10
1.97885	6
1.97889	7
1.97889	8
1.97889	9
1.97889	10
1.9789	11
1.97895	12
1.97901	13
1.97907	14
1.97913	15
1.97921	16
1.97928	17
1.97936	18
1.97945	19
1.97953	5
1.97954	6
1.97954	7
1.97954	8
1.97954	9
1.97954	10
1.97956	5
1.97959	6
1.97959	7
1.97959	8
1.97959	9
1.9796	10
1.9796	11
1.97965	12
1.97971	13
1.97977	14
1.97983	15
1.9799	16
1.97998	17
1.98006	18
1.98014	19
1.98022	5
1.98023	6
1.98023	7
1.98023	8
1.98023	9
1.98024	10
1.98025	5
1.9803	6
1.9803	7
1.9803	8
1.9803	9
1.9803	10
1.98031	11
1.98036	12
1.98041	13
1.98047	14
1.98053	15
1.9806	16
1.98067	17
1.98075	18
1.98083	19
1.98091	5
1.98092	6
1.98092	7
1.98093	8
1.98093	9
1.98093	10
1.98094	5
1.98099	6
1.98099	7
1.98099	8
1.98099	9
1.98099	10
1.981	11
1.98106	12
1.98111	13
1.98117	14
1.98123	15
1.9813	16
1.98137	17
1.98145	18
1.98153	19
1.98161	5
1.98162	6
1.98162	7
1.98162	8
1.98162	9
1.98162	10
1.98164	5
1.98168	6
1.98168	7
1.98168	8
1.98169	9
1.98169	10
1.98169	11
1.98175	12
1.98182	13
1.98187	14
1.98193	15
1.982	16
1.98207	17
1.98214	18
1.98222	19
1.9823	5
1.98231	6
1.98231	7
1.98231	8
1.98232	9
1.98232	10
1.98233	5
1.98238	6
1.98238	7
1.98238	8
1.98238	9
1.98238	10
1.98239	11
1.98245	12
1.98251	13
1.98258	14
1.98263	15
1.9827	16
1.98277	17
1.98284	18
1.98292	19
1.983	5
1.98301	6
1.98301	7
1.98301	8
1.98301	9
1.98301	10
1.98303	5
1.98307	6
1.98307	7
1.98307	8
1.98307	9
1.98308	10
1.98308	11
1.98314	12
1.9832	13
1.98327	14
1.98334	15
1.9834	16
1.98347	17
1.98354	18
1.98362	19
1.9837	5
1.9837	6
1.98371	7
1.98371	8
1.98371	9
1.98371	10
1.98373	6
1.98377	7
1.98377	8
1.98377	9
1.98377	10
1.98378	11
1.98383	12
1.98389	13
1.98396	14
1.98403	15
1.98411	16
1.98417	17
1.98424	18
1.98432	19
1.9844	5
1.9844	6
1.9844	7
1.98441	8
1.98441	9
1.98441	10
1.98442	6
1.98446	7
1.98446	8
1.98447	9
1.98447	10
1.98447	11
1.98453	12
1.98459	13
1.98465	14
1.98472	15
1.9848	16
1.98488	17
1.98495	18
1.98502	19
1.9851	5
1.9851	6
1.9851	7
1.9851	8
1.98511	9
1.98511	10
1.98512	6
1.98516	7
1.98516	8
1.98516	9
1.98517	10
1.98517	11
1.98523	12
1.98528	13
1.98535	14
1.98542	15
1.98549	16
1.98557	17
1.98565	18
1.98572	19
1.9858	5
1.9858	6
1.9858	7
1.98581	8
1.98581	9
1.98581	10
1.98582	6
1.98586	7
1.98586	8
1.98586	9
1.98587	10
1.98587	11
1.98593	12
1.98598	13
1.98604	14
1.98611	15
1.98618	16
1.98626	17
1.98634	18
1.98643	19
1.9865	5
1.98651	6
1.98651	7
1.98651	8
1.98651	9
1.98651	10
1.98653	6
1.98656	7
1.98656	8
1.98656	9
1.98657	10
1.98657	11
1.98662	12
1.98668	13
1.98674	14
1.98681	15
1.98688	16
1.98695	17
1.98703	18
1.98712	19
1.98721	5
1.98721	6
1.98721	7
1.98721	8
1.98721	9
1.98721	10
1.98723	5
1.98726	6
1.98727	7
1.98727	8
1.98727	9
1.98727	10
1.98727	11
1.98733	12
1.98738	13
1.98744	14
1.98751	15
1.98758	16
1.98765	17
1.98773	18
1.98781	19
1.98789	5
1.9879	6
1.98791	7
1.98791	8
1.98791	9
1.98791	10
1.98792	5
1.98797	6
1.98797	7
1.98797	8
1.98797	9
1.98797	10
1.98798	11
1.98803	12
1.98808	13
1.98814	14
1.9882	15
1.98827	16
1.98835	17
1.98842	18
1.98851	19
1.98858	5
1.9886	6
1.9886	7
1.9886	8
1.9886	9
1.9886	10
1.98862	5
1.98866	6
1.98866	7
1.98866	8
1.98867	9
1.98867	10
1.98867	11
1.98873	12
1.98879	13
1.98884	14
1.9889	15
1.98897	16
1.98904	17
1.98912	18
1.9892	19
1.98928	5
1.98929	6
1.98929	7
1.98929	8
1.98929	9
1.98929	10
1.98931	5
1.98935	6
1.98936	7
1.98936	8
1.98936	9
1.98936	10
1.98936	11
1.98943	12
1.98949	13
1.98954	14
1.9896	15
1.98967	16
1.98974	17
1.98982	18
1.9899	19
1.98998	5
1.98998	6
1.98999	7
1.98999	8
1.98999	9
1.98999	10
1.99001	5
1.99005	6
1.99005	7
1.99005	8
1.99005	9
1.99005	10
1.99006	11
1.99012	12
1.99018	13
1.99025	14
1.99031	15
1.99037	16
1.99044	17
1.99052	18
1.99059	19
1.99067	5
1.99068	6
1.99068	7
1.99068	8
1.99068	9
1.99069	10
1.9907	5
1.99074	6
1.99074	7
1.99075	8
1.99075	9
1.99075	10
1.99075	11
1.99081	12
1.99087	13
1.99094	14
1.99101	15
1.99107	16
1.99114	17
1.99122	18
1.99129	19
1.99137	5
1.99138	6
1.99138	7
1.99138	8
1.99138	9
1.99138	10
1.9914	6
1.99144	7
1.99144	8
1.99144	9
1.99144	10
1.99145	11
1.99151	12
1.99157	13
1.99163	14
1.9917	15
1.99178	16
1.99184	17
1.99192	18
1.99199	19
1.99207	5
1.99207	6
1.99208	7
1.99208	8
1.99208	9
1.99208	10
1.9921	6
1.99214	7
1.99214	8
1.99214	9
1.99214	10
1.99215	11
1.9922	12
1.99226	13
1.99233	14
1.9924	15
1.99247	16
1.99255	17
1.99262	18
1.99269	19
1.99277	5
1.99277	6
1.99277	7
1.99278	8
1.99278	9
1.99278	10
1.9928	6
1.99283	7
1.99284	8
1.99284	9
1.99284	10
1.99284	11
1.9929	12
1.99296	13
1.99302	14
1.99309	15
1.99316	16
1.99324	17
1.99332	18
1.9934	19
1.99347	5
1.99347	6
1.99348	7
1.99348	8
1.99348	9
1.99348	10
1.9935	6
1.99353	7
1.99354	8
1.99354	9
1.99354	10
1.99354	11
1.9936	12
1.99365	13
1.99372	14
1.99378	15
1.99386	16
1.99393	17
1.99401	18
1.9941	19
1.99417	5
1.99418	6
1.99418	7
1.99418	8
1.99418	9
1.99418	10
1.9942	6
1.99423	7
1.99424	8
1.99424	9
1.99424	10
1.99424	11
1.9943	12
1.99435	13
1.99441	14
1.99448	15
1.99455	16
1.99463	17
1.99471	18
1.99479	19
1.99488	5
1.99488	6
1.99488	7
1.99489	8
1.99489	9
1.99489	10
1.9949	5
1.99494	6
1.99494	7
1.99494	8
1.99494	9
1.99494	10
1.99495	11
1.995	12
1.99505	13
1.99511	14
1.99518	15
1.99525	16
1.99532	17
1.9954	18
1.99549	19
1.99557	5
1.99558	6
1.99558	7
1.99558	8
1.99558	9
1.99558	10
1.9956	5
1.99564	6
1.99564	7
1.99565	8
1.99565	9
1.99565	10
1.99565	11
1.9957	12
1.99576	13
1.99581	14
1.99588	15
1.99595	16
1.99602	17
1.9961	18
1.99618	19
1.99626	5
1.99627	6
1.99627	7
1.99627	8
1.99627	9
1.99627	10
1.99629	5
1.99634	6
1.99634	7
1.99634	8
1.99634	9
1.99634	10
1.99634	11
1.99641	12
1.99646	13
1.99651	14
1.99658	15
1.99664	16
1.99672	17
1.99679	18
1.99687	19
1.99695	5
1.99696	6
1.99696	7
1.99697	8
1.99697	9
1.99697	10
1.99698	5
1.99703	6
1.99703	7
1.99703	8
1.99703	9
1.99703	10
1.99704	11
1.9971	12
1.99716	13
1.99722	14
1.99728	15
1.99734	16
1.99741	17
1.99749	18
1.99757	19
1.99765	5
1.99766	6
1.99766	7
1.99766	8
1.99766	9
1.99766	10
1.99768	5
1.99772	6
1.99772	7
1.99772	8
1.99772	9
1.99773	10
1.99773	11
1.99779	12
1.99785	13
1.99792	14
1.99798	15
1.99804	16
1.99811	17
1.99819	18
1.99827	19
1.99834	5
1.99835	6
1.99835	7
1.99836	8
1.99836	9
1.99836	10
1.99837	5
1.99842	6
1.99842	7
1.99842	8
1.99842	9
1.99842	10
1.99843	11
1.99849	12
1.99855	13
1.99861	14
1.99868	15
1.99875	16
1.99881	17
1.99889	18
1.99897	19
1.99904	5
1.99905	6
1.99905	7
1.99905	8
1.99905	9
1.99906	10
1.99907	6
1.99911	7
1.99911	8
1.99911	9
1.99912	10
1.99912	11
1.99918	12
1.99924	13
1.99931	14
1.99938	15
1.99945	16
1.99952	17
1.99959	18
1.99966	19
1.99974	5
1.99975	6
1.99975	7
1.99975	8
1.99975	9
1.99975	10
1.99977	6
1.99981	7
1.99981	8
1.99981	9
1.99981	10
1.99982	11
1.99988	12
1.99993	13
2	14
