0.200061	10
0.200151	11
0.200203	12
0.200252	13
0.200307	14
0.200364	15
0.200427	14
0.200494	15
0.200564	16
0.200637	17
0.200715	18
0.200754	19
0.20084	20
0.200906	6
0.200908	7
0.200909	8
0.20091	9
0.200911	10
0.200966	9
0.200995	10
0.201019	11
0.201076	12
0.201137	13
0.201202	14
0.201269	15
0.201338	16
0.201412	17
0.201494	18
0.201569	19
0.201617	20
0.201659	6
0.201679	7
0.201682	8
0.201686	9
0.20169	10
0.201724	9
0.201755	10
0.20178	11
0.20184	12
0.201905	13
0.201975	14
0.202048	15
0.202123	16
0.202201	17
0.202265	18
0.202316	19
0.202373	20
0.202416	6
0.202439	7
0.202441	8
0.202445	9
0.202448	10
0.202485	9
0.202525	10
0.202545	11
0.202608	12
0.202677	13
0.20275	14
0.202828	15
0.202911	16
0.202973	17
0.203021	18
0.203076	19
0.203134	20
0.203177	6
0.203203	7
0.203206	8
0.203214	9
0.203217	10
0.203249	8
0.203303	9
0.203304	10
0.203313	11
0.20338	12
0.203452	13
0.203529	14
0.203611	15
0.203671	16
0.203725	17
0.203784	18
0.203845	19
0.203909	20
0.203943	6
0.203983	7
0.203986	8
0.203991	9
0.203994	10
0.204017	8
0.204075	9
0.204076	10
0.204084	11
0.204155	12
0.204231	13
0.204312	14
0.20437	15
0.204423	16
0.204482	17
0.204545	18
0.20461	19
0.204678	20
0.204711	6
0.204756	7
0.204759	8
0.204765	9
0.204767	10
0.20479	7
0.20485	8
0.204851	9
0.204852	10
0.20486	11
0.204935	12
0.205014	13
0.205071	14
0.205123	15
0.205181	16
0.205243	17
0.205309	18
0.205379	19
0.20545	20
0.205482	6
0.205532	7
0.205534	8
0.205541	9
0.205544	10
0.205565	7
0.205629	8
0.20563	9
0.205631	10
0.20564	11
0.205718	12
0.205773	13
0.205824	14
0.20588	15
0.205941	16
0.206008	17
0.206077	18
0.206151	19
0.206224	20
0.206258	6
0.206309	7
0.206312	8
0.20632	9
0.206323	10
0.206344	7
0.206411	8
0.206413	9
0.206414	10
0.206422	11
0.206476	12
0.206526	13
0.206581	14
0.206641	15
0.206706	16
0.206774	17
0.206847	18
0.206924	19
0.207	20
0.207037	6
0.207091	7
0.207093	8
0.2071	9
0.207103	10
0.207127	7
0.207171	8
0.207172	9
0.207174	10
0.207181	11
0.20723	12
0.207285	13
0.207343	14
0.207407	15
0.207476	16
0.207549	17
0.207626	18
0.207706	19
0.207786	20
0.207821	6
0.207854	7
0.207857	8
0.207865	9
0.207868	10
0.207887	8
0.207925	9
0.207926	10
0.207935	11
0.207988	12
0.208045	13
0.208108	14
0.208175	15
0.208247	16
0.208324	17
0.208406	18
0.208493	19
0.208549	20
0.208579	6
0.208602	7
0.208606	8
0.208615	9
0.208618	10
0.208639	9
0.208682	10
0.208692	11
0.208749	12
0.20881	13
0.208876	14
0.208947	15
0.209023	16
0.209103	17
0.209188	18
0.209252	19
0.209298	20
0.209332	6
0.209362	7
0.209364	8
0.209372	9
0.209375	10
0.209396	9
0.209443	10
0.209453	11
0.209513	12
0.209578	13
0.209648	14
0.209722	15
0.209802	16
0.209886	17
0.209948	18
0.210002	19
0.210056	20
0.210089	6
0.210124	7
0.210126	8
0.210133	9
0.210137	10
0.210157	9
0.210208	10
0.210217	11
0.210281	12
0.21035	13
0.210423	14
0.210501	15
0.210584	16
0.210645	17
0.210699	18
0.210758	19
0.210818	20
0.21085	6
0.210889	7
0.210892	8
0.210897	9
0.2109	10
0.210922	8
0.210976	9
0.210977	10
0.210985	11
0.211053	12
0.211125	13
0.211202	14
0.211284	15
0.211344	16
0.211398	17
0.211457	18
0.211518	19
0.211583	20
0.211615	6
0.211657	7
0.21166	8
0.211665	9
0.211667	10
0.21169	8
0.211748	9
0.211749	10
0.211757	11
0.211828	12
0.211904	13
0.211984	14
0.212043	15
0.212096	16
0.212155	17
0.212218	18
0.212282	19
0.212351	20
0.212383	6
0.212429	7
0.212431	8
0.212438	9
0.21244	10
0.212463	7
0.212523	8
0.212524	9
0.212525	10
0.212532	11
0.212608	12
0.212686	13
0.212744	14
0.212796	15
0.212853	16
0.212916	17
0.212982	18
0.213052	19
0.213123	20
0.213155	6
0.213204	7
0.213207	8
0.213214	9
0.213216	10
0.213238	7
0.213302	8
0.213303	9
0.213304	10
0.213313	11
0.213391	12
0.213446	13
0.213496	14
0.213553	15
0.213614	16
0.21368	17
0.21375	18
0.213823	19
0.213897	20
0.21393	6
0.213982	7
0.213984	8
0.213993	9
0.213995	10
0.214017	7
0.214084	8
0.214085	9
0.214087	10
0.214095	11
0.214149	12
0.214198	13
0.214254	14
0.214314	15
0.214379	16
0.214447	17
0.214519	18
0.214596	19
0.214673	20
0.214709	6
0.214763	7
0.214766	8
0.214773	9
0.214775	10
0.214799	7
0.214844	8
0.214845	9
0.214846	10
0.214854	11
0.214903	12
0.214957	13
0.215016	14
0.21508	15
0.215148	16
0.215222	17
0.215299	18
0.215379	19
0.215459	20
0.215493	6
0.215527	7
0.215529	8
0.215538	9
0.21554	10
0.21556	8
0.215598	9
0.215599	10
0.215608	11
0.21566	12
0.215718	13
0.215781	14
0.215848	15
0.21592	16
0.215997	17
0.216079	18
0.216165	19
0.216222	20
0.216252	6
0.216275	7
0.216278	8
0.216288	9
0.21629	10
0.216312	9
0.216355	10
0.216365	11
0.216421	12
0.216483	13
0.216549	14
0.21662	15
0.216695	16
0.216776	17
0.216861	18
0.216925	19
0.216971	20
0.217004	6
0.217034	7
0.217037	8
0.217045	9
0.217048	10
0.217069	9
0.217116	10
0.217126	11
0.217186	12
0.217251	13
0.21732	14
0.217395	15
0.217474	16
0.217558	17
0.217621	18
0.217675	19
0.217729	20
0.217762	6
0.217796	7
0.217799	8
0.217806	9
0.21781	10
0.21783	9
0.217881	10
0.21789	11
0.217954	12
0.218022	13
0.218096	14
0.218174	15
0.218257	16
0.218318	17
0.218372	18
0.218431	19
0.218491	20
0.218522	6
0.218562	7
0.218565	8
0.218569	9
0.218573	10
0.218595	8
0.218649	9
0.21865	10
0.218658	11
0.218726	12
0.218798	13
0.218875	14
0.218956	15
0.219016	16
0.219071	17
0.219129	18
0.219191	19
0.219256	20
0.219288	6
0.21933	7
0.219333	8
0.219337	9
0.21934	10
0.219363	8
0.21942	9
0.219422	10
0.21943	11
0.219501	12
0.219577	13
0.219657	14
0.219716	15
0.219769	16
0.219828	17
0.21989	18
0.219955	19
0.220024	20
0.220056	6
0.220102	7
0.220104	8
0.22011	9
0.220113	10
0.220136	7
0.220196	8
0.220197	9
0.220198	10
0.220205	11
0.220281	12
0.220359	13
0.220417	14
0.220468	15
0.220526	16
0.220589	17
0.220655	18
0.220724	19
0.220795	20
0.220828	6
0.220877	7
0.22088	8
0.220887	9
0.220889	10
0.220911	7
0.220975	8
0.220976	9
0.220977	10
0.220985	11
0.221063	12
0.221119	13
0.221169	14
0.221226	15
0.221287	16
0.221353	17
0.221423	18
0.221496	19
0.22157	20
0.221603	6
0.221655	7
0.221657	8
0.221666	9
0.221668	10
0.22169	7
0.221757	8
0.221758	9
0.221759	10
0.221768	11
0.221822	12
0.221871	13
0.221926	14
0.221987	15
0.222052	16
0.22212	17
0.222192	18
0.222269	19
0.222346	20
0.222382	6
0.222436	7
0.222439	8
0.222446	9
0.222448	10
0.222472	7
0.222517	8
0.222518	9
0.222519	10
0.222526	11
0.222576	12
0.22263	13
0.222689	14
0.222753	15
0.222821	16
0.222895	17
0.222971	18
0.223052	19
0.223131	20
0.223166	6
0.2232	7
0.223202	8
0.223211	9
0.223213	10
0.223232	8
0.223271	9
0.223272	10
0.22328	11
0.223333	12
0.223391	13
0.223453	14
0.223521	15
0.223593	16
0.22367	17
0.223752	18
0.223838	19
0.223895	20
0.223925	6
0.223947	7
0.223951	8
0.223961	9
0.223963	10
0.223985	9
0.224028	10
0.224038	11
0.224094	12
0.224155	13
0.224222	14
0.224292	15
0.224368	16
0.224449	17
0.224534	18
0.224598	19
0.224643	20
0.224677	6
0.224707	7
0.22471	8
0.224718	9
0.22472	10
0.224742	9
0.224789	10
0.224798	11
0.224859	12
0.224923	13
0.224993	14
0.225068	15
0.225147	16
0.225231	17
0.225294	18
0.225348	19
0.225402	20
0.225434	6
0.225469	7
0.225472	8
0.225479	9
0.225482	10
0.225503	9
0.225553	10
0.225563	11
0.225627	12
0.225695	13
0.225768	14
0.225847	15
0.22593	16
0.225991	17
0.226045	18
0.226104	19
0.226164	20
0.226195	6
0.226235	7
0.226237	8
0.226242	9
0.226246	10
0.226267	8
0.226321	9
0.226323	10
0.226331	11
0.226398	12
0.22647	13
0.226547	14
0.226629	15
0.226689	16
0.226743	17
0.226802	18
0.226864	19
0.226928	20
0.226961	6
0.227003	7
0.227005	8
0.22701	9
0.227013	10
0.227035	8
0.227093	9
0.227094	10
0.227103	11
0.227174	12
0.227249	13
0.22733	14
0.227389	15
0.227442	16
0.227501	17
0.227563	18
0.227628	19
0.227696	20
0.227729	6
0.227775	7
0.227777	8
0.227783	9
0.227785	10
0.227808	7
0.227868	8
0.22787	9
0.227871	10
0.227878	11
0.227954	12
0.228032	13
0.22809	14
0.228141	15
0.228199	16
0.228261	17
0.228328	18
0.228397	19
0.228468	20
0.228501	6
0.22855	7
0.228552	8
0.22856	9
0.228562	10
0.228584	7
0.228647	8
0.228648	9
0.22865	10
0.228658	11
0.228736	12
0.228792	13
0.228842	14
0.228898	15
0.22896	16
0.229026	17
0.229096	18
0.229169	19
0.229242	20
0.229276	6
0.229328	7
0.22933	8
0.229338	9
0.229341	10
0.229362	7
0.22943	8
0.229431	9
0.229432	10
0.229441	11
0.229495	12
0.229544	13
0.229599	14
0.229659	15
0.229724	16
0.229793	17
0.229865	18
0.229942	19
0.230019	20
0.230055	6
0.230109	7
0.230111	8
0.230119	9
0.230121	10
0.230145	7
0.230189	8
0.230191	9
0.230192	10
0.230199	11
0.230249	12
0.230303	13
0.230362	14
0.230425	15
0.230494	16
0.230567	17
0.230644	18
0.230725	19
0.230804	20
0.230839	6
0.230873	7
0.230875	8
0.230883	9
0.230886	10
0.230905	8
0.230944	9
0.230945	10
0.230953	11
0.231006	12
0.231064	13
0.231126	14
0.231194	15
0.231266	16
0.231343	17
0.231424	18
0.231511	19
0.231567	20
0.231597	6
0.23162	7
0.231624	8
0.231633	9
0.231636	10
0.231657	9
0.231701	10
0.23171	11
0.231767	12
0.231828	13
0.231894	14
0.231965	15
0.232041	16
0.232121	17
0.232207	18
0.232271	19
0.232316	20
0.23235	6
0.23238	7
0.232382	8
0.232391	9
0.232393	10
0.232415	9
0.232462	10
0.232471	11
0.232531	12
0.232596	13
0.232666	14
0.23274	15
0.23282	16
0.232904	17
0.232966	18
0.233021	19
0.233075	20
0.233107	6
0.233142	7
0.233144	8
0.233152	9
0.233155	10
0.233176	9
0.233226	10
0.233236	11
0.233299	12
0.233368	13
0.233441	14
0.233519	15
0.233602	16
0.233664	17
0.233718	18
0.233777	19
0.233837	20
0.233868	6
0.233908	7
0.23391	8
0.233915	9
0.233918	10
0.23394	8
0.233994	9
0.233995	10
0.234004	11
0.234071	12
0.234143	13
0.23422	14
0.234302	15
0.234362	16
0.234416	17
0.234475	18
0.234536	19
0.234601	20
0.234634	6
0.234676	7
0.234678	8
0.234683	9
0.234685	10
0.234708	8
0.234766	9
0.234767	10
0.234775	11
0.234846	12
0.234922	13
0.235003	14
0.235062	15
0.235114	16
0.235173	17
0.235236	18
0.235301	19
0.235369	20
0.235402	6
0.235447	7
0.23545	8
0.235456	9
0.235458	10
0.235481	7
0.235541	8
0.235542	9
0.235544	10
0.235551	11
0.235626	12
0.235705	13
0.235762	14
0.235814	15
0.235872	16
0.235934	17
0.236	18
0.23607	19
0.236141	20
0.236173	6
0.236223	7
0.236225	8
0.236232	9
0.236235	10
0.236256	7
0.23632	8
0.236321	9
0.236322	10
0.236331	11
0.236409	12
0.236464	13
0.236515	14
0.236571	15
0.236633	16
0.236699	17
0.236768	18
0.236842	19
0.236915	20
0.236949	6
0.237	7
0.237003	8
0.237011	9
0.237014	10
0.237035	7
0.237103	8
0.237104	9
0.237105	10
0.237113	11
0.237167	12
0.237217	13
0.237272	14
0.237332	15
0.237397	16
0.237466	17
0.237538	18
0.237615	19
0.237692	20
0.237728	6
0.237782	7
0.237784	8
0.237791	9
0.237794	10
0.237818	7
0.237862	8
0.237863	9
0.237865	10
0.237872	11
0.237922	12
0.237976	13
0.238035	14
0.238098	15
0.238167	16
0.23824	17
0.238317	18
0.238398	19
0.238477	20
0.238512	6
0.238545	7
0.238548	8
0.238556	9
0.238559	10
0.238578	8
0.238616	9
0.238617	10
0.238626	11
0.238679	12
0.238736	13
0.238799	14
0.238866	15
0.238938	16
0.239015	17
0.239097	18
0.239184	19
0.23924	20
0.23927	6
0.239293	7
0.239297	8
0.239306	9
0.239309	10
0.23933	9
0.239374	10
0.239383	11
0.23944	12
0.239501	13
0.239567	14
0.239638	15
0.239714	16
0.239794	17
0.23988	18
0.239943	19
0.239989	20
0.240023	6
0.240053	7
0.240055	8
0.240063	9
0.240066	10
0.240088	9
0.240134	10
0.240144	11
0.240204	12
0.240269	13
0.240339	14
0.240413	15
0.240493	16
0.240577	17
0.240639	18
0.240693	19
0.240747	20
0.24078	6
0.240815	7
0.240817	8
0.240824	9
0.240828	10
0.240848	9
0.240899	10
0.240908	11
0.240972	12
0.241041	13
0.241114	14
0.241192	15
0.241275	16
0.241336	17
0.24139	18
0.241449	19
0.241509	20
0.241541	6
0.24158	7
0.241583	8
0.241588	9
0.241591	10
0.241613	8
0.241667	9
0.241668	10
0.241677	11
0.241744	12
0.241816	13
0.241893	14
0.241975	15
0.242035	16
0.242089	17
0.242148	18
0.242209	19
0.242274	20
0.242306	6
0.242348	7
0.242351	8
0.242356	9
0.242358	10
0.242381	8
0.242439	9
0.24244	10
0.242448	11
0.242519	12
0.242595	13
0.242675	14
0.242734	15
0.242787	16
0.242846	17
0.242909	18
0.242974	19
0.243042	20
0.243074	6
0.24312	7
0.243123	8
0.243129	9
0.243131	10
0.243154	7
0.243214	8
0.243215	9
0.243216	10
0.243224	11
0.243299	12
0.243377	13
0.243435	14
0.243487	15
0.243544	16
0.243607	17
0.243673	18
0.243743	19
0.243814	20
0.243846	6
0.243895	7
0.243898	8
0.243905	9
0.243907	10
0.243929	7
0.243993	8
0.243994	9
0.243995	10
0.244004	11
0.244082	12
0.244137	13
0.244188	14
0.244244	15
0.244305	16
0.244371	17
0.244441	18
0.244514	19
0.244588	20
0.244621	6
0.244673	7
0.244676	8
0.244684	9
0.244686	10
0.244708	7
0.244775	8
0.244777	9
0.244778	10
0.244786	11
0.24484	12
0.24489	13
0.244945	14
0.245005	15
0.24507	16
0.245138	17
0.24521	18
0.245287	19
0.245364	20
0.2454	6
0.245454	7
0.245457	8
0.245464	9
0.245466	10
0.245491	7
0.245535	8
0.245536	9
0.245537	10
0.245545	11
0.245594	12
0.245648	13
0.245707	14
0.245771	15
0.245839	16
0.245913	17
0.24599	18
0.24607	19
0.24615	20
0.246184	6
0.246218	7
0.246221	8
0.246229	9
0.246231	10
0.246251	8
0.246289	9
0.24629	10
0.246299	11
0.246352	12
0.246409	13
0.246472	14
0.246539	15
0.246611	16
0.246688	17
0.24677	18
0.246856	19
0.246913	20
0.246943	6
0.246966	7
0.246969	8
0.246979	9
0.246981	10
0.247003	9
0.247046	10
0.247056	11
0.247112	12
0.247174	13
0.24724	14
0.247311	15
0.247386	16
0.247467	17
0.247552	18
0.247616	19
0.247662	20
0.247695	6
0.247725	7
0.247728	8
0.247736	9
0.247739	10
0.24776	9
0.247807	10
0.247817	11
0.247877	12
0.247942	13
0.248012	14
0.248086	15
0.248165	16
0.248249	17
0.248312	18
0.248366	19
0.24842	20
0.248453	6
0.248487	7
0.24849	8
0.248497	9
0.248501	10
0.248521	9
0.248572	10
0.248581	11
0.248645	12
0.248713	13
0.248787	14
0.248865	15
0.248948	16
0.249009	17
0.249063	18
0.249122	19
0.249182	20
0.249214	6
0.249253	7
0.249256	8
0.24926	9
0.249264	10
0.249286	8
0.24934	9
0.249341	10
0.249349	11
0.249417	12
0.249489	13
0.249566	14
0.249647	15
0.249708	16
0.249762	17
0.249821	18
0.249882	19
0.249947	20
0.249979	6
0.250021	7
0.250024	8
0.250028	9
0.250031	10
0.250054	8
0.250111	9
0.250113	10
0.250121	11
0.250192	12
0.250268	13
0.250348	14
0.250407	15
0.25046	16
0.250519	17
0.250581	18
0.250646	19
0.250715	20
0.250747	6
0.250793	7
0.250795	8
0.250801	9
0.250804	10
0.250827	7
0.250887	8
0.250888	9
0.250889	10
0.250896	11
0.250972	12
0.25105	13
0.251108	14
0.25116	15
0.251217	16
0.25128	17
0.251346	18
0.251416	19
0.251486	20
0.251519	6
0.251568	7
0.251571	8
0.251578	9
0.25158	10
0.251602	7
0.251666	8
0.251667	9
0.251668	10
0.251676	11
0.251755	12
0.25181	13
0.25186	14
0.251917	15
0.251978	16
0.252044	17
0.252114	18
0.252187	19
0.252261	20
0.252294	6
0.252346	7
0.252348	8
0.252357	9
0.252359	10
0.252381	7
0.252448	8
0.252449	9
0.25245	10
0.252459	11
0.252513	12
0.252562	13
0.252618	14
0.252678	15
0.252743	16
0.252811	17
0.252883	18
0.25296	19
0.253037	20
0.253073	6
0.253127	7
0.25313	8
0.253137	9
0.253139	10
0.253163	7
0.253208	8
0.253209	9
0.25321	10
0.253217	11
0.253267	12
0.253321	13
0.25338	14
0.253444	15
0.253512	16
0.253586	17
0.253663	18
0.253743	19
0.253822	20
0.253857	6
0.253891	7
0.253893	8
0.253902	9
0.253904	10
0.253923	8
0.253962	9
0.253963	10
0.253971	11
0.254024	12
0.254082	13
0.254145	14
0.254212	15
0.254284	16
0.254361	17
0.254443	18
0.254529	19
0.254586	20
0.254616	6
0.254639	7
0.254642	8
0.254652	9
0.254654	10
0.254676	9
0.254719	10
0.254729	11
0.254785	12
0.254846	13
0.254913	14
0.254984	15
0.255059	16
0.25514	17
0.255225	18
0.255289	19
0.255334	20
0.255368	6
0.255398	7
0.255401	8
0.255409	9
0.255411	10
0.255433	9
0.25548	10
0.25549	11
0.25555	12
0.255615	13
0.255684	14
0.255759	15
0.255838	16
0.255922	17
0.255985	18
0.256039	19
0.256093	20
0.256125	6
0.25616	7
0.256163	8
0.25617	9
0.256173	10
0.256194	9
0.256244	10
0.256254	11
0.256318	12
0.256386	13
0.25646	14
0.256538	15
0.256621	16
0.256682	17
0.256736	18
0.256795	19
0.256855	20
0.256886	6
0.256926	7
0.256928	8
0.256933	9
0.256937	10
0.256958	8
0.257012	9
0.257014	10
0.257022	11
0.257089	12
0.257162	13
0.257238	14
0.25732	15
0.25738	16
0.257434	17
0.257493	18
0.257555	19
0.257619	20
0.257652	6
0.257694	7
0.257696	8
0.257701	9
0.257704	10
0.257726	8
0.257784	9
0.257785	10
0.257794	11
0.257865	12
0.25794	13
0.258021	14
0.25808	15
0.258133	16
0.258192	17
0.258254	18
0.258319	19
0.258388	20
0.25842	6
0.258466	7
0.258468	8
0.258474	9
0.258477	10
0.258499	7
0.258559	8
0.258561	9
0.258562	10
0.258569	11
0.258645	12
0.258723	13
0.258781	14
0.258832	15
0.25889	16
0.258953	17
0.259019	18
0.259088	19
0.259159	20
0.259192	6
0.259241	7
0.259243	8
0.259251	9
0.259253	10
0.259275	7
0.259338	8
0.25934	9
0.259341	10
0.259349	11
0.259427	12
0.259483	13
0.259533	14
0.25959	15
0.259651	16
0.259717	17
0.259787	18
0.25986	19
0.259933	20
0.259967	6
0.260019	7
0.260021	8
0.26003	9
0.260032	10
0.260054	7
0.260121	8
0.260122	9
0.260123	10
0.260132	11
0.260186	12
0.260235	13
0.26029	14
0.26035	15
0.260415	16
0.260484	17
0.260556	18
0.260633	19
0.26071	20
0.260746	6
0.2608	7
0.260802	8
0.26081	9
0.260812	10
0.260836	7
0.260881	8
0.260882	9
0.260883	10
0.26089	11
0.26094	12
0.260994	13
0.261053	14
0.261117	15
0.261185	16
0.261258	17
0.261335	18
0.261416	19
0.261495	20
0.26153	6
0.261564	7
0.261566	8
0.261574	9
0.261577	10
0.261596	8
0.261635	9
0.261636	10
0.261644	11
0.261697	12
0.261755	13
0.261817	14
0.261885	15
0.261957	16
0.262034	17
0.262115	18
0.262202	19
0.262258	20
0.262288	6
0.262311	7
0.262315	8
0.262325	9
0.262327	10
0.262349	9
0.262392	10
0.262401	11
0.262458	12
0.262519	13
0.262585	14
0.262656	15
0.262732	16
0.262813	17
0.262898	18
0.262962	19
0.263007	20
0.263041	6
0.263071	7
0.263073	8
0.263082	9
0.263084	10
0.263106	9
0.263153	10
0.263162	11
0.263222	12
0.263287	13
0.263357	14
0.263432	15
0.263511	16
0.263595	17
0.263658	18
0.263712	19
0.263766	20
0.263798	6
0.263833	7
0.263835	8
0.263843	9
0.263846	10
0.263867	9
0.263917	10
0.263927	11
0.26399	12
0.264059	13
0.264132	14
0.26421	15
0.264293	16
0.264355	17
0.264409	18
0.264468	19
0.264528	20
0.264559	6
0.264599	7
0.264601	8
0.264606	9
0.26461	10
0.264631	8
0.264685	9
0.264686	10
0.264695	11
0.264762	12
0.264834	13
0.264911	14
0.264993	15
0.265053	16
0.265107	17
0.265166	18
0.265227	19
0.265292	20
0.265325	6
0.265367	7
0.265369	8
0.265374	9
0.265376	10
0.265399	8
0.265457	9
0.265458	10
0.265467	11
0.265537	12
0.265613	13
0.265694	14
0.265753	15
0.265806	16
0.265864	17
0.265927	18
0.265992	19
0.26606	20
0.266093	6
0.266138	7
0.266141	8
0.266147	9
0.266149	10
0.266172	7
0.266232	8
0.266233	9
0.266235	10
0.266242	11
0.266318	12
0.266396	13
0.266453	14
0.266505	15
0.266563	16
0.266625	17
0.266691	18
0.266761	19
0.266832	20
0.266864	6
0.266914	7
0.266916	8
0.266923	9
0.266926	10
0.266947	7
0.267011	8
0.267012	9
0.267014	10
0.267022	11
0.2671	12
0.267155	13
0.267206	14
0.267262	15
0.267324	16
0.26739	17
0.267459	18
0.267533	19
0.267606	20
0.26764	6
0.267691	7
0.267694	8
0.267702	9
0.267705	10
0.267726	7
0.267794	8
0.267795	9
0.267796	10
0.267804	11
0.267859	12
0.267908	13
0.267963	14
0.268023	15
0.268088	16
0.268157	17
0.268229	18
0.268306	19
0.268383	20
0.268419	6
0.268473	7
0.268475	8
0.268482	9
0.268485	10
0.268509	7
0.268553	8
0.268554	9
0.268556	10
0.268563	11
0.268613	12
0.268667	13
0.268726	14
0.268789	15
0.268858	16
0.268931	17
0.269008	18
0.269089	19
0.269168	20
0.269203	6
0.269236	7
0.269239	8
0.269247	9
0.26925	10
0.269269	8
0.269307	9
0.269309	10
0.269317	11
0.26937	12
0.269428	13
0.26949	14
0.269557	15
0.269629	16
0.269706	17
0.269788	18
0.269875	19
0.269931	20
0.269961	6
0.269984	7
0.269988	8
0.269997	9
0.27	10
0.270021	9
0.270065	10
0.270074	11
0.270131	12
0.270192	13
0.270258	14
0.270329	15
0.270405	16
0.270485	17
0.270571	18
0.270634	19
0.27068	20
0.270714	6
0.270744	7
0.270746	8
0.270755	9
0.270757	10
0.270779	9
0.270825	10
0.270835	11
0.270895	12
0.27096	13
0.27103	14
0.271104	15
0.271184	16
0.271268	17
0.27133	18
0.271384	19
0.271438	20
0.271471	6
0.271506	7
0.271508	8
0.271515	9
0.271519	10
0.271539	9
0.27159	10
0.2716	11
0.271663	12
0.271732	13
0.271805	14
0.271883	15
0.271966	16
0.272027	17
0.272082	18
0.27214	19
0.272201	20
0.272232	6
0.272271	7
0.272274	8
0.272279	9
0.272282	10
0.272304	8
0.272358	9
0.272359	10
0.272368	11
0.272435	12
0.272507	13
0.272584	14
0.272666	15
0.272726	16
0.27278	17
0.272839	18
0.2729	19
0.272965	20
0.272997	6
0.27304	7
0.273042	8
0.273047	9
0.273049	10
0.273072	8
0.27313	9
0.273131	10
0.273139	11
0.27321	12
0.273286	13
0.273366	14
0.273425	15
0.273478	16
0.273537	17
0.2736	18
0.273665	19
0.273733	20
0.273766	6
0.273811	7
0.273814	8
0.27382	9
0.273822	10
0.273845	7
0.273905	8
0.273906	9
0.273907	10
0.273915	11
0.27399	12
0.274068	13
0.274126	14
0.274178	15
0.274236	16
0.274298	17
0.274364	18
0.274434	19
0.274505	20
0.274537	6
0.274587	7
0.274589	8
0.274596	9
0.274599	10
0.27462	7
0.274684	8
0.274685	9
0.274686	10
0.274695	11
0.274773	12
0.274828	13
0.274879	14
0.274935	15
0.274996	16
0.275063	17
0.275132	18
0.275206	19
0.275279	20
0.275313	6
0.275364	7
0.275367	8
0.275375	9
0.275377	10
0.275399	7
0.275466	8
0.275468	9
0.275469	10
0.275477	11
0.275531	12
0.275581	13
0.275636	14
0.275696	15
0.275761	16
0.275829	17
0.275902	18
0.275978	19
0.276055	20
0.276091	6
0.276146	7
0.276148	8
0.276155	9
0.276158	10
0.276182	7
0.276226	8
0.276227	9
0.276228	10
0.276236	11
0.276285	12
0.276339	13
0.276398	14
0.276462	15
0.276531	16
0.276604	17
0.276681	18
0.276761	19
0.276841	20
0.276876	6
0.276909	7
0.276912	8
0.27692	9
0.276922	10
0.276942	8
0.27698	9
0.276981	10
0.27699	11
0.277043	12
0.2771	13
0.277163	14
0.27723	15
0.277302	16
0.277379	17
0.277461	18
0.277547	19
0.277604	20
0.277634	6
0.277657	7
0.27766	8
0.27767	9
0.277672	10
0.277694	9
0.277737	10
0.277747	11
0.277803	12
0.277865	13
0.277931	14
0.278002	15
0.278078	16
0.278158	17
0.278243	18
0.278307	19
0.278353	20
0.278386	6
0.278416	7
0.278419	8
0.278427	9
0.27843	10
0.278451	9
0.278498	10
0.278508	11
0.278568	12
0.278633	13
0.278703	14
0.278777	15
0.278856	16
0.278941	17
0.279003	18
0.279057	19
0.279111	20
0.279144	6
0.279179	7
0.279181	8
0.279188	9
0.279192	10
0.279212	9
0.279263	10
0.279272	11
0.279336	12
0.279405	13
0.279478	14
0.279556	15
0.279639	16
0.2797	17
0.279754	18
0.279813	19
0.279873	20
0.279905	6
0.279944	7
0.279947	8
0.279951	9
0.279955	10
0.279977	8
0.280031	9
0.280032	10
0.28004	11
0.280108	12
0.28018	13
0.280257	14
0.280338	15
0.280399	16
0.280453	17
0.280512	18
0.280573	19
0.280638	20
0.28067	6
0.280712	7
0.280715	8
0.28072	9
0.280722	10
0.280745	8
0.280802	9
0.280804	10
0.280812	11
0.280883	12
0.280959	13
0.281039	14
0.281098	15
0.281151	16
0.28121	17
0.281272	18
0.281337	19
0.281406	20
0.281438	6
0.281484	7
0.281486	8
0.281492	9
0.281495	10
0.281518	7
0.281578	8
0.281579	9
0.28158	10
0.281587	11
0.281663	12
0.281741	13
0.281799	14
0.281851	15
0.281908	16
0.281971	17
0.282037	18
0.282107	19
0.282178	20
0.28221	6
0.282259	7
0.282262	8
0.282269	9
0.282271	10
0.282293	7
0.282357	8
0.282358	9
0.282359	10
0.282367	11
0.282446	12
0.282501	13
0.282551	14
0.282608	15
0.282669	16
0.282735	17
0.282805	18
0.282878	19
0.282952	20
0.282985	6
0.283037	7
0.283039	8
0.283048	9
0.28305	10
0.283072	7
0.283139	8
0.28314	9
0.283142	10
0.28315	11
0.283204	12
0.283253	13
0.283309	14
0.283369	15
0.283434	16
0.283502	17
0.283574	18
0.283651	19
0.283728	20
0.283764	6
0.283818	7
0.283821	8
0.283828	9
0.28383	10
0.283854	7
0.283899	8
0.2839	9
0.283901	10
0.283908	11
0.283958	12
0.284012	13
0.284071	14
0.284135	15
0.284203	16
0.284277	17
0.284354	18
0.284434	19
0.284513	20
0.284548	6
0.284582	7
0.284584	8
0.284593	9
0.284595	10
0.284614	8
0.284653	9
0.284654	10
0.284662	11
0.284715	12
0.284773	13
0.284836	14
0.284903	15
0.284975	16
0.285052	17
0.285134	18
0.28522	19
0.285277	20
0.285307	6
0.28533	7
0.285333	8
0.285343	9
0.285345	10
0.285367	9
0.28541	10
0.28542	11
0.285476	12
0.285538	13
0.285604	14
0.285675	15
0.28575	16
0.285831	17
0.285916	18
0.28598	19
0.286026	20
0.286059	6
0.286089	7
0.286092	8
0.2861	9
0.286102	10
0.286124	9
0.286171	10
0.286181	11
0.286241	12
0.286306	13
0.286375	14
0.28645	15
0.286529	16
0.286613	17
0.286676	18
0.28673	19
0.286784	20
0.286816	6
0.286851	7
0.286854	8
0.286861	9
0.286865	10
0.286885	9
0.286935	10
0.286945	11
0.287009	12
0.287077	13
0.287151	14
0.287229	15
0.287312	16
0.287373	17
0.287427	18
0.287486	19
0.287546	20
0.287577	6
0.287617	7
0.287619	8
0.287624	9
0.287628	10
0.287649	8
0.287704	9
0.287705	10
0.287713	11
0.28778	12
0.287853	13
0.28793	14
0.288011	15
0.288071	16
0.288125	17
0.288184	18
0.288246	19
0.288311	20
0.288343	6
0.288385	7
0.288387	8
0.288392	9
0.288395	10
0.288418	8
0.288475	9
0.288476	10
0.288485	11
0.288556	12
0.288631	13
0.288712	14
0.288771	15
0.288824	16
0.288883	17
0.288945	18
0.28901	19
0.289079	20
0.289111	6
0.289157	7
0.289159	8
0.289165	9
0.289168	10
0.28919	7
0.289251	8
0.289252	9
0.289253	10
0.28926	11
0.289336	12
0.289414	13
0.289472	14
0.289523	15
0.289581	16
0.289644	17
0.28971	18
0.289779	19
0.28985	20
0.289883	6
0.289932	7
0.289934	8
0.289942	9
0.289944	10
0.289966	7
0.290029	8
0.290031	9
0.290032	10
0.29004	11
0.290118	12
0.290174	13
0.290224	14
0.290281	15
0.290342	16
0.290408	17
0.290478	18
0.290551	19
0.290624	20
0.290658	6
0.29071	7
0.290712	8
0.290721	9
0.290723	10
0.290745	7
0.290812	8
0.290813	9
0.290814	10
0.290823	11
0.290877	12
0.290926	13
0.290981	14
0.291042	15
0.291106	16
0.291175	17
0.291247	18
0.291324	19
0.291401	20
0.291437	6
0.291491	7
0.291493	8
0.291501	9
0.291503	10
0.291527	7
0.291572	8
0.291573	9
0.291574	10
0.291581	11
0.291631	12
0.291685	13
0.291744	14
0.291808	15
0.291876	16
0.291949	17
0.292026	18
0.292107	19
0.292186	20
0.292221	6
0.292255	7
0.292257	8
0.292266	9
0.292268	10
0.292287	8
0.292326	9
0.292327	10
0.292335	11
0.292388	12
0.292446	13
0.292508	14
0.292576	15
0.292648	16
0.292725	17
0.292806	18
0.292893	19
0.292949	20
0.29298	6
0.293002	7
0.293006	8
0.293016	9
0.293018	10
0.29304	9
0.293083	10
0.293093	11
0.293149	12
0.29321	13
0.293276	14
0.293347	15
0.293423	16
0.293504	17
0.293589	18
0.293653	19
0.293698	20
0.293732	6
0.293762	7
0.293764	8
0.293773	9
0.293775	10
0.293797	9
0.293844	10
0.293853	11
0.293913	12
0.293978	13
0.294048	14
0.294123	15
0.294202	16
0.294286	17
0.294349	18
0.294403	19
0.294457	20
0.294489	6
0.294524	7
0.294527	8
0.294534	9
0.294537	10
0.294558	9
0.294608	10
0.294618	11
0.294682	12
0.29475	13
0.294823	14
0.294902	15
0.294984	16
0.295046	17
0.2951	18
0.295159	19
0.295219	20
0.29525	6
0.29529	7
0.295292	8
0.295297	9
0.295301	10
0.295322	8
0.295376	9
0.295378	10
0.295386	11
0.295453	12
0.295525	13
0.295602	14
0.295684	15
0.295744	16
0.295798	17
0.295857	18
0.295918	19
0.295983	20
0.296016	6
0.296058	7
0.29606	8
0.296065	9
0.296067	10
0.29609	8
0.296148	9
0.296149	10
0.296158	11
0.296229	12
0.296304	13
0.296385	14
0.296444	15
0.296497	16
0.296555	17
0.296618	18
0.296683	19
0.296751	20
0.296784	6
0.29683	7
0.296832	8
0.296838	9
0.29684	10
0.296863	7
0.296923	8
0.296924	9
0.296926	10
0.296933	11
0.297009	12
0.297087	13
0.297144	14
0.297196	15
0.297254	16
0.297316	17
0.297382	18
0.297452	19
0.297523	20
0.297556	6
0.297605	7
0.297607	8
0.297614	9
0.297617	10
0.297638	7
0.297702	8
0.297703	9
0.297705	10
0.297713	11
0.297791	12
0.297846	13
0.297897	14
0.297953	15
0.298015	16
0.298081	17
0.298151	18
0.298224	19
0.298297	20
0.298331	6
0.298383	7
0.298385	8
0.298393	9
0.298396	10
0.298417	7
0.298485	8
0.298486	9
0.298487	10
0.298496	11
0.29855	12
0.298599	13
0.298654	14
0.298714	15
0.298779	16
0.298848	17
0.29892	18
0.298997	19
0.299074	20
0.29911	6
0.299164	7
0.299166	8
0.299173	9
0.299176	10
0.2992	7
0.299244	8
0.299246	9
0.299247	10
0.299254	11
0.299304	12
0.299358	13
0.299417	14
0.29948	15
0.299549	16
0.299622	17
0.299699	18
0.29978	19
0.299859	20
0.299894	6
0.299927	7
0.29993	8
0.299938	9
0.299941	10
0.29996	8
0.299998	9
0.3	10
0.300008	11
0.300061	12
0.300119	13
0.300181	14
0.300248	15
0.300321	16
0.300397	17
0.300479	18
0.300566	19
0.300622	20
0.300652	6
0.300675	7
0.300679	8
0.300688	9
0.300691	10
0.300712	9
0.300756	10
0.300765	11
0.300822	12
0.300883	13
0.300949	14
0.30102	15
0.301096	16
0.301176	17
0.301262	18
0.301325	19
0.301371	20
0.301405	6
0.301435	7
0.301437	8
0.301446	9
0.301448	10
0.30147	9
0.301517	10
0.301526	11
0.301586	12
0.301651	13
0.301721	14
0.301795	15
0.301875	16
0.301959	17
0.302021	18
0.302075	19
0.30213	20
0.302162	6
0.302197	7
0.302199	8
0.302206	9
0.30221	10
0.302231	9
0.302281	10
0.302291	11
0.302354	12
0.302423	13
0.302496	14
0.302574	15
0.302657	16
0.302719	17
0.302773	18
0.302832	19
0.302892	20
0.302923	6
0.302963	7
0.302965	8
0.30297	9
0.302973	10
0.302995	8
0.303049	9
0.30305	10
0.303059	11
0.303126	12
0.303198	13
0.303275	14
0.303357	15
0.303417	16
0.303471	17
0.30353	18
0.303591	19
0.303656	20
0.303689	6
0.303731	7
0.303733	8
0.303738	9
0.30374	10
0.303763	8
0.303821	9
0.303822	10
0.30383	11
0.303901	12
0.303977	13
0.304058	14
0.304116	15
0.304169	16
0.304228	17
0.304291	18
0.304356	19
0.304424	20
0.304457	6
0.304502	7
0.304505	8
0.304511	9
0.304513	10
0.304536	7
0.304596	8
0.304597	9
0.304598	10
0.304606	11
0.304681	12
0.30476	13
0.304817	14
0.304869	15
0.304927	16
0.304989	17
0.305055	18
0.305125	19
0.305196	20
0.305228	6
0.305278	7
0.30528	8
0.305287	9
0.30529	10
0.305311	7
0.305375	8
0.305376	9
0.305377	10
0.305386	11
0.305464	12
0.305519	13
0.30557	14
0.305626	15
0.305687	16
0.305754	17
0.305823	18
0.305897	19
0.30597	20
0.306004	6
0.306055	7
0.306058	8
0.306066	9
0.306069	10
0.30609	7
0.306157	8
0.306159	9
0.30616	10
0.306168	11
0.306222	12
0.306272	13
0.306327	14
0.306387	15
0.306452	16
0.30652	17
0.306593	18
0.30667	19
0.306746	20
0.306783	6
0.306837	7
0.306839	8
0.306846	9
0.306849	10
0.306873	7
0.306917	8
0.306918	9
0.30692	10
0.306927	11
0.306976	12
0.307031	13
0.307089	14
0.307153	15
0.307222	16
0.307295	17
0.307372	18
0.307452	19
0.307532	20
0.307567	6
0.3076	7
0.307603	8
0.307611	9
0.307613	10
0.307633	8
0.307671	9
0.307672	10
0.307681	11
0.307734	12
0.307791	13
0.307854	14
0.307921	15
0.307993	16
0.30807	17
0.308152	18
0.308239	19
0.308295	20
0.308325	6
0.308348	7
0.308352	8
0.308361	9
0.308364	10
0.308385	9
0.308428	10
0.308438	11
0.308495	12
0.308556	13
0.308622	14
0.308693	15
0.308769	16
0.308849	17
0.308934	18
0.308998	19
0.309044	20
0.309078	6
0.309108	7
0.30911	8
0.309118	9
0.309121	10
0.309142	9
0.309189	10
0.309199	11
0.309259	12
0.309324	13
0.309394	14
0.309468	15
0.309548	16
0.309632	17
0.309694	18
0.309748	19
0.309802	20
0.309835	6
0.30987	7
0.309872	8
0.309879	9
0.309883	10
0.309903	9
0.309954	10
0.309963	11
0.310027	12
0.310096	13
0.310169	14
0.310247	15
0.31033	16
0.310391	17
0.310445	18
0.310504	19
0.310564	20
0.310596	6
0.310635	7
0.310638	8
0.310643	9
0.310646	10
0.310668	8
0.310722	9
0.310723	10
0.310731	11
0.310799	12
0.310871	13
0.310948	14
0.31103	15
0.31109	16
0.311144	17
0.311203	18
0.311264	19
0.311329	20
0.311361	6
0.311403	7
0.311406	8
0.311411	9
0.311413	10
0.311436	8
0.311494	9
0.311495	10
0.311503	11
0.311574	12
0.31165	13
0.31173	14
0.311789	15
0.311842	16
0.311901	17
0.311964	18
0.312028	19
0.312097	20
0.312129	6
0.312175	7
0.312177	8
0.312183	9
0.312186	10
0.312209	7
0.312269	8
0.31227	9
0.312271	10
0.312278	11
0.312354	12
0.312432	13
0.31249	14
0.312542	15
0.312599	16
0.312662	17
0.312728	18
0.312798	19
0.312869	20
0.312901	6
0.31295	7
0.312953	8
0.31296	9
0.312962	10
0.312984	7
0.313048	8
0.313049	9
0.31305	10
0.313059	11
0.313137	12
0.313192	13
0.313242	14
0.313299	15
0.31336	16
0.313426	17
0.313496	18
0.313569	19
0.313643	20
0.313676	6
0.313728	7
0.31373	8
0.313739	9
0.313741	10
0.313763	7
0.31383	8
0.313831	9
0.313833	10
0.313841	11
0.313895	12
0.313944	13
0.314	14
0.31406	15
0.314125	16
0.314193	17
0.314265	18
0.314342	19
0.314419	20
0.314455	6
0.314509	7
0.314512	8
0.314519	9
0.314521	10
0.314545	7
0.31459	8
0.314591	9
0.314592	10
0.3146	11
0.314649	12
0.314703	13
0.314762	14
0.314826	15
0.314894	16
0.314968	17
0.315045	18
0.315125	19
0.315205	20
0.315239	6
0.315273	7
0.315275	8
0.315284	9
0.315286	10
0.315305	8
0.315344	9
0.315345	10
0.315354	11
0.315406	12
0.315464	13
0.315527	14
0.315594	15
0.315666	16
0.315743	17
0.315825	18
0.315911	19
0.315968	20
0.315998	6
0.316021	7
0.316024	8
0.316034	9
0.316036	10
0.316058	9
0.316101	10
0.316111	11
0.316167	12
0.316229	13
0.316295	14
0.316366	15
0.316441	16
0.316522	17
0.316607	18
0.316671	19
0.316717	20
0.31675	6
0.31678	7
0.316783	8
0.316791	9
0.316794	10
0.316815	9
0.316862	10
0.316872	11
0.316932	12
0.316997	13
0.317066	14
0.317141	15
0.31722	16
0.317304	17
0.317367	18
0.317421	19
0.317475	20
0.317508	6
0.317542	7
0.317545	8
0.317552	9
0.317556	10
0.317576	9
0.317627	10
0.317636	11
0.3177	12
0.317768	13
0.317842	14
0.31792	15
0.318003	16
0.318064	17
0.318118	18
0.318177	19
0.318237	20
0.318268	6
0.318308	7
0.31831	8
0.318315	9
0.318319	10
0.318341	8
0.318395	9
0.318396	10
0.318404	11
0.318472	12
0.318544	13
0.318621	14
0.318702	15
0.318762	16
0.318817	17
0.318875	18
0.318937	19
0.319002	20
0.319034	6
0.319076	7
0.319079	8
0.319083	9
0.319086	10
0.319109	8
0.319166	9
0.319168	10
0.319176	11
0.319247	12
0.319323	13
0.319403	14
0.319462	15
0.319515	16
0.319574	17
0.319636	18
0.319701	19
0.31977	20
0.319802	6
0.319848	7
0.31985	8
0.319856	9
0.319859	10
0.319881	7
0.319942	8
0.319943	9
0.319944	10
0.319951	11
0.320027	12
0.320105	13
0.320163	14
0.320214	15
0.320272	16
0.320335	17
0.320401	18
0.32047	19
0.320541	20
0.320574	6
0.320623	7
0.320626	8
0.320633	9
0.320635	10
0.320657	7
0.32072	8
0.320722	9
0.320723	10
0.320731	11
0.320809	12
0.320865	13
0.320915	14
0.320972	15
0.321033	16
0.321099	17
0.321169	18
0.321242	19
0.321315	20
0.321349	6
0.321401	7
0.321403	8
0.321412	9
0.321414	10
0.321436	7
0.321503	8
0.321504	9
0.321505	10
0.321514	11
0.321568	12
0.321617	13
0.321672	14
0.321733	15
0.321797	16
0.321866	17
0.321938	18
0.322015	19
0.322092	20
0.322128	6
0.322182	7
0.322185	8
0.322192	9
0.322194	10
0.322218	7
0.322263	8
0.322264	9
0.322265	10
0.322272	11
0.322322	12
0.322376	13
0.322435	14
0.322499	15
0.322567	16
0.32264	17
0.322717	18
0.322798	19
0.322877	20
0.322912	6
0.322946	7
0.322948	8
0.322957	9
0.322959	10
0.322978	8
0.323017	9
0.323018	10
0.323026	11
0.323079	12
0.323137	13
0.323199	14
0.323267	15
0.323339	16
0.323416	17
0.323498	18
0.323584	19
0.323641	20
0.323671	6
0.323693	7
0.323697	8
0.323707	9
0.323709	10
0.323731	9
0.323774	10
0.323784	11
0.32384	12
0.323901	13
0.323967	14
0.324038	15
0.324114	16
0.324195	17
0.32428	18
0.324344	19
0.324389	20
0.324423	6
0.324453	7
0.324456	8
0.324464	9
0.324466	10
0.324488	9
0.324535	10
0.324544	11
0.324605	12
0.324669	13
0.324739	14
0.324814	15
0.324893	16
0.324977	17
0.32504	18
0.325094	19
0.325148	20
0.32518	6
0.325215	7
0.325218	8
0.325225	9
0.325228	10
0.325249	9
0.325299	10
0.325309	11
0.325373	12
0.325441	13
0.325514	14
0.325593	15
0.325676	16
0.325737	17
0.325791	18
0.32585	19
0.32591	20
0.325941	6
0.325981	7
0.325983	8
0.325988	9
0.325992	10
0.326013	8
0.326067	9
0.326069	10
0.326077	11
0.326144	12
0.326216	13
0.326293	14
0.326375	15
0.326435	16
0.326489	17
0.326548	18
0.326609	19
0.326674	20
0.326707	6
0.326749	7
0.326751	8
0.326756	9
0.326759	10
0.326781	8
0.326839	9
0.32684	10
0.326849	11
0.32692	12
0.326995	13
0.327076	14
0.327135	15
0.327188	16
0.327247	17
0.327309	18
0.327374	19
0.327442	20
0.327475	6
0.327521	7
0.327523	8
0.327529	9
0.327531	10
0.327554	7
0.327614	8
0.327616	9
0.327617	10
0.327624	11
0.3277	12
0.327778	13
0.327836	14
0.327887	15
0.327945	16
0.328007	17
0.328074	18
0.328143	19
0.328214	20
0.328247	6
0.328296	7
0.328298	8
0.328306	9
0.328308	10
0.32833	7
0.328393	8
0.328394	9
0.328396	10
0.328404	11
0.328482	12
0.328538	13
0.328588	14
0.328644	15
0.328706	16
0.328772	17
0.328842	18
0.328915	19
0.328988	20
0.329022	6
0.329074	7
0.329076	8
0.329084	9
0.329087	10
0.329108	7
0.329176	8
0.329177	9
0.329178	10
0.329187	11
0.329241	12
0.32929	13
0.329345	14
0.329405	15
0.32947	16
0.329539	17
0.329611	18
0.329688	19
0.329765	20
0.329801	6
0.329855	7
0.329857	8
0.329865	9
0.329867	10
0.329891	7
0.329935	8
0.329937	9
0.329938	10
0.329945	11
0.329995	12
0.330049	13
0.330108	14
0.330171	15
0.33024	16
0.330313	17
0.33039	18
0.330471	19
0.33055	20
0.330585	6
0.330619	7
0.330621	8
0.330629	9
0.330632	10
0.330651	8
0.330689	9
0.330691	10
0.330699	11
0.330752	12
0.33081	13
0.330872	14
0.33094	15
0.331012	16
0.331089	17
0.33117	18
0.331257	19
0.331313	20
0.331343	6
0.331366	7
0.33137	8
0.331379	9
0.331382	10
0.331403	9
0.331447	10
0.331456	11
0.331513	12
0.331574	13
0.33164	14
0.331711	15
0.331787	16
0.331867	17
0.331953	18
0.332016	19
0.332062	20
0.332096	6
0.332126	7
0.332128	8
0.332137	9
0.332139	10
0.332161	9
0.332208	10
0.332217	11
0.332277	12
0.332342	13
0.332412	14
0.332486	15
0.332566	16
0.33265	17
0.332712	18
0.332767	19
0.332821	20
0.332853	6
0.332888	7
0.33289	8
0.332898	9
0.332901	10
0.332922	9
0.332972	10
0.332982	11
0.333045	12
0.333114	13
0.333187	14
0.333265	15
0.333348	16
0.33341	17
0.333464	18
0.333523	19
0.333583	20
0.333614	6
0.333654	7
0.333656	8
0.333661	9
0.333664	10
0.333686	8
0.33374	9
0.333741	10
0.33375	11
0.333817	12
0.333889	13
0.333966	14
0.334048	15
0.334108	16
0.334162	17
0.334221	18
0.334282	19
0.334347	20
0.33438	6
0.334422	7
0.334424	8
0.334429	9
0.334431	10
0.334454	8
0.334512	9
0.334513	10
0.334521	11
0.334592	12
0.334668	13
0.334749	14
0.334808	15
0.33486	16
0.334919	17
0.334982	18
0.335047	19
0.335115	20
0.335148	6
0.335193	7
0.335196	8
0.335202	9
0.335204	10
0.335227	7
0.335287	8
0.335288	9
0.33529	10
0.335297	11
0.335372	12
0.335451	13
0.335508	14
0.33556	15
0.335618	16
0.33568	17
0.335746	18
0.335816	19
0.335887	20
0.335919	6
0.335969	7
0.335971	8
0.335978	9
0.335981	10
0.336002	7
0.336066	8
0.336067	9
0.336068	10
0.336077	11
0.336155	12
0.33621	13
0.336261	14
0.336317	15
0.336379	16
0.336445	17
0.336514	18
0.336588	19
0.336661	20
0.336695	6
0.336746	7
0.336749	8
0.336757	9
0.33676	10
0.336781	7
0.336849	8
0.33685	9
0.336851	10
0.336859	11
0.336913	12
0.336963	13
0.337018	14
0.337078	15
0.337143	16
0.337212	17
0.337284	18
0.337361	19
0.337438	20
0.337474	6
0.337528	7
0.33753	8
0.337537	9
0.33754	10
0.337564	7
0.337608	8
0.337609	9
0.337611	10
0.337618	11
0.337667	12
0.337722	13
0.33778	14
0.337844	15
0.337913	16
0.337986	17
0.338063	18
0.338143	19
0.338223	20
0.338258	6
0.338291	7
0.338294	8
0.338302	9
0.338305	10
0.338324	8
0.338362	9
0.338363	10
0.338372	11
0.338425	12
0.338482	13
0.338545	14
0.338612	15
0.338684	16
0.338761	17
0.338843	18
0.33893	19
0.338986	20
0.339016	6
0.339039	7
0.339043	8
0.339052	9
0.339055	10
0.339076	9
0.33912	10
0.339129	11
0.339186	12
0.339247	13
0.339313	14
0.339384	15
0.33946	16
0.33954	17
0.339626	18
0.339689	19
0.339735	20
0.339769	6
0.339799	7
0.339801	8
0.339809	9
0.339812	10
0.339834	9
0.33988	10
0.33989	11
0.33995	12
0.340015	13
0.340085	14
0.340159	15
0.340239	16
0.340323	17
0.340385	18
0.340439	19
0.340493	20
0.340526	6
0.340561	7
0.340563	8
0.34057	9
0.340574	10
0.340594	9
0.340645	10
0.340654	11
0.340718	12
0.340787	13
0.34086	14
0.340938	15
0.341021	16
0.341082	17
0.341136	18
0.341195	19
0.341255	20
0.341287	6
0.341326	7
0.341329	8
0.341334	9
0.341337	10
0.341359	8
0.341413	9
0.341414	10
0.341423	11
0.34149	12
0.341562	13
0.341639	14
0.341721	15
0.341781	16
0.341835	17
0.341894	18
0.341955	19
0.34202	20
0.342052	6
0.342094	7
0.342097	8
0.342102	9
0.342104	10
0.342127	8
0.342185	9
0.342186	10
0.342194	11
0.342265	12
0.342341	13
0.342421	14
0.34248	15
0.342533	16
0.342592	17
0.342655	18
0.34272	19
0.342788	20
0.34282	6
0.342866	7
0.342869	8
0.342875	9
0.342877	10
0.3429	7
0.34296	8
0.342961	9
0.342962	10
0.34297	11
0.343045	12
0.343123	13
0.343181	14
0.343233	15
0.34329	16
0.343353	17
0.343419	18
0.343489	19
0.34356	20
0.343592	6
0.343641	7
0.343644	8
0.343651	9
0.343653	10
0.343675	7
0.343739	8
0.34374	9
0.343741	10
0.34375	11
0.343828	12
0.343883	13
0.343934	14
0.34399	15
0.344051	16
0.344117	17
0.344187	18
0.34426	19
0.344334	20
0.344367	6
0.344419	7
0.344422	8
0.34443	9
0.344432	10
0.344454	7
0.344521	8
0.344523	9
0.344524	10
0.344532	11
0.344586	12
0.344635	13
0.344691	14
0.344751	15
0.344816	16
0.344884	17
0.344956	18
0.345033	19
0.34511	20
0.345146	6
0.3452	7
0.345203	8
0.34521	9
0.345212	10
0.345236	7
0.345281	8
0.345282	9
0.345283	10
0.345291	11
0.34534	12
0.345394	13
0.345453	14
0.345517	15
0.345585	16
0.345659	17
0.345736	18
0.345816	19
0.345896	20
0.34593	6
0.345964	7
0.345967	8
0.345975	9
0.345977	10
0.345997	8
0.346035	9
0.346036	10
0.346045	11
0.346098	12
0.346155	13
0.346218	14
0.346285	15
0.346357	16
0.346434	17
0.346516	18
0.346602	19
0.346659	20
0.346689	6
0.346712	7
0.346715	8
0.346725	9
0.346727	10
0.346749	9
0.346792	10
0.346802	11
0.346858	12
0.34692	13
0.346986	14
0.347057	15
0.347132	16
0.347213	17
0.347298	18
0.347362	19
0.347408	20
0.347441	6
0.347471	7
0.347474	8
0.347482	9
0.347485	10
0.347506	9
0.347553	10
0.347563	11
0.347623	12
0.347688	13
0.347757	14
0.347832	15
0.347911	16
0.347995	17
0.348058	18
0.348112	19
0.348166	20
0.348199	6
0.348233	7
0.348236	8
0.348243	9
0.348247	10
0.348267	9
0.348318	10
0.348327	11
0.348391	12
0.348459	13
0.348533	14
0.348611	15
0.348694	16
0.348755	17
0.348809	18
0.348868	19
0.348928	20
0.348959	6
0.348999	7
0.349002	8
0.349006	9
0.34901	10
0.349032	8
0.349086	9
0.349087	10
0.349095	11
0.349163	12
0.349235	13
0.349312	14
0.349393	15
0.349454	16
0.349508	17
0.349566	18
0.349628	19
0.349693	20
0.349725	6
0.349767	7
0.34977	8
0.349774	9
0.349777	10
0.3498	8
0.349857	9
0.349859	10
0.349867	11
0.349938	12
0.350014	13
0.350094	14
0.350153	15
0.350206	16
0.350265	17
0.350327	18
0.350392	19
0.350461	20
0.350493	6
0.350539	7
0.350541	8
0.350547	9
0.35055	10
0.350573	7
0.350633	8
0.350634	9
0.350635	10
0.350642	11
0.350718	12
0.350796	13
0.350854	14
0.350906	15
0.350963	16
0.351026	17
0.351092	18
0.351162	19
0.351232	20
0.351265	6
0.351314	7
0.351317	8
0.351324	9
0.351326	10
0.351348	7
0.351412	8
0.351413	9
0.351414	10
0.351422	11
0.351501	12
0.351556	13
0.351606	14
0.351663	15
0.351724	16
0.35179	17
0.35186	18
0.351933	19
0.352007	20
0.35204	6
0.352092	7
0.352094	8
0.352103	9
0.352105	10
0.352127	7
0.352194	8
0.352195	9
0.352196	10
0.352205	11
0.352259	12
0.352308	13
0.352364	14
0.352424	15
0.352489	16
0.352557	17
0.352629	18
0.352706	19
0.352783	20
0.352819	6
0.352873	7
0.352876	8
0.352883	9
0.352885	10
0.352909	7
0.352954	8
0.352955	9
0.352956	10
0.352963	11
0.353013	12
0.353067	13
0.353126	14
0.35319	15
0.353258	16
0.353332	17
0.353408	18
0.353489	19
0.353568	20
0.353603	6
0.353637	7
0.353639	8
0.353648	9
0.35365	10
0.353669	8
0.353708	9
0.353709	10
0.353717	11
0.35377	12
0.353828	13
0.35389	14
0.353958	15
0.35403	16
0.354107	17
0.354189	18
0.354275	19
0.354332	20
0.354362	6
0.354385	7
0.354388	8
0.354398	9
0.3544	10
0.354422	9
0.354465	10
0.354475	11
0.354531	12
0.354592	13
0.354659	14
0.354729	15
0.354805	16
0.354886	17
0.354971	18
0.355035	19
0.35508	20
0.355114	6
0.355144	7
0.355147	8
0.355155	9
0.355157	10
0.355179	9
0.355226	10
0.355236	11
0.355296	12
0.355361	13
0.35543	14
0.355505	15
0.355584	16
0.355668	17
0.355731	18
0.355785	19
0.355839	20
0.355871	6
0.355906	7
0.355909	8
0.355916	9
0.355919	10
0.35594	9
0.35599	10
0.356	11
0.356064	12
0.356132	13
0.356206	14
0.356284	15
0.356367	16
0.356428	17
0.356482	18
0.356541	19
0.356601	20
0.356632	6
0.356672	7
0.356674	8
0.356679	9
0.356683	10
0.356704	8
0.356758	9
0.35676	10
0.356768	11
0.356835	12
0.356908	13
0.356984	14
0.357066	15
0.357126	16
0.35718	17
0.357239	18
0.357301	19
0.357365	20
0.357398	6
0.35744	7
0.357442	8
0.357447	9
0.35745	10
0.357472	8
0.35753	9
0.357531	10
0.35754	11
0.357611	12
0.357686	13
0.357767	14
0.357826	15
0.357879	16
0.357938	17
0.358	18
0.358065	19
0.358134	20
0.358166	6
0.358212	7
0.358214	8
0.35822	9
0.358223	10
0.358245	7
0.358305	8
0.358307	9
0.358308	10
0.358315	11
0.358391	12
0.358469	13
0.358527	14
0.358578	15
0.358636	16
0.358698	17
0.358765	18
0.358834	19
0.358905	20
0.358938	6
0.358987	7
0.358989	8
0.358997	9
0.358999	10
0.359021	7
0.359084	8
0.359086	9
0.359087	10
0.359095	11
0.359173	12
0.359229	13
0.359279	14
0.359336	15
0.359397	16
0.359463	17
0.359533	18
0.359606	19
0.359679	20
0.359713	6
0.359765	7
0.359767	8
0.359775	9
0.359778	10
0.3598	7
0.359867	8
0.359868	9
0.359869	10
0.359878	11
0.359932	12
0.359981	13
0.360036	14
0.360096	15
0.360161	16
0.36023	17
0.360302	18
0.360379	19
0.360456	20
0.360492	6
0.360546	7
0.360548	8
0.360556	9
0.360558	10
0.360582	7
0.360627	8
0.360628	9
0.360629	10
0.360636	11
0.360686	12
0.36074	13
0.360799	14
0.360862	15
0.360931	16
0.361004	17
0.361081	18
0.361162	19
0.361241	20
0.361276	6
0.36131	7
0.361312	8
0.36132	9
0.361323	10
0.361342	8
0.361381	9
0.361382	10
0.36139	11
0.361443	12
0.361501	13
0.361563	14
0.361631	15
0.361703	16
0.36178	17
0.361861	18
0.361948	19
0.362004	20
0.362034	6
0.362057	7
0.362061	8
0.362071	9
0.362073	10
0.362095	9
0.362138	10
0.362147	11
0.362204	12
0.362265	13
0.362331	14
0.362402	15
0.362478	16
0.362559	17
0.362644	18
0.362708	19
0.362753	20
0.362787	6
0.362817	7
0.362819	8
0.362828	9
0.36283	10
0.362852	9
0.362899	10
0.362908	11
0.362968	12
0.363033	13
0.363103	14
0.363178	15
0.363257	16
0.363341	17
0.363404	18
0.363458	19
0.363512	20
0.363544	6
0.363579	7
0.363581	8
0.363589	9
0.363592	10
0.363613	9
0.363663	10
0.363673	11
0.363736	12
0.363805	13
0.363878	14
0.363956	15
0.364039	16
0.364101	17
0.364155	18
0.364214	19
0.364274	20
0.364305	6
0.364345	7
0.364347	8
0.364352	9
0.364356	10
0.364377	8
0.364431	9
0.364432	10
0.364441	11
0.364508	12
0.36458	13
0.364657	14
0.364739	15
0.364799	16
0.364853	17
0.364912	18
0.364973	19
0.365038	20
0.365071	6
0.365113	7
0.365115	8
0.36512	9
0.365122	10
0.365145	8
0.365203	9
0.365204	10
0.365213	11
0.365283	12
0.365359	13
0.36544	14
0.365499	15
0.365551	16
0.36561	17
0.365673	18
0.365738	19
0.365806	20
0.365839	6
0.365884	7
0.365887	8
0.365893	9
0.365895	10
0.365918	7
0.365978	8
0.365979	9
0.365981	10
0.365988	11
0.366064	12
0.366142	13
0.366199	14
0.366251	15
0.366309	16
0.366371	17
0.366437	18
0.366507	19
0.366578	20
0.36661	6
0.36666	7
0.366662	8
0.366669	9
0.366672	10
0.366693	7
0.366757	8
0.366758	9
0.36676	10
0.366768	11
0.366846	12
0.366901	13
0.366952	14
0.367008	15
0.36707	16
0.367136	17
0.367205	18
0.367279	19
0.367352	20
0.367386	6
0.367437	7
0.36744	8
0.367448	9
0.367451	10
0.367472	7
0.36754	8
0.367541	9
0.367542	10
0.36755	11
0.367605	12
0.367654	13
0.367709	14
0.367769	15
0.367834	16
0.367903	17
0.367975	18
0.368052	19
0.368129	20
0.368165	6
0.368219	7
0.368221	8
0.368228	9
0.368231	10
0.368255	7
0.368299	8
0.3683	9
0.368302	10
0.368309	11
0.368359	12
0.368413	13
0.368472	14
0.368535	15
0.368604	16
0.368677	17
0.368754	18
0.368835	19
0.368914	20
0.368949	6
0.368982	7
0.368985	8
0.368993	9
0.368996	10
0.369015	8
0.369053	9
0.369055	10
0.369063	11
0.369116	12
0.369174	13
0.369236	14
0.369303	15
0.369375	16
0.369452	17
0.369534	18
0.369621	19
0.369677	20
0.369707	6
0.36973	7
0.369734	8
0.369743	9
0.369746	10
0.369767	9
0.369811	10
0.36982	11
0.369877	12
0.369938	13
0.370004	14
0.370075	15
0.370151	16
0.370231	17
0.370317	18
0.37038	19
0.370426	20
0.37046	6
0.37049	7
0.370492	8
0.370501	9
0.370503	10
0.370525	9
0.370571	10
0.370581	11
0.370641	12
0.370706	13
0.370776	14
0.37085	15
0.37093	16
0.371014	17
0.371076	18
0.37113	19
0.371184	20
0.371217	6
0.371252	7
0.371254	8
0.371261	9
0.371265	10
0.371285	9
0.371336	10
0.371346	11
0.371409	12
0.371478	13
0.371551	14
0.371629	15
0.371712	16
0.371773	17
0.371828	18
0.371886	19
0.371947	20
0.371978	6
0.372017	7
0.37202	8
0.372025	9
0.372028	10
0.37205	8
0.372104	9
0.372105	10
0.372114	11
0.372181	12
0.372253	13
0.37233	14
0.372412	15
0.372472	16
0.372526	17
0.372585	18
0.372646	19
0.372711	20
0.372743	6
0.372786	7
0.372788	8
0.372793	9
0.372795	10
0.372818	8
0.372876	9
0.372877	10
0.372885	11
0.372956	12
0.373032	13
0.373112	14
0.373171	15
0.373224	16
0.373283	17
0.373346	18
0.373411	19
0.373479	20
0.373512	6
0.373557	7
0.37356	8
0.373566	9
0.373568	10
0.373591	7
0.373651	8
0.373652	9
0.373653	10
0.373661	11
0.373736	12
0.373814	13
0.373872	14
0.373924	15
0.373982	16
0.374044	17
0.37411	18
0.37418	19
0.374251	20
0.374283	6
0.374333	7
0.374335	8
0.374342	9
0.374345	10
0.374366	7
0.37443	8
0.374431	9
0.374432	10
0.374441	11
0.374519	12
0.374574	13
0.374625	14
0.374681	15
0.374742	16
0.374809	17
0.374878	18
0.374952	19
0.375025	20
0.375059	6
0.37511	7
0.375113	8
0.375121	9
0.375123	10
0.375145	7
0.375212	8
0.375214	9
0.375215	10
0.375223	11
0.375277	12
0.375327	13
0.375382	14
0.375442	15
0.375507	16
0.375575	17
0.375647	18
0.375724	19
0.375801	20
0.375837	6
0.375892	7
0.375894	8
0.375901	9
0.375904	10
0.375928	7
0.375972	8
0.375973	9
0.375974	10
0.375982	11
0.376031	12
0.376085	13
0.376144	14
0.376208	15
0.376277	16
0.37635	17
0.376427	18
0.376507	19
0.376587	20
0.376622	6
0.376655	7
0.376658	8
0.376666	9
0.376668	10
0.376688	8
0.376726	9
0.376727	10
0.376736	11
0.376789	12
0.376846	13
0.376909	14
0.376976	15
0.377048	16
0.377125	17
0.377207	18
0.377293	19
0.37735	20
0.37738	6
0.377403	7
0.377406	8
0.377416	9
0.377418	10
0.37744	9
0.377483	10
0.377493	11
0.377549	12
0.377611	13
0.377677	14
0.377748	15
0.377824	16
0.377904	17
0.377989	18
0.378053	19
0.378099	20
0.378132	6
0.378162	7
0.378165	8
0.378173	9
0.378176	10
0.378197	9
0.378244	10
0.378254	11
0.378314	12
0.378379	13
0.378449	14
0.378523	15
0.378602	16
0.378687	17
0.378749	18
0.378803	19
0.378857	20
0.37889	6
0.378925	7
0.378927	8
0.378934	9
0.378938	10
0.378958	9
0.379009	10
0.379018	11
0.379082	12
0.379151	13
0.379224	14
0.379302	15
0.379385	16
0.379446	17
0.3795	18
0.379559	19
0.379619	20
0.379651	6
0.37969	7
0.379693	8
0.379697	9
0.379701	10
0.379723	8
0.379777	9
0.379778	10
0.379786	11
0.379854	12
0.379926	13
0.380003	14
0.380084	15
0.380145	16
0.380199	17
0.380258	18
0.380319	19
0.380384	20
0.380416	6
0.380458	7
0.380461	8
0.380466	9
0.380468	10
0.380491	8
0.380548	9
0.38055	10
0.380558	11
0.380629	12
0.380705	13
0.380785	14
0.380844	15
0.380897	16
0.380956	17
0.381018	18
0.381083	19
0.381152	20
0.381184	6
0.38123	7
0.381232	8
0.381238	9
0.381241	10
0.381264	7
0.381324	8
0.381325	9
0.381326	10
0.381333	11
0.381409	12
0.381487	13
0.381545	14
0.381597	15
0.381654	16
0.381717	17
0.381783	18
0.381853	19
0.381924	20
0.381956	6
0.382005	7
0.382008	8
0.382015	9
0.382017	10
0.382039	7
0.382103	8
0.382104	9
0.382105	10
0.382113	11
0.382192	12
0.382247	13
0.382297	14
0.382354	15
0.382415	16
0.382481	17
0.382551	18
0.382624	19
0.382698	20
0.382731	6
0.382783	7
0.382785	8
0.382794	9
0.382796	10
0.382818	7
0.382885	8
0.382886	9
0.382888	10
0.382896	11
0.38295	12
0.382999	13
0.383055	14
0.383115	15
0.38318	16
0.383248	17
0.38332	18
0.383397	19
0.383474	20
0.38351	6
0.383564	7
0.383567	8
0.383574	9
0.383576	10
0.3836	7
0.383645	8
0.383646	9
0.383647	10
0.383654	11
0.383704	12
0.383758	13
0.383817	14
0.383881	15
0.383949	16
0.384023	17
0.3841	18
0.38418	19
0.384259	20
0.384294	6
0.384328	7
0.38433	8
0.384339	9
0.384341	10
0.38436	8
0.384399	9
0.3844	10
0.384408	11
0.384461	12
0.384519	13
0.384582	14
0.384649	15
0.384721	16
0.384798	17
0.38488	18
0.384966	19
0.385023	20
0.385053	6
0.385076	7
0.385079	8
0.385089	9
0.385091	10
0.385113	9
0.385156	10
0.385166	11
0.385222	12
0.385284	13
0.38535	14
0.385421	15
0.385496	16
0.385577	17
0.385662	18
0.385726	19
0.385772	20
0.385805	6
0.385835	7
0.385838	8
0.385846	9
0.385848	10
0.38587	9
0.385917	10
0.385927	11
0.385987	12
0.386052	13
0.386121	14
0.386196	15
0.386275	16
0.386359	17
0.386422	18
0.386476	19
0.38653	20
0.386562	6
0.386597	7
0.3866	8
0.386607	9
0.386611	10
0.386631	9
0.386681	10
0.386691	11
0.386755	12
0.386823	13
0.386897	14
0.386975	15
0.387058	16
0.387119	17
0.387173	18
0.387232	19
0.387292	20
0.387323	6
0.387363	7
0.387365	8
0.38737	9
0.387374	10
0.387395	8
0.38745	9
0.387451	10
0.387459	11
0.387526	12
0.387599	13
0.387676	14
0.387757	15
0.387817	16
0.387871	17
0.38793	18
0.387992	19
0.388057	20
0.388089	6
0.388131	7
0.388133	8
0.388138	9
0.388141	10
0.388164	8
0.388221	9
0.388222	10
0.388231	11
0.388302	12
0.388377	13
0.388458	14
0.388517	15
0.38857	16
0.388629	17
0.388691	18
0.388756	19
0.388825	20
0.388857	6
0.388903	7
0.388905	8
0.388911	9
0.388914	10
0.388936	7
0.388997	8
0.388998	9
0.388999	10
0.389006	11
0.389082	12
0.38916	13
0.389218	14
0.389269	15
0.389327	16
0.38939	17
0.389456	18
0.389525	19
0.389596	20
0.389629	6
0.389678	7
0.38968	8
0.389688	9
0.38969	10
0.389712	7
0.389775	8
0.389777	9
0.389778	10
0.389786	11
0.389864	12
0.38992	13
0.38997	14
0.390027	15
0.390088	16
0.390154	17
0.390224	18
0.390297	19
0.39037	20
0.390404	6
0.390456	7
0.390458	8
0.390467	9
0.390469	10
0.390491	7
0.390558	8
0.390559	9
0.39056	10
0.390569	11
0.390623	12
0.390672	13
0.390727	14
0.390787	15
0.390852	16
0.390921	17
0.390993	18
0.39107	19
0.391147	20
0.391183	6
0.391237	7
0.391239	8
0.391247	9
0.391249	10
0.391273	7
0.391318	8
0.391319	9
0.39132	10
0.391327	11
0.391377	12
0.391431	13
0.39149	14
0.391554	15
0.391622	16
0.391695	17
0.391772	18
0.391853	19
0.391932	20
0.391967	6
0.392001	7
0.392003	8
0.392012	9
0.392014	10
0.392033	8
0.392072	9
0.392073	10
0.392081	11
0.392134	12
0.392192	13
0.392254	14
0.392322	15
0.392394	16
0.392471	17
0.392552	18
0.392639	19
0.392695	20
0.392726	6
0.392748	7
0.392752	8
0.392762	9
0.392764	10
0.392786	9
0.392829	10
0.392839	11
0.392895	12
0.392956	13
0.393022	14
0.393093	15
0.393169	16
0.39325	17
0.393335	18
0.393399	19
0.393444	20
0.393478	6
0.393508	7
0.39351	8
0.393519	9
0.393521	10
0.393543	9
0.39359	10
0.393599	11
0.393659	12
0.393724	13
0.393794	14
0.393869	15
0.393948	16
0.394032	17
0.394095	18
0.394149	19
0.394203	20
0.394235	6
0.39427	7
0.394272	8
0.39428	9
0.394283	10
0.394304	9
0.394354	10
0.394364	11
0.394428	12
0.394496	13
0.394569	14
0.394648	15
0.39473	16
0.394792	17
0.394846	18
0.394905	19
0.394965	20
0.394996	6
0.395036	7
0.395038	8
0.395043	9
0.395047	10
0.395068	8
0.395122	9
0.395124	10
0.395132	11
0.395199	12
0.395271	13
0.395348	14
0.39543	15
0.39549	16
0.395544	17
0.395603	18
0.395664	19
0.395729	20
0.395762	6
0.395804	7
0.395806	8
0.395811	9
0.395813	10
0.395836	8
0.395894	9
0.395895	10
0.395904	11
0.395975	12
0.39605	13
0.396131	14
0.39619	15
0.396243	16
0.396301	17
0.396364	18
0.396429	19
0.396497	20
0.39653	6
0.396576	7
0.396578	8
0.396584	9
0.396586	10
0.396609	7
0.396669	8
0.39667	9
0.396672	10
0.396679	11
0.396755	12
0.396833	13
0.39689	14
0.396942	15
0.397	16
0.397062	17
0.397128	18
0.397198	19
0.397269	20
0.397302	6
0.397351	7
0.397353	8
0.39736	9
0.397363	10
0.397384	7
0.397448	8
0.397449	9
0.397451	10
0.397459	11
0.397537	12
0.397592	13
0.397643	14
0.397699	15
0.397761	16
0.397827	17
0.397897	18
0.39797	19
0.398043	20
0.398077	6
0.398129	7
0.398131	8
0.398139	9
0.398142	10
0.398163	7
0.398231	8
0.398232	9
0.398233	10
0.398241	11
0.398296	12
0.398345	13
0.3984	14
0.39846	15
0.398525	16
0.398594	17
0.398666	18
0.398743	19
0.39882	20
0.398856	6
0.39891	7
0.398912	8
0.398919	9
0.398922	10
0.398946	7
0.39899	8
0.398992	9
0.398993	10
0.399	11
0.39905	12
0.399104	13
0.399163	14
0.399226	15
0.399295	16
0.399368	17
0.399445	18
0.399526	19
0.399605	20
0.39964	6
0.399673	7
0.399676	8
0.399684	9
0.399687	10
0.399706	8
0.399744	9
0.399746	10
0.399754	11
0.399807	12
0.399865	13
0.399927	14
0.399994	15
0.400067	16
0.400143	17
0.400225	18
0.400312	19
0.400368	20
0.400398	6
0.400421	7
0.400425	8
0.400434	9
0.400437	10
0.400458	9
0.400502	10
0.400511	11
0.400568	12
0.400629	13
0.400695	14
0.400766	15
0.400842	16
0.400922	17
0.401008	18
0.401071	19
0.401117	20
0.401151	6
0.401181	7
0.401183	8
0.401192	9
0.401194	10
0.401216	9
0.401263	10
0.401272	11
0.401332	12
0.401397	13
0.401467	14
0.401541	15
0.401621	16
0.401705	17
0.401767	18
0.401821	19
0.401876	20
0.401908	6
0.401943	7
0.401945	8
0.401952	9
0.401956	10
0.401977	9
0.402027	10
0.402037	11
0.4021	12
0.402169	13
0.402242	14
0.40232	15
0.402403	16
0.402465	17
0.402519	18
0.402578	19
0.402638	20
0.402669	6
0.402709	7
0.402711	8
0.402716	9
0.402719	10
0.402741	8
0.402795	9
0.402796	10
0.402805	11
0.402872	12
0.402944	13
0.403021	14
0.403103	15
0.403163	16
0.403217	17
0.403276	18
0.403337	19
0.403402	20
0.403435	6
0.403477	7
0.403479	8
0.403484	9
0.403486	10
0.403509	8
0.403567	9
0.403568	10
0.403576	11
0.403647	12
0.403723	13
0.403804	14
0.403862	15
0.403915	16
0.403974	17
0.404037	18
0.404102	19
0.40417	20
0.404203	6
0.404248	7
0.404251	8
0.404257	9
0.404259	10
0.404282	7
0.404342	8
0.404343	9
0.404344	10
0.404352	11
0.404427	12
0.404506	13
0.404563	14
0.404615	15
0.404673	16
0.404735	17
0.404801	18
0.404871	19
0.404942	20
0.404974	6
0.405024	7
0.405026	8
0.405033	9
0.405036	10
0.405057	7
0.405121	8
0.405122	9
0.405123	10
0.405132	11
0.40521	12
0.405265	13
0.405316	14
0.405372	15
0.405433	16
0.4055	17
0.405569	18
0.405643	19
0.405716	20
0.40575	6
0.405801	7
0.405804	8
0.405812	9
0.405814	10
0.405836	7
0.405903	8
0.405905	9
0.405906	10
0.405914	11
0.405968	12
0.406018	13
0.406073	14
0.406133	15
0.406198	16
0.406266	17
0.406339	18
0.406415	19
0.406492	20
0.406528	6
0.406583	7
0.406585	8
0.406592	9
0.406595	10
0.406619	7
0.406663	8
0.406664	9
0.406666	10
0.406673	11
0.406722	12
0.406776	13
0.406835	14
0.406899	15
0.406968	16
0.407041	17
0.407118	18
0.407198	19
0.407278	20
0.407313	6
0.407346	7
0.407349	8
0.407357	9
0.407359	10
0.407379	8
0.407417	9
0.407418	10
0.407427	11
0.40748	12
0.407537	13
0.4076	14
0.407667	15
0.407739	16
0.407816	17
0.407898	18
0.407985	19
0.408041	20
0.408071	6
0.408094	7
0.408097	8
0.408107	9
0.40811	10
0.408131	9
0.408174	10
0.408184	11
0.408241	12
0.408302	13
0.408368	14
0.408439	15
0.408515	16
0.408595	17
0.40868	18
0.408744	19
0.40879	20
0.408824	6
0.408854	7
0.408856	8
0.408864	9
0.408867	10
0.408888	9
0.408935	10
0.408945	11
0.409005	12
0.40907	13
0.40914	14
0.409214	15
0.409293	16
0.409378	17
0.40944	18
0.409494	19
0.409548	20
0.409581	6
0.409616	7
0.409618	8
0.409625	9
0.409629	10
0.409649	9
0.4097	10
0.409709	11
0.409773	12
0.409842	13
0.409915	14
0.409993	15
0.410076	16
0.410137	17
0.410191	18
0.41025	19
0.41031	20
0.410342	6
0.410381	7
0.410384	8
0.410389	9
0.410392	10
0.410414	8
0.410468	9
0.410469	10
0.410477	11
0.410545	12
0.410617	13
0.410694	14
0.410776	15
0.410836	16
0.41089	17
0.410949	18
0.41101	19
0.411075	20
0.411107	6
0.411149	7
0.411152	8
0.411157	9
0.411159	10
0.411182	8
0.41124	9
0.411241	10
0.411249	11
0.41132	12
0.411396	13
0.411476	14
0.411535	15
0.411588	16
0.411647	17
0.41171	18
0.411774	19
0.411843	20
0.411875	6
0.411921	7
0.411923	8
0.411929	9
0.411932	10
0.411955	7
0.412015	8
0.412016	9
0.412017	10
0.412024	11
0.4121	12
0.412178	13
0.412236	14
0.412288	15
0.412345	16
0.412408	17
0.412474	18
0.412544	19
0.412615	20
0.412647	6
0.412696	7
0.412699	8
0.412706	9
0.412708	10
0.41273	7
0.412794	8
0.412795	9
0.412796	10
0.412805	11
0.412883	12
0.412938	13
0.412988	14
0.413045	15
0.413106	16
0.413172	17
0.413242	18
0.413315	19
0.413389	20
0.413422	6
0.413474	7
0.413476	8
0.413485	9
0.413487	10
0.413509	7
0.413576	8
0.413577	9
0.413579	10
0.413587	11
0.413641	12
0.41369	13
0.413746	14
0.413806	15
0.413871	16
0.413939	17
0.414011	18
0.414088	19
0.414165	20
0.414201	6
0.414255	7
0.414258	8
0.414265	9
0.414267	10
0.414291	7
0.414336	8
0.414337	9
0.414338	10
0.414345	11
0.414395	12
0.414449	13
0.414508	14
0.414572	15
0.41464	16
0.414714	17
0.414791	18
0.414871	19
0.414951	20
0.414985	6
0.415019	7
0.415021	8
0.41503	9
0.415032	10
0.415051	8
0.41509	9
0.415091	10
0.4151	11
0.415152	12
0.41521	13
0.415273	14
0.41534	15
0.415412	16
0.415489	17
0.415571	18
0.415657	19
0.415714	20
0.415744	6
0.415767	7
0.41577	8
0.41578	9
0.415782	10
0.415804	9
0.415847	10
0.415857	11
0.415913	12
0.415975	13
0.416041	14
0.416112	15
0.416187	16
0.416268	17
0.416353	18
0.416417	19
0.416463	20
0.416496	6
0.416526	7
0.416529	8
0.416537	9
0.41654	10
0.416561	9
0.416608	10
0.416618	11
0.416678	12
0.416743	13
0.416812	14
0.416887	15
0.416966	16
0.41705	17
0.417113	18
0.417167	19
0.417221	20
0.417254	6
0.417288	7
0.417291	8
0.417298	9
0.417302	10
0.417322	9
0.417373	10
0.417382	11
0.417446	12
0.417514	13
0.417588	14
0.417666	15
0.417749	16
0.41781	17
0.417864	18
0.417923	19
0.417983	20
0.418014	6
0.418054	7
0.418056	8
0.418061	9
0.418065	10
0.418087	8
0.418141	9
0.418142	10
0.41815	11
0.418218	12
0.41829	13
0.418367	14
0.418448	15
0.418508	16
0.418563	17
0.418621	18
0.418683	19
0.418748	20
0.41878	6
0.418822	7
0.418825	8
0.418829	9
0.418832	10
0.418855	8
0.418912	9
0.418913	10
0.418922	11
0.418993	12
0.419069	13
0.419149	14
0.419208	15
0.419261	16
0.41932	17
0.419382	18
0.419447	19
0.419516	20
0.419548	6
0.419594	7
0.419596	8
0.419602	9
0.419605	10
0.419627	7
0.419688	8
0.419689	9
0.41969	10
0.419697	11
0.419773	12
0.419851	13
0.419909	14
0.41996	15
0.420018	16
0.420081	17
0.420147	18
0.420216	19
0.420287	20
0.42032	6
0.420369	7
0.420372	8
0.420379	9
0.420381	10
0.420403	7
0.420466	8
0.420468	9
0.420469	10
0.420477	11
0.420555	12
0.420611	13
0.420661	14
0.420718	15
0.420779	16
0.420845	17
0.420915	18
0.420988	19
0.421061	20
0.421095	6
0.421147	7
0.421149	8
0.421158	9
0.42116	10
0.421182	7
0.421249	8
0.42125	9
0.421251	10
0.42126	11
0.421314	12
0.421363	13
0.421418	14
0.421479	15
0.421543	16
0.421612	17
0.421684	18
0.421761	19
0.421838	20
0.421874	6
0.421928	7
0.421931	8
0.421938	9
0.42194	10
0.421964	7
0.422009	8
0.42201	9
0.422011	10
0.422018	11
0.422068	12
0.422122	13
0.422181	14
0.422245	15
0.422313	16
0.422386	17
0.422463	18
0.422544	19
0.422623	20
0.422658	6
0.422692	7
0.422694	8
0.422703	9
0.422705	10
0.422724	8
0.422763	9
0.422764	10
0.422772	11
0.422825	12
0.422883	13
0.422945	14
0.423013	15
0.423085	16
0.423162	17
0.423244	18
0.42333	19
0.423387	20
0.423417	6
0.423439	7
0.423443	8
0.423453	9
0.423455	10
0.423477	9
0.42352	10
0.42353	11
0.423586	12
0.423647	13
0.423713	14
0.423784	15
0.42386	16
0.423941	17
0.424026	18
0.42409	19
0.424135	20
0.424169	6
0.424199	7
0.424201	8
0.42421	9
0.424212	10
0.424234	9
0.424281	10
0.42429	11
0.424351	12
0.424415	13
0.424485	14
0.42456	15
0.424639	16
0.424723	17
0.424786	18
0.42484	19
0.424894	20
0.424926	6
0.424961	7
0.424964	8
0.424971	9
0.424974	10
0.424995	9
0.425045	10
0.425055	11
0.425119	12
0.425187	13
0.42526	14
0.425339	15
0.425422	16
0.425483	17
0.425537	18
0.425596	19
0.425656	20
0.425687	6
0.425727	7
0.425729	8
0.425734	9
0.425738	10
0.425759	8
0.425813	9
0.425815	10
0.425823	11
0.42589	12
0.425962	13
0.426039	14
0.426121	15
0.426181	16
0.426235	17
0.426294	18
0.426355	19
0.42642	20
0.426453	6
0.426495	7
0.426497	8
0.426502	9
0.426505	10
0.426527	8
0.426585	9
0.426586	10
0.426595	11
0.426666	12
0.426741	13
0.426822	14
0.426881	15
0.426934	16
0.426993	17
0.427055	18
0.42712	19
0.427188	20
0.427221	6
0.427267	7
0.427269	8
0.427275	9
0.427277	10
0.4273	7
0.42736	8
0.427362	9
0.427363	10
0.42737	11
0.427446	12
0.427524	13
0.427582	14
0.427633	15
0.427691	16
0.427753	17
0.42782	18
0.427889	19
0.42796	20
0.427993	6
0.428042	7
0.428044	8
0.428052	9
0.428054	10
0.428076	7
0.428139	8
0.42814	9
0.428142	10
0.42815	11
0.428228	12
0.428283	13
0.428334	14
0.42839	15
0.428452	16
0.428518	17
0.428588	18
0.428661	19
0.428734	20
0.428768	6
0.42882	7
0.428822	8
0.42883	9
0.428833	10
0.428854	7
0.428922	8
0.428923	9
0.428924	10
0.428933	11
0.428987	12
0.429036	13
0.429091	14
0.429151	15
0.429216	16
0.429285	17
0.429357	18
0.429434	19
0.429511	20
0.429547	6
0.429601	7
0.429603	8
0.42961	9
0.429613	10
0.429637	7
0.429681	8
0.429683	9
0.429684	10
0.429691	11
0.429741	12
0.429795	13
0.429854	14
0.429917	15
0.429986	16
0.430059	17
0.430136	18
0.430217	19
0.430296	20
0.430331	6
0.430365	7
0.430367	8
0.430375	9
0.430378	10
0.430397	8
0.430435	9
0.430437	10
0.430445	11
0.430498	12
0.430556	13
0.430618	14
0.430685	15
0.430758	16
0.430835	17
0.430916	18
0.431003	19
0.431059	20
0.431089	6
0.431112	7
0.431116	8
0.431125	9
0.431128	10
0.431149	9
0.431193	10
0.431202	11
0.431259	12
0.43132	13
0.431386	14
0.431457	15
0.431533	16
0.431613	17
0.431699	18
0.431762	19
0.431808	20
0.431842	6
0.431872	7
0.431874	8
0.431883	9
0.431885	10
0.431907	9
0.431954	10
0.431963	11
0.432023	12
0.432088	13
0.432158	14
0.432232	15
0.432312	16
0.432396	17
0.432458	18
0.432513	19
0.432567	20
0.432599	6
0.432634	7
0.432636	8
0.432644	9
0.432647	10
0.432668	9
0.432718	10
0.432728	11
0.432791	12
0.43286	13
0.432933	14
0.433011	15
0.433094	16
0.433156	17
0.43321	18
0.433269	19
0.433329	20
0.43336	6
0.4334	7
0.433402	8
0.433407	9
0.43341	10
0.433432	8
0.433486	9
0.433487	10
0.433496	11
0.433563	12
0.433635	13
0.433712	14
0.433794	15
0.433854	16
0.433908	17
0.433967	18
0.434028	19
0.434093	20
0.434126	6
0.434168	7
0.43417	8
0.434175	9
0.434177	10
0.4342	8
0.434258	9
0.434259	10
0.434267	11
0.434338	12
0.434414	13
0.434495	14
0.434554	15
0.434606	16
0.434665	17
0.434728	18
0.434793	19
0.434861	20
0.434894	6
0.434939	7
0.434942	8
0.434948	9
0.43495	10
0.434973	7
0.435033	8
0.435034	9
0.435036	10
0.435043	11
0.435118	12
0.435197	13
0.435254	14
0.435306	15
0.435364	16
0.435426	17
0.435492	18
0.435562	19
0.435633	20
0.435665	6
0.435715	7
0.435717	8
0.435724	9
0.435727	10
0.435748	7
0.435812	8
0.435813	9
0.435814	10
0.435823	11
0.435901	12
0.435956	13
0.436007	14
0.436063	15
0.436125	16
0.436191	17
0.43626	18
0.436334	19
0.436407	20
0.436441	6
0.436492	7
0.436495	8
0.436503	9
0.436506	10
0.436527	7
0.436595	8
0.436596	9
0.436597	10
0.436605	11
0.436659	12
0.436709	13
0.436764	14
0.436824	15
0.436889	16
0.436958	17
0.43703	18
0.437107	19
0.437183	20
0.43722	6
0.437274	7
0.437276	8
0.437283	9
0.437286	10
0.43731	7
0.437354	8
0.437355	9
0.437357	10
0.437364	11
0.437413	12
0.437468	13
0.437526	14
0.43759	15
0.437659	16
0.437732	17
0.437809	18
0.437889	19
0.437969	20
0.438004	6
0.438037	7
0.43804	8
0.438048	9
0.438051	10
0.43807	8
0.438108	9
0.438109	10
0.438118	11
0.438171	12
0.438228	13
0.438291	14
0.438358	15
0.43843	16
0.438507	17
0.438589	18
0.438676	19
0.438732	20
0.438762	6
0.438785	7
0.438789	8
0.438798	9
0.438801	10
0.438822	9
0.438865	10
0.438875	11
0.438932	12
0.438993	13
0.439059	14
0.43913	15
0.439206	16
0.439286	17
0.439372	18
0.439435	19
0.439481	20
0.439515	6
0.439545	7
0.439547	8
0.439555	9
0.439558	10
0.439579	9
0.439626	10
0.439636	11
0.439696	12
0.439761	13
0.439831	14
0.439905	15
0.439985	16
0.440069	17
0.440131	18
0.440185	19
0.440239	20
0.440272	6
0.440307	7
0.440309	8
0.440316	9
0.44032	10
0.44034	9
0.440391	10
0.4404	11
0.440464	12
0.440533	13
0.440606	14
0.440684	15
0.440767	16
0.440828	17
0.440882	18
0.440941	19
0.441001	20
0.441033	6
0.441072	7
0.441075	8
0.44108	9
0.441083	10
0.441105	8
0.441159	9
0.44116	10
0.441169	11
0.441236	12
0.441308	13
0.441385	14
0.441467	15
0.441527	16
0.441581	17
0.44164	18
0.441701	19
0.441766	20
0.441798	6
0.44184	7
0.441843	8
0.441848	9
0.44185	10
0.441873	8
0.441931	9
0.441932	10
0.44194	11
0.442011	12
0.442087	13
0.442167	14
0.442226	15
0.442279	16
0.442338	17
0.442401	18
0.442465	19
0.442534	20
0.442566	6
0.442612	7
0.442615	8
0.442621	9
0.442623	10
0.442646	7
0.442706	8
0.442707	9
0.442708	10
0.442716	11
0.442791	12
0.442869	13
0.442927	14
0.442979	15
0.443036	16
0.443099	17
0.443165	18
0.443235	19
0.443306	20
0.443338	6
0.443387	7
0.44339	8
0.443397	9
0.443399	10
0.443421	7
0.443485	8
0.443486	9
0.443487	10
0.443496	11
0.443574	12
0.443629	13
0.44368	14
0.443736	15
0.443797	16
0.443863	17
0.443933	18
0.444006	19
0.44408	20
0.444113	6
0.444165	7
0.444168	8
0.444176	9
0.444178	10
0.4442	7
0.444267	8
0.444268	9
0.44427	10
0.444278	11
0.444332	12
0.444381	13
0.444437	14
0.444497	15
0.444562	16
0.44463	17
0.444702	18
0.444779	19
0.444856	20
0.444892	6
0.444946	7
0.444949	8
0.444956	9
0.444958	10
0.444982	7
0.445027	8
0.445028	9
0.445029	10
0.445037	11
0.445086	12
0.44514	13
0.445199	14
0.445263	15
0.445331	16
0.445405	17
0.445482	18
0.445562	19
0.445642	20
0.445676	6
0.44571	7
0.445712	8
0.445721	9
0.445723	10
0.445743	8
0.445781	9
0.445782	10
0.445791	11
0.445844	12
0.445901	13
0.445964	14
0.446031	15
0.446103	16
0.44618	17
0.446262	18
0.446348	19
0.446405	20
0.446435	6
0.446458	7
0.446461	8
0.446471	9
0.446473	10
0.446495	9
0.446538	10
0.446548	11
0.446604	12
0.446666	13
0.446732	14
0.446803	15
0.446878	16
0.446959	17
0.447044	18
0.447108	19
0.447154	20
0.447187	6
0.447217	7
0.44722	8
0.447228	9
0.447231	10
0.447252	9
0.447299	10
0.447309	11
0.447369	12
0.447434	13
0.447503	14
0.447578	15
0.447657	16
0.447741	17
0.447804	18
0.447858	19
0.447912	20
0.447945	6
0.447979	7
0.447982	8
0.447989	9
0.447993	10
0.448013	9
0.448064	10
0.448073	11
0.448137	12
0.448205	13
0.448279	14
0.448357	15
0.44844	16
0.448501	17
0.448555	18
0.448614	19
0.448674	20
0.448705	6
0.448745	7
0.448748	8
0.448752	9
0.448756	10
0.448778	8
0.448832	9
0.448833	10
0.448841	11
0.448909	12
0.448981	13
0.449058	14
0.449139	15
0.449199	16
0.449254	17
0.449312	18
0.449374	19
0.449439	20
0.449471	6
0.449513	7
0.449516	8
0.44952	9
0.449523	10
0.449546	8
0.449603	9
0.449605	10
0.449613	11
0.449684	12
0.44976	13
0.44984	14
0.449899	15
0.449952	16
0.450011	17
0.450073	18
0.450138	19
0.450207	20
0.450239	6
0.450285	7
0.450287	8
0.450293	9
0.450296	10
0.450319	7
0.450379	8
0.45038	9
0.450381	10
0.450388	11
0.450464	12
0.450542	13
0.4506	14
0.450652	15
0.450709	16
0.450772	17
0.450838	18
0.450908	19
0.450978	20
0.451011	6
0.45106	7
0.451063	8
0.45107	9
0.451072	10
0.451094	7
0.451158	8
0.451159	9
0.45116	10
0.451168	11
0.451246	12
0.451302	13
0.451352	14
0.451409	15
0.45147	16
0.451536	17
0.451606	18
0.451679	19
0.451753	20
0.451786	6
0.451838	7
0.45184	8
0.451849	9
0.451851	10
0.451873	7
0.45194	8
0.451941	9
0.451942	10
0.451951	11
0.452005	12
0.452054	13
0.45211	14
0.45217	15
0.452235	16
0.452303	17
0.452375	18
0.452452	19
0.452529	20
0.452565	6
0.452619	7
0.452622	8
0.452629	9
0.452631	10
0.452655	7
0.4527	8
0.452701	9
0.452702	10
0.452709	11
0.452759	12
0.452813	13
0.452872	14
0.452936	15
0.453004	16
0.453078	17
0.453154	18
0.453235	19
0.453314	20
0.453349	6
0.453383	7
0.453385	8
0.453394	9
0.453396	10
0.453415	8
0.453454	9
0.453455	10
0.453463	11
0.453516	12
0.453574	13
0.453636	14
0.453704	15
0.453776	16
0.453853	17
0.453935	18
0.454021	19
0.454078	20
0.454108	6
0.45413	7
0.454134	8
0.454144	9
0.454146	10
0.454168	9
0.454211	10
0.454221	11
0.454277	12
0.454338	13
0.454405	14
0.454475	15
0.454551	16
0.454632	17
0.454717	18
0.454781	19
0.454826	20
0.45486	6
0.45489	7
0.454893	8
0.454901	9
0.454903	10
0.454925	9
0.454972	10
0.454982	11
0.455042	12
0.455107	13
0.455176	14
0.455251	15
0.45533	16
0.455414	17
0.455477	18
0.455531	19
0.455585	20
0.455617	6
0.455652	7
0.455655	8
0.455662	9
0.455665	10
0.455686	9
0.455736	10
0.455746	11
0.45581	12
0.455878	13
0.455952	14
0.45603	15
0.456113	16
0.456174	17
0.456228	18
0.456287	19
0.456347	20
0.456378	6
0.456418	7
0.45642	8
0.456425	9
0.456429	10
0.45645	8
0.456504	9
0.456506	10
0.456514	11
0.456581	12
0.456653	13
0.45673	14
0.456812	15
0.456872	16
0.456926	17
0.456985	18
0.457047	19
0.457111	20
0.457144	6
0.457186	7
0.457188	8
0.457193	9
0.457196	10
0.457218	8
0.457276	9
0.457277	10
0.457286	11
0.457357	12
0.457432	13
0.457513	14
0.457572	15
0.457625	16
0.457684	17
0.457746	18
0.457811	19
0.45788	20
0.457912	6
0.457958	7
0.45796	8
0.457966	9
0.457968	10
0.457991	7
0.458051	8
0.458053	9
0.458054	10
0.458061	11
0.458137	12
0.458215	13
0.458273	14
0.458324	15
0.458382	16
0.458444	17
0.458511	18
0.45858	19
0.458651	20
0.458684	6
0.458733	7
0.458735	8
0.458743	9
0.458745	10
0.458767	7
0.45883	8
0.458832	9
0.458833	10
0.458841	11
0.458919	12
0.458975	13
0.459025	14
0.459082	15
0.459143	16
0.459209	17
0.459279	18
0.459352	19
0.459425	20
0.459459	6
0.459511	7
0.459513	8
0.459521	9
0.459524	10
0.459546	7
0.459613	8
0.459614	9
0.459615	10
0.459624	11
0.459678	12
0.459727	13
0.459782	14
0.459842	15
0.459907	16
0.459976	17
0.460048	18
0.460125	19
0.460202	20
0.460238	6
0.460292	7
0.460294	8
0.460302	9
0.460304	10
0.460328	7
0.460372	8
0.460374	9
0.460375	10
0.460382	11
0.460432	12
0.460486	13
0.460545	14
0.460608	15
0.460677	16
0.46075	17
0.460827	18
0.460908	19
0.460987	20
0.461022	6
0.461056	7
0.461058	8
0.461066	9
0.461069	10
0.461088	8
0.461127	9
0.461128	10
0.461136	11
0.461189	12
0.461247	13
0.461309	14
0.461377	15
0.461449	16
0.461526	17
0.461607	18
0.461694	19
0.46175	20
0.46178	6
0.461803	7
0.461807	8
0.461816	9
0.461819	10
0.461841	9
0.461884	10
0.461893	11
0.46195	12
0.462011	13
0.462077	14
0.462148	15
0.462224	16
0.462305	17
0.46239	18
0.462454	19
0.462499	20
0.462533	6
0.462563	7
0.462565	8
0.462574	9
0.462576	10
0.462598	9
0.462645	10
0.462654	11
0.462714	12
0.462779	13
0.462849	14
0.462924	15
0.463003	16
0.463087	17
0.46315	18
0.463204	19
0.463258	20
0.46329	6
0.463325	7
0.463327	8
0.463335	9
0.463338	10
0.463359	9
0.463409	10
0.463419	11
0.463482	12
0.463551	13
0.463624	14
0.463702	15
0.463785	16
0.463847	17
0.463901	18
0.46396	19
0.46402	20
0.464051	6
0.464091	7
0.464093	8
0.464098	9
0.464101	10
0.464123	8
0.464177	9
0.464178	10
0.464187	11
0.464254	12
0.464326	13
0.464403	14
0.464485	15
0.464545	16
0.464599	17
0.464658	18
0.464719	19
0.464784	20
0.464817	6
0.464859	7
0.464861	8
0.464866	9
0.464868	10
0.464891	8
0.464949	9
0.46495	10
0.464959	11
0.465029	12
0.465105	13
0.465186	14
0.465245	15
0.465297	16
0.465356	17
0.465419	18
0.465484	19
0.465552	20
0.465585	6
0.46563	7
0.465633	8
0.465639	9
0.465641	10
0.465664	7
0.465724	8
0.465725	9
0.465727	10
0.465734	11
0.46581	12
0.465888	13
0.465945	14
0.465997	15
0.466055	16
0.466117	17
0.466183	18
0.466253	19
0.466324	20
0.466356	6
0.466406	7
0.466408	8
0.466415	9
0.466418	10
0.466439	7
0.466503	8
0.466504	9
0.466505	10
0.466514	11
0.466592	12
0.466647	13
0.466698	14
0.466754	15
0.466816	16
0.466882	17
0.466951	18
0.467025	19
0.467098	20
0.467132	6
0.467183	7
0.467186	8
0.467194	9
0.467197	10
0.467218	7
0.467286	8
0.467287	9
0.467288	10
0.467296	11
0.46735	12
0.4674	13
0.467455	14
0.467515	15
0.46758	16
0.467649	17
0.467721	18
0.467798	19
0.467875	20
0.467911	6
0.467965	7
0.467967	8
0.467974	9
0.467977	10
0.468001	7
0.468045	8
0.468046	9
0.468048	10
0.468055	11
0.468105	12
0.468159	13
0.468218	14
0.468281	15
0.46835	16
0.468423	17
0.4685	18
0.468581	19
0.46866	20
0.468695	6
0.468728	7
0.468731	8
0.468739	9
0.468742	10
0.468761	8
0.468799	9
0.468801	10
0.468809	11
0.468862	12
0.46892	13
0.468982	14
0.469049	15
0.469121	16
0.469198	17
0.46928	18
0.469367	19
0.469423	20
0.469453	6
0.469476	7
0.46948	8
0.469489	9
0.469492	10
0.469513	9
0.469557	10
0.469566	11
0.469623	12
0.469684	13
0.46975	14
0.469821	15
0.469897	16
0.469977	17
0.470063	18
0.470126	19
0.470172	20
0.470206	6
0.470236	7
0.470238	8
0.470247	9
0.470249	10
0.470271	9
0.470317	10
0.470327	11
0.470387	12
0.470452	13
0.470522	14
0.470596	15
0.470676	16
0.47076	17
0.470822	18
0.470876	19
0.47093	20
0.470963	6
0.470998	7
0.471	8
0.471007	9
0.471011	10
0.471031	9
0.471082	10
0.471092	11
0.471155	12
0.471224	13
0.471297	14
0.471375	15
0.471458	16
0.471519	17
0.471574	18
0.471632	19
0.471693	20
0.471724	6
0.471763	7
0.471766	8
0.471771	9
0.471774	10
0.471796	8
0.47185	9
0.471851	10
0.47186	11
0.471927	12
0.471999	13
0.472076	14
0.472158	15
0.472218	16
0.472272	17
0.472331	18
0.472392	19
0.472457	20
0.472489	6
0.472532	7
0.472534	8
0.472539	9
0.472541	10
0.472564	8
0.472622	9
0.472623	10
0.472631	11
0.472702	12
0.472778	13
0.472858	14
0.472917	15
0.47297	16
0.473029	17
0.473092	18
0.473157	19
0.473225	20
0.473258	6
0.473303	7
0.473306	8
0.473312	9
0.473314	10
0.473337	7
0.473397	8
0.473398	9
0.473399	10
0.473407	11
0.473482	12
0.47356	13
0.473618	14
0.47367	15
0.473728	16
0.47379	17
0.473856	18
0.473926	19
0.473997	20
0.474029	6
0.474078	7
0.474081	8
0.474088	9
0.474091	10
0.474112	7
0.474176	8
0.474177	9
0.474178	10
0.474187	11
0.474265	12
0.47432	13
0.474371	14
0.474427	15
0.474488	16
0.474554	17
0.474624	18
0.474698	19
0.474771	20
0.474805	6
0.474856	7
0.474859	8
0.474867	9
0.474869	10
0.474891	7
0.474958	8
0.47496	9
0.474961	10
0.474969	11
0.475023	12
0.475073	13
0.475128	14
0.475188	15
0.475253	16
0.475321	17
0.475393	18
0.47547	19
0.475547	20
0.475583	6
0.475637	7
0.47564	8
0.475647	9
0.47565	10
0.475674	7
0.475718	8
0.475719	9
0.47572	10
0.475728	11
0.475777	12
0.475831	13
0.47589	14
0.475954	15
0.476023	16
0.476096	17
0.476173	18
0.476253	19
0.476333	20
0.476368	6
0.476401	7
0.476404	8
0.476412	9
0.476414	10
0.476434	8
0.476472	9
0.476473	10
0.476482	11
0.476535	12
0.476592	13
0.476655	14
0.476722	15
0.476794	16
0.476871	17
0.476953	18
0.477039	19
0.477096	20
0.477126	6
0.477149	7
0.477152	8
0.477162	9
0.477164	10
0.477186	9
0.477229	10
0.477239	11
0.477295	12
0.477357	13
0.477423	14
0.477494	15
0.47757	16
0.47765	17
0.477735	18
0.477799	19
0.477845	20
0.477878	6
0.477908	7
0.477911	8
0.477919	9
0.477922	10
0.477943	9
0.47799	10
0.478	11
0.47806	12
0.478125	13
0.478195	14
0.478269	15
0.478348	16
0.478433	17
0.478495	18
0.478549	19
0.478603	20
0.478636	6
0.478671	7
0.478673	8
0.47868	9
0.478684	10
0.478704	9
0.478755	10
0.478764	11
0.478828	12
0.478897	13
0.47897	14
0.479048	15
0.479131	16
0.479192	17
0.479246	18
0.479305	19
0.479365	20
0.479397	6
0.479436	7
0.479439	8
0.479443	9
0.479447	10
0.479469	8
0.479523	9
0.479524	10
0.479532	11
0.4796	12
0.479672	13
0.479749	14
0.47983	15
0.479891	16
0.479945	17
0.480004	18
0.480065	19
0.48013	20
0.480162	6
0.480204	7
0.480207	8
0.480211	9
0.480214	10
0.480237	8
0.480294	9
0.480296	10
0.480304	11
0.480375	12
0.480451	13
0.480531	14
0.48059	15
0.480643	16
0.480702	17
0.480764	18
0.480829	19
0.480898	20
0.48093	6
0.480976	7
0.480978	8
0.480984	9
0.480987	10
0.48101	7
0.48107	8
0.481071	9
0.481072	10
0.481079	11
0.481155	12
0.481233	13
0.481291	14
0.481343	15
0.4814	16
0.481463	17
0.481529	18
0.481599	19
0.48167	20
0.481702	6
0.481751	7
0.481754	8
0.481761	9
0.481763	10
0.481785	7
0.481849	8
0.48185	9
0.481851	10
0.481859	11
0.481938	12
0.481993	13
0.482043	14
0.4821	15
0.482161	16
0.482227	17
0.482297	18
0.48237	19
0.482444	20
0.482477	6
0.482529	7
0.482531	8
0.48254	9
0.482542	10
0.482564	7
0.482631	8
0.482632	9
0.482634	10
0.482642	11
0.482696	12
0.482745	13
0.482801	14
0.482861	15
0.482926	16
0.482994	17
0.483066	18
0.483143	19
0.48322	20
0.483256	6
0.48331	7
0.483313	8
0.48332	9
0.483322	10
0.483346	7
0.483391	8
0.483392	9
0.483393	10
0.4834	11
0.48345	12
0.483504	13
0.483563	14
0.483627	15
0.483695	16
0.483769	17
0.483846	18
0.483926	19
0.484005	20
0.48404	6
0.484074	7
0.484076	8
0.484085	9
0.484087	10
0.484106	8
0.484145	9
0.484146	10
0.484154	11
0.484207	12
0.484265	13
0.484328	14
0.484395	15
0.484467	16
0.484544	17
0.484626	18
0.484712	19
0.484769	20
0.484799	6
0.484822	7
0.484825	8
0.484835	9
0.484837	10
0.484859	9
0.484902	10
0.484912	11
0.484968	12
0.48503	13
0.485096	14
0.485167	15
0.485242	16
0.485323	17
0.485408	18
0.485472	19
0.485518	20
0.485551	6
0.485581	7
0.485584	8
0.485592	9
0.485594	10
0.485616	9
0.485663	10
0.485673	11
0.485733	12
0.485798	13
0.485867	14
0.485942	15
0.486021	16
0.486105	17
0.486168	18
0.486222	19
0.486276	20
0.486308	6
0.486343	7
0.486346	8
0.486353	9
0.486357	10
0.486377	9
0.486427	10
0.486437	11
0.486501	12
0.486569	13
0.486643	14
0.486721	15
0.486804	16
0.486865	17
0.486919	18
0.486978	19
0.487038	20
0.487069	6
0.487109	7
0.487111	8
0.487116	9
0.48712	10
0.487141	8
0.487196	9
0.487197	10
0.487205	11
0.487272	12
0.487345	13
0.487421	14
0.487503	15
0.487563	16
0.487617	17
0.487676	18
0.487738	19
0.487803	20
0.487835	6
0.487877	7
0.487879	8
0.487884	9
0.487887	10
0.48791	8
0.487967	9
0.487968	10
0.487977	11
0.488048	12
0.488123	13
0.488204	14
0.488263	15
0.488316	16
0.488375	17
0.488437	18
0.488502	19
0.488571	20
0.488603	6
0.488649	7
0.488651	8
0.488657	9
0.48866	10
0.488682	7
0.488742	8
0.488744	9
0.488745	10
0.488752	11
0.488828	12
0.488906	13
0.488964	14
0.489015	15
0.489073	16
0.489136	17
0.489202	18
0.489271	19
0.489342	20
0.489375	6
0.489424	7
0.489426	8
0.489434	9
0.489436	10
0.489458	7
0.489521	8
0.489523	9
0.489524	10
0.489532	11
0.48961	12
0.489666	13
0.489716	14
0.489773	15
0.489834	16
0.4899	17
0.48997	18
0.490043	19
0.490116	20
0.49015	6
0.490202	7
0.490204	8
0.490213	9
0.490215	10
0.490237	7
0.490304	8
0.490305	9
0.490306	10
0.490315	11
0.490369	12
0.490418	13
0.490473	14
0.490533	15
0.490598	16
0.490667	17
0.490739	18
0.490816	19
0.490893	20
0.490929	6
0.490983	7
0.490985	8
0.490993	9
0.490995	10
0.491019	7
0.491064	8
0.491065	9
0.491066	10
0.491073	11
0.491123	12
0.491177	13
0.491236	14
0.4913	15
0.491368	16
0.491441	17
0.491518	18
0.491599	19
0.491678	20
0.491713	6
0.491747	7
0.491749	8
0.491758	9
0.49176	10
0.491779	8
0.491818	9
0.491819	10
0.491827	11
0.49188	12
0.491938	13
0.492	14
0.492068	15
0.49214	16
0.492217	17
0.492298	18
0.492385	19
0.492441	20
0.492472	6
0.492494	7
0.492498	8
0.492508	9
0.49251	10
0.492532	9
0.492575	10
0.492584	11
0.492641	12
0.492702	13
0.492768	14
0.492839	15
0.492915	16
0.492996	17
0.493081	18
0.493145	19
0.49319	20
0.493224	6
0.493254	7
0.493256	8
0.493265	9
0.493267	10
0.493289	9
0.493336	10
0.493345	11
0.493405	12
0.49347	13
0.49354	14
0.493615	15
0.493694	16
0.493778	17
0.493841	18
0.493895	19
0.493949	20
0.493981	6
0.494016	7
0.494018	8
0.494026	9
0.494029	10
0.49405	9
0.4941	10
0.49411	11
0.494174	12
0.494242	13
0.494315	14
0.494393	15
0.494476	16
0.494538	17
0.494592	18
0.494651	19
0.494711	20
0.494742	6
0.494782	7
0.494784	8
0.494789	9
0.494793	10
0.494814	8
0.494868	9
0.494869	10
0.494878	11
0.494945	12
0.495017	13
0.495094	14
0.495176	15
0.495236	16
0.49529	17
0.495349	18
0.49541	19
0.495475	20
0.495508	6
0.49555	7
0.495552	8
0.495557	9
0.495559	10
0.495582	8
0.49564	9
0.495641	10
0.49565	11
0.495721	12
0.495796	13
0.495877	14
0.495936	15
0.495989	16
0.496047	17
0.49611	18
0.496175	19
0.496243	20
0.496276	6
0.496322	7
0.496324	8
0.49633	9
0.496332	10
0.496355	7
0.496415	8
0.496416	9
0.496418	10
0.496425	11
0.496501	12
0.496579	13
0.496636	14
0.496688	15
0.496746	16
0.496808	17
0.496874	18
0.496944	19
0.497015	20
0.497048	6
0.497097	7
0.497099	8
0.497106	9
0.497109	10
0.49713	7
0.497194	8
0.497195	9
0.497197	10
0.497205	11
0.497283	12
0.497338	13
0.497389	14
0.497445	15
0.497507	16
0.497573	17
0.497643	18
0.497716	19
0.497789	20
0.497823	6
0.497874	7
0.497877	8
0.497885	9
0.497888	10
0.497909	7
0.497977	8
0.497978	9
0.497979	10
0.497987	11
0.498042	12
0.498091	13
0.498146	14
0.498206	15
0.498271	16
0.49834	17
0.498412	18
0.498489	19
0.498566	20
0.498602	6
0.498656	7
0.498658	8
0.498665	9
0.498668	10
0.498692	7
0.498736	8
0.498738	9
0.498739	10
0.498746	11
0.498796	12
0.49885	13
0.498909	14
0.498972	15
0.499041	16
0.499114	17
0.499191	18
0.499272	19
0.499351	20
0.499386	6
0.499419	7
0.499422	8
0.49943	9
0.499433	10
0.499452	8
0.49949	9
0.499492	10
0.4995	11
0.499553	12
0.499611	13
0.499673	14
0.49974	15
0.499813	16
0.499889	17
0.499971	18
0.500058	19
0.500114	20
0.500144	6
0.500167	7
0.500171	8
0.50018	9
0.500183	10
0.500204	9
0.500248	10
0.500257	11
0.500314	12
0.500375	13
0.500441	14
0.500512	15
0.500588	16
0.500668	17
0.500754	18
0.500817	19
0.500863	20
0.500897	6
0.500927	7
0.500929	8
0.500938	9
0.50094	10
0.500962	9
0.501009	10
0.501018	11
0.501078	12
0.501143	13
0.501213	14
0.501287	15
0.501367	16
0.501451	17
0.501513	18
0.501567	19
0.501622	20
0.501654	6
0.501689	7
0.501691	8
0.501698	9
0.501702	10
0.501722	9
0.501773	10
0.501783	11
0.501846	12
0.501915	13
0.501988	14
0.502066	15
0.502149	16
0.502211	17
0.502265	18
0.502323	19
0.502384	20
0.502415	6
0.502455	7
0.502457	8
0.502462	9
0.502465	10
0.502487	8
0.502541	9
0.502542	10
0.502551	11
0.502618	12
0.50269	13
0.502767	14
0.502849	15
0.502909	16
0.502963	17
0.503022	18
0.503083	19
0.503148	20
0.503181	6
0.503223	7
0.503225	8
0.50323	9
0.503232	10
0.503255	8
0.503313	9
0.503314	10
0.503322	11
0.503393	12
0.503469	13
0.50355	14
0.503608	15
0.503661	16
0.50372	17
0.503783	18
0.503848	19
0.503916	20
0.503949	6
0.503994	7
0.503997	8
0.504003	9
0.504005	10
0.504028	7
0.504088	8
0.504089	9
0.50409	10
0.504098	11
0.504173	12
0.504252	13
0.504309	14
0.504361	15
0.504419	16
0.504481	17
0.504547	18
0.504617	19
0.504688	20
0.50472	6
0.50477	7
0.504772	8
0.504779	9
0.504782	10
0.504803	7
0.504867	8
0.504868	9
0.504869	10
0.504878	11
0.504956	12
0.505011	13
0.505062	14
0.505118	15
0.505179	16
0.505246	17
0.505315	18
0.505389	19
0.505462	20
0.505496	6
0.505547	7
0.50555	8
0.505558	9
0.50556	10
0.505582	7
0.505649	8
0.505651	9
0.505652	10
0.50566	11
0.505714	12
0.505764	13
0.505819	14
0.505879	15
0.505944	16
0.506012	17
0.506085	18
0.506161	19
0.506238	20
0.506274	6
0.506329	7
0.506331	8
0.506338	9
0.506341	10
0.506365	7
0.506409	8
0.50641	9
0.506411	10
0.506419	11
0.506468	12
0.506522	13
0.506581	14
0.506645	15
0.506714	16
0.506787	17
0.506864	18
0.506944	19
0.507024	20
0.507059	6
0.507092	7
0.507095	8
0.507103	9
0.507105	10
0.507125	8
0.507163	9
0.507164	10
0.507173	11
0.507226	12
0.507283	13
0.507346	14
0.507413	15
0.507485	16
0.507562	17
0.507644	18
0.50773	19
0.507787	20
0.507817	6
0.50784	7
0.507843	8
0.507853	9
0.507856	10
0.507877	9
0.50792	10
0.50793	11
0.507987	12
0.508048	13
0.508114	14
0.508185	15
0.508261	16
0.508341	17
0.508426	18
0.50849	19
0.508536	20
0.508569	6
0.5086	7
0.508602	8
0.50861	9
0.508613	10
0.508634	9
0.508681	10
0.508691	11
0.508751	12
0.508816	13
0.508886	14
0.50896	15
0.509039	16
0.509124	17
0.509186	18
0.50924	19
0.509294	20
0.509327	6
0.509362	7
0.509364	8
0.509371	9
0.509375	10
0.509395	9
0.509446	10
0.509455	11
0.509519	12
0.509588	13
0.509661	14
0.509739	15
0.509822	16
0.509883	17
0.509937	18
0.509996	19
0.510056	20
0.510088	6
0.510127	7
0.51013	8
0.510134	9
0.510138	10
0.51016	8
0.510214	9
0.510215	10
0.510223	11
0.510291	12
0.510363	13
0.51044	14
0.510522	15
0.510582	16
0.510636	17
0.510695	18
0.510756	19
0.510821	20
0.510853	6
0.510895	7
0.510898	8
0.510903	9
0.510905	10
0.510928	8
0.510986	9
0.510987	10
0.510995	11
0.511066	12
0.511142	13
0.511222	14
0.511281	15
0.511334	16
0.511393	17
0.511455	18
0.51152	19
0.511589	20
0.511621	6
0.511667	7
0.511669	8
0.511675	9
0.511678	10
0.511701	7
0.511761	8
0.511762	9
0.511763	10
0.51177	11
0.511846	12
0.511924	13
0.511982	14
0.512034	15
0.512091	16
0.512154	17
0.51222	18
0.51229	19
0.512361	20
0.512393	6
0.512442	7
0.512445	8
0.512452	9
0.512454	10
0.512476	7
0.51254	8
0.512541	9
0.512542	10
0.512551	11
0.512629	12
0.512684	13
0.512734	14
0.512791	15
0.512852	16
0.512918	17
0.512988	18
0.513061	19
0.513135	20
0.513168	6
0.51322	7
0.513222	8
0.513231	9
0.513233	10
0.513255	7
0.513322	8
0.513323	9
0.513325	10
0.513333	11
0.513387	12
0.513436	13
0.513492	14
0.513552	15
0.513617	16
0.513685	17
0.513757	18
0.513834	19
0.513911	20
0.513947	6
0.514001	7
0.514004	8
0.514011	9
0.514013	10
0.514037	7
0.514082	8
0.514083	9
0.514084	10
0.514091	11
0.514141	12
0.514195	13
0.514254	14
0.514318	15
0.514386	16
0.51446	17
0.514537	18
0.514617	19
0.514696	20
0.514731	6
0.514765	7
0.514767	8
0.514776	9
0.514778	10
0.514797	8
0.514836	9
0.514837	10
0.514846	11
0.514898	12
0.514956	13
0.515019	14
0.515086	15
0.515158	16
0.515235	17
0.515317	18
0.515403	19
0.51546	20
0.51549	6
0.515513	7
0.515516	8
0.515526	9
0.515528	10
0.51555	9
0.515593	10
0.515603	11
0.515659	12
0.515721	13
0.515787	14
0.515858	15
0.515933	16
0.516014	17
0.516099	18
0.516163	19
0.516209	20
0.516242	6
0.516272	7
0.516275	8
0.516283	9
0.516286	10
0.516307	9
0.516354	10
0.516364	11
0.516424	12
0.516489	13
0.516558	14
0.516633	15
0.516712	16
0.516796	17
0.516859	18
0.516913	19
0.516967	20
0.517	6
0.517034	7
0.517037	8
0.517044	9
0.517048	10
0.517068	9
0.517119	10
0.517128	11
0.517192	12
0.51726	13
0.517334	14
0.517412	15
0.517495	16
0.517556	17
0.51761	18
0.517669	19
0.517729	20
0.51776	6
0.5178	7
0.517802	8
0.517807	9
0.517811	10
0.517833	8
0.517887	9
0.517888	10
0.517896	11
0.517964	12
0.518036	13
0.518113	14
0.518194	15
0.518254	16
0.518308	17
0.518367	18
0.518429	19
0.518494	20
0.518526	6
0.518568	7
0.518571	8
0.518575	9
0.518578	10
0.518601	8
0.518658	9
0.518659	10
0.518668	11
0.518739	12
0.518815	13
0.518895	14
0.518954	15
0.519007	16
0.519066	17
0.519128	18
0.519193	19
0.519262	20
0.519294	6
0.51934	7
0.519342	8
0.519348	9
0.519351	10
0.519373	7
0.519434	8
0.519435	9
0.519436	10
0.519443	11
0.519519	12
0.519597	13
0.519655	14
0.519706	15
0.519764	16
0.519827	17
0.519893	18
0.519962	19
0.520033	20
0.520066	6
0.520115	7
0.520118	8
0.520125	9
0.520127	10
0.520149	7
0.520212	8
0.520214	9
0.520215	10
0.520223	11
0.520301	12
0.520357	13
0.520407	14
0.520464	15
0.520525	16
0.520591	17
0.520661	18
0.520734	19
0.520807	20
0.520841	6
0.520893	7
0.520895	8
0.520904	9
0.520906	10
0.520928	7
0.520995	8
0.520996	9
0.520997	10
0.521006	11
0.52106	12
0.521109	13
0.521164	14
0.521225	15
0.521289	16
0.521358	17
0.52143	18
0.521507	19
0.521584	20
0.52162	6
0.521674	7
0.521676	8
0.521684	9
0.521686	10
0.52171	7
0.521755	8
0.521756	9
0.521757	10
0.521764	11
0.521814	12
0.521868	13
0.521927	14
0.521991	15
0.522059	16
0.522132	17
0.522209	18
0.52229	19
0.522369	20
0.522404	6
0.522438	7
0.52244	8
0.522449	9
0.522451	10
0.52247	8
0.522509	9
0.52251	10
0.522518	11
0.522571	12
0.522629	13
0.522691	14
0.522759	15
0.522831	16
0.522908	17
0.522989	18
0.523076	19
0.523133	20
0.523163	6
0.523185	7
0.523189	8
0.523199	9
0.523201	10
0.523223	9
0.523266	10
0.523276	11
0.523332	12
0.523393	13
0.523459	14
0.52353	15
0.523606	16
0.523687	17
0.523772	18
0.523836	19
0.523881	20
0.523915	6
0.523945	7
0.523947	8
0.523956	9
0.523958	10
0.52398	9
0.524027	10
0.524036	11
0.524097	12
0.524161	13
0.524231	14
0.524306	15
0.524385	16
0.524469	17
0.524532	18
0.524586	19
0.52464	20
0.524672	6
0.524707	7
0.52471	8
0.524717	9
0.52472	10
0.524741	9
0.524791	10
0.524801	11
0.524865	12
0.524933	13
0.525006	14
0.525085	15
0.525168	16
0.525229	17
0.525283	18
0.525342	19
0.525402	20
0.525433	6
0.525473	7
0.525475	8
0.52548	9
0.525484	10
0.525505	8
0.525559	9
0.525561	10
0.525569	11
0.525636	12
0.525708	13
0.525785	14
0.525867	15
0.525927	16
0.525981	17
0.52604	18
0.526101	19
0.526166	20
0.526199	6
0.526241	7
0.526243	8
0.526248	9
0.526251	10
0.526273	8
0.526331	9
0.526332	10
0.526341	11
0.526412	12
0.526487	13
0.526568	14
0.526627	15
0.52668	16
0.526739	17
0.526801	18
0.526866	19
0.526934	20
0.526967	6
0.527013	7
0.527015	8
0.527021	9
0.527023	10
0.527046	7
0.527106	8
0.527108	9
0.527109	10
0.527116	11
0.527192	12
0.52727	13
0.527328	14
0.527379	15
0.527437	16
0.527499	17
0.527565	18
0.527635	19
0.527706	20
0.527739	6
0.527788	7
0.52779	8
0.527797	9
0.5278	10
0.527822	7
0.527885	8
0.527886	9
0.527888	10
0.527896	11
0.527974	12
0.528029	13
0.52808	14
0.528136	15
0.528198	16
0.528264	17
0.528334	18
0.528407	19
0.52848	20
0.528514	6
0.528566	7
0.528568	8
0.528576	9
0.528579	10
0.5286	7
0.528668	8
0.528669	9
0.52867	10
0.528679	11
0.528733	12
0.528782	13
0.528837	14
0.528897	15
0.528962	16
0.529031	17
0.529103	18
0.52918	19
0.529257	20
0.529293	6
0.529347	7
0.529349	8
0.529356	9
0.529359	10
0.529383	7
0.529427	8
0.529429	9
0.52943	10
0.529437	11
0.529487	12
0.529541	13
0.5296	14
0.529663	15
0.529732	16
0.529805	17
0.529882	18
0.529963	19
0.530042	20
0.530077	6
0.530111	7
0.530113	8
0.530121	9
0.530124	10
0.530143	8
0.530181	9
0.530183	10
0.530191	11
0.530244	12
0.530302	13
0.530364	14
0.530431	15
0.530504	16
0.530581	17
0.530662	18
0.530749	19
0.530805	20
0.530835	6
0.530858	7
0.530862	8
0.530871	9
0.530874	10
0.530895	9
0.530939	10
0.530948	11
0.531005	12
0.531066	13
0.531132	14
0.531203	15
0.531279	16
0.531359	17
0.531445	18
0.531508	19
0.531554	20
0.531588	6
0.531618	7
0.53162	8
0.531629	9
0.531631	10
0.531653	9
0.5317	10
0.531709	11
0.531769	12
0.531834	13
0.531904	14
0.531978	15
0.532058	16
0.532142	17
0.532204	18
0.532259	19
0.532313	20
0.532345	6
0.53238	7
0.532382	8
0.53239	9
0.532393	10
0.532414	9
0.532464	10
0.532474	11
0.532537	12
0.532606	13
0.532679	14
0.532757	15
0.53284	16
0.532902	17
0.532956	18
0.533015	19
0.533075	20
0.533106	6
0.533146	7
0.533148	8
0.533153	9
0.533156	10
0.533178	8
0.533232	9
0.533233	10
0.533242	11
0.533309	12
0.533381	13
0.533458	14
0.53354	15
0.5336	16
0.533654	17
0.533713	18
0.533774	19
0.533839	20
0.533872	6
0.533914	7
0.533916	8
0.533921	9
0.533923	10
0.533946	8
0.534004	9
0.534005	10
0.534013	11
0.534084	12
0.53416	13
0.534241	14
0.5343	15
0.534352	16
0.534411	17
0.534474	18
0.534539	19
0.534607	20
0.53464	6
0.534685	7
0.534688	8
0.534694	9
0.534696	10
0.534719	7
0.534779	8
0.53478	9
0.534782	10
0.534789	11
0.534864	12
0.534943	13
0.535	14
0.535052	15
0.53511	16
0.535172	17
0.535238	18
0.535308	19
0.535379	20
0.535411	6
0.535461	7
0.535463	8
0.53547	9
0.535473	10
0.535494	7
0.535558	8
0.535559	9
0.53556	10
0.535569	11
0.535647	12
0.535702	13
0.535753	14
0.535809	15
0.535871	16
0.535937	17
0.536006	18
0.53608	19
0.536153	20
0.536187	6
0.536238	7
0.536241	8
0.536249	9
0.536252	10
0.536273	7
0.536341	8
0.536342	9
0.536343	10
0.536351	11
0.536405	12
0.536455	13
0.53651	14
0.53657	15
0.536635	16
0.536704	17
0.536776	18
0.536853	19
0.536929	20
0.536966	6
0.53702	7
0.537022	8
0.537029	9
0.537032	10
0.537056	7
0.5371	8
0.537101	9
0.537103	10
0.53711	11
0.537159	12
0.537214	13
0.537272	14
0.537336	15
0.537405	16
0.537478	17
0.537555	18
0.537635	19
0.537715	20
0.53775	6
0.537783	7
0.537786	8
0.537794	9
0.537797	10
0.537816	8
0.537854	9
0.537855	10
0.537864	11
0.537917	12
0.537974	13
0.538037	14
0.538104	15
0.538176	16
0.538253	17
0.538335	18
0.538422	19
0.538478	20
0.538508	6
0.538531	7
0.538535	8
0.538544	9
0.538547	10
0.538568	9
0.538611	10
0.538621	11
0.538678	12
0.538739	13
0.538805	14
0.538876	15
0.538952	16
0.539032	17
0.539118	18
0.539181	19
0.539227	20
0.539261	6
0.539291	7
0.539293	8
0.539301	9
0.539304	10
0.539325	9
0.539372	10
0.539382	11
0.539442	12
0.539507	13
0.539577	14
0.539651	15
0.539731	16
0.539815	17
0.539877	18
0.539931	19
0.539985	20
0.540018	6
0.540053	7
0.540055	8
0.540062	9
0.540066	10
0.540086	9
0.540137	10
0.540146	11
0.54021	12
0.540279	13
0.540352	14
0.54043	15
0.540513	16
0.540574	17
0.540628	18
0.540687	19
0.540747	20
0.540779	6
0.540818	7
0.540821	8
0.540826	9
0.540829	10
0.540851	8
0.540905	9
0.540906	10
0.540915	11
0.540982	12
0.541054	13
0.541131	14
0.541213	15
0.541273	16
0.541327	17
0.541386	18
0.541447	19
0.541512	20
0.541544	6
0.541586	7
0.541589	8
0.541594	9
0.541596	10
0.541619	8
0.541677	9
0.541678	10
0.541686	11
0.541757	12
0.541833	13
0.541913	14
0.541972	15
0.542025	16
0.542084	17
0.542147	18
0.542211	19
0.54228	20
0.542312	6
0.542358	7
0.542361	8
0.542367	9
0.542369	10
0.542392	7
0.542452	8
0.542453	9
0.542454	10
0.542461	11
0.542537	12
0.542615	13
0.542673	14
0.542725	15
0.542782	16
0.542845	17
0.542911	18
0.542981	19
0.543052	20
0.543084	6
0.543133	7
0.543136	8
0.543143	9
0.543145	10
0.543167	7
0.543231	8
0.543232	9
0.543233	10
0.543242	11
0.54332	12
0.543375	13
0.543425	14
0.543482	15
0.543543	16
0.543609	17
0.543679	18
0.543752	19
0.543826	20
0.543859	6
0.543911	7
0.543914	8
0.543922	9
0.543924	10
0.543946	7
0.544013	8
0.544014	9
0.544016	10
0.544024	11
0.544078	12
0.544127	13
0.544183	14
0.544243	15
0.544308	16
0.544376	17
0.544448	18
0.544525	19
0.544602	20
0.544638	6
0.544692	7
0.544695	8
0.544702	9
0.544704	10
0.544728	7
0.544773	8
0.544774	9
0.544775	10
0.544783	11
0.544832	12
0.544886	13
0.544945	14
0.545009	15
0.545077	16
0.545151	17
0.545228	18
0.545308	19
0.545388	20
0.545422	6
0.545456	7
0.545458	8
0.545467	9
0.545469	10
0.545489	8
0.545527	9
0.545528	10
0.545537	11
0.545589	12
0.545647	13
0.54571	14
0.545777	15
0.545849	16
0.545926	17
0.546008	18
0.546094	19
0.546151	20
0.546181	6
0.546204	7
0.546207	8
0.546217	9
0.546219	10
0.546241	9
0.546284	10
0.546294	11
0.54635	12
0.546412	13
0.546478	14
0.546549	15
0.546624	16
0.546705	17
0.54679	18
0.546854	19
0.5469	20
0.546933	6
0.546963	7
0.546966	8
0.546974	9
0.546977	10
0.546998	9
0.547045	10
0.547055	11
0.547115	12
0.54718	13
0.547249	14
0.547324	15
0.547403	16
0.547487	17
0.54755	18
0.547604	19
0.547658	20
0.547691	6
0.547725	7
0.547728	8
0.547735	9
0.547739	10
0.547759	9
0.54781	10
0.547819	11
0.547883	12
0.547951	13
0.548025	14
0.548103	15
0.548186	16
0.548247	17
0.548301	18
0.54836	19
0.54842	20
0.548451	6
0.548491	7
0.548494	8
0.548498	9
0.548502	10
0.548524	8
0.548578	9
0.548579	10
0.548587	11
0.548655	12
0.548727	13
0.548804	14
0.548885	15
0.548945	16
0.549	17
0.549058	18
0.54912	19
0.549185	20
0.549217	6
0.549259	7
0.549262	8
0.549266	9
0.549269	10
0.549292	8
0.549349	9
0.549351	10
0.549359	11
0.54943	12
0.549506	13
0.549586	14
0.549645	15
0.549698	16
0.549757	17
0.549819	18
0.549884	19
0.549953	20
0.549985	6
0.550031	7
0.550033	8
0.550039	9
0.550042	10
0.550065	7
0.550125	8
0.550126	9
0.550127	10
0.550134	11
0.55021	12
0.550288	13
0.550346	14
0.550397	15
0.550455	16
0.550518	17
0.550584	18
0.550654	19
0.550724	20
0.550757	6
0.550806	7
0.550809	8
0.550816	9
0.550818	10
0.55084	7
0.550904	8
0.550905	9
0.550906	10
0.550914	11
0.550992	12
0.551048	13
0.551098	14
0.551155	15
0.551216	16
0.551282	17
0.551352	18
0.551425	19
0.551499	20
0.551532	6
0.551584	7
0.551586	8
0.551595	9
0.551597	10
0.551619	7
0.551686	8
0.551687	9
0.551688	10
0.551697	11
0.551751	12
0.5518	13
0.551856	14
0.551916	15
0.551981	16
0.552049	17
0.552121	18
0.552198	19
0.552275	20
0.552311	6
0.552365	7
0.552368	8
0.552375	9
0.552377	10
0.552401	7
0.552446	8
0.552447	9
0.552448	10
0.552455	11
0.552505	12
0.552559	13
0.552618	14
0.552682	15
0.55275	16
0.552824	17
0.5529	18
0.552981	19
0.55306	20
0.553095	6
0.553129	7
0.553131	8
0.55314	9
0.553142	10
0.553161	8
0.5532	9
0.553201	10
0.553209	11
0.553262	12
0.55332	13
0.553382	14
0.55345	15
0.553522	16
0.553599	17
0.553681	18
0.553767	19
0.553824	20
0.553854	6
0.553876	7
0.55388	8
0.55389	9
0.553892	10
0.553914	9
0.553957	10
0.553967	11
0.554023	12
0.554084	13
0.554151	14
0.554221	15
0.554297	16
0.554378	17
0.554463	18
0.554527	19
0.554572	20
0.554606	6
0.554636	7
0.554639	8
0.554647	9
0.554649	10
0.554671	9
0.554718	10
0.554727	11
0.554788	12
0.554853	13
0.554922	14
0.554997	15
0.555076	16
0.55516	17
0.555223	18
0.555277	19
0.555331	20
0.555363	6
0.555398	7
0.555401	8
0.555408	9
0.555411	10
0.555432	9
0.555482	10
0.555492	11
0.555556	12
0.555624	13
0.555698	14
0.555776	15
0.555859	16
0.55592	17
0.555974	18
0.556033	19
0.556093	20
0.556124	6
0.556164	7
0.556166	8
0.556171	9
0.556175	10
0.556196	8
0.55625	9
0.556252	10
0.55626	11
0.556327	12
0.556399	13
0.556476	14
0.556558	15
0.556618	16
0.556672	17
0.556731	18
0.556793	19
0.556857	20
0.55689	6
0.556932	7
0.556934	8
0.556939	9
0.556942	10
0.556964	8
0.557022	9
0.557023	10
0.557032	11
0.557103	12
0.557178	13
0.557259	14
0.557318	15
0.557371	16
0.55743	17
0.557492	18
0.557557	19
0.557626	20
0.557658	6
0.557704	7
0.557706	8
0.557712	9
0.557714	10
0.557737	7
0.557797	8
0.557799	9
0.5578	10
0.557807	11
0.557883	12
0.557961	13
0.558019	14
0.55807	15
0.558128	16
0.55819	17
0.558257	18
0.558326	19
0.558397	20
0.55843	6
0.558479	7
0.558481	8
0.558489	9
0.558491	10
0.558513	7
0.558576	8
0.558578	9
0.558579	10
0.558587	11
0.558665	12
0.558721	13
0.558771	14
0.558828	15
0.558889	16
0.558955	17
0.559025	18
0.559098	19
0.559171	20
0.559205	6
0.559257	7
0.559259	8
0.559267	9
0.55927	10
0.559291	7
0.559359	8
0.55936	9
0.559361	10
0.55937	11
0.559424	12
0.559473	13
0.559528	14
0.559588	15
0.559653	16
0.559722	17
0.559794	18
0.559871	19
0.559948	20
0.559984	6
0.560038	7
0.56004	8
0.560048	9
0.56005	10
0.560074	7
0.560118	8
0.56012	9
0.560121	10
0.560128	11
0.560178	12
0.560232	13
0.560291	14
0.560354	15
0.560423	16
0.560496	17
0.560573	18
0.560654	19
0.560733	20
0.560768	6
0.560802	7
0.560804	8
0.560812	9
0.560815	10
0.560834	8
0.560873	9
0.560874	10
0.560882	11
0.560935	12
0.560993	13
0.561055	14
0.561123	15
0.561195	16
0.561272	17
0.561353	18
0.56144	19
0.561496	20
0.561526	6
0.561549	7
0.561553	8
0.561562	9
0.561565	10
0.561587	9
0.56163	10
0.561639	11
0.561696	12
0.561757	13
0.561823	14
0.561894	15
0.56197	16
0.56205	17
0.562136	18
0.5622	19
0.562245	20
0.562279	6
0.562309	7
0.562311	8
0.56232	9
0.562322	10
0.562344	9
0.562391	10
0.5624	11
0.56246	12
0.562525	13
0.562595	14
0.56267	15
0.562749	16
0.562833	17
0.562895	18
0.56295	19
0.563004	20
0.563036	6
0.563071	7
0.563073	8
0.563081	9
0.563084	10
0.563105	9
0.563155	10
0.563165	11
0.563228	12
0.563297	13
0.56337	14
0.563448	15
0.563531	16
0.563593	17
0.563647	18
0.563706	19
0.563766	20
0.563797	6
0.563837	7
0.563839	8
0.563844	9
0.563847	10
0.563869	8
0.563923	9
0.563924	10
0.563933	11
0.564	12
0.564072	13
0.564149	14
0.564231	15
0.564291	16
0.564345	17
0.564404	18
0.564465	19
0.56453	20
0.564563	6
0.564605	7
0.564607	8
0.564612	9
0.564614	10
0.564637	8
0.564695	9
0.564696	10
0.564705	11
0.564775	12
0.564851	13
0.564932	14
0.564991	15
0.565043	16
0.565102	17
0.565165	18
0.56523	19
0.565298	20
0.565331	6
0.565376	7
0.565379	8
0.565385	9
0.565387	10
0.56541	7
0.56547	8
0.565471	9
0.565473	10
0.56548	11
0.565556	12
0.565634	13
0.565691	14
0.565743	15
0.565801	16
0.565863	17
0.565929	18
0.565999	19
0.56607	20
0.566102	6
0.566152	7
0.566154	8
0.566161	9
0.566164	10
0.566185	7
0.566249	8
0.56625	9
0.566251	10
0.56626	11
0.566338	12
0.566393	13
0.566444	14
0.5665	15
0.566562	16
0.566628	17
0.566697	18
0.566771	19
0.566844	20
0.566878	6
0.566929	7
0.566932	8
0.56694	9
0.566943	10
0.566964	7
0.567032	8
0.567033	9
0.567034	10
0.567042	11
0.567096	12
0.567146	13
0.567201	14
0.567261	15
0.567326	16
0.567395	17
0.567467	18
0.567544	19
0.567621	20
0.567657	6
0.567711	7
0.567713	8
0.56772	9
0.567723	10
0.567747	7
0.567791	8
0.567792	9
0.567794	10
0.567801	11
0.567851	12
0.567905	13
0.567964	14
0.568027	15
0.568096	16
0.568169	17
0.568246	18
0.568327	19
0.568406	20
0.568441	6
0.568474	7
0.568477	8
0.568485	9
0.568488	10
0.568507	8
0.568545	9
0.568546	10
0.568555	11
0.568608	12
0.568665	13
0.568728	14
0.568795	15
0.568867	16
0.568944	17
0.569026	18
0.569113	19
0.569169	20
0.569199	6
0.569222	7
0.569226	8
0.569235	9
0.569238	10
0.569259	9
0.569303	10
0.569312	11
0.569369	12
0.56943	13
0.569496	14
0.569567	15
0.569643	16
0.569723	17
0.569809	18
0.569872	19
0.569918	20
0.569952	6
0.569982	7
0.569984	8
0.569993	9
0.569995	10
0.570017	9
0.570063	10
0.570073	11
0.570133	12
0.570198	13
0.570268	14
0.570342	15
0.570422	16
0.570506	17
0.570568	18
0.570622	19
0.570676	20
0.570709	6
0.570744	7
0.570746	8
0.570753	9
0.570757	10
0.570777	9
0.570828	10
0.570838	11
0.570901	12
0.57097	13
0.571043	14
0.571121	15
0.571204	16
0.571265	17
0.57132	18
0.571378	19
0.571439	20
0.57147	6
0.571509	7
0.571512	8
0.571517	9
0.57152	10
0.571542	8
0.571596	9
0.571597	10
0.571606	11
0.571673	12
0.571745	13
0.571822	14
0.571904	15
0.571964	16
0.572018	17
0.572077	18
0.572138	19
0.572203	20
0.572235	6
0.572278	7
0.57228	8
0.572285	9
0.572287	10
0.57231	8
0.572368	9
0.572369	10
0.572377	11
0.572448	12
0.572524	13
0.572604	14
0.572663	15
0.572716	16
0.572775	17
0.572838	18
0.572903	19
0.572971	20
0.573004	6
0.573049	7
0.573052	8
0.573058	9
0.57306	10
0.573083	7
0.573143	8
0.573144	9
0.573145	10
0.573153	11
0.573228	12
0.573306	13
0.573364	14
0.573416	15
0.573473	16
0.573536	17
0.573602	18
0.573672	19
0.573743	20
0.573775	6
0.573824	7
0.573827	8
0.573834	9
0.573836	10
0.573858	7
0.573922	8
0.573923	9
0.573924	10
0.573933	11
0.574011	12
0.574066	13
0.574117	14
0.574173	15
0.574234	16
0.5743	17
0.57437	18
0.574444	19
0.574517	20
0.57455	6
0.574602	7
0.574605	8
0.574613	9
0.574615	10
0.574637	7
0.574704	8
0.574706	9
0.574707	10
0.574715	11
0.574769	12
0.574819	13
0.574874	14
0.574934	15
0.574999	16
0.575067	17
0.575139	18
0.575216	19
0.575293	20
0.575329	6
0.575383	7
0.575386	8
0.575393	9
0.575395	10
0.57542	7
0.575464	8
0.575465	9
0.575466	10
0.575474	11
0.575523	12
0.575577	13
0.575636	14
0.5757	15
0.575769	16
0.575842	17
0.575919	18
0.575999	19
0.576079	20
0.576113	6
0.576147	7
0.57615	8
0.576158	9
0.57616	10
0.57618	8
0.576218	9
0.576219	10
0.576228	11
0.576281	12
0.576338	13
0.576401	14
0.576468	15
0.57654	16
0.576617	17
0.576699	18
0.576785	19
0.576842	20
0.576872	6
0.576895	7
0.576898	8
0.576908	9
0.57691	10
0.576932	9
0.576975	10
0.576985	11
0.577041	12
0.577103	13
0.577169	14
0.57724	15
0.577315	16
0.577396	17
0.577481	18
0.577545	19
0.577591	20
0.577624	6
0.577654	7
0.577657	8
0.577665	9
0.577668	10
0.577689	9
0.577736	10
0.577746	11
0.577806	12
0.577871	13
0.577941	14
0.578015	15
0.578094	16
0.578179	17
0.578241	18
0.578295	19
0.578349	20
0.578382	6
0.578417	7
0.578419	8
0.578426	9
0.57843	10
0.57845	9
0.578501	10
0.57851	11
0.578574	12
0.578642	13
0.578716	14
0.578794	15
0.578877	16
0.578938	17
0.578992	18
0.579051	19
0.579111	20
0.579143	6
0.579182	7
0.579185	8
0.579189	9
0.579193	10
0.579215	8
0.579269	9
0.57927	10
0.579278	11
0.579346	12
0.579418	13
0.579495	14
0.579576	15
0.579637	16
0.579691	17
0.57975	18
0.579811	19
0.579876	20
0.579908	6
0.57995	7
0.579953	8
0.579957	9
0.57996	10
0.579983	8
0.58004	9
0.580042	10
0.58005	11
0.580121	12
0.580197	13
0.580277	14
0.580336	15
0.580389	16
0.580448	17
0.58051	18
0.580575	19
0.580644	20
0.580676	6
0.580722	7
0.580724	8
0.58073	9
0.580733	10
0.580756	7
0.580816	8
0.580817	9
0.580818	10
0.580825	11
0.580901	12
0.580979	13
0.581037	14
0.581089	15
0.581146	16
0.581209	17
0.581275	18
0.581345	19
0.581416	20
0.581448	6
0.581497	7
0.5815	8
0.581507	9
0.581509	10
0.581531	7
0.581595	8
0.581596	9
0.581597	10
0.581605	11
0.581684	12
0.581739	13
0.581789	14
0.581846	15
0.581907	16
0.581973	17
0.582043	18
0.582116	19
0.58219	20
0.582223	6
0.582275	7
0.582277	8
0.582286	9
0.582288	10
0.58231	7
0.582377	8
0.582378	9
0.58238	10
0.582388	11
0.582442	12
0.582491	13
0.582547	14
0.582607	15
0.582672	16
0.58274	17
0.582812	18
0.582889	19
0.582966	20
0.583002	6
0.583056	7
0.583059	8
0.583066	9
0.583068	10
0.583092	7
0.583137	8
0.583138	9
0.583139	10
0.583146	11
0.583196	12
0.58325	13
0.583309	14
0.583373	15
0.583441	16
0.583515	17
0.583592	18
0.583672	19
0.583751	20
0.583786	6
0.58382	7
0.583822	8
0.583831	9
0.583833	10
0.583852	8
0.583891	9
0.583892	10
0.5839	11
0.583953	12
0.584011	13
0.584074	14
0.584141	15
0.584213	16
0.58429	17
0.584372	18
0.584458	19
0.584515	20
0.584545	6
0.584568	7
0.584571	8
0.584581	9
0.584583	10
0.584605	9
0.584648	10
0.584658	11
0.584714	12
0.584776	13
0.584842	14
0.584913	15
0.584988	16
0.585069	17
0.585154	18
0.585218	19
0.585264	20
0.585297	6
0.585327	7
0.58533	8
0.585338	9
0.58534	10
0.585362	9
0.585409	10
0.585419	11
0.585479	12
0.585544	13
0.585613	14
0.585688	15
0.585767	16
0.585851	17
0.585914	18
0.585968	19
0.586022	20
0.586054	6
0.586089	7
0.586092	8
0.586099	9
0.586103	10
0.586123	9
0.586173	10
0.586183	11
0.586247	12
0.586315	13
0.586389	14
0.586467	15
0.58655	16
0.586611	17
0.586665	18
0.586724	19
0.586784	20
0.586815	6
0.586855	7
0.586857	8
0.586862	9
0.586866	10
0.586887	8
0.586942	9
0.586943	10
0.586951	11
0.587018	12
0.587091	13
0.587167	14
0.587249	15
0.587309	16
0.587363	17
0.587422	18
0.587484	19
0.587549	20
0.587581	6
0.587623	7
0.587625	8
0.58763	9
0.587633	10
0.587655	8
0.587713	9
0.587714	10
0.587723	11
0.587794	12
0.587869	13
0.58795	14
0.588009	15
0.588062	16
0.588121	17
0.588183	18
0.588248	19
0.588317	20
0.588349	6
0.588395	7
0.588397	8
0.588403	9
0.588406	10
0.588428	7
0.588488	8
0.58849	9
0.588491	10
0.588498	11
0.588574	12
0.588652	13
0.58871	14
0.588761	15
0.588819	16
0.588882	17
0.588948	18
0.589017	19
0.589088	20
0.589121	6
0.58917	7
0.589172	8
0.58918	9
0.589182	10
0.589204	7
0.589267	8
0.589269	9
0.58927	10
0.589278	11
0.589356	12
0.589412	13
0.589462	14
0.589519	15
0.58958	16
0.589646	17
0.589716	18
0.589789	19
0.589862	20
0.589896	6
0.589948	7
0.58995	8
0.589959	9
0.589961	10
0.589983	7
0.59005	8
0.590051	9
0.590052	10
0.590061	11
0.590115	12
0.590164	13
0.590219	14
0.590279	15
0.590344	16
0.590413	17
0.590485	18
0.590562	19
0.590639	20
0.590675	6
0.590729	7
0.590731	8
0.590739	9
0.590741	10
0.590765	7
0.59081	8
0.590811	9
0.590812	10
0.590819	11
0.590869	12
0.590923	13
0.590982	14
0.591046	15
0.591114	16
0.591187	17
0.591264	18
0.591345	19
0.591424	20
0.591459	6
0.591493	7
0.591495	8
0.591503	9
0.591506	10
0.591525	8
0.591564	9
0.591565	10
0.591573	11
0.591626	12
0.591684	13
0.591746	14
0.591814	15
0.591886	16
0.591963	17
0.592044	18
0.592131	19
0.592187	20
0.592217	6
0.59224	7
0.592244	8
0.592254	9
0.592256	10
0.592278	9
0.592321	10
0.59233	11
0.592387	12
0.592448	13
0.592514	14
0.592585	15
0.592661	16
0.592742	17
0.592827	18
0.592891	19
0.592936	20
0.59297	6
0.593	7
0.593002	8
0.593011	9
0.593013	10
0.593035	9
0.593082	10
0.593091	11
0.593151	12
0.593216	13
0.593286	14
0.593361	15
0.59344	16
0.593524	17
0.593587	18
0.593641	19
0.593695	20
0.593727	6
0.593762	7
0.593764	8
0.593772	9
0.593775	10
0.593796	9
0.593846	10
0.593856	11
0.59392	12
0.593988	13
0.594061	14
0.594139	15
0.594222	16
0.594284	17
0.594338	18
0.594397	19
0.594457	20
0.594488	6
0.594528	7
0.59453	8
0.594535	9
0.594539	10
0.59456	8
0.594614	9
0.594615	10
0.594624	11
0.594691	12
0.594763	13
0.59484	14
0.594922	15
0.594982	16
0.595036	17
0.595095	18
0.595156	19
0.595221	20
0.595254	6
0.595296	7
0.595298	8
0.595303	9
0.595305	10
0.595328	8
0.595386	9
0.595387	10
0.595396	11
0.595466	12
0.595542	13
0.595623	14
0.595682	15
0.595735	16
0.595793	17
0.595856	18
0.595921	19
0.595989	20
0.596022	6
0.596067	7
0.59607	8
0.596076	9
0.596078	10
0.596101	7
0.596161	8
0.596162	9
0.596164	10
0.596171	11
0.596247	12
0.596325	13
0.596382	14
0.596434	15
0.596492	16
0.596554	17
0.59662	18
0.59669	19
0.596761	20
0.596793	6
0.596843	7
0.596845	8
0.596852	9
0.596855	10
0.596876	7
0.59694	8
0.596941	9
0.596943	10
0.596951	11
0.597029	12
0.597084	13
0.597135	14
0.597191	15
0.597253	16
0.597319	17
0.597388	18
0.597462	19
0.597535	20
0.597569	6
0.59762	7
0.597623	8
0.597631	9
0.597634	10
0.597655	7
0.597723	8
0.597724	9
0.597725	10
0.597733	11
0.597788	12
0.597837	13
0.597892	14
0.597952	15
0.598017	16
0.598086	17
0.598158	18
0.598235	19
0.598312	20
0.598348	6
0.598402	7
0.598404	8
0.598411	9
0.598414	10
0.598438	7
0.598482	8
0.598484	9
0.598485	10
0.598492	11
0.598542	12
0.598596	13
0.598655	14
0.598718	15
0.598787	16
0.59886	17
0.598937	18
0.599018	19
0.599097	20
0.599132	6
0.599165	7
0.599168	8
0.599176	9
0.599179	10
0.599198	8
0.599236	9
0.599238	10
0.599246	11
0.599299	12
0.599357	13
0.599419	14
0.599486	15
0.599559	16
0.599635	17
0.599717	18
0.599804	19
0.59986	20
0.59989	6
0.599913	7
0.599917	8
0.599926	9
0.599929	10
0.59995	9
0.599994	10
0.600003	11
0.60006	12
0.600121	13
0.600187	14
0.600258	15
0.600334	16
0.600414	17
0.6005	18
0.600563	19
0.600609	20
0.600643	6
0.600673	7
0.600675	8
0.600684	9
0.600686	10
0.600708	9
0.600754	10
0.600764	11
0.600824	12
0.600889	13
0.600959	14
0.601033	15
0.601113	16
0.601197	17
0.601259	18
0.601313	19
0.601368	20
0.6014	6
0.601435	7
0.601437	8
0.601444	9
0.601448	10
0.601468	9
0.601519	10
0.601529	11
0.601592	12
0.601661	13
0.601734	14
0.601812	15
0.601895	16
0.601956	17
0.602011	18
0.602069	19
0.60213	20
0.602161	6
0.6022	7
0.602203	8
0.602208	9
0.602211	10
0.602233	8
0.602287	9
0.602288	10
0.602297	11
0.602364	12
0.602436	13
0.602513	14
0.602595	15
0.602655	16
0.602709	17
0.602768	18
0.602829	19
0.602894	20
0.602927	6
0.602969	7
0.602971	8
0.602976	9
0.602978	10
0.603001	8
0.603059	9
0.60306	10
0.603068	11
0.603139	12
0.603215	13
0.603296	14
0.603354	15
0.603407	16
0.603466	17
0.603529	18
0.603594	19
0.603662	20
0.603695	6
0.60374	7
0.603743	8
0.603749	9
0.603751	10
0.603774	7
0.603834	8
0.603835	9
0.603836	10
0.603844	11
0.603919	12
0.603997	13
0.604055	14
0.604107	15
0.604165	16
0.604227	17
0.604293	18
0.604363	19
0.604434	20
0.604466	6
0.604516	7
0.604518	8
0.604525	9
0.604528	10
0.604549	7
0.604613	8
0.604614	9
0.604615	10
0.604624	11
0.604702	12
0.604757	13
0.604808	14
0.604864	15
0.604925	16
0.604992	17
0.605061	18
0.605135	19
0.605208	20
0.605242	6
0.605293	7
0.605296	8
0.605304	9
0.605306	10
0.605328	7
0.605395	8
0.605397	9
0.605398	10
0.605406	11
0.60546	12
0.60551	13
0.605565	14
0.605625	15
0.60569	16
0.605758	17
0.605831	18
0.605907	19
0.605984	20
0.60602	6
0.606075	7
0.606077	8
0.606084	9
0.606087	10
0.606111	7
0.606155	8
0.606156	9
0.606157	10
0.606165	11
0.606214	12
0.606268	13
0.606327	14
0.606391	15
0.60646	16
0.606533	17
0.60661	18
0.60669	19
0.60677	20
0.606805	6
0.606838	7
0.606841	8
0.606849	9
0.606851	10
0.606871	8
0.606909	9
0.60691	10
0.606919	11
0.606972	12
0.607029	13
0.607092	14
0.607159	15
0.607231	16
0.607308	17
0.60739	18
0.607476	19
0.607533	20
0.607563	6
0.607586	7
0.607589	8
0.607599	9
0.607601	10
0.607623	9
0.607666	10
0.607676	11
0.607733	12
0.607794	13
0.60786	14
0.607931	15
0.608007	16
0.608087	17
0.608172	18
0.608236	19
0.608282	20
0.608315	6
0.608346	7
0.608348	8
0.608356	9
0.608359	10
0.60838	9
0.608427	10
0.608437	11
0.608497	12
0.608562	13
0.608632	14
0.608706	15
0.608785	16
0.60887	17
0.608932	18
0.608986	19
0.60904	20
0.609073	6
0.609108	7
0.60911	8
0.609117	9
0.609121	10
0.609141	9
0.609192	10
0.609201	11
0.609265	12
0.609334	13
0.609407	14
0.609485	15
0.609568	16
0.609629	17
0.609683	18
0.609742	19
0.609802	20
0.609834	6
0.609873	7
0.609876	8
0.60988	9
0.609884	10
0.609906	8
0.60996	9
0.609961	10
0.609969	11
0.610037	12
0.610109	13
0.610186	14
0.610268	15
0.610328	16
0.610382	17
0.610441	18
0.610502	19
0.610567	20
0.610599	6
0.610641	7
0.610644	8
0.610649	9
0.610651	10
0.610674	8
0.610731	9
0.610733	10
0.610741	11
0.610812	12
0.610888	13
0.610968	14
0.611027	15
0.61108	16
0.611139	17
0.611201	18
0.611266	19
0.611335	20
0.611367	6
0.611413	7
0.611415	8
0.611421	9
0.611424	10
0.611447	7
0.611507	8
0.611508	9
0.611509	10
0.611516	11
0.611592	12
0.61167	13
0.611728	14
0.61178	15
0.611837	16
0.6119	17
0.611966	18
0.612036	19
0.612107	20
0.612139	6
0.612188	7
0.612191	8
0.612198	9
0.6122	10
0.612222	7
0.612286	8
0.612287	9
0.612288	10
0.612296	11
0.612375	12
0.61243	13
0.61248	14
0.612537	15
0.612598	16
0.612664	17
0.612734	18
0.612807	19
0.612881	20
0.612914	6
0.612966	7
0.612968	8
0.612977	9
0.612979	10
0.613001	7
0.613068	8
0.613069	9
0.613071	10
0.613079	11
0.613133	12
0.613182	13
0.613238	14
0.613298	15
0.613363	16
0.613431	17
0.613503	18
0.61358	19
0.613657	20
0.613693	6
0.613747	7
0.61375	8
0.613757	9
0.613759	10
0.613783	7
0.613828	8
0.613829	9
0.61383	10
0.613837	11
0.613887	12
0.613941	13
0.614	14
0.614064	15
0.614132	16
0.614206	17
0.614283	18
0.614363	19
0.614442	20
0.614477	6
0.614511	7
0.614513	8
0.614522	9
0.614524	10
0.614543	8
0.614582	9
0.614583	10
0.614592	11
0.614644	12
0.614702	13
0.614765	14
0.614832	15
0.614904	16
0.614981	17
0.615063	18
0.615149	19
0.615206	20
0.615236	6
0.615259	7
0.615262	8
0.615272	9
0.615274	10
0.615296	9
0.615339	10
0.615349	11
0.615405	12
0.615467	13
0.615533	14
0.615604	15
0.615679	16
0.61576	17
0.615845	18
0.615909	19
0.615955	20
0.615988	6
0.616018	7
0.616021	8
0.616029	9
0.616032	10
0.616053	9
0.6161	10
0.61611	11
0.61617	12
0.616235	13
0.616304	14
0.616379	15
0.616458	16
0.616542	17
0.616605	18
0.616659	19
0.616713	20
0.616746	6
0.61678	7
0.616783	8
0.61679	9
0.616794	10
0.616814	9
0.616864	10
0.616874	11
0.616938	12
0.617006	13
0.61708	14
0.617158	15
0.617241	16
0.617302	17
0.617356	18
0.617415	19
0.617475	20
0.617506	6
0.617546	7
0.617548	8
0.617553	9
0.617557	10
0.617578	8
0.617633	9
0.617634	10
0.617642	11
0.61771	12
0.617782	13
0.617859	14
0.61794	15
0.618	16
0.618054	17
0.618113	18
0.618175	19
0.61824	20
0.618272	6
0.618314	7
0.618317	8
0.618321	9
0.618324	10
0.618347	8
0.618404	9
0.618405	10
0.618414	11
0.618485	12
0.618561	13
0.618641	14
0.6187	15
0.618753	16
0.618812	17
0.618874	18
0.618939	19
0.619008	20
0.61904	6
0.619086	7
0.619088	8
0.619094	9
0.619097	10
0.619119	7
0.61918	8
0.619181	9
0.619182	10
0.619189	11
0.619265	12
0.619343	13
0.619401	14
0.619452	15
0.61951	16
0.619573	17
0.619639	18
0.619708	19
0.619779	20
0.619812	6
0.619861	7
0.619863	8
0.619871	9
0.619873	10
0.619895	7
0.619958	8
0.61996	9
0.619961	10
0.619969	11
0.620047	12
0.620103	13
0.620153	14
0.62021	15
0.620271	16
0.620337	17
0.620407	18
0.62048	19
0.620553	20
0.620587	6
0.620639	7
0.620641	8
0.62065	9
0.620652	10
0.620674	7
0.620741	8
0.620742	9
0.620743	10
0.620752	11
0.620806	12
0.620855	13
0.62091	14
0.620971	15
0.621035	16
0.621104	17
0.621176	18
0.621253	19
0.62133	20
0.621366	6
0.62142	7
0.621422	8
0.62143	9
0.621432	10
0.621456	7
0.621501	8
0.621502	9
0.621503	10
0.62151	11
0.62156	12
0.621614	13
0.621673	14
0.621737	15
0.621805	16
0.621878	17
0.621955	18
0.622036	19
0.622115	20
0.62215	6
0.622184	7
0.622186	8
0.622195	9
0.622197	10
0.622216	8
0.622255	9
0.622256	10
0.622264	11
0.622317	12
0.622375	13
0.622437	14
0.622505	15
0.622577	16
0.622654	17
0.622735	18
0.622822	19
0.622879	20
0.622909	6
0.622931	7
0.622935	8
0.622945	9
0.622947	10
0.622969	9
0.623012	10
0.623022	11
0.623078	12
0.623139	13
0.623205	14
0.623276	15
0.623352	16
0.623433	17
0.623518	18
0.623582	19
0.623627	20
0.623661	6
0.623691	7
0.623693	8
0.623702	9
0.623704	10
0.623726	9
0.623773	10
0.623782	11
0.623843	12
0.623907	13
0.623977	14
0.624052	15
0.624131	16
0.624215	17
0.624278	18
0.624332	19
0.624386	20
0.624418	6
0.624453	7
0.624456	8
0.624463	9
0.624466	10
0.624487	9
0.624537	10
0.624547	11
0.624611	12
0.624679	13
0.624752	14
0.624831	15
0.624913	16
0.624975	17
0.625029	18
0.625088	19
0.625148	20
0.625179	6
0.625219	7
0.625221	8
0.625226	9
0.62523	10
0.625251	8
0.625305	9
0.625307	10
0.625315	11
0.625382	12
0.625454	13
0.625531	14
0.625613	15
0.625673	16
0.625727	17
0.625786	18
0.625847	19
0.625912	20
0.625945	6
0.625987	7
0.625989	8
0.625994	9
0.625996	10
0.626019	8
0.626077	9
0.626078	10
0.626087	11
0.626158	12
0.626233	13
0.626314	14
0.626373	15
0.626426	16
0.626485	17
0.626547	18
0.626612	19
0.62668	20
0.626713	6
0.626759	7
0.626761	8
0.626767	9
0.626769	10
0.626792	7
0.626852	8
0.626854	9
0.626855	10
0.626862	11
0.626938	12
0.627016	13
0.627073	14
0.627125	15
0.627183	16
0.627245	17
0.627311	18
0.627381	19
0.627452	20
0.627485	6
0.627534	7
0.627536	8
0.627543	9
0.627546	10
0.627568	7
0.627631	8
0.627632	9
0.627634	10
0.627642	11
0.62772	12
0.627775	13
0.627826	14
0.627882	15
0.627944	16
0.62801	17
0.62808	18
0.628153	19
0.628226	20
0.62826	6
0.628312	7
0.628314	8
0.628322	9
0.628325	10
0.628346	7
0.628414	8
0.628415	9
0.628416	10
0.628425	11
0.628479	12
0.628528	13
0.628583	14
0.628643	15
0.628708	16
0.628777	17
0.628849	18
0.628926	19
0.629003	20
0.629039	6
0.629093	7
0.629095	8
0.629102	9
0.629105	10
0.629129	7
0.629173	8
0.629175	9
0.629176	10
0.629183	11
0.629233	12
0.629287	13
0.629346	14
0.629409	15
0.629478	16
0.629551	17
0.629628	18
0.629709	19
0.629788	20
0.629823	6
0.629857	7
0.629859	8
0.629867	9
0.62987	10
0.629889	8
0.629927	9
0.629929	10
0.629937	11
0.62999	12
0.630048	13
0.63011	14
0.630177	15
0.63025	16
0.630327	17
0.630408	18
0.630495	19
0.630551	20
0.630581	6
0.630604	7
0.630608	8
0.630617	9
0.63062	10
0.630641	9
0.630685	10
0.630694	11
0.630751	12
0.630812	13
0.630878	14
0.630949	15
0.631025	16
0.631105	17
0.631191	18
0.631254	19
0.6313	20
0.631334	6
0.631364	7
0.631366	8
0.631375	9
0.631377	10
0.631399	9
0.631446	10
0.631455	11
0.631515	12
0.63158	13
0.63165	14
0.631724	15
0.631804	16
0.631888	17
0.63195	18
0.632004	19
0.632059	20
0.632091	6
0.632126	7
0.632128	8
0.632136	9
0.632139	10
0.63216	9
0.63221	10
0.63222	11
0.632283	12
0.632352	13
0.632425	14
0.632503	15
0.632586	16
0.632648	17
0.632702	18
0.632761	19
0.632821	20
0.632852	6
0.632892	7
0.632894	8
0.632899	9
0.632902	10
0.632924	8
0.632978	9
0.632979	10
0.632988	11
0.633055	12
0.633127	13
0.633204	14
0.633286	15
0.633346	16
0.6334	17
0.633459	18
0.63352	19
0.633585	20
0.633618	6
0.63366	7
0.633662	8
0.633667	9
0.633669	10
0.633692	8
0.63375	9
0.633751	10
0.633759	11
0.63383	12
0.633906	13
0.633987	14
0.634045	15
0.634098	16
0.634157	17
0.63422	18
0.634285	19
0.634353	20
0.634386	6
0.634431	7
0.634434	8
0.63444	9
0.634442	10
0.634465	7
0.634525	8
0.634526	9
0.634527	10
0.634535	11
0.63461	12
0.634689	13
0.634746	14
0.634798	15
0.634856	16
0.634918	17
0.634984	18
0.635054	19
0.635125	20
0.635157	6
0.635207	7
0.635209	8
0.635216	9
0.635219	10
0.63524	7
0.635304	8
0.635305	9
0.635306	10
0.635315	11
0.635393	12
0.635448	13
0.635499	14
0.635555	15
0.635617	16
0.635683	17
0.635752	18
0.635826	19
0.635899	20
0.635933	6
0.635984	7
0.635987	8
0.635995	9
0.635998	10
0.636019	7
0.636086	8
0.636088	9
0.636089	10
0.636097	11
0.636151	12
0.636201	13
0.636256	14
0.636316	15
0.636381	16
0.636449	17
0.636522	18
0.636599	19
0.636675	20
0.636712	6
0.636766	7
0.636768	8
0.636775	9
0.636778	10
0.636802	7
0.636846	8
0.636847	9
0.636849	10
0.636856	11
0.636905	12
0.63696	13
0.637018	14
0.637082	15
0.637151	16
0.637224	17
0.637301	18
0.637381	19
0.637461	20
0.637496	6
0.637529	7
0.637532	8
0.63754	9
0.637543	10
0.637562	8
0.6376	9
0.637601	10
0.63761	11
0.637663	12
0.63772	13
0.637783	14
0.63785	15
0.637922	16
0.637999	17
0.638081	18
0.638168	19
0.638224	20
0.638254	6
0.638277	7
0.638281	8
0.63829	9
0.638293	10
0.638314	9
0.638357	10
0.638367	11
0.638424	12
0.638485	13
0.638551	14
0.638622	15
0.638698	16
0.638778	17
0.638864	18
0.638927	19
0.638973	20
0.639007	6
0.639037	7
0.639039	8
0.639047	9
0.63905	10
0.639071	9
0.639118	10
0.639128	11
0.639188	12
0.639253	13
0.639323	14
0.639397	15
0.639477	16
0.639561	17
0.639623	18
0.639677	19
0.639731	20
0.639764	6
0.639799	7
0.639801	8
0.639808	9
0.639812	10
0.639832	9
0.639883	10
0.639892	11
0.639956	12
0.640025	13
0.640098	14
0.640176	15
0.640259	16
0.64032	17
0.640374	18
0.640433	19
0.640493	20
0.640525	6
0.640564	7
0.640567	8
0.640572	9
0.640575	10
0.640597	8
0.640651	9
0.640652	10
0.64066	11
0.640728	12
0.6408	13
0.640877	14
0.640959	15
0.641019	16
0.641073	17
0.641132	18
0.641193	19
0.641258	20
0.64129	6
0.641332	7
0.641335	8
0.64134	9
0.641342	10
0.641365	8
0.641423	9
0.641424	10
0.641432	11
0.641503	12
0.641579	13
0.641659	14
0.641718	15
0.641771	16
0.64183	17
0.641893	18
0.641957	19
0.642026	20
0.642058	6
0.642104	7
0.642107	8
0.642113	9
0.642115	10
0.642138	7
0.642198	8
0.642199	9
0.6422	10
0.642207	11
0.642283	12
0.642361	13
0.642419	14
0.642471	15
0.642528	16
0.642591	17
0.642657	18
0.642727	19
0.642798	20
0.64283	6
0.642879	7
0.642882	8
0.642889	9
0.642891	10
0.642913	7
0.642977	8
0.642978	9
0.642979	10
0.642988	11
0.643066	12
0.643121	13
0.643171	14
0.643228	15
0.643289	16
0.643355	17
0.643425	18
0.643498	19
0.643572	20
0.643605	6
0.643657	7
0.643659	8
0.643668	9
0.64367	10
0.643692	7
0.643759	8
0.64376	9
0.643762	10
0.64377	11
0.643824	12
0.643873	13
0.643929	14
0.643989	15
0.644054	16
0.644122	17
0.644194	18
0.644271	19
0.644348	20
0.644384	6
0.644438	7
0.644441	8
0.644448	9
0.64445	10
0.644474	7
0.644519	8
0.64452	9
0.644521	10
0.644529	11
0.644578	12
0.644632	13
0.644691	14
0.644755	15
0.644823	16
0.644897	17
0.644974	18
0.645054	19
0.645134	20
0.645168	6
0.645202	7
0.645204	8
0.645213	9
0.645215	10
0.645235	8
0.645273	9
0.645274	10
0.645283	11
0.645335	12
0.645393	13
0.645456	14
0.645523	15
0.645595	16
0.645672	17
0.645754	18
0.64584	19
0.645897	20
0.645927	6
0.64595	7
0.645953	8
0.645963	9
0.645965	10
0.645987	9
0.64603	10
0.64604	11
0.646096	12
0.646158	13
0.646224	14
0.646295	15
0.64637	16
0.646451	17
0.646536	18
0.6466	19
0.646646	20
0.646679	6
0.646709	7
0.646712	8
0.64672	9
0.646723	10
0.646744	9
0.646791	10
0.646801	11
0.646861	12
0.646926	13
0.646995	14
0.64707	15
0.647149	16
0.647233	17
0.647296	18
0.64735	19
0.647404	20
0.647437	6
0.647471	7
0.647474	8
0.647481	9
0.647485	10
0.647505	9
0.647556	10
0.647565	11
0.647629	12
0.647697	13
0.647771	14
0.647849	15
0.647932	16
0.647993	17
0.648047	18
0.648106	19
0.648166	20
0.648197	6
0.648237	7
0.64824	8
0.648244	9
0.648248	10
0.64827	8
0.648324	9
0.648325	10
0.648333	11
0.648401	12
0.648473	13
0.64855	14
0.648631	15
0.648691	16
0.648746	17
0.648804	18
0.648866	19
0.648931	20
0.648963	6
0.649005	7
0.649008	8
0.649012	9
0.649015	10
0.649038	8
0.649095	9
0.649097	10
0.649105	11
0.649176	12
0.649252	13
0.649332	14
0.649391	15
0.649444	16
0.649503	17
0.649565	18
0.64963	19
0.649699	20
0.649731	6
0.649777	7
0.649779	8
0.649785	9
0.649788	10
0.649811	7
0.649871	8
0.649872	9
0.649873	10
0.64988	11
0.649956	12
0.650034	13
0.650092	14
0.650143	15
0.650201	16
0.650264	17
0.65033	18
0.6504	19
0.65047	20
0.650503	6
0.650552	7
0.650555	8
0.650562	9
0.650564	10
0.650586	7
0.65065	8
0.650651	9
0.650652	10
0.65066	11
0.650738	12
0.650794	13
0.650844	14
0.650901	15
0.650962	16
0.651028	17
0.651098	18
0.651171	19
0.651245	20
0.651278	6
0.65133	7
0.651332	8
0.651341	9
0.651343	10
0.651365	7
0.651432	8
0.651433	9
0.651434	10
0.651443	11
0.651497	12
0.651546	13
0.651602	14
0.651662	15
0.651727	16
0.651795	17
0.651867	18
0.651944	19
0.652021	20
0.652057	6
0.652111	7
0.652114	8
0.652121	9
0.652123	10
0.652147	7
0.652192	8
0.652193	9
0.652194	10
0.652201	11
0.652251	12
0.652305	13
0.652364	14
0.652428	15
0.652496	16
0.65257	17
0.652646	18
0.652727	19
0.652806	20
0.652841	6
0.652875	7
0.652877	8
0.652886	9
0.652888	10
0.652907	8
0.652946	9
0.652947	10
0.652955	11
0.653008	12
0.653066	13
0.653128	14
0.653196	15
0.653268	16
0.653345	17
0.653427	18
0.653513	19
0.65357	20
0.6536	6
0.653622	7
0.653626	8
0.653636	9
0.653638	10
0.65366	9
0.653703	10
0.653713	11
0.653769	12
0.65383	13
0.653897	14
0.653967	15
0.654043	16
0.654124	17
0.654209	18
0.654273	19
0.654318	20
0.654352	6
0.654382	7
0.654385	8
0.654393	9
0.654395	10
0.654417	9
0.654464	10
0.654473	11
0.654534	12
0.654598	13
0.654668	14
0.654743	15
0.654822	16
0.654906	17
0.654969	18
0.655023	19
0.655077	20
0.655109	6
0.655144	7
0.655147	8
0.655154	9
0.655157	10
0.655178	9
0.655228	10
0.655238	11
0.655302	12
0.65537	13
0.655443	14
0.655522	15
0.655605	16
0.655666	17
0.65572	18
0.655779	19
0.655839	20
0.65587	6
0.65591	7
0.655912	8
0.655917	9
0.655921	10
0.655942	8
0.655996	9
0.655998	10
0.656006	11
0.656073	12
0.656145	13
0.656222	14
0.656304	15
0.656364	16
0.656418	17
0.656477	18
0.656539	19
0.656603	20
0.656636	6
0.656678	7
0.65668	8
0.656685	9
0.656688	10
0.65671	8
0.656768	9
0.656769	10
0.656778	11
0.656849	12
0.656924	13
0.657005	14
0.657064	15
0.657117	16
0.657176	17
0.657238	18
0.657303	19
0.657372	20
0.657404	6
0.65745	7
0.657452	8
0.657458	9
0.65746	10
0.657483	7
0.657543	8
0.657545	9
0.657546	10
0.657553	11
0.657629	12
0.657707	13
0.657765	14
0.657816	15
0.657874	16
0.657936	17
0.658003	18
0.658072	19
0.658143	20
0.658176	6
0.658225	7
0.658227	8
0.658235	9
0.658237	10
0.658259	7
0.658322	8
0.658323	9
0.658325	10
0.658333	11
0.658411	12
0.658467	13
0.658517	14
0.658574	15
0.658635	16
0.658701	17
0.658771	18
0.658844	19
0.658917	20
0.658951	6
0.659003	7
0.659005	8
0.659013	9
0.659016	10
0.659037	7
0.659105	8
0.659106	9
0.659107	10
0.659116	11
0.65917	12
0.659219	13
0.659274	14
0.659334	15
0.659399	16
0.659468	17
0.65954	18
0.659617	19
0.659694	20
0.65973	6
0.659784	7
0.659786	8
0.659794	9
0.659796	10
0.65982	7
0.659864	8
0.659866	9
0.659867	10
0.659874	11
0.659924	12
0.659978	13
0.660037	14
0.6601	15
0.660169	16
0.660242	17
0.660319	18
0.6604	19
0.660479	20
0.660514	6
0.660548	7
0.66055	8
0.660558	9
0.660561	10
0.66058	8
0.660619	9
0.66062	10
0.660628	11
0.660681	12
0.660739	13
0.660801	14
0.660869	15
0.660941	16
0.661018	17
0.661099	18
0.661186	19
0.661242	20
0.661272	6
0.661295	7
0.661299	8
0.661308	9
0.661311	10
0.661332	9
0.661376	10
0.661385	11
0.661442	12
0.661503	13
0.661569	14
0.66164	15
0.661716	16
0.661796	17
0.661882	18
0.661946	19
0.661991	20
0.662025	6
0.662055	7
0.662057	8
0.662066	9
0.662068	10
0.66209	9
0.662137	10
0.662146	11
0.662206	12
0.662271	13
0.662341	14
0.662415	15
0.662495	16
0.662579	17
0.662641	18
0.662696	19
0.66275	20
0.662782	6
0.662817	7
0.662819	8
0.662827	9
0.66283	10
0.662851	9
0.662901	10
0.662911	11
0.662974	12
0.663043	13
0.663116	14
0.663194	15
0.663277	16
0.663339	17
0.663393	18
0.663452	19
0.663512	20
0.663543	6
0.663583	7
0.663585	8
0.66359	9
0.663593	10
0.663615	8
0.663669	9
0.66367	10
0.663679	11
0.663746	12
0.663818	13
0.663895	14
0.663977	15
0.664037	16
0.664091	17
0.66415	18
0.664211	19
0.664276	20
0.664309	6
0.664351	7
0.664353	8
0.664358	9
0.66436	10
0.664383	8
0.664441	9
0.664442	10
0.66445	11
0.664521	12
0.664597	13
0.664678	14
0.664737	15
0.664789	16
0.664848	17
0.664911	18
0.664976	19
0.665044	20
0.665077	6
0.665122	7
0.665125	8
0.665131	9
0.665133	10
0.665156	7
0.665216	8
0.665217	9
0.665219	10
0.665226	11
0.665302	12
0.66538	13
0.665437	14
0.665489	15
0.665547	16
0.665609	17
0.665675	18
0.665745	19
0.665816	20
0.665848	6
0.665898	7
0.6659	8
0.665907	9
0.66591	10
0.665931	7
0.665995	8
0.665996	9
0.665997	10
0.666006	11
0.666084	12
0.666139	13
0.66619	14
0.666246	15
0.666308	16
0.666374	17
0.666443	18
0.666517	19
0.66659	20
0.666624	6
0.666675	7
0.666678	8
0.666686	9
0.666689	10
0.66671	7
0.666778	8
0.666779	9
0.66678	10
0.666788	11
0.666842	12
0.666892	13
0.666947	14
0.667007	15
0.667072	16
0.667141	17
0.667213	18
0.66729	19
0.667367	20
0.667403	6
0.667457	7
0.667459	8
0.667466	9
0.667469	10
0.667493	7
0.667537	8
0.667538	9
0.66754	10
0.667547	11
0.667597	12
0.667651	13
0.66771	14
0.667773	15
0.667842	16
0.667915	17
0.667992	18
0.668073	19
0.668152	20
0.668187	6
0.66822	7
0.668223	8
0.668231	9
0.668234	10
0.668253	8
0.668291	9
0.668292	10
0.668301	11
0.668354	12
0.668411	13
0.668474	14
0.668541	15
0.668613	16
0.66869	17
0.668772	18
0.668859	19
0.668915	20
0.668945	6
0.668968	7
0.668972	8
0.668981	9
0.668984	10
0.669005	9
0.669049	10
0.669058	11
0.669115	12
0.669176	13
0.669242	14
0.669313	15
0.669389	16
0.669469	17
0.669555	18
0.669618	19
0.669664	20
0.669698	6
0.669728	7
0.66973	8
0.669738	9
0.669741	10
0.669763	9
0.669809	10
0.669819	11
0.669879	12
0.669944	13
0.670014	14
0.670088	15
0.670168	16
0.670252	17
0.670314	18
0.670368	19
0.670422	20
0.670455	6
0.67049	7
0.670492	8
0.670499	9
0.670503	10
0.670523	9
0.670574	10
0.670583	11
0.670647	12
0.670716	13
0.670789	14
0.670867	15
0.67095	16
0.671011	17
0.671065	18
0.671124	19
0.671184	20
0.671216	6
0.671255	7
0.671258	8
0.671263	9
0.671266	10
0.671288	8
0.671342	9
0.671343	10
0.671352	11
0.671419	12
0.671491	13
0.671568	14
0.67165	15
0.67171	16
0.671764	17
0.671823	18
0.671884	19
0.671949	20
0.671981	6
0.672023	7
0.672026	8
0.672031	9
0.672033	10
0.672056	8
0.672114	9
0.672115	10
0.672123	11
0.672194	12
0.67227	13
0.67235	14
0.672409	15
0.672462	16
0.672521	17
0.672584	18
0.672649	19
0.672717	20
0.672749	6
0.672795	7
0.672798	8
0.672804	9
0.672806	10
0.672829	7
0.672889	8
0.67289	9
0.672891	10
0.672899	11
0.672974	12
0.673052	13
0.67311	14
0.673162	15
0.673219	16
0.673282	17
0.673348	18
0.673418	19
0.673489	20
0.673521	6
0.67357	7
0.673573	8
0.67358	9
0.673582	10
0.673604	7
0.673668	8
0.673669	9
0.67367	10
0.673679	11
0.673757	12
0.673812	13
0.673863	14
0.673919	15
0.67398	16
0.674046	17
0.674116	18
0.674189	19
0.674263	20
0.674296	6
0.674348	7
0.674351	8
0.674359	9
0.674361	10
0.674383	7
0.67445	8
0.674452	9
0.674453	10
0.674461	11
0.674515	12
0.674565	13
0.67462	14
0.67468	15
0.674745	16
0.674813	17
0.674885	18
0.674962	19
0.675039	20
0.675075	6
0.675129	7
0.675132	8
0.675139	9
0.675141	10
0.675166	7
0.67521	8
0.675211	9
0.675212	10
0.67522	11
0.675269	12
0.675323	13
0.675382	14
0.675446	15
0.675514	16
0.675588	17
0.675665	18
0.675745	19
0.675825	20
0.675859	6
0.675893	7
0.675896	8
0.675904	9
0.675906	10
0.675926	8
0.675964	9
0.675965	10
0.675974	11
0.676027	12
0.676084	13
0.676147	14
0.676214	15
0.676286	16
0.676363	17
0.676445	18
0.676531	19
0.676588	20
0.676618	6
0.676641	7
0.676644	8
0.676654	9
0.676656	10
0.676678	9
0.676721	10
0.676731	11
0.676787	12
0.676849	13
0.676915	14
0.676986	15
0.677061	16
0.677142	17
0.677227	18
0.677291	19
0.677337	20
0.67737	6
0.6774	7
0.677403	8
0.677411	9
0.677414	10
0.677435	9
0.677482	10
0.677492	11
0.677552	12
0.677617	13
0.677687	14
0.677761	15
0.67784	16
0.677925	17
0.677987	18
0.678041	19
0.678095	20
0.678128	6
0.678163	7
0.678165	8
0.678172	9
0.678176	10
0.678196	9
0.678247	10
0.678256	11
0.67832	12
0.678388	13
0.678462	14
0.67854	15
0.678623	16
0.678684	17
0.678738	18
0.678797	19
0.678857	20
0.678889	6
0.678928	7
0.678931	8
0.678935	9
0.678939	10
0.678961	8
0.679015	9
0.679016	10
0.679024	11
0.679092	12
0.679164	13
0.679241	14
0.679322	15
0.679383	16
0.679437	17
0.679496	18
0.679557	19
0.679622	20
0.679654	6
0.679696	7
0.679699	8
0.679703	9
0.679706	10
0.679729	8
0.679786	9
0.679788	10
0.679796	11
0.679867	12
0.679943	13
0.680023	14
0.680082	15
0.680135	16
0.680194	17
0.680256	18
0.680321	19
0.68039	20
0.680422	6
0.680468	7
0.68047	8
0.680476	9
0.680479	10
0.680502	7
0.680562	8
0.680563	9
0.680564	10
0.680571	11
0.680647	12
0.680725	13
0.680783	14
0.680835	15
0.680892	16
0.680955	17
0.681021	18
0.681091	19
0.681161	20
0.681194	6
0.681243	7
0.681246	8
0.681253	9
0.681255	10
0.681277	7
0.681341	8
0.681342	9
0.681343	10
0.681351	11
0.68143	12
0.681485	13
0.681535	14
0.681592	15
0.681653	16
0.681719	17
0.681789	18
0.681862	19
0.681936	20
0.681969	6
0.682021	7
0.682023	8
0.682032	9
0.682034	10
0.682056	7
0.682123	8
0.682124	9
0.682125	10
0.682134	11
0.682188	12
0.682237	13
0.682293	14
0.682353	15
0.682418	16
0.682486	17
0.682558	18
0.682635	19
0.682712	20
0.682748	6
0.682802	7
0.682805	8
0.682812	9
0.682814	10
0.682838	7
0.682883	8
0.682884	9
0.682885	10
0.682892	11
0.682942	12
0.682996	13
0.683055	14
0.683119	15
0.683187	16
0.683261	17
0.683338	18
0.683418	19
0.683497	20
0.683532	6
0.683566	7
0.683568	8
0.683577	9
0.683579	10
0.683598	8
0.683637	9
0.683638	10
0.683646	11
0.683699	12
0.683757	13
0.68382	14
0.683887	15
0.683959	16
0.684036	17
0.684118	18
0.684204	19
0.684261	20
0.684291	6
0.684314	7
0.684317	8
0.684327	9
0.684329	10
0.684351	9
0.684394	10
0.684404	11
0.68446	12
0.684521	13
0.684588	14
0.684659	15
0.684734	16
0.684815	17
0.6849	18
0.684964	19
0.685009	20
0.685043	6
0.685073	7
0.685076	8
0.685084	9
0.685086	10
0.685108	9
0.685155	10
0.685165	11
0.685225	12
0.68529	13
0.685359	14
0.685434	15
0.685513	16
0.685597	17
0.68566	18
0.685714	19
0.685768	20
0.6858	6
0.685835	7
0.685838	8
0.685845	9
0.685848	10
0.685869	9
0.685919	10
0.685929	11
0.685993	12
0.686061	13
0.686135	14
0.686213	15
0.686296	16
0.686357	17
0.686411	18
0.68647	19
0.68653	20
0.686561	6
0.686601	7
0.686603	8
0.686608	9
0.686612	10
0.686633	8
0.686687	9
0.686689	10
0.686697	11
0.686764	12
0.686837	13
0.686913	14
0.686995	15
0.687055	16
0.687109	17
0.687168	18
0.68723	19
0.687294	20
0.687327	6
0.687369	7
0.687371	8
0.687376	9
0.687379	10
0.687401	8
0.687459	9
0.68746	10
0.687469	11
0.68754	12
0.687615	13
0.687696	14
0.687755	15
0.687808	16
0.687867	17
0.687929	18
0.687994	19
0.688063	20
0.688095	6
0.688141	7
0.688143	8
0.688149	9
0.688152	10
0.688174	7
0.688234	8
0.688236	9
0.688237	10
0.688244	11
0.68832	12
0.688398	13
0.688456	14
0.688507	15
0.688565	16
0.688628	17
0.688694	18
0.688763	19
0.688834	20
0.688867	6
0.688916	7
0.688918	8
0.688926	9
0.688928	10
0.68895	7
0.689013	8
0.689015	9
0.689016	10
0.689024	11
0.689102	12
0.689158	13
0.689208	14
0.689265	15
0.689326	16
0.689392	17
0.689462	18
0.689535	19
0.689608	20
0.689642	6
0.689694	7
0.689696	8
0.689705	9
0.689707	10
0.689729	7
0.689796	8
0.689797	9
0.689798	10
0.689807	11
0.689861	12
0.68991	13
0.689965	14
0.690025	15
0.69009	16
0.690159	17
0.690231	18
0.690308	19
0.690385	20
0.690421	6
0.690475	7
0.690477	8
0.690485	9
0.690487	10
0.690511	7
0.690556	8
0.690557	9
0.690558	10
0.690565	11
0.690615	12
0.690669	13
0.690728	14
0.690792	15
0.69086	16
0.690933	17
0.69101	18
0.691091	19
0.69117	20
0.691205	6
0.691239	7
0.691241	8
0.691249	9
0.691252	10
0.691271	8
0.69131	9
0.691311	10
0.691319	11
0.691372	12
0.69143	13
0.691492	14
0.69156	15
0.691632	16
0.691709	17
0.69179	18
0.691877	19
0.691933	20
0.691963	6
0.691986	7
0.69199	8
0.692	9
0.692002	10
0.692024	9
0.692067	10
0.692076	11
0.692133	12
0.692194	13
0.69226	14
0.692331	15
0.692407	16
0.692488	17
0.692573	18
0.692637	19
0.692682	20
0.692716	6
0.692746	7
0.692748	8
0.692757	9
0.692759	10
0.692781	9
0.692828	10
0.692837	11
0.692897	12
0.692962	13
0.693032	14
0.693107	15
0.693186	16
0.69327	17
0.693333	18
0.693387	19
0.693441	20
0.693473	6
0.693508	7
0.69351	8
0.693518	9
0.693521	10
0.693542	9
0.693592	10
0.693602	11
0.693666	12
0.693734	13
0.693807	14
0.693885	15
0.693968	16
0.69403	17
0.694084	18
0.694143	19
0.694203	20
0.694234	6
0.694274	7
0.694276	8
0.694281	9
0.694285	10
0.694306	8
0.69436	9
0.694361	10
0.69437	11
0.694437	12
0.694509	13
0.694586	14
0.694668	15
0.694728	16
0.694782	17
0.694841	18
0.694902	19
0.694967	20
0.695	6
0.695042	7
0.695044	8
0.695049	9
0.695051	10
0.695074	8
0.695132	9
0.695133	10
0.695142	11
0.695212	12
0.695288	13
0.695369	14
0.695428	15
0.695481	16
0.695539	17
0.695602	18
0.695667	19
0.695735	20
0.695768	6
0.695813	7
0.695816	8
0.695822	9
0.695824	10
0.695847	7
0.695907	8
0.695908	9
0.69591	10
0.695917	11
0.695993	12
0.696071	13
0.696128	14
0.69618	15
0.696238	16
0.6963	17
0.696366	18
0.696436	19
0.696507	20
0.696539	6
0.696589	7
0.696591	8
0.696598	9
0.696601	10
0.696622	7
0.696686	8
0.696687	9
0.696689	10
0.696697	11
0.696775	12
0.69683	13
0.696881	14
0.696937	15
0.696999	16
0.697065	17
0.697134	18
0.697208	19
0.697281	20
0.697315	6
0.697366	7
0.697369	8
0.697377	9
0.69738	10
0.697401	7
0.697469	8
0.69747	9
0.697471	10
0.697479	11
0.697534	12
0.697583	13
0.697638	14
0.697698	15
0.697763	16
0.697832	17
0.697904	18
0.697981	19
0.698058	20
0.698094	6
0.698148	7
0.69815	8
0.698157	9
0.69816	10
0.698184	7
0.698228	8
0.698229	9
0.698231	10
0.698238	11
0.698288	12
0.698342	13
0.698401	14
0.698464	15
0.698533	16
0.698606	17
0.698683	18
0.698764	19
0.698843	20
0.698878	6
0.698911	7
0.698914	8
0.698922	9
0.698925	10
0.698944	8
0.698982	9
0.698984	10
0.698992	11
0.699045	12
0.699103	13
0.699165	14
0.699232	15
0.699304	16
0.699381	17
0.699463	18
0.69955	19
0.699606	20
0.699636	6
0.699659	7
0.699663	8
0.699672	9
0.699675	10
0.699696	9
0.69974	10
0.699749	11
0.699806	12
0.699867	13
0.699933	14
0.700004	15
0.70008	16
0.70016	17
0.700246	18
0.700309	19
0.700355	20
0.700389	6
0.700419	7
0.700421	8
0.70043	9
0.700432	10
0.700454	9
0.7005	10
0.70051	11
0.70057	12
0.700635	13
0.700705	14
0.700779	15
0.700859	16
0.700943	17
0.701005	18
0.701059	19
0.701113	20
0.701146	6
0.701181	7
0.701183	8
0.70119	9
0.701194	10
0.701214	9
0.701265	10
0.701275	11
0.701338	12
0.701407	13
0.70148	14
0.701558	15
0.701641	16
0.701702	17
0.701757	18
0.701815	19
0.701876	20
0.701907	6
0.701946	7
0.701949	8
0.701954	9
0.701957	10
0.701979	8
0.702033	9
0.702034	10
0.702043	11
0.70211	12
0.702182	13
0.702259	14
0.702341	15
0.702401	16
0.702455	17
0.702514	18
0.702575	19
0.70264	20
0.702672	6
0.702715	7
0.702717	8
0.702722	9
0.702724	10
0.702747	8
0.702805	9
0.702806	10
0.702814	11
0.702885	12
0.702961	13
0.703042	14
0.7031	15
0.703153	16
0.703212	17
0.703275	18
0.70334	19
0.703408	20
0.703441	6
0.703486	7
0.703489	8
0.703495	9
0.703497	10
0.70352	7
0.70358	8
0.703581	9
0.703582	10
0.70359	11
0.703665	12
0.703743	13
0.703801	14
0.703853	15
0.703911	16
0.703973	17
0.704039	18
0.704109	19
0.70418	20
0.704212	6
0.704262	7
0.704264	8
0.704271	9
0.704274	10
0.704295	7
0.704359	8
0.70436	9
0.704361	10
0.70437	11
0.704448	12
0.704503	13
0.704554	14
0.70461	15
0.704671	16
0.704738	17
0.704807	18
0.704881	19
0.704954	20
0.704988	6
0.705039	7
0.705042	8
0.70505	9
0.705052	10
0.705074	7
0.705141	8
0.705143	9
0.705144	10
0.705152	11
0.705206	12
0.705256	13
0.705311	14
0.705371	15
0.705436	16
0.705504	17
0.705577	18
0.705653	19
0.70573	20
0.705766	6
0.705821	7
0.705823	8
0.70583	9
0.705833	10
0.705857	7
0.705901	8
0.705902	9
0.705903	10
0.705911	11
0.70596	12
0.706014	13
0.706073	14
0.706137	15
0.706206	16
0.706279	17
0.706356	18
0.706436	19
0.706516	20
0.706551	6
0.706584	7
0.706587	8
0.706595	9
0.706597	10
0.706617	8
0.706655	9
0.706656	10
0.706665	11
0.706718	12
0.706775	13
0.706838	14
0.706905	15
0.706977	16
0.707054	17
0.707136	18
0.707222	19
0.707279	20
0.707309	6
0.707332	7
0.707335	8
0.707345	9
0.707347	10
0.707369	9
0.707412	10
0.707422	11
0.707478	12
0.70754	13
0.707606	14
0.707677	15
0.707753	16
0.707833	17
0.707918	18
0.707982	19
0.708028	20
0.708061	6
0.708092	7
0.708094	8
0.708102	9
0.708105	10
0.708126	9
0.708173	10
0.708183	11
0.708243	12
0.708308	13
0.708378	14
0.708452	15
0.708531	16
0.708616	17
0.708678	18
0.708732	19
0.708786	20
0.708819	6
0.708854	7
0.708856	8
0.708863	9
0.708867	10
0.708887	9
0.708938	10
0.708947	11
0.709011	12
0.70908	13
0.709153	14
0.709231	15
0.709314	16
0.709375	17
0.709429	18
0.709488	19
0.709548	20
0.70958	6
0.709619	7
0.709622	8
0.709626	9
0.70963	10
0.709652	8
0.709706	9
0.709707	10
0.709715	11
0.709783	12
0.709855	13
0.709932	14
0.710014	15
0.710074	16
0.710128	17
0.710187	18
0.710248	19
0.710313	20
0.710345	6
0.710387	7
0.71039	8
0.710395	9
0.710397	10
0.71042	8
0.710477	9
0.710479	10
0.710487	11
0.710558	12
0.710634	13
0.710714	14
0.710773	15
0.710826	16
0.710885	17
0.710947	18
0.711012	19
0.711081	20
0.711113	6
0.711159	7
0.711161	8
0.711167	9
0.71117	10
0.711193	7
0.711253	8
0.711254	9
0.711255	10
0.711262	11
0.711338	12
0.711416	13
0.711474	14
0.711526	15
0.711583	16
0.711646	17
0.711712	18
0.711782	19
0.711853	20
0.711885	6
0.711934	7
0.711937	8
0.711944	9
0.711946	10
0.711968	7
0.712032	8
0.712033	9
0.712034	10
0.712042	11
0.712121	12
0.712176	13
0.712226	14
0.712283	15
0.712344	16
0.71241	17
0.71248	18
0.712553	19
0.712627	20
0.71266	6
0.712712	7
0.712714	8
0.712723	9
0.712725	10
0.712747	7
0.712814	8
0.712815	9
0.712817	10
0.712825	11
0.712879	12
0.712928	13
0.712984	14
0.713044	15
0.713109	16
0.713177	17
0.713249	18
0.713326	19
0.713403	20
0.713439	6
0.713493	7
0.713496	8
0.713503	9
0.713505	10
0.713529	7
0.713574	8
0.713575	9
0.713576	10
0.713583	11
0.713633	12
0.713687	13
0.713746	14
0.71381	15
0.713878	16
0.713952	17
0.714029	18
0.714109	19
0.714188	20
0.714223	6
0.714257	7
0.714259	8
0.714268	9
0.71427	10
0.714289	8
0.714328	9
0.714329	10
0.714338	11
0.71439	12
0.714448	13
0.714511	14
0.714578	15
0.71465	16
0.714727	17
0.714809	18
0.714895	19
0.714952	20
0.714982	6
0.715005	7
0.715008	8
0.715018	9
0.71502	10
0.715042	9
0.715085	10
0.715095	11
0.715151	12
0.715213	13
0.715279	14
0.71535	15
0.715425	16
0.715506	17
0.715591	18
0.715655	19
0.715701	20
0.715734	6
0.715764	7
0.715767	8
0.715775	9
0.715777	10
0.715799	9
0.715846	10
0.715856	11
0.715916	12
0.715981	13
0.71605	14
0.716125	15
0.716204	16
0.716288	17
0.716351	18
0.716405	19
0.716459	20
0.716491	6
0.716526	7
0.716529	8
0.716536	9
0.71654	10
0.71656	9
0.71661	10
0.71662	11
0.716684	12
0.716752	13
0.716826	14
0.716904	15
0.716987	16
0.717048	17
0.717102	18
0.717161	19
0.717221	20
0.717252	6
0.717292	7
0.717294	8
0.717299	9
0.717303	10
0.717324	8
0.717379	9
0.71738	10
0.717388	11
0.717455	12
0.717528	13
0.717605	14
0.717686	15
0.717746	16
0.7178	17
0.717859	18
0.717921	19
0.717986	20
0.718018	6
0.71806	7
0.718062	8
0.718067	9
0.71807	10
0.718093	8
0.71815	9
0.718151	10
0.71816	11
0.718231	12
0.718307	13
0.718387	14
0.718446	15
0.718499	16
0.718558	17
0.71862	18
0.718685	19
0.718754	20
0.718786	6
0.718832	7
0.718834	8
0.71884	9
0.718843	10
0.718865	7
0.718926	8
0.718927	9
0.718928	10
0.718935	11
0.719011	12
0.719089	13
0.719147	14
0.719198	15
0.719256	16
0.719319	17
0.719385	18
0.719454	19
0.719525	20
0.719558	6
0.719607	7
0.719609	8
0.719617	9
0.719619	10
0.719641	7
0.719704	8
0.719706	9
0.719707	10
0.719715	11
0.719793	12
0.719849	13
0.719899	14
0.719956	15
0.720017	16
0.720083	17
0.720153	18
0.720226	19
0.720299	20
0.720333	6
0.720385	7
0.720387	8
0.720396	9
0.720398	10
0.72042	7
0.720487	8
0.720488	9
0.720489	10
0.720498	11
0.720552	12
0.720601	13
0.720656	14
0.720717	15
0.720781	16
0.72085	17
0.720922	18
0.720999	19
0.721076	20
0.721112	6
0.721166	7
0.721168	8
0.721176	9
0.721178	10
0.721202	7
0.721247	8
0.721248	9
0.721249	10
0.721256	11
0.721306	12
0.72136	13
0.721419	14
0.721483	15
0.721551	16
0.721624	17
0.721701	18
0.721782	19
0.721861	20
0.721896	6
0.72193	7
0.721932	8
0.721941	9
0.721943	10
0.721962	8
0.722001	9
0.722002	10
0.72201	11
0.722063	12
0.722121	13
0.722183	14
0.722251	15
0.722323	16
0.7224	17
0.722481	18
0.722568	19
0.722624	20
0.722655	6
0.722677	7
0.722681	8
0.722691	9
0.722693	10
0.722715	9
0.722758	10
0.722768	11
0.722824	12
0.722885	13
0.722951	14
0.723022	15
0.723098	16
0.723179	17
0.723264	18
0.723328	19
0.723373	20
0.723407	6
0.723437	7
0.723439	8
0.723448	9
0.72345	10
0.723472	9
0.723519	10
0.723528	11
0.723588	12
0.723653	13
0.723723	14
0.723798	15
0.723877	16
0.723961	17
0.724024	18
0.724078	19
0.724132	20
0.724164	6
0.724199	7
0.724202	8
0.724209	9
0.724212	10
0.724233	9
0.724283	10
0.724293	11
0.724357	12
0.724425	13
0.724498	14
0.724577	15
0.724659	16
0.724721	17
0.724775	18
0.724834	19
0.724894	20
0.724925	6
0.724965	7
0.724967	8
0.724972	9
0.724976	10
0.724997	8
0.725051	9
0.725053	10
0.725061	11
0.725128	12
0.7252	13
0.725277	14
0.725359	15
0.725419	16
0.725473	17
0.725532	18
0.725593	19
0.725658	20
0.725691	6
0.725733	7
0.725735	8
0.72574	9
0.725742	10
0.725765	8
0.725823	9
0.725824	10
0.725833	11
0.725904	12
0.725979	13
0.72606	14
0.726119	15
0.726172	16
0.72623	17
0.726293	18
0.726358	19
0.726426	20
0.726459	6
0.726505	7
0.726507	8
0.726513	9
0.726515	10
0.726538	7
0.726598	8
0.7266	9
0.726601	10
0.726608	11
0.726684	12
0.726762	13
0.726819	14
0.726871	15
0.726929	16
0.726991	17
0.727057	18
0.727127	19
0.727198	20
0.727231	6
0.72728	7
0.727282	8
0.727289	9
0.727292	10
0.727313	7
0.727377	8
0.727378	9
0.72738	10
0.727388	11
0.727466	12
0.727521	13
0.727572	14
0.727628	15
0.72769	16
0.727756	17
0.727826	18
0.727899	19
0.727972	20
0.728006	6
0.728058	7
0.72806	8
0.728068	9
0.728071	10
0.728092	7
0.72816	8
0.728161	9
0.728162	10
0.728171	11
0.728225	12
0.728274	13
0.728329	14
0.728389	15
0.728454	16
0.728523	17
0.728595	18
0.728672	19
0.728749	20
0.728785	6
0.728839	7
0.728841	8
0.728848	9
0.728851	10
0.728875	7
0.728919	8
0.728921	9
0.728922	10
0.728929	11
0.728979	12
0.729033	13
0.729092	14
0.729155	15
0.729224	16
0.729297	17
0.729374	18
0.729455	19
0.729534	20
0.729569	6
0.729603	7
0.729605	8
0.729613	9
0.729616	10
0.729635	8
0.729673	9
0.729675	10
0.729683	11
0.729736	12
0.729794	13
0.729856	14
0.729923	15
0.729996	16
0.730072	17
0.730154	18
0.730241	19
0.730297	20
0.730327	6
0.73035	7
0.730354	8
0.730363	9
0.730366	10
0.730387	9
0.730431	10
0.73044	11
0.730497	12
0.730558	13
0.730624	14
0.730695	15
0.730771	16
0.730851	17
0.730937	18
0.731	19
0.731046	20
0.73108	6
0.73111	7
0.731112	8
0.731121	9
0.731123	10
0.731145	9
0.731192	10
0.731201	11
0.731261	12
0.731326	13
0.731396	14
0.73147	15
0.73155	16
0.731634	17
0.731696	18
0.73175	19
0.731805	20
0.731837	6
0.731872	7
0.731874	8
0.731881	9
0.731885	10
0.731906	9
0.731956	10
0.731966	11
0.732029	12
0.732098	13
0.732171	14
0.732249	15
0.732332	16
0.732394	17
0.732448	18
0.732507	19
0.732567	20
0.732598	6
0.732638	7
0.73264	8
0.732645	9
0.732648	10
0.73267	8
0.732724	9
0.732725	10
0.732734	11
0.732801	12
0.732873	13
0.73295	14
0.733032	15
0.733092	16
0.733146	17
0.733205	18
0.733266	19
0.733331	20
0.733364	6
0.733406	7
0.733408	8
0.733413	9
0.733415	10
0.733438	8
0.733496	9
0.733497	10
0.733505	11
0.733576	12
0.733652	13
0.733733	14
0.733791	15
0.733844	16
0.733903	17
0.733966	18
0.734031	19
0.734099	20
0.734132	6
0.734177	7
0.73418	8
0.734186	9
0.734188	10
0.734211	7
0.734271	8
0.734272	9
0.734273	10
0.734281	11
0.734356	12
0.734435	13
0.734492	14
0.734544	15
0.734602	16
0.734664	17
0.73473	18
0.7348	19
0.734871	20
0.734903	6
0.734953	7
0.734955	8
0.734962	9
0.734965	10
0.734986	7
0.73505	8
0.735051	9
0.735052	10
0.735061	11
0.735139	12
0.735194	13
0.735245	14
0.735301	15
0.735362	16
0.735429	17
0.735498	18
0.735572	19
0.735645	20
0.735679	6
0.73573	7
0.735733	8
0.735741	9
0.735744	10
0.735765	7
0.735832	8
0.735834	9
0.735835	10
0.735843	11
0.735897	12
0.735947	13
0.736002	14
0.736062	15
0.736127	16
0.736195	17
0.736268	18
0.736345	19
0.736421	20
0.736458	6
0.736512	7
0.736514	8
0.736521	9
0.736524	10
0.736548	7
0.736592	8
0.736593	9
0.736595	10
0.736602	11
0.736651	12
0.736706	13
0.736764	14
0.736828	15
0.736897	16
0.73697	17
0.737047	18
0.737127	19
0.737207	20
0.737242	6
0.737275	7
0.737278	8
0.737286	9
0.737288	10
0.737308	8
0.737346	9
0.737347	10
0.737356	11
0.737409	12
0.737466	13
0.737529	14
0.737596	15
0.737668	16
0.737745	17
0.737827	18
0.737914	19
0.73797	20
0.738	6
0.738023	7
0.738027	8
0.738036	9
0.738039	10
0.73806	9
0.738103	10
0.738113	11
0.73817	12
0.738231	13
0.738297	14
0.738368	15
0.738444	16
0.738524	17
0.738609	18
0.738673	19
0.738719	20
0.738753	6
0.738783	7
0.738785	8
0.738793	9
0.738796	10
0.738817	9
0.738864	10
0.738874	11
0.738934	12
0.738999	13
0.739069	14
0.739143	15
0.739223	16
0.739307	17
0.739369	18
0.739423	19
0.739477	20
0.73951	6
0.739545	7
0.739547	8
0.739554	9
0.739558	10
0.739578	9
0.739629	10
0.739638	11
0.739702	12
0.739771	13
0.739844	14
0.739922	15
0.740005	16
0.740066	17
0.74012	18
0.740179	19
0.740239	20
0.740271	6
0.74031	7
0.740313	8
0.740318	9
0.740321	10
0.740343	8
0.740397	9
0.740398	10
0.740406	11
0.740474	12
0.740546	13
0.740623	14
0.740705	15
0.740765	16
0.740819	17
0.740878	18
0.740939	19
0.741004	20
0.741036	6
0.741078	7
0.741081	8
0.741086	9
0.741088	10
0.741111	8
0.741169	9
0.74117	10
0.741178	11
0.741249	12
0.741325	13
0.741405	14
0.741464	15
0.741517	16
0.741576	17
0.741639	18
0.741703	19
0.741772	20
0.741804	6
0.74185	7
0.741852	8
0.741858	9
0.741861	10
0.741884	7
0.741944	8
0.741945	9
0.741946	10
0.741953	11
0.742029	12
0.742107	13
0.742165	14
0.742217	15
0.742274	16
0.742337	17
0.742403	18
0.742473	19
0.742544	20
0.742576	6
0.742625	7
0.742628	8
0.742635	9
0.742637	10
0.742659	7
0.742723	8
0.742724	9
0.742725	10
0.742734	11
0.742812	12
0.742867	13
0.742917	14
0.742974	15
0.743035	16
0.743101	17
0.743171	18
0.743244	19
0.743318	20
0.743351	6
0.743403	7
0.743405	8
0.743414	9
0.743416	10
0.743438	7
0.743505	8
0.743506	9
0.743508	10
0.743516	11
0.74357	12
0.743619	13
0.743675	14
0.743735	15
0.7438	16
0.743868	17
0.74394	18
0.744017	19
0.744094	20
0.74413	6
0.744184	7
0.744187	8
0.744194	9
0.744196	10
0.74422	7
0.744265	8
0.744266	9
0.744267	10
0.744275	11
0.744324	12
0.744378	13
0.744437	14
0.744501	15
0.744569	16
0.744643	17
0.74472	18
0.7448	19
0.74488	20
0.744914	6
0.744948	7
0.74495	8
0.744959	9
0.744961	10
0.74498	8
0.745019	9
0.74502	10
0.745029	11
0.745081	12
0.745139	13
0.745202	14
0.745269	15
0.745341	16
0.745418	17
0.7455	18
0.745586	19
0.745643	20
0.745673	6
0.745696	7
0.745699	8
0.745709	9
0.745711	10
0.745733	9
0.745776	10
0.745786	11
0.745842	12
0.745904	13
0.74597	14
0.746041	15
0.746116	16
0.746197	17
0.746282	18
0.746346	19
0.746392	20
0.746425	6
0.746455	7
0.746458	8
0.746466	9
0.746469	10
0.74649	9
0.746537	10
0.746547	11
0.746607	12
0.746672	13
0.746741	14
0.746816	15
0.746895	16
0.746979	17
0.747042	18
0.747096	19
0.74715	20
0.747183	6
0.747217	7
0.74722	8
0.747227	9
0.747231	10
0.747251	9
0.747302	10
0.747311	11
0.747375	12
0.747443	13
0.747517	14
0.747595	15
0.747678	16
0.747739	17
0.747793	18
0.747852	19
0.747912	20
0.747943	6
0.747983	7
0.747985	8
0.74799	9
0.747994	10
0.748016	8
0.74807	9
0.748071	10
0.748079	11
0.748147	12
0.748219	13
0.748296	14
0.748377	15
0.748437	16
0.748492	17
0.74855	18
0.748612	19
0.748677	20
0.748709	6
0.748751	7
0.748754	8
0.748758	9
0.748761	10
0.748784	8
0.748841	9
0.748843	10
0.748851	11
0.748922	12
0.748998	13
0.749078	14
0.749137	15
0.74919	16
0.749249	17
0.749311	18
0.749376	19
0.749445	20
0.749477	6
0.749523	7
0.749525	8
0.749531	9
0.749534	10
0.749557	7
0.749617	8
0.749618	9
0.749619	10
0.749626	11
0.749702	12
0.74978	13
0.749838	14
0.749889	15
0.749947	16
0.75001	17
0.750076	18
0.750145	19
0.750216	20
0.750249	6
0.750298	7
0.750301	8
0.750308	9
0.75031	10
0.750332	7
0.750396	8
0.750397	9
0.750398	10
0.750406	11
0.750484	12
0.75054	13
0.75059	14
0.750647	15
0.750708	16
0.750774	17
0.750844	18
0.750917	19
0.75099	20
0.751024	6
0.751076	7
0.751078	8
0.751087	9
0.751089	10
0.751111	7
0.751178	8
0.751179	9
0.75118	10
0.751189	11
0.751243	12
0.751292	13
0.751347	14
0.751408	15
0.751472	16
0.751541	17
0.751613	18
0.75169	19
0.751767	20
0.751803	6
0.751857	7
0.75186	8
0.751867	9
0.751869	10
0.751893	7
0.751938	8
0.751939	9
0.75194	10
0.751947	11
0.751997	12
0.752051	13
0.75211	14
0.752174	15
0.752242	16
0.752315	17
0.752392	18
0.752473	19
0.752552	20
0.752587	6
0.752621	7
0.752623	8
0.752632	9
0.752634	10
0.752653	8
0.752692	9
0.752693	10
0.752701	11
0.752754	12
0.752812	13
0.752874	14
0.752942	15
0.753014	16
0.753091	17
0.753173	18
0.753259	19
0.753316	20
0.753346	6
0.753368	7
0.753372	8
0.753382	9
0.753384	10
0.753406	9
0.753449	10
0.753459	11
0.753515	12
0.753576	13
0.753643	14
0.753713	15
0.753789	16
0.75387	17
0.753955	18
0.754019	19
0.754064	20
0.754098	6
0.754128	7
0.754131	8
0.754139	9
0.754141	10
0.754163	9
0.75421	10
0.754219	11
0.75428	12
0.754344	13
0.754414	14
0.754489	15
0.754568	16
0.754652	17
0.754715	18
0.754769	19
0.754823	20
0.754855	6
0.75489	7
0.754893	8
0.7549	9
0.754903	10
0.754924	9
0.754974	10
0.754984	11
0.755048	12
0.755116	13
0.755189	14
0.755268	15
0.755351	16
0.755412	17
0.755466	18
0.755525	19
0.755585	20
0.755616	6
0.755656	7
0.755658	8
0.755663	9
0.755667	10
0.755688	8
0.755742	9
0.755744	10
0.755752	11
0.755819	12
0.755891	13
0.755968	14
0.75605	15
0.75611	16
0.756164	17
0.756223	18
0.756285	19
0.756349	20
0.756382	6
0.756424	7
0.756426	8
0.756431	9
0.756434	10
0.756456	8
0.756514	9
0.756515	10
0.756524	11
0.756595	12
0.75667	13
0.756751	14
0.75681	15
0.756863	16
0.756922	17
0.756984	18
0.757049	19
0.757117	20
0.75715	6
0.757196	7
0.757198	8
0.757204	9
0.757206	10
0.757229	7
0.757289	8
0.757291	9
0.757292	10
0.757299	11
0.757375	12
0.757453	13
0.757511	14
0.757562	15
0.75762	16
0.757682	17
0.757749	18
0.757818	19
0.757889	20
0.757922	6
0.757971	7
0.757973	8
0.757981	9
0.757983	10
0.758005	7
0.758068	8
0.758069	9
0.758071	10
0.758079	11
0.758157	12
0.758213	13
0.758263	14
0.758319	15
0.758381	16
0.758447	17
0.758517	18
0.75859	19
0.758663	20
0.758697	6
0.758749	7
0.758751	8
0.758759	9
0.758762	10
0.758783	7
0.758851	8
0.758852	9
0.758853	10
0.758862	11
0.758916	12
0.758965	13
0.75902	14
0.75908	15
0.759145	16
0.759214	17
0.759286	18
0.759363	19
0.75944	20
0.759476	6
0.75953	7
0.759532	8
0.75954	9
0.759542	10
0.759566	7
0.75961	8
0.759612	9
0.759613	10
0.75962	11
0.75967	12
0.759724	13
0.759783	14
0.759846	15
0.759915	16
0.759988	17
0.760065	18
0.760146	19
0.760225	20
0.76026	6
0.760294	7
0.760296	8
0.760304	9
0.760307	10
0.760326	8
0.760364	9
0.760366	10
0.760374	11
0.760427	12
0.760485	13
0.760547	14
0.760615	15
0.760687	16
0.760764	17
0.760845	18
0.760932	19
0.760988	20
0.761018	6
0.761041	7
0.761045	8
0.761054	9
0.761057	10
0.761078	9
0.761122	10
0.761131	11
0.761188	12
0.761249	13
0.761315	14
0.761386	15
0.761462	16
0.761542	17
0.761628	18
0.761692	19
0.761737	20
0.761771	6
0.761801	7
0.761803	8
0.761812	9
0.761814	10
0.761836	9
0.761883	10
0.761892	11
0.761952	12
0.762017	13
0.762087	14
0.762161	15
0.762241	16
0.762325	17
0.762387	18
0.762442	19
0.762496	20
0.762528	6
0.762563	7
0.762565	8
0.762573	9
0.762576	10
0.762597	9
0.762647	10
0.762657	11
0.76272	12
0.762789	13
0.762862	14
0.76294	15
0.763023	16
0.763085	17
0.763139	18
0.763198	19
0.763258	20
0.763289	6
0.763329	7
0.763331	8
0.763336	9
0.763339	10
0.763361	8
0.763415	9
0.763416	10
0.763425	11
0.763492	12
0.763564	13
0.763641	14
0.763723	15
0.763783	16
0.763837	17
0.763896	18
0.763957	19
0.764022	20
0.764055	6
0.764097	7
0.764099	8
0.764104	9
0.764106	10
0.764129	8
0.764187	9
0.764188	10
0.764196	11
0.764267	12
0.764343	13
0.764424	14
0.764483	15
0.764535	16
0.764594	17
0.764657	18
0.764722	19
0.76479	20
0.764823	6
0.764868	7
0.764871	8
0.764877	9
0.764879	10
0.764902	7
0.764962	8
0.764963	9
0.764965	10
0.764972	11
0.765047	12
0.765126	13
0.765183	14
0.765235	15
0.765293	16
0.765355	17
0.765421	18
0.765491	19
0.765562	20
0.765594	6
0.765644	7
0.765646	8
0.765653	9
0.765656	10
0.765677	7
0.765741	8
0.765742	9
0.765743	10
0.765752	11
0.76583	12
0.765885	13
0.765936	14
0.765992	15
0.766054	16
0.76612	17
0.766189	18
0.766263	19
0.766336	20
0.76637	6
0.766421	7
0.766424	8
0.766432	9
0.766435	10
0.766456	7
0.766524	8
0.766525	9
0.766526	10
0.766534	11
0.766588	12
0.766638	13
0.766693	14
0.766753	15
0.766818	16
0.766887	17
0.766959	18
0.767036	19
0.767113	20
0.767149	6
0.767203	7
0.767205	8
0.767212	9
0.767215	10
0.767239	7
0.767283	8
0.767284	9
0.767286	10
0.767293	11
0.767343	12
0.767397	13
0.767455	14
0.767519	15
0.767588	16
0.767661	17
0.767738	18
0.767818	19
0.767898	20
0.767933	6
0.767966	7
0.767969	8
0.767977	9
0.76798	10
0.767999	8
0.768037	9
0.768038	10
0.768047	11
0.7681	12
0.768157	13
0.76822	14
0.768287	15
0.768359	16
0.768436	17
0.768518	18
0.768605	19
0.768661	20
0.768691	6
0.768714	7
0.768718	8
0.768727	9
0.76873	10
0.768751	9
0.768795	10
0.768804	11
0.768861	12
0.768922	13
0.768988	14
0.769059	15
0.769135	16
0.769215	17
0.769301	18
0.769364	19
0.76941	20
0.769444	6
0.769474	7
0.769476	8
0.769484	9
0.769487	10
0.769509	9
0.769555	10
0.769565	11
0.769625	12
0.76969	13
0.76976	14
0.769834	15
0.769914	16
0.769998	17
0.77006	18
0.770114	19
0.770168	20
0.770201	6
0.770236	7
0.770238	8
0.770245	9
0.770249	10
0.770269	9
0.77032	10
0.770329	11
0.770393	12
0.770462	13
0.770535	14
0.770613	15
0.770696	16
0.770757	17
0.770811	18
0.77087	19
0.77093	20
0.770962	6
0.771001	7
0.771004	8
0.771009	9
0.771012	10
0.771034	8
0.771088	9
0.771089	10
0.771098	11
0.771165	12
0.771237	13
0.771314	14
0.771396	15
0.771456	16
0.77151	17
0.771569	18
0.77163	19
0.771695	20
0.771727	6
0.771769	7
0.771772	8
0.771777	9
0.771779	10
0.771802	8
0.77186	9
0.771861	10
0.771869	11
0.77194	12
0.772016	13
0.772096	14
0.772155	15
0.772208	16
0.772267	17
0.77233	18
0.772395	19
0.772463	20
0.772495	6
0.772541	7
0.772544	8
0.77255	9
0.772552	10
0.772575	7
0.772635	8
0.772636	9
0.772637	10
0.772645	11
0.77272	12
0.772798	13
0.772856	14
0.772908	15
0.772965	16
0.773028	17
0.773094	18
0.773164	19
0.773235	20
0.773267	6
0.773316	7
0.773319	8
0.773326	9
0.773328	10
0.77335	7
0.773414	8
0.773415	9
0.773416	10
0.773425	11
0.773503	12
0.773558	13
0.773609	14
0.773665	15
0.773726	16
0.773792	17
0.773862	18
0.773935	19
0.774009	20
0.774042	6
0.774094	7
0.774097	8
0.774105	9
0.774107	10
0.774129	7
0.774196	8
0.774198	9
0.774199	10
0.774207	11
0.774261	12
0.77431	13
0.774366	14
0.774426	15
0.774491	16
0.774559	17
0.774631	18
0.774708	19
0.774785	20
0.774821	6
0.774875	7
0.774878	8
0.774885	9
0.774887	10
0.774911	7
0.774956	8
0.774957	9
0.774958	10
0.774966	11
0.775015	12
0.775069	13
0.775128	14
0.775192	15
0.77526	16
0.775334	17
0.775411	18
0.775491	19
0.775571	20
0.775605	6
0.775639	7
0.775642	8
0.77565	9
0.775652	10
0.775672	8
0.77571	9
0.775711	10
0.77572	11
0.775773	12
0.77583	13
0.775893	14
0.77596	15
0.776032	16
0.776109	17
0.776191	18
0.776277	19
0.776334	20
0.776364	6
0.776387	7
0.77639	8
0.7764	9
0.776402	10
0.776424	9
0.776467	10
0.776477	11
0.776533	12
0.776595	13
0.776661	14
0.776732	15
0.776807	16
0.776888	17
0.776973	18
0.777037	19
0.777083	20
0.777116	6
0.777146	7
0.777149	8
0.777157	9
0.77716	10
0.777181	9
0.777228	10
0.777238	11
0.777298	12
0.777363	13
0.777432	14
0.777507	15
0.777586	16
0.77767	17
0.777733	18
0.777787	19
0.777841	20
0.777874	6
0.777908	7
0.777911	8
0.777918	9
0.777922	10
0.777942	9
0.777993	10
0.778002	11
0.778066	12
0.778134	13
0.778208	14
0.778286	15
0.778369	16
0.77843	17
0.778484	18
0.778543	19
0.778603	20
0.778634	6
0.778674	7
0.778677	8
0.778681	9
0.778685	10
0.778707	8
0.778761	9
0.778762	10
0.77877	11
0.778838	12
0.77891	13
0.778987	14
0.779068	15
0.779129	16
0.779183	17
0.779242	18
0.779303	19
0.779368	20
0.7794	6
0.779442	7
0.779445	8
0.779449	9
0.779452	10
0.779475	8
0.779532	9
0.779534	10
0.779542	11
0.779613	12
0.779689	13
0.779769	14
0.779828	15
0.779881	16
0.77994	17
0.780002	18
0.780067	19
0.780136	20
0.780168	6
0.780214	7
0.780216	8
0.780222	9
0.780225	10
0.780248	7
0.780308	8
0.780309	9
0.78031	10
0.780317	11
0.780393	12
0.780471	13
0.780529	14
0.780581	15
0.780638	16
0.780701	17
0.780767	18
0.780837	19
0.780907	20
0.78094	6
0.780989	7
0.780992	8
0.780999	9
0.781001	10
0.781023	7
0.781087	8
0.781088	9
0.781089	10
0.781097	11
0.781176	12
0.781231	13
0.781281	14
0.781338	15
0.781399	16
0.781465	17
0.781535	18
0.781608	19
0.781682	20
0.781715	6
0.781767	7
0.781769	8
0.781778	9
0.78178	10
0.781802	7
0.781869	8
0.78187	9
0.781871	10
0.78188	11
0.781934	12
0.781983	13
0.782039	14
0.782099	15
0.782164	16
0.782232	17
0.782304	18
0.782381	19
0.782458	20
0.782494	6
0.782548	7
0.782551	8
0.782558	9
0.78256	10
0.782584	7
0.782629	8
0.78263	9
0.782631	10
0.782638	11
0.782688	12
0.782742	13
0.782801	14
0.782865	15
0.782933	16
0.783007	17
0.783083	18
0.783164	19
0.783243	20
0.783278	6
0.783312	7
0.783314	8
0.783323	9
0.783325	10
0.783344	8
0.783383	9
0.783384	10
0.783392	11
0.783445	12
0.783503	13
0.783566	14
0.783633	15
0.783705	16
0.783782	17
0.783864	18
0.78395	19
0.784007	20
0.784037	6
0.78406	7
0.784063	8
0.784073	9
0.784075	10
0.784097	9
0.78414	10
0.78415	11
0.784206	12
0.784267	13
0.784334	14
0.784404	15
0.78448	16
0.784561	17
0.784646	18
0.78471	19
0.784755	20
0.784789	6
0.784819	7
0.784822	8
0.78483	9
0.784832	10
0.784854	9
0.784901	10
0.784911	11
0.784971	12
0.785036	13
0.785105	14
0.78518	15
0.785259	16
0.785343	17
0.785406	18
0.78546	19
0.785514	20
0.785546	6
0.785581	7
0.785584	8
0.785591	9
0.785594	10
0.785615	9
0.785665	10
0.785675	11
0.785739	12
0.785807	13
0.785881	14
0.785959	15
0.786042	16
0.786103	17
0.786157	18
0.786216	19
0.786276	20
0.786307	6
0.786347	7
0.786349	8
0.786354	9
0.786358	10
0.786379	8
0.786433	9
0.786435	10
0.786443	11
0.78651	12
0.786583	13
0.786659	14
0.786741	15
0.786801	16
0.786855	17
0.786914	18
0.786976	19
0.78704	20
0.787073	6
0.787115	7
0.787117	8
0.787122	9
0.787125	10
0.787147	8
0.787205	9
0.787206	10
0.787215	11
0.787286	12
0.787361	13
0.787442	14
0.787501	15
0.787554	16
0.787613	17
0.787675	18
0.78774	19
0.787809	20
0.787841	6
0.787887	7
0.787889	8
0.787895	9
0.787898	10
0.78792	7
0.78798	8
0.787982	9
0.787983	10
0.78799	11
0.788066	12
0.788144	13
0.788202	14
0.788253	15
0.788311	16
0.788374	17
0.78844	18
0.788509	19
0.78858	20
0.788613	6
0.788662	7
0.788664	8
0.788672	9
0.788674	10
0.788696	7
0.788759	8
0.788761	9
0.788762	10
0.78877	11
0.788848	12
0.788904	13
0.788954	14
0.789011	15
0.789072	16
0.789138	17
0.789208	18
0.789281	19
0.789354	20
0.789388	6
0.78944	7
0.789442	8
0.78945	9
0.789453	10
0.789475	7
0.789542	8
0.789543	9
0.789544	10
0.789553	11
0.789607	12
0.789656	13
0.789711	14
0.789771	15
0.789836	16
0.789905	17
0.789977	18
0.790054	19
0.790131	20
0.790167	6
0.790221	7
0.790223	8
0.790231	9
0.790233	10
0.790257	7
0.790302	8
0.790303	9
0.790304	10
0.790311	11
0.790361	12
0.790415	13
0.790474	14
0.790538	15
0.790606	16
0.790679	17
0.790756	18
0.790837	19
0.790916	20
0.790951	6
0.790985	7
0.790987	8
0.790995	9
0.790998	10
0.791017	8
0.791056	9
0.791057	10
0.791065	11
0.791118	12
0.791176	13
0.791238	14
0.791306	15
0.791378	16
0.791455	17
0.791536	18
0.791623	19
0.791679	20
0.791709	6
0.791732	7
0.791736	8
0.791746	9
0.791748	10
0.79177	9
0.791813	10
0.791822	11
0.791879	12
0.79194	13
0.792006	14
0.792077	15
0.792153	16
0.792234	17
0.792319	18
0.792383	19
0.792428	20
0.792462	6
0.792492	7
0.792494	8
0.792503	9
0.792505	10
0.792527	9
0.792574	10
0.792583	11
0.792643	12
0.792708	13
0.792778	14
0.792853	15
0.792932	16
0.793016	17
0.793079	18
0.793133	19
0.793187	20
0.793219	6
0.793254	7
0.793256	8
0.793264	9
0.793267	10
0.793288	9
0.793338	10
0.793348	11
0.793411	12
0.79348	13
0.793553	14
0.793631	15
0.793714	16
0.793776	17
0.79383	18
0.793889	19
0.793949	20
0.79398	6
0.79402	7
0.794022	8
0.794027	9
0.794031	10
0.794052	8
0.794106	9
0.794107	10
0.794116	11
0.794183	12
0.794255	13
0.794332	14
0.794414	15
0.794474	16
0.794528	17
0.794587	18
0.794648	19
0.794713	20
0.794746	6
0.794788	7
0.79479	8
0.794795	9
0.794797	10
0.79482	8
0.794878	9
0.794879	10
0.794888	11
0.794958	12
0.795034	13
0.795115	14
0.795174	15
0.795227	16
0.795285	17
0.795348	18
0.795413	19
0.795481	20
0.795514	6
0.795559	7
0.795562	8
0.795568	9
0.79557	10
0.795593	7
0.795653	8
0.795654	9
0.795656	10
0.795663	11
0.795739	12
0.795817	13
0.795874	14
0.795926	15
0.795984	16
0.796046	17
0.796112	18
0.796182	19
0.796253	20
0.796285	6
0.796335	7
0.796337	8
0.796344	9
0.796347	10
0.796368	7
0.796432	8
0.796433	9
0.796435	10
0.796443	11
0.796521	12
0.796576	13
0.796627	14
0.796683	15
0.796745	16
0.796811	17
0.79688	18
0.796954	19
0.797027	20
0.797061	6
0.797112	7
0.797115	8
0.797123	9
0.797126	10
0.797147	7
0.797215	8
0.797216	9
0.797217	10
0.797225	11
0.79728	12
0.797329	13
0.797384	14
0.797444	15
0.797509	16
0.797578	17
0.79765	18
0.797727	19
0.797804	20
0.79784	6
0.797894	7
0.797896	8
0.797903	9
0.797906	10
0.79793	7
0.797974	8
0.797975	9
0.797977	10
0.797984	11
0.798034	12
0.798088	13
0.798147	14
0.79821	15
0.798279	16
0.798352	17
0.798429	18
0.79851	19
0.798589	20
0.798624	6
0.798657	7
0.79866	8
0.798668	9
0.798671	10
0.79869	8
0.798728	9
0.79873	10
0.798738	11
0.798791	12
0.798849	13
0.798911	14
0.798978	15
0.79905	16
0.799127	17
0.799209	18
0.799296	19
0.799352	20
0.799382	6
0.799405	7
0.799409	8
0.799418	9
0.799421	10
0.799442	9
0.799486	10
0.799495	11
0.799552	12
0.799613	13
0.799679	14
0.79975	15
0.799826	16
0.799906	17
0.799992	18
0.800055	19
0.800101	20
0.800135	6
0.800165	7
0.800167	8
0.800176	9
0.800178	10
0.8002	9
0.800246	10
0.800256	11
0.800316	12
0.800381	13
0.800451	14
0.800525	15
0.800605	16
0.800689	17
0.800751	18
0.800805	19
0.800859	20
0.800892	6
0.800927	7
0.800929	8
0.800936	9
0.80094	10
0.80096	9
0.801011	10
0.801021	11
0.801084	12
0.801153	13
0.801226	14
0.801304	15
0.801387	16
0.801448	17
0.801503	18
0.801561	19
0.801622	20
0.801653	6
0.801692	7
0.801695	8
0.8017	9
0.801703	10
0.801725	8
0.801779	9
0.80178	10
0.801789	11
0.801856	12
0.801928	13
0.802005	14
0.802087	15
0.802147	16
0.802201	17
0.80226	18
0.802321	19
0.802386	20
0.802418	6
0.802461	7
0.802463	8
0.802468	9
0.80247	10
0.802493	8
0.802551	9
0.802552	10
0.80256	11
0.802631	12
0.802707	13
0.802787	14
0.802846	15
0.802899	16
0.802958	17
0.803021	18
0.803086	19
0.803154	20
0.803187	6
0.803232	7
0.803235	8
0.803241	9
0.803243	10
0.803266	7
0.803326	8
0.803327	9
0.803328	10
0.803336	11
0.803411	12
0.803489	13
0.803547	14
0.803599	15
0.803657	16
0.803719	17
0.803785	18
0.803855	19
0.803926	20
0.803958	6
0.804008	7
0.80401	8
0.804017	9
0.80402	10
0.804041	7
0.804105	8
0.804106	9
0.804107	10
0.804116	11
0.804194	12
0.804249	13
0.8043	14
0.804356	15
0.804417	16
0.804484	17
0.804553	18
0.804627	19
0.8047	20
0.804734	6
0.804785	7
0.804788	8
0.804796	9
0.804798	10
0.80482	7
0.804887	8
0.804889	9
0.80489	10
0.804898	11
0.804952	12
0.805002	13
0.805057	14
0.805117	15
0.805182	16
0.80525	17
0.805323	18
0.805399	19
0.805476	20
0.805512	6
0.805567	7
0.805569	8
0.805576	9
0.805579	10
0.805603	7
0.805647	8
0.805648	9
0.805649	10
0.805657	11
0.805706	12
0.80576	13
0.805819	14
0.805883	15
0.805952	16
0.806025	17
0.806102	18
0.806182	19
0.806262	20
0.806297	6
0.80633	7
0.806333	8
0.806341	9
0.806343	10
0.806363	8
0.806401	9
0.806402	10
0.806411	11
0.806464	12
0.806521	13
0.806584	14
0.806651	15
0.806723	16
0.8068	17
0.806882	18
0.806968	19
0.807025	20
0.807055	6
0.807078	7
0.807081	8
0.807091	9
0.807093	10
0.807115	9
0.807158	10
0.807168	11
0.807224	12
0.807286	13
0.807352	14
0.807423	15
0.807499	16
0.807579	17
0.807664	18
0.807728	19
0.807774	20
0.807807	6
0.807837	7
0.80784	8
0.807848	9
0.807851	10
0.807872	9
0.807919	10
0.807929	11
0.807989	12
0.808054	13
0.808124	14
0.808198	15
0.808277	16
0.808362	17
0.808424	18
0.808478	19
0.808532	20
0.808565	6
0.8086	7
0.808602	8
0.808609	9
0.808613	10
0.808633	9
0.808684	10
0.808693	11
0.808757	12
0.808826	13
0.808899	14
0.808977	15
0.80906	16
0.809121	17
0.809175	18
0.809234	19
0.809294	20
0.809326	6
0.809365	7
0.809368	8
0.809372	9
0.809376	10
0.809398	8
0.809452	9
0.809453	10
0.809461	11
0.809529	12
0.809601	13
0.809678	14
0.809759	15
0.80982	16
0.809874	17
0.809933	18
0.809994	19
0.810059	20
0.810091	6
0.810133	7
0.810136	8
0.810141	9
0.810143	10
0.810166	8
0.810223	9
0.810225	10
0.810233	11
0.810304	12
0.81038	13
0.81046	14
0.810519	15
0.810572	16
0.810631	17
0.810693	18
0.810758	19
0.810827	20
0.810859	6
0.810905	7
0.810907	8
0.810913	9
0.810916	10
0.810939	7
0.810999	8
0.811	9
0.811001	10
0.811008	11
0.811084	12
0.811162	13
0.81122	14
0.811272	15
0.811329	16
0.811392	17
0.811458	18
0.811528	19
0.811599	20
0.811631	6
0.81168	7
0.811683	8
0.81169	9
0.811692	10
0.811714	7
0.811778	8
0.811779	9
0.81178	10
0.811788	11
0.811867	12
0.811922	13
0.811972	14
0.812029	15
0.81209	16
0.812156	17
0.812226	18
0.812299	19
0.812373	20
0.812406	6
0.812458	7
0.81246	8
0.812469	9
0.812471	10
0.812493	7
0.81256	8
0.812561	9
0.812563	10
0.812571	11
0.812625	12
0.812674	13
0.81273	14
0.81279	15
0.812855	16
0.812923	17
0.812995	18
0.813072	19
0.813149	20
0.813185	6
0.813239	7
0.813242	8
0.813249	9
0.813251	10
0.813275	7
0.81332	8
0.813321	9
0.813322	10
0.813329	11
0.813379	12
0.813433	13
0.813492	14
0.813556	15
0.813624	16
0.813698	17
0.813775	18
0.813855	19
0.813934	20
0.813969	6
0.814003	7
0.814005	8
0.814014	9
0.814016	10
0.814035	8
0.814074	9
0.814075	10
0.814083	11
0.814136	12
0.814194	13
0.814257	14
0.814324	15
0.814396	16
0.814473	17
0.814555	18
0.814641	19
0.814698	20
0.814728	6
0.814751	7
0.814754	8
0.814764	9
0.814766	10
0.814788	9
0.814831	10
0.814841	11
0.814897	12
0.814959	13
0.815025	14
0.815096	15
0.815171	16
0.815252	17
0.815337	18
0.815401	19
0.815447	20
0.81548	6
0.81551	7
0.815513	8
0.815521	9
0.815523	10
0.815545	9
0.815592	10
0.815602	11
0.815662	12
0.815727	13
0.815796	14
0.815871	15
0.81595	16
0.816034	17
0.816097	18
0.816151	19
0.816205	20
0.816237	6
0.816272	7
0.816275	8
0.816282	9
0.816286	10
0.816306	9
0.816356	10
0.816366	11
0.81643	12
0.816498	13
0.816572	14
0.81665	15
0.816733	16
0.816794	17
0.816848	18
0.816907	19
0.816967	20
0.816998	6
0.817038	7
0.81704	8
0.817045	9
0.817049	10
0.81707	8
0.817125	9
0.817126	10
0.817134	11
0.817201	12
0.817274	13
0.817351	14
0.817432	15
0.817492	16
0.817546	17
0.817605	18
0.817667	19
0.817732	20
0.817764	6
0.817806	7
0.817808	8
0.817813	9
0.817816	10
0.817839	8
0.817896	9
0.817897	10
0.817906	11
0.817977	12
0.818052	13
0.818133	14
0.818192	15
0.818245	16
0.818304	17
0.818366	18
0.818431	19
0.8185	20
0.818532	6
0.818578	7
0.81858	8
0.818586	9
0.818589	10
0.818611	7
0.818672	8
0.818673	9
0.818674	10
0.818681	11
0.818757	12
0.818835	13
0.818893	14
0.818944	15
0.819002	16
0.819065	17
0.819131	18
0.8192	19
0.819271	20
0.819304	6
0.819353	7
0.819355	8
0.819363	9
0.819365	10
0.819387	7
0.81945	8
0.819452	9
0.819453	10
0.819461	11
0.819539	12
0.819595	13
0.819645	14
0.819702	15
0.819763	16
0.819829	17
0.819899	18
0.819972	19
0.820045	20
0.820079	6
0.820131	7
0.820133	8
0.820142	9
0.820144	10
0.820166	7
0.820233	8
0.820234	9
0.820235	10
0.820244	11
0.820298	12
0.820347	13
0.820402	14
0.820462	15
0.820527	16
0.820596	17
0.820668	18
0.820745	19
0.820822	20
0.820858	6
0.820912	7
0.820914	8
0.820922	9
0.820924	10
0.820948	7
0.820993	8
0.820994	9
0.820995	10
0.821002	11
0.821052	12
0.821106	13
0.821165	14
0.821229	15
0.821297	16
0.82137	17
0.821447	18
0.821528	19
0.821607	20
0.821642	6
0.821676	7
0.821678	8
0.821687	9
0.821689	10
0.821708	8
0.821747	9
0.821748	10
0.821756	11
0.821809	12
0.821867	13
0.821929	14
0.821997	15
0.822069	16
0.822146	17
0.822227	18
0.822314	19
0.82237	20
0.822401	6
0.822423	7
0.822427	8
0.822437	9
0.822439	10
0.822461	9
0.822504	10
0.822514	11
0.82257	12
0.822631	13
0.822697	14
0.822768	15
0.822844	16
0.822925	17
0.82301	18
0.823074	19
0.823119	20
0.823153	6
0.823183	7
0.823185	8
0.823194	9
0.823196	10
0.823218	9
0.823265	10
0.823274	11
0.823334	12
0.823399	13
0.823469	14
0.823544	15
0.823623	16
0.823707	17
0.82377	18
0.823824	19
0.823878	20
0.82391	6
0.823945	7
0.823947	8
0.823955	9
0.823958	10
0.823979	9
0.824029	10
0.824039	11
0.824103	12
0.824171	13
0.824244	14
0.824323	15
0.824405	16
0.824467	17
0.824521	18
0.82458	19
0.82464	20
0.824671	6
0.824711	7
0.824713	8
0.824718	9
0.824722	10
0.824743	8
0.824797	9
0.824799	10
0.824807	11
0.824874	12
0.824946	13
0.825023	14
0.825105	15
0.825165	16
0.825219	17
0.825278	18
0.825339	19
0.825404	20
0.825437	6
0.825479	7
0.825481	8
0.825486	9
0.825488	10
0.825511	8
0.825569	9
0.82557	10
0.825579	11
0.82565	12
0.825725	13
0.825806	14
0.825865	15
0.825918	16
0.825976	17
0.826039	18
0.826104	19
0.826172	20
0.826205	6
0.826251	7
0.826253	8
0.826259	9
0.826261	10
0.826284	7
0.826344	8
0.826345	9
0.826347	10
0.826354	11
0.82643	12
0.826508	13
0.826565	14
0.826617	15
0.826675	16
0.826737	17
0.826803	18
0.826873	19
0.826944	20
0.826977	6
0.827026	7
0.827028	8
0.827035	9
0.827038	10
0.827059	7
0.827123	8
0.827124	9
0.827126	10
0.827134	11
0.827212	12
0.827267	13
0.827318	14
0.827374	15
0.827436	16
0.827502	17
0.827572	18
0.827645	19
0.827718	20
0.827752	6
0.827804	7
0.827806	8
0.827814	9
0.827817	10
0.827838	7
0.827906	8
0.827907	9
0.827908	10
0.827917	11
0.827971	12
0.82802	13
0.828075	14
0.828135	15
0.8282	16
0.828269	17
0.828341	18
0.828418	19
0.828495	20
0.828531	6
0.828585	7
0.828587	8
0.828594	9
0.828597	10
0.828621	7
0.828665	8
0.828667	9
0.828668	10
0.828675	11
0.828725	12
0.828779	13
0.828838	14
0.828901	15
0.82897	16
0.829043	17
0.82912	18
0.829201	19
0.82928	20
0.829315	6
0.829348	7
0.829351	8
0.829359	9
0.829362	10
0.829381	8
0.829419	9
0.829421	10
0.829429	11
0.829482	12
0.82954	13
0.829602	14
0.829669	15
0.829742	16
0.829818	17
0.8299	18
0.829987	19
0.830043	20
0.830073	6
0.830096	7
0.8301	8
0.830109	9
0.830112	10
0.830133	9
0.830177	10
0.830186	11
0.830243	12
0.830304	13
0.83037	14
0.830441	15
0.830517	16
0.830597	17
0.830683	18
0.830746	19
0.830792	20
0.830826	6
0.830856	7
0.830858	8
0.830867	9
0.830869	10
0.830891	9
0.830938	10
0.830947	11
0.831007	12
0.831072	13
0.831142	14
0.831216	15
0.831296	16
0.83138	17
0.831442	18
0.831496	19
0.831551	20
0.831583	6
0.831618	7
0.83162	8
0.831627	9
0.831631	10
0.831652	9
0.831702	10
0.831712	11
0.831775	12
0.831844	13
0.831917	14
0.831995	15
0.832078	16
0.83214	17
0.832194	18
0.832253	19
0.832313	20
0.832344	6
0.832384	7
0.832386	8
0.832391	9
0.832394	10
0.832416	8
0.83247	9
0.832471	10
0.83248	11
0.832547	12
0.832619	13
0.832696	14
0.832778	15
0.832838	16
0.832892	17
0.832951	18
0.833012	19
0.833077	20
0.83311	6
0.833152	7
0.833154	8
0.833159	9
0.833161	10
0.833184	8
0.833242	9
0.833243	10
0.833251	11
0.833322	12
0.833398	13
0.833479	14
0.833537	15
0.83359	16
0.833649	17
0.833712	18
0.833777	19
0.833845	20
0.833878	6
0.833923	7
0.833926	8
0.833932	9
0.833934	10
0.833957	7
0.834017	8
0.834018	9
0.834019	10
0.834027	11
0.834102	12
0.834181	13
0.834238	14
0.83429	15
0.834348	16
0.83441	17
0.834476	18
0.834546	19
0.834617	20
0.834649	6
0.834699	7
0.834701	8
0.834708	9
0.834711	10
0.834732	7
0.834796	8
0.834797	9
0.834798	10
0.834807	11
0.834885	12
0.83494	13
0.834991	14
0.835047	15
0.835108	16
0.835175	17
0.835244	18
0.835318	19
0.835391	20
0.835425	6
0.835476	7
0.835479	8
0.835487	9
0.83549	10
0.835511	7
0.835578	8
0.83558	9
0.835581	10
0.835589	11
0.835643	12
0.835693	13
0.835748	14
0.835808	15
0.835873	16
0.835941	17
0.836014	18
0.836091	19
0.836167	20
0.836203	6
0.836258	7
0.83626	8
0.836267	9
0.83627	10
0.836294	7
0.836338	8
0.836339	9
0.836341	10
0.836348	11
0.836397	12
0.836452	13
0.83651	14
0.836574	15
0.836643	16
0.836716	17
0.836793	18
0.836873	19
0.836953	20
0.836988	6
0.837021	7
0.837024	8
0.837032	9
0.837034	10
0.837054	8
0.837092	9
0.837093	10
0.837102	11
0.837155	12
0.837212	13
0.837275	14
0.837342	15
0.837414	16
0.837491	17
0.837573	18
0.83766	19
0.837716	20
0.837746	6
0.837769	7
0.837773	8
0.837782	9
0.837785	10
0.837806	9
0.837849	10
0.837859	11
0.837916	12
0.837977	13
0.838043	14
0.838114	15
0.83819	16
0.83827	17
0.838355	18
0.838419	19
0.838465	20
0.838499	6
0.838529	7
0.838531	8
0.838539	9
0.838542	10
0.838563	9
0.83861	10
0.83862	11
0.83868	12
0.838745	13
0.838815	14
0.838889	15
0.838968	16
0.839053	17
0.839115	18
0.839169	19
0.839223	20
0.839256	6
0.839291	7
0.839293	8
0.8393	9
0.839304	10
0.839324	9
0.839375	10
0.839384	11
0.839448	12
0.839517	13
0.83959	14
0.839668	15
0.839751	16
0.839812	17
0.839866	18
0.839925	19
0.839985	20
0.840017	6
0.840056	7
0.840059	8
0.840064	9
0.840067	10
0.840089	8
0.840143	9
0.840144	10
0.840152	11
0.84022	12
0.840292	13
0.840369	14
0.840451	15
0.840511	16
0.840565	17
0.840624	18
0.840685	19
0.84075	20
0.840782	6
0.840824	7
0.840827	8
0.840832	9
0.840834	10
0.840857	8
0.840915	9
0.840916	10
0.840924	11
0.840995	12
0.841071	13
0.841151	14
0.84121	15
0.841263	16
0.841322	17
0.841385	18
0.841449	19
0.841518	20
0.84155	6
0.841596	7
0.841598	8
0.841604	9
0.841607	10
0.84163	7
0.84169	8
0.841691	9
0.841692	10
0.841699	11
0.841775	12
0.841853	13
0.841911	14
0.841963	15
0.84202	16
0.842083	17
0.842149	18
0.842219	19
0.84229	20
0.842322	6
0.842371	7
0.842374	8
0.842381	9
0.842383	10
0.842405	7
0.842469	8
0.84247	9
0.842471	10
0.84248	11
0.842558	12
0.842613	13
0.842663	14
0.84272	15
0.842781	16
0.842847	17
0.842917	18
0.84299	19
0.843064	20
0.843097	6
0.843149	7
0.843151	8
0.84316	9
0.843162	10
0.843184	7
0.843251	8
0.843252	9
0.843254	10
0.843262	11
0.843316	12
0.843365	13
0.843421	14
0.843481	15
0.843546	16
0.843614	17
0.843686	18
0.843763	19
0.84384	20
0.843876	6
0.84393	7
0.843933	8
0.84394	9
0.843942	10
0.843966	7
0.844011	8
0.844012	9
0.844013	10
0.844021	11
0.84407	12
0.844124	13
0.844183	14
0.844247	15
0.844315	16
0.844389	17
0.844466	18
0.844546	19
0.844626	20
0.84466	6
0.844694	7
0.844696	8
0.844705	9
0.844707	10
0.844726	8
0.844765	9
0.844766	10
0.844775	11
0.844827	12
0.844885	13
0.844948	14
0.845015	15
0.845087	16
0.845164	17
0.845246	18
0.845332	19
0.845389	20
0.845419	6
0.845442	7
0.845445	8
0.845455	9
0.845457	10
0.845479	9
0.845522	10
0.845532	11
0.845588	12
0.84565	13
0.845716	14
0.845787	15
0.845862	16
0.845943	17
0.846028	18
0.846092	19
0.846138	20
0.846171	6
0.846201	7
0.846204	8
0.846212	9
0.846215	10
0.846236	9
0.846283	10
0.846293	11
0.846353	12
0.846418	13
0.846487	14
0.846562	15
0.846641	16
0.846725	17
0.846788	18
0.846842	19
0.846896	20
0.846929	6
0.846963	7
0.846966	8
0.846973	9
0.846977	10
0.846997	9
0.847048	10
0.847057	11
0.847121	12
0.847189	13
0.847263	14
0.847341	15
0.847424	16
0.847485	17
0.847539	18
0.847598	19
0.847658	20
0.847689	6
0.847729	7
0.847731	8
0.847736	9
0.84774	10
0.847762	8
0.847816	9
0.847817	10
0.847825	11
0.847893	12
0.847965	13
0.848042	14
0.848123	15
0.848183	16
0.848238	17
0.848296	18
0.848358	19
0.848423	20
0.848455	6
0.848497	7
0.8485	8
0.848504	9
0.848507	10
0.84853	8
0.848587	9
0.848589	10
0.848597	11
0.848668	12
0.848744	13
0.848824	14
0.848883	15
0.848936	16
0.848995	17
0.849057	18
0.849122	19
0.849191	20
0.849223	6
0.849269	7
0.849271	8
0.849277	9
0.84928	10
0.849302	7
0.849363	8
0.849364	9
0.849365	10
0.849372	11
0.849448	12
0.849526	13
0.849584	14
0.849635	15
0.849693	16
0.849756	17
0.849822	18
0.849891	19
0.849962	20
0.849995	6
0.850044	7
0.850047	8
0.850054	9
0.850056	10
0.850078	7
0.850141	8
0.850143	9
0.850144	10
0.850152	11
0.85023	12
0.850286	13
0.850336	14
0.850393	15
0.850454	16
0.85052	17
0.85059	18
0.850663	19
0.850736	20
0.85077	6
0.850822	7
0.850824	8
0.850833	9
0.850835	10
0.850857	7
0.850924	8
0.850925	9
0.850926	10
0.850935	11
0.850989	12
0.851038	13
0.851093	14
0.851154	15
0.851218	16
0.851287	17
0.851359	18
0.851436	19
0.851513	20
0.851549	6
0.851603	7
0.851606	8
0.851613	9
0.851615	10
0.851639	7
0.851684	8
0.851685	9
0.851686	10
0.851693	11
0.851743	12
0.851797	13
0.851856	14
0.85192	15
0.851988	16
0.852061	17
0.852138	18
0.852219	19
0.852298	20
0.852333	6
0.852367	7
0.852369	8
0.852378	9
0.85238	10
0.852399	8
0.852438	9
0.852439	10
0.852447	11
0.8525	12
0.852558	13
0.85262	14
0.852688	15
0.85276	16
0.852837	17
0.852919	18
0.853005	19
0.853062	20
0.853092	6
0.853114	7
0.853118	8
0.853128	9
0.85313	10
0.853152	9
0.853195	10
0.853205	11
0.853261	12
0.853322	13
0.853388	14
0.853459	15
0.853535	16
0.853616	17
0.853701	18
0.853765	19
0.85381	20
0.853844	6
0.853874	7
0.853877	8
0.853885	9
0.853887	10
0.853909	9
0.853956	10
0.853965	11
0.854026	12
0.85409	13
0.85416	14
0.854235	15
0.854314	16
0.854398	17
0.854461	18
0.854515	19
0.854569	20
0.854601	6
0.854636	7
0.854639	8
0.854646	9
0.854649	10
0.85467	9
0.85472	10
0.85473	11
0.854794	12
0.854862	13
0.854935	14
0.855014	15
0.855097	16
0.855158	17
0.855212	18
0.855271	19
0.855331	20
0.855362	6
0.855402	7
0.855404	8
0.855409	9
0.855413	10
0.855434	8
0.855488	9
0.85549	10
0.855498	11
0.855565	12
0.855637	13
0.855714	14
0.855796	15
0.855856	16
0.85591	17
0.855969	18
0.85603	19
0.856095	20
0.856128	6
0.85617	7
0.856172	8
0.856177	9
0.85618	10
0.856202	8
0.85626	9
0.856261	10
0.85627	11
0.856341	12
0.856416	13
0.856497	14
0.856556	15
0.856609	16
0.856668	17
0.85673	18
0.856795	19
0.856863	20
0.856896	6
0.856942	7
0.856944	8
0.85695	9
0.856952	10
0.856975	7
0.857035	8
0.857037	9
0.857038	10
0.857045	11
0.857121	12
0.857199	13
0.857257	14
0.857308	15
0.857366	16
0.857428	17
0.857495	18
0.857564	19
0.857635	20
0.857668	6
0.857717	7
0.857719	8
0.857727	9
0.857729	10
0.857751	7
0.857814	8
0.857815	9
0.857817	10
0.857825	11
0.857903	12
0.857958	13
0.858009	14
0.858065	15
0.858127	16
0.858193	17
0.858263	18
0.858336	19
0.858409	20
0.858443	6
0.858495	7
0.858497	8
0.858505	9
0.858508	10
0.858529	7
0.858597	8
0.858598	9
0.858599	10
0.858608	11
0.858662	12
0.858711	13
0.858766	14
0.858826	15
0.858891	16
0.85896	17
0.859032	18
0.859109	19
0.859186	20
0.859222	6
0.859276	7
0.859278	8
0.859286	9
0.859288	10
0.859312	7
0.859356	8
0.859358	9
0.859359	10
0.859366	11
0.859416	12
0.85947	13
0.859529	14
0.859592	15
0.859661	16
0.859734	17
0.859811	18
0.859892	19
0.859971	20
0.860006	6
0.86004	7
0.860042	8
0.86005	9
0.860053	10
0.860072	8
0.86011	9
0.860112	10
0.86012	11
0.860173	12
0.860231	13
0.860293	14
0.86036	15
0.860433	16
0.86051	17
0.860591	18
0.860678	19
0.860734	20
0.860764	6
0.860787	7
0.860791	8
0.8608	9
0.860803	10
0.860824	9
0.860868	10
0.860877	11
0.860934	12
0.860995	13
0.861061	14
0.861132	15
0.861208	16
0.861288	17
0.861374	18
0.861437	19
0.861483	20
0.861517	6
0.861547	7
0.861549	8
0.861558	9
0.86156	10
0.861582	9
0.861629	10
0.861638	11
0.861698	12
0.861763	13
0.861833	14
0.861907	15
0.861987	16
0.862071	17
0.862133	18
0.862188	19
0.862242	20
0.862274	6
0.862309	7
0.862311	8
0.862319	9
0.862322	10
0.862343	9
0.862393	10
0.862403	11
0.862466	12
0.862535	13
0.862608	14
0.862686	15
0.862769	16
0.862831	17
0.862885	18
0.862944	19
0.863004	20
0.863035	6
0.863075	7
0.863077	8
0.863082	9
0.863085	10
0.863107	8
0.863161	9
0.863162	10
0.863171	11
0.863238	12
0.86331	13
0.863387	14
0.863469	15
0.863529	16
0.863583	17
0.863642	18
0.863703	19
0.863768	20
0.863801	6
0.863843	7
0.863845	8
0.86385	9
0.863852	10
0.863875	8
0.863933	9
0.863934	10
0.863942	11
0.864013	12
0.864089	13
0.86417	14
0.864229	15
0.864281	16
0.86434	17
0.864403	18
0.864468	19
0.864536	20
0.864569	6
0.864614	7
0.864617	8
0.864623	9
0.864625	10
0.864648	7
0.864708	8
0.864709	9
0.864711	10
0.864718	11
0.864793	12
0.864872	13
0.864929	14
0.864981	15
0.865039	16
0.865101	17
0.865167	18
0.865237	19
0.865308	20
0.86534	6
0.86539	7
0.865392	8
0.865399	9
0.865402	10
0.865423	7
0.865487	8
0.865488	9
0.865489	10
0.865498	11
0.865576	12
0.865631	13
0.865682	14
0.865738	15
0.8658	16
0.865866	17
0.865935	18
0.866009	19
0.866082	20
0.866116	6
0.866167	7
0.86617	8
0.866178	9
0.866181	10
0.866202	7
0.86627	8
0.866271	9
0.866272	10
0.86628	11
0.866334	12
0.866384	13
0.866439	14
0.866499	15
0.866564	16
0.866633	17
0.866705	18
0.866782	19
0.866859	20
0.866895	6
0.866949	7
0.866951	8
0.866958	9
0.866961	10
0.866985	7
0.867029	8
0.86703	9
0.867032	10
0.867039	11
0.867088	12
0.867143	13
0.867201	14
0.867265	15
0.867334	16
0.867407	17
0.867484	18
0.867564	19
0.867644	20
0.867679	6
0.867712	7
0.867715	8
0.867723	9
0.867726	10
0.867745	8
0.867783	9
0.867784	10
0.867793	11
0.867846	12
0.867903	13
0.867966	14
0.868033	15
0.868105	16
0.868182	17
0.868264	18
0.868351	19
0.868407	20
0.868437	6
0.86846	7
0.868464	8
0.868473	9
0.868476	10
0.868497	9
0.868541	10
0.86855	11
0.868607	12
0.868668	13
0.868734	14
0.868805	15
0.868881	16
0.868961	17
0.869047	18
0.86911	19
0.869156	20
0.86919	6
0.86922	7
0.869222	8
0.86923	9
0.869233	10
0.869254	9
0.869301	10
0.869311	11
0.869371	12
0.869436	13
0.869506	14
0.86958	15
0.86966	16
0.869744	17
0.869806	18
0.86986	19
0.869914	20
0.869947	6
0.869982	7
0.869984	8
0.869991	9
0.869995	10
0.870015	9
0.870066	10
0.870075	11
0.870139	12
0.870208	13
0.870281	14
0.870359	15
0.870442	16
0.870503	17
0.870557	18
0.870616	19
0.870676	20
0.870708	6
0.870747	7
0.87075	8
0.870755	9
0.870758	10
0.87078	8
0.870834	9
0.870835	10
0.870844	11
0.870911	12
0.870983	13
0.87106	14
0.871142	15
0.871202	16
0.871256	17
0.871315	18
0.871376	19
0.871441	20
0.871473	6
0.871515	7
0.871518	8
0.871523	9
0.871525	10
0.871548	8
0.871606	9
0.871607	10
0.871615	11
0.871686	12
0.871762	13
0.871842	14
0.871901	15
0.871954	16
0.872013	17
0.872076	18
0.87214	19
0.872209	20
0.872241	6
0.872287	7
0.87229	8
0.872296	9
0.872298	10
0.872321	7
0.872381	8
0.872382	9
0.872383	10
0.872391	11
0.872466	12
0.872544	13
0.872602	14
0.872654	15
0.872711	16
0.872774	17
0.87284	18
0.87291	19
0.872981	20
0.873013	6
0.873062	7
0.873065	8
0.873072	9
0.873074	10
0.873096	7
0.87316	8
0.873161	9
0.873162	10
0.873171	11
0.873249	12
0.873304	13
0.873355	14
0.873411	15
0.873472	16
0.873538	17
0.873608	18
0.873681	19
0.873755	20
0.873788	6
0.87384	7
0.873843	8
0.873851	9
0.873853	10
0.873875	7
0.873942	8
0.873943	9
0.873945	10
0.873953	11
0.874007	12
0.874056	13
0.874112	14
0.874172	15
0.874237	16
0.874305	17
0.874377	18
0.874454	19
0.874531	20
0.874567	6
0.874621	7
0.874624	8
0.874631	9
0.874633	10
0.874657	7
0.874702	8
0.874703	9
0.874704	10
0.874712	11
0.874761	12
0.874815	13
0.874874	14
0.874938	15
0.875006	16
0.87508	17
0.875157	18
0.875237	19
0.875317	20
0.875351	6
0.875385	7
0.875387	8
0.875396	9
0.875398	10
0.875418	8
0.875456	9
0.875457	10
0.875466	11
0.875519	12
0.875576	13
0.875639	14
0.875706	15
0.875778	16
0.875855	17
0.875937	18
0.876023	19
0.87608	20
0.87611	6
0.876133	7
0.876136	8
0.876146	9
0.876148	10
0.87617	9
0.876213	10
0.876223	11
0.876279	12
0.876341	13
0.876407	14
0.876478	15
0.876553	16
0.876634	17
0.876719	18
0.876783	19
0.876829	20
0.876862	6
0.876892	7
0.876895	8
0.876903	9
0.876906	10
0.876927	9
0.876974	10
0.876984	11
0.877044	12
0.877109	13
0.877178	14
0.877253	15
0.877332	16
0.877416	17
0.877479	18
0.877533	19
0.877587	20
0.87762	6
0.877654	7
0.877657	8
0.877664	9
0.877668	10
0.877688	9
0.877739	10
0.877748	11
0.877812	12
0.87788	13
0.877954	14
0.878032	15
0.878115	16
0.878176	17
0.87823	18
0.878289	19
0.878349	20
0.87838	6
0.87842	7
0.878423	8
0.878427	9
0.878431	10
0.878453	8
0.878507	9
0.878508	10
0.878516	11
0.878584	12
0.878656	13
0.878733	14
0.878814	15
0.878875	16
0.878929	17
0.878987	18
0.879049	19
0.879114	20
0.879146	6
0.879188	7
0.879191	8
0.879195	9
0.879198	10
0.879221	8
0.879278	9
0.87928	10
0.879288	11
0.879359	12
0.879435	13
0.879515	14
0.879574	15
0.879627	16
0.879686	17
0.879748	18
0.879813	19
0.879882	20
0.879914	6
0.87996	7
0.879962	8
0.879968	9
0.879971	10
0.879994	7
0.880054	8
0.880055	9
0.880056	10
0.880063	11
0.880139	12
0.880217	13
0.880275	14
0.880327	15
0.880384	16
0.880447	17
0.880513	18
0.880583	19
0.880653	20
0.880686	6
0.880735	7
0.880738	8
0.880745	9
0.880747	10
0.880769	7
0.880833	8
0.880834	9
0.880835	10
0.880843	11
0.880922	12
0.880977	13
0.881027	14
0.881084	15
0.881145	16
0.881211	17
0.881281	18
0.881354	19
0.881428	20
0.881461	6
0.881513	7
0.881515	8
0.881524	9
0.881526	10
0.881548	7
0.881615	8
0.881616	9
0.881617	10
0.881626	11
0.88168	12
0.881729	13
0.881785	14
0.881845	15
0.88191	16
0.881978	17
0.88205	18
0.882127	19
0.882204	20
0.88224	6
0.882294	7
0.882297	8
0.882304	9
0.882306	10
0.88233	7
0.882375	8
0.882376	9
0.882377	10
0.882384	11
0.882434	12
0.882488	13
0.882547	14
0.882611	15
0.882679	16
0.882753	17
0.882829	18
0.88291	19
0.882989	20
0.883024	6
0.883058	7
0.88306	8
0.883069	9
0.883071	10
0.88309	8
0.883129	9
0.88313	10
0.883138	11
0.883191	12
0.883249	13
0.883311	14
0.883379	15
0.883451	16
0.883528	17
0.88361	18
0.883696	19
0.883753	20
0.883783	6
0.883806	7
0.883809	8
0.883819	9
0.883821	10
0.883843	9
0.883886	10
0.883896	11
0.883952	12
0.884013	13
0.88408	14
0.88415	15
0.884226	16
0.884307	17
0.884392	18
0.884456	19
0.884501	20
0.884535	6
0.884565	7
0.884568	8
0.884576	9
0.884578	10
0.8846	9
0.884647	10
0.884657	11
0.884717	12
0.884782	13
0.884851	14
0.884926	15
0.885005	16
0.885089	17
0.885152	18
0.885206	19
0.88526	20
0.885292	6
0.885327	7
0.88533	8
0.885337	9
0.88534	10
0.885361	9
0.885411	10
0.885421	11
0.885485	12
0.885553	13
0.885627	14
0.885705	15
0.885788	16
0.885849	17
0.885903	18
0.885962	19
0.886022	20
0.886053	6
0.886093	7
0.886095	8
0.8861	9
0.886104	10
0.886125	8
0.886179	9
0.886181	10
0.886189	11
0.886256	12
0.886329	13
0.886405	14
0.886487	15
0.886547	16
0.886601	17
0.88666	18
0.886722	19
0.886786	20
0.886819	6
0.886861	7
0.886863	8
0.886868	9
0.886871	10
0.886893	8
0.886951	9
0.886952	10
0.886961	11
0.887032	12
0.887107	13
0.887188	14
0.887247	15
0.8873	16
0.887359	17
0.887421	18
0.887486	19
0.887555	20
0.887587	6
0.887633	7
0.887635	8
0.887641	9
0.887643	10
0.887666	7
0.887726	8
0.887728	9
0.887729	10
0.887736	11
0.887812	12
0.88789	13
0.887948	14
0.887999	15
0.888057	16
0.888119	17
0.888186	18
0.888255	19
0.888326	20
0.888359	6
0.888408	7
0.88841	8
0.888418	9
0.88842	10
0.888442	7
0.888505	8
0.888507	9
0.888508	10
0.888516	11
0.888594	12
0.88865	13
0.8887	14
0.888757	15
0.888818	16
0.888884	17
0.888954	18
0.889027	19
0.8891	20
0.889134	6
0.889186	7
0.889188	8
0.889196	9
0.889199	10
0.889221	7
0.889288	8
0.889289	9
0.88929	10
0.889299	11
0.889353	12
0.889402	13
0.889457	14
0.889517	15
0.889582	16
0.889651	17
0.889723	18
0.8898	19
0.889877	20
0.889913	6
0.889967	7
0.889969	8
0.889977	9
0.889979	10
0.890003	7
0.890047	8
0.890049	9
0.89005	10
0.890057	11
0.890107	12
0.890161	13
0.89022	14
0.890283	15
0.890352	16
0.890425	17
0.890502	18
0.890583	19
0.890662	20
0.890697	6
0.890731	7
0.890733	8
0.890741	9
0.890744	10
0.890763	8
0.890802	9
0.890803	10
0.890811	11
0.890864	12
0.890922	13
0.890984	14
0.891052	15
0.891124	16
0.891201	17
0.891282	18
0.891369	19
0.891425	20
0.891455	6
0.891478	7
0.891482	8
0.891491	9
0.891494	10
0.891516	9
0.891559	10
0.891568	11
0.891625	12
0.891686	13
0.891752	14
0.891823	15
0.891899	16
0.89198	17
0.892065	18
0.892129	19
0.892174	20
0.892208	6
0.892238	7
0.89224	8
0.892249	9
0.892251	10
0.892273	9
0.89232	10
0.892329	11
0.892389	12
0.892454	13
0.892524	14
0.892599	15
0.892678	16
0.892762	17
0.892825	18
0.892879	19
0.892933	20
0.892965	6
0.893	7
0.893002	8
0.89301	9
0.893013	10
0.893034	9
0.893084	10
0.893094	11
0.893157	12
0.893226	13
0.893299	14
0.893377	15
0.89346	16
0.893522	17
0.893576	18
0.893635	19
0.893695	20
0.893726	6
0.893766	7
0.893768	8
0.893773	9
0.893776	10
0.893798	8
0.893852	9
0.893853	10
0.893862	11
0.893929	12
0.894001	13
0.894078	14
0.89416	15
0.89422	16
0.894274	17
0.894333	18
0.894394	19
0.894459	20
0.894492	6
0.894534	7
0.894536	8
0.894541	9
0.894543	10
0.894566	8
0.894624	9
0.894625	10
0.894634	11
0.894704	12
0.89478	13
0.894861	14
0.89492	15
0.894972	16
0.895031	17
0.895094	18
0.895159	19
0.895227	20
0.89526	6
0.895305	7
0.895308	8
0.895314	9
0.895316	10
0.895339	7
0.895399	8
0.8954	9
0.895402	10
0.895409	11
0.895485	12
0.895563	13
0.89562	14
0.895672	15
0.89573	16
0.895792	17
0.895858	18
0.895928	19
0.895999	20
0.896031	6
0.896081	7
0.896083	8
0.89609	9
0.896093	10
0.896114	7
0.896178	8
0.896179	9
0.89618	10
0.896189	11
0.896267	12
0.896322	13
0.896373	14
0.896429	15
0.896491	16
0.896557	17
0.896626	18
0.8967	19
0.896773	20
0.896807	6
0.896858	7
0.896861	8
0.896869	9
0.896872	10
0.896893	7
0.896961	8
0.896962	9
0.896963	10
0.896971	11
0.897026	12
0.897075	13
0.89713	14
0.89719	15
0.897255	16
0.897324	17
0.897396	18
0.897473	19
0.89755	20
0.897586	6
0.89764	7
0.897642	8
0.897649	9
0.897652	10
0.897676	7
0.89772	8
0.897721	9
0.897723	10
0.89773	11
0.89778	12
0.897834	13
0.897893	14
0.897956	15
0.898025	16
0.898098	17
0.898175	18
0.898256	19
0.898335	20
0.89837	6
0.898403	7
0.898406	8
0.898414	9
0.898417	10
0.898436	8
0.898474	9
0.898476	10
0.898484	11
0.898537	12
0.898595	13
0.898657	14
0.898724	15
0.898796	16
0.898873	17
0.898955	18
0.899042	19
0.899098	20
0.899128	6
0.899151	7
0.899155	8
0.899164	9
0.899167	10
0.899188	9
0.899232	10
0.899241	11
0.899298	12
0.899359	13
0.899425	14
0.899496	15
0.899572	16
0.899652	17
0.899738	18
0.899801	19
0.899847	20
0.899881	6
0.899911	7
0.899913	8
0.899922	9
0.899924	10
0.899946	9
0.899992	10
0.900002	11
0.900062	12
0.900127	13
0.900197	14
0.900271	15
0.900351	16
0.900435	17
0.900497	18
0.900551	19
0.900605	20
0.900638	6
0.900673	7
0.900675	8
0.900682	9
0.900686	10
0.900706	9
0.900757	10
0.900767	11
0.90083	12
0.900899	13
0.900972	14
0.90105	15
0.901133	16
0.901194	17
0.901249	18
0.901307	19
0.901368	20
0.901399	6
0.901438	7
0.901441	8
0.901446	9
0.901449	10
0.901471	8
0.901525	9
0.901526	10
0.901535	11
0.901602	12
0.901674	13
0.901751	14
0.901833	15
0.901893	16
0.901947	17
0.902006	18
0.902067	19
0.902132	20
0.902164	6
0.902207	7
0.902209	8
0.902214	9
0.902216	10
0.902239	8
0.902297	9
0.902298	10
0.902306	11
0.902377	12
0.902453	13
0.902533	14
0.902592	15
0.902645	16
0.902704	17
0.902767	18
0.902832	19
0.9029	20
0.902933	6
0.902978	7
0.902981	8
0.902987	9
0.902989	10
0.903012	7
0.903072	8
0.903073	9
0.903074	10
0.903082	11
0.903157	12
0.903235	13
0.903293	14
0.903345	15
0.903403	16
0.903465	17
0.903531	18
0.903601	19
0.903672	20
0.903704	6
0.903754	7
0.903756	8
0.903763	9
0.903766	10
0.903787	7
0.903851	8
0.903852	9
0.903853	10
0.903862	11
0.90394	12
0.903995	13
0.904046	14
0.904102	15
0.904163	16
0.904229	17
0.904299	18
0.904373	19
0.904446	20
0.90448	6
0.904531	7
0.904534	8
0.904542	9
0.904544	10
0.904566	7
0.904633	8
0.904635	9
0.904636	10
0.904644	11
0.904698	12
0.904748	13
0.904803	14
0.904863	15
0.904928	16
0.904996	17
0.905068	18
0.905145	19
0.905222	20
0.905258	6
0.905312	7
0.905315	8
0.905322	9
0.905325	10
0.905349	7
0.905393	8
0.905394	9
0.905395	10
0.905403	11
0.905452	12
0.905506	13
0.905565	14
0.905629	15
0.905698	16
0.905771	17
0.905848	18
0.905928	19
0.906008	20
0.906043	6
0.906076	7
0.906079	8
0.906087	9
0.906089	10
0.906109	8
0.906147	9
0.906148	10
0.906157	11
0.90621	12
0.906267	13
0.90633	14
0.906397	15
0.906469	16
0.906546	17
0.906628	18
0.906714	19
0.906771	20
0.906801	6
0.906824	7
0.906827	8
0.906837	9
0.906839	10
0.906861	9
0.906904	10
0.906914	11
0.90697	12
0.907032	13
0.907098	14
0.907169	15
0.907245	16
0.907325	17
0.90741	18
0.907474	19
0.90752	20
0.907553	6
0.907583	7
0.907586	8
0.907594	9
0.907597	10
0.907618	9
0.907665	10
0.907675	11
0.907735	12
0.9078	13
0.90787	14
0.907944	15
0.908023	16
0.908108	17
0.90817	18
0.908224	19
0.908278	20
0.908311	6
0.908346	7
0.908348	8
0.908355	9
0.908359	10
0.908379	9
0.90843	10
0.908439	11
0.908503	12
0.908572	13
0.908645	14
0.908723	15
0.908806	16
0.908867	17
0.908921	18
0.90898	19
0.90904	20
0.909072	6
0.909111	7
0.909114	8
0.909118	9
0.909122	10
0.909144	8
0.909198	9
0.909199	10
0.909207	11
0.909275	12
0.909347	13
0.909424	14
0.909505	15
0.909566	16
0.90962	17
0.909679	18
0.90974	19
0.909805	20
0.909837	6
0.909879	7
0.909882	8
0.909887	9
0.909889	10
0.909912	8
0.909969	9
0.909971	10
0.909979	11
0.91005	12
0.910126	13
0.910206	14
0.910265	15
0.910318	16
0.910377	17
0.910439	18
0.910504	19
0.910573	20
0.910605	6
0.910651	7
0.910653	8
0.910659	9
0.910662	10
0.910685	7
0.910745	8
0.910746	9
0.910747	10
0.910754	11
0.91083	12
0.910908	13
0.910966	14
0.911018	15
0.911075	16
0.911138	17
0.911204	18
0.911274	19
0.911345	20
0.911377	6
0.911426	7
0.911429	8
0.911436	9
0.911438	10
0.91146	7
0.911524	8
0.911525	9
0.911526	10
0.911534	11
0.911613	12
0.911668	13
0.911718	14
0.911775	15
0.911836	16
0.911902	17
0.911972	18
0.912045	19
0.912119	20
0.912152	6
0.912204	7
0.912206	8
0.912215	9
0.912217	10
0.912239	7
0.912306	8
0.912307	9
0.912309	10
0.912317	11
0.912371	12
0.91242	13
0.912476	14
0.912536	15
0.912601	16
0.912669	17
0.912741	18
0.912818	19
0.912895	20
0.912931	6
0.912985	7
0.912988	8
0.912995	9
0.912997	10
0.913021	7
0.913066	8
0.913067	9
0.913068	10
0.913075	11
0.913125	12
0.913179	13
0.913238	14
0.913302	15
0.91337	16
0.913444	17
0.913521	18
0.913601	19
0.91368	20
0.913715	6
0.913749	7
0.913751	8
0.91376	9
0.913762	10
0.913781	8
0.91382	9
0.913821	10
0.913829	11
0.913882	12
0.91394	13
0.914003	14
0.91407	15
0.914142	16
0.914219	17
0.914301	18
0.914387	19
0.914444	20
0.914474	6
0.914497	7
0.9145	8
0.91451	9
0.914512	10
0.914534	9
0.914577	10
0.914587	11
0.914643	12
0.914705	13
0.914771	14
0.914842	15
0.914917	16
0.914998	17
0.915083	18
0.915147	19
0.915193	20
0.915226	6
0.915256	7
0.915259	8
0.915267	9
0.915269	10
0.915291	9
0.915338	10
0.915348	11
0.915408	12
0.915473	13
0.915542	14
0.915617	15
0.915696	16
0.91578	17
0.915843	18
0.915897	19
0.915951	20
0.915983	6
0.916018	7
0.916021	8
0.916028	9
0.916032	10
0.916052	9
0.916102	10
0.916112	11
0.916176	12
0.916244	13
0.916318	14
0.916396	15
0.916479	16
0.91654	17
0.916594	18
0.916653	19
0.916713	20
0.916744	6
0.916784	7
0.916786	8
0.916791	9
0.916795	10
0.916816	8
0.916871	9
0.916872	10
0.91688	11
0.916947	12
0.91702	13
0.917097	14
0.917178	15
0.917238	16
0.917292	17
0.917351	18
0.917413	19
0.917478	20
0.91751	6
0.917552	7
0.917554	8
0.917559	9
0.917562	10
0.917585	8
0.917642	9
0.917643	10
0.917652	11
0.917723	12
0.917798	13
0.917879	14
0.917938	15
0.917991	16
0.91805	17
0.918112	18
0.918177	19
0.918246	20
0.918278	6
0.918324	7
0.918326	8
0.918332	9
0.918335	10
0.918357	7
0.918418	8
0.918419	9
0.91842	10
0.918427	11
0.918503	12
0.918581	13
0.918639	14
0.91869	15
0.918748	16
0.918811	17
0.918877	18
0.918946	19
0.919017	20
0.91905	6
0.919099	7
0.919101	8
0.919109	9
0.919111	10
0.919133	7
0.919196	8
0.919198	9
0.919199	10
0.919207	11
0.919285	12
0.919341	13
0.919391	14
0.919448	15
0.919509	16
0.919575	17
0.919645	18
0.919718	19
0.919791	20
0.919825	6
0.919877	7
0.919879	8
0.919888	9
0.91989	10
0.919912	7
0.919979	8
0.91998	9
0.919981	10
0.91999	11
0.920044	12
0.920093	13
0.920148	14
0.920208	15
0.920273	16
0.920342	17
0.920414	18
0.920491	19
0.920568	20
0.920604	6
0.920658	7
0.92066	8
0.920668	9
0.92067	10
0.920694	7
0.920739	8
0.92074	9
0.920741	10
0.920748	11
0.920798	12
0.920852	13
0.920911	14
0.920975	15
0.921043	16
0.921116	17
0.921193	18
0.921274	19
0.921353	20
0.921388	6
0.921422	7
0.921424	8
0.921433	9
0.921435	10
0.921454	8
0.921493	9
0.921494	10
0.921502	11
0.921555	12
0.921613	13
0.921675	14
0.921743	15
0.921815	16
0.921892	17
0.921973	18
0.92206	19
0.922116	20
0.922147	6
0.922169	7
0.922173	8
0.922183	9
0.922185	10
0.922207	9
0.92225	10
0.922259	11
0.922316	12
0.922377	13
0.922443	14
0.922514	15
0.92259	16
0.922671	17
0.922756	18
0.92282	19
0.922865	20
0.922899	6
0.922929	7
0.922931	8
0.92294	9
0.922942	10
0.922964	9
0.923011	10
0.92302	11
0.92308	12
0.923145	13
0.923215	14
0.92329	15
0.923369	16
0.923453	17
0.923516	18
0.92357	19
0.923624	20
0.923656	6
0.923691	7
0.923693	8
0.923701	9
0.923704	10
0.923725	9
0.923775	10
0.923785	11
0.923849	12
0.923917	13
0.92399	14
0.924069	15
0.924151	16
0.924213	17
0.924267	18
0.924326	19
0.924386	20
0.924417	6
0.924457	7
0.924459	8
0.924464	9
0.924468	10
0.924489	8
0.924543	9
0.924544	10
0.924553	11
0.92462	12
0.924692	13
0.924769	14
0.924851	15
0.924911	16
0.924965	17
0.925024	18
0.925085	19
0.92515	20
0.925183	6
0.925225	7
0.925227	8
0.925232	9
0.925234	10
0.925257	8
0.925315	9
0.925316	10
0.925325	11
0.925396	12
0.925471	13
0.925552	14
0.925611	15
0.925664	16
0.925722	17
0.925785	18
0.92585	19
0.925918	20
0.925951	6
0.925997	7
0.925999	8
0.926005	9
0.926007	10
0.92603	7
0.92609	8
0.926091	9
0.926093	10
0.9261	11
0.926176	12
0.926254	13
0.926311	14
0.926363	15
0.926421	16
0.926483	17
0.926549	18
0.926619	19
0.92669	20
0.926723	6
0.926772	7
0.926774	8
0.926781	9
0.926784	10
0.926805	7
0.926869	8
0.92687	9
0.926872	10
0.92688	11
0.926958	12
0.927013	13
0.927064	14
0.92712	15
0.927182	16
0.927248	17
0.927318	18
0.927391	19
0.927464	20
0.927498	6
0.927549	7
0.927552	8
0.92756	9
0.927563	10
0.927584	7
0.927652	8
0.927653	9
0.927654	10
0.927662	11
0.927717	12
0.927766	13
0.927821	14
0.927881	15
0.927946	16
0.928015	17
0.928087	18
0.928164	19
0.928241	20
0.928277	6
0.928331	7
0.928333	8
0.92834	9
0.928343	10
0.928367	7
0.928411	8
0.928413	9
0.928414	10
0.928421	11
0.928471	12
0.928525	13
0.928584	14
0.928647	15
0.928716	16
0.928789	17
0.928866	18
0.928947	19
0.929026	20
0.929061	6
0.929094	7
0.929097	8
0.929105	9
0.929108	10
0.929127	8
0.929165	9
0.929167	10
0.929175	11
0.929228	12
0.929286	13
0.929348	14
0.929415	15
0.929488	16
0.929564	17
0.929646	18
0.929733	19
0.929789	20
0.929819	6
0.929842	7
0.929846	8
0.929855	9
0.929858	10
0.929879	9
0.929923	10
0.929932	11
0.929989	12
0.93005	13
0.930116	14
0.930187	15
0.930263	16
0.930343	17
0.930429	18
0.930492	19
0.930538	20
0.930572	6
0.930602	7
0.930604	8
0.930613	9
0.930615	10
0.930637	9
0.930684	10
0.930693	11
0.930753	12
0.930818	13
0.930888	14
0.930962	15
0.931042	16
0.931126	17
0.931188	18
0.931242	19
0.931297	20
0.931329	6
0.931364	7
0.931366	8
0.931373	9
0.931377	10
0.931398	9
0.931448	10
0.931458	11
0.931521	12
0.93159	13
0.931663	14
0.931741	15
0.931824	16
0.931886	17
0.93194	18
0.931999	19
0.932059	20
0.93209	6
0.93213	7
0.932132	8
0.932137	9
0.93214	10
0.932162	8
0.932216	9
0.932217	10
0.932226	11
0.932293	12
0.932365	13
0.932442	14
0.932524	15
0.932584	16
0.932638	17
0.932697	18
0.932758	19
0.932823	20
0.932856	6
0.932898	7
0.9329	8
0.932905	9
0.932907	10
0.93293	8
0.932988	9
0.932989	10
0.932997	11
0.933068	12
0.933144	13
0.933225	14
0.933283	15
0.933336	16
0.933395	17
0.933458	18
0.933523	19
0.933591	20
0.933624	6
0.933669	7
0.933672	8
0.933678	9
0.93368	10
0.933703	7
0.933763	8
0.933764	9
0.933765	10
0.933773	11
0.933848	12
0.933927	13
0.933984	14
0.934036	15
0.934094	16
0.934156	17
0.934222	18
0.934292	19
0.934363	20
0.934395	6
0.934445	7
0.934447	8
0.934454	9
0.934457	10
0.934478	7
0.934542	8
0.934543	9
0.934544	10
0.934553	11
0.934631	12
0.934686	13
0.934737	14
0.934793	15
0.934854	16
0.934921	17
0.93499	18
0.935064	19
0.935137	20
0.935171	6
0.935222	7
0.935225	8
0.935233	9
0.935235	10
0.935257	7
0.935324	8
0.935326	9
0.935327	10
0.935335	11
0.935389	12
0.935439	13
0.935494	14
0.935554	15
0.935619	16
0.935687	17
0.93576	18
0.935836	19
0.935913	20
0.935949	6
0.936004	7
0.936006	8
0.936013	9
0.936016	10
0.93604	7
0.936084	8
0.936085	9
0.936087	10
0.936094	11
0.936143	12
0.936197	13
0.936256	14
0.93632	15
0.936389	16
0.936462	17
0.936539	18
0.936619	19
0.936699	20
0.936734	6
0.936767	7
0.93677	8
0.936778	9
0.93678	10
0.9368	8
0.936838	9
0.936839	10
0.936848	11
0.936901	12
0.936958	13
0.937021	14
0.937088	15
0.93716	16
0.937237	17
0.937319	18
0.937406	19
0.937462	20
0.937492	6
0.937515	7
0.937518	8
0.937528	9
0.937531	10
0.937552	9
0.937595	10
0.937605	11
0.937662	12
0.937723	13
0.937789	14
0.93786	15
0.937936	16
0.938016	17
0.938101	18
0.938165	19
0.938211	20
0.938244	6
0.938275	7
0.938277	8
0.938285	9
0.938288	10
0.938309	9
0.938356	10
0.938366	11
0.938426	12
0.938491	13
0.938561	14
0.938635	15
0.938714	16
0.938799	17
0.938861	18
0.938915	19
0.938969	20
0.939002	6
0.939037	7
0.939039	8
0.939046	9
0.93905	10
0.93907	9
0.939121	10
0.93913	11
0.939194	12
0.939263	13
0.939336	14
0.939414	15
0.939497	16
0.939558	17
0.939612	18
0.939671	19
0.939731	20
0.939763	6
0.939802	7
0.939805	8
0.93981	9
0.939813	10
0.939835	8
0.939889	9
0.93989	10
0.939898	11
0.939966	12
0.940038	13
0.940115	14
0.940197	15
0.940257	16
0.940311	17
0.94037	18
0.940431	19
0.940496	20
0.940528	6
0.94057	7
0.940573	8
0.940578	9
0.94058	10
0.940603	8
0.940661	9
0.940662	10
0.94067	11
0.940741	12
0.940817	13
0.940897	14
0.940956	15
0.941009	16
0.941068	17
0.94113	18
0.941195	19
0.941264	20
0.941296	6
0.941342	7
0.941344	8
0.94135	9
0.941353	10
0.941376	7
0.941436	8
0.941437	9
0.941438	10
0.941445	11
0.941521	12
0.941599	13
0.941657	14
0.941709	15
0.941766	16
0.941829	17
0.941895	18
0.941965	19
0.942036	20
0.942068	6
0.942117	7
0.94212	8
0.942127	9
0.942129	10
0.942151	7
0.942215	8
0.942216	9
0.942217	10
0.942226	11
0.942304	12
0.942359	13
0.942409	14
0.942466	15
0.942527	16
0.942593	17
0.942663	18
0.942736	19
0.94281	20
0.942843	6
0.942895	7
0.942897	8
0.942906	9
0.942908	10
0.94293	7
0.942997	8
0.942998	9
0.943	10
0.943008	11
0.943062	12
0.943111	13
0.943167	14
0.943227	15
0.943292	16
0.94336	17
0.943432	18
0.943509	19
0.943586	20
0.943622	6
0.943676	7
0.943679	8
0.943686	9
0.943688	10
0.943712	7
0.943757	8
0.943758	9
0.943759	10
0.943766	11
0.943816	12
0.94387	13
0.943929	14
0.943993	15
0.944061	16
0.944135	17
0.944212	18
0.944292	19
0.944371	20
0.944406	6
0.94444	7
0.944442	8
0.944451	9
0.944453	10
0.944472	8
0.944511	9
0.944512	10
0.944521	11
0.944573	12
0.944631	13
0.944694	14
0.944761	15
0.944833	16
0.94491	17
0.944992	18
0.945078	19
0.945135	20
0.945165	6
0.945188	7
0.945191	8
0.945201	9
0.945203	10
0.945225	9
0.945268	10
0.945278	11
0.945334	12
0.945396	13
0.945462	14
0.945533	15
0.945608	16
0.945689	17
0.945774	18
0.945838	19
0.945884	20
0.945917	6
0.945947	7
0.94595	8
0.945958	9
0.945961	10
0.945982	9
0.946029	10
0.946039	11
0.946099	12
0.946164	13
0.946233	14
0.946308	15
0.946387	16
0.946471	17
0.946534	18
0.946588	19
0.946642	20
0.946675	6
0.946709	7
0.946712	8
0.946719	9
0.946723	10
0.946743	9
0.946794	10
0.946803	11
0.946867	12
0.946935	13
0.947009	14
0.947087	15
0.94717	16
0.947231	17
0.947285	18
0.947344	19
0.947404	20
0.947435	6
0.947475	7
0.947477	8
0.947482	9
0.947486	10
0.947508	8
0.947562	9
0.947563	10
0.947571	11
0.947639	12
0.947711	13
0.947788	14
0.947869	15
0.947929	16
0.947984	17
0.948042	18
0.948104	19
0.948169	20
0.948201	6
0.948243	7
0.948246	8
0.94825	9
0.948253	10
0.948276	8
0.948333	9
0.948334	10
0.948343	11
0.948414	12
0.94849	13
0.94857	14
0.948629	15
0.948682	16
0.948741	17
0.948803	18
0.948868	19
0.948937	20
0.948969	6
0.949015	7
0.949017	8
0.949023	9
0.949026	10
0.949048	7
0.949109	8
0.94911	9
0.949111	10
0.949118	11
0.949194	12
0.949272	13
0.94933	14
0.949381	15
0.949439	16
0.949502	17
0.949568	18
0.949637	19
0.949708	20
0.949741	6
0.94979	7
0.949793	8
0.9498	9
0.949802	10
0.949824	7
0.949887	8
0.949889	9
0.94989	10
0.949898	11
0.949976	12
0.950032	13
0.950082	14
0.950139	15
0.9502	16
0.950266	17
0.950336	18
0.950409	19
0.950482	20
0.950516	6
0.950568	7
0.95057	8
0.950579	9
0.950581	10
0.950603	7
0.95067	8
0.950671	9
0.950672	10
0.950681	11
0.950735	12
0.950784	13
0.950839	14
0.9509	15
0.950964	16
0.951033	17
0.951105	18
0.951182	19
0.951259	20
0.951295	6
0.951349	7
0.951352	8
0.951359	9
0.951361	10
0.951385	7
0.95143	8
0.951431	9
0.951432	10
0.951439	11
0.951489	12
0.951543	13
0.951602	14
0.951666	15
0.951734	16
0.951807	17
0.951884	18
0.951965	19
0.952044	20
0.952079	6
0.952113	7
0.952115	8
0.952124	9
0.952126	10
0.952145	8
0.952184	9
0.952185	10
0.952193	11
0.952246	12
0.952304	13
0.952366	14
0.952434	15
0.952506	16
0.952583	17
0.952664	18
0.952751	19
0.952808	20
0.952838	6
0.95286	7
0.952864	8
0.952874	9
0.952876	10
0.952898	9
0.952941	10
0.952951	11
0.953007	12
0.953068	13
0.953134	14
0.953205	15
0.953281	16
0.953362	17
0.953447	18
0.953511	19
0.953556	20
0.95359	6
0.95362	7
0.953622	8
0.953631	9
0.953633	10
0.953655	9
0.953702	10
0.953711	11
0.953772	12
0.953836	13
0.953906	14
0.953981	15
0.95406	16
0.954144	17
0.954207	18
0.954261	19
0.954315	20
0.954347	6
0.954382	7
0.954385	8
0.954392	9
0.954395	10
0.954416	9
0.954466	10
0.954476	11
0.95454	12
0.954608	13
0.954681	14
0.95476	15
0.954843	16
0.954904	17
0.954958	18
0.955017	19
0.955077	20
0.955108	6
0.955148	7
0.95515	8
0.955155	9
0.955159	10
0.95518	8
0.955234	9
0.955236	10
0.955244	11
0.955311	12
0.955383	13
0.95546	14
0.955542	15
0.955602	16
0.955656	17
0.955715	18
0.955776	19
0.955841	20
0.955874	6
0.955916	7
0.955918	8
0.955923	9
0.955926	10
0.955948	8
0.956006	9
0.956007	10
0.956016	11
0.956087	12
0.956162	13
0.956243	14
0.956302	15
0.956355	16
0.956414	17
0.956476	18
0.956541	19
0.956609	20
0.956642	6
0.956688	7
0.95669	8
0.956696	9
0.956698	10
0.956721	7
0.956781	8
0.956783	9
0.956784	10
0.956791	11
0.956867	12
0.956945	13
0.957003	14
0.957054	15
0.957112	16
0.957174	17
0.957241	18
0.95731	19
0.957381	20
0.957414	6
0.957463	7
0.957465	8
0.957472	9
0.957475	10
0.957497	7
0.95756	8
0.957561	9
0.957563	10
0.957571	11
0.957649	12
0.957704	13
0.957755	14
0.957811	15
0.957873	16
0.957939	17
0.958009	18
0.958082	19
0.958155	20
0.958189	6
0.958241	7
0.958243	8
0.958251	9
0.958254	10
0.958275	7
0.958343	8
0.958344	9
0.958345	10
0.958354	11
0.958408	12
0.958457	13
0.958512	14
0.958572	15
0.958637	16
0.958706	17
0.958778	18
0.958855	19
0.958932	20
0.958968	6
0.959022	7
0.959024	8
0.959031	9
0.959034	10
0.959058	7
0.959102	8
0.959104	9
0.959105	10
0.959112	11
0.959162	12
0.959216	13
0.959275	14
0.959338	15
0.959407	16
0.95948	17
0.959557	18
0.959638	19
0.959717	20
0.959752	6
0.959786	7
0.959788	8
0.959796	9
0.959799	10
0.959818	8
0.959856	9
0.959858	10
0.959866	11
0.959919	12
0.959977	13
0.960039	14
0.960106	15
0.960179	16
0.960256	17
0.960337	18
0.960424	19
0.96048	20
0.96051	6
0.960533	7
0.960537	8
0.960546	9
0.960549	10
0.96057	9
0.960614	10
0.960623	11
0.96068	12
0.960741	13
0.960807	14
0.960878	15
0.960954	16
0.961034	17
0.96112	18
0.961183	19
0.961229	20
0.961263	6
0.961293	7
0.961295	8
0.961304	9
0.961306	10
0.961328	9
0.961375	10
0.961384	11
0.961444	12
0.961509	13
0.961579	14
0.961653	15
0.961733	16
0.961817	17
0.961879	18
0.961934	19
0.961988	20
0.96202	6
0.962055	7
0.962057	8
0.962065	9
0.962068	10
0.962089	9
0.962139	10
0.962149	11
0.962212	12
0.962281	13
0.962354	14
0.962432	15
0.962515	16
0.962577	17
0.962631	18
0.96269	19
0.96275	20
0.962781	6
0.962821	7
0.962823	8
0.962828	9
0.962831	10
0.962853	8
0.962907	9
0.962908	10
0.962917	11
0.962984	12
0.963056	13
0.963133	14
0.963215	15
0.963275	16
0.963329	17
0.963388	18
0.963449	19
0.963514	20
0.963547	6
0.963589	7
0.963591	8
0.963596	9
0.963598	10
0.963621	8
0.963679	9
0.96368	10
0.963688	11
0.963759	12
0.963835	13
0.963916	14
0.963975	15
0.964027	16
0.964086	17
0.964149	18
0.964214	19
0.964282	20
0.964315	6
0.96436	7
0.964363	8
0.964369	9
0.964371	10
0.964394	7
0.964454	8
0.964455	9
0.964457	10
0.964464	11
0.964539	12
0.964618	13
0.964675	14
0.964727	15
0.964785	16
0.964847	17
0.964913	18
0.964983	19
0.965054	20
0.965086	6
0.965136	7
0.965138	8
0.965145	9
0.965148	10
0.965169	7
0.965233	8
0.965234	9
0.965235	10
0.965244	11
0.965322	12
0.965377	13
0.965428	14
0.965484	15
0.965546	16
0.965612	17
0.965681	18
0.965755	19
0.965828	20
0.965862	6
0.965913	7
0.965916	8
0.965924	9
0.965927	10
0.965948	7
0.966016	8
0.966017	9
0.966018	10
0.966026	11
0.96608	12
0.96613	13
0.966185	14
0.966245	15
0.96631	16
0.966379	17
0.966451	18
0.966528	19
0.966604	20
0.966641	6
0.966695	7
0.966697	8
0.966704	9
0.966707	10
0.966731	7
0.966775	8
0.966776	9
0.966778	10
0.966785	11
0.966834	12
0.966889	13
0.966947	14
0.967011	15
0.96708	16
0.967153	17
0.96723	18
0.96731	19
0.96739	20
0.967425	6
0.967458	7
0.967461	8
0.967469	9
0.967472	10
0.967491	8
0.967529	9
0.96753	10
0.967539	11
0.967592	12
0.967649	13
0.967712	14
0.967779	15
0.967851	16
0.967928	17
0.96801	18
0.968097	19
0.968153	20
0.968183	6
0.968206	7
0.96821	8
0.968219	9
0.968222	10
0.968243	9
0.968286	10
0.968296	11
0.968353	12
0.968414	13
0.96848	14
0.968551	15
0.968627	16
0.968707	17
0.968793	18
0.968856	19
0.968902	20
0.968936	6
0.968966	7
0.968968	8
0.968976	9
0.968979	10
0.969	9
0.969047	10
0.969057	11
0.969117	12
0.969182	13
0.969252	14
0.969326	15
0.969406	16
0.96949	17
0.969552	18
0.969606	19
0.96966	20
0.969693	6
0.969728	7
0.96973	8
0.969737	9
0.969741	10
0.969761	9
0.969812	10
0.969821	11
0.969885	12
0.969954	13
0.970027	14
0.970105	15
0.970188	16
0.970249	17
0.970303	18
0.970362	19
0.970422	20
0.970454	6
0.970493	7
0.970496	8
0.970501	9
0.970504	10
0.970526	8
0.97058	9
0.970581	10
0.97059	11
0.970657	12
0.970729	13
0.970806	14
0.970888	15
0.970948	16
0.971002	17
0.971061	18
0.971122	19
0.971187	20
0.971219	6
0.971261	7
0.971264	8
0.971269	9
0.971271	10
0.971294	8
0.971352	9
0.971353	10
0.971361	11
0.971432	12
0.971508	13
0.971588	14
0.971647	15
0.9717	16
0.971759	17
0.971822	18
0.971886	19
0.971955	20
0.971987	6
0.972033	7
0.972036	8
0.972042	9
0.972044	10
0.972067	7
0.972127	8
0.972128	9
0.972129	10
0.972136	11
0.972212	12
0.97229	13
0.972348	14
0.9724	15
0.972457	16
0.97252	17
0.972586	18
0.972656	19
0.972727	20
0.972759	6
0.972808	7
0.972811	8
0.972818	9
0.97282	10
0.972842	7
0.972906	8
0.972907	9
0.972908	10
0.972917	11
0.972995	12
0.97305	13
0.9731	14
0.973157	15
0.973218	16
0.973284	17
0.973354	18
0.973427	19
0.973501	20
0.973534	6
0.973586	7
0.973589	8
0.973597	9
0.973599	10
0.973621	7
0.973688	8
0.973689	9
0.973691	10
0.973699	11
0.973753	12
0.973802	13
0.973858	14
0.973918	15
0.973983	16
0.974051	17
0.974123	18
0.9742	19
0.974277	20
0.974313	6
0.974367	7
0.97437	8
0.974377	9
0.974379	10
0.974403	7
0.974448	8
0.974449	9
0.97445	10
0.974458	11
0.974507	12
0.974561	13
0.97462	14
0.974684	15
0.974752	16
0.974826	17
0.974903	18
0.974983	19
0.975063	20
0.975097	6
0.975131	7
0.975133	8
0.975142	9
0.975144	10
0.975164	8
0.975202	9
0.975203	10
0.975212	11
0.975265	12
0.975322	13
0.975385	14
0.975452	15
0.975524	16
0.975601	17
0.975683	18
0.975769	19
0.975826	20
0.975856	6
0.975879	7
0.975882	8
0.975892	9
0.975894	10
0.975916	9
0.975959	10
0.975969	11
0.976025	12
0.976087	13
0.976153	14
0.976224	15
0.976299	16
0.97638	17
0.976465	18
0.976529	19
0.976575	20
0.976608	6
0.976638	7
0.976641	8
0.976649	9
0.976652	10
0.976673	9
0.97672	10
0.97673	11
0.97679	12
0.976855	13
0.976924	14
0.976999	15
0.977078	16
0.977162	17
0.977225	18
0.977279	19
0.977333	20
0.977366	6
0.9774	7
0.977403	8
0.97741	9
0.977414	10
0.977434	9
0.977485	10
0.977494	11
0.977558	12
0.977626	13
0.9777	14
0.977778	15
0.977861	16
0.977922	17
0.977976	18
0.978035	19
0.978095	20
0.978126	6
0.978166	7
0.978169	8
0.978173	9
0.978177	10
0.978199	8
0.978253	9
0.978254	10
0.978262	11
0.97833	12
0.978402	13
0.978479	14
0.97856	15
0.97862	16
0.978675	17
0.978733	18
0.978795	19
0.97886	20
0.978892	6
0.978934	7
0.978937	8
0.978941	9
0.978944	10
0.978967	8
0.979024	9
0.979026	10
0.979034	11
0.979105	12
0.979181	13
0.979261	14
0.97932	15
0.979373	16
0.979432	17
0.979494	18
0.979559	19
0.979628	20
0.97966	6
0.979706	7
0.979708	8
0.979714	9
0.979717	10
0.97974	7
0.9798	8
0.979801	9
0.979802	10
0.979809	11
0.979885	12
0.979963	13
0.980021	14
0.980073	15
0.98013	16
0.980193	17
0.980259	18
0.980329	19
0.980399	20
0.980432	6
0.980481	7
0.980484	8
0.980491	9
0.980493	10
0.980515	7
0.980579	8
0.98058	9
0.980581	10
0.980589	11
0.980667	12
0.980723	13
0.980773	14
0.98083	15
0.980891	16
0.980957	17
0.981027	18
0.9811	19
0.981174	20
0.981207	6
0.981259	7
0.981261	8
0.98127	9
0.981272	10
0.981294	7
0.981361	8
0.981362	9
0.981363	10
0.981372	11
0.981426	12
0.981475	13
0.981531	14
0.981591	15
0.981656	16
0.981724	17
0.981796	18
0.981873	19
0.98195	20
0.981986	6
0.98204	7
0.982043	8
0.98205	9
0.982052	10
0.982076	7
0.982121	8
0.982122	9
0.982123	10
0.98213	11
0.98218	12
0.982234	13
0.982293	14
0.982357	15
0.982425	16
0.982499	17
0.982575	18
0.982656	19
0.982735	20
0.98277	6
0.982804	7
0.982806	8
0.982815	9
0.982817	10
0.982836	8
0.982875	9
0.982876	10
0.982884	11
0.982937	12
0.982995	13
0.983057	14
0.983125	15
0.983197	16
0.983274	17
0.983356	18
0.983442	19
0.983499	20
0.983529	6
0.983551	7
0.983555	8
0.983565	9
0.983567	10
0.983589	9
0.983632	10
0.983642	11
0.983698	12
0.983759	13
0.983826	14
0.983896	15
0.983972	16
0.984053	17
0.984138	18
0.984202	19
0.984247	20
0.984281	6
0.984311	7
0.984314	8
0.984322	9
0.984324	10
0.984346	9
0.984393	10
0.984403	11
0.984463	12
0.984528	13
0.984597	14
0.984672	15
0.984751	16
0.984835	17
0.984898	18
0.984952	19
0.985006	20
0.985038	6
0.985073	7
0.985076	8
0.985083	9
0.985086	10
0.985107	9
0.985157	10
0.985167	11
0.985231	12
0.985299	13
0.985373	14
0.985451	15
0.985534	16
0.985595	17
0.985649	18
0.985708	19
0.985768	20
0.985799	6
0.985839	7
0.985841	8
0.985846	9
0.98585	10
0.985871	8
0.985925	9
0.985927	10
0.985935	11
0.986002	12
0.986074	13
0.986151	14
0.986233	15
0.986293	16
0.986347	17
0.986406	18
0.986468	19
0.986532	20
0.986565	6
0.986607	7
0.986609	8
0.986614	9
0.986617	10
0.986639	8
0.986697	9
0.986698	10
0.986707	11
0.986778	12
0.986853	13
0.986934	14
0.986993	15
0.987046	16
0.987105	17
0.987167	18
0.987232	19
0.987301	20
0.987333	6
0.987379	7
0.987381	8
0.987387	9
0.987389	10
0.987412	7
0.987472	8
0.987474	9
0.987475	10
0.987482	11
0.987558	12
0.987636	13
0.987694	14
0.987745	15
0.987803	16
0.987865	17
0.987932	18
0.988001	19
0.988072	20
0.988105	6
0.988154	7
0.988156	8
0.988164	9
0.988166	10
0.988188	7
0.988251	8
0.988253	9
0.988254	10
0.988262	11
0.98834	12
0.988396	13
0.988446	14
0.988503	15
0.988564	16
0.98863	17
0.9887	18
0.988773	19
0.988846	20
0.98888	6
0.988932	7
0.988934	8
0.988942	9
0.988945	10
0.988967	7
0.989034	8
0.989035	9
0.989036	10
0.989045	11
0.989099	12
0.989148	13
0.989203	14
0.989263	15
0.989328	16
0.989397	17
0.989469	18
0.989546	19
0.989623	20
0.989659	6
0.989713	7
0.989715	8
0.989723	9
0.989725	10
0.989749	7
0.989793	8
0.989795	9
0.989796	10
0.989803	11
0.989853	12
0.989907	13
0.989966	14
0.990029	15
0.990098	16
0.990171	17
0.990248	18
0.990329	19
0.990408	20
0.990443	6
0.990477	7
0.990479	8
0.990487	9
0.99049	10
0.990509	8
0.990548	9
0.990549	10
0.990557	11
0.99061	12
0.990668	13
0.99073	14
0.990798	15
0.99087	16
0.990947	17
0.991028	18
0.991115	19
0.991171	20
0.991201	6
0.991224	7
0.991228	8
0.991237	9
0.99124	10
0.991262	9
0.991305	10
0.991314	11
0.991371	12
0.991432	13
0.991498	14
0.991569	15
0.991645	16
0.991725	17
0.991811	18
0.991875	19
0.99192	20
0.991954	6
0.991984	7
0.991986	8
0.991995	9
0.991997	10
0.992019	9
0.992066	10
0.992075	11
0.992135	12
0.9922	13
0.99227	14
0.992345	15
0.992424	16
0.992508	17
0.99257	18
0.992625	19
0.992679	20
0.992711	6
0.992746	7
0.992748	8
0.992756	9
0.992759	10
0.99278	9
0.99283	10
0.99284	11
0.992903	12
0.992972	13
0.993045	14
0.993123	15
0.993206	16
0.993268	17
0.993322	18
0.993381	19
0.993441	20
0.993472	6
0.993512	7
0.993514	8
0.993519	9
0.993522	10
0.993544	8
0.993598	9
0.993599	10
0.993608	11
0.993675	12
0.993747	13
0.993824	14
0.993906	15
0.993966	16
0.99402	17
0.994079	18
0.99414	19
0.994205	20
0.994238	6
0.99428	7
0.994282	8
0.994287	9
0.994289	10
0.994312	8
0.99437	9
0.994371	10
0.99438	11
0.99445	12
0.994526	13
0.994607	14
0.994666	15
0.994718	16
0.994777	17
0.99484	18
0.994905	19
0.994973	20
0.995006	6
0.995051	7
0.995054	8
0.99506	9
0.995062	10
0.995085	7
0.995145	8
0.995146	9
0.995148	10
0.995155	11
0.995231	12
0.995309	13
0.995366	14
0.995418	15
0.995476	16
0.995538	17
0.995604	18
0.995674	19
0.995745	20
0.995777	6
0.995827	7
0.995829	8
0.995836	9
0.995839	10
0.99586	7
0.995924	8
0.995925	9
0.995926	10
0.995935	11
0.996013	12
0.996068	13
0.996119	14
0.996175	15
0.996237	16
0.996303	17
0.996372	18
0.996446	19
0.996519	20
0.996553	6
0.996604	7
0.996607	8
0.996615	9
0.996618	10
0.996639	7
0.996707	8
0.996708	9
0.996709	10
0.996717	11
0.996771	12
0.996821	13
0.996876	14
0.996936	15
0.997001	16
0.99707	17
0.997142	18
0.997219	19
0.997296	20
0.997332	6
0.997386	7
0.997388	8
0.997395	9
0.997398	10
0.997422	7
0.997466	8
0.997467	9
0.997469	10
0.997476	11
0.997526	12
0.99758	13
0.997639	14
0.997702	15
0.997771	16
0.997844	17
0.997921	18
0.998002	19
0.998081	20
0.998116	6
0.998149	7
0.998152	8
0.99816	9
0.998163	10
0.998182	8
0.99822	9
0.998222	10
0.99823	11
0.998283	12
0.998341	13
0.998403	14
0.99847	15
0.998542	16
0.998619	17
0.998701	18
0.998788	19
0.998844	20
0.998874	6
0.998897	7
0.998901	8
0.99891	9
0.998913	10
0.998934	9
0.998978	10
0.998987	11
0.999044	12
0.999105	13
0.999171	14
0.999242	15
0.999318	16
0.999398	17
0.999484	18
0.999547	19
0.999593	20
0.999627	6
0.999657	7
0.999659	8
0.999668	9
0.99967	10
0.999692	9
0.999738	10
0.999748	11
0.999808	12
0.999873	13
0.999943	14
1.00002	15
1.0001	16
1.00018	17
1.00024	18
1.0003	19
1.00035	20
1.00038	6
1.00042	7
1.00042	8
1.00043	9
1.00043	10
1.00045	9
1.0005	10
1.00051	11
1.00058	12
1.00064	13
1.00072	14
1.0008	15
1.00088	16
1.00094	17
1.00099	18
1.00105	19
1.00111	20
1.00114	6
1.00118	7
1.00119	8
1.00119	9
1.0012	10
1.00122	8
1.00127	9
1.00127	10
1.00128	11
1.00135	12
1.00142	13
1.0015	14
1.00158	15
1.00164	16
1.00169	17
1.00175	18
1.00181	19
1.00188	20
1.00191	6
1.00195	7
1.00195	8
1.00196	9
1.00196	10
1.00198	8
1.00204	9
1.00204	10
1.00205	11
1.00212	12
1.0022	13
1.00228	14
1.00234	15
1.00239	16
1.00245	17
1.00251	18
1.00258	19
1.00265	20
1.00268	6
1.00272	7
1.00273	8
1.00273	9
1.00274	10
1.00276	7
1.00282	8
1.00282	9
1.00282	10
1.00283	11
1.0029	12
1.00298	13
1.00304	14
1.00309	15
1.00315	16
1.00321	17
1.00328	18
1.00335	19
1.00342	20
1.00345	6
1.0035	7
1.0035	8
1.00351	9
1.00351	10
1.00353	7
1.0036	8
1.0036	9
1.0036	10
1.00361	11
1.00369	12
1.00374	13
1.00379	14
1.00385	15
1.00391	16
1.00398	17
1.00405	18
1.00412	19
1.00419	20
1.00423	6
1.00428	7
1.00428	8
1.00429	9
1.00429	10
1.00431	7
1.00438	8
1.00438	9
1.00438	10
1.00439	11
1.00444	12
1.00449	13
1.00455	14
1.00461	15
1.00467	16
1.00474	17
1.00481	18
1.00489	19
1.00497	20
1.005	6
1.00506	7
1.00506	8
1.00507	9
1.00507	10
1.00509	7
1.00514	8
1.00514	9
1.00514	10
1.00515	11
1.0052	12
1.00525	13
1.00531	14
1.00538	15
1.00544	16
1.00552	17
1.00559	18
1.00567	19
1.00575	20
1.00579	6
1.00582	7
1.00582	8
1.00583	9
1.00584	10
1.00585	8
1.00589	9
1.00589	10
1.0059	11
1.00596	12
1.00601	13
1.00608	14
1.00614	15
1.00622	16
1.00629	17
1.00637	18
1.00646	19
1.00652	20
1.00655	6
1.00657	7
1.00657	8
1.00658	9
1.00659	10
1.00661	9
1.00665	10
1.00666	11
1.00672	12
1.00678	13
1.00684	14
1.00691	15
1.00699	16
1.00707	17
1.00716	18
1.00722	19
1.00727	20
1.0073	6
1.00733	7
1.00733	8
1.00734	9
1.00734	10
1.00736	9
1.00741	10
1.00742	11
1.00748	12
1.00755	13
1.00762	14
1.00769	15
1.00777	16
1.00785	17
1.00792	18
1.00797	19
1.00802	20
1.00806	6
1.00809	7
1.00809	8
1.0081	9
1.0081	10
1.00813	9
1.00818	10
1.00819	11
1.00825	12
1.00832	13
1.00839	14
1.00847	15
1.00855	16
1.00861	17
1.00867	18
1.00873	19
1.00879	20
1.00882	6
1.00886	7
1.00886	8
1.00886	9
1.00887	10
1.00889	8
1.00894	9
1.00894	10
1.00895	11
1.00902	12
1.00909	13
1.00917	14
1.00925	15
1.00931	16
1.00937	17
1.00942	18
1.00949	19
1.00955	20
1.00958	6
1.00963	7
1.00963	8
1.00963	9
1.00963	10
1.00966	8
1.00972	9
1.00972	10
1.00973	11
1.0098	12
1.00987	13
1.00995	14
1.01001	15
1.01006	16
1.01012	17
1.01019	18
1.01025	19
1.01032	20
1.01035	6
1.0104	7
1.0104	8
1.01041	9
1.01041	10
1.01043	7
1.01049	8
1.01049	9
1.01049	10
1.0105	11
1.01058	12
1.01065	13
1.01071	14
1.01076	15
1.01082	16
1.01088	17
1.01095	18
1.01102	19
1.01109	20
1.01112	6
1.01117	7
1.01117	8
1.01118	9
1.01118	10
1.01121	7
1.01127	8
1.01127	9
1.01127	10
1.01128	11
1.01136	12
1.01141	13
1.01146	14
1.01152	15
1.01158	16
1.01165	17
1.01172	18
1.01179	19
1.01186	20
1.0119	6
1.01195	7
1.01195	8
1.01196	9
1.01196	10
1.01198	7
1.01205	8
1.01205	9
1.01205	10
1.01206	11
1.01212	12
1.01217	13
1.01222	14
1.01228	15
1.01235	16
1.01242	17
1.01249	18
1.01256	19
1.01264	20
1.01268	6
1.01273	7
1.01273	8
1.01274	9
1.01274	10
1.01277	7
1.01281	8
1.01281	9
1.01281	10
1.01282	11
1.01287	12
1.01293	13
1.01298	14
1.01305	15
1.01312	16
1.01319	17
1.01327	18
1.01335	19
1.01343	20
1.01346	6
1.01349	7
1.0135	8
1.01351	9
1.01351	10
1.01353	8
1.01357	9
1.01357	10
1.01358	11
1.01363	12
1.01369	13
1.01375	14
1.01382	15
1.01389	16
1.01396	17
1.01405	18
1.01413	19
1.01419	20
1.01422	6
1.01424	7
1.01425	8
1.01426	9
1.01426	10
1.01428	9
1.01432	10
1.01433	11
1.01439	12
1.01445	13
1.01452	14
1.01459	15
1.01466	16
1.01474	17
1.01483	18
1.01489	19
1.01494	20
1.01497	6
1.015	7
1.015	8
1.01501	9
1.01502	10
1.01504	9
1.01508	10
1.01509	11
1.01515	12
1.01522	13
1.01529	14
1.01536	15
1.01544	16
1.01553	17
1.01559	18
1.01564	19
1.0157	20
1.01573	6
1.01576	7
1.01577	8
1.01577	9
1.01578	10
1.0158	9
1.01585	10
1.01586	11
1.01592	12
1.01599	13
1.01606	14
1.01614	15
1.01622	16
1.01629	17
1.01634	18
1.0164	19
1.01646	20
1.01649	6
1.01653	7
1.01653	8
1.01654	9
1.01654	10
1.01656	8
1.01662	9
1.01662	10
1.01663	11
1.01669	12
1.01677	13
1.01684	14
1.01692	15
1.01698	16
1.01704	17
1.0171	18
1.01716	19
1.01722	20
1.01726	6
1.0173	7
1.0173	8
1.01731	9
1.01731	10
1.01733	8
1.01739	9
1.01739	10
1.0174	11
1.01747	12
1.01754	13
1.01762	14
1.01768	15
1.01774	16
1.0178	17
1.01786	18
1.01792	19
1.01799	20
1.01802	6
1.01807	7
1.01807	8
1.01808	9
1.01808	10
1.0181	7
1.01816	8
1.01816	9
1.01817	10
1.01817	11
1.01825	12
1.01833	13
1.01838	14
1.01844	15
1.01849	16
1.01856	17
1.01862	18
1.01869	19
1.01876	20
1.0188	6
1.01885	7
1.01885	8
1.01885	9
1.01886	10
1.01888	7
1.01894	8
1.01894	9
1.01894	10
1.01895	11
1.01903	12
1.01909	13
1.01914	14
1.01919	15
1.01925	16
1.01932	17
1.01939	18
1.01946	19
1.01954	20
1.01957	6
1.01962	7
1.01963	8
1.01963	9
1.01964	10
1.01966	7
1.01972	8
1.01973	9
1.01973	10
1.01974	11
1.01979	12
1.01984	13
1.01989	14
1.01995	15
1.02002	16
1.02009	17
1.02016	18
1.02024	19
1.02031	20
1.02035	6
1.0204	7
1.02041	8
1.02041	9
1.02042	10
1.02044	7
1.02048	8
1.02049	9
1.02049	10
1.02049	11
1.02054	12
1.0206	13
1.02066	14
1.02072	15
1.02079	16
1.02086	17
1.02094	18
1.02102	19
1.0211	20
1.02113	6
1.02117	7
1.02117	8
1.02118	9
1.02118	10
1.0212	8
1.02124	9
1.02124	10
1.02125	11
1.0213	12
1.02136	13
1.02142	14
1.02149	15
1.02156	16
1.02164	17
1.02172	18
1.02181	19
1.02186	20
1.02189	6
1.02192	7
1.02192	8
1.02193	9
1.02193	10
1.02195	9
1.022	10
1.02201	11
1.02206	12
1.02212	13
1.02219	14
1.02226	15
1.02234	16
1.02242	17
1.0225	18
1.02257	19
1.02261	20
1.02264	6
1.02267	7
1.02268	8
1.02269	9
1.02269	10
1.02271	9
1.02276	10
1.02277	11
1.02283	12
1.02289	13
1.02296	14
1.02304	15
1.02311	16
1.0232	17
1.02326	18
1.02332	19
1.02337	20
1.0234	6
1.02344	7
1.02344	8
1.02345	9
1.02345	10
1.02347	9
1.02352	10
1.02353	11
1.02359	12
1.02366	13
1.02374	14
1.02381	15
1.0239	16
1.02396	17
1.02401	18
1.02407	19
1.02413	20
1.02416	6
1.0242	7
1.02421	8
1.02421	9
1.02421	10
1.02424	8
1.02429	9
1.02429	10
1.0243	11
1.02437	12
1.02444	13
1.02452	14
1.0246	15
1.02466	16
1.02471	17
1.02477	18
1.02483	19
1.0249	20
1.02493	6
1.02497	7
1.02497	8
1.02498	9
1.02498	10
1.025	8
1.02506	9
1.02506	10
1.02507	11
1.02514	12
1.02522	13
1.0253	14
1.02536	15
1.02541	16
1.02547	17
1.02553	18
1.0256	19
1.02566	20
1.0257	6
1.02574	7
1.02574	8
1.02575	9
1.02575	10
1.02578	7
1.02584	8
1.02584	9
1.02584	10
1.02585	11
1.02592	12
1.026	13
1.02606	14
1.02611	15
1.02617	16
1.02623	17
1.0263	18
1.02637	19
1.02644	20
1.02647	6
1.02652	7
1.02652	8
1.02653	9
1.02653	10
1.02655	7
1.02662	8
1.02662	9
1.02662	10
1.02663	11
1.0267	12
1.02676	13
1.02681	14
1.02687	15
1.02693	16
1.02699	17
1.02706	18
1.02714	19
1.02721	20
1.02724	6
1.0273	7
1.0273	8
1.02731	9
1.02731	10
1.02733	7
1.0274	8
1.0274	9
1.0274	10
1.02741	11
1.02746	12
1.02751	13
1.02757	14
1.02763	15
1.02769	16
1.02776	17
1.02783	18
1.02791	19
1.02799	20
1.02802	6
1.02808	7
1.02808	8
1.02809	9
1.02809	10
1.02811	7
1.02816	8
1.02816	9
1.02816	10
1.02817	11
1.02822	12
1.02827	13
1.02833	14
1.02839	15
1.02846	16
1.02854	17
1.02861	18
1.02869	19
1.02877	20
1.02881	6
1.02884	7
1.02884	8
1.02885	9
1.02885	10
1.02887	8
1.02891	9
1.02891	10
1.02892	11
1.02897	12
1.02903	13
1.02909	14
1.02916	15
1.02923	16
1.02931	17
1.02939	18
1.02948	19
1.02954	20
1.02957	6
1.02959	7
1.02959	8
1.0296	9
1.0296	10
1.02963	9
1.02967	10
1.02968	11
1.02973	12
1.0298	13
1.02986	14
1.02993	15
1.03001	16
1.03009	17
1.03017	18
1.03024	19
1.03028	20
1.03032	6
1.03035	7
1.03035	8
1.03036	9
1.03036	10
1.03038	9
1.03043	10
1.03044	11
1.0305	12
1.03056	13
1.03063	14
1.03071	15
1.03079	16
1.03087	17
1.03093	18
1.03099	19
1.03104	20
1.03107	6
1.03111	7
1.03111	8
1.03112	9
1.03112	10
1.03114	9
1.03119	10
1.0312	11
1.03127	12
1.03134	13
1.03141	14
1.03149	15
1.03157	16
1.03163	17
1.03169	18
1.03174	19
1.0318	20
1.03184	6
1.03188	7
1.03188	8
1.03188	9
1.03189	10
1.03191	8
1.03196	9
1.03196	10
1.03197	11
1.03204	12
1.03211	13
1.03219	14
1.03227	15
1.03233	16
1.03238	17
1.03244	18
1.0325	19
1.03257	20
1.0326	6
1.03264	7
1.03265	8
1.03265	9
1.03265	10
1.03268	8
1.03273	9
1.03273	10
1.03274	11
1.03281	12
1.03289	13
1.03297	14
1.03303	15
1.03308	16
1.03314	17
1.0332	18
1.03327	19
1.03334	20
1.03337	6
1.03342	7
1.03342	8
1.03342	9
1.03343	10
1.03345	7
1.03351	8
1.03351	9
1.03351	10
1.03352	11
1.03359	12
1.03367	13
1.03373	14
1.03378	15
1.03384	16
1.0339	17
1.03397	18
1.03404	19
1.03411	20
1.03414	6
1.03419	7
1.03419	8
1.0342	9
1.0342	10
1.03422	7
1.03429	8
1.03429	9
1.03429	10
1.0343	11
1.03438	12
1.03443	13
1.03448	14
1.03454	15
1.0346	16
1.03467	17
1.03474	18
1.03481	19
1.03488	20
1.03492	6
1.03497	7
1.03497	8
1.03498	9
1.03498	10
1.035	7
1.03507	8
1.03507	9
1.03507	10
1.03508	11
1.03514	12
1.03518	13
1.03524	14
1.0353	15
1.03536	16
1.03543	17
1.03551	18
1.03558	19
1.03566	20
1.0357	6
1.03575	7
1.03575	8
1.03576	9
1.03576	10
1.03579	7
1.03583	8
1.03583	9
1.03583	10
1.03584	11
1.03589	12
1.03594	13
1.036	14
1.03607	15
1.03613	16
1.03621	17
1.03628	18
1.03637	19
1.03644	20
1.03648	6
1.03651	7
1.03652	8
1.03652	9
1.03653	10
1.03655	8
1.03658	9
1.03659	10
1.03659	11
1.03665	12
1.0367	13
1.03677	14
1.03683	15
1.03691	16
1.03698	17
1.03706	18
1.03715	19
1.03721	20
1.03724	6
1.03726	7
1.03726	8
1.03727	9
1.03728	10
1.0373	9
1.03734	10
1.03735	11
1.03741	12
1.03747	13
1.03753	14
1.03761	15
1.03768	16
1.03776	17
1.03785	18
1.03791	19
1.03796	20
1.03799	6
1.03802	7
1.03802	8
1.03803	9
1.03803	10
1.03806	9
1.0381	10
1.03811	11
1.03817	12
1.03824	13
1.03831	14
1.03838	15
1.03846	16
1.03854	17
1.03861	18
1.03866	19
1.03872	20
1.03875	6
1.03878	7
1.03879	8
1.03879	9
1.0388	10
1.03882	9
1.03887	10
1.03888	11
1.03894	12
1.03901	13
1.03908	14
1.03916	15
1.03924	16
1.0393	17
1.03936	18
1.03942	19
1.03948	20
1.03951	6
1.03955	7
1.03955	8
1.03956	9
1.03956	10
1.03958	8
1.03963	9
1.03964	10
1.03964	11
1.03971	12
1.03978	13
1.03986	14
1.03994	15
1.04	16
1.04006	17
1.04012	18
1.04018	19
1.04024	20
1.04027	6
1.04032	7
1.04032	8
1.04032	9
1.04033	10
1.04035	8
1.04041	9
1.04041	10
1.04042	11
1.04049	12
1.04056	13
1.04064	14
1.0407	15
1.04076	16
1.04081	17
1.04088	18
1.04094	19
1.04101	20
1.04104	6
1.04109	7
1.04109	8
1.0411	9
1.0411	10
1.04112	7
1.04118	8
1.04118	9
1.04118	10
1.04119	11
1.04127	12
1.04135	13
1.0414	14
1.04145	15
1.04151	16
1.04157	17
1.04164	18
1.04171	19
1.04178	20
1.04181	6
1.04186	7
1.04187	8
1.04187	9
1.04188	10
1.0419	7
1.04196	8
1.04196	9
1.04196	10
1.04197	11
1.04205	12
1.0421	13
1.04216	14
1.04221	15
1.04227	16
1.04234	17
1.04241	18
1.04248	19
1.04256	20
1.04259	6
1.04264	7
1.04264	8
1.04265	9
1.04265	10
1.04268	7
1.04274	8
1.04274	9
1.04275	10
1.04275	11
1.04281	12
1.04286	13
1.04291	14
1.04297	15
1.04304	16
1.04311	17
1.04318	18
1.04326	19
1.04333	20
1.04337	6
1.04342	7
1.04342	8
1.04343	9
1.04343	10
1.04346	7
1.0435	8
1.0435	9
1.04351	10
1.04351	11
1.04356	12
1.04362	13
1.04368	14
1.04374	15
1.04381	16
1.04388	17
1.04396	18
1.04404	19
1.04412	20
1.04415	6
1.04419	7
1.04419	8
1.0442	9
1.0442	10
1.04422	8
1.04426	9
1.04426	10
1.04427	11
1.04432	12
1.04438	13
1.04444	14
1.04451	15
1.04458	16
1.04466	17
1.04474	18
1.04482	19
1.04488	20
1.04491	6
1.04493	7
1.04494	8
1.04495	9
1.04495	10
1.04497	9
1.04501	10
1.04502	11
1.04508	12
1.04514	13
1.04521	14
1.04528	15
1.04535	16
1.04543	17
1.04552	18
1.04558	19
1.04563	20
1.04566	6
1.04569	7
1.0457	8
1.0457	9
1.04571	10
1.04573	9
1.04578	10
1.04578	11
1.04584	12
1.04591	13
1.04598	14
1.04605	15
1.04613	16
1.04622	17
1.04628	18
1.04633	19
1.04639	20
1.04642	6
1.04646	7
1.04646	8
1.04646	9
1.04647	10
1.04649	9
1.04654	10
1.04655	11
1.04661	12
1.04668	13
1.04675	14
1.04683	15
1.04692	16
1.04698	17
1.04703	18
1.04709	19
1.04715	20
1.04718	6
1.04722	7
1.04722	8
1.04723	9
1.04723	10
1.04725	8
1.04731	9
1.04731	10
1.04732	11
1.04738	12
1.04746	13
1.04753	14
1.04762	15
1.04768	16
1.04773	17
1.04779	18
1.04785	19
1.04791	20
1.04795	6
1.04799	7
1.04799	8
1.048	9
1.048	10
1.04802	8
1.04808	9
1.04808	10
1.04809	11
1.04816	12
1.04824	13
1.04832	14
1.04837	15
1.04843	16
1.04849	17
1.04855	18
1.04861	19
1.04868	20
1.04872	6
1.04876	7
1.04876	8
1.04877	9
1.04877	10
1.04879	7
1.04885	8
1.04886	9
1.04886	10
1.04886	11
1.04894	12
1.04902	13
1.04908	14
1.04913	15
1.04919	16
1.04925	17
1.04931	18
1.04938	19
1.04945	20
1.04949	6
1.04954	7
1.04954	8
1.04955	9
1.04955	10
1.04957	7
1.04963	8
1.04963	9
1.04964	10
1.04964	11
1.04972	12
1.04978	13
1.04983	14
1.04988	15
1.04995	16
1.05001	17
1.05008	18
1.05016	19
1.05023	20
1.05026	6
1.05031	7
1.05032	8
1.05032	9
1.05033	10
1.05035	7
1.05042	8
1.05042	9
1.05042	10
1.05043	11
1.05048	12
1.05053	13
1.05059	14
1.05065	15
1.05071	16
1.05078	17
1.05085	18
1.05093	19
1.051	20
1.05104	6
1.0511	7
1.0511	8
1.0511	9
1.05111	10
1.05113	7
1.05118	8
1.05118	9
1.05118	10
1.05119	11
1.05123	12
1.05129	13
1.05135	14
1.05141	15
1.05148	16
1.05155	17
1.05163	18
1.05171	19
1.05179	20
1.05183	6
1.05186	7
1.05186	8
1.05187	9
1.05187	10
1.05189	8
1.05193	9
1.05193	10
1.05194	11
1.05199	12
1.05205	13
1.05211	14
1.05218	15
1.05225	16
1.05233	17
1.05241	18
1.0525	19
1.05255	20
1.05258	6
1.05261	7
1.05261	8
1.05262	9
1.05262	10
1.05264	9
1.05269	10
1.0527	11
1.05275	12
1.05281	13
1.05288	14
1.05295	15
1.05303	16
1.05311	17
1.05319	18
1.05326	19
1.0533	20
1.05334	6
1.05337	7
1.05337	8
1.05338	9
1.05338	10
1.0534	9
1.05345	10
1.05346	11
1.05352	12
1.05358	13
1.05365	14
1.05373	15
1.05381	16
1.05389	17
1.05395	18
1.05401	19
1.05406	20
1.05409	6
1.05413	7
1.05413	8
1.05414	9
1.05414	10
1.05416	9
1.05421	10
1.05422	11
1.05429	12
1.05435	13
1.05443	14
1.05451	15
1.05459	16
1.05465	17
1.0547	18
1.05476	19
1.05482	20
1.05485	6
1.05489	7
1.0549	8
1.0549	9
1.0549	10
1.05493	8
1.05498	9
1.05498	10
1.05499	11
1.05506	12
1.05513	13
1.05521	14
1.05529	15
1.05535	16
1.0554	17
1.05546	18
1.05552	19
1.05559	20
1.05562	6
1.05566	7
1.05566	8
1.05567	9
1.05567	10
1.05569	8
1.05575	9
1.05575	10
1.05576	11
1.05583	12
1.05591	13
1.05599	14
1.05605	15
1.0561	16
1.05616	17
1.05622	18
1.05629	19
1.05636	20
1.05639	6
1.05643	7
1.05644	8
1.05644	9
1.05644	10
1.05647	7
1.05653	8
1.05653	9
1.05653	10
1.05654	11
1.05661	12
1.05669	13
1.05675	14
1.0568	15
1.05686	16
1.05692	17
1.05699	18
1.05706	19
1.05713	20
1.05716	6
1.05721	7
1.05721	8
1.05722	9
1.05722	10
1.05724	7
1.05731	8
1.05731	9
1.05731	10
1.05732	11
1.0574	12
1.05745	13
1.0575	14
1.05756	15
1.05762	16
1.05768	17
1.05775	18
1.05783	19
1.0579	20
1.05793	6
1.05799	7
1.05799	8
1.058	9
1.058	10
1.05802	7
1.05809	8
1.05809	9
1.05809	10
1.0581	11
1.05815	12
1.0582	13
1.05826	14
1.05832	15
1.05838	16
1.05845	17
1.05852	18
1.0586	19
1.05868	20
1.05871	6
1.05877	7
1.05877	8
1.05878	9
1.05878	10
1.0588	7
1.05885	8
1.05885	9
1.05885	10
1.05886	11
1.05891	12
1.05896	13
1.05902	14
1.05908	15
1.05915	16
1.05923	17
1.0593	18
1.05938	19
1.05946	20
1.0595	6
1.05953	7
1.05953	8
1.05954	9
1.05954	10
1.05956	8
1.0596	9
1.0596	10
1.05961	11
1.05966	12
1.05972	13
1.05979	14
1.05985	15
1.05992	16
1.06	17
1.06008	18
1.06017	19
1.06023	20
1.06026	6
1.06028	7
1.06028	8
1.06029	9
1.06029	10
1.06032	9
1.06036	10
1.06037	11
1.06043	12
1.06049	13
1.06055	14
1.06062	15
1.0607	16
1.06078	17
1.06087	18
1.06093	19
1.06098	20
1.06101	6
1.06104	7
1.06104	8
1.06105	9
1.06105	10
1.06107	9
1.06112	10
1.06113	11
1.06119	12
1.06126	13
1.06132	14
1.0614	15
1.06148	16
1.06156	17
1.06163	18
1.06168	19
1.06173	20
1.06177	6
1.0618	7
1.0618	8
1.06181	9
1.06181	10
1.06183	9
1.06189	10
1.06189	11
1.06196	12
1.06203	13
1.0621	14
1.06218	15
1.06226	16
1.06232	17
1.06238	18
1.06244	19
1.0625	20
1.06253	6
1.06257	7
1.06257	8
1.06257	9
1.06258	10
1.0626	8
1.06265	9
1.06265	10
1.06266	11
1.06273	12
1.0628	13
1.06288	14
1.06296	15
1.06302	16
1.06308	17
1.06313	18
1.0632	19
1.06326	20
1.06329	6
1.06333	7
1.06334	8
1.06334	9
1.06334	10
1.06337	8
1.06342	9
1.06343	10
1.06343	11
1.06351	12
1.06358	13
1.06366	14
1.06372	15
1.06377	16
1.06383	17
1.06389	18
1.06396	19
1.06403	20
1.06406	6
1.06411	7
1.06411	8
1.06411	9
1.06412	10
1.06414	7
1.0642	8
1.0642	9
1.0642	10
1.06421	11
1.06429	12
1.06436	13
1.06442	14
1.06447	15
1.06453	16
1.06459	17
1.06466	18
1.06473	19
1.0648	20
1.06483	6
1.06488	7
1.06488	8
1.06489	9
1.06489	10
1.06492	7
1.06498	8
1.06498	9
1.06498	10
1.06499	11
1.06507	12
1.06512	13
1.06517	14
1.06523	15
1.06529	16
1.06536	17
1.06543	18
1.0655	19
1.06557	20
1.06561	6
1.06566	7
1.06566	8
1.06567	9
1.06567	10
1.06569	7
1.06576	8
1.06576	9
1.06576	10
1.06577	11
1.06583	12
1.06588	13
1.06593	14
1.06599	15
1.06606	16
1.06612	17
1.0662	18
1.06627	19
1.06635	20
1.06639	6
1.06644	7
1.06644	8
1.06645	9
1.06645	10
1.06648	7
1.06652	8
1.06652	9
1.06652	10
1.06653	11
1.06658	12
1.06663	13
1.06669	14
1.06676	15
1.06683	16
1.0669	17
1.06698	18
1.06706	19
1.06714	20
1.06717	6
1.0672	7
1.06721	8
1.06722	9
1.06722	10
1.06724	8
1.06728	9
1.06728	10
1.06728	11
1.06734	12
1.0674	13
1.06746	14
1.06753	15
1.0676	16
1.06767	17
1.06776	18
1.06784	19
1.0679	20
1.06793	6
1.06795	7
1.06796	8
1.06797	9
1.06797	10
1.06799	9
1.06803	10
1.06804	11
1.0681	12
1.06816	13
1.06823	14
1.0683	15
1.06837	16
1.06845	17
1.06854	18
1.0686	19
1.06865	20
1.06868	6
1.06871	7
1.06871	8
1.06872	9
1.06872	10
1.06875	9
1.06879	10
1.0688	11
1.06886	12
1.06893	13
1.069	14
1.06907	15
1.06915	16
1.06924	17
1.0693	18
1.06935	19
1.06941	20
1.06944	6
1.06947	7
1.06948	8
1.06948	9
1.06949	10
1.06951	9
1.06956	10
1.06957	11
1.06963	12
1.0697	13
1.06977	14
1.06985	15
1.06993	16
1.07	17
1.07005	18
1.07011	19
1.07017	20
1.0702	6
1.07024	7
1.07024	8
1.07025	9
1.07025	10
1.07027	8
1.07033	9
1.07033	10
1.07034	11
1.0704	12
1.07047	13
1.07055	14
1.07063	15
1.07069	16
1.07075	17
1.07081	18
1.07087	19
1.07093	20
1.07097	6
1.07101	7
1.07101	8
1.07101	9
1.07102	10
1.07104	8
1.0711	9
1.0711	10
1.07111	11
1.07118	12
1.07125	13
1.07133	14
1.07139	15
1.07145	16
1.07151	17
1.07157	18
1.07163	19
1.0717	20
1.07173	6
1.07178	7
1.07178	8
1.07179	9
1.07179	10
1.07181	7
1.07187	8
1.07187	9
1.07188	10
1.07188	11
1.07196	12
1.07204	13
1.07209	14
1.07215	15
1.0722	16
1.07227	17
1.07233	18
1.0724	19
1.07247	20
1.07251	6
1.07255	7
1.07256	8
1.07256	9
1.07257	10
1.07259	7
1.07265	8
1.07265	9
1.07265	10
1.07266	11
1.07274	12
1.0728	13
1.07285	14
1.0729	15
1.07296	16
1.07303	17
1.0731	18
1.07317	19
1.07325	20
1.07328	6
1.07333	7
1.07333	8
1.07334	9
1.07335	10
1.07337	7
1.07343	8
1.07344	9
1.07344	10
1.07345	11
1.0735	12
1.07355	13
1.0736	14
1.07366	15
1.07373	16
1.0738	17
1.07387	18
1.07395	19
1.07402	20
1.07406	6
1.07411	7
1.07412	8
1.07412	9
1.07413	10
1.07415	7
1.07419	8
1.0742	9
1.0742	10
1.0742	11
1.07425	12
1.07431	13
1.07437	14
1.07443	15
1.0745	16
1.07457	17
1.07465	18
1.07473	19
1.07481	20
1.07484	6
1.07488	7
1.07488	8
1.07489	9
1.07489	10
1.07491	8
1.07495	9
1.07495	10
1.07496	11
1.07501	12
1.07507	13
1.07513	14
1.0752	15
1.07527	16
1.07535	17
1.07543	18
1.07552	19
1.07557	20
1.0756	6
1.07562	7
1.07563	8
1.07564	9
1.07564	10
1.07566	9
1.07571	10
1.07571	11
1.07577	12
1.07583	13
1.0759	14
1.07597	15
1.07605	16
1.07613	17
1.07621	18
1.07627	19
1.07632	20
1.07635	6
1.07638	7
1.07639	8
1.0764	9
1.0764	10
1.07642	9
1.07647	10
1.07648	11
1.07654	12
1.0766	13
1.07667	14
1.07674	15
1.07682	16
1.07691	17
1.07697	18
1.07703	19
1.07708	20
1.07711	6
1.07715	7
1.07715	8
1.07716	9
1.07716	10
1.07718	9
1.07723	10
1.07724	11
1.0773	12
1.07737	13
1.07745	14
1.07752	15
1.07761	16
1.07767	17
1.07772	18
1.07778	19
1.07784	20
1.07787	6
1.07791	7
1.07791	8
1.07792	9
1.07792	10
1.07794	8
1.078	9
1.078	10
1.07801	11
1.07808	12
1.07815	13
1.07822	14
1.07831	15
1.07837	16
1.07842	17
1.07848	18
1.07854	19
1.07861	20
1.07864	6
1.07868	7
1.07868	8
1.07869	9
1.07869	10
1.07871	8
1.07877	9
1.07877	10
1.07878	11
1.07885	12
1.07893	13
1.07901	14
1.07907	15
1.07912	16
1.07918	17
1.07924	18
1.07931	19
1.07937	20
1.07941	6
1.07945	7
1.07945	8
1.07946	9
1.07946	10
1.07949	7
1.07955	8
1.07955	9
1.07955	10
1.07956	11
1.07963	12
1.07971	13
1.07977	14
1.07982	15
1.07988	16
1.07994	17
1.08	18
1.08007	19
1.08015	20
1.08018	6
1.08023	7
1.08023	8
1.08024	9
1.08024	10
1.08026	7
1.08032	8
1.08033	9
1.08033	10
1.08034	11
1.08041	12
1.08047	13
1.08052	14
1.08058	15
1.08064	16
1.0807	17
1.08077	18
1.08085	19
1.08092	20
1.08095	6
1.081	7
1.08101	8
1.08102	9
1.08102	10
1.08104	7
1.08111	8
1.08111	9
1.08111	10
1.08112	11
1.08117	12
1.08122	13
1.08128	14
1.08134	15
1.0814	16
1.08147	17
1.08154	18
1.08162	19
1.0817	20
1.08173	6
1.08179	7
1.08179	8
1.0818	9
1.0818	10
1.08182	7
1.08187	8
1.08187	9
1.08187	10
1.08188	11
1.08193	12
1.08198	13
1.08204	14
1.0821	15
1.08217	16
1.08224	17
1.08232	18
1.0824	19
1.08248	20
1.08252	6
1.08255	7
1.08255	8
1.08256	9
1.08256	10
1.08258	8
1.08262	9
1.08262	10
1.08263	11
1.08268	12
1.08274	13
1.0828	14
1.08287	15
1.08294	16
1.08302	17
1.0831	18
1.08319	19
1.08324	20
1.08327	6
1.0833	7
1.0833	8
1.08331	9
1.08331	10
1.08333	9
1.08338	10
1.08339	11
1.08344	12
1.08351	13
1.08357	14
1.08364	15
1.08372	16
1.0838	17
1.08388	18
1.08395	19
1.08399	20
1.08403	6
1.08406	7
1.08406	8
1.08407	9
1.08407	10
1.08409	9
1.08414	10
1.08415	11
1.08421	12
1.08427	13
1.08434	14
1.08442	15
1.0845	16
1.08458	17
1.08464	18
1.0847	19
1.08475	20
1.08478	6
1.08482	7
1.08482	8
1.08483	9
1.08483	10
1.08485	9
1.0849	10
1.08491	11
1.08498	12
1.08505	13
1.08512	14
1.0852	15
1.08528	16
1.08534	17
1.08539	18
1.08545	19
1.08551	20
1.08555	6
1.08558	7
1.08559	8
1.08559	9
1.0856	10
1.08562	8
1.08567	9
1.08567	10
1.08568	11
1.08575	12
1.08582	13
1.0859	14
1.08598	15
1.08604	16
1.08609	17
1.08615	18
1.08621	19
1.08628	20
1.08631	6
1.08635	7
1.08636	8
1.08636	9
1.08636	10
1.08639	8
1.08644	9
1.08644	10
1.08645	11
1.08652	12
1.0866	13
1.08668	14
1.08674	15
1.08679	16
1.08685	17
1.08691	18
1.08698	19
1.08705	20
1.08708	6
1.08712	7
1.08713	8
1.08713	9
1.08714	10
1.08716	7
1.08722	8
1.08722	9
1.08722	10
1.08723	11
1.0873	12
1.08738	13
1.08744	14
1.08749	15
1.08755	16
1.08761	17
1.08768	18
1.08775	19
1.08782	20
1.08785	6
1.0879	7
1.0879	8
1.08791	9
1.08791	10
1.08793	7
1.088	8
1.088	9
1.088	10
1.08801	11
1.08809	12
1.08814	13
1.08819	14
1.08825	15
1.08831	16
1.08838	17
1.08845	18
1.08852	19
1.08859	20
1.08863	6
1.08868	7
1.08868	8
1.08869	9
1.08869	10
1.08871	7
1.08878	8
1.08878	9
1.08878	10
1.08879	11
1.08884	12
1.08889	13
1.08895	14
1.08901	15
1.08907	16
1.08914	17
1.08921	18
1.08929	19
1.08937	20
1.0894	6
1.08946	7
1.08946	8
1.08947	9
1.08947	10
1.08949	7
1.08954	8
1.08954	9
1.08954	10
1.08955	11
1.0896	12
1.08965	13
1.08971	14
1.08978	15
1.08984	16
1.08992	17
1.08999	18
1.09007	19
1.09015	20
1.09019	6
1.09022	7
1.09023	8
1.09023	9
1.09024	10
1.09026	8
1.09029	9
1.09029	10
1.0903	11
1.09036	12
1.09041	13
1.09048	14
1.09054	15
1.09062	16
1.09069	17
1.09077	18
1.09086	19
1.09092	20
1.09095	6
1.09097	7
1.09097	8
1.09098	9
1.09099	10
1.09101	9
1.09105	10
1.09106	11
1.09112	12
1.09118	13
1.09124	14
1.09132	15
1.09139	16
1.09147	17
1.09156	18
1.09162	19
1.09167	20
1.0917	6
1.09173	7
1.09173	8
1.09174	9
1.09174	10
1.09176	9
1.09181	10
1.09182	11
1.09188	12
1.09195	13
1.09202	14
1.09209	15
1.09217	16
1.09225	17
1.09232	18
1.09237	19
1.09242	20
1.09246	6
1.09249	7
1.09249	8
1.0925	9
1.09251	10
1.09253	9
1.09258	10
1.09259	11
1.09265	12
1.09272	13
1.09279	14
1.09287	15
1.09295	16
1.09301	17
1.09307	18
1.09313	19
1.09319	20
1.09322	6
1.09326	7
1.09326	8
1.09326	9
1.09327	10
1.09329	8
1.09334	9
1.09335	10
1.09335	11
1.09342	12
1.09349	13
1.09357	14
1.09365	15
1.09371	16
1.09377	17
1.09382	18
1.09389	19
1.09395	20
1.09398	6
1.09403	7
1.09403	8
1.09403	9
1.09404	10
1.09406	8
1.09412	9
1.09412	10
1.09413	11
1.0942	12
1.09427	13
1.09435	14
1.09441	15
1.09446	16
1.09452	17
1.09459	18
1.09465	19
1.09472	20
1.09475	6
1.0948	7
1.0948	8
1.09481	9
1.09481	10
1.09483	7
1.09489	8
1.09489	9
1.09489	10
1.0949	11
1.09498	12
1.09505	13
1.09511	14
1.09516	15
1.09522	16
1.09528	17
1.09535	18
1.09542	19
1.09549	20
1.09552	6
1.09557	7
1.09558	8
1.09558	9
1.09558	10
1.09561	7
1.09567	8
1.09567	9
1.09567	10
1.09568	11
1.09576	12
1.09581	13
1.09586	14
1.09592	15
1.09598	16
1.09605	17
1.09612	18
1.09619	19
1.09627	20
1.0963	6
1.09635	7
1.09635	8
1.09636	9
1.09636	10
1.09639	7
1.09645	8
1.09645	9
1.09645	10
1.09646	11
1.09652	12
1.09657	13
1.09662	14
1.09668	15
1.09675	16
1.09682	17
1.09689	18
1.09696	19
1.09704	20
1.09708	6
1.09713	7
1.09713	8
1.09714	9
1.09714	10
1.09717	7
1.09721	8
1.09721	9
1.09721	10
1.09722	11
1.09727	12
1.09733	13
1.09738	14
1.09745	15
1.09752	16
1.09759	17
1.09767	18
1.09775	19
1.09783	20
1.09786	6
1.0979	7
1.0979	8
1.09791	9
1.09791	10
1.09793	8
1.09797	9
1.09797	10
1.09798	11
1.09803	12
1.09809	13
1.09815	14
1.09822	15
1.09829	16
1.09837	17
1.09845	18
1.09853	19
1.09859	20
1.09862	6
1.09864	7
1.09865	8
1.09866	9
1.09866	10
1.09868	9
1.09872	10
1.09873	11
1.09879	12
1.09885	13
1.09892	14
1.09899	15
1.09906	16
1.09914	17
1.09923	18
1.09929	19
1.09934	20
1.09937	6
1.0994	7
1.09941	8
1.09941	9
1.09942	10
1.09944	9
1.09948	10
1.09949	11
1.09955	12
1.09962	13
1.09969	14
1.09976	15
1.09984	16
1.09993	17
1.09999	18
1.10004	19
1.1001	20
1.10013	6
1.10016	7
1.10017	8
1.10017	9
1.10018	10
1.1002	9
1.10025	10
1.10026	11
1.10032	12
1.10039	13
1.10046	14
1.10054	15
1.10063	16
1.10069	17
1.10074	18
1.1008	19
1.10086	20
1.10089	6
1.10093	7
1.10093	8
1.10094	9
1.10094	10
1.10096	8
1.10102	9
1.10102	10
1.10103	11
1.10109	12
1.10117	13
1.10124	14
1.10132	15
1.10138	16
1.10144	17
1.1015	18
1.10156	19
1.10162	20
1.10166	6
1.1017	7
1.1017	8
1.10171	9
1.10171	10
1.10173	8
1.10179	9
1.10179	10
1.1018	11
1.10187	12
1.10194	13
1.10203	14
1.10208	15
1.10214	16
1.1022	17
1.10226	18
1.10232	19
1.10239	20
1.10242	6
1.10247	7
1.10247	8
1.10248	9
1.10248	10
1.1025	7
1.10256	8
1.10257	9
1.10257	10
1.10257	11
1.10265	12
1.10273	13
1.10279	14
1.10284	15
1.10289	16
1.10296	17
1.10302	18
1.10309	19
1.10316	20
1.1032	6
1.10325	7
1.10325	8
1.10326	9
1.10326	10
1.10328	7
1.10334	8
1.10334	9
1.10335	10
1.10335	11
1.10343	12
1.10349	13
1.10354	14
1.10359	15
1.10366	16
1.10372	17
1.10379	18
1.10386	19
1.10394	20
1.10397	6
1.10402	7
1.10403	8
1.10403	9
1.10404	10
1.10406	7
1.10413	8
1.10413	9
1.10413	10
1.10414	11
1.10419	12
1.10424	13
1.10429	14
1.10435	15
1.10442	16
1.10449	17
1.10456	18
1.10464	19
1.10471	20
1.10475	6
1.1048	7
1.10481	8
1.10481	9
1.10482	10
1.10484	7
1.10488	8
1.10489	9
1.10489	10
1.10489	11
1.10494	12
1.105	13
1.10506	14
1.10512	15
1.10519	16
1.10526	17
1.10534	18
1.10542	19
1.1055	20
1.10553	6
1.10557	7
1.10557	8
1.10558	9
1.10558	10
1.1056	8
1.10564	9
1.10564	10
1.10565	11
1.1057	12
1.10576	13
1.10582	14
1.10589	15
1.10596	16
1.10604	17
1.10612	18
1.10621	19
1.10626	20
1.10629	6
1.10632	7
1.10632	8
1.10633	9
1.10633	10
1.10635	9
1.1064	10
1.10641	11
1.10646	12
1.10652	13
1.10659	14
1.10666	15
1.10674	16
1.10682	17
1.1069	18
1.10697	19
1.10701	20
1.10705	6
1.10708	7
1.10708	8
1.10709	9
1.10709	10
1.10711	9
1.10716	10
1.10717	11
1.10723	12
1.10729	13
1.10736	14
1.10744	15
1.10752	16
1.1076	17
1.10766	18
1.10772	19
1.10777	20
1.1078	6
1.10784	7
1.10784	8
1.10785	9
1.10785	10
1.10787	9
1.10792	10
1.10793	11
1.10799	12
1.10806	13
1.10814	14
1.10821	15
1.1083	16
1.10836	17
1.10841	18
1.10847	19
1.10853	20
1.10856	6
1.1086	7
1.10861	8
1.10861	9
1.10861	10
1.10864	8
1.10869	9
1.10869	10
1.1087	11
1.10877	12
1.10884	13
1.10892	14
1.109	15
1.10906	16
1.10911	17
1.10917	18
1.10923	19
1.1093	20
1.10933	6
1.10937	7
1.10937	8
1.10938	9
1.10938	10
1.1094	8
1.10946	9
1.10946	10
1.10947	11
1.10954	12
1.10962	13
1.1097	14
1.10976	15
1.10981	16
1.10987	17
1.10993	18
1.11	19
1.11006	20
1.1101	6
1.11014	7
1.11015	8
1.11015	9
1.11015	10
1.11018	7
1.11024	8
1.11024	9
1.11024	10
1.11025	11
1.11032	12
1.1104	13
1.11046	14
1.11051	15
1.11057	16
1.11063	17
1.1107	18
1.11077	19
1.11084	20
1.11087	6
1.11092	7
1.11092	8
1.11093	9
1.11093	10
1.11095	7
1.11102	8
1.11102	9
1.11102	10
1.11103	11
1.1111	12
1.11116	13
1.11121	14
1.11127	15
1.11133	16
1.11139	17
1.11146	18
1.11154	19
1.11161	20
1.11164	6
1.1117	7
1.1117	8
1.11171	9
1.11171	10
1.11173	7
1.1118	8
1.1118	9
1.1118	10
1.11181	11
1.11186	12
1.11191	13
1.11197	14
1.11203	15
1.11209	16
1.11216	17
1.11223	18
1.11231	19
1.11239	20
1.11242	6
1.11248	7
1.11248	8
1.11249	9
1.11249	10
1.11251	7
1.11256	8
1.11256	9
1.11256	10
1.11257	11
1.11262	12
1.11267	13
1.11273	14
1.11279	15
1.11286	16
1.11294	17
1.11301	18
1.11309	19
1.11317	20
1.11321	6
1.11324	7
1.11324	8
1.11325	9
1.11325	10
1.11327	8
1.11331	9
1.11331	10
1.11332	11
1.11337	12
1.11343	13
1.11349	14
1.11356	15
1.11363	16
1.11371	17
1.11379	18
1.11388	19
1.11394	20
1.11397	6
1.11399	7
1.11399	8
1.114	9
1.114	10
1.11403	9
1.11407	10
1.11408	11
1.11414	12
1.1142	13
1.11426	14
1.11433	15
1.11441	16
1.11449	17
1.11458	18
1.11464	19
1.11468	20
1.11472	6
1.11475	7
1.11475	8
1.11476	9
1.11476	10
1.11478	9
1.11483	10
1.11484	11
1.1149	12
1.11496	13
1.11503	14
1.11511	15
1.11519	16
1.11527	17
1.11533	18
1.11539	19
1.11544	20
1.11548	6
1.11551	7
1.11551	8
1.11552	9
1.11552	10
1.11554	9
1.11559	10
1.1156	11
1.11567	12
1.11574	13
1.11581	14
1.11589	15
1.11597	16
1.11603	17
1.11609	18
1.11614	19
1.11621	20
1.11624	6
1.11628	7
1.11628	8
1.11628	9
1.11629	10
1.11631	8
1.11636	9
1.11636	10
1.11637	11
1.11644	12
1.11651	13
1.11659	14
1.11667	15
1.11673	16
1.11678	17
1.11684	18
1.1169	19
1.11697	20
1.117	6
1.11704	7
1.11705	8
1.11705	9
1.11705	10
1.11708	8
1.11713	9
1.11714	10
1.11714	11
1.11721	12
1.11729	13
1.11737	14
1.11743	15
1.11748	16
1.11754	17
1.1176	18
1.11767	19
1.11774	20
1.11777	6
1.11782	7
1.11782	8
1.11782	9
1.11783	10
1.11785	7
1.11791	8
1.11791	9
1.11791	10
1.11792	11
1.11799	12
1.11807	13
1.11813	14
1.11818	15
1.11824	16
1.1183	17
1.11837	18
1.11844	19
1.11851	20
1.11854	6
1.11859	7
1.11859	8
1.1186	9
1.1186	10
1.11862	7
1.11869	8
1.11869	9
1.11869	10
1.1187	11
1.11878	12
1.11883	13
1.11888	14
1.11894	15
1.119	16
1.11907	17
1.11914	18
1.11921	19
1.11928	20
1.11932	6
1.11937	7
1.11937	8
1.11938	9
1.11938	10
1.1194	7
1.11947	8
1.11947	9
1.11947	10
1.11948	11
1.11954	12
1.11959	13
1.11964	14
1.1197	15
1.11977	16
1.11983	17
1.11991	18
1.11998	19
1.12006	20
1.1201	6
1.12015	7
1.12015	8
1.12016	9
1.12016	10
1.12019	7
1.12023	8
1.12023	9
1.12023	10
1.12024	11
1.12029	12
1.12034	13
1.1204	14
1.12047	15
1.12054	16
1.12061	17
1.12069	18
1.12077	19
1.12085	20
1.12088	6
1.12091	7
1.12092	8
1.12092	9
1.12093	10
1.12095	8
1.12098	9
1.12099	10
1.12099	11
1.12105	12
1.1211	13
1.12117	14
1.12123	15
1.12131	16
1.12138	17
1.12147	18
1.12155	19
1.12161	20
1.12164	6
1.12166	7
1.12166	8
1.12167	9
1.12168	10
1.1217	9
1.12174	10
1.12175	11
1.12181	12
1.12187	13
1.12194	14
1.12201	15
1.12208	16
1.12216	17
1.12225	18
1.12231	19
1.12236	20
1.12239	6
1.12242	7
1.12242	8
1.12243	9
1.12243	10
1.12246	9
1.1225	10
1.12251	11
1.12257	12
1.12264	13
1.12271	14
1.12278	15
1.12286	16
1.12295	17
1.12301	18
1.12306	19
1.12312	20
1.12315	6
1.12318	7
1.12319	8
1.12319	9
1.1232	10
1.12322	9
1.12327	10
1.12328	11
1.12334	12
1.12341	13
1.12348	14
1.12356	15
1.12364	16
1.1237	17
1.12376	18
1.12382	19
1.12388	20
1.12391	6
1.12395	7
1.12395	8
1.12396	9
1.12396	10
1.12398	8
1.12404	9
1.12404	10
1.12404	11
1.12411	12
1.12418	13
1.12426	14
1.12434	15
1.1244	16
1.12446	17
1.12452	18
1.12458	19
1.12464	20
1.12467	6
1.12472	7
1.12472	8
1.12472	9
1.12473	10
1.12475	8
1.12481	9
1.12481	10
1.12482	11
1.12489	12
1.12496	13
1.12504	14
1.1251	15
1.12516	16
1.12521	17
1.12528	18
1.12534	19
1.12541	20
1.12544	6
1.12549	7
1.12549	8
1.1255	9
1.1255	10
1.12552	7
1.12558	8
1.12558	9
1.12558	10
1.12559	11
1.12567	12
1.12575	13
1.1258	14
1.12586	15
1.12591	16
1.12598	17
1.12604	18
1.12611	19
1.12618	20
1.12621	6
1.12626	7
1.12627	8
1.12627	9
1.12628	10
1.1263	7
1.12636	8
1.12636	9
1.12636	10
1.12637	11
1.12645	12
1.12651	13
1.12656	14
1.12661	15
1.12667	16
1.12674	17
1.12681	18
1.12688	19
1.12696	20
1.12699	6
1.12704	7
1.12704	8
1.12705	9
1.12705	10
1.12708	7
1.12714	8
1.12714	9
1.12715	10
1.12715	11
1.12721	12
1.12726	13
1.12731	14
1.12737	15
1.12744	16
1.12751	17
1.12758	18
1.12766	19
1.12773	20
1.12777	6
1.12782	7
1.12783	8
1.12783	9
1.12783	10
1.12786	7
1.1279	8
1.1279	9
1.12791	10
1.12791	11
1.12796	12
1.12802	13
1.12808	14
1.12814	15
1.12821	16
1.12828	17
1.12836	18
1.12844	19
1.12852	20
1.12855	6
1.12859	7
1.12859	8
1.1286	9
1.1286	10
1.12862	8
1.12866	9
1.12866	10
1.12867	11
1.12872	12
1.12878	13
1.12884	14
1.12891	15
1.12898	16
1.12906	17
1.12914	18
1.12922	19
1.12928	20
1.12931	6
1.12933	7
1.12934	8
1.12935	9
1.12935	10
1.12937	9
1.12941	10
1.12942	11
1.12948	12
1.12954	13
1.12961	14
1.12968	15
1.12975	16
1.12984	17
1.12992	18
1.12998	19
1.13003	20
1.13006	6
1.13009	7
1.1301	8
1.1301	9
1.13011	10
1.13013	9
1.13018	10
1.13019	11
1.13025	12
1.13031	13
1.13038	14
1.13045	15
1.13053	16
1.13062	17
1.13068	18
1.13073	19
1.13079	20
1.13082	6
1.13086	7
1.13086	8
1.13087	9
1.13087	10
1.13089	9
1.13094	10
1.13095	11
1.13101	12
1.13108	13
1.13116	14
1.13123	15
1.13132	16
1.13138	17
1.13143	18
1.13149	19
1.13155	20
1.13158	6
1.13162	7
1.13162	8
1.13163	9
1.13163	10
1.13165	8
1.13171	9
1.13171	10
1.13172	11
1.13178	12
1.13186	13
1.13193	14
1.13202	15
1.13208	16
1.13213	17
1.13219	18
1.13225	19
1.13232	20
1.13235	6
1.13239	7
1.13239	8
1.1324	9
1.1324	10
1.13242	8
1.13248	9
1.13248	10
1.13249	11
1.13256	12
1.13264	13
1.13272	14
1.13278	15
1.13283	16
1.13289	17
1.13295	18
1.13301	19
1.13308	20
1.13312	6
1.13316	7
1.13316	8
1.13317	9
1.13317	10
1.13319	7
1.13326	8
1.13326	9
1.13326	10
1.13326	11
1.13334	12
1.13342	13
1.13348	14
1.13353	15
1.13359	16
1.13365	17
1.13371	18
1.13378	19
1.13385	20
1.13389	6
1.13394	7
1.13394	8
1.13395	9
1.13395	10
1.13397	7
1.13403	8
1.13404	9
1.13404	10
1.13404	11
1.13412	12
1.13418	13
1.13423	14
1.13429	15
1.13435	16
1.13441	17
1.13448	18
1.13456	19
1.13463	20
1.13466	6
1.13471	7
1.13472	8
1.13473	9
1.13473	10
1.13475	7
1.13482	8
1.13482	9
1.13482	10
1.13483	11
1.13488	12
1.13493	13
1.13499	14
1.13505	15
1.13511	16
1.13518	17
1.13525	18
1.13533	19
1.13541	20
1.13544	6
1.1355	7
1.1355	8
1.13551	9
1.13551	10
1.13553	7
1.13558	8
1.13558	9
1.13558	10
1.13559	11
1.13564	12
1.13569	13
1.13575	14
1.13581	15
1.13588	16
1.13595	17
1.13603	18
1.13611	19
1.13619	20
1.13623	6
1.13626	7
1.13626	8
1.13627	9
1.13627	10
1.13629	8
1.13633	9
1.13633	10
1.13634	11
1.13639	12
1.13645	13
1.13651	14
1.13658	15
1.13665	16
1.13673	17
1.13681	18
1.1369	19
1.13695	20
1.13698	6
1.13701	7
1.13701	8
1.13702	9
1.13702	10
1.13704	9
1.13709	10
1.1371	11
1.13715	12
1.13721	13
1.13728	14
1.13735	15
1.13743	16
1.13751	17
1.13759	18
1.13766	19
1.1377	20
1.13774	6
1.13777	7
1.13777	8
1.13778	9
1.13778	10
1.1378	9
1.13785	10
1.13786	11
1.13792	12
1.13798	13
1.13805	14
1.13813	15
1.13821	16
1.13829	17
1.13835	18
1.13841	19
1.13846	20
1.13849	6
1.13853	7
1.13853	8
1.13854	9
1.13854	10
1.13856	9
1.13861	10
1.13862	11
1.13869	12
1.13875	13
1.13883	14
1.13891	15
1.13899	16
1.13905	17
1.1391	18
1.13916	19
1.13922	20
1.13925	6
1.13929	7
1.1393	8
1.1393	9
1.13931	10
1.13933	8
1.13938	9
1.13938	10
1.13939	11
1.13946	12
1.13953	13
1.13961	14
1.13969	15
1.13975	16
1.1398	17
1.13986	18
1.13992	19
1.13999	20
1.14002	6
1.14006	7
1.14006	8
1.14007	9
1.14007	10
1.14009	8
1.14015	9
1.14015	10
1.14016	11
1.14023	12
1.14031	13
1.14039	14
1.14045	15
1.1405	16
1.14056	17
1.14062	18
1.14069	19
1.14076	20
1.14079	6
1.14083	7
1.14084	8
1.14084	9
1.14084	10
1.14087	7
1.14093	8
1.14093	9
1.14093	10
1.14094	11
1.14101	12
1.14109	13
1.14115	14
1.1412	15
1.14126	16
1.14132	17
1.14139	18
1.14146	19
1.14153	20
1.14156	6
1.14161	7
1.14161	8
1.14162	9
1.14162	10
1.14164	7
1.14171	8
1.14171	9
1.14171	10
1.14172	11
1.1418	12
1.14185	13
1.1419	14
1.14196	15
1.14202	16
1.14209	17
1.14216	18
1.14223	19
1.1423	20
1.14234	6
1.14239	7
1.14239	8
1.1424	9
1.1424	10
1.14242	7
1.14249	8
1.14249	9
1.14249	10
1.1425	11
1.14255	12
1.1426	13
1.14266	14
1.14272	15
1.14278	16
1.14285	17
1.14292	18
1.143	19
1.14308	20
1.14311	6
1.14317	7
1.14317	8
1.14318	9
1.14318	10
1.1432	7
1.14325	8
1.14325	9
1.14325	10
1.14326	11
1.14331	12
1.14336	13
1.14342	14
1.14348	15
1.14355	16
1.14363	17
1.1437	18
1.14378	19
1.14386	20
1.1439	6
1.14393	7
1.14393	8
1.14394	9
1.14395	10
1.14396	8
1.144	9
1.144	10
1.14401	11
1.14407	12
1.14412	13
1.14419	14
1.14425	15
1.14433	16
1.1444	17
1.14448	18
1.14457	19
1.14463	20
1.14466	6
1.14468	7
1.14468	8
1.14469	9
1.1447	10
1.14472	9
1.14476	10
1.14477	11
1.14483	12
1.14489	13
1.14495	14
1.14502	15
1.1451	16
1.14518	17
1.14527	18
1.14533	19
1.14538	20
1.14541	6
1.14544	7
1.14544	8
1.14545	9
1.14545	10
1.14547	9
1.14552	10
1.14553	11
1.14559	12
1.14566	13
1.14573	14
1.1458	15
1.14588	16
1.14596	17
1.14603	18
1.14608	19
1.14613	20
1.14617	6
1.1462	7
1.1462	8
1.14621	9
1.14621	10
1.14624	9
1.14629	10
1.1463	11
1.14636	12
1.14643	13
1.1465	14
1.14658	15
1.14666	16
1.14672	17
1.14678	18
1.14684	19
1.1469	20
1.14693	6
1.14697	7
1.14697	8
1.14697	9
1.14698	10
1.147	8
1.14705	9
1.14705	10
1.14706	11
1.14713	12
1.1472	13
1.14728	14
1.14736	15
1.14742	16
1.14748	17
1.14753	18
1.1476	19
1.14766	20
1.14769	6
1.14774	7
1.14774	8
1.14774	9
1.14774	10
1.14777	8
1.14783	9
1.14783	10
1.14783	11
1.14791	12
1.14798	13
1.14806	14
1.14812	15
1.14817	16
1.14823	17
1.1483	18
1.14836	19
1.14843	20
1.14846	6
1.14851	7
1.14851	8
1.14852	9
1.14852	10
1.14854	7
1.1486	8
1.1486	9
1.1486	10
1.14861	11
1.14869	12
1.14876	13
1.14882	14
1.14887	15
1.14893	16
1.14899	17
1.14906	18
1.14913	19
1.1492	20
1.14923	6
1.14928	7
1.14928	8
1.14929	9
1.14929	10
1.14932	7
1.14938	8
1.14938	9
1.14938	10
1.14939	11
1.14947	12
1.14952	13
1.14957	14
1.14963	15
1.14969	16
1.14976	17
1.14983	18
1.1499	19
1.14997	20
1.15001	6
1.15006	7
1.15006	8
1.15007	9
1.15007	10
1.15009	7
1.15016	8
1.15016	9
1.15016	10
1.15017	11
1.15023	12
1.15028	13
1.15033	14
1.15039	15
1.15046	16
1.15052	17
1.1506	18
1.15067	19
1.15075	20
1.15079	6
1.15084	7
1.15084	8
1.15085	9
1.15085	10
1.15088	7
1.15092	8
1.15092	9
1.15092	10
1.15093	11
1.15098	12
1.15103	13
1.15109	14
1.15116	15
1.15123	16
1.1513	17
1.15138	18
1.15146	19
1.15154	20
1.15157	6
1.1516	7
1.15161	8
1.15162	9
1.15162	10
1.15164	8
1.15168	9
1.15168	10
1.15169	11
1.15174	12
1.1518	13
1.15186	14
1.15193	15
1.152	16
1.15207	17
1.15216	18
1.15224	19
1.1523	20
1.15233	6
1.15235	7
1.15236	8
1.15237	9
1.15237	10
1.15239	9
1.15243	10
1.15244	11
1.1525	12
1.15256	13
1.15263	14
1.1527	15
1.15277	16
1.15285	17
1.15294	18
1.153	19
1.15305	20
1.15308	6
1.15311	7
1.15311	8
1.15312	9
1.15313	10
1.15315	9
1.15319	10
1.1532	11
1.15326	12
1.15333	13
1.1534	14
1.15347	15
1.15355	16
1.15364	17
1.1537	18
1.15375	19
1.15381	20
1.15384	6
1.15387	7
1.15388	8
1.15388	9
1.15389	10
1.15391	9
1.15396	10
1.15397	11
1.15403	12
1.1541	13
1.15417	14
1.15425	15
1.15433	16
1.1544	17
1.15445	18
1.15451	19
1.15457	20
1.1546	6
1.15464	7
1.15464	8
1.15465	9
1.15465	10
1.15467	8
1.15473	9
1.15473	10
1.15474	11
1.1548	12
1.15488	13
1.15495	14
1.15503	15
1.15509	16
1.15515	17
1.15521	18
1.15527	19
1.15533	20
1.15537	6
1.15541	7
1.15541	8
1.15542	9
1.15542	10
1.15544	8
1.1555	9
1.1555	10
1.15551	11
1.15558	12
1.15565	13
1.15573	14
1.15579	15
1.15585	16
1.15591	17
1.15597	18
1.15603	19
1.1561	20
1.15613	6
1.15618	7
1.15618	8
1.15619	9
1.15619	10
1.15621	7
1.15627	8
1.15627	9
1.15628	10
1.15628	11
1.15636	12
1.15644	13
1.15649	14
1.15655	15
1.1566	16
1.15667	17
1.15673	18
1.1568	19
1.15687	20
1.15691	6
1.15695	7
1.15696	8
1.15696	9
1.15697	10
1.15699	7
1.15705	8
1.15705	9
1.15705	10
1.15706	11
1.15714	12
1.1572	13
1.15725	14
1.1573	15
1.15736	16
1.15743	17
1.1575	18
1.15757	19
1.15765	20
1.15768	6
1.15773	7
1.15773	8
1.15774	9
1.15775	10
1.15777	7
1.15783	8
1.15784	9
1.15784	10
1.15785	11
1.1579	12
1.15795	13
1.158	14
1.15806	15
1.15813	16
1.1582	17
1.15827	18
1.15835	19
1.15842	20
1.15846	6
1.15851	7
1.15852	8
1.15852	9
1.15853	10
1.15855	7
1.15859	8
1.1586	9
1.1586	10
1.1586	11
1.15865	12
1.15871	13
1.15877	14
1.15883	15
1.1589	16
1.15897	17
1.15905	18
1.15913	19
1.15921	20
1.15924	6
1.15928	7
1.15928	8
1.15929	9
1.15929	10
1.15931	8
1.15935	9
1.15935	10
1.15936	11
1.15941	12
1.15947	13
1.15953	14
1.1596	15
1.15967	16
1.15975	17
1.15983	18
1.15992	19
1.15997	20
1.16	6
1.16003	7
1.16003	8
1.16004	9
1.16004	10
1.16006	9
1.16011	10
1.16012	11
1.16017	12
1.16023	13
1.1603	14
1.16037	15
1.16045	16
1.16053	17
1.16061	18
1.16068	19
1.16072	20
1.16075	6
1.16078	7
1.16079	8
1.1608	9
1.1608	10
1.16082	9
1.16087	10
1.16088	11
1.16094	12
1.161	13
1.16107	14
1.16115	15
1.16122	16
1.16131	17
1.16137	18
1.16143	19
1.16148	20
1.16151	6
1.16155	7
1.16155	8
1.16156	9
1.16156	10
1.16158	9
1.16163	10
1.16164	11
1.1617	12
1.16177	13
1.16185	14
1.16192	15
1.16201	16
1.16207	17
1.16212	18
1.16218	19
1.16224	20
1.16227	6
1.16231	7
1.16231	8
1.16232	9
1.16232	10
1.16235	8
1.1624	9
1.1624	10
1.16241	11
1.16248	12
1.16255	13
1.16263	14
1.16271	15
1.16277	16
1.16282	17
1.16288	18
1.16294	19
1.16301	20
1.16304	6
1.16308	7
1.16308	8
1.16309	9
1.16309	10
1.16311	8
1.16317	9
1.16317	10
1.16318	11
1.16325	12
1.16333	13
1.16341	14
1.16347	15
1.16352	16
1.16358	17
1.16364	18
1.16371	19
1.16377	20
1.16381	6
1.16385	7
1.16385	8
1.16386	9
1.16386	10
1.16389	7
1.16395	8
1.16395	9
1.16395	10
1.16396	11
1.16403	12
1.16411	13
1.16417	14
1.16422	15
1.16428	16
1.16434	17
1.16441	18
1.16447	19
1.16455	20
1.16458	6
1.16463	7
1.16463	8
1.16464	9
1.16464	10
1.16466	7
1.16472	8
1.16473	9
1.16473	10
1.16474	11
1.16481	12
1.16487	13
1.16492	14
1.16498	15
1.16504	16
1.1651	17
1.16517	18
1.16525	19
1.16532	20
1.16535	6
1.16541	7
1.16541	8
1.16542	9
1.16542	10
1.16544	7
1.16551	8
1.16551	9
1.16551	10
1.16552	11
1.16557	12
1.16562	13
1.16568	14
1.16574	15
1.1658	16
1.16587	17
1.16594	18
1.16602	19
1.1661	20
1.16613	6
1.16619	7
1.16619	8
1.1662	9
1.1662	10
1.16622	7
1.16627	8
1.16627	9
1.16627	10
1.16628	11
1.16633	12
1.16638	13
1.16644	14
1.1665	15
1.16657	16
1.16664	17
1.16672	18
1.1668	19
1.16688	20
1.16692	6
1.16695	7
1.16695	8
1.16696	9
1.16696	10
1.16698	8
1.16702	9
1.16702	10
1.16703	11
1.16708	12
1.16714	13
1.1672	14
1.16727	15
1.16734	16
1.16742	17
1.1675	18
1.16759	19
1.16765	20
1.16768	6
1.1677	7
1.1677	8
1.16771	9
1.16771	10
1.16774	9
1.16778	10
1.16779	11
1.16784	12
1.16791	13
1.16797	14
1.16804	15
1.16812	16
1.1682	17
1.16828	18
1.16835	19
1.16839	20
1.16843	6
1.16846	7
1.16846	8
1.16847	9
1.16847	10
1.16849	9
1.16854	10
1.16855	11
1.16861	12
1.16867	13
1.16874	14
1.16882	15
1.1689	16
1.16898	17
1.16904	18
1.1691	19
1.16915	20
1.16918	6
1.16922	7
1.16922	8
1.16923	9
1.16923	10
1.16925	9
1.1693	10
1.16931	11
1.16938	12
1.16945	13
1.16952	14
1.1696	15
1.16968	16
1.16974	17
1.1698	18
1.16985	19
1.16991	20
1.16995	6
1.16999	7
1.16999	8
1.16999	9
1.17	10
1.17002	8
1.17007	9
1.17007	10
1.17008	11
1.17015	12
1.17022	13
1.1703	14
1.17038	15
1.17044	16
1.17049	17
1.17055	18
1.17061	19
1.17068	20
1.17071	6
1.17075	7
1.17076	8
1.17076	9
1.17076	10
1.17079	8
1.17084	9
1.17084	10
1.17085	11
1.17092	12
1.171	13
1.17108	14
1.17114	15
1.17119	16
1.17125	17
1.17131	18
1.17138	19
1.17145	20
1.17148	6
1.17153	7
1.17153	8
1.17153	9
1.17154	10
1.17156	7
1.17162	8
1.17162	9
1.17162	10
1.17163	11
1.1717	12
1.17178	13
1.17184	14
1.17189	15
1.17195	16
1.17201	17
1.17208	18
1.17215	19
1.17222	20
1.17225	6
1.1723	7
1.1723	8
1.17231	9
1.17231	10
1.17233	7
1.1724	8
1.1724	9
1.1724	10
1.17241	11
1.17249	12
1.17254	13
1.17259	14
1.17265	15
1.17271	16
1.17278	17
1.17285	18
1.17292	19
1.17299	20
1.17303	6
1.17308	7
1.17308	8
1.17309	9
1.17309	10
1.17311	7
1.17318	8
1.17318	9
1.17318	10
1.17319	11
1.17325	12
1.17329	13
1.17335	14
1.17341	15
1.17347	16
1.17354	17
1.17362	18
1.17369	19
1.17377	20
1.17381	6
1.17386	7
1.17386	8
1.17387	9
1.17387	10
1.1739	7
1.17394	8
1.17394	9
1.17394	10
1.17395	11
1.174	12
1.17405	13
1.17411	14
1.17418	15
1.17424	16
1.17432	17
1.17439	18
1.17448	19
1.17455	20
1.17459	6
1.17462	7
1.17463	8
1.17463	9
1.17464	10
1.17466	8
1.17469	9
1.1747	10
1.1747	11
1.17476	12
1.17481	13
1.17488	14
1.17494	15
1.17502	16
1.17509	17
1.17517	18
1.17526	19
1.17532	20
1.17535	6
1.17537	7
1.17537	8
1.17538	9
1.17539	10
1.17541	9
1.17545	10
1.17546	11
1.17552	12
1.17558	13
1.17564	14
1.17572	15
1.17579	16
1.17587	17
1.17596	18
1.17602	19
1.17607	20
1.1761	6
1.17613	7
1.17613	8
1.17614	9
1.17614	10
1.17617	9
1.17621	10
1.17622	11
1.17628	12
1.17635	13
1.17642	14
1.17649	15
1.17657	16
1.17665	17
1.17672	18
1.17677	19
1.17683	20
1.17686	6
1.17689	7
1.17689	8
1.1769	9
1.17691	10
1.17693	9
1.17698	10
1.17699	11
1.17705	12
1.17712	13
1.17719	14
1.17727	15
1.17735	16
1.17741	17
1.17747	18
1.17753	19
1.17759	20
1.17762	6
1.17766	7
1.17766	8
1.17767	9
1.17767	10
1.17769	8
1.17774	9
1.17775	10
1.17775	11
1.17782	12
1.17789	13
1.17797	14
1.17805	15
1.17811	16
1.17817	17
1.17823	18
1.17829	19
1.17835	20
1.17838	6
1.17843	7
1.17843	8
1.17843	9
1.17844	10
1.17846	8
1.17852	9
1.17852	10
1.17853	11
1.1786	12
1.17867	13
1.17875	14
1.17881	15
1.17886	16
1.17892	17
1.17899	18
1.17905	19
1.17912	20
1.17915	6
1.1792	7
1.1792	8
1.17921	9
1.17921	10
1.17923	7
1.17929	8
1.17929	9
1.17929	10
1.1793	11
1.17938	12
1.17946	13
1.17951	14
1.17956	15
1.17962	16
1.17968	17
1.17975	18
1.17982	19
1.17989	20
1.17992	6
1.17997	7
1.17998	8
1.17998	9
1.17999	10
1.18001	7
1.18007	8
1.18007	9
1.18007	10
1.18008	11
1.18016	12
1.18021	13
1.18027	14
1.18032	15
1.18038	16
1.18045	17
1.18052	18
1.18059	19
1.18067	20
1.1807	6
1.18075	7
1.18075	8
1.18076	9
1.18076	10
1.18079	7
1.18085	8
1.18085	9
1.18086	10
1.18086	11
1.18092	12
1.18097	13
1.18102	14
1.18108	15
1.18115	16
1.18122	17
1.18129	18
1.18137	19
1.18144	20
1.18148	6
1.18153	7
1.18153	8
1.18154	9
1.18154	10
1.18157	7
1.18161	8
1.18161	9
1.18162	10
1.18162	11
1.18167	12
1.18173	13
1.18178	14
1.18185	15
1.18192	16
1.18199	17
1.18207	18
1.18215	19
1.18223	20
1.18226	6
1.1823	7
1.1823	8
1.18231	9
1.18231	10
1.18233	8
1.18237	9
1.18237	10
1.18238	11
1.18243	12
1.18249	13
1.18255	14
1.18262	15
1.18269	16
1.18277	17
1.18285	18
1.18293	19
1.18299	20
1.18302	6
1.18304	7
1.18305	8
1.18306	9
1.18306	10
1.18308	9
1.18312	10
1.18313	11
1.18319	12
1.18325	13
1.18332	14
1.18339	15
1.18346	16
1.18354	17
1.18363	18
1.18369	19
1.18374	20
1.18377	6
1.1838	7
1.18381	8
1.18381	9
1.18382	10
1.18384	9
1.18388	10
1.18389	11
1.18395	12
1.18402	13
1.18409	14
1.18416	15
1.18424	16
1.18433	17
1.18439	18
1.18444	19
1.1845	20
1.18453	6
1.18457	7
1.18457	8
1.18457	9
1.18458	10
1.1846	9
1.18465	10
1.18466	11
1.18472	12
1.18479	13
1.18486	14
1.18494	15
1.18503	16
1.18509	17
1.18514	18
1.1852	19
1.18526	20
1.18529	6
1.18533	7
1.18533	8
1.18534	9
1.18534	10
1.18536	8
1.18542	9
1.18542	10
1.18543	11
1.18549	12
1.18557	13
1.18564	14
1.18573	15
1.18579	16
1.18584	17
1.1859	18
1.18596	19
1.18602	20
1.18606	6
1.1861	7
1.1861	8
1.18611	9
1.18611	10
1.18613	8
1.18619	9
1.18619	10
1.1862	11
1.18627	12
1.18635	13
1.18643	14
1.18648	15
1.18654	16
1.1866	17
1.18666	18
1.18672	19
1.18679	20
1.18682	6
1.18687	7
1.18687	8
1.18688	9
1.18688	10
1.1869	7
1.18696	8
1.18697	9
1.18697	10
1.18697	11
1.18705	12
1.18713	13
1.18719	14
1.18724	15
1.18729	16
1.18736	17
1.18742	18
1.18749	19
1.18756	20
1.1876	6
1.18765	7
1.18765	8
1.18766	9
1.18766	10
1.18768	7
1.18774	8
1.18774	9
1.18775	10
1.18775	11
1.18783	12
1.18789	13
1.18794	14
1.18799	15
1.18806	16
1.18812	17
1.18819	18
1.18826	19
1.18834	20
1.18837	6
1.18842	7
1.18843	8
1.18843	9
1.18844	10
1.18846	7
1.18853	8
1.18853	9
1.18853	10
1.18854	11
1.18859	12
1.18864	13
1.1887	14
1.18876	15
1.18882	16
1.18889	17
1.18896	18
1.18904	19
1.18911	20
1.18915	6
1.1892	7
1.18921	8
1.18921	9
1.18922	10
1.18924	7
1.18929	8
1.18929	9
1.18929	10
1.1893	11
1.18934	12
1.1894	13
1.18946	14
1.18952	15
1.18959	16
1.18966	17
1.18974	18
1.18982	19
1.1899	20
1.18993	6
1.18997	7
1.18997	8
1.18998	9
1.18998	10
1.19	8
1.19004	9
1.19004	10
1.19005	11
1.1901	12
1.19016	13
1.19022	14
1.19029	15
1.19036	16
1.19044	17
1.19052	18
1.19061	19
1.19066	20
1.19069	6
1.19072	7
1.19072	8
1.19073	9
1.19073	10
1.19075	9
1.1908	10
1.19081	11
1.19086	12
1.19092	13
1.19099	14
1.19106	15
1.19114	16
1.19122	17
1.1913	18
1.19137	19
1.19141	20
1.19145	6
1.19148	7
1.19148	8
1.19149	9
1.19149	10
1.19151	9
1.19156	10
1.19157	11
1.19163	12
1.19169	13
1.19176	14
1.19184	15
1.19192	16
1.192	17
1.19206	18
1.19212	19
1.19217	20
1.1922	6
1.19224	7
1.19224	8
1.19225	9
1.19225	10
1.19227	9
1.19232	10
1.19233	11
1.1924	12
1.19246	13
1.19254	14
1.19262	15
1.1927	16
1.19276	17
1.19281	18
1.19287	19
1.19293	20
1.19296	6
1.193	7
1.19301	8
1.19301	9
1.19301	10
1.19304	8
1.19309	9
1.19309	10
1.1931	11
1.19317	12
1.19324	13
1.19332	14
1.1934	15
1.19346	16
1.19351	17
1.19357	18
1.19363	19
1.1937	20
1.19373	6
1.19377	7
1.19377	8
1.19378	9
1.19378	10
1.1938	8
1.19386	9
1.19386	10
1.19387	11
1.19394	12
1.19402	13
1.1941	14
1.19416	15
1.19421	16
1.19427	17
1.19433	18
1.1944	19
1.19447	20
1.1945	6
1.19454	7
1.19455	8
1.19455	9
1.19455	10
1.19458	7
1.19464	8
1.19464	9
1.19464	10
1.19465	11
1.19472	12
1.1948	13
1.19486	14
1.19491	15
1.19497	16
1.19503	17
1.1951	18
1.19517	19
1.19524	20
1.19527	6
1.19532	7
1.19532	8
1.19533	9
1.19533	10
1.19535	7
1.19542	8
1.19542	9
1.19542	10
1.19543	11
1.1955	12
1.19556	13
1.19561	14
1.19567	15
1.19573	16
1.19579	17
1.19586	18
1.19594	19
1.19601	20
1.19604	6
1.1961	7
1.1961	8
1.19611	9
1.19611	10
1.19613	7
1.1962	8
1.1962	9
1.1962	10
1.19621	11
1.19626	12
1.19631	13
1.19637	14
1.19643	15
1.19649	16
1.19656	17
1.19663	18
1.19671	19
1.19679	20
1.19682	6
1.19688	7
1.19688	8
1.19689	9
1.19689	10
1.19691	7
1.19696	8
1.19696	9
1.19696	10
1.19697	11
1.19702	12
1.19707	13
1.19713	14
1.19719	15
1.19726	16
1.19734	17
1.19741	18
1.19749	19
1.19757	20
1.19761	6
1.19764	7
1.19764	8
1.19765	9
1.19765	10
1.19767	8
1.19771	9
1.19771	10
1.19772	11
1.19777	12
1.19783	13
1.19789	14
1.19796	15
1.19803	16
1.19811	17
1.19819	18
1.19828	19
1.19834	20
1.19837	6
1.19839	7
1.19839	8
1.1984	9
1.1984	10
1.19843	9
1.19847	10
1.19848	11
1.19854	12
1.1986	13
1.19866	14
1.19873	15
1.19881	16
1.19889	17
1.19898	18
1.19904	19
1.19908	20
1.19912	6
1.19915	7
1.19915	8
1.19916	9
1.19916	10
1.19918	9
1.19923	10
1.19924	11
1.1993	12
1.19937	13
1.19943	14
1.19951	15
1.19959	16
1.19967	17
1.19974	18
1.19979	19
1.19984	20
1.19988	6
1.19991	7
1.19991	8
1.19992	9
1.19992	10
1.19994	9
1.19999	10
1.2	11
1.20007	12
1.20014	13
1.20021	14
1.20029	15
1.20037	16
1.20043	17
1.20049	18
1.20055	19
1.20061	20
1.20064	6
1.20068	7
1.20068	8
1.20068	9
1.20069	10
1.20071	8
1.20076	9
1.20076	10
1.20077	11
1.20084	12
1.20091	13
1.20099	14
1.20107	15
1.20113	16
1.20118	17
1.20124	18
1.20131	19
1.20137	20
1.2014	6
1.20144	7
1.20145	8
1.20145	9
1.20145	10
1.20148	8
1.20153	9
1.20154	10
1.20154	11
1.20162	12
1.20169	13
1.20177	14
1.20183	15
1.20188	16
1.20194	17
1.202	18
1.20207	19
1.20214	20
1.20217	6
1.20222	7
1.20222	8
1.20222	9
1.20223	10
1.20225	7
1.20231	8
1.20231	9
1.20231	10
1.20232	11
1.2024	12
1.20247	13
1.20253	14
1.20258	15
1.20264	16
1.2027	17
1.20277	18
1.20284	19
1.20291	20
1.20294	6
1.20299	7
1.20299	8
1.203	9
1.203	10
1.20303	7
1.20309	8
1.20309	9
1.20309	10
1.2031	11
1.20318	12
1.20323	13
1.20328	14
1.20334	15
1.2034	16
1.20347	17
1.20354	18
1.20361	19
1.20368	20
1.20372	6
1.20377	7
1.20377	8
1.20378	9
1.20378	10
1.2038	7
1.20387	8
1.20387	9
1.20387	10
1.20388	11
1.20394	12
1.20399	13
1.20404	14
1.2041	15
1.20417	16
1.20423	17
1.20431	18
1.20438	19
1.20446	20
1.2045	6
1.20455	7
1.20455	8
1.20456	9
1.20456	10
1.20459	7
1.20463	8
1.20463	9
1.20463	10
1.20464	11
1.20469	12
1.20474	13
1.2048	14
1.20487	15
1.20494	16
1.20501	17
1.20509	18
1.20517	19
1.20525	20
1.20528	6
1.20531	7
1.20532	8
1.20532	9
1.20533	10
1.20535	8
1.20539	9
1.20539	10
1.20539	11
1.20545	12
1.20551	13
1.20557	14
1.20564	15
1.20571	16
1.20578	17
1.20587	18
1.20595	19
1.20601	20
1.20604	6
1.20606	7
1.20607	8
1.20607	9
1.20608	10
1.2061	9
1.20614	10
1.20615	11
1.20621	12
1.20627	13
1.20634	14
1.20641	15
1.20648	16
1.20656	17
1.20665	18
1.20671	19
1.20676	20
1.20679	6
1.20682	7
1.20682	8
1.20683	9
1.20683	10
1.20686	9
1.2069	10
1.20691	11
1.20697	12
1.20704	13
1.20711	14
1.20718	15
1.20726	16
1.20735	17
1.20741	18
1.20746	19
1.20752	20
1.20755	6
1.20758	7
1.20759	8
1.20759	9
1.2076	10
1.20762	9
1.20767	10
1.20768	11
1.20774	12
1.20781	13
1.20788	14
1.20796	15
1.20804	16
1.20811	17
1.20816	18
1.20822	19
1.20828	20
1.20831	6
1.20835	7
1.20835	8
1.20836	9
1.20836	10
1.20838	8
1.20844	9
1.20844	10
1.20845	11
1.20851	12
1.20858	13
1.20866	14
1.20874	15
1.2088	16
1.20886	17
1.20892	18
1.20898	19
1.20904	20
1.20908	6
1.20912	7
1.20912	8
1.20912	9
1.20913	10
1.20915	8
1.20921	9
1.20921	10
1.20922	11
1.20929	12
1.20936	13
1.20944	14
1.2095	15
1.20956	16
1.20961	17
1.20968	18
1.20974	19
1.20981	20
1.20984	6
1.20989	7
1.20989	8
1.2099	9
1.2099	10
1.20992	7
1.20998	8
1.20998	9
1.20999	10
1.20999	11
1.21007	12
1.21015	13
1.2102	14
1.21026	15
1.21031	16
1.21038	17
1.21044	18
1.21051	19
1.21058	20
1.21061	6
1.21066	7
1.21067	8
1.21067	9
1.21068	10
1.2107	7
1.21076	8
1.21076	9
1.21076	10
1.21077	11
1.21085	12
1.21091	13
1.21096	14
1.21101	15
1.21107	16
1.21114	17
1.21121	18
1.21128	19
1.21136	20
1.21139	6
1.21144	7
1.21144	8
1.21145	9
1.21146	10
1.21148	7
1.21154	8
1.21155	9
1.21155	10
1.21155	11
1.21161	12
1.21166	13
1.21171	14
1.21177	15
1.21184	16
1.21191	17
1.21198	18
1.21206	19
1.21213	20
1.21217	6
1.21222	7
1.21223	8
1.21223	9
1.21224	10
1.21226	7
1.2123	8
1.2123	9
1.21231	10
1.21231	11
1.21236	12
1.21242	13
1.21248	14
1.21254	15
1.21261	16
1.21268	17
1.21276	18
1.21284	19
1.21292	20
1.21295	6
1.21299	7
1.21299	8
1.213	9
1.213	10
1.21302	8
1.21306	9
1.21306	10
1.21307	11
1.21312	12
1.21318	13
1.21324	14
1.21331	15
1.21338	16
1.21346	17
1.21354	18
1.21363	19
1.21368	20
1.21371	6
1.21373	7
1.21374	8
1.21375	9
1.21375	10
1.21377	9
1.21382	10
1.21382	11
1.21388	12
1.21394	13
1.21401	14
1.21408	15
1.21416	16
1.21424	17
1.21432	18
1.21438	19
1.21443	20
1.21446	6
1.21449	7
1.2145	8
1.21451	9
1.21451	10
1.21453	9
1.21458	10
1.21459	11
1.21465	12
1.21471	13
1.21478	14
1.21485	15
1.21493	16
1.21502	17
1.21508	18
1.21513	19
1.21519	20
1.21522	6
1.21526	7
1.21526	8
1.21527	9
1.21527	10
1.21529	9
1.21534	10
1.21535	11
1.21541	12
1.21548	13
1.21556	14
1.21563	15
1.21572	16
1.21578	17
1.21583	18
1.21589	19
1.21595	20
1.21598	6
1.21602	7
1.21602	8
1.21603	9
1.21603	10
1.21605	8
1.21611	9
1.21611	10
1.21612	11
1.21619	12
1.21626	13
1.21633	14
1.21642	15
1.21648	16
1.21653	17
1.21659	18
1.21665	19
1.21672	20
1.21675	6
1.21679	7
1.21679	8
1.2168	9
1.2168	10
1.21682	8
1.21688	9
1.21688	10
1.21689	11
1.21696	12
1.21704	13
1.21712	14
1.21718	15
1.21723	16
1.21729	17
1.21735	18
1.21742	19
1.21748	20
1.21752	6
1.21756	7
1.21756	8
1.21757	9
1.21757	10
1.2176	7
1.21766	8
1.21766	9
1.21766	10
1.21767	11
1.21774	12
1.21782	13
1.21788	14
1.21793	15
1.21799	16
1.21805	17
1.21811	18
1.21818	19
1.21826	20
1.21829	6
1.21834	7
1.21834	8
1.21835	9
1.21835	10
1.21837	7
1.21843	8
1.21844	9
1.21844	10
1.21845	11
1.21852	12
1.21858	13
1.21863	14
1.21869	15
1.21875	16
1.21881	17
1.21888	18
1.21896	19
1.21903	20
1.21906	6
1.21911	7
1.21912	8
1.21913	9
1.21913	10
1.21915	7
1.21922	8
1.21922	9
1.21922	10
1.21923	11
1.21928	12
1.21933	13
1.21939	14
1.21945	15
1.21951	16
1.21958	17
1.21965	18
1.21973	19
1.21981	20
1.21984	6
1.2199	7
1.2199	8
1.21991	9
1.21991	10
1.21993	7
1.21998	8
1.21998	9
1.21998	10
1.21999	11
1.22004	12
1.22009	13
1.22015	14
1.22021	15
1.22028	16
1.22035	17
1.22043	18
1.22051	19
1.22059	20
1.22063	6
1.22066	7
1.22066	8
1.22067	9
1.22067	10
1.22069	8
1.22073	9
1.22073	10
1.22074	11
1.22079	12
1.22085	13
1.22091	14
1.22098	15
1.22105	16
1.22113	17
1.22121	18
1.2213	19
1.22135	20
1.22138	6
1.22141	7
1.22141	8
1.22142	9
1.22142	10
1.22144	9
1.22149	10
1.2215	11
1.22155	12
1.22162	13
1.22168	14
1.22175	15
1.22183	16
1.22191	17
1.22199	18
1.22206	19
1.2221	20
1.22214	6
1.22217	7
1.22217	8
1.22218	9
1.22218	10
1.2222	9
1.22225	10
1.22226	11
1.22232	12
1.22238	13
1.22245	14
1.22253	15
1.22261	16
1.22269	17
1.22275	18
1.22281	19
1.22286	20
1.22289	6
1.22293	7
1.22293	8
1.22294	9
1.22294	10
1.22296	9
1.22301	10
1.22302	11
1.22309	12
1.22316	13
1.22323	14
1.22331	15
1.22339	16
1.22345	17
1.2235	18
1.22356	19
1.22362	20
1.22366	6
1.22369	7
1.2237	8
1.2237	9
1.22371	10
1.22373	8
1.22378	9
1.22378	10
1.22379	11
1.22386	12
1.22393	13
1.22401	14
1.22409	15
1.22415	16
1.2242	17
1.22426	18
1.22432	19
1.22439	20
1.22442	6
1.22446	7
1.22447	8
1.22447	9
1.22447	10
1.2245	8
1.22455	9
1.22455	10
1.22456	11
1.22463	12
1.22471	13
1.22479	14
1.22485	15
1.2249	16
1.22496	17
1.22502	18
1.22509	19
1.22516	20
1.22519	6
1.22523	7
1.22524	8
1.22524	9
1.22525	10
1.22527	7
1.22533	8
1.22533	9
1.22533	10
1.22534	11
1.22541	12
1.22549	13
1.22555	14
1.2256	15
1.22566	16
1.22572	17
1.22579	18
1.22586	19
1.22593	20
1.22596	6
1.22601	7
1.22601	8
1.22602	9
1.22602	10
1.22604	7
1.22611	8
1.22611	9
1.22611	10
1.22612	11
1.2262	12
1.22625	13
1.2263	14
1.22636	15
1.22642	16
1.22649	17
1.22656	18
1.22663	19
1.2267	20
1.22674	6
1.22679	7
1.22679	8
1.2268	9
1.2268	10
1.22682	7
1.22689	8
1.22689	9
1.22689	10
1.2269	11
1.22695	12
1.227	13
1.22706	14
1.22712	15
1.22718	16
1.22725	17
1.22732	18
1.2274	19
1.22748	20
1.22751	6
1.22757	7
1.22757	8
1.22758	9
1.22758	10
1.2276	7
1.22765	8
1.22765	9
1.22765	10
1.22766	11
1.22771	12
1.22776	13
1.22782	14
1.22789	15
1.22795	16
1.22803	17
1.2281	18
1.22818	19
1.22826	20
1.2283	6
1.22833	7
1.22833	8
1.22834	9
1.22835	10
1.22836	8
1.2284	9
1.2284	10
1.22841	11
1.22847	12
1.22852	13
1.22859	14
1.22865	15
1.22873	16
1.2288	17
1.22888	18
1.22897	19
1.22903	20
1.22906	6
1.22908	7
1.22908	8
1.22909	9
1.2291	10
1.22912	9
1.22916	10
1.22917	11
1.22923	12
1.22929	13
1.22935	14
1.22943	15
1.2295	16
1.22958	17
1.22967	18
1.22973	19
1.22978	20
1.22981	6
1.22984	7
1.22984	8
1.22985	9
1.22985	10
1.22987	9
1.22992	10
1.22993	11
1.22999	12
1.23006	13
1.23013	14
1.2302	15
1.23028	16
1.23036	17
1.23043	18
1.23048	19
1.23053	20
1.23057	6
1.2306	7
1.2306	8
1.23061	9
1.23062	10
1.23064	9
1.23069	10
1.2307	11
1.23076	12
1.23083	13
1.2309	14
1.23098	15
1.23106	16
1.23112	17
1.23118	18
1.23124	19
1.2313	20
1.23133	6
1.23137	7
1.23137	8
1.23137	9
1.23138	10
1.2314	8
1.23145	9
1.23146	10
1.23146	11
1.23153	12
1.2316	13
1.23168	14
1.23176	15
1.23182	16
1.23188	17
1.23193	18
1.232	19
1.23206	20
1.23209	6
1.23214	7
1.23214	8
1.23214	9
1.23215	10
1.23217	8
1.23223	9
1.23223	10
1.23224	11
1.23231	12
1.23238	13
1.23246	14
1.23252	15
1.23257	16
1.23263	17
1.2327	18
1.23276	19
1.23283	20
1.23286	6
1.23291	7
1.23291	8
1.23292	9
1.23292	10
1.23294	7
1.233	8
1.233	9
1.233	10
1.23301	11
1.23309	12
1.23316	13
1.23322	14
1.23327	15
1.23333	16
1.23339	17
1.23346	18
1.23353	19
1.2336	20
1.23363	6
1.23368	7
1.23368	8
1.23369	9
1.23369	10
1.23372	7
1.23378	8
1.23378	9
1.23378	10
1.23379	11
1.23387	12
1.23392	13
1.23397	14
1.23403	15
1.23409	16
1.23416	17
1.23423	18
1.2343	19
1.23437	20
1.23441	6
1.23446	7
1.23446	8
1.23447	9
1.23447	10
1.2345	7
1.23456	8
1.23456	9
1.23456	10
1.23457	11
1.23463	12
1.23468	13
1.23473	14
1.23479	15
1.23486	16
1.23493	17
1.235	18
1.23507	19
1.23515	20
1.23519	6
1.23524	7
1.23524	8
1.23525	9
1.23525	10
1.23528	7
1.23532	8
1.23532	9
1.23532	10
1.23533	11
1.23538	12
1.23544	13
1.23549	14
1.23556	15
1.23563	16
1.2357	17
1.23578	18
1.23586	19
1.23594	20
1.23597	6
1.23601	7
1.23601	8
1.23602	9
1.23602	10
1.23604	8
1.23608	9
1.23608	10
1.23609	11
1.23614	12
1.2362	13
1.23626	14
1.23633	15
1.2364	16
1.23648	17
1.23656	18
1.23664	19
1.2367	20
1.23673	6
1.23675	7
1.23676	8
1.23677	9
1.23677	10
1.23679	9
1.23683	10
1.23684	11
1.2369	12
1.23696	13
1.23703	14
1.2371	15
1.23717	16
1.23725	17
1.23734	18
1.2374	19
1.23745	20
1.23748	6
1.23751	7
1.23751	8
1.23752	9
1.23753	10
1.23755	9
1.23759	10
1.2376	11
1.23766	12
1.23773	13
1.2378	14
1.23787	15
1.23795	16
1.23804	17
1.2381	18
1.23815	19
1.23821	20
1.23824	6
1.23827	7
1.23828	8
1.23828	9
1.23829	10
1.23831	9
1.23836	10
1.23837	11
1.23843	12
1.2385	13
1.23857	14
1.23865	15
1.23873	16
1.2388	17
1.23885	18
1.23891	19
1.23897	20
1.239	6
1.23904	7
1.23904	8
1.23905	9
1.23905	10
1.23907	8
1.23913	9
1.23913	10
1.23914	11
1.2392	12
1.23928	13
1.23935	14
1.23943	15
1.23949	16
1.23955	17
1.23961	18
1.23967	19
1.23973	20
1.23977	6
1.23981	7
1.23981	8
1.23982	9
1.23982	10
1.23984	8
1.2399	9
1.2399	10
1.23991	11
1.23998	12
1.24005	13
1.24014	14
1.24019	15
1.24025	16
1.24031	17
1.24037	18
1.24043	19
1.2405	20
1.24053	6
1.24058	7
1.24058	8
1.24059	9
1.24059	10
1.24061	7
1.24067	8
1.24067	9
1.24068	10
1.24068	11
1.24076	12
1.24084	13
1.24089	14
1.24095	15
1.241	16
1.24107	17
1.24113	18
1.2412	19
1.24127	20
1.24131	6
1.24136	7
1.24136	8
1.24136	9
1.24137	10
1.24139	7
1.24145	8
1.24145	9
1.24146	10
1.24146	11
1.24154	12
1.2416	13
1.24165	14
1.2417	15
1.24177	16
1.24183	17
1.2419	18
1.24197	19
1.24205	20
1.24208	6
1.24213	7
1.24214	8
1.24214	9
1.24215	10
1.24217	7
1.24224	8
1.24224	9
1.24224	10
1.24225	11
1.2423	12
1.24235	13
1.2424	14
1.24246	15
1.24253	16
1.2426	17
1.24267	18
1.24275	19
1.24282	20
1.24286	6
1.24291	7
1.24292	8
1.24292	9
1.24293	10
1.24295	7
1.24299	8
1.243	9
1.243	10
1.243	11
1.24305	12
1.24311	13
1.24317	14
1.24323	15
1.2433	16
1.24337	17
1.24345	18
1.24353	19
1.24361	20
1.24364	6
1.24368	7
1.24368	8
1.24369	9
1.24369	10
1.24371	8
1.24375	9
1.24375	10
1.24376	11
1.24381	12
1.24387	13
1.24393	14
1.244	15
1.24407	16
1.24415	17
1.24423	18
1.24432	19
1.24437	20
1.2444	6
1.24443	7
1.24443	8
1.24444	9
1.24444	10
1.24446	9
1.24451	10
1.24452	11
1.24457	12
1.24463	13
1.2447	14
1.24477	15
1.24485	16
1.24493	17
1.24501	18
1.24508	19
1.24512	20
1.24516	6
1.24519	7
1.24519	8
1.2452	9
1.2452	10
1.24522	9
1.24527	10
1.24528	11
1.24534	12
1.2454	13
1.24547	14
1.24555	15
1.24563	16
1.24571	17
1.24577	18
1.24583	19
1.24588	20
1.24591	6
1.24595	7
1.24595	8
1.24596	9
1.24596	10
1.24598	9
1.24603	10
1.24604	11
1.2461	12
1.24617	13
1.24625	14
1.24632	15
1.24641	16
1.24647	17
1.24652	18
1.24658	19
1.24664	20
1.24667	6
1.24671	7
1.24672	8
1.24672	9
1.24672	10
1.24675	8
1.2468	9
1.2468	10
1.24681	11
1.24688	12
1.24695	13
1.24703	14
1.24711	15
1.24717	16
1.24722	17
1.24728	18
1.24734	19
1.24741	20
1.24744	6
1.24748	7
1.24748	8
1.24749	9
1.24749	10
1.24751	8
1.24757	9
1.24757	10
1.24758	11
1.24765	12
1.24773	13
1.24781	14
1.24787	15
1.24792	16
1.24798	17
1.24804	18
1.24811	19
1.24817	20
1.24821	6
1.24825	7
1.24826	8
1.24826	9
1.24826	10
1.24829	7
1.24835	8
1.24835	9
1.24835	10
1.24836	11
1.24843	12
1.24851	13
1.24857	14
1.24862	15
1.24868	16
1.24874	17
1.24881	18
1.24888	19
1.24895	20
1.24898	6
1.24903	7
1.24903	8
1.24904	9
1.24904	10
1.24906	7
1.24913	8
1.24913	9
1.24913	10
1.24914	11
1.24921	12
1.24927	13
1.24932	14
1.24938	15
1.24944	16
1.2495	17
1.24957	18
1.24965	19
1.24972	20
1.24975	6
1.24981	7
1.24981	8
1.24982	9
1.24982	10
1.24984	7
1.24991	8
1.24991	9
1.24991	10
1.24992	11
1.24997	12
1.25002	13
1.25008	14
1.25014	15
1.2502	16
1.25027	17
1.25034	18
1.25042	19
1.2505	20
1.25053	6
1.25059	7
1.25059	8
1.2506	9
1.2506	10
1.25062	7
1.25067	8
1.25067	9
1.25067	10
1.25068	11
1.25073	12
1.25078	13
1.25084	14
1.2509	15
1.25097	16
1.25105	17
1.25112	18
1.2512	19
1.25128	20
1.25132	6
1.25135	7
1.25135	8
1.25136	9
1.25136	10
1.25138	8
1.25142	9
1.25142	10
1.25143	11
1.25148	12
1.25154	13
1.2516	14
1.25167	15
1.25174	16
1.25182	17
1.2519	18
1.25199	19
1.25205	20
1.25208	6
1.2521	7
1.2521	8
1.25211	9
1.25211	10
1.25214	9
1.25218	10
1.25219	11
1.25225	12
1.25231	13
1.25237	14
1.25244	15
1.25252	16
1.2526	17
1.25268	18
1.25275	19
1.25279	20
1.25283	6
1.25286	7
1.25286	8
1.25287	9
1.25287	10
1.25289	9
1.25294	10
1.25295	11
1.25301	12
1.25307	13
1.25314	14
1.25322	15
1.2533	16
1.25338	17
1.25344	18
1.2535	19
1.25355	20
1.25359	6
1.25362	7
1.25362	8
1.25363	9
1.25363	10
1.25365	9
1.2537	10
1.25371	11
1.25378	12
1.25385	13
1.25392	14
1.254	15
1.25408	16
1.25414	17
1.2542	18
1.25425	19
1.25431	20
1.25435	6
1.25439	7
1.25439	8
1.25439	9
1.2544	10
1.25442	8
1.25447	9
1.25447	10
1.25448	11
1.25455	12
1.25462	13
1.2547	14
1.25478	15
1.25484	16
1.25489	17
1.25495	18
1.25501	19
1.25508	20
1.25511	6
1.25515	7
1.25516	8
1.25516	9
1.25516	10
1.25519	8
1.25524	9
1.25525	10
1.25525	11
1.25532	12
1.2554	13
1.25548	14
1.25554	15
1.25559	16
1.25565	17
1.25571	18
1.25578	19
1.25585	20
1.25588	6
1.25593	7
1.25593	8
1.25593	9
1.25594	10
1.25596	7
1.25602	8
1.25602	9
1.25602	10
1.25603	11
1.2561	12
1.25618	13
1.25624	14
1.25629	15
1.25635	16
1.25641	17
1.25648	18
1.25655	19
1.25662	20
1.25665	6
1.2567	7
1.2567	8
1.25671	9
1.25671	10
1.25673	7
1.2568	8
1.2568	9
1.2568	10
1.25681	11
1.25689	12
1.25694	13
1.25699	14
1.25705	15
1.25711	16
1.25718	17
1.25725	18
1.25732	19
1.25739	20
1.25743	6
1.25748	7
1.25748	8
1.25749	9
1.25749	10
1.25751	7
1.25758	8
1.25758	9
1.25758	10
1.25759	11
1.25765	12
1.25769	13
1.25775	14
1.25781	15
1.25788	16
1.25794	17
1.25802	18
1.25809	19
1.25817	20
1.25821	6
1.25826	7
1.25826	8
1.25827	9
1.25827	10
1.2583	7
1.25834	8
1.25834	9
1.25834	10
1.25835	11
1.2584	12
1.25845	13
1.25851	14
1.25858	15
1.25864	16
1.25872	17
1.2588	18
1.25888	19
1.25895	20
1.25899	6
1.25902	7
1.25903	8
1.25903	9
1.25904	10
1.25906	8
1.25909	9
1.2591	10
1.2591	11
1.25916	12
1.25921	13
1.25928	14
1.25934	15
1.25942	16
1.25949	17
1.25958	18
1.25966	19
1.25972	20
1.25975	6
1.25977	7
1.25977	8
1.25978	9
1.25979	10
1.25981	9
1.25985	10
1.25986	11
1.25992	12
1.25998	13
1.26005	14
1.26012	15
1.26019	16
1.26027	17
1.26036	18
1.26042	19
1.26047	20
1.2605	6
1.26053	7
1.26053	8
1.26054	9
1.26054	10
1.26057	9
1.26061	10
1.26062	11
1.26068	12
1.26075	13
1.26082	14
1.26089	15
1.26097	16
1.26105	17
1.26112	18
1.26117	19
1.26123	20
1.26126	6
1.26129	7
1.2613	8
1.2613	9
1.26131	10
1.26133	9
1.26138	10
1.26139	11
1.26145	12
1.26152	13
1.26159	14
1.26167	15
1.26175	16
1.26181	17
1.26187	18
1.26193	19
1.26199	20
1.26202	6
1.26206	7
1.26206	8
1.26207	9
1.26207	10
1.26209	8
1.26215	9
1.26215	10
1.26215	11
1.26222	12
1.26229	13
1.26237	14
1.26245	15
1.26251	16
1.26257	17
1.26263	18
1.26269	19
1.26275	20
1.26278	6
1.26283	7
1.26283	8
1.26283	9
1.26284	10
1.26286	8
1.26292	9
1.26292	10
1.26293	11
1.263	12
1.26307	13
1.26315	14
1.26321	15
1.26327	16
1.26332	17
1.26339	18
1.26345	19
1.26352	20
1.26355	6
1.2636	7
1.2636	8
1.26361	9
1.26361	10
1.26363	7
1.26369	8
1.26369	9
1.26369	10
1.2637	11
1.26378	12
1.26386	13
1.26391	14
1.26396	15
1.26402	16
1.26409	17
1.26415	18
1.26422	19
1.26429	20
1.26432	6
1.26437	7
1.26438	8
1.26438	9
1.26439	10
1.26441	7
1.26447	8
1.26447	9
1.26447	10
1.26448	11
1.26456	12
1.26462	13
1.26467	14
1.26472	15
1.26478	16
1.26485	17
1.26492	18
1.26499	19
1.26507	20
1.2651	6
1.26515	7
1.26515	8
1.26516	9
1.26516	10
1.26519	7
1.26525	8
1.26525	9
1.26526	10
1.26526	11
1.26532	12
1.26537	13
1.26542	14
1.26548	15
1.26555	16
1.26562	17
1.26569	18
1.26577	19
1.26584	20
1.26588	6
1.26593	7
1.26593	8
1.26594	9
1.26594	10
1.26597	7
1.26601	8
1.26601	9
1.26602	10
1.26602	11
1.26607	12
1.26613	13
1.26619	14
1.26625	15
1.26632	16
1.26639	17
1.26647	18
1.26655	19
1.26663	20
1.26666	6
1.2667	7
1.2667	8
1.26671	9
1.26671	10
1.26673	8
1.26677	9
1.26677	10
1.26678	11
1.26683	12
1.26689	13
1.26695	14
1.26702	15
1.26709	16
1.26717	17
1.26725	18
1.26733	19
1.26739	20
1.26742	6
1.26744	7
1.26745	8
1.26746	9
1.26746	10
1.26748	9
1.26752	10
1.26753	11
1.26759	12
1.26765	13
1.26772	14
1.26779	15
1.26786	16
1.26795	17
1.26803	18
1.26809	19
1.26814	20
1.26817	6
1.2682	7
1.26821	8
1.26821	9
1.26822	10
1.26824	9
1.26829	10
1.26829	11
1.26836	12
1.26842	13
1.26849	14
1.26856	15
1.26864	16
1.26873	17
1.26879	18
1.26884	19
1.2689	20
1.26893	6
1.26897	7
1.26897	8
1.26898	9
1.26898	10
1.269	9
1.26905	10
1.26906	11
1.26912	12
1.26919	13
1.26926	14
1.26934	15
1.26943	16
1.26949	17
1.26954	18
1.2696	19
1.26966	20
1.26969	6
1.26973	7
1.26973	8
1.26974	9
1.26974	10
1.26976	8
1.26982	9
1.26982	10
1.26983	11
1.26989	12
1.26997	13
1.27004	14
1.27013	15
1.27019	16
1.27024	17
1.2703	18
1.27036	19
1.27042	20
1.27046	6
1.2705	7
1.2705	8
1.27051	9
1.27051	10
1.27053	8
1.27059	9
1.27059	10
1.2706	11
1.27067	12
1.27075	13
1.27083	14
1.27089	15
1.27094	16
1.271	17
1.27106	18
1.27112	19
1.27119	20
1.27123	6
1.27127	7
1.27127	8
1.27128	9
1.27128	10
1.2713	7
1.27136	8
1.27137	9
1.27137	10
1.27137	11
1.27145	12
1.27153	13
1.27159	14
1.27164	15
1.2717	16
1.27176	17
1.27182	18
1.27189	19
1.27196	20
1.272	6
1.27205	7
1.27205	8
1.27206	9
1.27206	10
1.27208	7
1.27214	8
1.27214	9
1.27215	10
1.27215	11
1.27223	12
1.27229	13
1.27234	14
1.27239	15
1.27246	16
1.27252	17
1.27259	18
1.27267	19
1.27274	20
1.27277	6
1.27282	7
1.27283	8
1.27283	9
1.27284	10
1.27286	7
1.27293	8
1.27293	9
1.27293	10
1.27294	11
1.27299	12
1.27304	13
1.2731	14
1.27316	15
1.27322	16
1.27329	17
1.27336	18
1.27344	19
1.27352	20
1.27355	6
1.27361	7
1.27361	8
1.27361	9
1.27362	10
1.27364	7
1.27369	8
1.27369	9
1.27369	10
1.2737	11
1.27375	12
1.2738	13
1.27386	14
1.27392	15
1.27399	16
1.27406	17
1.27414	18
1.27422	19
1.2743	20
1.27434	6
1.27437	7
1.27437	8
1.27438	9
1.27438	10
1.2744	8
1.27444	9
1.27444	10
1.27445	11
1.2745	12
1.27456	13
1.27462	14
1.27469	15
1.27476	16
1.27484	17
1.27492	18
1.27501	19
1.27506	20
1.27509	6
1.27512	7
1.27512	8
1.27513	9
1.27513	10
1.27515	9
1.2752	10
1.27521	11
1.27526	12
1.27532	13
1.27539	14
1.27546	15
1.27554	16
1.27562	17
1.2757	18
1.27577	19
1.27581	20
1.27585	6
1.27588	7
1.27588	8
1.27589	9
1.27589	10
1.27591	9
1.27596	10
1.27597	11
1.27603	12
1.27609	13
1.27616	14
1.27624	15
1.27632	16
1.2764	17
1.27646	18
1.27652	19
1.27657	20
1.2766	6
1.27664	7
1.27664	8
1.27665	9
1.27665	10
1.27667	9
1.27672	10
1.27673	11
1.2768	12
1.27686	13
1.27694	14
1.27702	15
1.2771	16
1.27716	17
1.27721	18
1.27727	19
1.27733	20
1.27736	6
1.2774	7
1.27741	8
1.27741	9
1.27741	10
1.27744	8
1.27749	9
1.27749	10
1.2775	11
1.27757	12
1.27764	13
1.27772	14
1.2778	15
1.27786	16
1.27791	17
1.27797	18
1.27803	19
1.2781	20
1.27813	6
1.27817	7
1.27817	8
1.27818	9
1.27818	10
1.2782	8
1.27826	9
1.27826	10
1.27827	11
1.27834	12
1.27842	13
1.2785	14
1.27856	15
1.27861	16
1.27867	17
1.27873	18
1.2788	19
1.27887	20
1.2789	6
1.27894	7
1.27895	8
1.27895	9
1.27895	10
1.27898	7
1.27904	8
1.27904	9
1.27904	10
1.27905	11
1.27912	12
1.2792	13
1.27926	14
1.27931	15
1.27937	16
1.27943	17
1.2795	18
1.27957	19
1.27964	20
1.27967	6
1.27972	7
1.27972	8
1.27973	9
1.27973	10
1.27975	7
1.27982	8
1.27982	9
1.27982	10
1.27983	11
1.27991	12
1.27996	13
1.28001	14
1.28007	15
1.28013	16
1.2802	17
1.28026	18
1.28034	19
1.28041	20
1.28045	6
1.2805	7
1.2805	8
1.28051	9
1.28051	10
1.28053	7
1.2806	8
1.2806	9
1.2806	10
1.28061	11
1.28066	12
1.28071	13
1.28077	14
1.28083	15
1.28089	16
1.28096	17
1.28103	18
1.28111	19
1.28119	20
1.28122	6
1.28128	7
1.28128	8
1.28129	9
1.28129	10
1.28131	7
1.28136	8
1.28136	9
1.28136	10
1.28137	11
1.28142	12
1.28147	13
1.28153	14
1.28159	15
1.28166	16
1.28174	17
1.28181	18
1.28189	19
1.28197	20
1.28201	6
1.28204	7
1.28204	8
1.28205	9
1.28206	10
1.28207	8
1.28211	9
1.28211	10
1.28212	11
1.28218	12
1.28223	13
1.2823	14
1.28236	15
1.28243	16
1.28251	17
1.28259	18
1.28268	19
1.28274	20
1.28277	6
1.28279	7
1.28279	8
1.2828	9
1.28281	10
1.28283	9
1.28287	10
1.28288	11
1.28294	12
1.283	13
1.28306	14
1.28313	15
1.28321	16
1.28329	17
1.28338	18
1.28344	19
1.28349	20
1.28352	6
1.28355	7
1.28355	8
1.28356	9
1.28356	10
1.28358	9
1.28363	10
1.28364	11
1.2837	12
1.28377	13
1.28384	14
1.28391	15
1.28399	16
1.28407	17
1.28414	18
1.28419	19
1.28424	20
1.28428	6
1.28431	7
1.28431	8
1.28432	9
1.28432	10
1.28434	9
1.2844	10
1.2844	11
1.28447	12
1.28454	13
1.28461	14
1.28469	15
1.28477	16
1.28483	17
1.28489	18
1.28495	19
1.28501	20
1.28504	6
1.28508	7
1.28508	8
1.28508	9
1.28509	10
1.28511	8
1.28516	9
1.28516	10
1.28517	11
1.28524	12
1.28531	13
1.28539	14
1.28547	15
1.28553	16
1.28559	17
1.28564	18
1.28571	19
1.28577	20
1.2858	6
1.28584	7
1.28585	8
1.28585	9
1.28585	10
1.28588	8
1.28594	9
1.28594	10
1.28594	11
1.28602	12
1.28609	13
1.28617	14
1.28623	15
1.28628	16
1.28634	17
1.28641	18
1.28647	19
1.28654	20
1.28657	6
1.28662	7
1.28662	8
1.28663	9
1.28663	10
1.28665	7
1.28671	8
1.28671	9
1.28671	10
1.28672	11
1.2868	12
1.28687	13
1.28693	14
1.28698	15
1.28704	16
1.2871	17
1.28717	18
1.28724	19
1.28731	20
1.28734	6
1.28739	7
1.28739	8
1.2874	9
1.2874	10
1.28743	7
1.28749	8
1.28749	9
1.28749	10
1.2875	11
1.28758	12
1.28763	13
1.28768	14
1.28774	15
1.2878	16
1.28787	17
1.28794	18
1.28801	19
1.28808	20
1.28812	6
1.28817	7
1.28817	8
1.28818	9
1.28818	10
1.2882	7
1.28827	8
1.28827	9
1.28827	10
1.28828	11
1.28834	12
1.28839	13
1.28844	14
1.2885	15
1.28857	16
1.28863	17
1.28871	18
1.28878	19
1.28886	20
1.2889	6
1.28895	7
1.28895	8
1.28896	9
1.28896	10
1.28899	7
1.28903	8
1.28903	9
1.28903	10
1.28904	11
1.28909	12
1.28914	13
1.2892	14
1.28927	15
1.28934	16
1.28941	17
1.28949	18
1.28957	19
1.28965	20
1.28968	6
1.28971	7
1.28972	8
1.28973	9
1.28973	10
1.28975	8
1.28979	9
1.28979	10
1.2898	11
1.28985	12
1.28991	13
1.28997	14
1.29004	15
1.29011	16
1.29018	17
1.29027	18
1.29035	19
1.29041	20
1.29044	6
1.29046	7
1.29047	8
1.29048	9
1.29048	10
1.2905	9
1.29054	10
1.29055	11
1.29061	12
1.29067	13
1.29074	14
1.29081	15
1.29088	16
1.29096	17
1.29105	18
1.29111	19
1.29116	20
1.29119	6
1.29122	7
1.29122	8
1.29123	9
1.29124	10
1.29126	9
1.2913	10
1.29131	11
1.29137	12
1.29144	13
1.29151	14
1.29158	15
1.29166	16
1.29175	17
1.29181	18
1.29186	19
1.29192	20
1.29195	6
1.29198	7
1.29199	8
1.29199	9
1.292	10
1.29202	9
1.29207	10
1.29208	11
1.29214	12
1.29221	13
1.29228	14
1.29236	15
1.29244	16
1.29251	17
1.29256	18
1.29262	19
1.29268	20
1.29271	6
1.29275	7
1.29275	8
1.29276	9
1.29276	10
1.29278	8
1.29284	9
1.29284	10
1.29285	11
1.29291	12
1.29299	13
1.29306	14
1.29314	15
1.2932	16
1.29326	17
1.29332	18
1.29338	19
1.29344	20
1.29348	6
1.29352	7
1.29352	8
1.29352	9
1.29353	10
1.29355	8
1.29361	9
1.29361	10
1.29362	11
1.29369	12
1.29376	13
1.29384	14
1.2939	15
1.29396	16
1.29402	17
1.29408	18
1.29414	19
1.29421	20
1.29424	6
1.29429	7
1.29429	8
1.2943	9
1.2943	10
1.29432	7
1.29438	8
1.29438	9
1.29439	10
1.29439	11
1.29447	12
1.29455	13
1.2946	14
1.29466	15
1.29471	16
1.29478	17
1.29484	18
1.29491	19
1.29498	20
1.29502	6
1.29506	7
1.29507	8
1.29507	9
1.29508	10
1.2951	7
1.29516	8
1.29516	9
1.29516	10
1.29517	11
1.29525	12
1.29531	13
1.29536	14
1.29541	15
1.29547	16
1.29554	17
1.29561	18
1.29568	19
1.29576	20
1.29579	6
1.29584	7
1.29584	8
1.29585	9
1.29586	10
1.29588	7
1.29594	8
1.29595	9
1.29595	10
1.29596	11
1.29601	12
1.29606	13
1.29611	14
1.29617	15
1.29624	16
1.29631	17
1.29638	18
1.29646	19
1.29653	20
1.29657	6
1.29662	7
1.29663	8
1.29663	9
1.29664	10
1.29666	7
1.2967	8
1.29671	9
1.29671	10
1.29671	11
1.29676	12
1.29682	13
1.29688	14
1.29694	15
1.29701	16
1.29708	17
1.29716	18
1.29724	19
1.29732	20
1.29735	6
1.29739	7
1.29739	8
1.2974	9
1.2974	10
1.29742	8
1.29746	9
1.29746	10
1.29747	11
1.29752	12
1.29758	13
1.29764	14
1.29771	15
1.29778	16
1.29786	17
1.29794	18
1.29803	19
1.29808	20
1.29811	6
1.29813	7
1.29814	8
1.29815	9
1.29815	10
1.29817	9
1.29822	10
1.29823	11
1.29828	12
1.29834	13
1.29841	14
1.29848	15
1.29856	16
1.29864	17
1.29872	18
1.29879	19
1.29883	20
1.29886	6
1.29889	7
1.2989	8
1.29891	9
1.29891	10
1.29893	9
1.29898	10
1.29899	11
1.29905	12
1.29911	13
1.29918	14
1.29926	15
1.29933	16
1.29942	17
1.29948	18
1.29954	19
1.29959	20
1.29962	6
1.29966	7
1.29966	8
1.29967	9
1.29967	10
1.29969	9
1.29974	10
1.29975	11
1.29981	12
1.29988	13
1.29996	14
1.30003	15
1.30012	16
1.30018	17
1.30023	18
1.30029	19
1.30035	20
1.30038	6
1.30042	7
1.30042	8
1.30043	9
1.30043	10
1.30045	8
1.30051	9
1.30051	10
1.30052	11
1.30059	12
1.30066	13
1.30073	14
1.30082	15
1.30088	16
1.30093	17
1.30099	18
1.30105	19
1.30112	20
1.30115	6
1.30119	7
1.30119	8
1.3012	9
1.3012	10
1.30122	8
1.30128	9
1.30128	10
1.30129	11
1.30136	12
1.30144	13
1.30152	14
1.30158	15
1.30163	16
1.30169	17
1.30175	18
1.30182	19
1.30188	20
1.30192	6
1.30196	7
1.30196	8
1.30197	9
1.30197	10
1.302	7
1.30206	8
1.30206	9
1.30206	10
1.30207	11
1.30214	12
1.30222	13
1.30228	14
1.30233	15
1.30239	16
1.30245	17
1.30252	18
1.30258	19
1.30266	20
1.30269	6
1.30274	7
1.30274	8
1.30275	9
1.30275	10
1.30277	7
1.30283	8
1.30284	9
1.30284	10
1.30285	11
1.30292	12
1.30298	13
1.30303	14
1.30309	15
1.30315	16
1.30321	17
1.30328	18
1.30336	19
1.30343	20
1.30346	6
1.30352	7
1.30352	8
1.30353	9
1.30353	10
1.30355	7
1.30362	8
1.30362	9
1.30362	10
1.30363	11
1.30368	12
1.30373	13
1.30379	14
1.30385	15
1.30391	16
1.30398	17
1.30405	18
1.30413	19
1.30421	20
1.30424	6
1.3043	7
1.3043	8
1.30431	9
1.30431	10
1.30433	7
1.30438	8
1.30438	9
1.30438	10
1.30439	11
1.30444	12
1.30449	13
1.30455	14
1.30461	15
1.30468	16
1.30475	17
1.30483	18
1.30491	19
1.30499	20
1.30503	6
1.30506	7
1.30506	8
1.30507	9
1.30507	10
1.30509	8
1.30513	9
1.30513	10
1.30514	11
1.30519	12
1.30525	13
1.30531	14
1.30538	15
1.30545	16
1.30553	17
1.30561	18
1.3057	19
1.30575	20
1.30578	6
1.30581	7
1.30581	8
1.30582	9
1.30582	10
1.30585	9
1.30589	10
1.3059	11
1.30595	12
1.30602	13
1.30608	14
1.30615	15
1.30623	16
1.30631	17
1.30639	18
1.30646	19
1.3065	20
1.30654	6
1.30657	7
1.30657	8
1.30658	9
1.30658	10
1.3066	9
1.30665	10
1.30666	11
1.30672	12
1.30678	13
1.30685	14
1.30693	15
1.30701	16
1.30709	17
1.30715	18
1.30721	19
1.30726	20
1.30729	6
1.30733	7
1.30733	8
1.30734	9
1.30734	10
1.30736	9
1.30741	10
1.30742	11
1.30749	12
1.30756	13
1.30763	14
1.30771	15
1.30779	16
1.30785	17
1.30791	18
1.30796	19
1.30802	20
1.30806	6
1.3081	7
1.3081	8
1.3081	9
1.30811	10
1.30813	8
1.30818	9
1.30818	10
1.30819	11
1.30826	12
1.30833	13
1.30841	14
1.30849	15
1.30855	16
1.3086	17
1.30866	18
1.30872	19
1.30879	20
1.30882	6
1.30886	7
1.30887	8
1.30887	9
1.30887	10
1.3089	8
1.30895	9
1.30895	10
1.30896	11
1.30903	12
1.30911	13
1.30919	14
1.30925	15
1.3093	16
1.30936	17
1.30942	18
1.30949	19
1.30956	20
1.30959	6
1.30963	7
1.30964	8
1.30964	9
1.30965	10
1.30967	7
1.30973	8
1.30973	9
1.30973	10
1.30974	11
1.30981	12
1.30989	13
1.30995	14
1.31	15
1.31006	16
1.31012	17
1.31019	18
1.31026	19
1.31033	20
1.31036	6
1.31041	7
1.31041	8
1.31042	9
1.31042	10
1.31044	7
1.31051	8
1.31051	9
1.31051	10
1.31052	11
1.3106	12
1.31065	13
1.3107	14
1.31076	15
1.31082	16
1.31089	17
1.31096	18
1.31103	19
1.3111	20
1.31114	6
1.31119	7
1.31119	8
1.3112	9
1.3112	10
1.31122	7
1.31129	8
1.31129	9
1.31129	10
1.3113	11
1.31135	12
1.3114	13
1.31146	14
1.31152	15
1.31158	16
1.31165	17
1.31173	18
1.3118	19
1.31188	20
1.31192	6
1.31197	7
1.31197	8
1.31198	9
1.31198	10
1.31201	7
1.31205	8
1.31205	9
1.31205	10
1.31206	11
1.31211	12
1.31216	13
1.31222	14
1.31229	15
1.31235	16
1.31243	17
1.3125	18
1.31259	19
1.31266	20
1.3127	6
1.31273	7
1.31274	8
1.31274	9
1.31275	10
1.31277	8
1.3128	9
1.3128	10
1.31281	11
1.31287	12
1.31292	13
1.31299	14
1.31305	15
1.31313	16
1.3132	17
1.31328	18
1.31337	19
1.31343	20
1.31346	6
1.31348	7
1.31348	8
1.31349	9
1.3135	10
1.31352	9
1.31356	10
1.31357	11
1.31363	12
1.31369	13
1.31375	14
1.31383	15
1.3139	16
1.31398	17
1.31407	18
1.31413	19
1.31418	20
1.31421	6
1.31424	7
1.31424	8
1.31425	9
1.31425	10
1.31428	9
1.31432	10
1.31433	11
1.31439	12
1.31446	13
1.31453	14
1.3146	15
1.31468	16
1.31476	17
1.31483	18
1.31488	19
1.31493	20
1.31497	6
1.315	7
1.315	8
1.31501	9
1.31502	10
1.31504	9
1.31509	10
1.3151	11
1.31516	12
1.31523	13
1.3153	14
1.31538	15
1.31546	16
1.31552	17
1.31558	18
1.31564	19
1.3157	20
1.31573	6
1.31577	7
1.31577	8
1.31578	9
1.31578	10
1.3158	8
1.31585	9
1.31586	10
1.31586	11
1.31593	12
1.316	13
1.31608	14
1.31616	15
1.31622	16
1.31628	17
1.31634	18
1.3164	19
1.31646	20
1.31649	6
1.31654	7
1.31654	8
1.31654	9
1.31655	10
1.31657	8
1.31663	9
1.31663	10
1.31664	11
1.31671	12
1.31678	13
1.31686	14
1.31692	15
1.31697	16
1.31703	17
1.3171	18
1.31716	19
1.31723	20
1.31726	6
1.31731	7
1.31731	8
1.31732	9
1.31732	10
1.31734	7
1.3174	8
1.3174	9
1.3174	10
1.31741	11
1.31749	12
1.31756	13
1.31762	14
1.31767	15
1.31773	16
1.31779	17
1.31786	18
1.31793	19
1.318	20
1.31803	6
1.31808	7
1.31809	8
1.31809	9
1.31809	10
1.31812	7
1.31818	8
1.31818	9
1.31818	10
1.31819	11
1.31827	12
1.31832	13
1.31838	14
1.31843	15
1.31849	16
1.31856	17
1.31863	18
1.3187	19
1.31878	20
1.31881	6
1.31886	7
1.31886	8
1.31887	9
1.31887	10
1.3189	7
1.31896	8
1.31896	9
1.31897	10
1.31897	11
1.31903	12
1.31908	13
1.31913	14
1.31919	15
1.31926	16
1.31933	17
1.3194	18
1.31947	19
1.31955	20
1.31959	6
1.31964	7
1.31964	8
1.31965	9
1.31965	10
1.31968	7
1.31972	8
1.31972	9
1.31972	10
1.31973	11
1.31978	12
1.31984	13
1.31989	14
1.31996	15
1.32003	16
1.3201	17
1.32018	18
1.32026	19
1.32034	20
1.32037	6
1.32041	7
1.32041	8
1.32042	9
1.32042	10
1.32044	8
1.32048	9
1.32048	10
1.32049	11
1.32054	12
1.3206	13
1.32066	14
1.32073	15
1.3208	16
1.32088	17
1.32096	18
1.32104	19
1.3211	20
1.32113	6
1.32115	7
1.32116	8
1.32117	9
1.32117	10
1.32119	9
1.32123	10
1.32124	11
1.3213	12
1.32136	13
1.32143	14
1.3215	15
1.32157	16
1.32165	17
1.32174	18
1.3218	19
1.32185	20
1.32188	6
1.32191	7
1.32192	8
1.32192	9
1.32193	10
1.32195	9
1.32199	10
1.322	11
1.32206	12
1.32213	13
1.3222	14
1.32227	15
1.32235	16
1.32244	17
1.3225	18
1.32255	19
1.32261	20
1.32264	6
1.32268	7
1.32268	8
1.32268	9
1.32269	10
1.32271	9
1.32276	10
1.32277	11
1.32283	12
1.3229	13
1.32297	14
1.32305	15
1.32314	16
1.3232	17
1.32325	18
1.32331	19
1.32337	20
1.3234	6
1.32344	7
1.32344	8
1.32345	9
1.32345	10
1.32347	8
1.32353	9
1.32353	10
1.32354	11
1.3236	12
1.32368	13
1.32375	14
1.32383	15
1.3239	16
1.32395	17
1.32401	18
1.32407	19
1.32413	20
1.32417	6
1.32421	7
1.32421	8
1.32422	9
1.32422	10
1.32424	8
1.3243	9
1.3243	10
1.32431	11
1.32438	12
1.32446	13
1.32454	14
1.32459	15
1.32465	16
1.32471	17
1.32477	18
1.32483	19
1.3249	20
1.32493	6
1.32498	7
1.32498	8
1.32499	9
1.32499	10
1.32501	7
1.32507	8
1.32508	9
1.32508	10
1.32508	11
1.32516	12
1.32524	13
1.3253	14
1.32535	15
1.3254	16
1.32547	17
1.32553	18
1.3256	19
1.32567	20
1.32571	6
1.32576	7
1.32576	8
1.32577	9
1.32577	10
1.32579	7
1.32585	8
1.32585	9
1.32586	10
1.32586	11
1.32594	12
1.326	13
1.32605	14
1.3261	15
1.32617	16
1.32623	17
1.3263	18
1.32637	19
1.32645	20
1.32648	6
1.32653	7
1.32654	8
1.32654	9
1.32655	10
1.32657	7
1.32664	8
1.32664	9
1.32664	10
1.32665	11
1.3267	12
1.32675	13
1.32681	14
1.32687	15
1.32693	16
1.327	17
1.32707	18
1.32715	19
1.32722	20
1.32726	6
1.32731	7
1.32732	8
1.32732	9
1.32733	10
1.32735	7
1.3274	8
1.3274	9
1.3274	10
1.3274	11
1.32745	12
1.32751	13
1.32757	14
1.32763	15
1.3277	16
1.32777	17
1.32785	18
1.32793	19
1.32801	20
1.32804	6
1.32808	7
1.32808	8
1.32809	9
1.32809	10
1.32811	8
1.32815	9
1.32815	10
1.32816	11
1.32821	12
1.32827	13
1.32833	14
1.3284	15
1.32847	16
1.32855	17
1.32863	18
1.32872	19
1.32877	20
1.3288	6
1.32883	7
1.32883	8
1.32884	9
1.32884	10
1.32886	9
1.32891	10
1.32892	11
1.32897	12
1.32903	13
1.3291	14
1.32917	15
1.32925	16
1.32933	17
1.32941	18
1.32948	19
1.32952	20
1.32956	6
1.32959	7
1.32959	8
1.3296	9
1.3296	10
1.32962	9
1.32967	10
1.32968	11
1.32974	12
1.3298	13
1.32987	14
1.32995	15
1.33003	16
1.33011	17
1.33017	18
1.33023	19
1.33028	20
1.33031	6
1.33035	7
1.33035	8
1.33036	9
1.33036	10
1.33038	9
1.33043	10
1.33044	11
1.33051	12
1.33057	13
1.33065	14
1.33073	15
1.33081	16
1.33087	17
1.33092	18
1.33098	19
1.33104	20
1.33107	6
1.33111	7
1.33112	8
1.33112	9
1.33112	10
1.33115	8
1.3312	9
1.3312	10
1.33121	11
1.33128	12
1.33135	13
1.33143	14
1.33151	15
1.33157	16
1.33162	17
1.33168	18
1.33174	19
1.33181	20
1.33184	6
1.33188	7
1.33188	8
1.33189	9
1.33189	10
1.33191	8
1.33197	9
1.33197	10
1.33198	11
1.33205	12
1.33213	13
1.33221	14
1.33227	15
1.33232	16
1.33238	17
1.33244	18
1.33251	19
1.33258	20
1.33261	6
1.33265	7
1.33266	8
1.33266	9
1.33266	10
1.33269	7
1.33275	8
1.33275	9
1.33275	10
1.33276	11
1.33283	12
1.33291	13
1.33297	14
1.33302	15
1.33308	16
1.33314	17
1.33321	18
1.33328	19
1.33335	20
1.33338	6
1.33343	7
1.33343	8
1.33344	9
1.33344	10
1.33346	7
1.33353	8
1.33353	9
1.33353	10
1.33354	11
1.33361	12
1.33367	13
1.33372	14
1.33378	15
1.33384	16
1.3339	17
1.33397	18
1.33405	19
1.33412	20
1.33415	6
1.33421	7
1.33421	8
1.33422	9
1.33422	10
1.33424	7
1.33431	8
1.33431	9
1.33431	10
1.33432	11
1.33437	12
1.33442	13
1.33448	14
1.33454	15
1.3346	16
1.33467	17
1.33474	18
1.33482	19
1.3349	20
1.33493	6
1.33499	7
1.33499	8
1.335	9
1.335	10
1.33502	7
1.33507	8
1.33507	9
1.33507	10
1.33508	11
1.33513	12
1.33518	13
1.33524	14
1.3353	15
1.33537	16
1.33545	17
1.33552	18
1.3356	19
1.33568	20
1.33572	6
1.33575	7
1.33575	8
1.33576	9
1.33576	10
1.33578	8
1.33582	9
1.33582	10
1.33583	11
1.33588	12
1.33594	13
1.336	14
1.33607	15
1.33614	16
1.33622	17
1.3363	18
1.33639	19
1.33645	20
1.33648	6
1.3365	7
1.3365	8
1.33651	9
1.33651	10
1.33654	9
1.33658	10
1.33659	11
1.33665	12
1.33671	13
1.33677	14
1.33684	15
1.33692	16
1.337	17
1.33709	18
1.33715	19
1.33719	20
1.33723	6
1.33726	7
1.33726	8
1.33727	9
1.33727	10
1.33729	9
1.33734	10
1.33735	11
1.33741	12
1.33747	13
1.33754	14
1.33762	15
1.3377	16
1.33778	17
1.33785	18
1.3379	19
1.33795	20
1.33799	6
1.33802	7
1.33802	8
1.33803	9
1.33803	10
1.33805	9
1.3381	10
1.33811	11
1.33818	12
1.33825	13
1.33832	14
1.3384	15
1.33848	16
1.33854	17
1.3386	18
1.33866	19
1.33872	20
1.33875	6
1.33879	7
1.33879	8
1.33879	9
1.3388	10
1.33882	8
1.33887	9
1.33887	10
1.33888	11
1.33895	12
1.33902	13
1.3391	14
1.33918	15
1.33924	16
1.33929	17
1.33935	18
1.33941	19
1.33948	20
1.33951	6
1.33955	7
1.33956	8
1.33956	9
1.33956	10
1.33959	8
1.33964	9
1.33965	10
1.33965	11
1.33972	12
1.3398	13
1.33988	14
1.33994	15
1.33999	16
1.34005	17
1.34011	18
1.34018	19
1.34025	20
1.34028	6
1.34033	7
1.34033	8
1.34033	9
1.34034	10
1.34036	7
1.34042	8
1.34042	9
1.34042	10
1.34043	11
1.34051	12
1.34058	13
1.34064	14
1.34069	15
1.34075	16
1.34081	17
1.34088	18
1.34095	19
1.34102	20
1.34105	6
1.3411	7
1.3411	8
1.34111	9
1.34111	10
1.34113	7
1.3412	8
1.3412	9
1.3412	10
1.34121	11
1.34129	12
1.34134	13
1.34139	14
1.34145	15
1.34151	16
1.34158	17
1.34165	18
1.34172	19
1.34179	20
1.34183	6
1.34188	7
1.34188	8
1.34189	9
1.34189	10
1.34191	7
1.34198	8
1.34198	9
1.34198	10
1.34199	11
1.34205	12
1.3421	13
1.34215	14
1.34221	15
1.34228	16
1.34234	17
1.34242	18
1.34249	19
1.34257	20
1.34261	6
1.34266	7
1.34266	8
1.34267	9
1.34267	10
1.3427	7
1.34274	8
1.34274	9
1.34274	10
1.34275	11
1.3428	12
1.34285	13
1.34291	14
1.34298	15
1.34305	16
1.34312	17
1.3432	18
1.34328	19
1.34336	20
1.34339	6
1.34342	7
1.34343	8
1.34343	9
1.34344	10
1.34346	8
1.34349	9
1.3435	10
1.3435	11
1.34356	12
1.34362	13
1.34368	14
1.34374	15
1.34382	16
1.34389	17
1.34398	18
1.34406	19
1.34412	20
1.34415	6
1.34417	7
1.34418	8
1.34418	9
1.34419	10
1.34421	9
1.34425	10
1.34426	11
1.34432	12
1.34438	13
1.34445	14
1.34452	15
1.34459	16
1.34467	17
1.34476	18
1.34482	19
1.34487	20
1.3449	6
1.34493	7
1.34493	8
1.34494	9
1.34494	10
1.34497	9
1.34501	10
1.34502	11
1.34508	12
1.34515	13
1.34522	14
1.34529	15
1.34537	16
1.34546	17
1.34552	18
1.34557	19
1.34563	20
1.34566	6
1.34569	7
1.3457	8
1.3457	9
1.34571	10
1.34573	9
1.34578	10
1.34579	11
1.34585	12
1.34592	13
1.34599	14
1.34607	15
1.34615	16
1.34621	17
1.34627	18
1.34633	19
1.34639	20
1.34642	6
1.34646	7
1.34646	8
1.34647	9
1.34647	10
1.34649	8
1.34655	9
1.34655	10
1.34656	11
1.34662	12
1.34669	13
1.34677	14
1.34685	15
1.34691	16
1.34697	17
1.34703	18
1.34709	19
1.34715	20
1.34719	6
1.34723	7
1.34723	8
1.34723	9
1.34724	10
1.34726	8
1.34732	9
1.34732	10
1.34733	11
1.3474	12
1.34747	13
1.34755	14
1.34761	15
1.34767	16
1.34772	17
1.34779	18
1.34785	19
1.34792	20
1.34795	6
1.348	7
1.348	8
1.34801	9
1.34801	10
1.34803	7
1.34809	8
1.34809	9
1.34809	10
1.3481	11
1.34818	12
1.34826	13
1.34831	14
1.34837	15
1.34842	16
1.34849	17
1.34855	18
1.34862	19
1.34869	20
1.34872	6
1.34877	7
1.34878	8
1.34878	9
1.34879	10
1.34881	7
1.34887	8
1.34887	9
1.34887	10
1.34888	11
1.34896	12
1.34902	13
1.34907	14
1.34912	15
1.34918	16
1.34925	17
1.34932	18
1.34939	19
1.34947	20
1.3495	6
1.34955	7
1.34955	8
1.34956	9
1.34956	10
1.34959	7
1.34965	8
1.34966	9
1.34966	10
1.34966	11
1.34972	12
1.34977	13
1.34982	14
1.34988	15
1.34995	16
1.35002	17
1.35009	18
1.35017	19
1.35024	20
1.35028	6
1.35033	7
1.35034	8
1.35034	9
1.35035	10
1.35037	7
1.35041	8
1.35041	9
1.35042	10
1.35042	11
1.35047	12
1.35053	13
1.35059	14
1.35065	15
1.35072	16
1.35079	17
1.35087	18
1.35095	19
1.35103	20
1.35106	6
1.3511	7
1.3511	8
1.35111	9
1.35111	10
1.35113	8
1.35117	9
1.35117	10
1.35118	11
1.35123	12
1.35129	13
1.35135	14
1.35142	15
1.35149	16
1.35157	17
1.35165	18
1.35173	19
1.35179	20
1.35182	6
1.35184	7
1.35185	8
1.35186	9
1.35186	10
1.35188	9
1.35192	10
1.35193	11
1.35199	12
1.35205	13
1.35212	14
1.35219	15
1.35227	16
1.35235	17
1.35243	18
1.35249	19
1.35254	20
1.35257	6
1.3526	7
1.35261	8
1.35261	9
1.35262	10
1.35264	9
1.35269	10
1.3527	11
1.35276	12
1.35282	13
1.35289	14
1.35296	15
1.35304	16
1.35313	17
1.35319	18
1.35324	19
1.3533	20
1.35333	6
1.35337	7
1.35337	8
1.35338	9
1.35338	10
1.3534	9
1.35345	10
1.35346	11
1.35352	12
1.35359	13
1.35367	14
1.35374	15
1.35383	16
1.35389	17
1.35394	18
1.354	19
1.35406	20
1.35409	6
1.35413	7
1.35413	8
1.35414	9
1.35414	10
1.35416	8
1.35422	9
1.35422	10
1.35423	11
1.3543	12
1.35437	13
1.35444	14
1.35453	15
1.35459	16
1.35464	17
1.3547	18
1.35476	19
1.35483	20
1.35486	6
1.3549	7
1.3549	8
1.35491	9
1.35491	10
1.35493	8
1.35499	9
1.35499	10
1.355	11
1.35507	12
1.35515	13
1.35523	14
1.35529	15
1.35534	16
1.3554	17
1.35546	18
1.35552	19
1.35559	20
1.35563	6
1.35567	7
1.35567	8
1.35568	9
1.35568	10
1.35571	7
1.35577	8
1.35577	9
1.35577	10
1.35577	11
1.35585	12
1.35593	13
1.35599	14
1.35604	15
1.3561	16
1.35616	17
1.35622	18
1.35629	19
1.35637	20
1.3564	6
1.35645	7
1.35645	8
1.35646	9
1.35646	10
1.35648	7
1.35654	8
1.35655	9
1.35655	10
1.35655	11
1.35663	12
1.35669	13
1.35674	14
1.3568	15
1.35686	16
1.35692	17
1.35699	18
1.35707	19
1.35714	20
1.35717	6
1.35722	7
1.35723	8
1.35724	9
1.35724	10
1.35726	7
1.35733	8
1.35733	9
1.35733	10
1.35734	11
1.35739	12
1.35744	13
1.3575	14
1.35756	15
1.35762	16
1.35769	17
1.35776	18
1.35784	19
1.35792	20
1.35795	6
1.35801	7
1.35801	8
1.35802	9
1.35802	10
1.35804	7
1.35809	8
1.35809	9
1.35809	10
1.3581	11
1.35815	12
1.3582	13
1.35826	14
1.35832	15
1.35839	16
1.35846	17
1.35854	18
1.35862	19
1.3587	20
1.35874	6
1.35877	7
1.35877	8
1.35878	9
1.35878	10
1.3588	8
1.35884	9
1.35884	10
1.35885	11
1.3589	12
1.35896	13
1.35902	14
1.35909	15
1.35916	16
1.35924	17
1.35932	18
1.35941	19
1.35946	20
1.35949	6
1.35952	7
1.35952	8
1.35953	9
1.35953	10
1.35955	9
1.3596	10
1.35961	11
1.35966	12
1.35973	13
1.35979	14
1.35986	15
1.35994	16
1.36002	17
1.3601	18
1.36017	19
1.36021	20
1.36025	6
1.36028	7
1.36028	8
1.36029	9
1.36029	10
1.36031	9
1.36036	10
1.36037	11
1.36043	12
1.36049	13
1.36056	14
1.36064	15
1.36072	16
1.3608	17
1.36086	18
1.36092	19
1.36097	20
1.361	6
1.36104	7
1.36104	8
1.36105	9
1.36105	10
1.36107	9
1.36112	10
1.36113	11
1.3612	12
1.36126	13
1.36134	14
1.36142	15
1.3615	16
1.36156	17
1.36161	18
1.36167	19
1.36173	20
1.36176	6
1.3618	7
1.36181	8
1.36181	9
1.36182	10
1.36184	8
1.36189	9
1.36189	10
1.3619	11
1.36197	12
1.36204	13
1.36212	14
1.3622	15
1.36226	16
1.36231	17
1.36237	18
1.36243	19
1.3625	20
1.36253	6
1.36257	7
1.36258	8
1.36258	9
1.36258	10
1.36261	8
1.36266	9
1.36266	10
1.36267	11
1.36274	12
1.36282	13
1.3629	14
1.36296	15
1.36301	16
1.36307	17
1.36313	18
1.3632	19
1.36327	20
1.3633	6
1.36334	7
1.36335	8
1.36335	9
1.36336	10
1.36338	7
1.36344	8
1.36344	9
1.36344	10
1.36345	11
1.36352	12
1.3636	13
1.36366	14
1.36371	15
1.36377	16
1.36383	17
1.3639	18
1.36397	19
1.36404	20
1.36407	6
1.36412	7
1.36412	8
1.36413	9
1.36413	10
1.36415	7
1.36422	8
1.36422	9
1.36422	10
1.36423	11
1.36431	12
1.36436	13
1.36441	14
1.36447	15
1.36453	16
1.3646	17
1.36467	18
1.36474	19
1.36481	20
1.36485	6
1.3649	7
1.3649	8
1.36491	9
1.36491	10
1.36493	7
1.365	8
1.365	9
1.365	10
1.36501	11
1.36506	12
1.36511	13
1.36517	14
1.36523	15
1.36529	16
1.36536	17
1.36543	18
1.36551	19
1.36559	20
1.36562	6
1.36568	7
1.36568	8
1.36569	9
1.36569	10
1.36571	7
1.36576	8
1.36576	9
1.36576	10
1.36577	11
1.36582	12
1.36587	13
1.36593	14
1.366	15
1.36606	16
1.36614	17
1.36621	18
1.36629	19
1.36637	20
1.36641	6
1.36644	7
1.36644	8
1.36645	9
1.36646	10
1.36647	8
1.36651	9
1.36651	10
1.36652	11
1.36658	12
1.36663	13
1.3667	14
1.36676	15
1.36684	16
1.36691	17
1.36699	18
1.36708	19
1.36714	20
1.36717	6
1.36719	7
1.36719	8
1.3672	9
1.36721	10
1.36723	9
1.36727	10
1.36728	11
1.36734	12
1.3674	13
1.36746	14
1.36753	15
1.36761	16
1.36769	17
1.36778	18
1.36784	19
1.36789	20
1.36792	6
1.36795	7
1.36795	8
1.36796	9
1.36796	10
1.36798	9
1.36803	10
1.36804	11
1.3681	12
1.36817	13
1.36824	14
1.36831	15
1.36839	16
1.36847	17
1.36854	18
1.36859	19
1.36864	20
1.36868	6
1.36871	7
1.36871	8
1.36872	9
1.36872	10
1.36875	9
1.3688	10
1.36881	11
1.36887	12
1.36894	13
1.36901	14
1.36909	15
1.36917	16
1.36923	17
1.36929	18
1.36935	19
1.36941	20
1.36944	6
1.36948	7
1.36948	8
1.36948	9
1.36949	10
1.36951	8
1.36956	9
1.36957	10
1.36957	11
1.36964	12
1.36971	13
1.36979	14
1.36987	15
1.36993	16
1.36999	17
1.37004	18
1.37011	19
1.37017	20
1.3702	6
1.37025	7
1.37025	8
1.37025	9
1.37025	10
1.37028	8
1.37034	9
1.37034	10
1.37035	11
1.37042	12
1.37049	13
1.37057	14
1.37063	15
1.37068	16
1.37074	17
1.37081	18
1.37087	19
1.37094	20
1.37097	6
1.37102	7
1.37102	8
1.37103	9
1.37103	10
1.37105	7
1.37111	8
1.37111	9
1.37111	10
1.37112	11
1.3712	12
1.37127	13
1.37133	14
1.37138	15
1.37144	16
1.3715	17
1.37157	18
1.37164	19
1.37171	20
1.37174	6
1.37179	7
1.37179	8
1.3718	9
1.3718	10
1.37183	7
1.37189	8
1.37189	9
1.37189	10
1.3719	11
1.37198	12
1.37203	13
1.37208	14
1.37214	15
1.3722	16
1.37227	17
1.37234	18
1.37241	19
1.37248	20
1.37252	6
1.37257	7
1.37257	8
1.37258	9
1.37258	10
1.3726	7
1.37267	8
1.37267	9
1.37267	10
1.37268	11
1.37274	12
1.37279	13
1.37284	14
1.3729	15
1.37297	16
1.37304	17
1.37311	18
1.37318	19
1.37326	20
1.3733	6
1.37335	7
1.37335	8
1.37336	9
1.37336	10
1.37339	7
1.37343	8
1.37343	9
1.37343	10
1.37344	11
1.37349	12
1.37355	13
1.3736	14
1.37367	15
1.37374	16
1.37381	17
1.37389	18
1.37397	19
1.37405	20
1.37408	6
1.37412	7
1.37412	8
1.37413	9
1.37413	10
1.37415	8
1.37419	9
1.37419	10
1.3742	11
1.37425	12
1.37431	13
1.37437	14
1.37444	15
1.37451	16
1.37458	17
1.37467	18
1.37475	19
1.37481	20
1.37484	6
1.37486	7
1.37487	8
1.37488	9
1.37488	10
1.3749	9
1.37494	10
1.37495	11
1.37501	12
1.37507	13
1.37514	14
1.37521	15
1.37528	16
1.37536	17
1.37545	18
1.37551	19
1.37556	20
1.37559	6
1.37562	7
1.37562	8
1.37563	9
1.37564	10
1.37566	9
1.3757	10
1.37571	11
1.37577	12
1.37584	13
1.37591	14
1.37598	15
1.37606	16
1.37615	17
1.37621	18
1.37626	19
1.37632	20
1.37635	6
1.37638	7
1.37639	8
1.37639	9
1.3764	10
1.37642	9
1.37647	10
1.37648	11
1.37654	12
1.37661	13
1.37668	14
1.37676	15
1.37684	16
1.37691	17
1.37696	18
1.37702	19
1.37708	20
1.37711	6
1.37715	7
1.37715	8
1.37716	9
1.37716	10
1.37718	8
1.37724	9
1.37724	10
1.37725	11
1.37731	12
1.37739	13
1.37746	14
1.37754	15
1.3776	16
1.37766	17
1.37772	18
1.37778	19
1.37784	20
1.37788	6
1.37792	7
1.37792	8
1.37793	9
1.37793	10
1.37795	8
1.37801	9
1.37801	10
1.37802	11
1.37809	12
1.37816	13
1.37825	14
1.3783	15
1.37836	16
1.37842	17
1.37848	18
1.37854	19
1.37861	20
1.37864	6
1.37869	7
1.37869	8
1.3787	9
1.3787	10
1.37872	7
1.37878	8
1.37878	9
1.37879	10
1.37879	11
1.37887	12
1.37895	13
1.379	14
1.37906	15
1.37911	16
1.37918	17
1.37924	18
1.37931	19
1.37938	20
1.37942	6
1.37947	7
1.37947	8
1.37947	9
1.37948	10
1.3795	7
1.37956	8
1.37956	9
1.37956	10
1.37957	11
1.37965	12
1.37971	13
1.37976	14
1.37981	15
1.37987	16
1.37994	17
1.38001	18
1.38008	19
1.38016	20
1.38019	6
1.38024	7
1.38025	8
1.38025	9
1.38026	10
1.38028	7
1.38034	8
1.38035	9
1.38035	10
1.38036	11
1.38041	12
1.38046	13
1.38051	14
1.38057	15
1.38064	16
1.38071	17
1.38078	18
1.38086	19
1.38093	20
1.38097	6
1.38102	7
1.38103	8
1.38103	9
1.38104	10
1.38106	7
1.3811	8
1.38111	9
1.38111	10
1.38111	11
1.38116	12
1.38122	13
1.38128	14
1.38134	15
1.38141	16
1.38148	17
1.38156	18
1.38164	19
1.38172	20
1.38175	6
1.38179	7
1.38179	8
1.3818	9
1.3818	10
1.38182	8
1.38186	9
1.38186	10
1.38187	11
1.38192	12
1.38198	13
1.38204	14
1.38211	15
1.38218	16
1.38226	17
1.38234	18
1.38243	19
1.38248	20
1.38251	6
1.38254	7
1.38254	8
1.38255	9
1.38255	10
1.38257	9
1.38262	10
1.38263	11
1.38268	12
1.38274	13
1.38281	14
1.38288	15
1.38296	16
1.38304	17
1.38312	18
1.38319	19
1.38323	20
1.38327	6
1.3833	7
1.3833	8
1.38331	9
1.38331	10
1.38333	9
1.38338	10
1.38339	11
1.38345	12
1.38351	13
1.38358	14
1.38366	15
1.38374	16
1.38382	17
1.38388	18
1.38394	19
1.38399	20
1.38402	6
1.38406	7
1.38406	8
1.38407	9
1.38407	10
1.38409	9
1.38414	10
1.38415	11
1.38421	12
1.38428	13
1.38436	14
1.38443	15
1.38452	16
1.38458	17
1.38463	18
1.38469	19
1.38475	20
1.38478	6
1.38482	7
1.38483	8
1.38483	9
1.38483	10
1.38486	8
1.38491	9
1.38491	10
1.38492	11
1.38499	12
1.38506	13
1.38514	14
1.38522	15
1.38528	16
1.38533	17
1.38539	18
1.38545	19
1.38552	20
1.38555	6
1.38559	7
1.38559	8
1.3856	9
1.3856	10
1.38562	8
1.38568	9
1.38568	10
1.38569	11
1.38576	12
1.38584	13
1.38592	14
1.38598	15
1.38603	16
1.38609	17
1.38615	18
1.38622	19
1.38628	20
1.38632	6
1.38636	7
1.38636	8
1.38637	9
1.38637	10
1.3864	7
1.38646	8
1.38646	9
1.38646	10
1.38647	11
1.38654	12
1.38662	13
1.38668	14
1.38673	15
1.38679	16
1.38685	17
1.38692	18
1.38699	19
1.38706	20
1.38709	6
1.38714	7
1.38714	8
1.38715	9
1.38715	10
1.38717	7
1.38724	8
1.38724	9
1.38724	10
1.38725	11
1.38732	12
1.38738	13
1.38743	14
1.38749	15
1.38755	16
1.38761	17
1.38768	18
1.38776	19
1.38783	20
1.38786	6
1.38792	7
1.38792	8
1.38793	9
1.38793	10
1.38795	7
1.38802	8
1.38802	9
1.38802	10
1.38803	11
1.38808	12
1.38813	13
1.38819	14
1.38825	15
1.38831	16
1.38838	17
1.38845	18
1.38853	19
1.38861	20
1.38864	6
1.3887	7
1.3887	8
1.38871	9
1.38871	10
1.38873	7
1.38878	8
1.38878	9
1.38878	10
1.38879	11
1.38884	12
1.38889	13
1.38895	14
1.38901	15
1.38908	16
1.38916	17
1.38923	18
1.38931	19
1.38939	20
1.38943	6
1.38946	7
1.38946	8
1.38947	9
1.38947	10
1.38949	8
1.38953	9
1.38953	10
1.38954	11
1.38959	12
1.38965	13
1.38971	14
1.38978	15
1.38985	16
1.38993	17
1.39001	18
1.3901	19
1.39016	20
1.39019	6
1.39021	7
1.39021	8
1.39022	9
1.39022	10
1.39025	9
1.39029	10
1.3903	11
1.39035	12
1.39042	13
1.39048	14
1.39055	15
1.39063	16
1.39071	17
1.39079	18
1.39086	19
1.3909	20
1.39094	6
1.39097	7
1.39097	8
1.39098	9
1.39098	10
1.391	9
1.39105	10
1.39106	11
1.39112	12
1.39118	13
1.39125	14
1.39133	15
1.39141	16
1.39149	17
1.39155	18
1.39161	19
1.39166	20
1.3917	6
1.39173	7
1.39173	8
1.39174	9
1.39174	10
1.39176	9
1.39181	10
1.39182	11
1.39189	12
1.39196	13
1.39203	14
1.39211	15
1.39219	16
1.39225	17
1.39231	18
1.39236	19
1.39242	20
1.39246	6
1.3925	7
1.3925	8
1.3925	9
1.39251	10
1.39253	8
1.39258	9
1.39258	10
1.39259	11
1.39266	12
1.39273	13
1.39281	14
1.39289	15
1.39295	16
1.393	17
1.39306	18
1.39312	19
1.39319	20
1.39322	6
1.39326	7
1.39327	8
1.39327	9
1.39327	10
1.3933	8
1.39335	9
1.39336	10
1.39336	11
1.39343	12
1.39351	13
1.39359	14
1.39365	15
1.3937	16
1.39376	17
1.39382	18
1.39389	19
1.39396	20
1.39399	6
1.39404	7
1.39404	8
1.39404	9
1.39405	10
1.39407	7
1.39413	8
1.39413	9
1.39413	10
1.39414	11
1.39421	12
1.39429	13
1.39435	14
1.3944	15
1.39446	16
1.39452	17
1.39459	18
1.39466	19
1.39473	20
1.39476	6
1.39481	7
1.39481	8
1.39482	9
1.39482	10
1.39484	7
1.39491	8
1.39491	9
1.39491	10
1.39492	11
1.395	12
1.39505	13
1.3951	14
1.39516	15
1.39522	16
1.39529	17
1.39536	18
1.39543	19
1.3955	20
1.39554	6
1.39559	7
1.39559	8
1.3956	9
1.3956	10
1.39562	7
1.39569	8
1.39569	9
1.39569	10
1.3957	11
1.39576	12
1.3958	13
1.39586	14
1.39592	15
1.39599	16
1.39605	17
1.39613	18
1.3962	19
1.39628	20
1.39632	6
1.39637	7
1.39637	8
1.39638	9
1.39638	10
1.39641	7
1.39645	8
1.39645	9
1.39645	10
1.39646	11
1.39651	12
1.39656	13
1.39662	14
1.39669	15
1.39675	16
1.39683	17
1.3969	18
1.39699	19
1.39706	20
1.3971	6
1.39713	7
1.39714	8
1.39714	9
1.39715	10
1.39717	8
1.3972	9
1.39721	10
1.39721	11
1.39727	12
1.39732	13
1.39739	14
1.39745	15
1.39753	16
1.3976	17
1.39769	18
1.39777	19
1.39783	20
1.39786	6
1.39788	7
1.39788	8
1.39789	9
1.3979	10
1.39792	9
1.39796	10
1.39797	11
1.39803	12
1.39809	13
1.39816	14
1.39823	15
1.3983	16
1.39838	17
1.39847	18
1.39853	19
1.39858	20
1.39861	6
1.39864	7
1.39864	8
1.39865	9
1.39865	10
1.39868	9
1.39872	10
1.39873	11
1.39879	12
1.39886	13
1.39893	14
1.399	15
1.39908	16
1.39916	17
1.39923	18
1.39928	19
1.39934	20
1.39937	6
1.3994	7
1.39941	8
1.39941	9
1.39942	10
1.39944	9
1.39949	10
1.3995	11
1.39956	12
1.39963	13
1.3997	14
1.39978	15
1.39986	16
1.39992	17
1.39998	18
1.40004	19
1.4001	20
1.40013	6
1.40017	7
1.40017	8
1.40018	9
1.40018	10
1.4002	8
1.40025	9
1.40026	10
1.40026	11
1.40033	12
1.4004	13
1.40048	14
1.40056	15
1.40062	16
1.40068	17
1.40074	18
1.4008	19
1.40086	20
1.40089	6
1.40094	7
1.40094	8
1.40094	9
1.40095	10
1.40097	8
1.40103	9
1.40103	10
1.40104	11
1.40111	12
1.40118	13
1.40126	14
1.40132	15
1.40138	16
1.40143	17
1.4015	18
1.40156	19
1.40163	20
1.40166	6
1.40171	7
1.40171	8
1.40172	9
1.40172	10
1.40174	7
1.4018	8
1.4018	9
1.4018	10
1.40181	11
1.40189	12
1.40197	13
1.40202	14
1.40207	15
1.40213	16
1.40219	17
1.40226	18
1.40233	19
1.4024	20
1.40243	6
1.40248	7
1.40249	8
1.40249	9
1.4025	10
1.40252	7
1.40258	8
1.40258	9
1.40258	10
1.40259	11
1.40267	12
1.40273	13
1.40278	14
1.40283	15
1.40289	16
1.40296	17
1.40303	18
1.4031	19
1.40318	20
1.40321	6
1.40326	7
1.40326	8
1.40327	9
1.40327	10
1.4033	7
1.40336	8
1.40336	9
1.40337	10
1.40337	11
1.40343	12
1.40348	13
1.40353	14
1.40359	15
1.40366	16
1.40373	17
1.4038	18
1.40388	19
1.40395	20
1.40399	6
1.40404	7
1.40404	8
1.40405	9
1.40405	10
1.40408	7
1.40412	8
1.40412	9
1.40413	10
1.40413	11
1.40418	12
1.40424	13
1.4043	14
1.40436	15
1.40443	16
1.4045	17
1.40458	18
1.40466	19
1.40474	20
1.40477	6
1.40481	7
1.40481	8
1.40482	9
1.40482	10
1.40484	8
1.40488	9
1.40488	10
1.40489	11
1.40494	12
1.405	13
1.40506	14
1.40513	15
1.4052	16
1.40528	17
1.40536	18
1.40544	19
1.4055	20
1.40553	6
1.40555	7
1.40556	8
1.40557	9
1.40557	10
1.40559	9
1.40563	10
1.40564	11
1.4057	12
1.40576	13
1.40583	14
1.4059	15
1.40597	16
1.40605	17
1.40614	18
1.4062	19
1.40625	20
1.40628	6
1.40631	7
1.40632	8
1.40632	9
1.40633	10
1.40635	9
1.4064	10
1.4064	11
1.40646	12
1.40653	13
1.4066	14
1.40667	15
1.40675	16
1.40684	17
1.4069	18
1.40695	19
1.40701	20
1.40704	6
1.40708	7
1.40708	8
1.40709	9
1.40709	10
1.40711	9
1.40716	10
1.40717	11
1.40723	12
1.4073	13
1.40737	14
1.40745	15
1.40754	16
1.4076	17
1.40765	18
1.40771	19
1.40777	20
1.4078	6
1.40784	7
1.40784	8
1.40785	9
1.40785	10
1.40787	8
1.40793	9
1.40793	10
1.40794	11
1.408	12
1.40808	13
1.40815	14
1.40824	15
1.4083	16
1.40835	17
1.40841	18
1.40847	19
1.40853	20
1.40857	6
1.40861	7
1.40861	8
1.40862	9
1.40862	10
1.40864	8
1.4087	9
1.4087	10
1.40871	11
1.40878	12
1.40886	13
1.40894	14
1.409	15
1.40905	16
1.40911	17
1.40917	18
1.40923	19
1.4093	20
1.40934	6
1.40938	7
1.40938	8
1.40939	9
1.40939	10
1.40941	7
1.40947	8
1.40948	9
1.40948	10
1.40948	11
1.40956	12
1.40964	13
1.4097	14
1.40975	15
1.40981	16
1.40987	17
1.40993	18
1.41	19
1.41007	20
1.41011	6
1.41016	7
1.41016	8
1.41017	9
1.41017	10
1.41019	7
1.41025	8
1.41025	9
1.41026	10
1.41026	11
1.41034	12
1.4104	13
1.41045	14
1.4105	15
1.41057	16
1.41063	17
1.4107	18
1.41078	19
1.41085	20
1.41088	6
1.41093	7
1.41094	8
1.41094	9
1.41095	10
1.41097	7
1.41104	8
1.41104	9
1.41104	10
1.41105	11
1.4111	12
1.41115	13
1.41121	14
1.41127	15
1.41133	16
1.4114	17
1.41147	18
1.41155	19
1.41163	20
1.41166	6
1.41172	7
1.41172	8
1.41172	9
1.41173	10
1.41175	7
1.4118	8
1.4118	9
1.4118	10
1.41181	11
1.41186	12
1.41191	13
1.41197	14
1.41203	15
1.4121	16
1.41217	17
1.41225	18
1.41233	19
1.41241	20
1.41245	6
1.41248	7
1.41248	8
1.41249	9
1.41249	10
1.41251	8
1.41255	9
1.41255	10
1.41256	11
1.41261	12
1.41267	13
1.41273	14
1.4128	15
1.41287	16
1.41295	17
1.41303	18
1.41312	19
1.41317	20
1.4132	6
1.41323	7
1.41323	8
1.41324	9
1.41324	10
1.41326	9
1.41331	10
1.41332	11
1.41337	12
1.41343	13
1.4135	14
1.41357	15
1.41365	16
1.41373	17
1.41381	18
1.41388	19
1.41392	20
1.41396	6
1.41399	7
1.41399	8
1.414	9
1.414	10
1.41402	9
1.41407	10
1.41408	11
1.41414	12
1.4142	13
1.41427	14
1.41435	15
1.41443	16
1.41451	17
1.41457	18
1.41463	19
1.41468	20
1.41471	6
1.41475	7
1.41475	8
1.41476	9
1.41476	10
1.41478	9
1.41483	10
1.41484	11
1.41491	12
1.41497	13
1.41505	14
1.41513	15
1.41521	16
1.41527	17
1.41532	18
1.41538	19
1.41544	20
1.41547	6
1.41551	7
1.41552	8
1.41552	9
1.41552	10
1.41555	8
1.4156	9
1.4156	10
1.41561	11
1.41568	12
1.41575	13
1.41583	14
1.41591	15
1.41597	16
1.41602	17
1.41608	18
1.41614	19
1.41621	20
1.41624	6
1.41628	7
1.41628	8
1.41629	9
1.41629	10
1.41631	8
1.41637	9
1.41637	10
1.41638	11
1.41645	12
1.41653	13
1.41661	14
1.41667	15
1.41672	16
1.41678	17
1.41684	18
1.41691	19
1.41698	20
1.41701	6
1.41705	7
1.41706	8
1.41706	9
1.41706	10
1.41709	7
1.41715	8
1.41715	9
1.41715	10
1.41716	11
1.41723	12
1.41731	13
1.41737	14
1.41742	15
1.41748	16
1.41754	17
1.41761	18
1.41768	19
1.41775	20
1.41778	6
1.41783	7
1.41783	8
1.41784	9
1.41784	10
1.41786	7
1.41793	8
1.41793	9
1.41793	10
1.41794	11
1.41802	12
1.41807	13
1.41812	14
1.41818	15
1.41824	16
1.4183	17
1.41837	18
1.41845	19
1.41852	20
1.41855	6
1.41861	7
1.41861	8
1.41862	9
1.41862	10
1.41864	7
1.41871	8
1.41871	9
1.41871	10
1.41872	11
1.41877	12
1.41882	13
1.41888	14
1.41894	15
1.419	16
1.41907	17
1.41914	18
1.41922	19
1.4193	20
1.41933	6
1.41939	7
1.41939	8
1.4194	9
1.4194	10
1.41942	7
1.41947	8
1.41947	9
1.41947	10
1.41948	11
1.41953	12
1.41958	13
1.41964	14
1.4197	15
1.41977	16
1.41985	17
1.41992	18
1.42	19
1.42008	20
1.42012	6
1.42015	7
1.42015	8
1.42016	9
1.42016	10
1.42018	8
1.42022	9
1.42022	10
1.42023	11
1.42029	12
1.42034	13
1.42041	14
1.42047	15
1.42054	16
1.42062	17
1.4207	18
1.42079	19
1.42085	20
1.42088	6
1.4209	7
1.4209	8
1.42091	9
1.42091	10
1.42094	9
1.42098	10
1.42099	11
1.42105	12
1.42111	13
1.42117	14
1.42124	15
1.42132	16
1.4214	17
1.42149	18
1.42155	19
1.4216	20
1.42163	6
1.42166	7
1.42166	8
1.42167	9
1.42167	10
1.42169	9
1.42174	10
1.42175	11
1.42181	12
1.42188	13
1.42195	14
1.42202	15
1.4221	16
1.42218	17
1.42225	18
1.4223	19
1.42235	20
1.42239	6
1.42242	7
1.42242	8
1.42243	9
1.42243	10
1.42245	9
1.42251	10
1.42251	11
1.42258	12
1.42265	13
1.42272	14
1.4228	15
1.42288	16
1.42294	17
1.423	18
1.42306	19
1.42312	20
1.42315	6
1.42319	7
1.42319	8
1.42319	9
1.4232	10
1.42322	8
1.42327	9
1.42327	10
1.42328	11
1.42335	12
1.42342	13
1.4235	14
1.42358	15
1.42364	16
1.4237	17
1.42375	18
1.42382	19
1.42388	20
1.42391	6
1.42395	7
1.42396	8
1.42396	9
1.42396	10
1.42399	8
1.42404	9
1.42405	10
1.42405	11
1.42413	12
1.4242	13
1.42428	14
1.42434	15
1.42439	16
1.42445	17
1.42451	18
1.42458	19
1.42465	20
1.42468	6
1.42473	7
1.42473	8
1.42473	9
1.42474	10
1.42476	7
1.42482	8
1.42482	9
1.42482	10
1.42483	11
1.42491	12
1.42498	13
1.42504	14
1.42509	15
1.42515	16
1.42521	17
1.42528	18
1.42535	19
1.42542	20
1.42545	6
1.4255	7
1.4255	8
1.42551	9
1.42551	10
1.42554	7
1.4256	8
1.4256	9
1.4256	10
1.42561	11
1.42569	12
1.42574	13
1.42579	14
1.42585	15
1.42591	16
1.42598	17
1.42605	18
1.42612	19
1.42619	20
1.42623	6
1.42628	7
1.42628	8
1.42629	9
1.42629	10
1.42631	7
1.42638	8
1.42638	9
1.42638	10
1.42639	11
1.42645	12
1.4265	13
1.42655	14
1.42661	15
1.42668	16
1.42674	17
1.42682	18
1.42689	19
1.42697	20
1.42701	6
1.42706	7
1.42706	8
1.42707	9
1.42707	10
1.4271	7
1.42714	8
1.42714	9
1.42714	10
1.42715	11
1.4272	12
1.42725	13
1.42731	14
1.42738	15
1.42745	16
1.42752	17
1.4276	18
1.42768	19
1.42776	20
1.42779	6
1.42782	7
1.42783	8
1.42784	9
1.42784	10
1.42786	8
1.4279	9
1.4279	10
1.4279	11
1.42796	12
1.42802	13
1.42808	14
1.42815	15
1.42822	16
1.42829	17
1.42838	18
1.42846	19
1.42852	20
1.42855	6
1.42857	7
1.42858	8
1.42859	9
1.42859	10
1.42861	9
1.42865	10
1.42866	11
1.42872	12
1.42878	13
1.42885	14
1.42892	15
1.42899	16
1.42907	17
1.42916	18
1.42922	19
1.42927	20
1.4293	6
1.42933	7
1.42933	8
1.42934	9
1.42934	10
1.42937	9
1.42941	10
1.42942	11
1.42948	12
1.42955	13
1.42962	14
1.42969	15
1.42977	16
1.42986	17
1.42992	18
1.42997	19
1.43003	20
1.43006	6
1.43009	7
1.4301	8
1.4301	9
1.43011	10
1.43013	9
1.43018	10
1.43019	11
1.43025	12
1.43032	13
1.43039	14
1.43047	15
1.43055	16
1.43062	17
1.43067	18
1.43073	19
1.43079	20
1.43082	6
1.43086	7
1.43086	8
1.43087	9
1.43087	10
1.43089	8
1.43095	9
1.43095	10
1.43096	11
1.43102	12
1.4311	13
1.43117	14
1.43125	15
1.43131	16
1.43137	17
1.43143	18
1.43149	19
1.43155	20
1.43159	6
1.43163	7
1.43163	8
1.43163	9
1.43164	10
1.43166	8
1.43172	9
1.43172	10
1.43173	11
1.4318	12
1.43187	13
1.43195	14
1.43201	15
1.43207	16
1.43213	17
1.43219	18
1.43225	19
1.43232	20
1.43235	6
1.4324	7
1.4324	8
1.43241	9
1.43241	10
1.43243	7
1.43249	8
1.43249	9
1.4325	10
1.4325	11
1.43258	12
1.43266	13
1.43271	14
1.43277	15
1.43282	16
1.43289	17
1.43295	18
1.43302	19
1.43309	20
1.43313	6
1.43317	7
1.43318	8
1.43318	9
1.43319	10
1.43321	7
1.43327	8
1.43327	9
1.43327	10
1.43328	11
1.43336	12
1.43342	13
1.43347	14
1.43352	15
1.43358	16
1.43365	17
1.43372	18
1.43379	19
1.43387	20
1.4339	6
1.43395	7
1.43395	8
1.43396	9
1.43397	10
1.43399	7
1.43405	8
1.43406	9
1.43406	10
1.43407	11
1.43412	12
1.43417	13
1.43422	14
1.43428	15
1.43435	16
1.43442	17
1.43449	18
1.43457	19
1.43464	20
1.43468	6
1.43473	7
1.43474	8
1.43474	9
1.43475	10
1.43477	7
1.43481	8
1.43482	9
1.43482	10
1.43482	11
1.43487	12
1.43493	13
1.43499	14
1.43505	15
1.43512	16
1.43519	17
1.43527	18
1.43535	19
1.43543	20
1.43546	6
1.4355	7
1.4355	8
1.43551	9
1.43551	10
1.43553	8
1.43557	9
1.43557	10
1.43558	11
1.43563	12
1.43569	13
1.43575	14
1.43582	15
1.43589	16
1.43597	17
1.43605	18
1.43614	19
1.43619	20
1.43622	6
1.43624	7
1.43625	8
1.43626	9
1.43626	10
1.43628	9
1.43633	10
1.43633	11
1.43639	12
1.43645	13
1.43652	14
1.43659	15
1.43667	16
1.43675	17
1.43683	18
1.4369	19
1.43694	20
1.43697	6
1.437	7
1.43701	8
1.43702	9
1.43702	10
1.43704	9
1.43709	10
1.4371	11
1.43716	12
1.43722	13
1.43729	14
1.43737	15
1.43744	16
1.43753	17
1.43759	18
1.43765	19
1.4377	20
1.43773	6
1.43777	7
1.43777	8
1.43778	9
1.43778	10
1.4378	9
1.43785	10
1.43786	11
1.43792	12
1.43799	13
1.43807	14
1.43814	15
1.43823	16
1.43829	17
1.43834	18
1.4384	19
1.43846	20
1.43849	6
1.43853	7
1.43853	8
1.43854	9
1.43854	10
1.43856	8
1.43862	9
1.43862	10
1.43863	11
1.4387	12
1.43877	13
1.43884	14
1.43893	15
1.43899	16
1.43904	17
1.4391	18
1.43916	19
1.43923	20
1.43926	6
1.4393	7
1.4393	8
1.43931	9
1.43931	10
1.43933	8
1.43939	9
1.43939	10
1.4394	11
1.43947	12
1.43955	13
1.43963	14
1.43969	15
1.43974	16
1.4398	17
1.43986	18
1.43993	19
1.43999	20
1.44003	6
1.44007	7
1.44007	8
1.44008	9
1.44008	10
1.44011	7
1.44017	8
1.44017	9
1.44017	10
1.44018	11
1.44025	12
1.44033	13
1.44039	14
1.44044	15
1.4405	16
1.44056	17
1.44062	18
1.44069	19
1.44077	20
1.4408	6
1.44085	7
1.44085	8
1.44086	9
1.44086	10
1.44088	7
1.44094	8
1.44095	9
1.44095	10
1.44096	11
1.44103	12
1.44109	13
1.44114	14
1.4412	15
1.44126	16
1.44132	17
1.44139	18
1.44147	19
1.44154	20
1.44157	6
1.44162	7
1.44163	8
1.44164	9
1.44164	10
1.44166	7
1.44173	8
1.44173	9
1.44173	10
1.44174	11
1.44179	12
1.44184	13
1.4419	14
1.44196	15
1.44202	16
1.44209	17
1.44216	18
1.44224	19
1.44232	20
1.44235	6
1.44241	7
1.44241	8
1.44242	9
1.44242	10
1.44244	7
1.44249	8
1.44249	9
1.44249	10
1.4425	11
1.44255	12
1.4426	13
1.44266	14
1.44272	15
1.44279	16
1.44286	17
1.44294	18
1.44302	19
1.4431	20
1.44314	6
1.44317	7
1.44317	8
1.44318	9
1.44318	10
1.4432	8
1.44324	9
1.44324	10
1.44325	11
1.4433	12
1.44336	13
1.44342	14
1.44349	15
1.44356	16
1.44364	17
1.44372	18
1.44381	19
1.44386	20
1.44389	6
1.44392	7
1.44392	8
1.44393	9
1.44393	10
1.44395	9
1.444	10
1.44401	11
1.44406	12
1.44413	13
1.44419	14
1.44426	15
1.44434	16
1.44442	17
1.4445	18
1.44457	19
1.44461	20
1.44465	6
1.44468	7
1.44468	8
1.44469	9
1.44469	10
1.44471	9
1.44476	10
1.44477	11
1.44483	12
1.44489	13
1.44496	14
1.44504	15
1.44512	16
1.4452	17
1.44526	18
1.44532	19
1.44537	20
1.4454	6
1.44544	7
1.44544	8
1.44545	9
1.44545	10
1.44547	9
1.44552	10
1.44553	11
1.4456	12
1.44567	13
1.44574	14
1.44582	15
1.4459	16
1.44596	17
1.44602	18
1.44607	19
1.44613	20
1.44617	6
1.4462	7
1.44621	8
1.44621	9
1.44622	10
1.44624	8
1.44629	9
1.44629	10
1.4463	11
1.44637	12
1.44644	13
1.44652	14
1.4466	15
1.44666	16
1.44671	17
1.44677	18
1.44683	19
1.4469	20
1.44693	6
1.44697	7
1.44698	8
1.44698	9
1.44698	10
1.44701	8
1.44706	9
1.44706	10
1.44707	11
1.44714	12
1.44722	13
1.4473	14
1.44736	15
1.44741	16
1.44747	17
1.44753	18
1.4476	19
1.44767	20
1.4477	6
1.44774	7
1.44775	8
1.44775	9
1.44776	10
1.44778	7
1.44784	8
1.44784	9
1.44784	10
1.44785	11
1.44792	12
1.448	13
1.44806	14
1.44811	15
1.44817	16
1.44823	17
1.4483	18
1.44837	19
1.44844	20
1.44847	6
1.44852	7
1.44852	8
1.44853	9
1.44853	10
1.44855	7
1.44862	8
1.44862	9
1.44862	10
1.44863	11
1.44871	12
1.44876	13
1.44881	14
1.44887	15
1.44893	16
1.449	17
1.44907	18
1.44914	19
1.44921	20
1.44925	6
1.4493	7
1.4493	8
1.44931	9
1.44931	10
1.44933	7
1.4494	8
1.4494	9
1.4494	10
1.44941	11
1.44946	12
1.44951	13
1.44957	14
1.44963	15
1.44969	16
1.44976	17
1.44984	18
1.44991	19
1.44999	20
1.45002	6
1.45008	7
1.45008	8
1.45009	9
1.45009	10
1.45012	7
1.45016	8
1.45016	9
1.45016	10
1.45017	11
1.45022	12
1.45027	13
1.45033	14
1.4504	15
1.45046	16
1.45054	17
1.45061	18
1.45069	19
1.45077	20
1.45081	6
1.45084	7
1.45085	8
1.45085	9
1.45086	10
1.45088	8
1.45091	9
1.45091	10
1.45092	11
1.45098	12
1.45103	13
1.4511	14
1.45116	15
1.45124	16
1.45131	17
1.45139	18
1.45148	19
1.45154	20
1.45157	6
1.45159	7
1.45159	8
1.4516	9
1.45161	10
1.45163	9
1.45167	10
1.45168	11
1.45174	12
1.4518	13
1.45186	14
1.45194	15
1.45201	16
1.45209	17
1.45218	18
1.45224	19
1.45229	20
1.45232	6
1.45235	7
1.45235	8
1.45236	9
1.45236	10
1.45238	9
1.45243	10
1.45244	11
1.4525	12
1.45257	13
1.45264	14
1.45271	15
1.45279	16
1.45287	17
1.45294	18
1.45299	19
1.45304	20
1.45308	6
1.45311	7
1.45311	8
1.45312	9
1.45313	10
1.45315	9
1.4532	10
1.45321	11
1.45327	12
1.45334	13
1.45341	14
1.45349	15
1.45357	16
1.45363	17
1.45369	18
1.45375	19
1.45381	20
1.45384	6
1.45388	7
1.45388	8
1.45388	9
1.45389	10
1.45391	8
1.45396	9
1.45397	10
1.45397	11
1.45404	12
1.45411	13
1.45419	14
1.45427	15
1.45433	16
1.45439	17
1.45445	18
1.45451	19
1.45457	20
1.4546	6
1.45465	7
1.45465	8
1.45465	9
1.45466	10
1.45468	8
1.45474	9
1.45474	10
1.45475	11
1.45482	12
1.45489	13
1.45497	14
1.45503	15
1.45508	16
1.45514	17
1.45521	18
1.45527	19
1.45534	20
1.45537	6
1.45542	7
1.45542	8
1.45543	9
1.45543	10
1.45545	7
1.45551	8
1.45551	9
1.45551	10
1.45552	11
1.4556	12
1.45567	13
1.45573	14
1.45578	15
1.45584	16
1.4559	17
1.45597	18
1.45604	19
1.45611	20
1.45614	6
1.45619	7
1.4562	8
1.4562	9
1.4562	10
1.45623	7
1.45629	8
1.45629	9
1.45629	10
1.4563	11
1.45638	12
1.45643	13
1.45648	14
1.45654	15
1.4566	16
1.45667	17
1.45674	18
1.45681	19
1.45689	20
1.45692	6
1.45697	7
1.45697	8
1.45698	9
1.45698	10
1.45701	7
1.45707	8
1.45707	9
1.45708	10
1.45708	11
1.45714	12
1.45719	13
1.45724	14
1.4573	15
1.45737	16
1.45744	17
1.45751	18
1.45758	19
1.45766	20
1.4577	6
1.45775	7
1.45775	8
1.45776	9
1.45776	10
1.45779	7
1.45783	8
1.45783	9
1.45783	10
1.45784	11
1.45789	12
1.45795	13
1.458	14
1.45807	15
1.45814	16
1.45821	17
1.45829	18
1.45837	19
1.45845	20
1.45848	6
1.45852	7
1.45852	8
1.45853	9
1.45853	10
1.45855	8
1.45859	9
1.45859	10
1.4586	11
1.45865	12
1.45871	13
1.45877	14
1.45884	15
1.45891	16
1.45899	17
1.45907	18
1.45915	19
1.45921	20
1.45924	6
1.45926	7
1.45927	8
1.45928	9
1.45928	10
1.4593	9
1.45934	10
1.45935	11
1.45941	12
1.45947	13
1.45954	14
1.45961	15
1.45968	16
1.45976	17
1.45985	18
1.45991	19
1.45996	20
1.45999	6
1.46002	7
1.46003	8
1.46003	9
1.46004	10
1.46006	9
1.4601	10
1.46011	11
1.46017	12
1.46024	13
1.46031	14
1.46038	15
1.46046	16
1.46055	17
1.46061	18
1.46066	19
1.46072	20
1.46075	6
1.46078	7
1.46079	8
1.46079	9
1.4608	10
1.46082	9
1.46087	10
1.46088	11
1.46094	12
1.46101	13
1.46108	14
1.46116	15
1.46125	16
1.46131	17
1.46136	18
1.46142	19
1.46148	20
1.46151	6
1.46155	7
1.46155	8
1.46156	9
1.46156	10
1.46158	8
1.46164	9
1.46164	10
1.46165	11
1.46171	12
1.46179	13
1.46186	14
1.46194	15
1.462	16
1.46206	17
1.46212	18
1.46218	19
1.46224	20
1.46228	6
1.46232	7
1.46232	8
1.46233	9
1.46233	10
1.46235	8
1.46241	9
1.46241	10
1.46242	11
1.46249	12
1.46257	13
1.46265	14
1.4627	15
1.46276	16
1.46282	17
1.46288	18
1.46294	19
1.46301	20
1.46304	6
1.46309	7
1.46309	8
1.4631	9
1.4631	10
1.46312	7
1.46318	8
1.46319	9
1.46319	10
1.46319	11
1.46327	12
1.46335	13
1.46341	14
1.46346	15
1.46351	16
1.46358	17
1.46364	18
1.46371	19
1.46378	20
1.46382	6
1.46387	7
1.46387	8
1.46388	9
1.46388	10
1.4639	7
1.46396	8
1.46396	9
1.46397	10
1.46397	11
1.46405	12
1.46411	13
1.46416	14
1.46421	15
1.46428	16
1.46434	17
1.46441	18
1.46448	19
1.46456	20
1.46459	6
1.46464	7
1.46465	8
1.46465	9
1.46466	10
1.46468	7
1.46475	8
1.46475	9
1.46475	10
1.46476	11
1.46481	12
1.46486	13
1.46491	14
1.46498	15
1.46504	16
1.46511	17
1.46518	18
1.46526	19
1.46533	20
1.46537	6
1.46542	7
1.46543	8
1.46543	9
1.46544	10
1.46546	7
1.46551	8
1.46551	9
1.46551	10
1.46551	11
1.46556	12
1.46562	13
1.46568	14
1.46574	15
1.46581	16
1.46588	17
1.46596	18
1.46604	19
1.46612	20
1.46615	6
1.46619	7
1.46619	8
1.4662	9
1.4662	10
1.46622	8
1.46626	9
1.46626	10
1.46627	11
1.46632	12
1.46638	13
1.46644	14
1.46651	15
1.46658	16
1.46666	17
1.46674	18
1.46683	19
1.46688	20
1.46691	6
1.46694	7
1.46694	8
1.46695	9
1.46695	10
1.46697	9
1.46702	10
1.46703	11
1.46708	12
1.46714	13
1.46721	14
1.46728	15
1.46736	16
1.46744	17
1.46752	18
1.46759	19
1.46763	20
1.46767	6
1.4677	7
1.4677	8
1.46771	9
1.46771	10
1.46773	9
1.46778	10
1.46779	11
1.46785	12
1.46791	13
1.46798	14
1.46806	15
1.46814	16
1.46822	17
1.46828	18
1.46834	19
1.46839	20
1.46842	6
1.46846	7
1.46846	8
1.46847	9
1.46847	10
1.46849	9
1.46854	10
1.46855	11
1.46862	12
1.46868	13
1.46876	14
1.46884	15
1.46892	16
1.46898	17
1.46903	18
1.46909	19
1.46915	20
1.46918	6
1.46922	7
1.46923	8
1.46923	9
1.46923	10
1.46926	8
1.46931	9
1.46931	10
1.46932	11
1.46939	12
1.46946	13
1.46954	14
1.46962	15
1.46968	16
1.46973	17
1.46979	18
1.46985	19
1.46992	20
1.46995	6
1.46999	7
1.46999	8
1.47	9
1.47	10
1.47002	8
1.47008	9
1.47008	10
1.47009	11
1.47016	12
1.47024	13
1.47032	14
1.47038	15
1.47043	16
1.47049	17
1.47055	18
1.47062	19
1.47068	20
1.47072	6
1.47076	7
1.47077	8
1.47077	9
1.47077	10
1.4708	7
1.47086	8
1.47086	9
1.47086	10
1.47087	11
1.47094	12
1.47102	13
1.47108	14
1.47113	15
1.47119	16
1.47125	17
1.47132	18
1.47139	19
1.47146	20
1.47149	6
1.47154	7
1.47154	8
1.47155	9
1.47155	10
1.47157	7
1.47164	8
1.47164	9
1.47164	10
1.47165	11
1.47172	12
1.47178	13
1.47183	14
1.47189	15
1.47195	16
1.47201	17
1.47208	18
1.47216	19
1.47223	20
1.47226	6
1.47232	7
1.47232	8
1.47233	9
1.47233	10
1.47235	7
1.47242	8
1.47242	9
1.47242	10
1.47243	11
1.47248	12
1.47253	13
1.47259	14
1.47265	15
1.47271	16
1.47278	17
1.47285	18
1.47293	19
1.47301	20
1.47304	6
1.4731	7
1.4731	8
1.47311	9
1.47311	10
1.47313	7
1.47318	8
1.47318	9
1.47318	10
1.47319	11
1.47324	12
1.47329	13
1.47335	14
1.47341	15
1.47348	16
1.47356	17
1.47363	18
1.47371	19
1.47379	20
1.47383	6
1.47386	7
1.47386	8
1.47387	9
1.47387	10
1.47389	8
1.47393	9
1.47393	10
1.47394	11
1.47399	12
1.47405	13
1.47411	14
1.47418	15
1.47425	16
1.47433	17
1.47441	18
1.4745	19
1.47456	20
1.47459	6
1.47461	7
1.47461	8
1.47462	9
1.47462	10
1.47465	9
1.47469	10
1.4747	11
1.47476	12
1.47482	13
1.47488	14
1.47495	15
1.47503	16
1.47511	17
1.4752	18
1.47526	19
1.4753	20
1.47534	6
1.47537	7
1.47537	8
1.47538	9
1.47538	10
1.4754	9
1.47545	10
1.47546	11
1.47552	12
1.47558	13
1.47565	14
1.47573	15
1.47581	16
1.47589	17
1.47595	18
1.47601	19
1.47606	20
1.4761	6
1.47613	7
1.47613	8
1.47614	9
1.47614	10
1.47616	9
1.47621	10
1.47622	11
1.47629	12
1.47636	13
1.47643	14
1.47651	15
1.47659	16
1.47665	17
1.47671	18
1.47677	19
1.47683	20
1.47686	6
1.4769	7
1.4769	8
1.4769	9
1.47691	10
1.47693	8
1.47698	9
1.47698	10
1.47699	11
1.47706	12
1.47713	13
1.47721	14
1.47729	15
1.47735	16
1.4774	17
1.47746	18
1.47752	19
1.47759	20
1.47762	6
1.47766	7
1.47767	8
1.47767	9
1.47767	10
1.4777	8
1.47775	9
1.47776	10
1.47776	11
1.47783	12
1.47791	13
1.47799	14
1.47805	15
1.4781	16
1.47816	17
1.47822	18
1.47829	19
1.47836	20
1.47839	6
1.47844	7
1.47844	8
1.47844	9
1.47845	10
1.47847	7
1.47853	8
1.47853	9
1.47853	10
1.47854	11
1.47861	12
1.47869	13
1.47875	14
1.4788	15
1.47886	16
1.47892	17
1.47899	18
1.47906	19
1.47913	20
1.47916	6
1.47921	7
1.47921	8
1.47922	9
1.47922	10
1.47924	7
1.47931	8
1.47931	9
1.47931	10
1.47932	11
1.4794	12
1.47945	13
1.4795	14
1.47956	15
1.47962	16
1.47969	17
1.47976	18
1.47983	19
1.4799	20
1.47994	6
1.47999	7
1.47999	8
1.48	9
1.48	10
1.48002	7
1.48009	8
1.48009	9
1.48009	10
1.4801	11
1.48016	12
1.48021	13
1.48026	14
1.48032	15
1.48039	16
1.48045	17
1.48053	18
1.4806	19
1.48068	20
1.48072	6
1.48077	7
1.48077	8
1.48078	9
1.48078	10
1.48081	7
1.48085	8
1.48085	9
1.48085	10
1.48086	11
1.48091	12
1.48096	13
1.48102	14
1.48109	15
1.48116	16
1.48123	17
1.48131	18
1.48139	19
1.48147	20
1.4815	6
1.48153	7
1.48154	8
1.48154	9
1.48155	10
1.48157	8
1.4816	9
1.48161	10
1.48161	11
1.48167	12
1.48172	13
1.48179	14
1.48185	15
1.48193	16
1.482	17
1.48209	18
1.48217	19
1.48223	20
1.48226	6
1.48228	7
1.48229	8
1.48229	9
1.4823	10
1.48232	9
1.48236	10
1.48237	11
1.48243	12
1.48249	13
1.48256	14
1.48263	15
1.4827	16
1.48278	17
1.48287	18
1.48293	19
1.48298	20
1.48301	6
1.48304	7
1.48304	8
1.48305	9
1.48305	10
1.48308	9
1.48312	10
1.48313	11
1.48319	12
1.48326	13
1.48333	14
1.4834	15
1.48348	16
1.48357	17
1.48363	18
1.48368	19
1.48374	20
1.48377	6
1.4838	7
1.48381	8
1.48381	9
1.48382	10
1.48384	9
1.48389	10
1.4839	11
1.48396	12
1.48403	13
1.4841	14
1.48418	15
1.48426	16
1.48432	17
1.48438	18
1.48444	19
1.4845	20
1.48453	6
1.48457	7
1.48457	8
1.48458	9
1.48458	10
1.4846	8
1.48466	9
1.48466	10
1.48466	11
1.48473	12
1.4848	13
1.48488	14
1.48496	15
1.48502	16
1.48508	17
1.48514	18
1.4852	19
1.48526	20
1.48529	6
1.48534	7
1.48534	8
1.48534	9
1.48535	10
1.48537	8
1.48543	9
1.48543	10
1.48544	11
1.48551	12
1.48558	13
1.48566	14
1.48572	15
1.48578	16
1.48583	17
1.4859	18
1.48596	19
1.48603	20
1.48606	6
1.48611	7
1.48611	8
1.48612	9
1.48612	10
1.48614	7
1.4862	8
1.4862	9
1.4862	10
1.48621	11
1.48629	12
1.48637	13
1.48642	14
1.48648	15
1.48653	16
1.4866	17
1.48666	18
1.48673	19
1.4868	20
1.48683	6
1.48688	7
1.48689	8
1.48689	9
1.4869	10
1.48692	7
1.48698	8
1.48698	9
1.48698	10
1.48699	11
1.48707	12
1.48713	13
1.48718	14
1.48723	15
1.48729	16
1.48736	17
1.48743	18
1.4875	19
1.48758	20
1.48761	6
1.48766	7
1.48766	8
1.48767	9
1.48767	10
1.4877	7
1.48776	8
1.48776	9
1.48777	10
1.48777	11
1.48783	12
1.48788	13
1.48793	14
1.48799	15
1.48806	16
1.48813	17
1.4882	18
1.48828	19
1.48835	20
1.48839	6
1.48844	7
1.48845	8
1.48845	9
1.48845	10
1.48848	7
1.48852	8
1.48852	9
1.48853	10
1.48853	11
1.48858	12
1.48864	13
1.4887	14
1.48876	15
1.48883	16
1.4889	17
1.48898	18
1.48906	19
1.48914	20
1.48917	6
1.48921	7
1.48921	8
1.48922	9
1.48922	10
1.48924	8
1.48928	9
1.48928	10
1.48929	11
1.48934	12
1.4894	13
1.48946	14
1.48953	15
1.4896	16
1.48968	17
1.48976	18
1.48984	19
1.4899	20
1.48993	6
1.48995	7
1.48996	8
1.48997	9
1.48997	10
1.48999	9
1.49003	10
1.49004	11
1.4901	12
1.49016	13
1.49023	14
1.4903	15
1.49037	16
1.49046	17
1.49054	18
1.4906	19
1.49065	20
1.49068	6
1.49071	7
1.49072	8
1.49072	9
1.49073	10
1.49075	9
1.4908	10
1.49081	11
1.49087	12
1.49093	13
1.491	14
1.49107	15
1.49115	16
1.49124	17
1.4913	18
1.49135	19
1.49141	20
1.49144	6
1.49148	7
1.49148	8
1.49149	9
1.49149	10
1.49151	9
1.49156	10
1.49157	11
1.49163	12
1.4917	13
1.49178	14
1.49185	15
1.49194	16
1.492	17
1.49205	18
1.49211	19
1.49217	20
1.4922	6
1.49224	7
1.49224	8
1.49225	9
1.49225	10
1.49227	8
1.49233	9
1.49233	10
1.49234	11
1.49241	12
1.49248	13
1.49255	14
1.49264	15
1.4927	16
1.49275	17
1.49281	18
1.49287	19
1.49294	20
1.49297	6
1.49301	7
1.49301	8
1.49302	9
1.49302	10
1.49304	8
1.4931	9
1.4931	10
1.49311	11
1.49318	12
1.49326	13
1.49334	14
1.4934	15
1.49345	16
1.49351	17
1.49357	18
1.49363	19
1.4937	20
1.49374	6
1.49378	7
1.49378	8
1.49379	9
1.49379	10
1.49382	7
1.49388	8
1.49388	9
1.49388	10
1.49388	11
1.49396	12
1.49404	13
1.4941	14
1.49415	15
1.49421	16
1.49427	17
1.49433	18
1.4944	19
1.49447	20
1.49451	6
1.49456	7
1.49456	8
1.49457	9
1.49457	10
1.49459	7
1.49465	8
1.49466	9
1.49466	10
1.49466	11
1.49474	12
1.4948	13
1.49485	14
1.49491	15
1.49497	16
1.49503	17
1.4951	18
1.49518	19
1.49525	20
1.49528	6
1.49533	7
1.49534	8
1.49535	9
1.49535	10
1.49537	7
1.49544	8
1.49544	9
1.49544	10
1.49545	11
1.4955	12
1.49555	13
1.49561	14
1.49567	15
1.49573	16
1.4958	17
1.49587	18
1.49595	19
1.49603	20
1.49606	6
1.49612	7
1.49612	8
1.49613	9
1.49613	10
1.49615	7
1.4962	8
1.4962	9
1.4962	10
1.49621	11
1.49626	12
1.49631	13
1.49637	14
1.49643	15
1.4965	16
1.49657	17
1.49665	18
1.49673	19
1.49681	20
1.49685	6
1.49688	7
1.49688	8
1.49689	9
1.49689	10
1.49691	8
1.49695	9
1.49695	10
1.49696	11
1.49701	12
1.49707	13
1.49713	14
1.4972	15
1.49727	16
1.49735	17
1.49743	18
1.49752	19
1.49757	20
1.4976	6
1.49763	7
1.49763	8
1.49764	9
1.49764	10
1.49766	9
1.49771	10
1.49772	11
1.49777	12
1.49783	13
1.4979	14
1.49797	15
1.49805	16
1.49813	17
1.49821	18
1.49828	19
1.49832	20
1.49836	6
1.49839	7
1.49839	8
1.4984	9
1.4984	10
1.49842	9
1.49847	10
1.49848	11
1.49854	12
1.4986	13
1.49867	14
1.49875	15
1.49883	16
1.49891	17
1.49897	18
1.49903	19
1.49908	20
1.49911	6
1.49915	7
1.49915	8
1.49916	9
1.49916	10
1.49918	9
1.49923	10
1.49924	11
1.49931	12
1.49937	13
1.49945	14
1.49953	15
1.49961	16
1.49967	17
1.49972	18
1.49978	19
1.49984	20
1.49987	6
1.49991	7
1.49992	8
1.49992	9
1.49993	10
1.49995	8
1.5	9
1.5	10
1.50001	11
1.50008	12
1.50015	13
1.50023	14
1.50031	15
1.50037	16
1.50042	17
1.50048	18
1.50054	19
1.50061	20
1.50064	6
1.50068	7
1.50068	8
1.50069	9
1.50069	10
1.50071	8
1.50077	9
1.50077	10
1.50078	11
1.50085	12
1.50093	13
1.50101	14
1.50107	15
1.50112	16
1.50118	17
1.50124	18
1.50131	19
1.50138	20
1.50141	6
1.50145	7
1.50146	8
1.50146	9
1.50146	10
1.50149	7
1.50155	8
1.50155	9
1.50155	10
1.50156	11
1.50163	12
1.50171	13
1.50177	14
1.50182	15
1.50188	16
1.50194	17
1.50201	18
1.50208	19
1.50215	20
1.50218	6
1.50223	7
1.50223	8
1.50224	9
1.50224	10
1.50226	7
1.50233	8
1.50233	9
1.50233	10
1.50234	11
1.50242	12
1.50247	13
1.50252	14
1.50258	15
1.50264	16
1.50271	17
1.50278	18
1.50285	19
1.50292	20
1.50296	6
1.50301	7
1.50301	8
1.50302	9
1.50302	10
1.50304	7
1.50311	8
1.50311	9
1.50311	10
1.50312	11
1.50317	12
1.50322	13
1.50328	14
1.50334	15
1.5034	16
1.50347	17
1.50354	18
1.50362	19
1.5037	20
1.50373	6
1.50379	7
1.50379	8
1.5038	9
1.5038	10
1.50382	7
1.50387	8
1.50387	9
1.50387	10
1.50388	11
1.50393	12
1.50398	13
1.50404	14
1.5041	15
1.50417	16
1.50425	17
1.50432	18
1.5044	19
1.50448	20
1.50452	6
1.50455	7
1.50455	8
1.50456	9
1.50457	10
1.50458	8
1.50462	9
1.50462	10
1.50463	11
1.50469	12
1.50474	13
1.50481	14
1.50487	15
1.50495	16
1.50502	17
1.5051	18
1.50519	19
1.50525	20
1.50528	6
1.5053	7
1.5053	8
1.50531	9
1.50532	10
1.50534	9
1.50538	10
1.50539	11
1.50545	12
1.50551	13
1.50557	14
1.50564	15
1.50572	16
1.5058	17
1.50589	18
1.50595	19
1.506	20
1.50603	6
1.50606	7
1.50606	8
1.50607	9
1.50607	10
1.50609	9
1.50614	10
1.50615	11
1.50621	12
1.50628	13
1.50635	14
1.50642	15
1.5065	16
1.50658	17
1.50665	18
1.5067	19
1.50675	20
1.50679	6
1.50682	7
1.50682	8
1.50683	9
1.50683	10
1.50686	9
1.50691	10
1.50692	11
1.50698	12
1.50705	13
1.50712	14
1.5072	15
1.50728	16
1.50734	17
1.5074	18
1.50746	19
1.50752	20
1.50755	6
1.50759	7
1.50759	8
1.50759	9
1.5076	10
1.50762	8
1.50767	9
1.50767	10
1.50768	11
1.50775	12
1.50782	13
1.5079	14
1.50798	15
1.50804	16
1.5081	17
1.50815	18
1.50822	19
1.50828	20
1.50831	6
1.50836	7
1.50836	8
1.50836	9
1.50836	10
1.50839	8
1.50845	9
1.50845	10
1.50845	11
1.50853	12
1.5086	13
1.50868	14
1.50874	15
1.50879	16
1.50885	17
1.50892	18
1.50898	19
1.50905	20
1.50908	6
1.50913	7
1.50913	8
1.50914	9
1.50914	10
1.50916	7
1.50922	8
1.50922	9
1.50922	10
1.50923	11
1.50931	12
1.50938	13
1.50944	14
1.50949	15
1.50955	16
1.50961	17
1.50968	18
1.50975	19
1.50982	20
1.50985	6
1.5099	7
1.5099	8
1.50991	9
1.50991	10
1.50994	7
1.51	8
1.51	9
1.51	10
1.51001	11
1.51009	12
1.51014	13
1.51019	14
1.51025	15
1.51031	16
1.51038	17
1.51045	18
1.51052	19
1.51059	20
1.51063	6
1.51068	7
1.51068	8
1.51069	9
1.51069	10
1.51071	7
1.51078	8
1.51078	9
1.51078	10
1.51079	11
1.51085	12
1.5109	13
1.51095	14
1.51101	15
1.51108	16
1.51115	17
1.51122	18
1.51129	19
1.51137	20
1.51141	6
1.51146	7
1.51146	8
1.51147	9
1.51147	10
1.5115	7
1.51154	8
1.51154	9
1.51154	10
1.51155	11
1.5116	12
1.51166	13
1.51171	14
1.51178	15
1.51185	16
1.51192	17
1.512	18
1.51208	19
1.51216	20
1.51219	6
1.51222	7
1.51223	8
1.51224	9
1.51224	10
1.51226	8
1.5123	9
1.5123	10
1.51231	11
1.51236	12
1.51242	13
1.51248	14
1.51255	15
1.51262	16
1.51269	17
1.51278	18
1.51286	19
1.51292	20
1.51295	6
1.51297	7
1.51298	8
1.51299	9
1.51299	10
1.51301	9
1.51305	10
1.51306	11
1.51312	12
1.51318	13
1.51325	14
1.51332	15
1.51339	16
1.51347	17
1.51356	18
1.51362	19
1.51367	20
1.5137	6
1.51373	7
1.51373	8
1.51374	9
1.51375	10
1.51377	9
1.51381	10
1.51382	11
1.51388	12
1.51395	13
1.51402	14
1.51409	15
1.51417	16
1.51426	17
1.51432	18
1.51437	19
1.51443	20
1.51446	6
1.51449	7
1.5145	8
1.5145	9
1.51451	10
1.51453	9
1.51458	10
1.51459	11
1.51465	12
1.51472	13
1.51479	14
1.51487	15
1.51495	16
1.51502	17
1.51507	18
1.51513	19
1.51519	20
1.51522	6
1.51526	7
1.51526	8
1.51527	9
1.51527	10
1.51529	8
1.51535	9
1.51535	10
1.51536	11
1.51542	12
1.5155	13
1.51557	14
1.51565	15
1.51571	16
1.51577	17
1.51583	18
1.51589	19
1.51595	20
1.51599	6
1.51603	7
1.51603	8
1.51604	9
1.51604	10
1.51606	8
1.51612	9
1.51612	10
1.51613	11
1.5162	12
1.51627	13
1.51635	14
1.51641	15
1.51647	16
1.51653	17
1.51659	18
1.51665	19
1.51672	20
1.51675	6
1.5168	7
1.5168	8
1.51681	9
1.51681	10
1.51683	7
1.51689	8
1.51689	9
1.5169	10
1.5169	11
1.51698	12
1.51706	13
1.51711	14
1.51717	15
1.51722	16
1.51729	17
1.51735	18
1.51742	19
1.51749	20
1.51753	6
1.51757	7
1.51758	8
1.51758	9
1.51759	10
1.51761	7
1.51767	8
1.51767	9
1.51767	10
1.51768	11
1.51776	12
1.51782	13
1.51787	14
1.51792	15
1.51798	16
1.51805	17
1.51812	18
1.51819	19
1.51827	20
1.5183	6
1.51835	7
1.51836	8
1.51836	9
1.51837	10
1.51839	7
1.51845	8
1.51846	9
1.51846	10
1.51847	11
1.51852	12
1.51857	13
1.51862	14
1.51868	15
1.51875	16
1.51882	17
1.51889	18
1.51897	19
1.51904	20
1.51908	6
1.51913	7
1.51914	8
1.51914	9
1.51915	10
1.51917	7
1.51921	8
1.51922	9
1.51922	10
1.51922	11
1.51927	12
1.51933	13
1.51939	14
1.51945	15
1.51952	16
1.51959	17
1.51967	18
1.51975	19
1.51983	20
1.51986	6
1.5199	7
1.5199	8
1.51991	9
1.51991	10
1.51993	8
1.51997	9
1.51997	10
1.51998	11
1.52003	12
1.52009	13
1.52015	14
1.52022	15
1.52029	16
1.52037	17
1.52045	18
1.52054	19
1.52059	20
1.52062	6
1.52065	7
1.52065	8
1.52066	9
1.52066	10
1.52068	9
1.52073	10
1.52074	11
1.52079	12
1.52085	13
1.52092	14
1.52099	15
1.52107	16
1.52115	17
1.52123	18
1.5213	19
1.52134	20
1.52137	6
1.5214	7
1.52141	8
1.52142	9
1.52142	10
1.52144	9
1.52149	10
1.5215	11
1.52156	12
1.52162	13
1.52169	14
1.52177	15
1.52184	16
1.52193	17
1.52199	18
1.52205	19
1.5221	20
1.52213	6
1.52217	7
1.52217	8
1.52218	9
1.52218	10
1.5222	9
1.52225	10
1.52226	11
1.52232	12
1.52239	13
1.52247	14
1.52254	15
1.52263	16
1.52269	17
1.52274	18
1.5228	19
1.52286	20
1.52289	6
1.52293	7
1.52294	8
1.52294	9
1.52294	10
1.52297	8
1.52302	9
1.52302	10
1.52303	11
1.5231	12
1.52317	13
1.52325	14
1.52333	15
1.52339	16
1.52344	17
1.5235	18
1.52356	19
1.52363	20
1.52366	6
1.5237	7
1.5237	8
1.52371	9
1.52371	10
1.52373	8
1.52379	9
1.52379	10
1.5238	11
1.52387	12
1.52395	13
1.52403	14
1.52409	15
1.52414	16
1.5242	17
1.52426	18
1.52433	19
1.52439	20
1.52443	6
1.52447	7
1.52447	8
1.52448	9
1.52448	10
1.52451	7
1.52457	8
1.52457	9
1.52457	10
1.52458	11
1.52465	12
1.52473	13
1.52479	14
1.52484	15
1.5249	16
1.52496	17
1.52503	18
1.5251	19
1.52517	20
1.5252	6
1.52525	7
1.52525	8
1.52526	9
1.52526	10
1.52528	7
1.52535	8
1.52535	9
1.52535	10
1.52536	11
1.52543	12
1.52549	13
1.52554	14
1.5256	15
1.52566	16
1.52572	17
1.52579	18
1.52587	19
1.52594	20
1.52597	6
1.52603	7
1.52603	8
1.52604	9
1.52604	10
1.52606	7
1.52613	8
1.52613	9
1.52613	10
1.52614	11
1.52619	12
1.52624	13
1.5263	14
1.52636	15
1.52642	16
1.52649	17
1.52656	18
1.52664	19
1.52672	20
1.52675	6
1.52681	7
1.52681	8
1.52682	9
1.52682	10
1.52684	7
1.52689	8
1.52689	9
1.52689	10
1.5269	11
1.52695	12
1.527	13
1.52706	14
1.52712	15
1.52719	16
1.52727	17
1.52734	18
1.52742	19
1.5275	20
1.52754	6
1.52757	7
1.52757	8
1.52758	9
1.52758	10
1.5276	8
1.52764	9
1.52764	10
1.52765	11
1.5277	12
1.52776	13
1.52782	14
1.52789	15
1.52796	16
1.52804	17
1.52812	18
1.52821	19
1.52827	20
1.5283	6
1.52832	7
1.52832	8
1.52833	9
1.52833	10
1.52836	9
1.5284	10
1.52841	11
1.52846	12
1.52853	13
1.52859	14
1.52866	15
1.52874	16
1.52882	17
1.5289	18
1.52897	19
1.52901	20
1.52905	6
1.52908	7
1.52908	8
1.52909	9
1.52909	10
1.52911	9
1.52916	10
1.52917	11
1.52923	12
1.52929	13
1.52936	14
1.52944	15
1.52952	16
1.5296	17
1.52966	18
1.52972	19
1.52977	20
1.5298	6
1.52984	7
1.52984	8
1.52985	9
1.52985	10
1.52987	9
1.52992	10
1.52993	11
1.53	12
1.53007	13
1.53014	14
1.53022	15
1.5303	16
1.53036	17
1.53042	18
1.53047	19
1.53053	20
1.53057	6
1.53061	7
1.53061	8
1.53061	9
1.53062	10
1.53064	8
1.53069	9
1.53069	10
1.5307	11
1.53077	12
1.53084	13
1.53092	14
1.531	15
1.53106	16
1.53111	17
1.53117	18
1.53123	19
1.5313	20
1.53133	6
1.53137	7
1.53138	8
1.53138	9
1.53138	10
1.53141	8
1.53146	9
1.53146	10
1.53147	11
1.53154	12
1.53162	13
1.5317	14
1.53176	15
1.53181	16
1.53187	17
1.53193	18
1.532	19
1.53207	20
1.5321	6
1.53215	7
1.53215	8
1.53215	9
1.53216	10
1.53218	7
1.53224	8
1.53224	9
1.53224	10
1.53225	11
1.53232	12
1.5324	13
1.53246	14
1.53251	15
1.53257	16
1.53263	17
1.5327	18
1.53277	19
1.53284	20
1.53287	6
1.53292	7
1.53292	8
1.53293	9
1.53293	10
1.53295	7
1.53302	8
1.53302	9
1.53302	10
1.53303	11
1.53311	12
1.53316	13
1.53321	14
1.53327	15
1.53333	16
1.5334	17
1.53347	18
1.53354	19
1.53361	20
1.53365	6
1.5337	7
1.5337	8
1.53371	9
1.53371	10
1.53373	7
1.5338	8
1.5338	9
1.5338	10
1.53381	11
1.53387	12
1.53391	13
1.53397	14
1.53403	15
1.53409	16
1.53416	17
1.53424	18
1.53431	19
1.53439	20
1.53443	6
1.53448	7
1.53448	8
1.53449	9
1.53449	10
1.53452	7
1.53456	8
1.53456	9
1.53456	10
1.53457	11
1.53462	12
1.53467	13
1.53473	14
1.5348	15
1.53486	16
1.53494	17
1.53501	18
1.5351	19
1.53517	20
1.53521	6
1.53524	7
1.53525	8
1.53525	9
1.53526	10
1.53528	8
1.53531	9
1.53532	10
1.53532	11
1.53538	12
1.53543	13
1.5355	14
1.53556	15
1.53564	16
1.53571	17
1.53579	18
1.53588	19
1.53594	20
1.53597	6
1.53599	7
1.53599	8
1.536	9
1.53601	10
1.53603	9
1.53607	10
1.53608	11
1.53614	12
1.5362	13
1.53626	14
1.53634	15
1.53641	16
1.53649	17
1.53658	18
1.53664	19
1.53669	20
1.53672	6
1.53675	7
1.53675	8
1.53676	9
1.53676	10
1.53679	9
1.53683	10
1.53684	11
1.5369	12
1.53697	13
1.53704	14
1.53711	15
1.53719	16
1.53727	17
1.53734	18
1.53739	19
1.53745	20
1.53748	6
1.53751	7
1.53751	8
1.53752	9
1.53753	10
1.53755	9
1.5376	10
1.53761	11
1.53767	12
1.53774	13
1.53781	14
1.53789	15
1.53797	16
1.53803	17
1.53809	18
1.53815	19
1.53821	20
1.53824	6
1.53828	7
1.53828	8
1.53829	9
1.53829	10
1.53831	8
1.53836	9
1.53837	10
1.53837	11
1.53844	12
1.53851	13
1.53859	14
1.53867	15
1.53873	16
1.53879	17
1.53885	18
1.53891	19
1.53897	20
1.539	6
1.53905	7
1.53905	8
1.53905	9
1.53906	10
1.53908	8
1.53914	9
1.53914	10
1.53915	11
1.53922	12
1.53929	13
1.53937	14
1.53943	15
1.53949	16
1.53954	17
1.53961	18
1.53967	19
1.53974	20
1.53977	6
1.53982	7
1.53982	8
1.53983	9
1.53983	10
1.53985	7
1.53991	8
1.53991	9
1.53991	10
1.53992	11
1.54	12
1.54008	13
1.54013	14
1.54018	15
1.54024	16
1.5403	17
1.54037	18
1.54044	19
1.54051	20
1.54054	6
1.54059	7
1.5406	8
1.5406	9
1.54061	10
1.54063	7
1.54069	8
1.54069	9
1.54069	10
1.5407	11
1.54078	12
1.54083	13
1.54089	14
1.54094	15
1.541	16
1.54107	17
1.54114	18
1.54121	19
1.54129	20
1.54132	6
1.54137	7
1.54137	8
1.54138	9
1.54138	10
1.54141	7
1.54147	8
1.54147	9
1.54148	10
1.54148	11
1.54154	12
1.54159	13
1.54164	14
1.5417	15
1.54177	16
1.54184	17
1.54191	18
1.54199	19
1.54206	20
1.5421	6
1.54215	7
1.54215	8
1.54216	9
1.54216	10
1.54219	7
1.54223	8
1.54223	9
1.54224	10
1.54224	11
1.54229	12
1.54235	13
1.54241	14
1.54247	15
1.54254	16
1.54261	17
1.54269	18
1.54277	19
1.54285	20
1.54288	6
1.54292	7
1.54292	8
1.54293	9
1.54293	10
1.54295	8
1.54299	9
1.54299	10
1.543	11
1.54305	12
1.54311	13
1.54317	14
1.54324	15
1.54331	16
1.54339	17
1.54347	18
1.54355	19
1.54361	20
1.54364	6
1.54366	7
1.54367	8
1.54368	9
1.54368	10
1.5437	9
1.54374	10
1.54375	11
1.54381	12
1.54387	13
1.54394	14
1.54401	15
1.54408	16
1.54416	17
1.54425	18
1.54431	19
1.54436	20
1.54439	6
1.54442	7
1.54443	8
1.54443	9
1.54444	10
1.54446	9
1.5445	10
1.54451	11
1.54457	12
1.54464	13
1.54471	14
1.54478	15
1.54486	16
1.54495	17
1.54501	18
1.54506	19
1.54512	20
1.54515	6
1.54519	7
1.54519	8
1.54519	9
1.5452	10
1.54522	9
1.54527	10
1.54528	11
1.54534	12
1.54541	13
1.54548	14
1.54556	15
1.54565	16
1.54571	17
1.54576	18
1.54582	19
1.54588	20
1.54591	6
1.54595	7
1.54595	8
1.54596	9
1.54596	10
1.54598	8
1.54604	9
1.54604	10
1.54605	11
1.54611	12
1.54619	13
1.54626	14
1.54635	15
1.54641	16
1.54646	17
1.54652	18
1.54658	19
1.54664	20
1.54668	6
1.54672	7
1.54672	8
1.54673	9
1.54673	10
1.54675	8
1.54681	9
1.54681	10
1.54682	11
1.54689	12
1.54697	13
1.54705	14
1.5471	15
1.54716	16
1.54722	17
1.54728	18
1.54734	19
1.54741	20
1.54745	6
1.54749	7
1.54749	8
1.5475	9
1.5475	10
1.54752	7
1.54758	8
1.54759	9
1.54759	10
1.54759	11
1.54767	12
1.54775	13
1.54781	14
1.54786	15
1.54792	16
1.54798	17
1.54804	18
1.54811	19
1.54818	20
1.54822	6
1.54827	7
1.54827	8
1.54828	9
1.54828	10
1.5483	7
1.54836	8
1.54836	9
1.54837	10
1.54837	11
1.54845	12
1.54851	13
1.54856	14
1.54861	15
1.54868	16
1.54874	17
1.54881	18
1.54889	19
1.54896	20
1.54899	6
1.54904	7
1.54905	8
1.54905	9
1.54906	10
1.54908	7
1.54915	8
1.54915	9
1.54915	10
1.54916	11
1.54921	12
1.54926	13
1.54932	14
1.54938	15
1.54944	16
1.54951	17
1.54958	18
1.54966	19
1.54973	20
1.54977	6
1.54983	7
1.54983	8
1.54983	9
1.54984	10
1.54986	7
1.54991	8
1.54991	9
1.54991	10
1.54992	11
1.54996	12
1.55002	13
1.55008	14
1.55014	15
1.55021	16
1.55028	17
1.55036	18
1.55044	19
1.55052	20
1.55056	6
1.55059	7
1.55059	8
1.5506	9
1.5506	10
1.55062	8
1.55066	9
1.55066	10
1.55067	11
1.55072	12
1.55078	13
1.55084	14
1.55091	15
1.55098	16
1.55106	17
1.55114	18
1.55123	19
1.55128	20
1.55131	6
1.55134	7
1.55134	8
1.55135	9
1.55135	10
1.55137	9
1.55142	10
1.55143	11
1.55148	12
1.55154	13
1.55161	14
1.55168	15
1.55176	16
1.55184	17
1.55192	18
1.55199	19
1.55203	20
1.55207	6
1.5521	7
1.5521	8
1.55211	9
1.55211	10
1.55213	9
1.55218	10
1.55219	11
1.55225	12
1.55231	13
1.55238	14
1.55246	15
1.55254	16
1.55262	17
1.55268	18
1.55274	19
1.55279	20
1.55282	6
1.55286	7
1.55286	8
1.55287	9
1.55287	10
1.55289	9
1.55294	10
1.55295	11
1.55302	12
1.55308	13
1.55316	14
1.55324	15
1.55332	16
1.55338	17
1.55343	18
1.55349	19
1.55355	20
1.55358	6
1.55362	7
1.55363	8
1.55363	9
1.55363	10
1.55366	8
1.55371	9
1.55371	10
1.55372	11
1.55379	12
1.55386	13
1.55394	14
1.55402	15
1.55408	16
1.55413	17
1.55419	18
1.55425	19
1.55432	20
1.55435	6
1.55439	7
1.55439	8
1.5544	9
1.5544	10
1.55442	8
1.55448	9
1.55448	10
1.55449	11
1.55456	12
1.55464	13
1.55472	14
1.55478	15
1.55483	16
1.55489	17
1.55495	18
1.55502	19
1.55509	20
1.55512	6
1.55516	7
1.55517	8
1.55517	9
1.55517	10
1.5552	7
1.55526	8
1.55526	9
1.55526	10
1.55527	11
1.55534	12
1.55542	13
1.55548	14
1.55553	15
1.55559	16
1.55565	17
1.55572	18
1.55579	19
1.55586	20
1.55589	6
1.55594	7
1.55594	8
1.55595	9
1.55595	10
1.55597	7
1.55604	8
1.55604	9
1.55604	10
1.55605	11
1.55613	12
1.55618	13
1.55623	14
1.55629	15
1.55635	16
1.55641	17
1.55648	18
1.55656	19
1.55663	20
1.55666	6
1.55672	7
1.55672	8
1.55673	9
1.55673	10
1.55675	7
1.55682	8
1.55682	9
1.55682	10
1.55683	11
1.55688	12
1.55693	13
1.55699	14
1.55705	15
1.55711	16
1.55718	17
1.55725	18
1.55733	19
1.55741	20
1.55744	6
1.5575	7
1.5575	8
1.55751	9
1.55751	10
1.55753	7
1.55758	8
1.55758	9
1.55758	10
1.55759	11
1.55764	12
1.55769	13
1.55775	14
1.55781	15
1.55788	16
1.55796	17
1.55803	18
1.55811	19
1.55819	20
1.55823	6
1.55826	7
1.55826	8
1.55827	9
1.55827	10
1.55829	8
1.55833	9
1.55833	10
1.55834	11
1.55839	12
1.55845	13
1.55852	14
1.55858	15
1.55865	16
1.55873	17
1.55881	18
1.5589	19
1.55896	20
1.55899	6
1.55901	7
1.55901	8
1.55902	9
1.55902	10
1.55905	9
1.55909	10
1.5591	11
1.55916	12
1.55922	13
1.55928	14
1.55935	15
1.55943	16
1.55951	17
1.5596	18
1.55966	19
1.55971	20
1.55974	6
1.55977	7
1.55977	8
1.55978	9
1.55978	10
1.5598	9
1.55985	10
1.55986	11
1.55992	12
1.55999	13
1.56005	14
1.56013	15
1.56021	16
1.56029	17
1.56036	18
1.56041	19
1.56046	20
1.5605	6
1.56053	7
1.56053	8
1.56054	9
1.56054	10
1.56056	9
1.56061	10
1.56062	11
1.56069	12
1.56076	13
1.56083	14
1.56091	15
1.56099	16
1.56105	17
1.56111	18
1.56117	19
1.56123	20
1.56126	6
1.5613	7
1.5613	8
1.5613	9
1.56131	10
1.56133	8
1.56138	9
1.56138	10
1.56139	11
1.56146	12
1.56153	13
1.56161	14
1.56169	15
1.56175	16
1.5618	17
1.56186	18
1.56193	19
1.56199	20
1.56202	6
1.56206	7
1.56207	8
1.56207	9
1.56207	10
1.5621	8
1.56215	9
1.56216	10
1.56216	11
1.56224	12
1.56231	13
1.56239	14
1.56245	15
1.5625	16
1.56256	17
1.56262	18
1.56269	19
1.56276	20
1.56279	6
1.56284	7
1.56284	8
1.56284	9
1.56285	10
1.56287	7
1.56293	8
1.56293	9
1.56293	10
1.56294	11
1.56302	12
1.56309	13
1.56315	14
1.5632	15
1.56326	16
1.56332	17
1.56339	18
1.56346	19
1.56353	20
1.56356	6
1.56361	7
1.56361	8
1.56362	9
1.56362	10
1.56365	7
1.56371	8
1.56371	9
1.56371	10
1.56372	11
1.5638	12
1.56385	13
1.5639	14
1.56396	15
1.56402	16
1.56409	17
1.56416	18
1.56423	19
1.5643	20
1.56434	6
1.56439	7
1.56439	8
1.5644	9
1.5644	10
1.56442	7
1.56449	8
1.56449	9
1.56449	10
1.5645	11
1.56456	12
1.56461	13
1.56466	14
1.56472	15
1.56479	16
1.56485	17
1.56493	18
1.565	19
1.56508	20
1.56512	6
1.56517	7
1.56517	8
1.56518	9
1.56518	10
1.56521	7
1.56525	8
1.56525	9
1.56525	10
1.56526	11
1.56531	12
1.56536	13
1.56542	14
1.56549	15
1.56556	16
1.56563	17
1.56571	18
1.56579	19
1.56587	20
1.5659	6
1.56593	7
1.56594	8
1.56595	9
1.56595	10
1.56597	8
1.56601	9
1.56601	10
1.56601	11
1.56607	12
1.56613	13
1.56619	14
1.56626	15
1.56633	16
1.5664	17
1.56649	18
1.56657	19
1.56663	20
1.56666	6
1.56668	7
1.56669	8
1.5667	9
1.5667	10
1.56672	9
1.56676	10
1.56677	11
1.56683	12
1.56689	13
1.56696	14
1.56703	15
1.5671	16
1.56718	17
1.56727	18
1.56733	19
1.56738	20
1.56741	6
1.56744	7
1.56744	8
1.56745	9
1.56745	10
1.56748	9
1.56752	10
1.56753	11
1.56759	12
1.56766	13
1.56773	14
1.5678	15
1.56788	16
1.56797	17
1.56803	18
1.56808	19
1.56814	20
1.56817	6
1.5682	7
1.56821	8
1.56821	9
1.56822	10
1.56824	9
1.56829	10
1.5683	11
1.56836	12
1.56843	13
1.5685	14
1.56858	15
1.56866	16
1.56873	17
1.56878	18
1.56884	19
1.5689	20
1.56893	6
1.56897	7
1.56897	8
1.56898	9
1.56898	10
1.569	8
1.56906	9
1.56906	10
1.56907	11
1.56913	12
1.5692	13
1.56928	14
1.56936	15
1.56942	16
1.56948	17
1.56954	18
1.5696	19
1.56966	20
1.5697	6
1.56974	7
1.56974	8
1.56974	9
1.56975	10
1.56977	8
1.56983	9
1.56983	10
1.56984	11
1.56991	12
1.56998	13
1.57006	14
1.57012	15
1.57018	16
1.57023	17
1.5703	18
1.57036	19
1.57043	20
1.57046	6
1.57051	7
1.57051	8
1.57052	9
1.57052	10
1.57054	7
1.5706	8
1.5706	9
1.57061	10
1.57061	11
1.57069	12
1.57077	13
1.57082	14
1.57088	15
1.57093	16
1.571	17
1.57106	18
1.57113	19
1.5712	20
1.57124	6
1.57128	7
1.57129	8
1.57129	9
1.5713	10
1.57132	7
1.57138	8
1.57138	9
1.57138	10
1.57139	11
1.57147	12
1.57153	13
1.57158	14
1.57163	15
1.57169	16
1.57176	17
1.57183	18
1.5719	19
1.57198	20
1.57201	6
1.57206	7
1.57206	8
1.57207	9
1.57208	10
1.5721	7
1.57216	8
1.57217	9
1.57217	10
1.57217	11
1.57223	12
1.57228	13
1.57233	14
1.57239	15
1.57246	16
1.57253	17
1.5726	18
1.57268	19
1.57275	20
1.57279	6
1.57284	7
1.57285	8
1.57285	9
1.57286	10
1.57288	7
1.57292	8
1.57293	9
1.57293	10
1.57293	11
1.57298	12
1.57304	13
1.5731	14
1.57316	15
1.57323	16
1.5733	17
1.57338	18
1.57346	19
1.57354	20
1.57357	6
1.57361	7
1.57361	8
1.57362	9
1.57362	10
1.57364	8
1.57368	9
1.57368	10
1.57369	11
1.57374	12
1.5738	13
1.57386	14
1.57393	15
1.574	16
1.57408	17
1.57416	18
1.57425	19
1.5743	20
1.57433	6
1.57435	7
1.57436	8
1.57437	9
1.57437	10
1.57439	9
1.57444	10
1.57444	11
1.5745	12
1.57456	13
1.57463	14
1.5747	15
1.57478	16
1.57486	17
1.57494	18
1.575	19
1.57505	20
1.57508	6
1.57511	7
1.57512	8
1.57513	9
1.57513	10
1.57515	9
1.5752	10
1.57521	11
1.57527	12
1.57533	13
1.5754	14
1.57547	15
1.57555	16
1.57564	17
1.5757	18
1.57575	19
1.57581	20
1.57584	6
1.57588	7
1.57588	8
1.57589	9
1.57589	10
1.57591	9
1.57596	10
1.57597	11
1.57603	12
1.5761	13
1.57618	14
1.57625	15
1.57634	16
1.5764	17
1.57645	18
1.57651	19
1.57657	20
1.5766	6
1.57664	7
1.57664	8
1.57665	9
1.57665	10
1.57667	8
1.57673	9
1.57673	10
1.57674	11
1.57681	12
1.57688	13
1.57695	14
1.57704	15
1.5771	16
1.57715	17
1.57721	18
1.57727	19
1.57734	20
1.57737	6
1.57741	7
1.57741	8
1.57742	9
1.57742	10
1.57744	8
1.5775	9
1.5775	10
1.57751	11
1.57758	12
1.57766	13
1.57774	14
1.5778	15
1.57785	16
1.57791	17
1.57797	18
1.57804	19
1.5781	20
1.57814	6
1.57818	7
1.57818	8
1.57819	9
1.57819	10
1.57822	7
1.57828	8
1.57828	9
1.57828	10
1.57829	11
1.57836	12
1.57844	13
1.5785	14
1.57855	15
1.57861	16
1.57867	17
1.57873	18
1.5788	19
1.57888	20
1.57891	6
1.57896	7
1.57896	8
1.57897	9
1.57897	10
1.57899	7
1.57905	8
1.57906	9
1.57906	10
1.57907	11
1.57914	12
1.5792	13
1.57925	14
1.57931	15
1.57937	16
1.57943	17
1.5795	18
1.57958	19
1.57965	20
1.57968	6
1.57973	7
1.57974	8
1.57975	9
1.57975	10
1.57977	7
1.57984	8
1.57984	9
1.57984	10
1.57985	11
1.5799	12
1.57995	13
1.58001	14
1.58007	15
1.58013	16
1.5802	17
1.58027	18
1.58035	19
1.58043	20
1.58046	6
1.58052	7
1.58052	8
1.58053	9
1.58053	10
1.58055	7
1.5806	8
1.5806	9
1.5806	10
1.58061	11
1.58066	12
1.58071	13
1.58077	14
1.58083	15
1.5809	16
1.58097	17
1.58105	18
1.58113	19
1.58121	20
1.58125	6
1.58128	7
1.58128	8
1.58129	9
1.58129	10
1.58131	8
1.58135	9
1.58135	10
1.58136	11
1.58141	12
1.58147	13
1.58153	14
1.5816	15
1.58167	16
1.58175	17
1.58183	18
1.58192	19
1.58197	20
1.582	6
1.58203	7
1.58203	8
1.58204	9
1.58204	10
1.58206	9
1.58211	10
1.58212	11
1.58217	12
1.58224	13
1.5823	14
1.58237	15
1.58245	16
1.58253	17
1.58261	18
1.58268	19
1.58272	20
1.58276	6
1.58279	7
1.58279	8
1.5828	9
1.5828	10
1.58282	9
1.58287	10
1.58288	11
1.58294	12
1.583	13
1.58307	14
1.58315	15
1.58323	16
1.58331	17
1.58337	18
1.58343	19
1.58348	20
1.58351	6
1.58355	7
1.58355	8
1.58356	9
1.58356	10
1.58358	9
1.58363	10
1.58364	11
1.58371	12
1.58378	13
1.58385	14
1.58393	15
1.58401	16
1.58407	17
1.58412	18
1.58418	19
1.58424	20
1.58428	6
1.58431	7
1.58432	8
1.58432	9
1.58433	10
1.58435	8
1.5844	9
1.5844	10
1.58441	11
1.58448	12
1.58455	13
1.58463	14
1.58471	15
1.58477	16
1.58482	17
1.58488	18
1.58494	19
1.58501	20
1.58504	6
1.58508	7
1.58509	8
1.58509	9
1.58509	10
1.58512	8
1.58517	9
1.58517	10
1.58518	11
1.58525	12
1.58533	13
1.58541	14
1.58547	15
1.58552	16
1.58558	17
1.58564	18
1.58571	19
1.58578	20
1.58581	6
1.58585	7
1.58586	8
1.58586	9
1.58587	10
1.58589	7
1.58595	8
1.58595	9
1.58595	10
1.58596	11
1.58603	12
1.58611	13
1.58617	14
1.58622	15
1.58628	16
1.58634	17
1.58641	18
1.58648	19
1.58655	20
1.58658	6
1.58663	7
1.58663	8
1.58664	9
1.58664	10
1.58666	7
1.58673	8
1.58673	9
1.58673	10
1.58674	11
1.58682	12
1.58687	13
1.58692	14
1.58698	15
1.58704	16
1.58711	17
1.58718	18
1.58725	19
1.58732	20
1.58736	6
1.58741	7
1.58741	8
1.58742	9
1.58742	10
1.58744	7
1.58751	8
1.58751	9
1.58751	10
1.58752	11
1.58757	12
1.58762	13
1.58768	14
1.58774	15
1.5878	16
1.58787	17
1.58794	18
1.58802	19
1.5881	20
1.58813	6
1.58819	7
1.58819	8
1.5882	9
1.5882	10
1.58822	7
1.58827	8
1.58827	9
1.58827	10
1.58828	11
1.58833	12
1.58838	13
1.58844	14
1.58851	15
1.58857	16
1.58865	17
1.58872	18
1.5888	19
1.58888	20
1.58892	6
1.58895	7
1.58895	8
1.58896	9
1.58897	10
1.58898	8
1.58902	9
1.58902	10
1.58903	11
1.58909	12
1.58914	13
1.58921	14
1.58927	15
1.58935	16
1.58942	17
1.5895	18
1.58959	19
1.58965	20
1.58968	6
1.5897	7
1.5897	8
1.58971	9
1.58972	10
1.58974	9
1.58978	10
1.58979	11
1.58985	12
1.58991	13
1.58997	14
1.59005	15
1.59012	16
1.5902	17
1.59029	18
1.59035	19
1.5904	20
1.59043	6
1.59046	7
1.59046	8
1.59047	9
1.59047	10
1.59049	9
1.59054	10
1.59055	11
1.59061	12
1.59068	13
1.59075	14
1.59082	15
1.5909	16
1.59098	17
1.59105	18
1.5911	19
1.59115	20
1.59119	6
1.59122	7
1.59122	8
1.59123	9
1.59124	10
1.59126	9
1.59131	10
1.59132	11
1.59138	12
1.59145	13
1.59152	14
1.5916	15
1.59168	16
1.59174	17
1.5918	18
1.59186	19
1.59192	20
1.59195	6
1.59199	7
1.59199	8
1.59199	9
1.592	10
1.59202	8
1.59207	9
1.59208	10
1.59208	11
1.59215	12
1.59222	13
1.5923	14
1.59238	15
1.59244	16
1.5925	17
1.59255	18
1.59262	19
1.59268	20
1.59271	6
1.59276	7
1.59276	8
1.59276	9
1.59277	10
1.59279	8
1.59285	9
1.59285	10
1.59286	11
1.59293	12
1.593	13
1.59308	14
1.59314	15
1.59319	16
1.59325	17
1.59332	18
1.59338	19
1.59345	20
1.59348	6
1.59353	7
1.59353	8
1.59354	9
1.59354	10
1.59356	7
1.59362	8
1.59362	9
1.59362	10
1.59363	11
1.59371	12
1.59378	13
1.59384	14
1.59389	15
1.59395	16
1.59401	17
1.59408	18
1.59415	19
1.59422	20
1.59425	6
1.5943	7
1.59431	8
1.59431	9
1.59431	10
1.59434	7
1.5944	8
1.5944	9
1.5944	10
1.59441	11
1.59449	12
1.59454	13
1.59459	14
1.59465	15
1.59471	16
1.59478	17
1.59485	18
1.59492	19
1.59499	20
1.59503	6
1.59508	7
1.59508	8
1.59509	9
1.59509	10
1.59512	7
1.59518	8
1.59518	9
1.59518	10
1.59519	11
1.59525	12
1.5953	13
1.59535	14
1.59541	15
1.59548	16
1.59555	17
1.59562	18
1.59569	19
1.59577	20
1.59581	6
1.59586	7
1.59586	8
1.59587	9
1.59587	10
1.5959	7
1.59594	8
1.59594	9
1.59594	10
1.59595	11
1.596	12
1.59606	13
1.59611	14
1.59618	15
1.59625	16
1.59632	17
1.5964	18
1.59648	19
1.59656	20
1.59659	6
1.59663	7
1.59663	8
1.59664	9
1.59664	10
1.59666	8
1.5967	9
1.5967	10
1.59671	11
1.59676	12
1.59682	13
1.59688	14
1.59695	15
1.59702	16
1.5971	17
1.59718	18
1.59726	19
1.59732	20
1.59735	6
1.59737	7
1.59738	8
1.59739	9
1.59739	10
1.59741	9
1.59745	10
1.59746	11
1.59752	12
1.59758	13
1.59765	14
1.59772	15
1.59779	16
1.59787	17
1.59796	18
1.59802	19
1.59807	20
1.5981	6
1.59813	7
1.59813	8
1.59814	9
1.59815	10
1.59817	9
1.59821	10
1.59822	11
1.59828	12
1.59835	13
1.59842	14
1.59849	15
1.59857	16
1.59866	17
1.59872	18
1.59877	19
1.59883	20
1.59886	6
1.59889	7
1.5989	8
1.5989	9
1.59891	10
1.59893	9
1.59898	10
1.59899	11
1.59905	12
1.59912	13
1.59919	14
1.59927	15
1.59936	16
1.59942	17
1.59947	18
1.59953	19
1.59959	20
1.59962	6
1.59966	7
1.59966	8
1.59967	9
1.59967	10
1.59969	8
1.59975	9
1.59975	10
1.59976	11
1.59982	12
1.5999	13
1.59997	14
1.60005	15
1.60011	16
1.60017	17
1.60023	18
1.60029	19
1.60035	20
1.60039	6
1.60043	7
1.60043	8
1.60044	9
1.60044	10
1.60046	8
1.60052	9
1.60052	10
1.60053	11
1.6006	12
1.60067	13
1.60076	14
1.60081	15
1.60087	16
1.60093	17
1.60099	18
1.60105	19
1.60112	20
1.60115	6
1.6012	7
1.6012	8
1.60121	9
1.60121	10
1.60123	7
1.60129	8
1.6013	9
1.6013	10
1.6013	11
1.60138	12
1.60146	13
1.60152	14
1.60157	15
1.60162	16
1.60169	17
1.60175	18
1.60182	19
1.60189	20
1.60193	6
1.60198	7
1.60198	8
1.60199	9
1.60199	10
1.60201	7
1.60207	8
1.60207	9
1.60208	10
1.60208	11
1.60216	12
1.60222	13
1.60227	14
1.60232	15
1.60239	16
1.60245	17
1.60252	18
1.60259	19
1.60267	20
1.6027	6
1.60275	7
1.60276	8
1.60276	9
1.60277	10
1.60279	7
1.60286	8
1.60286	9
1.60286	10
1.60287	11
1.60292	12
1.60297	13
1.60302	14
1.60308	15
1.60315	16
1.60322	17
1.60329	18
1.60337	19
1.60344	20
1.60348	6
1.60353	7
1.60354	8
1.60354	9
1.60355	10
1.60357	7
1.60361	8
1.60362	9
1.60362	10
1.60362	11
1.60367	12
1.60373	13
1.60379	14
1.60385	15
1.60392	16
1.60399	17
1.60407	18
1.60415	19
1.60423	20
1.60426	6
1.6043	7
1.6043	8
1.60431	9
1.60431	10
1.60433	8
1.60437	9
1.60437	10
1.60438	11
1.60443	12
1.60449	13
1.60455	14
1.60462	15
1.60469	16
1.60477	17
1.60485	18
1.60494	19
1.60499	20
1.60502	6
1.60505	7
1.60505	8
1.60506	9
1.60506	10
1.60508	9
1.60513	10
1.60514	11
1.60519	12
1.60525	13
1.60532	14
1.60539	15
1.60547	16
1.60555	17
1.60563	18
1.6057	19
1.60574	20
1.60578	6
1.60581	7
1.60581	8
1.60582	9
1.60582	10
1.60584	9
1.60589	10
1.6059	11
1.60596	12
1.60602	13
1.60609	14
1.60617	15
1.60625	16
1.60633	17
1.60639	18
1.60645	19
1.6065	20
1.60653	6
1.60657	7
1.60657	8
1.60658	9
1.60658	10
1.6066	9
1.60665	10
1.60666	11
1.60672	12
1.60679	13
1.60687	14
1.60694	15
1.60703	16
1.60709	17
1.60714	18
1.6072	19
1.60726	20
1.60729	6
1.60733	7
1.60734	8
1.60734	9
1.60734	10
1.60737	8
1.60742	9
1.60742	10
1.60743	11
1.6075	12
1.60757	13
1.60765	14
1.60773	15
1.60779	16
1.60784	17
1.6079	18
1.60796	19
1.60803	20
1.60806	6
1.6081	7
1.6081	8
1.60811	9
1.60811	10
1.60813	8
1.60819	9
1.60819	10
1.6082	11
1.60827	12
1.60835	13
1.60843	14
1.60849	15
1.60854	16
1.6086	17
1.60866	18
1.60873	19
1.60879	20
1.60883	6
1.60887	7
1.60888	8
1.60888	9
1.60888	10
1.60891	7
1.60897	8
1.60897	9
1.60897	10
1.60898	11
1.60905	12
1.60913	13
1.60919	14
1.60924	15
1.6093	16
1.60936	17
1.60943	18
1.6095	19
1.60957	20
1.6096	6
1.60965	7
1.60965	8
1.60966	9
1.60966	10
1.60968	7
1.60975	8
1.60975	9
1.60975	10
1.60976	11
1.60983	12
1.60989	13
1.60994	14
1.61	15
1.61006	16
1.61012	17
1.61019	18
1.61027	19
1.61034	20
1.61037	6
1.61043	7
1.61043	8
1.61044	9
1.61044	10
1.61046	7
1.61053	8
1.61053	9
1.61053	10
1.61054	11
1.61059	12
1.61064	13
1.6107	14
1.61076	15
1.61082	16
1.61089	17
1.61096	18
1.61104	19
1.61112	20
1.61115	6
1.61121	7
1.61121	8
1.61122	9
1.61122	10
1.61124	7
1.61129	8
1.61129	9
1.61129	10
1.6113	11
1.61135	12
1.6114	13
1.61146	14
1.61152	15
1.61159	16
1.61167	17
1.61174	18
1.61182	19
1.6119	20
1.61194	6
1.61197	7
1.61197	8
1.61198	9
1.61198	10
1.612	8
1.61204	9
1.61204	10
1.61205	11
1.6121	12
1.61216	13
1.61222	14
1.61229	15
1.61236	16
1.61244	17
1.61252	18
1.61261	19
1.61267	20
1.6127	6
1.61272	7
1.61272	8
1.61273	9
1.61273	10
1.61276	9
1.6128	10
1.61281	11
1.61287	12
1.61293	13
1.61299	14
1.61306	15
1.61314	16
1.61322	17
1.61331	18
1.61337	19
1.61341	20
1.61345	6
1.61348	7
1.61348	8
1.61349	9
1.61349	10
1.61351	9
1.61356	10
1.61357	11
1.61363	12
1.61369	13
1.61376	14
1.61384	15
1.61392	16
1.614	17
1.61406	18
1.61412	19
1.61417	20
1.61421	6
1.61424	7
1.61424	8
1.61425	9
1.61425	10
1.61427	9
1.61432	10
1.61433	11
1.6144	12
1.61447	13
1.61454	14
1.61462	15
1.6147	16
1.61476	17
1.61482	18
1.61487	19
1.61493	20
1.61497	6
1.61501	7
1.61501	8
1.61501	9
1.61502	10
1.61504	8
1.61509	9
1.61509	10
1.6151	11
1.61517	12
1.61524	13
1.61532	14
1.6154	15
1.61546	16
1.61551	17
1.61557	18
1.61563	19
1.6157	20
1.61573	6
1.61577	7
1.61578	8
1.61578	9
1.61578	10
1.61581	8
1.61586	9
1.61587	10
1.61587	11
1.61594	12
1.61602	13
1.6161	14
1.61616	15
1.61621	16
1.61627	17
1.61633	18
1.6164	19
1.61647	20
1.6165	6
1.61655	7
1.61655	8
1.61655	9
1.61656	10
1.61658	7
1.61664	8
1.61664	9
1.61664	10
1.61665	11
1.61672	12
1.6168	13
1.61686	14
1.61691	15
1.61697	16
1.61703	17
1.6171	18
1.61717	19
1.61724	20
1.61727	6
1.61732	7
1.61732	8
1.61733	9
1.61733	10
1.61735	7
1.61742	8
1.61742	9
1.61742	10
1.61743	11
1.61751	12
1.61756	13
1.61761	14
1.61767	15
1.61773	16
1.6178	17
1.61787	18
1.61794	19
1.61801	20
1.61805	6
1.6181	7
1.6181	8
1.61811	9
1.61811	10
1.61813	7
1.6182	8
1.6182	9
1.6182	10
1.61821	11
1.61827	12
1.61831	13
1.61837	14
1.61843	15
1.6185	16
1.61856	17
1.61864	18
1.61871	19
1.61879	20
1.61883	6
1.61888	7
1.61888	8
1.61889	9
1.61889	10
1.61892	7
1.61896	8
1.61896	9
1.61896	10
1.61897	11
1.61902	12
1.61907	13
1.61913	14
1.6192	15
1.61926	16
1.61934	17
1.61942	18
1.6195	19
1.61958	20
1.61961	6
1.61964	7
1.61965	8
1.61965	9
1.61966	10
1.61968	8
1.61971	9
1.61972	10
1.61972	11
1.61978	12
1.61983	13
1.6199	14
1.61996	15
1.62004	16
1.62011	17
1.6202	18
1.62028	19
1.62034	20
1.62037	6
1.62039	7
1.62039	8
1.6204	9
1.62041	10
1.62043	9
1.62047	10
1.62048	11
1.62054	12
1.6206	13
1.62067	14
1.62074	15
1.62081	16
1.62089	17
1.62098	18
1.62104	19
1.62109	20
1.62112	6
1.62115	7
1.62115	8
1.62116	9
1.62116	10
1.62119	9
1.62123	10
1.62124	11
1.6213	12
1.62137	13
1.62144	14
1.62151	15
1.62159	16
1.62167	17
1.62174	18
1.62179	19
1.62185	20
1.62188	6
1.62191	7
1.62192	8
1.62192	9
1.62193	10
1.62195	9
1.622	10
1.62201	11
1.62207	12
1.62214	13
1.62221	14
1.62229	15
1.62237	16
1.62243	17
1.62249	18
1.62255	19
1.62261	20
1.62264	6
1.62268	7
1.62268	8
1.62269	9
1.62269	10
1.62271	8
1.62277	9
1.62277	10
1.62277	11
1.62284	12
1.62291	13
1.62299	14
1.62307	15
1.62313	16
1.62319	17
1.62325	18
1.62331	19
1.62337	20
1.6234	6
1.62345	7
1.62345	8
1.62345	9
1.62346	10
1.62348	8
1.62354	9
1.62354	10
1.62355	11
1.62362	12
1.62369	13
1.62377	14
1.62383	15
1.62389	16
1.62394	17
1.62401	18
1.62407	19
1.62414	20
1.62417	6
1.62422	7
1.62422	8
1.62423	9
1.62423	10
1.62425	7
1.62431	8
1.62431	9
1.62431	10
1.62432	11
1.6244	12
1.62448	13
1.62453	14
1.62459	15
1.62464	16
1.62471	17
1.62477	18
1.62484	19
1.62491	20
1.62494	6
1.62499	7
1.625	8
1.625	9
1.62501	10
1.62503	7
1.62509	8
1.62509	9
1.62509	10
1.6251	11
1.62518	12
1.62524	13
1.62529	14
1.62534	15
1.6254	16
1.62547	17
1.62554	18
1.62561	19
1.62569	20
1.62572	6
1.62577	7
1.62577	8
1.62578	9
1.62578	10
1.62581	7
1.62587	8
1.62587	9
1.62588	10
1.62588	11
1.62594	12
1.62599	13
1.62604	14
1.6261	15
1.62617	16
1.62624	17
1.62631	18
1.62639	19
1.62646	20
1.6265	6
1.62655	7
1.62656	8
1.62656	9
1.62656	10
1.62659	7
1.62663	8
1.62663	9
1.62664	10
1.62664	11
1.62669	12
1.62675	13
1.62681	14
1.62687	15
1.62694	16
1.62701	17
1.62709	18
1.62717	19
1.62725	20
1.62728	6
1.62732	7
1.62732	8
1.62733	9
1.62733	10
1.62735	8
1.62739	9
1.62739	10
1.6274	11
1.62745	12
1.62751	13
1.62757	14
1.62764	15
1.62771	16
1.62779	17
1.62787	18
1.62795	19
1.62801	20
1.62804	6
1.62806	7
1.62807	8
1.62808	9
1.62808	10
1.6281	9
1.62814	10
1.62815	11
1.62821	12
1.62827	13
1.62834	14
1.62841	15
1.62848	16
1.62857	17
1.62865	18
1.62871	19
1.62876	20
1.62879	6
1.62882	7
1.62883	8
1.62883	9
1.62884	10
1.62886	9
1.62891	10
1.62892	11
1.62898	12
1.62904	13
1.62911	14
1.62918	15
1.62926	16
1.62935	17
1.62941	18
1.62946	19
1.62952	20
1.62955	6
1.62959	7
1.62959	8
1.6296	9
1.6296	10
1.62962	9
1.62967	10
1.62968	11
1.62974	12
1.62981	13
1.62989	14
1.62996	15
1.63005	16
1.63011	17
1.63016	18
1.63022	19
1.63028	20
1.63031	6
1.63035	7
1.63035	8
1.63036	9
1.63036	10
1.63038	8
1.63044	9
1.63044	10
1.63045	11
1.63051	12
1.63059	13
1.63066	14
1.63075	15
1.63081	16
1.63086	17
1.63092	18
1.63098	19
1.63104	20
1.63108	6
1.63112	7
1.63112	8
1.63113	9
1.63113	10
1.63115	8
1.63121	9
1.63121	10
1.63122	11
1.63129	12
1.63137	13
1.63145	14
1.63151	15
1.63156	16
1.63162	17
1.63168	18
1.63174	19
1.63181	20
1.63185	6
1.63189	7
1.63189	8
1.6319	9
1.6319	10
1.63192	7
1.63198	8
1.63199	9
1.63199	10
1.63199	11
1.63207	12
1.63215	13
1.63221	14
1.63226	15
1.63232	16
1.63238	17
1.63244	18
1.63251	19
1.63258	20
1.63262	6
1.63267	7
1.63267	8
1.63268	9
1.63268	10
1.6327	7
1.63276	8
1.63277	9
1.63277	10
1.63277	11
1.63285	12
1.63291	13
1.63296	14
1.63302	15
1.63308	16
1.63314	17
1.63321	18
1.63329	19
1.63336	20
1.63339	6
1.63344	7
1.63345	8
1.63345	9
1.63346	10
1.63348	7
1.63355	8
1.63355	9
1.63355	10
1.63356	11
1.63361	12
1.63366	13
1.63372	14
1.63378	15
1.63384	16
1.63391	17
1.63398	18
1.63406	19
1.63414	20
1.63417	6
1.63423	7
1.63423	8
1.63424	9
1.63424	10
1.63426	7
1.63431	8
1.63431	9
1.63431	10
1.63432	11
1.63437	12
1.63442	13
1.63448	14
1.63454	15
1.63461	16
1.63468	17
1.63476	18
1.63484	19
1.63492	20
1.63496	6
1.63499	7
1.63499	8
1.635	9
1.635	10
1.63502	8
1.63506	9
1.63506	10
1.63507	11
1.63512	12
1.63518	13
1.63524	14
1.63531	15
1.63538	16
1.63546	17
1.63554	18
1.63563	19
1.63568	20
1.63571	6
1.63574	7
1.63574	8
1.63575	9
1.63575	10
1.63577	9
1.63582	10
1.63583	11
1.63588	12
1.63594	13
1.63601	14
1.63608	15
1.63616	16
1.63624	17
1.63632	18
1.63639	19
1.63643	20
1.63647	6
1.6365	7
1.6365	8
1.63651	9
1.63651	10
1.63653	9
1.63658	10
1.63659	11
1.63665	12
1.63671	13
1.63678	14
1.63686	15
1.63694	16
1.63702	17
1.63708	18
1.63714	19
1.63719	20
1.63722	6
1.63726	7
1.63726	8
1.63727	9
1.63727	10
1.63729	9
1.63734	10
1.63735	11
1.63742	12
1.63748	13
1.63756	14
1.63764	15
1.63772	16
1.63778	17
1.63783	18
1.63789	19
1.63795	20
1.63798	6
1.63802	7
1.63803	8
1.63803	9
1.63803	10
1.63806	8
1.63811	9
1.63811	10
1.63812	11
1.63819	12
1.63826	13
1.63834	14
1.63842	15
1.63848	16
1.63853	17
1.63859	18
1.63865	19
1.63872	20
1.63875	6
1.63879	7
1.63879	8
1.6388	9
1.6388	10
1.63882	8
1.63888	9
1.63888	10
1.63889	11
1.63896	12
1.63904	13
1.63912	14
1.63918	15
1.63923	16
1.63929	17
1.63935	18
1.63942	19
1.63949	20
1.63952	6
1.63956	7
1.63957	8
1.63957	9
1.63957	10
1.6396	7
1.63966	8
1.63966	9
1.63966	10
1.63967	11
1.63974	12
1.63982	13
1.63988	14
1.63993	15
1.63999	16
1.64005	17
1.64012	18
1.64019	19
1.64026	20
1.64029	6
1.64034	7
1.64034	8
1.64035	9
1.64035	10
1.64037	7
1.64044	8
1.64044	9
1.64044	10
1.64045	11
1.64053	12
1.64058	13
1.64063	14
1.64069	15
1.64075	16
1.64082	17
1.64088	18
1.64096	19
1.64103	20
1.64107	6
1.64112	7
1.64112	8
1.64113	9
1.64113	10
1.64115	7
1.64122	8
1.64122	9
1.64122	10
1.64123	11
1.64128	12
1.64133	13
1.64139	14
1.64145	15
1.64151	16
1.64158	17
1.64165	18
1.64173	19
1.64181	20
1.64184	6
1.6419	7
1.6419	8
1.64191	9
1.64191	10
1.64193	7
1.64198	8
1.64198	9
1.64198	10
1.64199	11
1.64204	12
1.64209	13
1.64215	14
1.64221	15
1.64228	16
1.64236	17
1.64243	18
1.64251	19
1.64259	20
1.64263	6
1.64266	7
1.64266	8
1.64267	9
1.64268	10
1.64269	8
1.64273	9
1.64273	10
1.64274	11
1.6428	12
1.64285	13
1.64292	14
1.64298	15
1.64305	16
1.64313	17
1.64321	18
1.6433	19
1.64336	20
1.64339	6
1.64341	7
1.64341	8
1.64342	9
1.64343	10
1.64345	9
1.64349	10
1.6435	11
1.64356	12
1.64362	13
1.64368	14
1.64375	15
1.64383	16
1.64391	17
1.644	18
1.64406	19
1.64411	20
1.64414	6
1.64417	7
1.64417	8
1.64418	9
1.64418	10
1.6442	9
1.64425	10
1.64426	11
1.64432	12
1.64439	13
1.64446	14
1.64453	15
1.64461	16
1.64469	17
1.64476	18
1.64481	19
1.64486	20
1.6449	6
1.64493	7
1.64493	8
1.64494	9
1.64494	10
1.64496	9
1.64502	10
1.64503	11
1.64509	12
1.64516	13
1.64523	14
1.64531	15
1.64539	16
1.64545	17
1.64551	18
1.64557	19
1.64563	20
1.64566	6
1.6457	7
1.6457	8
1.6457	9
1.64571	10
1.64573	8
1.64578	9
1.64578	10
1.64579	11
1.64586	12
1.64593	13
1.64601	14
1.64609	15
1.64615	16
1.64621	17
1.64626	18
1.64633	19
1.64639	20
1.64642	6
1.64647	7
1.64647	8
1.64647	9
1.64647	10
1.6465	8
1.64656	9
1.64656	10
1.64656	11
1.64664	12
1.64671	13
1.64679	14
1.64685	15
1.6469	16
1.64696	17
1.64703	18
1.64709	19
1.64716	20
1.64719	6
1.64724	7
1.64724	8
1.64725	9
1.64725	10
1.64727	7
1.64733	8
1.64733	9
1.64733	10
1.64734	11
1.64742	12
1.64749	13
1.64755	14
1.6476	15
1.64766	16
1.64772	17
1.64779	18
1.64786	19
1.64793	20
1.64796	6
1.64801	7
1.64801	8
1.64802	9
1.64802	10
1.64805	7
1.64811	8
1.64811	9
1.64811	10
1.64812	11
1.6482	12
1.64825	13
1.6483	14
1.64836	15
1.64842	16
1.64849	17
1.64856	18
1.64863	19
1.6487	20
1.64874	6
1.64879	7
1.64879	8
1.6488	9
1.6488	10
1.64882	7
1.64889	8
1.64889	9
1.64889	10
1.6489	11
1.64896	12
1.64901	13
1.64906	14
1.64912	15
1.64919	16
1.64925	17
1.64933	18
1.6494	19
1.64948	20
1.64952	6
1.64957	7
1.64957	8
1.64958	9
1.64958	10
1.64961	7
1.64965	8
1.64965	9
1.64965	10
1.64966	11
1.64971	12
1.64976	13
1.64982	14
1.64989	15
1.64996	16
1.65003	17
1.65011	18
1.65019	19
1.65027	20
1.6503	6
1.65033	7
1.65034	8
1.65035	9
1.65035	10
1.65037	8
1.65041	9
1.65041	10
1.65042	11
1.65047	12
1.65053	13
1.65059	14
1.65066	15
1.65073	16
1.6508	17
1.65089	18
1.65097	19
1.65103	20
1.65106	6
1.65108	7
1.65109	8
1.6511	9
1.6511	10
1.65112	9
1.65116	10
1.65117	11
1.65123	12
1.65129	13
1.65136	14
1.65143	15
1.6515	16
1.65158	17
1.65167	18
1.65173	19
1.65178	20
1.65181	6
1.65184	7
1.65184	8
1.65185	9
1.65186	10
1.65188	9
1.65192	10
1.65193	11
1.65199	12
1.65206	13
1.65213	14
1.6522	15
1.65228	16
1.65237	17
1.65243	18
1.65248	19
1.65254	20
1.65257	6
1.6526	7
1.65261	8
1.65261	9
1.65262	10
1.65264	9
1.65269	10
1.6527	11
1.65276	12
1.65283	13
1.6529	14
1.65298	15
1.65306	16
1.65313	17
1.65318	18
1.65324	19
1.6533	20
1.65333	6
1.65337	7
1.65337	8
1.65338	9
1.65338	10
1.6534	8
1.65346	9
1.65346	10
1.65347	11
1.65353	12
1.65361	13
1.65368	14
1.65376	15
1.65382	16
1.65388	17
1.65394	18
1.654	19
1.65406	20
1.6541	6
1.65414	7
1.65414	8
1.65415	9
1.65415	10
1.65417	8
1.65423	9
1.65423	10
1.65424	11
1.65431	12
1.65438	13
1.65446	14
1.65452	15
1.65458	16
1.65464	17
1.6547	18
1.65476	19
1.65483	20
1.65486	6
1.65491	7
1.65491	8
1.65492	9
1.65492	10
1.65494	7
1.655	8
1.655	9
1.65501	10
1.65501	11
1.65509	12
1.65517	13
1.65522	14
1.65528	15
1.65533	16
1.6554	17
1.65546	18
1.65553	19
1.6556	20
1.65564	6
1.65568	7
1.65569	8
1.65569	9
1.6557	10
1.65572	7
1.65578	8
1.65578	9
1.65578	10
1.65579	11
1.65587	12
1.65593	13
1.65598	14
1.65603	15
1.65609	16
1.65616	17
1.65623	18
1.6563	19
1.65638	20
1.65641	6
1.65646	7
1.65646	8
1.65647	9
1.65648	10
1.6565	7
1.65656	8
1.65657	9
1.65657	10
1.65658	11
1.65663	12
1.65668	13
1.65673	14
1.65679	15
1.65686	16
1.65693	17
1.657	18
1.65708	19
1.65715	20
1.65719	6
1.65724	7
1.65725	8
1.65725	9
1.65726	10
1.65728	7
1.65732	8
1.65733	9
1.65733	10
1.65733	11
1.65738	12
1.65744	13
1.6575	14
1.65756	15
1.65763	16
1.6577	17
1.65778	18
1.65786	19
1.65794	20
1.65797	6
1.65801	7
1.65801	8
1.65802	9
1.65802	10
1.65804	8
1.65808	9
1.65808	10
1.65809	11
1.65814	12
1.6582	13
1.65826	14
1.65833	15
1.6584	16
1.65848	17
1.65856	18
1.65865	19
1.6587	20
1.65873	6
1.65876	7
1.65876	8
1.65877	9
1.65877	10
1.65879	9
1.65884	10
1.65885	11
1.6589	12
1.65896	13
1.65903	14
1.6591	15
1.65918	16
1.65926	17
1.65934	18
1.65941	19
1.65945	20
1.65948	6
1.65951	7
1.65952	8
1.65953	9
1.65953	10
1.65955	9
1.6596	10
1.65961	11
1.65967	12
1.65973	13
1.6598	14
1.65988	15
1.65995	16
1.66004	17
1.6601	18
1.66016	19
1.66021	20
1.66024	6
1.66028	7
1.66028	8
1.66029	9
1.66029	10
1.66031	9
1.66036	10
1.66037	11
1.66043	12
1.6605	13
1.66058	14
1.66065	15
1.66074	16
1.6608	17
1.66085	18
1.66091	19
1.66097	20
1.661	6
1.66104	7
1.66104	8
1.66105	9
1.66105	10
1.66107	8
1.66113	9
1.66113	10
1.66114	11
1.66121	12
1.66128	13
1.66136	14
1.66144	15
1.6615	16
1.66155	17
1.66161	18
1.66167	19
1.66174	20
1.66177	6
1.66181	7
1.66181	8
1.66182	9
1.66182	10
1.66184	8
1.6619	9
1.6619	10
1.66191	11
1.66198	12
1.66206	13
1.66214	14
1.6622	15
1.66225	16
1.66231	17
1.66237	18
1.66244	19
1.6625	20
1.66254	6
1.66258	7
1.66258	8
1.66259	9
1.66259	10
1.66262	7
1.66268	8
1.66268	9
1.66268	10
1.66269	11
1.66276	12
1.66284	13
1.6629	14
1.66295	15
1.66301	16
1.66307	17
1.66314	18
1.6632	19
1.66328	20
1.66331	6
1.66336	7
1.66336	8
1.66337	9
1.66337	10
1.66339	7
1.66345	8
1.66346	9
1.66346	10
1.66347	11
1.66354	12
1.6636	13
1.66365	14
1.66371	15
1.66377	16
1.66383	17
1.6639	18
1.66398	19
1.66405	20
1.66408	6
1.66414	7
1.66414	8
1.66415	9
1.66415	10
1.66417	7
1.66424	8
1.66424	9
1.66424	10
1.66425	11
1.6643	12
1.66435	13
1.66441	14
1.66447	15
1.66453	16
1.6646	17
1.66467	18
1.66475	19
1.66483	20
1.66486	6
1.66492	7
1.66492	8
1.66493	9
1.66493	10
1.66495	7
1.665	8
1.665	9
1.665	10
1.66501	11
1.66506	12
1.66511	13
1.66517	14
1.66523	15
1.6653	16
1.66537	17
1.66545	18
1.66553	19
1.66561	20
1.66565	6
1.66568	7
1.66568	8
1.66569	9
1.66569	10
1.66571	8
1.66575	9
1.66575	10
1.66576	11
1.66581	12
1.66587	13
1.66593	14
1.666	15
1.66607	16
1.66615	17
1.66623	18
1.66632	19
1.66637	20
1.66641	6
1.66643	7
1.66643	8
1.66644	9
1.66644	10
1.66647	9
1.66651	10
1.66652	11
1.66657	12
1.66664	13
1.6667	14
1.66677	15
1.66685	16
1.66693	17
1.66701	18
1.66708	19
1.66712	20
1.66716	6
1.66719	7
1.66719	8
1.6672	9
1.6672	10
1.66722	9
1.66727	10
1.66728	11
1.66734	12
1.6674	13
1.66747	14
1.66755	15
1.66763	16
1.66771	17
1.66777	18
1.66783	19
1.66788	20
1.66791	6
1.66795	7
1.66795	8
1.66796	9
1.66796	10
1.66798	9
1.66803	10
1.66804	11
1.66811	12
1.66818	13
1.66825	14
1.66833	15
1.66841	16
1.66847	17
1.66853	18
1.66858	19
1.66864	20
1.66868	6
1.66872	7
1.66872	8
1.66872	9
1.66873	10
1.66875	8
1.6688	9
1.6688	10
1.66881	11
1.66888	12
1.66895	13
1.66903	14
1.66911	15
1.66917	16
1.66922	17
1.66928	18
1.66934	19
1.66941	20
1.66944	6
1.66948	7
1.66949	8
1.66949	9
1.66949	10
1.66952	8
1.66957	9
1.66957	10
1.66958	11
1.66965	12
1.66973	13
1.66981	14
1.66987	15
1.66992	16
1.66998	17
1.67004	18
1.67011	19
1.67018	20
1.67021	6
1.67026	7
1.67026	8
1.67026	9
1.67027	10
1.67029	7
1.67035	8
1.67035	9
1.67035	10
1.67036	11
1.67043	12
1.67051	13
1.67057	14
1.67062	15
1.67068	16
1.67074	17
1.67081	18
1.67088	19
1.67095	20
1.67098	6
1.67103	7
1.67103	8
1.67104	9
1.67104	10
1.67106	7
1.67113	8
1.67113	9
1.67113	10
1.67114	11
1.67122	12
1.67127	13
1.67132	14
1.67138	15
1.67144	16
1.67151	17
1.67158	18
1.67165	19
1.67172	20
1.67176	6
1.67181	7
1.67181	8
1.67182	9
1.67182	10
1.67184	7
1.67191	8
1.67191	9
1.67191	10
1.67192	11
1.67198	12
1.67202	13
1.67208	14
1.67214	15
1.6722	16
1.67227	17
1.67235	18
1.67242	19
1.6725	20
1.67254	6
1.67259	7
1.67259	8
1.6726	9
1.6726	10
1.67263	7
1.67267	8
1.67267	9
1.67267	10
1.67268	11
1.67273	12
1.67278	13
1.67284	14
1.67291	15
1.67297	16
1.67305	17
1.67312	18
1.67321	19
1.67328	20
1.67332	6
1.67335	7
1.67336	8
1.67336	9
1.67337	10
1.67339	8
1.67342	9
1.67343	10
1.67343	11
1.67349	12
1.67354	13
1.67361	14
1.67367	15
1.67375	16
1.67382	17
1.6739	18
1.67399	19
1.67405	20
1.67408	6
1.6741	7
1.6741	8
1.67411	9
1.67412	10
1.67414	9
1.67418	10
1.67419	11
1.67425	12
1.67431	13
1.67437	14
1.67445	15
1.67452	16
1.6746	17
1.67469	18
1.67475	19
1.6748	20
1.67483	6
1.67486	7
1.67486	8
1.67487	9
1.67487	10
1.6749	9
1.67494	10
1.67495	11
1.67501	12
1.67508	13
1.67515	14
1.67522	15
1.6753	16
1.67538	17
1.67545	18
1.6755	19
1.67556	20
1.67559	6
1.67562	7
1.67562	8
1.67563	9
1.67564	10
1.67566	9
1.67571	10
1.67572	11
1.67578	12
1.67585	13
1.67592	14
1.676	15
1.67608	16
1.67614	17
1.6762	18
1.67626	19
1.67632	20
1.67635	6
1.67639	7
1.67639	8
1.6764	9
1.6764	10
1.67642	8
1.67647	9
1.67648	10
1.67648	11
1.67655	12
1.67662	13
1.6767	14
1.67678	15
1.67684	16
1.6769	17
1.67696	18
1.67702	19
1.67708	20
1.67711	6
1.67716	7
1.67716	8
1.67716	9
1.67717	10
1.67719	8
1.67725	9
1.67725	10
1.67726	11
1.67733	12
1.6774	13
1.67748	14
1.67754	15
1.67759	16
1.67765	17
1.67772	18
1.67778	19
1.67785	20
1.67788	6
1.67793	7
1.67793	8
1.67794	9
1.67794	10
1.67796	7
1.67802	8
1.67802	9
1.67802	10
1.67803	11
1.67811	12
1.67819	13
1.67824	14
1.67829	15
1.67835	16
1.67841	17
1.67848	18
1.67855	19
1.67862	20
1.67865	6
1.6787	7
1.67871	8
1.67871	9
1.67872	10
1.67874	7
1.6788	8
1.6788	9
1.6788	10
1.67881	11
1.67889	12
1.67894	13
1.679	14
1.67905	15
1.67911	16
1.67918	17
1.67925	18
1.67932	19
1.6794	20
1.67943	6
1.67948	7
1.67948	8
1.67949	9
1.67949	10
1.67952	7
1.67958	8
1.67958	9
1.67959	10
1.67959	11
1.67965	12
1.6797	13
1.67975	14
1.67981	15
1.67988	16
1.67995	17
1.68002	18
1.68009	19
1.68017	20
1.68021	6
1.68026	7
1.68026	8
1.68027	9
1.68027	10
1.6803	7
1.68034	8
1.68034	9
1.68035	10
1.68035	11
1.6804	12
1.68046	13
1.68051	14
1.68058	15
1.68065	16
1.68072	17
1.6808	18
1.68088	19
1.68096	20
1.68099	6
1.68103	7
1.68103	8
1.68104	9
1.68104	10
1.68106	8
1.6811	9
1.6811	10
1.68111	11
1.68116	12
1.68122	13
1.68128	14
1.68135	15
1.68142	16
1.6815	17
1.68158	18
1.68166	19
1.68172	20
1.68175	6
1.68177	7
1.68178	8
1.68179	9
1.68179	10
1.68181	9
1.68185	10
1.68186	11
1.68192	12
1.68198	13
1.68205	14
1.68212	15
1.68219	16
1.68227	17
1.68236	18
1.68242	19
1.68247	20
1.6825	6
1.68253	7
1.68254	8
1.68254	9
1.68255	10
1.68257	9
1.68261	10
1.68262	11
1.68268	12
1.68275	13
1.68282	14
1.68289	15
1.68297	16
1.68306	17
1.68312	18
1.68317	19
1.68323	20
1.68326	6
1.6833	7
1.6833	8
1.6833	9
1.68331	10
1.68333	9
1.68338	10
1.68339	11
1.68345	12
1.68352	13
1.68359	14
1.68367	15
1.68376	16
1.68382	17
1.68387	18
1.68393	19
1.68399	20
1.68402	6
1.68406	7
1.68406	8
1.68407	9
1.68407	10
1.68409	8
1.68415	9
1.68415	10
1.68416	11
1.68422	12
1.6843	13
1.68437	14
1.68446	15
1.68452	16
1.68457	17
1.68463	18
1.68469	19
1.68475	20
1.68479	6
1.68483	7
1.68483	8
1.68484	9
1.68484	10
1.68486	8
1.68492	9
1.68492	10
1.68493	11
1.685	12
1.68508	13
1.68516	14
1.68521	15
1.68527	16
1.68533	17
1.68539	18
1.68545	19
1.68552	20
1.68555	6
1.6856	7
1.6856	8
1.68561	9
1.68561	10
1.68563	7
1.68569	8
1.6857	9
1.6857	10
1.6857	11
1.68578	12
1.68586	13
1.68592	14
1.68597	15
1.68602	16
1.68609	17
1.68615	18
1.68622	19
1.68629	20
1.68633	6
1.68638	7
1.68638	8
1.68639	9
1.68639	10
1.68641	7
1.68647	8
1.68647	9
1.68648	10
1.68648	11
1.68656	12
1.68662	13
1.68667	14
1.68672	15
1.68679	16
1.68685	17
1.68692	18
1.68699	19
1.68707	20
1.6871	6
1.68715	7
1.68716	8
1.68716	9
1.68717	10
1.68719	7
1.68726	8
1.68726	9
1.68726	10
1.68727	11
1.68732	12
1.68737	13
1.68743	14
1.68749	15
1.68755	16
1.68762	17
1.68769	18
1.68777	19
1.68784	20
1.68788	6
1.68793	7
1.68794	8
1.68794	9
1.68795	10
1.68797	7
1.68802	8
1.68802	9
1.68802	10
1.68802	11
1.68807	12
1.68813	13
1.68819	14
1.68825	15
1.68832	16
1.68839	17
1.68847	18
1.68855	19
1.68863	20
1.68866	6
1.6887	7
1.6887	8
1.68871	9
1.68871	10
1.68873	8
1.68877	9
1.68877	10
1.68878	11
1.68883	12
1.68889	13
1.68895	14
1.68902	15
1.68909	16
1.68917	17
1.68925	18
1.68934	19
1.68939	20
1.68942	6
1.68945	7
1.68945	8
1.68946	9
1.68946	10
1.68948	9
1.68953	10
1.68954	11
1.68959	12
1.68965	13
1.68972	14
1.68979	15
1.68987	16
1.68995	17
1.69003	18
1.6901	19
1.69014	20
1.69018	6
1.69021	7
1.69021	8
1.69022	9
1.69022	10
1.69024	9
1.69029	10
1.6903	11
1.69036	12
1.69042	13
1.69049	14
1.69057	15
1.69065	16
1.69073	17
1.69079	18
1.69085	19
1.6909	20
1.69093	6
1.69097	7
1.69097	8
1.69098	9
1.69098	10
1.691	9
1.69105	10
1.69106	11
1.69113	12
1.69119	13
1.69127	14
1.69135	15
1.69143	16
1.69149	17
1.69154	18
1.6916	19
1.69166	20
1.69169	6
1.69173	7
1.69174	8
1.69174	9
1.69174	10
1.69177	8
1.69182	9
1.69182	10
1.69183	11
1.6919	12
1.69197	13
1.69205	14
1.69213	15
1.69219	16
1.69224	17
1.6923	18
1.69236	19
1.69243	20
1.69246	6
1.6925	7
1.6925	8
1.69251	9
1.69251	10
1.69253	8
1.69259	9
1.69259	10
1.6926	11
1.69267	12
1.69275	13
1.69283	14
1.69289	15
1.69294	16
1.693	17
1.69306	18
1.69313	19
1.6932	20
1.69323	6
1.69327	7
1.69328	8
1.69328	9
1.69328	10
1.69331	7
1.69337	8
1.69337	9
1.69337	10
1.69338	11
1.69345	12
1.69353	13
1.69359	14
1.69364	15
1.6937	16
1.69376	17
1.69383	18
1.6939	19
1.69397	20
1.694	6
1.69405	7
1.69405	8
1.69406	9
1.69406	10
1.69408	7
1.69415	8
1.69415	9
1.69415	10
1.69416	11
1.69423	12
1.69429	13
1.69434	14
1.6944	15
1.69446	16
1.69452	17
1.69459	18
1.69467	19
1.69474	20
1.69477	6
1.69483	7
1.69483	8
1.69484	9
1.69484	10
1.69486	7
1.69493	8
1.69493	9
1.69493	10
1.69494	11
1.69499	12
1.69504	13
1.6951	14
1.69516	15
1.69522	16
1.69529	17
1.69536	18
1.69544	19
1.69552	20
1.69555	6
1.69561	7
1.69561	8
1.69562	9
1.69562	10
1.69564	7
1.69569	8
1.69569	9
1.69569	10
1.6957	11
1.69575	12
1.6958	13
1.69586	14
1.69592	15
1.69599	16
1.69607	17
1.69614	18
1.69622	19
1.6963	20
1.69634	6
1.69637	7
1.69637	8
1.69638	9
1.69638	10
1.6964	8
1.69644	9
1.69644	10
1.69645	11
1.6965	12
1.69656	13
1.69662	14
1.69669	15
1.69676	16
1.69684	17
1.69692	18
1.69701	19
1.69707	20
1.6971	6
1.69712	7
1.69712	8
1.69713	9
1.69713	10
1.69716	9
1.6972	10
1.69721	11
1.69727	12
1.69733	13
1.69739	14
1.69746	15
1.69754	16
1.69762	17
1.69771	18
1.69777	19
1.69781	20
1.69785	6
1.69788	7
1.69788	8
1.69789	9
1.69789	10
1.69791	9
1.69796	10
1.69797	11
1.69803	12
1.69809	13
1.69816	14
1.69824	15
1.69832	16
1.6984	17
1.69847	18
1.69852	19
1.69857	20
1.69861	6
1.69864	7
1.69864	8
1.69865	9
1.69865	10
1.69867	9
1.69872	10
1.69873	11
1.6988	12
1.69887	13
1.69894	14
1.69902	15
1.6991	16
1.69916	17
1.69922	18
1.69928	19
1.69934	20
1.69937	6
1.69941	7
1.69941	8
1.69941	9
1.69942	10
1.69944	8
1.69949	9
1.69949	10
1.6995	11
1.69957	12
1.69964	13
1.69972	14
1.6998	15
1.69986	16
1.69991	17
1.69997	18
1.70003	19
1.7001	20
1.70013	6
1.70017	7
1.70018	8
1.70018	9
1.70018	10
1.70021	8
1.70026	9
1.70027	10
1.70027	11
1.70035	12
1.70042	13
1.7005	14
1.70056	15
1.70061	16
1.70067	17
1.70073	18
1.7008	19
1.70087	20
1.7009	6
1.70095	7
1.70095	8
1.70095	9
1.70096	10
1.70098	7
1.70104	8
1.70104	9
1.70104	10
1.70105	11
1.70113	12
1.7012	13
1.70126	14
1.70131	15
1.70137	16
1.70143	17
1.7015	18
1.70157	19
1.70164	20
1.70167	6
1.70172	7
1.70172	8
1.70173	9
1.70173	10
1.70176	7
1.70182	8
1.70182	9
1.70182	10
1.70183	11
1.70191	12
1.70196	13
1.70201	14
1.70207	15
1.70213	16
1.7022	17
1.70227	18
1.70234	19
1.70241	20
1.70245	6
1.7025	7
1.7025	8
1.70251	9
1.70251	10
1.70253	7
1.7026	8
1.7026	9
1.7026	10
1.70261	11
1.70267	12
1.70272	13
1.70277	14
1.70283	15
1.7029	16
1.70296	17
1.70304	18
1.70311	19
1.70319	20
1.70323	6
1.70328	7
1.70328	8
1.70329	9
1.70329	10
1.70332	7
1.70336	8
1.70336	9
1.70336	10
1.70337	11
1.70342	12
1.70347	13
1.70353	14
1.7036	15
1.70367	16
1.70374	17
1.70382	18
1.7039	19
1.70398	20
1.70401	6
1.70404	7
1.70405	8
1.70405	9
1.70406	10
1.70408	8
1.70411	9
1.70412	10
1.70412	11
1.70418	12
1.70424	13
1.7043	14
1.70436	15
1.70444	16
1.70451	17
1.7046	18
1.70468	19
1.70474	20
1.70477	6
1.70479	7
1.7048	8
1.7048	9
1.70481	10
1.70483	9
1.70487	10
1.70488	11
1.70494	12
1.705	13
1.70507	14
1.70514	15
1.70521	16
1.70529	17
1.70538	18
1.70544	19
1.70549	20
1.70552	6
1.70555	7
1.70555	8
1.70556	9
1.70556	10
1.70559	9
1.70563	10
1.70564	11
1.7057	12
1.70577	13
1.70584	14
1.70591	15
1.70599	16
1.70608	17
1.70614	18
1.70619	19
1.70625	20
1.70628	6
1.70631	7
1.70632	8
1.70632	9
1.70633	10
1.70635	9
1.7064	10
1.70641	11
1.70647	12
1.70654	13
1.70661	14
1.70669	15
1.70677	16
1.70684	17
1.70689	18
1.70695	19
1.70701	20
1.70704	6
1.70708	7
1.70708	8
1.70709	9
1.70709	10
1.70711	8
1.70717	9
1.70717	10
1.70718	11
1.70724	12
1.70731	13
1.70739	14
1.70747	15
1.70753	16
1.70759	17
1.70765	18
1.70771	19
1.70777	20
1.70781	6
1.70785	7
1.70785	8
1.70785	9
1.70786	10
1.70788	8
1.70794	9
1.70794	10
1.70795	11
1.70802	12
1.70809	13
1.70817	14
1.70823	15
1.70829	16
1.70834	17
1.70841	18
1.70847	19
1.70854	20
1.70857	6
1.70862	7
1.70862	8
1.70863	9
1.70863	10
1.70865	7
1.70871	8
1.70871	9
1.70872	10
1.70872	11
1.7088	12
1.70888	13
1.70893	14
1.70899	15
1.70904	16
1.70911	17
1.70917	18
1.70924	19
1.70931	20
1.70934	6
1.70939	7
1.7094	8
1.7094	9
1.70941	10
1.70943	7
1.70949	8
1.70949	9
1.70949	10
1.7095	11
1.70958	12
1.70964	13
1.70969	14
1.70974	15
1.7098	16
1.70987	17
1.70994	18
1.71001	19
1.71009	20
1.71012	6
1.71017	7
1.71017	8
1.71018	9
1.71019	10
1.71021	7
1.71027	8
1.71028	9
1.71028	10
1.71028	11
1.71034	12
1.71039	13
1.71044	14
1.7105	15
1.71057	16
1.71064	17
1.71071	18
1.71079	19
1.71086	20
1.7109	6
1.71095	7
1.71096	8
1.71096	9
1.71097	10
1.71099	7
1.71103	8
1.71103	9
1.71104	10
1.71104	11
1.71109	12
1.71115	13
1.71121	14
1.71127	15
1.71134	16
1.71141	17
1.71149	18
1.71157	19
1.71165	20
1.71168	6
1.71172	7
1.71172	8
1.71173	9
1.71173	10
1.71175	8
1.71179	9
1.71179	10
1.7118	11
1.71185	12
1.71191	13
1.71197	14
1.71204	15
1.71211	16
1.71219	17
1.71227	18
1.71236	19
1.71241	20
1.71244	6
1.71246	7
1.71247	8
1.71248	9
1.71248	10
1.7125	9
1.71254	10
1.71255	11
1.71261	12
1.71267	13
1.71274	14
1.71281	15
1.71289	16
1.71297	17
1.71305	18
1.71311	19
1.71316	20
1.71319	6
1.71322	7
1.71323	8
1.71323	9
1.71324	10
1.71326	9
1.71331	10
1.71332	11
1.71338	12
1.71344	13
1.71351	14
1.71358	15
1.71366	16
1.71375	17
1.71381	18
1.71386	19
1.71392	20
1.71395	6
1.71399	7
1.71399	8
1.714	9
1.714	10
1.71402	9
1.71407	10
1.71408	11
1.71414	12
1.71421	13
1.71429	14
1.71436	15
1.71445	16
1.71451	17
1.71456	18
1.71462	19
1.71468	20
1.71471	6
1.71475	7
1.71475	8
1.71476	9
1.71476	10
1.71478	8
1.71484	9
1.71484	10
1.71485	11
1.71492	12
1.71499	13
1.71506	14
1.71515	15
1.71521	16
1.71526	17
1.71532	18
1.71538	19
1.71545	20
1.71548	6
1.71552	7
1.71552	8
1.71553	9
1.71553	10
1.71555	8
1.71561	9
1.71561	10
1.71562	11
1.71569	12
1.71577	13
1.71585	14
1.71591	15
1.71596	16
1.71602	17
1.71608	18
1.71614	19
1.71621	20
1.71625	6
1.71629	7
1.71629	8
1.7163	9
1.7163	10
1.71633	7
1.71639	8
1.71639	9
1.71639	10
1.71639	11
1.71647	12
1.71655	13
1.71661	14
1.71666	15
1.71672	16
1.71678	17
1.71684	18
1.71691	19
1.71699	20
1.71702	6
1.71707	7
1.71707	8
1.71708	9
1.71708	10
1.7171	7
1.71716	8
1.71717	9
1.71717	10
1.71718	11
1.71725	12
1.71731	13
1.71736	14
1.71742	15
1.71748	16
1.71754	17
1.71761	18
1.71769	19
1.71776	20
1.71779	6
1.71784	7
1.71785	8
1.71786	9
1.71786	10
1.71788	7
1.71795	8
1.71795	9
1.71795	10
1.71796	11
1.71801	12
1.71806	13
1.71812	14
1.71818	15
1.71824	16
1.71831	17
1.71838	18
1.71846	19
1.71854	20
1.71857	6
1.71863	7
1.71863	8
1.71864	9
1.71864	10
1.71866	7
1.71871	8
1.71871	9
1.71871	10
1.71872	11
1.71877	12
1.71882	13
1.71888	14
1.71894	15
1.71901	16
1.71908	17
1.71916	18
1.71924	19
1.71932	20
1.71936	6
1.71939	7
1.71939	8
1.7194	9
1.7194	10
1.71942	8
1.71946	9
1.71946	10
1.71947	11
1.71952	12
1.71958	13
1.71964	14
1.71971	15
1.71978	16
1.71986	17
1.71994	18
1.72003	19
1.72008	20
1.72011	6
1.72014	7
1.72014	8
1.72015	9
1.72015	10
1.72017	9
1.72022	10
1.72023	11
1.72028	12
1.72035	13
1.72041	14
1.72048	15
1.72056	16
1.72064	17
1.72072	18
1.72079	19
1.72083	20
1.72087	6
1.7209	7
1.7209	8
1.72091	9
1.72091	10
1.72093	9
1.72098	10
1.72099	11
1.72105	12
1.72111	13
1.72118	14
1.72126	15
1.72134	16
1.72142	17
1.72148	18
1.72154	19
1.72159	20
1.72162	6
1.72166	7
1.72166	8
1.72167	9
1.72167	10
1.72169	9
1.72174	10
1.72175	11
1.72182	12
1.72188	13
1.72196	14
1.72204	15
1.72212	16
1.72218	17
1.72223	18
1.72229	19
1.72235	20
1.72238	6
1.72242	7
1.72243	8
1.72243	9
1.72244	10
1.72246	8
1.72251	9
1.72251	10
1.72252	11
1.72259	12
1.72266	13
1.72274	14
1.72282	15
1.72288	16
1.72293	17
1.72299	18
1.72305	19
1.72312	20
1.72315	6
1.72319	7
1.7232	8
1.7232	9
1.7232	10
1.72323	8
1.72328	9
1.72328	10
1.72329	11
1.72336	12
1.72344	13
1.72352	14
1.72358	15
1.72363	16
1.72369	17
1.72375	18
1.72382	19
1.72389	20
1.72392	6
1.72396	7
1.72397	8
1.72397	9
1.72398	10
1.724	7
1.72406	8
1.72406	9
1.72406	10
1.72407	11
1.72414	12
1.72422	13
1.72428	14
1.72433	15
1.72439	16
1.72445	17
1.72452	18
1.72459	19
1.72466	20
1.72469	6
1.72474	7
1.72474	8
1.72475	9
1.72475	10
1.72477	7
1.72484	8
1.72484	9
1.72484	10
1.72485	11
1.72493	12
1.72498	13
1.72503	14
1.72509	15
1.72515	16
1.72522	17
1.72529	18
1.72536	19
1.72543	20
1.72547	6
1.72552	7
1.72552	8
1.72553	9
1.72553	10
1.72555	7
1.72562	8
1.72562	9
1.72562	10
1.72563	11
1.72568	12
1.72573	13
1.72579	14
1.72585	15
1.72591	16
1.72598	17
1.72605	18
1.72613	19
1.72621	20
1.72624	6
1.7263	7
1.7263	8
1.72631	9
1.72631	10
1.72633	7
1.72638	8
1.72638	9
1.72638	10
1.72639	11
1.72644	12
1.72649	13
1.72655	14
1.72662	15
1.72668	16
1.72676	17
1.72683	18
1.72691	19
1.72699	20
1.72703	6
1.72706	7
1.72706	8
1.72707	9
1.72708	10
1.72709	8
1.72713	9
1.72713	10
1.72714	11
1.7272	12
1.72725	13
1.72732	14
1.72738	15
1.72746	16
1.72753	17
1.72761	18
1.7277	19
1.72776	20
1.72779	6
1.72781	7
1.72781	8
1.72782	9
1.72783	10
1.72785	9
1.72789	10
1.7279	11
1.72796	12
1.72802	13
1.72808	14
1.72815	15
1.72823	16
1.72831	17
1.7284	18
1.72846	19
1.72851	20
1.72854	6
1.72857	7
1.72857	8
1.72858	9
1.72858	10
1.7286	9
1.72865	10
1.72866	11
1.72872	12
1.72879	13
1.72886	14
1.72893	15
1.72901	16
1.72909	17
1.72916	18
1.72921	19
1.72926	20
1.7293	6
1.72933	7
1.72933	8
1.72934	9
1.72934	10
1.72937	9
1.72942	10
1.72943	11
1.72949	12
1.72956	13
1.72963	14
1.72971	15
1.72979	16
1.72985	17
1.72991	18
1.72997	19
1.73003	20
1.73006	6
1.7301	7
1.7301	8
1.7301	9
1.73011	10
1.73013	8
1.73018	9
1.73019	10
1.73019	11
1.73026	12
1.73033	13
1.73041	14
1.73049	15
1.73055	16
1.73061	17
1.73066	18
1.73073	19
1.73079	20
1.73082	6
1.73087	7
1.73087	8
1.73087	9
1.73088	10
1.7309	8
1.73096	9
1.73096	10
1.73097	11
1.73104	12
1.73111	13
1.73119	14
1.73125	15
1.7313	16
1.73136	17
1.73143	18
1.73149	19
1.73156	20
1.73159	6
1.73164	7
1.73164	8
1.73165	9
1.73165	10
1.73167	7
1.73173	8
1.73173	9
1.73173	10
1.73174	11
1.73182	12
1.73189	13
1.73195	14
1.732	15
1.73206	16
1.73212	17
1.73219	18
1.73226	19
1.73233	20
1.73236	6
1.73241	7
1.73241	8
1.73242	9
1.73242	10
1.73245	7
1.73251	8
1.73251	9
1.73251	10
1.73252	11
1.7326	12
1.73265	13
1.7327	14
1.73276	15
1.73282	16
1.73289	17
1.73296	18
1.73303	19
1.7331	20
1.73314	6
1.73319	7
1.73319	8
1.7332	9
1.7332	10
1.73322	7
1.73329	8
1.73329	9
1.73329	10
1.7333	11
1.73336	12
1.73341	13
1.73346	14
1.73352	15
1.73359	16
1.73366	17
1.73373	18
1.7338	19
1.73388	20
1.73392	6
1.73397	7
1.73397	8
1.73398	9
1.73398	10
1.73401	7
1.73405	8
1.73405	9
1.73405	10
1.73406	11
1.73411	12
1.73417	13
1.73422	14
1.73429	15
1.73436	16
1.73443	17
1.73451	18
1.73459	19
1.73467	20
1.7347	6
1.73474	7
1.73474	8
1.73475	9
1.73475	10
1.73477	8
1.73481	9
1.73481	10
1.73482	11
1.73487	12
1.73493	13
1.73499	14
1.73506	15
1.73513	16
1.73521	17
1.73529	18
1.73537	19
1.73543	20
1.73546	6
1.73548	7
1.73549	8
1.7355	9
1.7355	10
1.73552	9
1.73556	10
1.73557	11
1.73563	12
1.73569	13
1.73576	14
1.73583	15
1.7359	16
1.73598	17
1.73607	18
1.73613	19
1.73618	20
1.73621	6
1.73624	7
1.73624	8
1.73625	9
1.73626	10
1.73628	9
1.73632	10
1.73633	11
1.73639	12
1.73646	13
1.73653	14
1.7366	15
1.73668	16
1.73677	17
1.73683	18
1.73688	19
1.73694	20
1.73697	6
1.737	7
1.73701	8
1.73701	9
1.73702	10
1.73704	9
1.73709	10
1.7371	11
1.73716	12
1.73723	13
1.7373	14
1.73738	15
1.73746	16
1.73753	17
1.73758	18
1.73764	19
1.7377	20
1.73773	6
1.73777	7
1.73777	8
1.73778	9
1.73778	10
1.7378	8
1.73786	9
1.73786	10
1.73787	11
1.73793	12
1.73801	13
1.73808	14
1.73816	15
1.73822	16
1.73828	17
1.73834	18
1.7384	19
1.73846	20
1.7385	6
1.73854	7
1.73854	8
1.73855	9
1.73855	10
1.73857	8
1.73863	9
1.73863	10
1.73864	11
1.73871	12
1.73878	13
1.73887	14
1.73892	15
1.73898	16
1.73904	17
1.7391	18
1.73916	19
1.73923	20
1.73926	6
1.73931	7
1.73931	8
1.73932	9
1.73932	10
1.73934	7
1.7394	8
1.7394	9
1.73941	10
1.73941	11
1.73949	12
1.73957	13
1.73962	14
1.73968	15
1.73973	16
1.7398	17
1.73986	18
1.73993	19
1.74	20
1.74004	6
1.74009	7
1.74009	8
1.74009	9
1.7401	10
1.74012	7
1.74018	8
1.74018	9
1.74018	10
1.74019	11
1.74027	12
1.74033	13
1.74038	14
1.74043	15
1.7405	16
1.74056	17
1.74063	18
1.7407	19
1.74078	20
1.74081	6
1.74086	7
1.74087	8
1.74087	9
1.74088	10
1.7409	7
1.74097	8
1.74097	9
1.74097	10
1.74098	11
1.74103	12
1.74108	13
1.74113	14
1.74119	15
1.74126	16
1.74133	17
1.7414	18
1.74148	19
1.74155	20
1.74159	6
1.74164	7
1.74165	8
1.74165	9
1.74166	10
1.74168	7
1.74172	8
1.74173	9
1.74173	10
1.74173	11
1.74178	12
1.74184	13
1.7419	14
1.74196	15
1.74203	16
1.7421	17
1.74218	18
1.74226	19
1.74234	20
1.74237	6
1.74241	7
1.74241	8
1.74242	9
1.74242	10
1.74244	8
1.74248	9
1.74248	10
1.74249	11
1.74254	12
1.7426	13
1.74266	14
1.74273	15
1.7428	16
1.74288	17
1.74296	18
1.74305	19
1.7431	20
1.74313	6
1.74316	7
1.74316	8
1.74317	9
1.74317	10
1.74319	9
1.74324	10
1.74325	11
1.7433	12
1.74336	13
1.74343	14
1.7435	15
1.74358	16
1.74366	17
1.74374	18
1.74381	19
1.74385	20
1.74389	6
1.74392	7
1.74392	8
1.74393	9
1.74393	10
1.74395	9
1.744	10
1.74401	11
1.74407	12
1.74413	13
1.7442	14
1.74428	15
1.74436	16
1.74444	17
1.7445	18
1.74456	19
1.74461	20
1.74464	6
1.74468	7
1.74468	8
1.74469	9
1.74469	10
1.74471	9
1.74476	10
1.74477	11
1.74483	12
1.7449	13
1.74498	14
1.74505	15
1.74514	16
1.7452	17
1.74525	18
1.74531	19
1.74537	20
1.7454	6
1.74544	7
1.74545	8
1.74545	9
1.74545	10
1.74548	8
1.74553	9
1.74553	10
1.74554	11
1.74561	12
1.74568	13
1.74576	14
1.74584	15
1.7459	16
1.74595	17
1.74601	18
1.74607	19
1.74614	20
1.74617	6
1.74621	7
1.74621	8
1.74622	9
1.74622	10
1.74624	8
1.7463	9
1.7463	10
1.74631	11
1.74638	12
1.74646	13
1.74654	14
1.7466	15
1.74665	16
1.74671	17
1.74677	18
1.74684	19
1.7469	20
1.74694	6
1.74698	7
1.74699	8
1.74699	9
1.74699	10
1.74702	7
1.74708	8
1.74708	9
1.74708	10
1.74709	11
1.74716	12
1.74724	13
1.7473	14
1.74735	15
1.74741	16
1.74747	17
1.74754	18
1.74761	19
1.74768	20
1.74771	6
1.74776	7
1.74776	8
1.74777	9
1.74777	10
1.74779	7
1.74786	8
1.74786	9
1.74786	10
1.74787	11
1.74794	12
1.748	13
1.74805	14
1.74811	15
1.74817	16
1.74823	17
1.7483	18
1.74838	19
1.74845	20
1.74848	6
1.74854	7
1.74854	8
1.74855	9
1.74855	10
1.74857	7
1.74864	8
1.74864	9
1.74864	10
1.74865	11
1.7487	12
1.74875	13
1.74881	14
1.74887	15
1.74893	16
1.749	17
1.74907	18
1.74915	19
1.74923	20
1.74926	6
1.74932	7
1.74932	8
1.74933	9
1.74933	10
1.74935	7
1.7494	8
1.7494	9
1.7494	10
1.74941	11
1.74946	12
1.74951	13
1.74957	14
1.74963	15
1.7497	16
1.74978	17
1.74985	18
1.74993	19
1.75001	20
1.75005	6
1.75008	7
1.75008	8
1.75009	9
1.75009	10
1.75011	8
1.75015	9
1.75015	10
1.75016	11
1.75021	12
1.75027	13
1.75033	14
1.7504	15
1.75047	16
1.75055	17
1.75063	18
1.75072	19
1.75078	20
1.75081	6
1.75083	7
1.75083	8
1.75084	9
1.75084	10
1.75087	9
1.75091	10
1.75092	11
1.75097	12
1.75104	13
1.7511	14
1.75117	15
1.75125	16
1.75133	17
1.75141	18
1.75148	19
1.75152	20
1.75156	6
1.75159	7
1.75159	8
1.7516	9
1.7516	10
1.75162	9
1.75167	10
1.75168	11
1.75174	12
1.7518	13
1.75187	14
1.75195	15
1.75203	16
1.75211	17
1.75217	18
1.75223	19
1.75228	20
1.75232	6
1.75235	7
1.75235	8
1.75236	9
1.75236	10
1.75238	9
1.75243	10
1.75244	11
1.75251	12
1.75258	13
1.75265	14
1.75273	15
1.75281	16
1.75287	17
1.75293	18
1.75298	19
1.75304	20
1.75308	6
1.75312	7
1.75312	8
1.75312	9
1.75313	10
1.75315	8
1.7532	9
1.7532	10
1.75321	11
1.75328	12
1.75335	13
1.75343	14
1.75351	15
1.75357	16
1.75362	17
1.75368	18
1.75374	19
1.75381	20
1.75384	6
1.75388	7
1.75389	8
1.75389	9
1.75389	10
1.75392	8
1.75397	9
1.75398	10
1.75398	11
1.75405	12
1.75413	13
1.75421	14
1.75427	15
1.75432	16
1.75438	17
1.75444	18
1.75451	19
1.75458	20
1.75461	6
1.75466	7
1.75466	8
1.75466	9
1.75467	10
1.75469	7
1.75475	8
1.75475	9
1.75475	10
1.75476	11
1.75483	12
1.75491	13
1.75497	14
1.75502	15
1.75508	16
1.75514	17
1.75521	18
1.75528	19
1.75535	20
1.75538	6
1.75543	7
1.75543	8
1.75544	9
1.75544	10
1.75546	7
1.75553	8
1.75553	9
1.75553	10
1.75554	11
1.75562	12
1.75567	13
1.75572	14
1.75578	15
1.75584	16
1.75591	17
1.75598	18
1.75605	19
1.75612	20
1.75616	6
1.75621	7
1.75621	8
1.75622	9
1.75622	10
1.75624	7
1.75631	8
1.75631	9
1.75631	10
1.75632	11
1.75638	12
1.75642	13
1.75648	14
1.75654	15
1.75661	16
1.75667	17
1.75675	18
1.75682	19
1.7569	20
1.75694	6
1.75699	7
1.75699	8
1.757	9
1.757	10
1.75703	7
1.75707	8
1.75707	9
1.75707	10
1.75708	11
1.75713	12
1.75718	13
1.75724	14
1.75731	15
1.75737	16
1.75745	17
1.75753	18
1.75761	19
1.75768	20
1.75772	6
1.75775	7
1.75776	8
1.75776	9
1.75777	10
1.75779	8
1.75782	9
1.75783	10
1.75783	11
1.75789	12
1.75794	13
1.75801	14
1.75807	15
1.75815	16
1.75822	17
1.75831	18
1.75839	19
1.75845	20
1.75848	6
1.7585	7
1.7585	8
1.75851	9
1.75852	10
1.75854	9
1.75858	10
1.75859	11
1.75865	12
1.75871	13
1.75878	14
1.75885	15
1.75892	16
1.759	17
1.75909	18
1.75915	19
1.7592	20
1.75923	6
1.75926	7
1.75926	8
1.75927	9
1.75927	10
1.7593	9
1.75934	10
1.75935	11
1.75941	12
1.75948	13
1.75955	14
1.75962	15
1.7597	16
1.75978	17
1.75985	18
1.7599	19
1.75996	20
1.75999	6
1.76002	7
1.76003	8
1.76003	9
1.76004	10
1.76006	9
1.76011	10
1.76012	11
1.76018	12
1.76025	13
1.76032	14
1.7604	15
1.76048	16
1.76054	17
1.7606	18
1.76066	19
1.76072	20
1.76075	6
1.76079	7
1.76079	8
1.7608	9
1.7608	10
1.76082	8
1.76088	9
1.76088	10
1.76088	11
1.76095	12
1.76102	13
1.7611	14
1.76118	15
1.76124	16
1.7613	17
1.76136	18
1.76142	19
1.76148	20
1.76151	6
1.76156	7
1.76156	8
1.76156	9
1.76157	10
1.76159	8
1.76165	9
1.76165	10
1.76166	11
1.76173	12
1.7618	13
1.76188	14
1.76194	15
1.762	16
1.76205	17
1.76212	18
1.76218	19
1.76225	20
1.76228	6
1.76233	7
1.76233	8
1.76234	9
1.76234	10
1.76236	7
1.76242	8
1.76242	9
1.76242	10
1.76243	11
1.76251	12
1.76259	13
1.76264	14
1.76269	15
1.76275	16
1.76282	17
1.76288	18
1.76295	19
1.76302	20
1.76305	6
1.7631	7
1.76311	8
1.76311	9
1.76312	10
1.76314	7
1.7632	8
1.7632	9
1.7632	10
1.76321	11
1.76329	12
1.76335	13
1.7634	14
1.76345	15
1.76351	16
1.76358	17
1.76365	18
1.76372	19
1.7638	20
1.76383	6
1.76388	7
1.76388	8
1.76389	9
1.76389	10
1.76392	7
1.76398	8
1.76398	9
1.76399	10
1.76399	11
1.76405	12
1.7641	13
1.76415	14
1.76421	15
1.76428	16
1.76435	17
1.76442	18
1.7645	19
1.76457	20
1.76461	6
1.76466	7
1.76466	8
1.76467	9
1.76467	10
1.7647	7
1.76474	8
1.76474	9
1.76475	10
1.76475	11
1.7648	12
1.76486	13
1.76492	14
1.76498	15
1.76505	16
1.76512	17
1.7652	18
1.76528	19
1.76536	20
1.76539	6
1.76543	7
1.76543	8
1.76544	9
1.76544	10
1.76546	8
1.7655	9
1.7655	10
1.76551	11
1.76556	12
1.76562	13
1.76568	14
1.76575	15
1.76582	16
1.7659	17
1.76598	18
1.76606	19
1.76612	20
1.76615	6
1.76617	7
1.76618	8
1.76619	9
1.76619	10
1.76621	9
1.76625	10
1.76626	11
1.76632	12
1.76638	13
1.76645	14
1.76652	15
1.76659	16
1.76668	17
1.76676	18
1.76682	19
1.76687	20
1.7669	6
1.76693	7
1.76694	8
1.76694	9
1.76695	10
1.76697	9
1.76702	10
1.76702	11
1.76708	12
1.76715	13
1.76722	14
1.76729	15
1.76737	16
1.76746	17
1.76752	18
1.76757	19
1.76763	20
1.76766	6
1.7677	7
1.7677	8
1.76771	9
1.76771	10
1.76773	9
1.76778	10
1.76779	11
1.76785	12
1.76792	13
1.76799	14
1.76807	15
1.76816	16
1.76822	17
1.76827	18
1.76833	19
1.76839	20
1.76842	6
1.76846	7
1.76846	8
1.76847	9
1.76847	10
1.76849	8
1.76855	9
1.76855	10
1.76856	11
1.76862	12
1.7687	13
1.76877	14
1.76886	15
1.76892	16
1.76897	17
1.76903	18
1.76909	19
1.76915	20
1.76919	6
1.76923	7
1.76923	8
1.76924	9
1.76924	10
1.76926	8
1.76932	9
1.76932	10
1.76933	11
1.7694	12
1.76948	13
1.76956	14
1.76962	15
1.76967	16
1.76973	17
1.76979	18
1.76985	19
1.76992	20
1.76996	6
1.77	7
1.77	8
1.77001	9
1.77001	10
1.77003	7
1.77009	8
1.7701	9
1.7701	10
1.7701	11
1.77018	12
1.77026	13
1.77032	14
1.77037	15
1.77043	16
1.77049	17
1.77055	18
1.77062	19
1.77069	20
1.77073	6
1.77078	7
1.77078	8
1.77079	9
1.77079	10
1.77081	7
1.77087	8
1.77087	9
1.77088	10
1.77088	11
1.77096	12
1.77102	13
1.77107	14
1.77112	15
1.77119	16
1.77125	17
1.77132	18
1.7714	19
1.77147	20
1.7715	6
1.77155	7
1.77156	8
1.77156	9
1.77157	10
1.77159	7
1.77166	8
1.77166	9
1.77166	10
1.77167	11
1.77172	12
1.77177	13
1.77183	14
1.77189	15
1.77195	16
1.77202	17
1.77209	18
1.77217	19
1.77225	20
1.77228	6
1.77234	7
1.77234	8
1.77234	9
1.77235	10
1.77237	7
1.77242	8
1.77242	9
1.77242	10
1.77243	11
1.77248	12
1.77253	13
1.77259	14
1.77265	15
1.77272	16
1.77279	17
1.77287	18
1.77295	19
1.77303	20
1.77307	6
1.7731	7
1.7731	8
1.77311	9
1.77311	10
1.77313	8
1.77317	9
1.77317	10
1.77318	11
1.77323	12
1.77329	13
1.77335	14
1.77342	15
1.77349	16
1.77357	17
1.77365	18
1.77374	19
1.77379	20
1.77382	6
1.77385	7
1.77385	8
1.77386	9
1.77386	10
1.77388	9
1.77393	10
1.77394	11
1.77399	12
1.77405	13
1.77412	14
1.77419	15
1.77427	16
1.77435	17
1.77443	18
1.7745	19
1.77454	20
1.77458	6
1.77461	7
1.77461	8
1.77462	9
1.77462	10
1.77464	9
1.77469	10
1.7747	11
1.77476	12
1.77482	13
1.77489	14
1.77497	15
1.77505	16
1.77513	17
1.77519	18
1.77525	19
1.7753	20
1.77533	6
1.77537	7
1.77537	8
1.77538	9
1.77538	10
1.7754	9
1.77545	10
1.77546	11
1.77553	12
1.77559	13
1.77567	14
1.77575	15
1.77583	16
1.77589	17
1.77594	18
1.776	19
1.77606	20
1.77609	6
1.77613	7
1.77614	8
1.77614	9
1.77614	10
1.77617	8
1.77622	9
1.77622	10
1.77623	11
1.7763	12
1.77637	13
1.77645	14
1.77653	15
1.77659	16
1.77664	17
1.7767	18
1.77676	19
1.77683	20
1.77686	6
1.7769	7
1.7769	8
1.77691	9
1.77691	10
1.77693	8
1.77699	9
1.77699	10
1.777	11
1.77707	12
1.77715	13
1.77723	14
1.77729	15
1.77734	16
1.7774	17
1.77746	18
1.77753	19
1.7776	20
1.77763	6
1.77767	7
1.77768	8
1.77768	9
1.77768	10
1.77771	7
1.77777	8
1.77777	9
1.77777	10
1.77778	11
1.77785	12
1.77793	13
1.77799	14
1.77804	15
1.7781	16
1.77816	17
1.77823	18
1.7783	19
1.77837	20
1.7784	6
1.77845	7
1.77845	8
1.77846	9
1.77846	10
1.77848	7
1.77855	8
1.77855	9
1.77855	10
1.77856	11
1.77864	12
1.77869	13
1.77874	14
1.7788	15
1.77886	16
1.77893	17
1.77899	18
1.77907	19
1.77914	20
1.77918	6
1.77923	7
1.77923	8
1.77924	9
1.77924	10
1.77926	7
1.77933	8
1.77933	9
1.77933	10
1.77934	11
1.77939	12
1.77944	13
1.7795	14
1.77956	15
1.77962	16
1.77969	17
1.77976	18
1.77984	19
1.77992	20
1.77995	6
1.78001	7
1.78001	8
1.78002	9
1.78002	10
1.78004	7
1.78009	8
1.78009	9
1.78009	10
1.7801	11
1.78015	12
1.7802	13
1.78026	14
1.78032	15
1.78039	16
1.78047	17
1.78054	18
1.78062	19
1.7807	20
1.78074	6
1.78077	7
1.78077	8
1.78078	9
1.78078	10
1.7808	8
1.78084	9
1.78084	10
1.78085	11
1.78091	12
1.78096	13
1.78103	14
1.78109	15
1.78116	16
1.78124	17
1.78132	18
1.78141	19
1.78147	20
1.7815	6
1.78152	7
1.78152	8
1.78153	9
1.78153	10
1.78156	9
1.7816	10
1.78161	11
1.78167	12
1.78173	13
1.78179	14
1.78186	15
1.78194	16
1.78202	17
1.78211	18
1.78217	19
1.78222	20
1.78225	6
1.78228	7
1.78228	8
1.78229	9
1.78229	10
1.78231	9
1.78236	10
1.78237	11
1.78243	12
1.7825	13
1.78257	14
1.78264	15
1.78272	16
1.7828	17
1.78287	18
1.78292	19
1.78297	20
1.78301	6
1.78304	7
1.78304	8
1.78305	9
1.78305	10
1.78307	9
1.78313	10
1.78313	11
1.7832	12
1.78327	13
1.78334	14
1.78342	15
1.7835	16
1.78356	17
1.78362	18
1.78368	19
1.78374	20
1.78377	6
1.78381	7
1.78381	8
1.78381	9
1.78382	10
1.78384	8
1.78389	9
1.78389	10
1.7839	11
1.78397	12
1.78404	13
1.78412	14
1.7842	15
1.78426	16
1.78432	17
1.78437	18
1.78444	19
1.7845	20
1.78453	6
1.78457	7
1.78458	8
1.78458	9
1.78458	10
1.78461	8
1.78466	9
1.78467	10
1.78467	11
1.78475	12
1.78482	13
1.7849	14
1.78496	15
1.78501	16
1.78507	17
1.78513	18
1.7852	19
1.78527	20
1.7853	6
1.78535	7
1.78535	8
1.78535	9
1.78536	10
1.78538	7
1.78544	8
1.78544	9
1.78544	10
1.78545	11
1.78553	12
1.7856	13
1.78566	14
1.78571	15
1.78577	16
1.78583	17
1.7859	18
1.78597	19
1.78604	20
1.78607	6
1.78612	7
1.78612	8
1.78613	9
1.78613	10
1.78616	7
1.78622	8
1.78622	9
1.78622	10
1.78623	11
1.78631	12
1.78636	13
1.78641	14
1.78647	15
1.78653	16
1.7866	17
1.78667	18
1.78674	19
1.78681	20
1.78685	6
1.7869	7
1.7869	8
1.78691	9
1.78691	10
1.78693	7
1.787	8
1.787	9
1.787	10
1.78701	11
1.78707	12
1.78712	13
1.78717	14
1.78723	15
1.7873	16
1.78736	17
1.78744	18
1.78751	19
1.78759	20
1.78763	6
1.78768	7
1.78768	8
1.78769	9
1.78769	10
1.78772	7
1.78776	8
1.78776	9
1.78776	10
1.78777	11
1.78782	12
1.78787	13
1.78793	14
1.788	15
1.78807	16
1.78814	17
1.78822	18
1.7883	19
1.78838	20
1.78841	6
1.78844	7
1.78845	8
1.78846	9
1.78846	10
1.78848	8
1.78852	9
1.78852	10
1.78853	11
1.78858	12
1.78864	13
1.7887	14
1.78877	15
1.78884	16
1.78891	17
1.789	18
1.78908	19
1.78914	20
1.78917	6
1.78919	7
1.7892	8
1.78921	9
1.78921	10
1.78923	9
1.78927	10
1.78928	11
1.78934	12
1.7894	13
1.78947	14
1.78954	15
1.78961	16
1.78969	17
1.78978	18
1.78984	19
1.78989	20
1.78992	6
1.78995	7
1.78995	8
1.78996	9
1.78997	10
1.78999	9
1.79003	10
1.79004	11
1.7901	12
1.79017	13
1.79024	14
1.79031	15
1.79039	16
1.79048	17
1.79054	18
1.79059	19
1.79065	20
1.79068	6
1.79071	7
1.79072	8
1.79072	9
1.79073	10
1.79075	9
1.7908	10
1.79081	11
1.79087	12
1.79094	13
1.79101	14
1.79109	15
1.79117	16
1.79124	17
1.79129	18
1.79135	19
1.79141	20
1.79144	6
1.79148	7
1.79148	8
1.79149	9
1.79149	10
1.79151	8
1.79157	9
1.79157	10
1.79158	11
1.79164	12
1.79172	13
1.79179	14
1.79187	15
1.79193	16
1.79199	17
1.79205	18
1.79211	19
1.79217	20
1.79221	6
1.79225	7
1.79225	8
1.79225	9
1.79226	10
1.79228	8
1.79234	9
1.79234	10
1.79235	11
1.79242	12
1.79249	13
1.79257	14
1.79263	15
1.79269	16
1.79275	17
1.79281	18
1.79287	19
1.79294	20
1.79297	6
1.79302	7
1.79302	8
1.79303	9
1.79303	10
1.79305	7
1.79311	8
1.79311	9
1.79312	10
1.79312	11
1.7932	12
1.79328	13
1.79333	14
1.79339	15
1.79344	16
1.79351	17
1.79357	18
1.79364	19
1.79371	20
1.79375	6
1.79379	7
1.7938	8
1.7938	9
1.79381	10
1.79383	7
1.79389	8
1.79389	9
1.79389	10
1.7939	11
1.79398	12
1.79404	13
1.79409	14
1.79414	15
1.7942	16
1.79427	17
1.79434	18
1.79441	19
1.79449	20
1.79452	6
1.79457	7
1.79457	8
1.79458	9
1.79459	10
1.79461	7
1.79467	8
1.79468	9
1.79468	10
1.79469	11
1.79474	12
1.79479	13
1.79484	14
1.7949	15
1.79497	16
1.79504	17
1.79511	18
1.79519	19
1.79526	20
1.7953	6
1.79535	7
1.79536	8
1.79536	9
1.79537	10
1.79539	7
1.79543	8
1.79544	9
1.79544	10
1.79544	11
1.79549	12
1.79555	13
1.79561	14
1.79567	15
1.79574	16
1.79581	17
1.79589	18
1.79597	19
1.79605	20
1.79608	6
1.79612	7
1.79612	8
1.79613	9
1.79613	10
1.79615	8
1.79619	9
1.79619	10
1.7962	11
1.79625	12
1.79631	13
1.79637	14
1.79644	15
1.79651	16
1.79659	17
1.79667	18
1.79676	19
1.79681	20
1.79684	6
1.79686	7
1.79687	8
1.79688	9
1.79688	10
1.7969	9
1.79695	10
1.79696	11
1.79701	12
1.79707	13
1.79714	14
1.79721	15
1.79729	16
1.79737	17
1.79745	18
1.79752	19
1.79756	20
1.79759	6
1.79762	7
1.79763	8
1.79764	9
1.79764	10
1.79766	9
1.79771	10
1.79772	11
1.79778	12
1.79784	13
1.79791	14
1.79799	15
1.79806	16
1.79815	17
1.79821	18
1.79827	19
1.79832	20
1.79835	6
1.79839	7
1.79839	8
1.7984	9
1.7984	10
1.79842	9
1.79847	10
1.79848	11
1.79854	12
1.79861	13
1.79869	14
1.79876	15
1.79885	16
1.79891	17
1.79896	18
1.79902	19
1.79908	20
1.79911	6
1.79915	7
1.79915	8
1.79916	9
1.79916	10
1.79918	8
1.79924	9
1.79924	10
1.79925	11
1.79932	12
1.79939	13
1.79946	14
1.79955	15
1.79961	16
1.79966	17
1.79972	18
1.79978	19
1.79985	20
1.79988	6
1.79992	7
1.79992	8
1.79993	9
1.79993	10
1.79995	8
1.80001	9
1.80001	10
1.80002	11
1.80009	12
1.80017	13
1.80025	14
1.80031	15
1.80036	16
1.80042	17
1.80048	18
1.80055	19
1.80061	20
1.80065	6
1.80069	7
1.80069	8
1.8007	9
1.8007	10
1.80073	7
1.80079	8
1.80079	9
1.80079	10
1.8008	11
1.80087	12
1.80095	13
1.80101	14
1.80106	15
1.80112	16
1.80118	17
1.80124	18
1.80131	19
1.80139	20
1.80142	6
1.80147	7
1.80147	8
1.80148	9
1.80148	10
1.8015	7
1.80156	8
1.80157	9
1.80157	10
1.80158	11
1.80165	12
1.80171	13
1.80176	14
1.80182	15
1.80188	16
1.80194	17
1.80201	18
1.80209	19
1.80216	20
1.80219	6
1.80225	7
1.80225	8
1.80226	9
1.80226	10
1.80228	7
1.80235	8
1.80235	9
1.80235	10
1.80236	11
1.80241	12
1.80246	13
1.80252	14
1.80258	15
1.80264	16
1.80271	17
1.80278	18
1.80286	19
1.80294	20
1.80297	6
1.80303	7
1.80303	8
1.80304	9
1.80304	10
1.80306	7
1.80311	8
1.80311	9
1.80311	10
1.80312	11
1.80317	12
1.80322	13
1.80328	14
1.80334	15
1.80341	16
1.80348	17
1.80356	18
1.80364	19
1.80372	20
1.80376	6
1.80379	7
1.80379	8
1.8038	9
1.8038	10
1.80382	8
1.80386	9
1.80386	10
1.80387	11
1.80392	12
1.80398	13
1.80404	14
1.80411	15
1.80418	16
1.80426	17
1.80434	18
1.80443	19
1.80448	20
1.80451	6
1.80454	7
1.80454	8
1.80455	9
1.80455	10
1.80457	9
1.80462	10
1.80463	11
1.80468	12
1.80475	13
1.80481	14
1.80488	15
1.80496	16
1.80504	17
1.80512	18
1.80519	19
1.80523	20
1.80527	6
1.8053	7
1.8053	8
1.80531	9
1.80531	10
1.80533	9
1.80538	10
1.80539	11
1.80545	12
1.80551	13
1.80558	14
1.80566	15
1.80574	16
1.80582	17
1.80588	18
1.80594	19
1.80599	20
1.80602	6
1.80606	7
1.80606	8
1.80607	9
1.80607	10
1.80609	9
1.80614	10
1.80615	11
1.80622	12
1.80629	13
1.80636	14
1.80644	15
1.80652	16
1.80658	17
1.80664	18
1.80669	19
1.80675	20
1.80679	6
1.80683	7
1.80683	8
1.80683	9
1.80684	10
1.80686	8
1.80691	9
1.80691	10
1.80692	11
1.80699	12
1.80706	13
1.80714	14
1.80722	15
1.80728	16
1.80733	17
1.80739	18
1.80745	19
1.80752	20
1.80755	6
1.80759	7
1.8076	8
1.8076	9
1.8076	10
1.80763	8
1.80768	9
1.80768	10
1.80769	11
1.80776	12
1.80784	13
1.80792	14
1.80798	15
1.80803	16
1.80809	17
1.80815	18
1.80822	19
1.80829	20
1.80832	6
1.80836	7
1.80837	8
1.80837	9
1.80838	10
1.8084	7
1.80846	8
1.80846	9
1.80846	10
1.80847	11
1.80854	12
1.80862	13
1.80868	14
1.80873	15
1.80879	16
1.80885	17
1.80892	18
1.80899	19
1.80906	20
1.80909	6
1.80914	7
1.80914	8
1.80915	9
1.80915	10
1.80917	7
1.80924	8
1.80924	9
1.80924	10
1.80925	11
1.80933	12
1.80938	13
1.80943	14
1.80949	15
1.80955	16
1.80962	17
1.80969	18
1.80976	19
1.80983	20
1.80987	6
1.80992	7
1.80992	8
1.80993	9
1.80993	10
1.80995	7
1.81002	8
1.81002	9
1.81002	10
1.81003	11
1.81008	12
1.81013	13
1.81019	14
1.81025	15
1.81031	16
1.81038	17
1.81046	18
1.81053	19
1.81061	20
1.81065	6
1.8107	7
1.8107	8
1.81071	9
1.81071	10
1.81074	7
1.81078	8
1.81078	9
1.81078	10
1.81079	11
1.81084	12
1.81089	13
1.81095	14
1.81102	15
1.81108	16
1.81116	17
1.81123	18
1.81131	19
1.81139	20
1.81143	6
1.81146	7
1.81147	8
1.81147	9
1.81148	10
1.8115	8
1.81153	9
1.81153	10
1.81154	11
1.8116	12
1.81165	13
1.81172	14
1.81178	15
1.81186	16
1.81193	17
1.81201	18
1.8121	19
1.81216	20
1.81219	6
1.81221	7
1.81221	8
1.81222	9
1.81223	10
1.81225	9
1.81229	10
1.8123	11
1.81236	12
1.81242	13
1.81248	14
1.81256	15
1.81263	16
1.81271	17
1.8128	18
1.81286	19
1.81291	20
1.81294	6
1.81297	7
1.81297	8
1.81298	9
1.81298	10
1.813	9
1.81305	10
1.81306	11
1.81312	12
1.81319	13
1.81326	14
1.81333	15
1.81341	16
1.81349	17
1.81356	18
1.81361	19
1.81366	20
1.8137	6
1.81373	7
1.81373	8
1.81374	9
1.81375	10
1.81377	9
1.81382	10
1.81383	11
1.81389	12
1.81396	13
1.81403	14
1.81411	15
1.81419	16
1.81425	17
1.81431	18
1.81437	19
1.81443	20
1.81446	6
1.8145	7
1.8145	8
1.81451	9
1.81451	10
1.81453	8
1.81458	9
1.81459	10
1.81459	11
1.81466	12
1.81473	13
1.81481	14
1.81489	15
1.81495	16
1.81501	17
1.81507	18
1.81513	19
1.81519	20
1.81522	6
1.81527	7
1.81527	8
1.81527	9
1.81528	10
1.8153	8
1.81536	9
1.81536	10
1.81537	11
1.81544	12
1.81551	13
1.81559	14
1.81565	15
1.8157	16
1.81576	17
1.81583	18
1.81589	19
1.81596	20
1.81599	6
1.81604	7
1.81604	8
1.81605	9
1.81605	10
1.81607	7
1.81613	8
1.81613	9
1.81613	10
1.81614	11
1.81622	12
1.81629	13
1.81635	14
1.8164	15
1.81646	16
1.81652	17
1.81659	18
1.81666	19
1.81673	20
1.81676	6
1.81681	7
1.81682	8
1.81682	9
1.81682	10
1.81685	7
1.81691	8
1.81691	9
1.81691	10
1.81692	11
1.817	12
1.81705	13
1.8171	14
1.81716	15
1.81722	16
1.81729	17
1.81736	18
1.81743	19
1.81751	20
1.81754	6
1.81759	7
1.81759	8
1.8176	9
1.8176	10
1.81763	7
1.81769	8
1.81769	9
1.8177	10
1.8177	11
1.81776	12
1.81781	13
1.81786	14
1.81792	15
1.81799	16
1.81806	17
1.81813	18
1.8182	19
1.81828	20
1.81832	6
1.81837	7
1.81837	8
1.81838	9
1.81838	10
1.81841	7
1.81845	8
1.81845	9
1.81845	10
1.81846	11
1.81851	12
1.81857	13
1.81862	14
1.81869	15
1.81876	16
1.81883	17
1.81891	18
1.81899	19
1.81907	20
1.8191	6
1.81914	7
1.81914	8
1.81915	9
1.81915	10
1.81917	8
1.81921	9
1.81921	10
1.81922	11
1.81927	12
1.81933	13
1.81939	14
1.81946	15
1.81953	16
1.81961	17
1.81969	18
1.81977	19
1.81983	20
1.81986	6
1.81988	7
1.81989	8
1.8199	9
1.8199	10
1.81992	9
1.81996	10
1.81997	11
1.82003	12
1.82009	13
1.82016	14
1.82023	15
1.8203	16
1.82038	17
1.82047	18
1.82053	19
1.82058	20
1.82061	6
1.82064	7
1.82065	8
1.82065	9
1.82066	10
1.82068	9
1.82072	10
1.82073	11
1.82079	12
1.82086	13
1.82093	14
1.821	15
1.82108	16
1.82117	17
1.82123	18
1.82128	19
1.82134	20
1.82137	6
1.8214	7
1.82141	8
1.82141	9
1.82142	10
1.82144	9
1.82149	10
1.8215	11
1.82156	12
1.82163	13
1.8217	14
1.82178	15
1.82187	16
1.82193	17
1.82198	18
1.82204	19
1.8221	20
1.82213	6
1.82217	7
1.82217	8
1.82218	9
1.82218	10
1.8222	8
1.82226	9
1.82226	10
1.82227	11
1.82233	12
1.82241	13
1.82248	14
1.82256	15
1.82262	16
1.82268	17
1.82274	18
1.8228	19
1.82286	20
1.8229	6
1.82294	7
1.82294	8
1.82295	9
1.82295	10
1.82297	8
1.82303	9
1.82303	10
1.82304	11
1.82311	12
1.82319	13
1.82327	14
1.82332	15
1.82338	16
1.82344	17
1.8235	18
1.82356	19
1.82363	20
1.82366	6
1.82371	7
1.82371	8
1.82372	9
1.82372	10
1.82374	7
1.8238	8
1.82381	9
1.82381	10
1.82381	11
1.82389	12
1.82397	13
1.82403	14
1.82408	15
1.82413	16
1.8242	17
1.82426	18
1.82433	19
1.8244	20
1.82444	6
1.82449	7
1.82449	8
1.8245	9
1.8245	10
1.82452	7
1.82458	8
1.82458	9
1.82459	10
1.82459	11
1.82467	12
1.82473	13
1.82478	14
1.82483	15
1.8249	16
1.82496	17
1.82503	18
1.8251	19
1.82518	20
1.82521	6
1.82526	7
1.82527	8
1.82527	9
1.82528	10
1.8253	7
1.82537	8
1.82537	9
1.82537	10
1.82538	11
1.82543	12
1.82548	13
1.82554	14
1.8256	15
1.82566	16
1.82573	17
1.8258	18
1.82588	19
1.82595	20
1.82599	6
1.82604	7
1.82605	8
1.82605	9
1.82606	10
1.82608	7
1.82613	8
1.82613	9
1.82613	10
1.82613	11
1.82618	12
1.82624	13
1.8263	14
1.82636	15
1.82643	16
1.8265	17
1.82658	18
1.82666	19
1.82674	20
1.82677	6
1.82681	7
1.82681	8
1.82682	9
1.82682	10
1.82684	8
1.82688	9
1.82688	10
1.82689	11
1.82694	12
1.827	13
1.82706	14
1.82713	15
1.8272	16
1.82728	17
1.82736	18
1.82745	19
1.8275	20
1.82753	6
1.82756	7
1.82756	8
1.82757	9
1.82757	10
1.82759	9
1.82764	10
1.82765	11
1.8277	12
1.82776	13
1.82783	14
1.8279	15
1.82798	16
1.82806	17
1.82814	18
1.82821	19
1.82825	20
1.82829	6
1.82832	7
1.82832	8
1.82833	9
1.82833	10
1.82835	9
1.8284	10
1.82841	11
1.82847	12
1.82853	13
1.8286	14
1.82868	15
1.82876	16
1.82884	17
1.8289	18
1.82896	19
1.82901	20
1.82904	6
1.82908	7
1.82908	8
1.82909	9
1.82909	10
1.82911	9
1.82916	10
1.82917	11
1.82924	12
1.8293	13
1.82938	14
1.82946	15
1.82954	16
1.8296	17
1.82965	18
1.82971	19
1.82977	20
1.8298	6
1.82984	7
1.82985	8
1.82985	9
1.82985	10
1.82988	8
1.82993	9
1.82993	10
1.82994	11
1.83001	12
1.83008	13
1.83016	14
1.83024	15
1.8303	16
1.83035	17
1.83041	18
1.83047	19
1.83054	20
1.83057	6
1.83061	7
1.83061	8
1.83062	9
1.83062	10
1.83064	8
1.8307	9
1.8307	10
1.83071	11
1.83078	12
1.83086	13
1.83094	14
1.831	15
1.83105	16
1.83111	17
1.83117	18
1.83124	19
1.83131	20
1.83134	6
1.83138	7
1.83139	8
1.83139	9
1.83139	10
1.83142	7
1.83148	8
1.83148	9
1.83148	10
1.83149	11
1.83156	12
1.83164	13
1.8317	14
1.83175	15
1.83181	16
1.83187	17
1.83194	18
1.83201	19
1.83208	20
1.83211	6
1.83216	7
1.83216	8
1.83217	9
1.83217	10
1.83219	7
1.83226	8
1.83226	9
1.83226	10
1.83227	11
1.83234	12
1.8324	13
1.83245	14
1.83251	15
1.83257	16
1.83263	17
1.8327	18
1.83278	19
1.83285	20
1.83288	6
1.83294	7
1.83294	8
1.83295	9
1.83295	10
1.83297	7
1.83304	8
1.83304	9
1.83304	10
1.83305	11
1.8331	12
1.83315	13
1.83321	14
1.83327	15
1.83333	16
1.8334	17
1.83347	18
1.83355	19
1.83363	20
1.83366	6
1.83372	7
1.83372	8
1.83373	9
1.83373	10
1.83375	7
1.8338	8
1.8338	9
1.8338	10
1.83381	11
1.83386	12
1.83391	13
1.83397	14
1.83403	15
1.8341	16
1.83418	17
1.83425	18
1.83433	19
1.83441	20
1.83445	6
1.83448	7
1.83448	8
1.83449	9
1.83449	10
1.83451	8
1.83455	9
1.83455	10
1.83456	11
1.83461	12
1.83467	13
1.83473	14
1.8348	15
1.83487	16
1.83495	17
1.83503	18
1.83512	19
1.83518	20
1.83521	6
1.83523	7
1.83523	8
1.83524	9
1.83524	10
1.83527	9
1.83531	10
1.83532	11
1.83538	12
1.83544	13
1.8355	14
1.83557	15
1.83565	16
1.83573	17
1.83582	18
1.83588	19
1.83592	20
1.83596	6
1.83599	7
1.83599	8
1.836	9
1.836	10
1.83602	9
1.83607	10
1.83608	11
1.83614	12
1.8362	13
1.83627	14
1.83635	15
1.83643	16
1.83651	17
1.83657	18
1.83663	19
1.83668	20
1.83672	6
1.83675	7
1.83675	8
1.83676	9
1.83676	10
1.83678	9
1.83683	10
1.83684	11
1.83691	12
1.83698	13
1.83705	14
1.83713	15
1.83721	16
1.83727	17
1.83733	18
1.83739	19
1.83745	20
1.83748	6
1.83752	7
1.83752	8
1.83752	9
1.83753	10
1.83755	8
1.8376	9
1.8376	10
1.83761	11
1.83768	12
1.83775	13
1.83783	14
1.83791	15
1.83797	16
1.83802	17
1.83808	18
1.83814	19
1.83821	20
1.83824	6
1.83828	7
1.83829	8
1.83829	9
1.83829	10
1.83832	8
1.83837	9
1.83838	10
1.83838	11
1.83845	12
1.83853	13
1.83861	14
1.83867	15
1.83872	16
1.83878	17
1.83884	18
1.83891	19
1.83898	20
1.83901	6
1.83906	7
1.83906	8
1.83906	9
1.83907	10
1.83909	7
1.83915	8
1.83915	9
1.83915	10
1.83916	11
1.83924	12
1.83931	13
1.83937	14
1.83942	15
1.83948	16
1.83954	17
1.83961	18
1.83968	19
1.83975	20
1.83978	6
1.83983	7
1.83983	8
1.83984	9
1.83984	10
1.83986	7
1.83993	8
1.83993	9
1.83993	10
1.83994	11
1.84002	12
1.84007	13
1.84012	14
1.84018	15
1.84024	16
1.84031	17
1.84038	18
1.84045	19
1.84052	20
1.84056	6
1.84061	7
1.84061	8
1.84062	9
1.84062	10
1.84064	7
1.84071	8
1.84071	9
1.84071	10
1.84072	11
1.84078	12
1.84083	13
1.84088	14
1.84094	15
1.84101	16
1.84107	17
1.84115	18
1.84122	19
1.8413	20
1.84134	6
1.84139	7
1.84139	8
1.8414	9
1.8414	10
1.84143	7
1.84147	8
1.84147	9
1.84147	10
1.84148	11
1.84153	12
1.84158	13
1.84164	14
1.84171	15
1.84178	16
1.84185	17
1.84193	18
1.84201	19
1.84209	20
1.84212	6
1.84215	7
1.84216	8
1.84216	9
1.84217	10
1.84219	8
1.84222	9
1.84223	10
1.84223	11
1.84229	12
1.84234	13
1.84241	14
1.84247	15
1.84255	16
1.84262	17
1.84271	18
1.84279	19
1.84285	20
1.84288	6
1.8429	7
1.84291	8
1.84291	9
1.84292	10
1.84294	9
1.84298	10
1.84299	11
1.84305	12
1.84311	13
1.84318	14
1.84325	15
1.84332	16
1.8434	17
1.84349	18
1.84355	19
1.8436	20
1.84363	6
1.84366	7
1.84366	8
1.84367	9
1.84367	10
1.8437	9
1.84374	10
1.84375	11
1.84381	12
1.84388	13
1.84395	14
1.84402	15
1.8441	16
1.84419	17
1.84425	18
1.8443	19
1.84436	20
1.84439	6
1.84442	7
1.84443	8
1.84443	9
1.84444	10
1.84446	9
1.84451	10
1.84452	11
1.84458	12
1.84465	13
1.84472	14
1.8448	15
1.84488	16
1.84494	17
1.845	18
1.84506	19
1.84512	20
1.84515	6
1.84519	7
1.84519	8
1.8452	9
1.8452	10
1.84522	8
1.84528	9
1.84528	10
1.84529	11
1.84535	12
1.84542	13
1.8455	14
1.84558	15
1.84564	16
1.8457	17
1.84576	18
1.84582	19
1.84588	20
1.84591	6
1.84596	7
1.84596	8
1.84596	9
1.84597	10
1.84599	8
1.84605	9
1.84605	10
1.84606	11
1.84613	12
1.8462	13
1.84628	14
1.84634	15
1.8464	16
1.84645	17
1.84652	18
1.84658	19
1.84665	20
1.84668	6
1.84673	7
1.84673	8
1.84674	9
1.84674	10
1.84676	7
1.84682	8
1.84682	9
1.84682	10
1.84683	11
1.84691	12
1.84699	13
1.84704	14
1.8471	15
1.84715	16
1.84722	17
1.84728	18
1.84735	19
1.84742	20
1.84745	6
1.8475	7
1.84751	8
1.84751	9
1.84752	10
1.84754	7
1.8476	8
1.8476	9
1.8476	10
1.84761	11
1.84769	12
1.84775	13
1.8478	14
1.84785	15
1.84791	16
1.84798	17
1.84805	18
1.84812	19
1.8482	20
1.84823	6
1.84828	7
1.84828	8
1.84829	9
1.84829	10
1.84832	7
1.84838	8
1.84839	9
1.84839	10
1.84839	11
1.84845	12
1.8485	13
1.84855	14
1.84861	15
1.84868	16
1.84875	17
1.84882	18
1.8489	19
1.84897	20
1.84901	6
1.84906	7
1.84907	8
1.84907	9
1.84907	10
1.8491	7
1.84914	8
1.84914	9
1.84915	10
1.84915	11
1.8492	12
1.84926	13
1.84932	14
1.84938	15
1.84945	16
1.84952	17
1.8496	18
1.84968	19
1.84976	20
1.84979	6
1.84983	7
1.84983	8
1.84984	9
1.84984	10
1.84986	8
1.8499	9
1.8499	10
1.84991	11
1.84996	12
1.85002	13
1.85008	14
1.85015	15
1.85022	16
1.8503	17
1.85038	18
1.85046	19
1.85052	20
1.85055	6
1.85057	7
1.85058	8
1.85059	9
1.85059	10
1.85061	9
1.85065	10
1.85066	11
1.85072	12
1.85078	13
1.85085	14
1.85092	15
1.85099	16
1.85108	17
1.85116	18
1.85122	19
1.85127	20
1.8513	6
1.85133	7
1.85134	8
1.85134	9
1.85135	10
1.85137	9
1.85142	10
1.85143	11
1.85149	12
1.85155	13
1.85162	14
1.85169	15
1.85177	16
1.85186	17
1.85192	18
1.85197	19
1.85203	20
1.85206	6
1.8521	7
1.8521	8
1.85211	9
1.85211	10
1.85213	9
1.85218	10
1.85219	11
1.85225	12
1.85232	13
1.8524	14
1.85247	15
1.85256	16
1.85262	17
1.85267	18
1.85273	19
1.85279	20
1.85282	6
1.85286	7
1.85286	8
1.85287	9
1.85287	10
1.85289	8
1.85295	9
1.85295	10
1.85296	11
1.85303	12
1.8531	13
1.85317	14
1.85326	15
1.85332	16
1.85337	17
1.85343	18
1.85349	19
1.85356	20
1.85359	6
1.85363	7
1.85363	8
1.85364	9
1.85364	10
1.85366	8
1.85372	9
1.85372	10
1.85373	11
1.8538	12
1.85388	13
1.85396	14
1.85402	15
1.85407	16
1.85413	17
1.85419	18
1.85425	19
1.85432	20
1.85436	6
1.8544	7
1.8544	8
1.85441	9
1.85441	10
1.85444	7
1.8545	8
1.8545	9
1.8545	10
1.8545	11
1.85458	12
1.85466	13
1.85472	14
1.85477	15
1.85483	16
1.85489	17
1.85495	18
1.85502	19
1.85509	20
1.85513	6
1.85518	7
1.85518	8
1.85519	9
1.85519	10
1.85521	7
1.85527	8
1.85528	9
1.85528	10
1.85528	11
1.85536	12
1.85542	13
1.85547	14
1.85553	15
1.85559	16
1.85565	17
1.85572	18
1.8558	19
1.85587	20
1.8559	6
1.85595	7
1.85596	8
1.85597	9
1.85597	10
1.85599	7
1.85606	8
1.85606	9
1.85606	10
1.85607	11
1.85612	12
1.85617	13
1.85623	14
1.85629	15
1.85635	16
1.85642	17
1.85649	18
1.85657	19
1.85665	20
1.85668	6
1.85674	7
1.85674	8
1.85675	9
1.85675	10
1.85677	7
1.85682	8
1.85682	9
1.85682	10
1.85683	11
1.85688	12
1.85693	13
1.85699	14
1.85705	15
1.85712	16
1.85719	17
1.85727	18
1.85735	19
1.85743	20
1.85747	6
1.8575	7
1.8575	8
1.85751	9
1.85751	10
1.85753	8
1.85757	9
1.85757	10
1.85758	11
1.85763	12
1.85769	13
1.85775	14
1.85782	15
1.85789	16
1.85797	17
1.85805	18
1.85814	19
1.85819	20
1.85822	6
1.85825	7
1.85825	8
1.85826	9
1.85826	10
1.85828	9
1.85833	10
1.85834	11
1.85839	12
1.85845	13
1.85852	14
1.85859	15
1.85867	16
1.85875	17
1.85883	18
1.8589	19
1.85894	20
1.85898	6
1.85901	7
1.85901	8
1.85902	9
1.85902	10
1.85904	9
1.85909	10
1.8591	11
1.85916	12
1.85922	13
1.85929	14
1.85937	15
1.85945	16
1.85953	17
1.85959	18
1.85965	19
1.8597	20
1.85973	6
1.85977	7
1.85977	8
1.85978	9
1.85978	10
1.8598	9
1.85985	10
1.85986	11
1.85993	12
1.85999	13
1.86007	14
1.86015	15
1.86023	16
1.86029	17
1.86034	18
1.8604	19
1.86046	20
1.86049	6
1.86053	7
1.86054	8
1.86054	9
1.86055	10
1.86057	8
1.86062	9
1.86062	10
1.86063	11
1.8607	12
1.86077	13
1.86085	14
1.86093	15
1.86099	16
1.86104	17
1.8611	18
1.86116	19
1.86123	20
1.86126	6
1.8613	7
1.8613	8
1.86131	9
1.86131	10
1.86133	8
1.86139	9
1.86139	10
1.8614	11
1.86147	12
1.86155	13
1.86163	14
1.86169	15
1.86174	16
1.8618	17
1.86186	18
1.86193	19
1.862	20
1.86203	6
1.86207	7
1.86208	8
1.86208	9
1.86209	10
1.86211	7
1.86217	8
1.86217	9
1.86217	10
1.86218	11
1.86225	12
1.86233	13
1.86239	14
1.86244	15
1.8625	16
1.86256	17
1.86263	18
1.8627	19
1.86277	20
1.8628	6
1.86285	7
1.86285	8
1.86286	9
1.86286	10
1.86288	7
1.86295	8
1.86295	9
1.86295	10
1.86296	11
1.86304	12
1.86309	13
1.86314	14
1.8632	15
1.86326	16
1.86333	17
1.8634	18
1.86347	19
1.86354	20
1.86358	6
1.86363	7
1.86363	8
1.86364	9
1.86364	10
1.86366	7
1.86373	8
1.86373	9
1.86373	10
1.86374	11
1.86379	12
1.86384	13
1.8639	14
1.86396	15
1.86402	16
1.86409	17
1.86416	18
1.86424	19
1.86432	20
1.86435	6
1.86441	7
1.86441	8
1.86442	9
1.86442	10
1.86444	7
1.86449	8
1.86449	9
1.86449	10
1.8645	11
1.86455	12
1.8646	13
1.86466	14
1.86473	15
1.86479	16
1.86487	17
1.86494	18
1.86502	19
1.8651	20
1.86514	6
1.86517	7
1.86517	8
1.86518	9
1.86519	10
1.8652	8
1.86524	9
1.86524	10
1.86525	11
1.86531	12
1.86536	13
1.86543	14
1.86549	15
1.86557	16
1.86564	17
1.86572	18
1.86581	19
1.86587	20
1.8659	6
1.86592	7
1.86592	8
1.86593	9
1.86594	10
1.86596	9
1.866	10
1.86601	11
1.86607	12
1.86613	13
1.86619	14
1.86626	15
1.86634	16
1.86642	17
1.86651	18
1.86657	19
1.86662	20
1.86665	6
1.86668	7
1.86668	8
1.86669	9
1.86669	10
1.86671	9
1.86676	10
1.86677	11
1.86683	12
1.8669	13
1.86697	14
1.86704	15
1.86712	16
1.8672	17
1.86727	18
1.86732	19
1.86737	20
1.86741	6
1.86744	7
1.86744	8
1.86745	9
1.86745	10
1.86748	9
1.86753	10
1.86754	11
1.8676	12
1.86767	13
1.86774	14
1.86782	15
1.8679	16
1.86796	17
1.86802	18
1.86808	19
1.86814	20
1.86817	6
1.86821	7
1.86821	8
1.86821	9
1.86822	10
1.86824	8
1.86829	9
1.86829	10
1.8683	11
1.86837	12
1.86844	13
1.86852	14
1.8686	15
1.86866	16
1.86872	17
1.86877	18
1.86884	19
1.8689	20
1.86893	6
1.86898	7
1.86898	8
1.86898	9
1.86898	10
1.86901	8
1.86907	9
1.86907	10
1.86908	11
1.86915	12
1.86922	13
1.8693	14
1.86936	15
1.86941	16
1.86947	17
1.86954	18
1.8696	19
1.86967	20
1.8697	6
1.86975	7
1.86975	8
1.86976	9
1.86976	10
1.86978	7
1.86984	8
1.86984	9
1.86984	10
1.86985	11
1.86993	12
1.87	13
1.87006	14
1.87011	15
1.87017	16
1.87023	17
1.8703	18
1.87037	19
1.87044	20
1.87047	6
1.87052	7
1.87052	8
1.87053	9
1.87053	10
1.87056	7
1.87062	8
1.87062	9
1.87062	10
1.87063	11
1.87071	12
1.87076	13
1.87081	14
1.87087	15
1.87093	16
1.871	17
1.87107	18
1.87114	19
1.87121	20
1.87125	6
1.8713	7
1.8713	8
1.87131	9
1.87131	10
1.87133	7
1.8714	8
1.8714	9
1.8714	10
1.87141	11
1.87147	12
1.87152	13
1.87157	14
1.87163	15
1.8717	16
1.87177	17
1.87184	18
1.87191	19
1.87199	20
1.87203	6
1.87208	7
1.87208	8
1.87209	9
1.87209	10
1.87212	7
1.87216	8
1.87216	9
1.87216	10
1.87217	11
1.87222	12
1.87228	13
1.87233	14
1.8724	15
1.87247	16
1.87254	17
1.87262	18
1.8727	19
1.87278	20
1.87281	6
1.87284	7
1.87285	8
1.87286	9
1.87286	10
1.87288	8
1.87292	9
1.87292	10
1.87293	11
1.87298	12
1.87304	13
1.8731	14
1.87317	15
1.87324	16
1.87331	17
1.8734	18
1.87348	19
1.87354	20
1.87357	6
1.87359	7
1.8736	8
1.87361	9
1.87361	10
1.87363	9
1.87367	10
1.87368	11
1.87374	12
1.8738	13
1.87387	14
1.87394	15
1.87401	16
1.87409	17
1.87418	18
1.87424	19
1.87429	20
1.87432	6
1.87435	7
1.87435	8
1.87436	9
1.87437	10
1.87439	9
1.87443	10
1.87444	11
1.8745	12
1.87457	13
1.87464	14
1.87471	15
1.87479	16
1.87488	17
1.87494	18
1.87499	19
1.87505	20
1.87508	6
1.87511	7
1.87512	8
1.87512	9
1.87513	10
1.87515	9
1.8752	10
1.87521	11
1.87527	12
1.87534	13
1.87541	14
1.87549	15
1.87557	16
1.87564	17
1.87569	18
1.87575	19
1.87581	20
1.87584	6
1.87588	7
1.87588	8
1.87589	9
1.87589	10
1.87591	8
1.87597	9
1.87597	10
1.87598	11
1.87604	12
1.87612	13
1.87619	14
1.87627	15
1.87633	16
1.87639	17
1.87645	18
1.87651	19
1.87657	20
1.87661	6
1.87665	7
1.87665	8
1.87666	9
1.87666	10
1.87668	8
1.87674	9
1.87674	10
1.87675	11
1.87682	12
1.87689	13
1.87698	14
1.87703	15
1.87709	16
1.87715	17
1.87721	18
1.87727	19
1.87734	20
1.87737	6
1.87742	7
1.87742	8
1.87743	9
1.87743	10
1.87745	7
1.87751	8
1.87751	9
1.87752	10
1.87752	11
1.8776	12
1.87768	13
1.87773	14
1.87779	15
1.87784	16
1.87791	17
1.87797	18
1.87804	19
1.87811	20
1.87815	6
1.8782	7
1.8782	8
1.8782	9
1.87821	10
1.87823	7
1.87829	8
1.87829	9
1.87829	10
1.8783	11
1.87838	12
1.87844	13
1.87849	14
1.87854	15
1.8786	16
1.87867	17
1.87874	18
1.87881	19
1.87889	20
1.87892	6
1.87897	7
1.87898	8
1.87898	9
1.87899	10
1.87901	7
1.87907	8
1.87908	9
1.87908	10
1.87909	11
1.87914	12
1.87919	13
1.87924	14
1.8793	15
1.87937	16
1.87944	17
1.87951	18
1.87959	19
1.87966	20
1.8797	6
1.87975	7
1.87976	8
1.87976	9
1.87977	10
1.87979	7
1.87983	8
1.87984	9
1.87984	10
1.87984	11
1.87989	12
1.87995	13
1.88001	14
1.88007	15
1.88014	16
1.88021	17
1.88029	18
1.88037	19
1.88045	20
1.88048	6
1.88052	7
1.88052	8
1.88053	9
1.88053	10
1.88055	8
1.88059	9
1.88059	10
1.8806	11
1.88065	12
1.88071	13
1.88077	14
1.88084	15
1.88091	16
1.88099	17
1.88107	18
1.88116	19
1.88121	20
1.88124	6
1.88127	7
1.88127	8
1.88128	9
1.88128	10
1.8813	9
1.88135	10
1.88136	11
1.88141	12
1.88147	13
1.88154	14
1.88161	15
1.88169	16
1.88177	17
1.88185	18
1.88192	19
1.88196	20
1.88199	6
1.88203	7
1.88203	8
1.88204	9
1.88204	10
1.88206	9
1.88211	10
1.88212	11
1.88218	12
1.88224	13
1.88231	14
1.88239	15
1.88246	16
1.88255	17
1.88261	18
1.88267	19
1.88272	20
1.88275	6
1.88279	7
1.88279	8
1.8828	9
1.8828	10
1.88282	9
1.88287	10
1.88288	11
1.88294	12
1.88301	13
1.88309	14
1.88316	15
1.88325	16
1.88331	17
1.88336	18
1.88342	19
1.88348	20
1.88351	6
1.88355	7
1.88356	8
1.88356	9
1.88356	10
1.88359	8
1.88364	9
1.88364	10
1.88365	11
1.88372	12
1.88379	13
1.88387	14
1.88395	15
1.88401	16
1.88406	17
1.88412	18
1.88418	19
1.88425	20
1.88428	6
1.88432	7
1.88432	8
1.88433	9
1.88433	10
1.88435	8
1.88441	9
1.88441	10
1.88442	11
1.88449	12
1.88457	13
1.88465	14
1.88471	15
1.88476	16
1.88482	17
1.88488	18
1.88495	19
1.88501	20
1.88505	6
1.88509	7
1.88509	8
1.8851	9
1.8851	10
1.88513	7
1.88519	8
1.88519	9
1.88519	10
1.8852	11
1.88527	12
1.88535	13
1.88541	14
1.88546	15
1.88552	16
1.88558	17
1.88565	18
1.88572	19
1.88579	20
1.88582	6
1.88587	7
1.88587	8
1.88588	9
1.88588	10
1.8859	7
1.88597	8
1.88597	9
1.88597	10
1.88598	11
1.88605	12
1.88611	13
1.88616	14
1.88622	15
1.88628	16
1.88634	17
1.88641	18
1.88649	19
1.88656	20
1.88659	6
1.88665	7
1.88665	8
1.88666	9
1.88666	10
1.88668	7
1.88675	8
1.88675	9
1.88675	10
1.88676	11
1.88681	12
1.88686	13
1.88692	14
1.88698	15
1.88704	16
1.88711	17
1.88718	18
1.88726	19
1.88734	20
1.88737	6
1.88743	7
1.88743	8
1.88744	9
1.88744	10
1.88746	7
1.88751	8
1.88751	9
1.88751	10
1.88752	11
1.88757	12
1.88762	13
1.88768	14
1.88774	15
1.88781	16
1.88789	17
1.88796	18
1.88804	19
1.88812	20
1.88816	6
1.88819	7
1.88819	8
1.8882	9
1.8882	10
1.88822	8
1.88826	9
1.88826	10
1.88827	11
1.88832	12
1.88838	13
1.88844	14
1.88851	15
1.88858	16
1.88866	17
1.88874	18
1.88883	19
1.88889	20
1.88892	6
1.88894	7
1.88894	8
1.88895	9
1.88895	10
1.88898	9
1.88902	10
1.88903	11
1.88908	12
1.88915	13
1.88921	14
1.88928	15
1.88936	16
1.88944	17
1.88952	18
1.88959	19
1.88963	20
1.88967	6
1.8897	7
1.8897	8
1.88971	9
1.88971	10
1.88973	9
1.88978	10
1.88979	11
1.88985	12
1.88991	13
1.88998	14
1.89006	15
1.89014	16
1.89022	17
1.89028	18
1.89034	19
1.89039	20
1.89042	6
1.89046	7
1.89046	8
1.89047	9
1.89047	10
1.89049	9
1.89054	10
1.89055	11
1.89062	12
1.89069	13
1.89076	14
1.89084	15
1.89092	16
1.89098	17
1.89104	18
1.89109	19
1.89115	20
1.89119	6
1.89123	7
1.89123	8
1.89123	9
1.89124	10
1.89126	8
1.89131	9
1.89131	10
1.89132	11
1.89139	12
1.89146	13
1.89154	14
1.89162	15
1.89168	16
1.89173	17
1.89179	18
1.89185	19
1.89192	20
1.89195	6
1.89199	7
1.892	8
1.892	9
1.892	10
1.89203	8
1.89208	9
1.89208	10
1.89209	11
1.89216	12
1.89224	13
1.89232	14
1.89238	15
1.89243	16
1.89249	17
1.89255	18
1.89262	19
1.89269	20
1.89272	6
1.89277	7
1.89277	8
1.89277	9
1.89278	10
1.8928	7
1.89286	8
1.89286	9
1.89286	10
1.89287	11
1.89294	12
1.89302	13
1.89308	14
1.89313	15
1.89319	16
1.89325	17
1.89332	18
1.89339	19
1.89346	20
1.89349	6
1.89354	7
1.89354	8
1.89355	9
1.89355	10
1.89357	7
1.89364	8
1.89364	9
1.89364	10
1.89365	11
1.89373	12
1.89378	13
1.89383	14
1.89389	15
1.89395	16
1.89402	17
1.89409	18
1.89416	19
1.89423	20
1.89427	6
1.89432	7
1.89432	8
1.89433	9
1.89433	10
1.89435	7
1.89442	8
1.89442	9
1.89442	10
1.89443	11
1.89449	12
1.89453	13
1.89459	14
1.89465	15
1.89471	16
1.89478	17
1.89486	18
1.89493	19
1.89501	20
1.89505	6
1.8951	7
1.8951	8
1.89511	9
1.89511	10
1.89514	7
1.89518	8
1.89518	9
1.89518	10
1.89519	11
1.89524	12
1.89529	13
1.89535	14
1.89542	15
1.89548	16
1.89556	17
1.89563	18
1.89572	19
1.89579	20
1.89583	6
1.89586	7
1.89587	8
1.89587	9
1.89588	10
1.8959	8
1.89593	9
1.89594	10
1.89594	11
1.896	12
1.89605	13
1.89612	14
1.89618	15
1.89626	16
1.89633	17
1.89641	18
1.8965	19
1.89656	20
1.89659	6
1.89661	7
1.89661	8
1.89662	9
1.89663	10
1.89665	9
1.89669	10
1.8967	11
1.89676	12
1.89682	13
1.89688	14
1.89696	15
1.89703	16
1.89711	17
1.8972	18
1.89726	19
1.89731	20
1.89734	6
1.89737	7
1.89737	8
1.89738	9
1.89738	10
1.89741	9
1.89745	10
1.89746	11
1.89752	12
1.89759	13
1.89766	14
1.89773	15
1.89781	16
1.89789	17
1.89796	18
1.89801	19
1.89807	20
1.8981	6
1.89813	7
1.89814	8
1.89814	9
1.89815	10
1.89817	9
1.89822	10
1.89823	11
1.89829	12
1.89836	13
1.89843	14
1.89851	15
1.89859	16
1.89865	17
1.89871	18
1.89877	19
1.89883	20
1.89886	6
1.8989	7
1.8989	8
1.89891	9
1.89891	10
1.89893	8
1.89898	9
1.89899	10
1.89899	11
1.89906	12
1.89913	13
1.89921	14
1.89929	15
1.89935	16
1.89941	17
1.89947	18
1.89953	19
1.89959	20
1.89962	6
1.89967	7
1.89967	8
1.89967	9
1.89968	10
1.8997	8
1.89976	9
1.89976	10
1.89977	11
1.89984	12
1.89991	13
1.89999	14
1.90005	15
1.90011	16
1.90016	17
1.90023	18
1.90029	19
1.90036	20
1.90039	6
1.90044	7
1.90044	8
1.90045	9
1.90045	10
1.90047	7
1.90053	8
1.90053	9
1.90053	10
1.90054	11
1.90062	12
1.9007	13
1.90075	14
1.9008	15
1.90086	16
1.90092	17
1.90099	18
1.90106	19
1.90113	20
1.90116	6
1.90121	7
1.90122	8
1.90122	9
1.90123	10
1.90125	7
1.90131	8
1.90131	9
1.90131	10
1.90132	11
1.9014	12
1.90145	13
1.90151	14
1.90156	15
1.90162	16
1.90169	17
1.90176	18
1.90183	19
1.90191	20
1.90194	6
1.90199	7
1.90199	8
1.902	9
1.902	10
1.90203	7
1.90209	8
1.90209	9
1.9021	10
1.9021	11
1.90216	12
1.90221	13
1.90226	14
1.90232	15
1.90239	16
1.90246	17
1.90253	18
1.90261	19
1.90268	20
1.90272	6
1.90277	7
1.90277	8
1.90278	9
1.90278	10
1.90281	7
1.90285	8
1.90285	9
1.90286	10
1.90286	11
1.90291	12
1.90297	13
1.90303	14
1.90309	15
1.90316	16
1.90323	17
1.90331	18
1.90339	19
1.90347	20
1.9035	6
1.90354	7
1.90354	8
1.90355	9
1.90355	10
1.90357	8
1.90361	9
1.90361	10
1.90362	11
1.90367	12
1.90373	13
1.90379	14
1.90386	15
1.90393	16
1.90401	17
1.90409	18
1.90417	19
1.90423	20
1.90426	6
1.90428	7
1.90429	8
1.9043	9
1.9043	10
1.90432	9
1.90436	10
1.90437	11
1.90443	12
1.90449	13
1.90456	14
1.90463	15
1.9047	16
1.90478	17
1.90487	18
1.90493	19
1.90498	20
1.90501	6
1.90504	7
1.90505	8
1.90505	9
1.90506	10
1.90508	9
1.90513	10
1.90513	11
1.90519	12
1.90526	13
1.90533	14
1.9054	15
1.90548	16
1.90557	17
1.90563	18
1.90568	19
1.90574	20
1.90577	6
1.90581	7
1.90581	8
1.90581	9
1.90582	10
1.90584	9
1.90589	10
1.9059	11
1.90596	12
1.90603	13
1.9061	14
1.90618	15
1.90627	16
1.90633	17
1.90638	18
1.90644	19
1.9065	20
1.90653	6
1.90657	7
1.90657	8
1.90658	9
1.90658	10
1.9066	8
1.90666	9
1.90666	10
1.90667	11
1.90673	12
1.90681	13
1.90688	14
1.90697	15
1.90703	16
1.90708	17
1.90714	18
1.9072	19
1.90726	20
1.9073	6
1.90734	7
1.90734	8
1.90735	9
1.90735	10
1.90737	8
1.90743	9
1.90743	10
1.90744	11
1.90751	12
1.90759	13
1.90767	14
1.90772	15
1.90778	16
1.90784	17
1.9079	18
1.90796	19
1.90803	20
1.90807	6
1.90811	7
1.90811	8
1.90812	9
1.90812	10
1.90814	7
1.9082	8
1.90821	9
1.90821	10
1.90821	11
1.90829	12
1.90837	13
1.90843	14
1.90848	15
1.90854	16
1.9086	17
1.90866	18
1.90873	19
1.9088	20
1.90884	6
1.90889	7
1.90889	8
1.9089	9
1.9089	10
1.90892	7
1.90898	8
1.90898	9
1.90899	10
1.90899	11
1.90907	12
1.90913	13
1.90918	14
1.90923	15
1.9093	16
1.90936	17
1.90943	18
1.90951	19
1.90958	20
1.90961	6
1.90966	7
1.90967	8
1.90967	9
1.90968	10
1.9097	7
1.90977	8
1.90977	9
1.90977	10
1.90978	11
1.90983	12
1.90988	13
1.90994	14
1.91	15
1.91006	16
1.91013	17
1.9102	18
1.91028	19
1.91035	20
1.91039	6
1.91045	7
1.91045	8
1.91045	9
1.91046	10
1.91048	7
1.91053	8
1.91053	9
1.91053	10
1.91054	11
1.91058	12
1.91064	13
1.9107	14
1.91076	15
1.91083	16
1.9109	17
1.91098	18
1.91106	19
1.91114	20
1.91118	6
1.91121	7
1.91121	8
1.91122	9
1.91122	10
1.91124	8
1.91128	9
1.91128	10
1.91129	11
1.91134	12
1.9114	13
1.91146	14
1.91153	15
1.9116	16
1.91168	17
1.91176	18
1.91185	19
1.9119	20
1.91193	6
1.91196	7
1.91196	8
1.91197	9
1.91197	10
1.91199	9
1.91204	10
1.91205	11
1.9121	12
1.91216	13
1.91223	14
1.9123	15
1.91238	16
1.91246	17
1.91254	18
1.91261	19
1.91265	20
1.91269	6
1.91272	7
1.91272	8
1.91273	9
1.91273	10
1.91275	9
1.9128	10
1.91281	11
1.91287	12
1.91293	13
1.913	14
1.91308	15
1.91316	16
1.91324	17
1.9133	18
1.91336	19
1.91341	20
1.91344	6
1.91348	7
1.91348	8
1.91349	9
1.91349	10
1.91351	9
1.91356	10
1.91357	11
1.91364	12
1.9137	13
1.91378	14
1.91386	15
1.91394	16
1.914	17
1.91405	18
1.91411	19
1.91417	20
1.9142	6
1.91424	7
1.91425	8
1.91425	9
1.91425	10
1.91428	8
1.91433	9
1.91433	10
1.91434	11
1.91441	12
1.91448	13
1.91456	14
1.91464	15
1.9147	16
1.91475	17
1.91481	18
1.91487	19
1.91494	20
1.91497	6
1.91501	7
1.91501	8
1.91502	9
1.91502	10
1.91504	8
1.9151	9
1.9151	10
1.91511	11
1.91518	12
1.91526	13
1.91534	14
1.9154	15
1.91545	16
1.91551	17
1.91557	18
1.91564	19
1.91571	20
1.91574	6
1.91578	7
1.91579	8
1.91579	9
1.91579	10
1.91582	7
1.91588	8
1.91588	9
1.91588	10
1.91589	11
1.91596	12
1.91604	13
1.9161	14
1.91615	15
1.91621	16
1.91627	17
1.91634	18
1.91641	19
1.91648	20
1.91651	6
1.91656	7
1.91656	8
1.91657	9
1.91657	10
1.91659	7
1.91666	8
1.91666	9
1.91666	10
1.91667	11
1.91675	12
1.9168	13
1.91685	14
1.91691	15
1.91697	16
1.91703	17
1.9171	18
1.91718	19
1.91725	20
1.91728	6
1.91734	7
1.91734	8
1.91735	9
1.91735	10
1.91737	7
1.91744	8
1.91744	9
1.91744	10
1.91745	11
1.9175	12
1.91755	13
1.91761	14
1.91767	15
1.91773	16
1.9178	17
1.91787	18
1.91795	19
1.91803	20
1.91806	6
1.91812	7
1.91812	8
1.91813	9
1.91813	10
1.91815	7
1.9182	8
1.9182	9
1.9182	10
1.91821	11
1.91826	12
1.91831	13
1.91837	14
1.91843	15
1.9185	16
1.91858	17
1.91865	18
1.91873	19
1.91881	20
1.91885	6
1.91888	7
1.91888	8
1.91889	9
1.91889	10
1.91891	8
1.91895	9
1.91895	10
1.91896	11
1.91901	12
1.91907	13
1.91914	14
1.9192	15
1.91927	16
1.91935	17
1.91943	18
1.91952	19
1.91958	20
1.91961	6
1.91963	7
1.91963	8
1.91964	9
1.91964	10
1.91967	9
1.91971	10
1.91972	11
1.91978	12
1.91984	13
1.9199	14
1.91997	15
1.92005	16
1.92013	17
1.92022	18
1.92028	19
1.92033	20
1.92036	6
1.92039	7
1.92039	8
1.9204	9
1.9204	10
1.92042	9
1.92047	10
1.92048	11
1.92054	12
1.92061	13
1.92067	14
1.92075	15
1.92083	16
1.92091	17
1.92098	18
1.92103	19
1.92108	20
1.92112	6
1.92115	7
1.92115	8
1.92116	9
1.92116	10
1.92118	9
1.92124	10
1.92124	11
1.92131	12
1.92138	13
1.92145	14
1.92153	15
1.92161	16
1.92167	17
1.92173	18
1.92179	19
1.92185	20
1.92188	6
1.92192	7
1.92192	8
1.92192	9
1.92193	10
1.92195	8
1.922	9
1.922	10
1.92201	11
1.92208	12
1.92215	13
1.92223	14
1.92231	15
1.92237	16
1.92243	17
1.92248	18
1.92255	19
1.92261	20
1.92264	6
1.92268	7
1.92269	8
1.92269	9
1.92269	10
1.92272	8
1.92277	9
1.92278	10
1.92278	11
1.92286	12
1.92293	13
1.92301	14
1.92307	15
1.92312	16
1.92318	17
1.92324	18
1.92331	19
1.92338	20
1.92341	6
1.92346	7
1.92346	8
1.92346	9
1.92347	10
1.92349	7
1.92355	8
1.92355	9
1.92355	10
1.92356	11
1.92364	12
1.92371	13
1.92377	14
1.92382	15
1.92388	16
1.92394	17
1.92401	18
1.92408	19
1.92415	20
1.92418	6
1.92423	7
1.92423	8
1.92424	9
1.92424	10
1.92427	7
1.92433	8
1.92433	9
1.92433	10
1.92434	11
1.92442	12
1.92447	13
1.92452	14
1.92458	15
1.92464	16
1.92471	17
1.92478	18
1.92485	19
1.92492	20
1.92496	6
1.92501	7
1.92501	8
1.92502	9
1.92502	10
1.92504	7
1.92511	8
1.92511	9
1.92511	10
1.92512	11
1.92518	12
1.92523	13
1.92528	14
1.92534	15
1.92541	16
1.92547	17
1.92555	18
1.92562	19
1.9257	20
1.92574	6
1.92579	7
1.92579	8
1.9258	9
1.9258	10
1.92583	7
1.92587	8
1.92587	9
1.92587	10
1.92588	11
1.92593	12
1.92598	13
1.92604	14
1.92611	15
1.92618	16
1.92625	17
1.92633	18
1.92641	19
1.92649	20
1.92652	6
1.92655	7
1.92656	8
1.92657	9
1.92657	10
1.92659	8
1.92663	9
1.92663	10
1.92663	11
1.92669	12
1.92675	13
1.92681	14
1.92688	15
1.92695	16
1.92702	17
1.92711	18
1.92719	19
1.92725	20
1.92728	6
1.9273	7
1.92731	8
1.92732	9
1.92732	10
1.92734	9
1.92738	10
1.92739	11
1.92745	12
1.92751	13
1.92758	14
1.92765	15
1.92772	16
1.9278	17
1.92789	18
1.92795	19
1.928	20
1.92803	6
1.92806	7
1.92806	8
1.92807	9
1.92807	10
1.9281	9
1.92814	10
1.92815	11
1.92821	12
1.92828	13
1.92835	14
1.92842	15
1.9285	16
1.92859	17
1.92865	18
1.9287	19
1.92876	20
1.92879	6
1.92882	7
1.92883	8
1.92883	9
1.92884	10
1.92886	9
1.92891	10
1.92892	11
1.92898	12
1.92905	13
1.92912	14
1.9292	15
1.92928	16
1.92935	17
1.9294	18
1.92946	19
1.92952	20
1.92955	6
1.92959	7
1.92959	8
1.9296	9
1.9296	10
1.92962	8
1.92968	9
1.92968	10
1.92969	11
1.92975	12
1.92982	13
1.9299	14
1.92998	15
1.93004	16
1.9301	17
1.93016	18
1.93022	19
1.93028	20
1.93032	6
1.93036	7
1.93036	8
1.93036	9
1.93037	10
1.93039	8
1.93045	9
1.93045	10
1.93046	11
1.93053	12
1.9306	13
1.93068	14
1.93074	15
1.9308	16
1.93086	17
1.93092	18
1.93098	19
1.93105	20
1.93108	6
1.93113	7
1.93113	8
1.93114	9
1.93114	10
1.93116	7
1.93122	8
1.93122	9
1.93123	10
1.93123	11
1.93131	12
1.93139	13
1.93144	14
1.9315	15
1.93155	16
1.93162	17
1.93168	18
1.93175	19
1.93182	20
1.93186	6
1.9319	7
1.93191	8
1.93191	9
1.93192	10
1.93194	7
1.932	8
1.932	9
1.932	10
1.93201	11
1.93209	12
1.93215	13
1.9322	14
1.93225	15
1.93231	16
1.93238	17
1.93245	18
1.93252	19
1.9326	20
1.93263	6
1.93268	7
1.93268	8
1.93269	9
1.9327	10
1.93272	7
1.93278	8
1.93279	9
1.93279	10
1.9328	11
1.93285	12
1.9329	13
1.93295	14
1.93301	15
1.93308	16
1.93315	17
1.93322	18
1.9333	19
1.93337	20
1.93341	6
1.93346	7
1.93347	8
1.93347	9
1.93348	10
1.9335	7
1.93354	8
1.93355	9
1.93355	10
1.93355	11
1.9336	12
1.93366	13
1.93372	14
1.93378	15
1.93385	16
1.93392	17
1.934	18
1.93408	19
1.93416	20
1.93419	6
1.93423	7
1.93423	8
1.93424	9
1.93424	10
1.93426	8
1.9343	9
1.9343	10
1.93431	11
1.93436	12
1.93442	13
1.93448	14
1.93455	15
1.93462	16
1.9347	17
1.93478	18
1.93487	19
1.93492	20
1.93495	6
1.93497	7
1.93498	8
1.93499	9
1.93499	10
1.93501	9
1.93506	10
1.93506	11
1.93512	12
1.93518	13
1.93525	14
1.93532	15
1.9354	16
1.93548	17
1.93556	18
1.93563	19
1.93567	20
1.9357	6
1.93573	7
1.93574	8
1.93575	9
1.93575	10
1.93577	9
1.93582	10
1.93583	11
1.93589	12
1.93595	13
1.93602	14
1.93609	15
1.93617	16
1.93626	17
1.93632	18
1.93638	19
1.93643	20
1.93646	6
1.9365	7
1.9365	8
1.93651	9
1.93651	10
1.93653	9
1.93658	10
1.93659	11
1.93665	12
1.93672	13
1.9368	14
1.93687	15
1.93696	16
1.93702	17
1.93707	18
1.93713	19
1.93719	20
1.93722	6
1.93726	7
1.93726	8
1.93727	9
1.93727	10
1.93729	8
1.93735	9
1.93735	10
1.93736	11
1.93743	12
1.9375	13
1.93757	14
1.93766	15
1.93772	16
1.93777	17
1.93783	18
1.93789	19
1.93796	20
1.93799	6
1.93803	7
1.93803	8
1.93804	9
1.93804	10
1.93806	8
1.93812	9
1.93812	10
1.93813	11
1.9382	12
1.93828	13
1.93836	14
1.93842	15
1.93847	16
1.93853	17
1.93859	18
1.93866	19
1.93872	20
1.93876	6
1.9388	7
1.9388	8
1.93881	9
1.93881	10
1.93884	7
1.9389	8
1.9389	9
1.9389	10
1.93891	11
1.93898	12
1.93906	13
1.93912	14
1.93917	15
1.93923	16
1.93929	17
1.93935	18
1.93942	19
1.9395	20
1.93953	6
1.93958	7
1.93958	8
1.93959	9
1.93959	10
1.93961	7
1.93967	8
1.93968	9
1.93968	10
1.93969	11
1.93976	12
1.93982	13
1.93987	14
1.93993	15
1.93999	16
1.94005	17
1.94012	18
1.9402	19
1.94027	20
1.9403	6
1.94035	7
1.94036	8
1.94037	9
1.94037	10
1.94039	7
1.94046	8
1.94046	9
1.94046	10
1.94047	11
1.94052	12
1.94057	13
1.94063	14
1.94069	15
1.94075	16
1.94082	17
1.94089	18
1.94097	19
1.94105	20
1.94108	6
1.94114	7
1.94114	8
1.94115	9
1.94115	10
1.94117	7
1.94122	8
1.94122	9
1.94122	10
1.94123	11
1.94128	12
1.94133	13
1.94139	14
1.94145	15
1.94152	16
1.94159	17
1.94167	18
1.94175	19
1.94183	20
1.94187	6
1.9419	7
1.9419	8
1.94191	9
1.94191	10
1.94193	8
1.94197	9
1.94197	10
1.94198	11
1.94203	12
1.94209	13
1.94215	14
1.94222	15
1.94229	16
1.94237	17
1.94245	18
1.94254	19
1.94259	20
1.94262	6
1.94265	7
1.94265	8
1.94266	9
1.94266	10
1.94268	9
1.94273	10
1.94274	11
1.94279	12
1.94286	13
1.94292	14
1.94299	15
1.94307	16
1.94315	17
1.94323	18
1.9433	19
1.94334	20
1.94338	6
1.94341	7
1.94341	8
1.94342	9
1.94342	10
1.94344	9
1.94349	10
1.9435	11
1.94356	12
1.94362	13
1.94369	14
1.94377	15
1.94385	16
1.94393	17
1.94399	18
1.94405	19
1.9441	20
1.94413	6
1.94417	7
1.94417	8
1.94418	9
1.94418	10
1.9442	9
1.94425	10
1.94426	11
1.94433	12
1.9444	13
1.94447	14
1.94455	15
1.94463	16
1.94469	17
1.94474	18
1.9448	19
1.94486	20
1.9449	6
1.94493	7
1.94494	8
1.94494	9
1.94495	10
1.94497	8
1.94502	9
1.94502	10
1.94503	11
1.9451	12
1.94517	13
1.94525	14
1.94533	15
1.94539	16
1.94544	17
1.9455	18
1.94556	19
1.94563	20
1.94566	6
1.9457	7
1.94571	8
1.94571	9
1.94571	10
1.94574	8
1.94579	9
1.94579	10
1.9458	11
1.94587	12
1.94595	13
1.94603	14
1.94609	15
1.94614	16
1.9462	17
1.94626	18
1.94633	19
1.9464	20
1.94643	6
1.94647	7
1.94648	8
1.94648	9
1.94649	10
1.94651	7
1.94657	8
1.94657	9
1.94657	10
1.94658	11
1.94665	12
1.94673	13
1.94679	14
1.94684	15
1.9469	16
1.94696	17
1.94703	18
1.9471	19
1.94717	20
1.9472	6
1.94725	7
1.94725	8
1.94726	9
1.94726	10
1.94728	7
1.94735	8
1.94735	9
1.94735	10
1.94736	11
1.94744	12
1.94749	13
1.94754	14
1.9476	15
1.94766	16
1.94773	17
1.9478	18
1.94787	19
1.94794	20
1.94798	6
1.94803	7
1.94803	8
1.94804	9
1.94804	10
1.94806	7
1.94813	8
1.94813	9
1.94813	10
1.94814	11
1.94819	12
1.94824	13
1.9483	14
1.94836	15
1.94842	16
1.94849	17
1.94856	18
1.94864	19
1.94872	20
1.94875	6
1.94881	7
1.94881	8
1.94882	9
1.94882	10
1.94885	7
1.94889	8
1.94889	9
1.94889	10
1.9489	11
1.94895	12
1.949	13
1.94906	14
1.94913	15
1.94919	16
1.94927	17
1.94934	18
1.94942	19
1.9495	20
1.94954	6
1.94957	7
1.94958	8
1.94958	9
1.94959	10
1.94961	8
1.94964	9
1.94964	10
1.94965	11
1.94971	12
1.94976	13
1.94983	14
1.94989	15
1.94997	16
1.95004	17
1.95012	18
1.95021	19
1.95027	20
1.9503	6
1.95032	7
1.95032	8
1.95033	9
1.95034	10
1.95036	9
1.9504	10
1.95041	11
1.95047	12
1.95053	13
1.95059	14
1.95067	15
1.95074	16
1.95082	17
1.95091	18
1.95097	19
1.95102	20
1.95105	6
1.95108	7
1.95108	8
1.95109	9
1.95109	10
1.95111	9
1.95116	10
1.95117	11
1.95123	12
1.9513	13
1.95137	14
1.95144	15
1.95152	16
1.9516	17
1.95167	18
1.95172	19
1.95177	20
1.95181	6
1.95184	7
1.95184	8
1.95185	9
1.95186	10
1.95188	9
1.95193	10
1.95194	11
1.952	12
1.95207	13
1.95214	14
1.95222	15
1.9523	16
1.95236	17
1.95242	18
1.95248	19
1.95254	20
1.95257	6
1.95261	7
1.95261	8
1.95261	9
1.95262	10
1.95264	8
1.95269	9
1.9527	10
1.9527	11
1.95277	12
1.95284	13
1.95292	14
1.953	15
1.95306	16
1.95312	17
1.95318	18
1.95324	19
1.9533	20
1.95333	6
1.95338	7
1.95338	8
1.95338	9
1.95339	10
1.95341	8
1.95347	9
1.95347	10
1.95348	11
1.95355	12
1.95362	13
1.9537	14
1.95376	15
1.95381	16
1.95387	17
1.95394	18
1.954	19
1.95407	20
1.9541	6
1.95415	7
1.95415	8
1.95416	9
1.95416	10
1.95418	7
1.95424	8
1.95424	9
1.95424	10
1.95425	11
1.95433	12
1.9544	13
1.95446	14
1.95451	15
1.95457	16
1.95463	17
1.9547	18
1.95477	19
1.95484	20
1.95487	6
1.95492	7
1.95493	8
1.95493	9
1.95493	10
1.95496	7
1.95502	8
1.95502	9
1.95502	10
1.95503	11
1.95511	12
1.95516	13
1.95521	14
1.95527	15
1.95533	16
1.9554	17
1.95547	18
1.95554	19
1.95562	20
1.95565	6
1.9557	7
1.9557	8
1.95571	9
1.95571	10
1.95574	7
1.9558	8
1.9558	9
1.9558	10
1.95581	11
1.95587	12
1.95592	13
1.95597	14
1.95603	15
1.9561	16
1.95617	17
1.95624	18
1.95631	19
1.95639	20
1.95643	6
1.95648	7
1.95648	8
1.95649	9
1.95649	10
1.95652	7
1.95656	8
1.95656	9
1.95656	10
1.95657	11
1.95662	12
1.95668	13
1.95673	14
1.9568	15
1.95687	16
1.95694	17
1.95702	18
1.9571	19
1.95718	20
1.95721	6
1.95725	7
1.95725	8
1.95726	9
1.95726	10
1.95728	8
1.95732	9
1.95732	10
1.95733	11
1.95738	12
1.95744	13
1.9575	14
1.95757	15
1.95764	16
1.95772	17
1.9578	18
1.95788	19
1.95794	20
1.95797	6
1.95799	7
1.958	8
1.95801	9
1.95801	10
1.95803	9
1.95807	10
1.95808	11
1.95814	12
1.9582	13
1.95827	14
1.95834	15
1.95841	16
1.95849	17
1.95858	18
1.95864	19
1.95869	20
1.95872	6
1.95875	7
1.95876	8
1.95876	9
1.95877	10
1.95879	9
1.95883	10
1.95884	11
1.9589	12
1.95897	13
1.95904	14
1.95911	15
1.95919	16
1.95928	17
1.95934	18
1.95939	19
1.95945	20
1.95948	6
1.95951	7
1.95952	8
1.95952	9
1.95953	10
1.95955	9
1.9596	10
1.95961	11
1.95967	12
1.95974	13
1.95981	14
1.95989	15
1.95998	16
1.96004	17
1.96009	18
1.96015	19
1.96021	20
1.96024	6
1.96028	7
1.96028	8
1.96029	9
1.96029	10
1.96031	8
1.96037	9
1.96037	10
1.96038	11
1.96044	12
1.96052	13
1.96059	14
1.96067	15
1.96073	16
1.96079	17
1.96085	18
1.96091	19
1.96097	20
1.96101	6
1.96105	7
1.96105	8
1.96106	9
1.96106	10
1.96108	8
1.96114	9
1.96114	10
1.96115	11
1.96122	12
1.96129	13
1.96138	14
1.96143	15
1.96149	16
1.96155	17
1.96161	18
1.96167	19
1.96174	20
1.96177	6
1.96182	7
1.96182	8
1.96183	9
1.96183	10
1.96185	7
1.96191	8
1.96192	9
1.96192	10
1.96192	11
1.962	12
1.96208	13
1.96214	14
1.96219	15
1.96224	16
1.96231	17
1.96237	18
1.96244	19
1.96251	20
1.96255	6
1.9626	7
1.9626	8
1.96261	9
1.96261	10
1.96263	7
1.96269	8
1.96269	9
1.9627	10
1.9627	11
1.96278	12
1.96284	13
1.96289	14
1.96294	15
1.96301	16
1.96307	17
1.96314	18
1.96321	19
1.96329	20
1.96332	6
1.96337	7
1.96338	8
1.96338	9
1.96339	10
1.96341	7
1.96348	8
1.96348	9
1.96348	10
1.96349	11
1.96354	12
1.96359	13
1.96364	14
1.9637	15
1.96377	16
1.96384	17
1.96391	18
1.96399	19
1.96406	20
1.9641	6
1.96415	7
1.96416	8
1.96416	9
1.96417	10
1.96419	7
1.96424	8
1.96424	9
1.96424	10
1.96424	11
1.96429	12
1.96435	13
1.96441	14
1.96447	15
1.96454	16
1.96461	17
1.96469	18
1.96477	19
1.96485	20
1.96488	6
1.96492	7
1.96492	8
1.96493	9
1.96493	10
1.96495	8
1.96499	9
1.96499	10
1.965	11
1.96505	12
1.96511	13
1.96517	14
1.96524	15
1.96531	16
1.96539	17
1.96547	18
1.96556	19
1.96561	20
1.96564	6
1.96567	7
1.96567	8
1.96568	9
1.96568	10
1.9657	9
1.96575	10
1.96576	11
1.96581	12
1.96587	13
1.96594	14
1.96601	15
1.96609	16
1.96617	17
1.96625	18
1.96632	19
1.96636	20
1.9664	6
1.96643	7
1.96643	8
1.96644	9
1.96644	10
1.96646	9
1.96651	10
1.96652	11
1.96658	12
1.96664	13
1.96671	14
1.96679	15
1.96687	16
1.96695	17
1.96701	18
1.96707	19
1.96712	20
1.96715	6
1.96719	7
1.96719	8
1.9672	9
1.9672	10
1.96722	9
1.96727	10
1.96728	11
1.96734	12
1.96741	13
1.96749	14
1.96756	15
1.96765	16
1.96771	17
1.96776	18
1.96782	19
1.96788	20
1.96791	6
1.96795	7
1.96796	8
1.96796	9
1.96796	10
1.96799	8
1.96804	9
1.96804	10
1.96805	11
1.96812	12
1.96819	13
1.96827	14
1.96835	15
1.96841	16
1.96846	17
1.96852	18
1.96858	19
1.96865	20
1.96868	6
1.96872	7
1.96872	8
1.96873	9
1.96873	10
1.96875	8
1.96881	9
1.96881	10
1.96882	11
1.96889	12
1.96897	13
1.96905	14
1.96911	15
1.96916	16
1.96922	17
1.96928	18
1.96935	19
1.96941	20
1.96945	6
1.96949	7
1.9695	8
1.9695	9
1.9695	10
1.96953	7
1.96959	8
1.96959	9
1.96959	10
1.9696	11
1.96967	12
1.96975	13
1.96981	14
1.96986	15
1.96992	16
1.96998	17
1.97005	18
1.97012	19
1.97019	20
1.97022	6
1.97027	7
1.97027	8
1.97028	9
1.97028	10
1.9703	7
1.97037	8
1.97037	9
1.97037	10
1.97038	11
1.97045	12
1.97051	13
1.97056	14
1.97062	15
1.97068	16
1.97074	17
1.97081	18
1.97089	19
1.97096	20
1.97099	6
1.97105	7
1.97105	8
1.97106	9
1.97106	10
1.97108	7
1.97115	8
1.97115	9
1.97115	10
1.97116	11
1.97121	12
1.97126	13
1.97132	14
1.97138	15
1.97144	16
1.97151	17
1.97158	18
1.97166	19
1.97174	20
1.97177	6
1.97183	7
1.97183	8
1.97184	9
1.97184	10
1.97186	7
1.97191	8
1.97191	9
1.97191	10
1.97192	11
1.97197	12
1.97202	13
1.97208	14
1.97214	15
1.97221	16
1.97229	17
1.97236	18
1.97244	19
1.97252	20
1.97256	6
1.97259	7
1.97259	8
1.9726	9
1.9726	10
1.97262	8
1.97266	9
1.97266	10
1.97267	11
1.97272	12
1.97278	13
1.97284	14
1.97291	15
1.97298	16
1.97306	17
1.97314	18
1.97323	19
1.97329	20
1.97332	6
1.97334	7
1.97334	8
1.97335	9
1.97335	10
1.97338	9
1.97342	10
1.97343	11
1.97349	12
1.97355	13
1.97361	14
1.97368	15
1.97376	16
1.97384	17
1.97393	18
1.97399	19
1.97403	20
1.97407	6
1.9741	7
1.9741	8
1.97411	9
1.97411	10
1.97413	9
1.97418	10
1.97419	11
1.97425	12
1.97431	13
1.97438	14
1.97446	15
1.97454	16
1.97462	17
1.97468	18
1.97474	19
1.97479	20
1.97483	6
1.97486	7
1.97486	8
1.97487	9
1.97487	10
1.97489	9
1.97494	10
1.97495	11
1.97502	12
1.97509	13
1.97516	14
1.97524	15
1.97532	16
1.97538	17
1.97544	18
1.97549	19
1.97556	20
1.97559	6
1.97563	7
1.97563	8
1.97563	9
1.97564	10
1.97566	8
1.97571	9
1.97571	10
1.97572	11
1.97579	12
1.97586	13
1.97594	14
1.97602	15
1.97608	16
1.97613	17
1.97619	18
1.97625	19
1.97632	20
1.97635	6
1.97639	7
1.9764	8
1.9764	9
1.9764	10
1.97643	8
1.97648	9
1.97649	10
1.97649	11
1.97656	12
1.97664	13
1.97672	14
1.97678	15
1.97683	16
1.97689	17
1.97695	18
1.97702	19
1.97709	20
1.97712	6
1.97717	7
1.97717	8
1.97717	9
1.97718	10
1.9772	7
1.97726	8
1.97726	9
1.97726	10
1.97727	11
1.97734	12
1.97742	13
1.97748	14
1.97753	15
1.97759	16
1.97765	17
1.97772	18
1.97779	19
1.97786	20
1.97789	6
1.97794	7
1.97794	8
1.97795	9
1.97795	10
1.97797	7
1.97804	8
1.97804	9
1.97804	10
1.97805	11
1.97813	12
1.97818	13
1.97823	14
1.97829	15
1.97835	16
1.97842	17
1.97849	18
1.97856	19
1.97863	20
1.97867	6
1.97872	7
1.97872	8
1.97873	9
1.97873	10
1.97875	7
1.97882	8
1.97882	9
1.97882	10
1.97883	11
1.97889	12
1.97894	13
1.97899	14
1.97905	15
1.97912	16
1.97918	17
1.97926	18
1.97933	19
1.97941	20
1.97945	6
1.9795	7
1.9795	8
1.97951	9
1.97951	10
1.97954	7
1.97958	8
1.97958	9
1.97958	10
1.97959	11
1.97964	12
1.97969	13
1.97975	14
1.97982	15
1.97989	16
1.97996	17
1.98004	18
1.98012	19
1.9802	20
1.98023	6
1.98026	7
1.98027	8
1.98027	9
1.98028	10
1.9803	8
1.98033	9
1.98034	10
1.98034	11
1.9804	12
1.98045	13
1.98052	14
1.98058	15
1.98066	16
1.98073	17
1.98082	18
1.9809	19
1.98096	20
1.98099	6
1.98101	7
1.98101	8
1.98102	9
1.98103	10
1.98105	9
1.98109	10
1.9811	11
1.98116	12
1.98122	13
1.98129	14
1.98136	15
1.98143	16
1.98151	17
1.9816	18
1.98166	19
1.98171	20
1.98174	6
1.98177	7
1.98177	8
1.98178	9
1.98178	10
1.98181	9
1.98185	10
1.98186	11
1.98192	12
1.98199	13
1.98206	14
1.98213	15
1.98221	16
1.9823	17
1.98236	18
1.98241	19
1.98247	20
1.9825	6
1.98253	7
1.98254	8
1.98254	9
1.98255	10
1.98257	9
1.98262	10
1.98263	11
1.98269	12
1.98276	13
1.98283	14
1.98291	15
1.98299	16
1.98305	17
1.98311	18
1.98317	19
1.98323	20
1.98326	6
1.9833	7
1.9833	8
1.98331	9
1.98331	10
1.98333	8
1.98339	9
1.98339	10
1.98339	11
1.98346	12
1.98353	13
1.98361	14
1.98369	15
1.98375	16
1.98381	17
1.98387	18
1.98393	19
1.98399	20
1.98402	6
1.98407	7
1.98407	8
1.98407	9
1.98408	10
1.9841	8
1.98416	9
1.98416	10
1.98417	11
1.98424	12
1.98431	13
1.98439	14
1.98445	15
1.98451	16
1.98456	17
1.98463	18
1.98469	19
1.98476	20
1.98479	6
1.98484	7
1.98484	8
1.98485	9
1.98485	10
1.98487	7
1.98493	8
1.98493	9
1.98493	10
1.98494	11
1.98502	12
1.9851	13
1.98515	14
1.98521	15
1.98526	16
1.98533	17
1.98539	18
1.98546	19
1.98553	20
1.98556	6
1.98561	7
1.98562	8
1.98562	9
1.98563	10
1.98565	7
1.98571	8
1.98571	9
1.98571	10
1.98572	11
1.9858	12
1.98586	13
1.98591	14
1.98596	15
1.98602	16
1.98609	17
1.98616	18
1.98623	19
1.98631	20
1.98634	6
1.98639	7
1.98639	8
1.9864	9
1.9864	10
1.98643	7
1.98649	8
1.98649	9
1.9865	10
1.9865	11
1.98656	12
1.98661	13
1.98666	14
1.98672	15
1.98679	16
1.98686	17
1.98693	18
1.98701	19
1.98708	20
1.98712	6
1.98717	7
1.98718	8
1.98718	9
1.98718	10
1.98721	7
1.98725	8
1.98725	9
1.98726	10
1.98726	11
1.98731	12
1.98737	13
1.98743	14
1.98749	15
1.98756	16
1.98763	17
1.98771	18
1.98779	19
1.98787	20
1.9879	6
1.98794	7
1.98794	8
1.98795	9
1.98795	10
1.98797	8
1.98801	9
1.98801	10
1.98802	11
1.98807	12
1.98813	13
1.98819	14
1.98826	15
1.98833	16
1.98841	17
1.98849	18
1.98857	19
1.98863	20
1.98866	6
1.98868	7
1.98869	8
1.9887	9
1.9887	10
1.98872	9
1.98876	10
1.98877	11
1.98883	12
1.98889	13
1.98896	14
1.98903	15
1.9891	16
1.98919	17
1.98927	18
1.98933	19
1.98938	20
1.98941	6
1.98944	7
1.98945	8
1.98945	9
1.98946	10
1.98948	9
1.98953	10
1.98954	11
1.9896	12
1.98966	13
1.98973	14
1.9898	15
1.98988	16
1.98997	17
1.99003	18
1.99008	19
1.99014	20
1.99017	6
1.99021	7
1.99021	8
1.99022	9
1.99022	10
1.99024	9
1.99029	10
1.9903	11
1.99036	12
1.99043	13
1.99051	14
1.99058	15
1.99067	16
1.99073	17
1.99078	18
1.99084	19
1.9909	20
1.99093	6
1.99097	7
1.99097	8
1.99098	9
1.99098	10
1.991	8
1.99106	9
1.99106	10
1.99107	11
1.99113	12
1.99121	13
1.99128	14
1.99137	15
1.99143	16
1.99148	17
1.99154	18
1.9916	19
1.99167	20
1.9917	6
1.99174	7
1.99174	8
1.99175	9
1.99175	10
1.99177	8
1.99183	9
1.99183	10
1.99184	11
1.99191	12
1.99199	13
1.99207	14
1.99213	15
1.99218	16
1.99224	17
1.9923	18
1.99236	19
1.99243	20
1.99247	6
1.99251	7
1.99251	8
1.99252	9
1.99252	10
1.99254	7
1.99261	8
1.99261	9
1.99261	10
1.99261	11
1.99269	12
1.99277	13
1.99283	14
1.99288	15
1.99294	16
1.993	17
1.99306	18
1.99313	19
1.9932	20
1.99324	6
1.99329	7
1.99329	8
1.9933	9
1.9933	10
1.99332	7
1.99338	8
1.99339	9
1.99339	10
1.99339	11
1.99347	12
1.99353	13
1.99358	14
1.99364	15
1.9937	16
1.99376	17
1.99383	18
1.99391	19
1.99398	20
1.99401	6
1.99406	7
1.99407	8
1.99408	9
1.99408	10
1.9941	7
1.99417	8
1.99417	9
1.99417	10
1.99418	11
1.99423	12
1.99428	13
1.99434	14
1.9944	15
1.99446	16
1.99453	17
1.9946	18
1.99468	19
1.99476	20
1.99479	6
1.99485	7
1.99485	8
1.99486	9
1.99486	10
1.99488	7
1.99493	8
1.99493	9
1.99493	10
1.99494	11
1.99499	12
1.99504	13
1.9951	14
1.99516	15
1.99523	16
1.9953	17
1.99538	18
1.99546	19
1.99554	20
1.99558	6
1.99561	7
1.99561	8
1.99562	9
1.99562	10
1.99564	8
1.99568	9
1.99568	10
1.99569	11
1.99574	12
1.9958	13
1.99586	14
1.99593	15
1.996	16
1.99608	17
1.99616	18
1.99625	19
1.9963	20
1.99633	6
1.99636	7
1.99636	8
1.99637	9
1.99637	10
1.99639	9
1.99644	10
1.99645	11
1.9965	12
1.99656	13
1.99663	14
1.9967	15
1.99678	16
1.99686	17
1.99694	18
1.99701	19
1.99705	20
1.99709	6
1.99712	7
1.99712	8
1.99713	9
1.99713	10
1.99715	9
1.9972	10
1.99721	11
1.99727	12
1.99733	13
1.9974	14
1.99748	15
1.99756	16
1.99764	17
1.9977	18
1.99776	19
1.99781	20
1.99784	6
1.99788	7
1.99788	8
1.99789	9
1.99789	10
1.99791	9
1.99796	10
1.99797	11
1.99804	12
1.9981	13
1.99818	14
1.99826	15
1.99834	16
1.9984	17
1.99845	18
1.99851	19
1.99857	20
1.9986	6
1.99864	7
1.99865	8
1.99865	9
1.99866	10
1.99868	8
1.99873	9
1.99873	10
1.99874	11
1.99881	12
1.99888	13
1.99896	14
1.99904	15
1.9991	16
1.99915	17
1.99921	18
1.99927	19
1.99934	20
1.99937	6
1.99941	7
1.99941	8
1.99942	9
1.99942	10
1.99944	8
1.9995	9
1.9995	10
1.99951	11
1.99958	12
1.99966	13
1.99974	14
1.9998	15
1.99985	16
1.99991	17
1.99997	18
