4.024e-05	10
8.6205e-05	11
8.9811e-05	12
9.3417e-05	13
9.7023e-05	14
0.000100629	15
0.000104235	16
0.000107841	17
0.000111447	18
0.000115053	19
0.000118659	20
0.000129879	21
0.000133485	22
0.000137091	23
0.000140697	24
0.000144303	25
0.000147909	26
0.000151515	27
0.000155121	28
0.000158727	29
0.000162333	30
0.000165939	31
0.000169545	32
0.000173151	33
0.000176757	34
0.000180363	35
0.000183969	36
0.000187575	37
0.000191181	38
0.000194787	39
0.000197191	40
0.000204403	41
0.000208009	42
0.000211615	43
0.000215221	44
0.000218827	45
0.000222433	46
0.000226039	47
0.000229645	48
0.000233251	49
0.000236857	50
0.000240463	51
0.000244069	52
0.000247675	53
0.000251281	54
0.000254887	55
0.000258493	56
0.000262099	57
0.000265705	58
0.000269311	59
0.000272917	60
0.000276523	61
0.000280129	62
0.000283735	63
0.000287341	64
0.000290947	65
0.000294553	66
0.000298159	67
0.000301765	68
0.000305371	69
0.000308977	70
0.000312583	71
0.000316189	72
0.000319795	73
0.000323401	74
0.000327007	75
0.000330613	76
0.000334219	77
0.000337825	78
0.000340229	79
0.000342633	80
0.000353451	81
0.000355855	82
0.000360663	83
0.000364269	84
0.000367875	85
0.000371481	86
0.000375087	87
0.000378693	88
0.000382299	89
0.000385905	90
0.000389511	91
0.000393117	92
0.000396723	93
0.000400329	94
0.000403935	95
0.000407541	96
0.000411147	97
0.000414753	98
0.000418359	99
0.000421965	100
0.000425571	101
0.000429177	102
0.000432783	103
0.000436389	104
0.000439995	105
0.000443601	106
0.000447207	107
0.000450813	108
0.000454419	109
0.000458025	110
0.000461631	111
0.000465237	112
0.000468843	113
0.000472449	114
0.000476055	115
0.000479661	116
0.000483267	117
0.000486873	118
0.000490479	119
0.000494085	120
0.000497691	122
0.000501297	123
0.000504903	124
0.000508509	125
0.000512115	126
0.000515721	127
0.000519327	128
0.000522933	129
0.000526539	130
0.000530145	131
0.000533751	132
0.000537357	133
0.000540963	134
0.000544569	135
0.000548175	136
0.000551781	137
0.000555387	138
0.000558993	139
0.000562599	140
0.000566205	141
0.000569811	142
0.000573417	143
0.000577023	144
0.000580629	145
0.000584235	146
0.000587841	147
0.000591447	148
0.000595053	149
0.000598659	150
0.000602265	151
0.000605871	152
0.000609477	153
0.000613083	154
0.000616689	155
0.000620295	156
0.000622699	157
0.000625103	158
0.000628709	159
0.000631113	160
0.000633517	161
0.000651547	162
0.000653951	163
0.000656355	164
0.000658759	165
0.000665971	166
0.000669577	167
0.000673183	168
0.000676789	169
0.000680395	170
0.000682799	171
0.000686405	172
0.000688809	173
0.000692415	174
0.000693617	175
0.000697223	176
0.000698425	177
0.000702031	178
0.000703233	179
0.000706839	180
0.000710445	181
0.000714051	182
0.000717657	183
0.000721263	184
0.000724869	185
0.000728475	186
0.000732081	187
0.000735687	188
0.000739293	189
0.000742899	190
0.000746505	191
0.000750111	192
0.000753717	193
0.000757323	194
0.000760929	195
0.000764535	196
0.000768141	197
0.000771747	198
0.000775353	199
0.000778959	200
0.000782565	201
0.000786171	202
0.000789777	203
0.000793383	204
0.000796989	205
0.000800595	206
0.000804201	207
0.000807807	208
0.000811413	209
0.000815019	210
0.000818625	211
0.000822231	212
0.000825837	213
0.000829443	214
0.000833049	215
0.000836655	216
0.000840261	217
0.000843867	218
0.000847473	219
0.000851079	220
0.000854685	221
0.000858291	222
0.000861897	223
0.000865503	224
0.000869109	225
0.000872715	226
0.000876321	227
0.000879927	228
0.000883533	229
0.000887139	230
0.000890745	231
0.000894351	232
0.000897957	233
0.000901563	234
0.000905169	235
0.000908775	236
0.000912381	237
0.000915987	238
0.000919593	239
0.000923199	240
0.000926805	241
0.000930411	242
0.000934017	244
0.000937623	245
0.000941229	246
0.000943633	247
0.000946037	248
0.000949643	249
0.000952047	250
0.000954451	251
0.000972481	252
0.000974885	253
0.000977289	254
0.000979693	255
0.000986905	256
0.000990511	257
0.000994117	258
0.000997723	259
0.00100133	260
0.00100373	261
0.00100734	262
0.00100974	263
0.00101335	264
0.00101455	265
0.00101816	266
0.00101936	267
0.00102297	268
0.00102417	269
0.00102777	270
0.00103138	271
0.00103498	272
0.00103859	273
0.0010422	274
0.0010458	275
0.00104941	276
0.00105302	277
0.00105662	278
0.00106023	279
0.00106383	280
0.00106744	281
0.00107105	282
0.00107465	283
0.00107826	284
0.00108186	285
0.00108547	286
0.00108907	287
0.00109268	288
0.00109629	289
0.00109989	290
0.0011035	291
0.0011071	292
0.00111071	293
0.00111432	294
0.00111792	295
0.00112153	296
0.00112513	297
0.00112874	298
0.00113235	299
0.00113595	300
0.00113956	301
0.00114317	302
0.00114677	303
0.00115038	304
0.00115398	305
0.00115759	306
0.00116119	307
0.0011648	308
0.00116841	309
0.00117201	310
0.00117562	311
0.00117922	312
0.00118283	313
0.00118644	314
0.00119004	315
0.00119365	316
0.00119725	317
0.00120086	318
0.00120447	319
0.00120807	320
0.00121168	321
0.00121528	322
0.00121889	323
0.0012225	324
0.0012261	325
0.00122971	326
0.00123332	327
0.00123692	328
0.00124053	329
0.00124413	330
0.00124774	331
0.00125135	332
0.00125495	333
0.00125856	334
0.00126216	335
0.00126457	336
0.00126697	337
0.00127058	338
0.00127298	339
0.00127538	340
0.00129342	341
0.00129582	342
0.00129822	343
0.00130063	344
0.00130784	345
0.00131145	346
0.00131505	347
0.00131866	348
0.00132226	349
0.00132467	350
0.00132827	351
0.00133068	352
0.00133428	353
0.00133548	354
0.00133909	355
0.00134029	356
0.0013439	357
0.0013451	358
0.00134871	359
0.00135231	360
0.00135592	361
0.00135952	362
0.00136313	363
0.00136674	365
0.00137034	366
0.00137395	367
0.00137755	368
0.00138116	369
0.00138477	370
0.00138837	371
0.00139198	372
0.00139558	373
0.00139919	374
0.0014028	375
0.0014064	376
0.00141001	377
0.00141362	378
0.00141722	379
0.00142083	380
0.00142443	381
0.00142804	382
0.00143165	383
0.00143525	384
0.00143886	385
0.00144246	386
0.00144607	387
0.00144968	388
0.00145328	389
0.00145689	390
0.00146049	391
0.0014641	392
0.0014677	393
0.00147131	394
0.00147492	395
0.00147852	396
0.00148213	397
0.00148573	398
0.00148934	399
0.00149295	400
0.00149655	401
0.00150016	402
0.00150377	403
0.00150737	404
0.00151098	405
0.00151458	406
0.00151819	407
0.0015218	408
0.0015254	409
0.00152901	410
0.00153261	411
0.00153622	412
0.00153982	413
0.00154343	414
0.00154704	415
0.00155064	416
0.00155425	417
0.00155785	418
0.00156146	419
0.00156507	420
0.00156867	421
0.00157228	422
0.00157588	423
0.00157949	424
0.0015831	425
0.0015855	426
0.0015879	427
0.00159151	428
0.00159392	429
0.00159632	430
0.00161435	431
0.00161675	432
0.00161916	433
0.00162156	434
0.00162877	435
0.00163238	436
0.00163598	437
0.00163959	438
0.0016432	439
0.0016456	440
0.00164921	441
0.00165161	442
0.00165522	443
0.00165642	444
0.00166002	445
0.00166123	446
0.00166483	447
0.00166603	448
0.00166964	449
0.00167325	450
0.00167685	451
0.00168046	452
0.00168406	453
0.00168767	454
0.00169128	455
0.00169488	456
0.00169849	457
0.0017021	458
0.0017057	459
0.00170931	460
0.00171291	461
0.00171652	462
0.00172012	463
0.00172373	464
0.00172734	465
0.00173094	466
0.00173455	467
0.00173815	468
0.00174176	469
0.00174537	470
0.00174897	471
0.00175258	472
0.00175618	473
0.00175979	474
0.0017634	475
0.001767	476
0.00177061	477
0.00177421	478
0.00177782	479
0.00178143	480
0.00178503	481
0.00178864	482
0.00179225	483
0.00179585	484
0.00179946	485
0.00180306	487
0.00180667	488
0.00181028	489
0.00181388	490
0.00181749	491
0.00182109	492
0.0018247	493
0.0018283	494
0.00183191	495
0.00183552	496
0.00183912	497
0.00184273	498
0.00184633	499
0.00184994	500
0.00185355	501
0.00185715	502
0.00186076	503
0.00186436	504
0.00186797	505
0.00187158	506
0.00187518	507
0.00187879	508
0.0018824	509
0.001886	510
0.00188961	511
0.00189321	512
0.00189682	513
0.00190042	514
0.00190403	515
0.00190643	516
0.00190884	517
0.00191245	518
0.00191485	519
0.00191725	520
0.00193528	521
0.00193769	522
0.00194009	523
0.0019425	524
0.00194971	525
0.00195331	526
0.00195692	527
0.00196052	528
0.00196413	529
0.00196654	530
0.00197014	531
0.00197255	532
0.00197615	533
0.00197735	534
0.00198096	535
0.00198216	536
0.00198577	537
0.00198697	538
0.00199058	539
0.00199418	540
0.00199779	541
0.00200139	542
0.002005	543
0.00200861	544
0.00201221	545
0.00201582	546
0.00201942	547
0.00202303	548
0.00202664	549
0.00203024	550
0.00203385	551
0.00203745	552
0.00204106	553
0.00204467	554
0.00204827	555
0.00205188	556
0.00205548	557
0.00205909	558
0.00206269	559
0.0020663	560
0.00206991	561
0.00207351	562
0.00207712	563
0.00208072	564
0.00208433	565
0.00208794	566
0.00209154	567
0.00209515	568
0.00209875	569
0.00210236	570
0.00210597	571
0.00210957	572
0.00211318	573
0.00211678	574
0.00212039	575
0.002124	576
0.0021276	577
0.00213121	578
0.00213481	579
0.00213842	580
0.00214203	581
0.00214563	582
0.00214924	583
0.00215285	584
0.00215645	585
0.00216006	586
0.00216366	587
0.00216727	588
0.00217088	589
0.00217448	590
0.00217809	591
0.00218169	592
0.0021853	593
0.00218891	594
0.00219251	595
0.00219612	596
0.00219972	597
0.00220333	598
0.00220694	599
0.00221054	600
0.00221415	601
0.00221775	602
0.00222136	603
0.00222496	604
0.00222737	605
0.00222977	606
0.00223338	607
0.00223578	609
0.00223819	610
0.00225622	611
0.00225862	612
0.00226102	613
0.00226343	614
0.00227064	615
0.00227425	616
0.00227785	617
0.00228146	618
0.00228507	619
0.00228747	620
0.00229108	621
0.00229348	622
0.00229708	623
0.00229829	624
0.00230189	625
0.00230309	626
0.0023067	627
0.0023079	628
0.00231151	629
0.00231511	630
0.00231872	631
0.00232233	632
0.00232593	633
0.00232954	634
0.00233315	635
0.00233675	636
0.00234036	637
0.00234396	638
0.00234757	639
0.00235118	640
0.00235478	641
0.00235839	642
0.00236199	643
0.0023656	644
0.00236921	645
0.00237281	646
0.00237642	647
0.00238002	648
0.00238363	649
0.00238724	650
0.00239084	651
0.00239445	652
0.00239805	653
0.00240166	654
0.00240527	655
0.00240887	656
0.00241248	657
0.00241608	658
0.00241969	659
0.00242329	660
0.0024269	661
0.00243051	662
0.00243411	663
0.00243772	664
0.00244132	665
0.00244493	666
0.00244854	667
0.00245214	668
0.00245575	669
0.00245935	670
0.00246296	671
0.00246657	672
0.00247017	673
0.00247378	674
0.00247738	675
0.00248099	676
0.0024846	677
0.0024882	678
0.00249181	679
0.00249541	680
0.00249902	681
0.00250263	682
0.00250623	683
0.00250984	684
0.00251345	685
0.00251705	686
0.00252066	687
0.00252426	688
0.00252787	689
0.00253148	690
0.00253508	691
0.00253869	692
0.00254229	693
0.0025459	694
0.0025483	695
0.00255071	696
0.00255431	697
0.00255672	698
0.00255912	699
0.00257715	700
0.00257955	701
0.00258196	702
0.00258436	703
0.00259158	704
0.00259518	705
0.00259879	706
0.00260239	707
0.002606	708
0.0026084	709
0.00261201	710
0.00261441	711
0.00261802	712
0.00261922	713
0.00262283	714
0.00262403	715
0.00262764	716
0.00262884	717
0.00263244	718
0.00263605	719
0.00263965	720
0.00264326	721
0.00264687	722
0.00265047	723
0.00265408	724
0.00265768	725
0.00266129	726
0.0026649	727
0.0026685	728
0.00267211	730
0.00267571	731
0.00267932	732
0.00268293	733
0.00268653	734
0.00269014	735
0.00269374	736
0.00269735	737
0.00270096	738
0.00270456	739
0.00270817	740
0.00271178	741
0.00271538	742
0.00271899	743
0.00272259	744
0.0027262	745
0.00272981	746
0.00273341	747
0.00273702	748
0.00274062	749
0.00274423	750
0.00274784	751
0.00275144	752
0.00275505	753
0.00275865	754
0.00276226	755
0.00276587	756
0.00276947	757
0.00277308	758
0.00277668	759
0.00278029	760
0.00278389	761
0.0027875	762
0.00279111	763
0.00279471	764
0.00279832	765
0.00280192	766
0.00280553	767
0.00280914	768
0.00281274	769
0.00281635	770
0.00281995	771
0.00282356	772
0.00282717	773
0.00283077	774
0.00283438	775
0.00283798	776
0.00284159	777
0.0028452	778
0.0028488	779
0.00285241	780
0.00285601	781
0.00285962	782
0.00286323	783
0.00286683	784
0.00286924	785
0.00287164	786
0.00287525	787
0.00287765	788
0.00288005	789
0.00289808	790
0.00290049	791
0.00290289	792
0.0029053	793
0.00291251	794
0.00291611	795
0.00291972	796
0.00292333	797
0.00292693	798
0.00292934	799
0.00293294	800
0.00293535	801
0.00293895	802
0.00294015	803
0.00294376	804
0.00294496	805
0.00294857	806
0.00294977	807
0.00295338	808
0.00295698	809
0.00296059	810
0.0029642	811
0.0029678	812
0.00297141	813
0.00297501	814
0.00297862	815
0.00298222	816
0.00298583	817
0.00298944	818
0.00299304	819
0.00299665	820
0.00300025	821
0.00300386	822
0.00300747	823
0.00301107	824
0.00301468	825
0.00301828	826
0.00302189	827
0.0030255	828
0.0030291	829
0.00303271	830
0.00303631	831
0.00303992	832
0.00304353	833
0.00304713	834
0.00305074	835
0.00305434	836
0.00305795	837
0.00306156	838
0.00306516	839
0.00306877	840
0.00307238	841
0.00307598	842
0.00307959	843
0.00308319	844
0.0030868	845
0.00309041	846
0.00309401	847
0.00309762	848
0.00310122	849
0.00310483	850
0.00310844	852
0.00311204	853
0.00311565	854
0.00311925	855
0.00312286	856
0.00312647	857
0.00313007	858
0.00313368	859
0.00313728	860
0.00314089	861
0.00314449	862
0.0031481	863
0.00315171	864
0.00315531	865
0.00315892	866
0.00316252	867
0.00316613	868
0.00316974	869
0.00317334	870
0.00317695	871
0.00318055	872
0.00318416	873
0.00318777	874
0.00319017	875
0.00319258	876
0.00319618	877
0.00319858	878
0.00320099	879
0.00321902	880
0.00322142	881
0.00322383	882
0.00322623	883
0.00323344	884
0.00323705	885
0.00324065	886
0.00324426	887
0.00324787	888
0.00325027	889
0.00325388	890
0.00325628	891
0.00325989	892
0.00326109	893
0.00326469	894
0.0032659	895
0.0032695	896
0.00327071	897
0.00327431	898
0.00327792	899
0.00328152	900
0.00328513	901
0.00328874	902
0.00329234	903
0.00329595	904
0.00329955	905
0.00330316	906
0.00330677	907
0.00331037	908
0.00331398	909
0.00331758	910
0.00332119	911
0.0033248	912
0.0033284	913
0.00333201	914
0.00333561	915
0.00333922	916
0.00334282	917
0.00334643	918
0.00335004	919
0.00335364	920
0.00335725	921
0.00336085	922
0.00336446	923
0.00336807	924
0.00337167	925
0.00337528	926
0.00337888	927
0.00338249	928
0.0033861	929
0.0033897	930
0.00339331	931
0.00339691	932
0.00340052	933
0.00340413	934
0.00340773	935
0.00341134	936
0.00341494	937
0.00341855	938
0.00342216	939
0.00342576	940
0.00342937	941
0.00343298	942
0.00343658	943
0.00344019	944
0.00344379	945
0.0034474	946
0.00345101	947
0.00345461	948
0.00345822	949
0.00346182	950
0.00346543	951
0.00346904	952
0.00347264	953
0.00347625	954
0.00347985	955
0.00348346	956
0.00348707	957
0.00349067	958
0.00349428	959
0.00349788	960
0.00350149	961
0.00350509	962
0.0035087	963
0.00351111	964
0.00351351	965
0.00351711	966
0.00351952	967
0.00352192	968
0.00353995	969
0.00354236	970
0.00354476	971
0.00354717	972
0.00355438	974
0.00355798	975
0.00356159	976
0.0035652	977
0.0035688	978
0.00357121	979
0.00357481	980
0.00357721	981
0.00358082	982
0.00358202	983
0.00358563	984
0.00358683	985
0.00359044	986
0.00359164	987
0.00359524	988
0.00359885	989
0.00360246	990
0.00360606	991
0.00360967	992
0.00361327	993
0.00361688	994
0.00362049	995
0.00362409	996
0.0036277	997
0.00363131	998
0.00363491	999
0.00363852	1000
0.00364212	1001
0.00364573	1002
0.00364934	1003
0.00365294	1004
0.00365655	1005
0.00366015	1006
0.00366376	1007
0.00366737	1008
0.00367097	1009
0.00367458	1010
0.00367818	1011
0.00368179	1012
0.0036854	1013
0.003689	1014
0.00369261	1015
0.00369621	1016
0.00369982	1017
0.00370342	1018
0.00370703	1019
0.00371064	1020
0.00371424	1021
0.00371785	1022
0.00372145	1023
0.00372506	1024
0.00372867	1025
0.00373227	1026
0.00373588	1027
0.00373948	1028
0.00374309	1029
0.0037467	1030
0.0037503	1031
0.00375391	1032
0.00375751	1033
0.00376112	1034
0.00376473	1035
0.00376833	1036
0.00377194	1037
0.00377554	1038
0.00377915	1039
0.00378276	1040
0.00378636	1041
0.00378997	1042
0.00379357	1043
0.00379718	1044
0.00380079	1045
0.00380439	1046
0.003808	1047
0.00381161	1048
0.00381521	1049
0.00381882	1050
0.00382242	1051
0.00382603	1052
0.00382964	1053
0.00383204	1054
0.00383444	1055
0.00383805	1056
0.00384045	1057
0.00384286	1058
0.00386089	1059
0.00386329	1060
0.0038657	1061
0.0038681	1062
0.00387531	1063
0.00387892	1064
0.00388252	1065
0.00388613	1066
0.00388974	1067
0.00389214	1068
0.00389574	1069
0.00389815	1070
0.00390175	1071
0.00390296	1072
0.00390656	1073
0.00390776	1074
0.00391137	1075
0.00391257	1076
0.00391618	1077
0.00391979	1078
0.00392339	1079
0.003927	1080
0.0039306	1081
0.00393421	1082
0.00393781	1083
0.00394142	1084
0.00394503	1085
0.00394863	1086
0.00395224	1087
0.00395585	1088
0.00395945	1089
0.00396306	1090
0.00396666	1091
0.00397027	1092
0.00397387	1093
0.00397748	1095
0.00398109	1096
0.00398469	1097
0.0039883	1098
0.0039919	1099
0.00399551	1100
0.00399912	1101
0.00400272	1102
0.00400633	1103
0.00400994	1104
0.00401354	1105
0.00401715	1106
0.00402075	1107
0.00402436	1108
0.00402796	1109
0.00403157	1110
0.00403518	1111
0.00403878	1112
0.00404239	1113
0.004046	1114
0.0040496	1115
0.00405321	1116
0.00405681	1117
0.00406042	1118
0.00406402	1119
0.00406763	1120
0.00407124	1121
0.00407484	1122
0.00407845	1123
0.00408206	1124
0.00408566	1125
0.00408927	1126
0.00409287	1127
0.00409648	1128
0.00410008	1129
0.00410369	1130
0.0041073	1131
0.0041109	1132
0.00411451	1133
0.00411812	1134
0.00412172	1135
0.00412533	1136
0.00412893	1137
0.00413254	1138
0.00413614	1139
0.00413975	1140
0.00414336	1141
0.00414696	1142
0.00415057	1143
0.00415297	1144
0.00415538	1145
0.00415898	1146
0.00416139	1147
0.00416379	1148
0.00418182	1149
0.00418422	1150
0.00418663	1151
0.00418903	1152
0.00419625	1153
0.00419985	1154
0.00420346	1155
0.00420706	1156
0.00421067	1157
0.00421307	1158
0.00421668	1159
0.00421908	1160
0.00422269	1161
0.00422389	1162
0.0042275	1163
0.0042287	1164
0.0042323	1165
0.00423351	1166
0.00423711	1167
0.00424072	1168
0.00424433	1169
0.00424793	1170
0.00425154	1171
0.00425514	1172
0.00425875	1173
0.00426235	1174
0.00426596	1175
0.00426957	1176
0.00427317	1177
0.00427678	1178
0.00428039	1179
0.00428399	1180
0.0042876	1181
0.0042912	1182
0.00429481	1183
0.00429841	1184
0.00430202	1185
0.00430563	1186
0.00430923	1187
0.00431284	1188
0.00431645	1189
0.00432005	1190
0.00432366	1191
0.00432726	1192
0.00433087	1193
0.00433447	1194
0.00433808	1195
0.00434169	1196
0.00434529	1197
0.0043489	1198
0.0043525	1199
0.00435611	1200
0.00435972	1201
0.00436332	1202
0.00436693	1203
0.00437054	1204
0.00437414	1205
0.00437775	1206
0.00438135	1207
0.00438496	1208
0.00438856	1209
0.00439217	1210
0.00439578	1211
0.00439938	1212
0.00440299	1213
0.0044066	1214
0.0044102	1215
0.00441381	1217
0.00441741	1218
0.00442102	1219
0.00442462	1220
0.00442823	1221
0.00443184	1222
0.00443544	1223
0.00443905	1224
0.00444266	1225
0.00444626	1226
0.00444987	1227
0.00445347	1228
0.00445708	1229
0.00446068	1230
0.00446429	1231
0.0044679	1232
0.0044715	1233
0.00447391	1234
0.00447631	1235
0.00447992	1236
0.00448232	1237
0.00448473	1238
0.00450275	1239
0.00450516	1240
0.00450756	1241
0.00450997	1242
0.00451718	1243
0.00452079	1244
0.00452439	1245
0.004528	1246
0.0045316	1247
0.00453401	1248
0.00453761	1249
0.00454002	1250
0.00454362	1251
0.00454482	1252
0.00454843	1253
0.00454963	1254
0.00455324	1255
0.00455444	1256
0.00455805	1257
0.00456165	1258
0.00456526	1259
0.00456887	1260
0.00457247	1261
0.00457608	1262
0.00457968	1263
0.00458329	1264
0.00458689	1265
0.0045905	1266
0.00459411	1267
0.00459771	1268
0.00460132	1269
0.00460493	1270
0.00460853	1271
0.00461214	1272
0.00461574	1273
0.00461935	1274
0.00462295	1275
0.00462656	1276
0.00463017	1277
0.00463377	1278
0.00463738	1279
0.00464099	1280
0.00464459	1281
0.0046482	1282
0.0046518	1283
0.00465541	1284
0.00465901	1285
0.00466262	1286
0.00466623	1287
0.00466983	1288
0.00467344	1289
0.00467705	1290
0.00468065	1291
0.00468426	1292
0.00468786	1293
0.00469147	1294
0.00469507	1295
0.00469868	1296
0.00470229	1297
0.00470589	1298
0.0047095	1299
0.00471311	1300
0.00471671	1301
0.00472032	1302
0.00472392	1303
0.00472753	1304
0.00473114	1305
0.00473474	1306
0.00473835	1307
0.00474195	1308
0.00474556	1309
0.00474916	1310
0.00475277	1311
0.00475638	1312
0.00475998	1313
0.00476359	1314
0.0047672	1315
0.0047708	1316
0.00477441	1317
0.00477801	1318
0.00478162	1319
0.00478522	1320
0.00478883	1321
0.00479244	1322
0.00479484	1323
0.00479725	1324
0.00480085	1325
0.00480326	1326
0.00480566	1327
0.00482369	1328
0.00482609	1329
0.0048285	1330
0.0048309	1331
0.00483811	1332
0.00484172	1333
0.00484533	1334
0.00484893	1335
0.00485254	1336
0.00485494	1337
0.00485855	1339
0.00486095	1340
0.00486456	1341
0.00486576	1342
0.00486936	1343
0.00487057	1344
0.00487417	1345
0.00487538	1346
0.00487898	1347
0.00488259	1348
0.00488619	1349
0.0048898	1350
0.0048934	1351
0.00489701	1352
0.00490062	1353
0.00490422	1354
0.00490783	1355
0.00491143	1356
0.00491504	1357
0.00491865	1358
0.00492225	1359
0.00492586	1360
0.00492947	1361
0.00493307	1362
0.00493668	1363
0.00494028	1364
0.00494389	1365
0.00494749	1366
0.0049511	1367
0.00495471	1368
0.00495831	1369
0.00496192	1370
0.00496553	1371
0.00496913	1372
0.00497274	1373
0.00497634	1374
0.00497995	1375
0.00498355	1376
0.00498716	1377
0.00499077	1378
0.00499437	1379
0.00499798	1380
0.00500159	1381
0.00500519	1382
0.0050088	1383
0.0050124	1384
0.00501601	1385
0.00501961	1386
0.00502322	1387
0.00502683	1388
0.00503043	1389
0.00503404	1390
0.00503765	1391
0.00504125	1392
0.00504486	1393
0.00504846	1394
0.00505207	1395
0.00505567	1396
0.00505928	1397
0.00506289	1398
0.00506649	1399
0.0050701	1400
0.0050737	1401
0.00507731	1402
0.00508092	1403
0.00508452	1404
0.00508813	1405
0.00509174	1406
0.00509534	1407
0.00509895	1408
0.00510255	1409
0.00510616	1410
0.00510976	1411
0.00511337	1412
0.00511578	1413
0.00511818	1414
0.00512179	1415
0.00512419	1416
0.00512659	1417
0.00514462	1418
0.00514703	1419
0.00514943	1420
0.00515183	1421
0.00515905	1422
0.00516265	1423
0.00516626	1424
0.00516987	1425
0.00517347	1426
0.00517587	1427
0.00517948	1428
0.00518188	1429
0.00518549	1430
0.00518669	1431
0.0051903	1432
0.0051915	1433
0.00519511	1434
0.00519631	1435
0.00519992	1436
0.00520352	1437
0.00520713	1438
0.00521073	1439
0.00521434	1440
0.00521794	1441
0.00522155	1442
0.00522516	1443
0.00522876	1444
0.00523237	1445
0.00523598	1446
0.00523958	1447
0.00524319	1448
0.00524679	1449
0.0052504	1450
0.005254	1451
0.00525761	1452
0.00526122	1453
0.00526482	1454
0.00526843	1455
0.00527203	1456
0.00527564	1457
0.00527925	1458
0.00528285	1460
0.00528646	1461
0.00529007	1462
0.00529367	1463
0.00529728	1464
0.00530088	1465
0.00530449	1466
0.00530809	1467
0.0053117	1468
0.00531531	1469
0.00531891	1470
0.00532252	1471
0.00532613	1472
0.00532973	1473
0.00533334	1474
0.00533694	1475
0.00534055	1476
0.00534415	1477
0.00534776	1478
0.00535137	1479
0.00535497	1480
0.00535858	1481
0.00536219	1482
0.00536579	1483
0.0053694	1484
0.005373	1485
0.00537661	1486
0.00538021	1487
0.00538382	1488
0.00538743	1489
0.00539103	1490
0.00539464	1491
0.00539825	1492
0.00540185	1493
0.00540546	1494
0.00540906	1495
0.00541267	1496
0.00541627	1497
0.00541988	1498
0.00542349	1499
0.00542709	1500
0.0054307	1501
0.00543431	1502
0.00543671	1503
0.00543911	1504
0.00544272	1505
0.00544512	1506
0.00544753	1507
0.00546556	1508
0.00546796	1509
0.00547036	1510
0.00547277	1511
0.00547998	1512
0.00548359	1513
0.00548719	1514
0.0054908	1515
0.0054944	1516
0.00549681	1517
0.00550041	1518
0.00550282	1519
0.00550642	1520
0.00550763	1521
0.00551123	1522
0.00551243	1523
0.00551604	1524
0.00551724	1525
0.00552085	1526
0.00552446	1527
0.00552806	1528
0.00553167	1529
0.00553527	1530
0.00553888	1531
0.00554248	1532
0.00554609	1533
0.0055497	1534
0.0055533	1535
0.00555691	1536
0.00556052	1537
0.00556412	1538
0.00556773	1539
0.00557133	1540
0.00557494	1541
0.00557854	1542
0.00558215	1543
0.00558576	1544
0.00558936	1545
0.00559297	1546
0.00559658	1547
0.00560018	1548
0.00560379	1549
0.00560739	1550
0.005611	1551
0.0056146	1552
0.00561821	1553
0.00562182	1554
0.00562542	1555
0.00562903	1556
0.00563264	1557
0.00563624	1558
0.00563985	1559
0.00564345	1560
0.00564706	1561
0.00565067	1562
0.00565427	1563
0.00565788	1564
0.00566148	1565
0.00566509	1566
0.00566869	1567
0.0056723	1568
0.00567591	1569
0.00567951	1570
0.00568312	1571
0.00568673	1572
0.00569033	1573
0.00569394	1574
0.00569754	1575
0.00570115	1576
0.00570475	1577
0.00570836	1578
0.00571197	1579
0.00571557	1580
0.00571918	1582
0.00572279	1583
0.00572639	1584
0.00573	1585
0.0057336	1586
0.00573721	1587
0.00574081	1588
0.00574442	1589
0.00574803	1590
0.00575163	1591
0.00575524	1592
0.00575764	1593
0.00576005	1594
0.00576365	1595
0.00576606	1596
0.00576846	1597
0.00578649	1598
0.00578889	1599
0.0057913	1600
0.0057937	1601
0.00580092	1602
0.00580452	1603
0.00580813	1604
0.00581173	1605
0.00581534	1606
0.00581774	1607
0.00582135	1608
0.00582375	1609
0.00582736	1610
0.00582856	1611
0.00583217	1612
0.00583337	1613
0.00583698	1614
0.00583818	1615
0.00584178	1616
0.00584539	1617
0.005849	1618
0.0058526	1619
0.00585621	1620
0.00585981	1621
0.00586342	1622
0.00586702	1623
0.00587063	1624
0.00587424	1625
0.00587784	1626
0.00588145	1627
0.00588506	1628
0.00588866	1629
0.00589227	1630
0.00589587	1631
0.00589948	1632
0.00590308	1633
0.00590669	1634
0.0059103	1635
0.0059139	1636
0.00591751	1637
0.00592112	1638
0.00592472	1639
0.00592833	1640
0.00593193	1641
0.00593554	1642
0.00593914	1643
0.00594275	1644
0.00594636	1645
0.00594996	1646
0.00595357	1647
0.00595718	1648
0.00596078	1649
0.00596439	1650
0.00596799	1651
0.0059716	1652
0.0059752	1653
0.00597881	1654
0.00598242	1655
0.00598602	1656
0.00598963	1657
0.00599323	1658
0.00599684	1659
0.00600045	1660
0.00600405	1661
0.00600766	1662
0.00601127	1663
0.00601487	1664
0.00601848	1665
0.00602208	1666
0.00602569	1667
0.00602929	1668
0.0060329	1669
0.00603651	1670
0.00604011	1671
0.00604372	1672
0.00604733	1673
0.00605093	1674
0.00605454	1675
0.00605814	1676
0.00606175	1677
0.00606535	1678
0.00606896	1679
0.00607257	1680
0.00607617	1681
0.00607858	1682
0.00608098	1683
0.00608459	1684
0.00608699	1685
0.0060894	1686
0.00610742	1687
0.00610983	1688
0.00611223	1689
0.00611464	1690
0.00612185	1691
0.00612546	1692
0.00612906	1693
0.00613267	1694
0.00613627	1695
0.00613868	1696
0.00614228	1697
0.00614469	1698
0.00614829	1699
0.00614949	1700
0.0061531	1701
0.0061543	1702
0.00615791	1704
0.00615911	1705
0.00616272	1706
0.00616632	1707
0.00616993	1708
0.00617353	1709
0.00617714	1710
0.00618075	1711
0.00618435	1712
0.00618796	1713
0.00619156	1714
0.00619517	1715
0.00619878	1716
0.00620238	1717
0.00620599	1718
0.0062096	1719
0.0062132	1720
0.00621681	1721
0.00622041	1722
0.00622402	1723
0.00622762	1724
0.00623123	1725
0.00623484	1726
0.00623844	1727
0.00624205	1728
0.00624566	1729
0.00624926	1730
0.00625287	1731
0.00625647	1732
0.00626008	1733
0.00626368	1734
0.00626729	1735
0.0062709	1736
0.0062745	1737
0.00627811	1738
0.00628172	1739
0.00628532	1740
0.00628893	1741
0.00629253	1742
0.00629614	1743
0.00629974	1744
0.00630335	1745
0.00630696	1746
0.00631056	1747
0.00631417	1748
0.00631778	1749
0.00632138	1750
0.00632499	1751
0.00632859	1752
0.0063322	1753
0.0063358	1754
0.00633941	1755
0.00634302	1756
0.00634662	1757
0.00635023	1758
0.00635384	1759
0.00635744	1760
0.00636105	1761
0.00636465	1762
0.00636826	1763
0.00637186	1764
0.00637547	1765
0.00637908	1766
0.00638268	1767
0.00638629	1768
0.00638989	1769
0.0063935	1770
0.00639711	1771
0.00639951	1772
0.00640192	1773
0.00640552	1774
0.00640793	1775
0.00641033	1776
0.00642836	1777
0.00643076	1778
0.00643317	1779
0.00643557	1780
0.00644278	1781
0.00644639	1782
0.00645	1783
0.0064536	1784
0.00645721	1785
0.00645961	1786
0.00646322	1787
0.00646562	1788
0.00646923	1789
0.00647043	1790
0.00647403	1791
0.00647524	1792
0.00647884	1793
0.00648005	1794
0.00648365	1795
0.00648726	1796
0.00649086	1797
0.00649447	1798
0.00649807	1799
0.00650168	1800
0.00650529	1801
0.00650889	1802
0.0065125	1803
0.00651611	1804
0.00651971	1805
0.00652332	1806
0.00652692	1807
0.00653053	1808
0.00653413	1809
0.00653774	1810
0.00654135	1811
0.00654495	1812
0.00654856	1813
0.00655217	1814
0.00655577	1815
0.00655938	1816
0.00656298	1817
0.00656659	1818
0.0065702	1819
0.0065738	1820
0.00657741	1821
0.00658101	1822
0.00658462	1823
0.00658822	1825
0.00659183	1826
0.00659544	1827
0.00659904	1828
0.00660265	1829
0.00660626	1830
0.00660986	1831
0.00661347	1832
0.00661707	1833
0.00662068	1834
0.00662428	1835
0.00662789	1836
0.0066315	1837
0.0066351	1838
0.00663871	1839
0.00664232	1840
0.00664592	1841
0.00664953	1842
0.00665313	1843
0.00665674	1844
0.00666034	1845
0.00666395	1846
0.00666756	1847
0.00667116	1848
0.00667477	1849
0.00667838	1850
0.00668198	1851
0.00668559	1852
0.00668919	1853
0.0066928	1854
0.0066964	1855
0.00670001	1856
0.00670362	1857
0.00670722	1858
0.00671083	1859
0.00671444	1860
0.00671804	1861
0.00672045	1862
0.00672285	1863
0.00672646	1864
0.00672886	1865
0.00673126	1866
0.00674929	1867
0.0067517	1868
0.0067541	1869
0.00675651	1870
0.00676372	1871
0.00676732	1872
0.00677093	1873
0.00677453	1874
0.00677814	1875
0.00678054	1876
0.00678415	1877
0.00678655	1878
0.00679016	1879
0.00679136	1880
0.00679497	1881
0.00679617	1882
0.00679978	1883
0.00680098	1884
0.00680459	1885
0.00680819	1886
0.0068118	1887
0.0068154	1888
0.00681901	1889
0.00682261	1890
0.00682622	1891
0.00682983	1892
0.00683343	1893
0.00683704	1894
0.00684065	1895
0.00684425	1896
0.00684786	1897
0.00685146	1898
0.00685507	1899
0.00685867	1900
0.00686228	1901
0.00686589	1902
0.00686949	1903
0.0068731	1904
0.00687671	1905
0.00688031	1906
0.00688392	1907
0.00688752	1908
0.00689113	1909
0.00689473	1910
0.00689834	1911
0.00690195	1912
0.00690555	1913
0.00690916	1914
0.00691276	1915
0.00691637	1916
0.00691998	1917
0.00692358	1918
0.00692719	1919
0.0069308	1920
0.0069344	1921
0.00693801	1922
0.00694161	1923
0.00694522	1924
0.00694882	1925
0.00695243	1926
0.00695604	1927
0.00695964	1928
0.00696325	1929
0.00696686	1930
0.00697046	1931
0.00697407	1932
0.00697767	1933
0.00698128	1934
0.00698488	1935
0.00698849	1936
0.0069921	1937
0.0069957	1938
0.00699931	1939
0.00700292	1940
0.00700652	1941
0.00701013	1942
0.00701373	1943
0.00701734	1944
0.00702094	1945
0.00702455	1947
0.00702816	1948
0.00703176	1949
0.00703537	1950
0.00703898	1951
0.00704138	1952
0.00704378	1953
0.00704739	1954
0.00704979	1955
0.0070522	1956
0.00707023	1957
0.00707263	1958
0.00707504	1959
0.00707744	1960
0.00708465	1961
0.00708826	1962
0.00709186	1963
0.00709547	1964
0.00709907	1965
0.00710148	1966
0.00710508	1967
0.00710749	1968
0.00711109	1969
0.0071123	1970
0.0071159	1971
0.00711711	1972
0.00712071	1973
0.00712191	1974
0.00712552	1975
0.00712913	1976
0.00713273	1977
0.00713634	1978
0.00713994	1979
0.00714355	1980
0.00714715	1981
0.00715076	1982
0.00715437	1983
0.00715797	1984
0.00716158	1985
0.00716519	1986
0.00716879	1987
0.0071724	1988
0.007176	1989
0.00717961	1990
0.00718321	1991
0.00718682	1992
0.00719043	1993
0.00719403	1994
0.00719764	1995
0.00720125	1996
0.00720485	1997
0.00720846	1998
0.00721206	1999
0.00721567	2000
0.00721927	2001
0.00722288	2002
0.00722649	2003
0.00723009	2004
0.0072337	2005
0.00723731	2006
0.00724091	2007
0.00724452	2008
0.00724812	2009
0.00725173	2010
0.00725533	2011
0.00725894	2012
0.00726255	2013
0.00726615	2014
0.00726976	2015
0.00727337	2016
0.00727697	2017
0.00728058	2018
0.00728418	2019
0.00728779	2020
0.00729139	2021
0.007295	2022
0.00729861	2023
0.00730221	2024
0.00730582	2025
0.00730942	2026
0.00731303	2027
0.00731664	2028
0.00732024	2029
0.00732385	2030
0.00732746	2031
0.00733106	2032
0.00733467	2033
0.00733827	2034
0.00734188	2035
0.00734548	2036
0.00734909	2037
0.0073527	2038
0.0073563	2039
0.00735991	2040
0.00736231	2041
0.00736472	2042
0.00736832	2043
0.00737073	2044
0.00737313	2045
0.00739116	2046
0.00739356	2047
0.00739597	2048
0.00739837	2049
0.00740559	2050
0.00740919	2051
0.0074128	2052
0.0074164	2053
0.00742001	2054
0.00742241	2055
0.00742602	2056
0.00742842	2057
0.00743203	2058
0.00743323	2059
0.00743684	2060
0.00743804	2061
0.00744165	2062
0.00744285	2063
0.00744645	2064
0.00745006	2065
0.00745366	2066
0.00745727	2067
0.00746088	2069
0.00746448	2070
0.00746809	2071
0.0074717	2072
0.0074753	2073
0.00747891	2074
0.00748251	2075
0.00748612	2076
0.00748973	2077
0.00749333	2078
0.00749694	2079
0.00750054	2080
0.00750415	2081
0.00750775	2082
0.00751136	2083
0.00751497	2084
0.00751857	2085
0.00752218	2086
0.00752579	2087
0.00752939	2088
0.007533	2089
0.0075366	2090
0.00754021	2091
0.00754381	2092
0.00754742	2093
0.00755103	2094
0.00755463	2095
0.00755824	2096
0.00756185	2097
0.00756545	2098
0.00756906	2099
0.00757266	2100
0.00757627	2101
0.00757987	2102
0.00758348	2103
0.00758709	2104
0.00759069	2105
0.0075943	2106
0.00759791	2107
0.00760151	2108
0.00760512	2109
0.00760872	2110
0.00761233	2111
0.00761593	2112
0.00761954	2113
0.00762315	2114
0.00762675	2115
0.00763036	2116
0.00763397	2117
0.00763757	2118
0.00764118	2119
0.00764478	2120
0.00764839	2121
0.00765199	2122
0.0076556	2123
0.00765921	2124
0.00766281	2125
0.00766642	2126
0.00767002	2127
0.00767363	2128
0.00767724	2129
0.00768084	2130
0.00768325	2131
0.00768565	2132
0.00768926	2133
0.00769166	2134
0.00769406	2135
0.0077121	2136
0.0077145	2137
0.0077169	2138
0.00771931	2139
0.00772652	2140
0.00773013	2141
0.00773373	2142
0.00773734	2143
0.00774094	2144
0.00774335	2145
0.00774695	2146
0.00774936	2147
0.00775296	2148
0.00775417	2149
0.00775777	2150
0.00775897	2151
0.00776258	2152
0.00776378	2153
0.00776739	2154
0.00777099	2155
0.0077746	2156
0.0077782	2157
0.00778181	2158
0.00778542	2159
0.00778902	2160
0.00779263	2161
0.00779624	2162
0.00779984	2163
0.00780345	2164
0.00780705	2165
0.00781066	2166
0.00781427	2167
0.00781787	2168
0.00782148	2169
0.00782508	2170
0.00782869	2171
0.00783229	2172
0.0078359	2173
0.00783951	2174
0.00784311	2175
0.00784672	2176
0.00785033	2177
0.00785393	2178
0.00785754	2179
0.00786114	2180
0.00786475	2181
0.00786836	2182
0.00787196	2183
0.00787557	2184
0.00787917	2185
0.00788278	2186
0.00788638	2187
0.00788999	2188
0.0078936	2190
0.0078972	2191
0.00790081	2192
0.00790441	2193
0.00790802	2194
0.00791163	2195
0.00791523	2196
0.00791884	2197
0.00792245	2198
0.00792605	2199
0.00792966	2200
0.00793326	2201
0.00793687	2202
0.00794048	2203
0.00794408	2204
0.00794769	2205
0.00795129	2206
0.0079549	2207
0.0079585	2208
0.00796211	2209
0.00796572	2210
0.00796932	2211
0.00797293	2212
0.00797653	2213
0.00798014	2214
0.00798375	2215
0.00798735	2216
0.00799096	2217
0.00799457	2218
0.00799817	2219
0.00800178	2220
0.00800418	2221
0.00800659	2222
0.00801019	2223
0.0080126	2224
0.008015	2225
0.00803303	2226
0.00803543	2227
0.00803784	2228
0.00804024	2229
0.00804745	2230
0.00805106	2231
0.00805467	2232
0.00805827	2233
0.00806188	2234
0.00806428	2235
0.00806789	2236
0.00807029	2237
0.0080739	2238
0.0080751	2239
0.00807871	2240
0.00807991	2241
0.00808351	2242
0.00808471	2243
0.00808832	2244
0.00809193	2245
0.00809553	2246
0.00809914	2247
0.00810274	2248
0.00810635	2249
0.00810996	2250
0.00811356	2251
0.00811717	2252
0.00812078	2253
0.00812438	2254
0.00812799	2255
0.00813159	2256
0.0081352	2257
0.00813881	2258
0.00814241	2259
0.00814602	2260
0.00814962	2261
0.00815323	2262
0.00815683	2263
0.00816044	2264
0.00816405	2265
0.00816765	2266
0.00817126	2267
0.00817486	2268
0.00817847	2269
0.00818208	2270
0.00818568	2271
0.00818929	2272
0.0081929	2273
0.0081965	2274
0.00820011	2275
0.00820371	2276
0.00820732	2277
0.00821093	2278
0.00821453	2279
0.00821814	2280
0.00822174	2281
0.00822535	2282
0.00822895	2283
0.00823256	2284
0.00823617	2285
0.00823977	2286
0.00824338	2287
0.00824699	2288
0.00825059	2289
0.0082542	2290
0.0082578	2291
0.00826141	2292
0.00826502	2293
0.00826862	2294
0.00827223	2295
0.00827583	2296
0.00827944	2297
0.00828304	2298
0.00828665	2299
0.00829026	2300
0.00829386	2301
0.00829747	2302
0.00830107	2303
0.00830468	2304
0.00830829	2305
0.00831189	2306
0.0083155	2307
0.00831911	2308
0.00832271	2309
0.00832511	2310
0.00832752	2312
0.00833112	2313
0.00833353	2314
0.00833593	2315
0.00835396	2316
0.00835637	2317
0.00835877	2318
0.00836118	2319
0.00836839	2320
0.00837199	2321
0.0083756	2322
0.00837921	2323
0.00838281	2324
0.00838521	2325
0.00838882	2326
0.00839123	2327
0.00839483	2328
0.00839603	2329
0.00839964	2330
0.00840084	2331
0.00840445	2332
0.00840565	2333
0.00840925	2334
0.00841286	2335
0.00841647	2336
0.00842007	2337
0.00842368	2338
0.00842728	2339
0.00843089	2340
0.0084345	2341
0.0084381	2342
0.00844171	2343
0.00844532	2344
0.00844892	2345
0.00845253	2346
0.00845613	2347
0.00845974	2348
0.00846335	2349
0.00846695	2350
0.00847056	2351
0.00847416	2352
0.00847777	2353
0.00848137	2354
0.00848498	2355
0.00848859	2356
0.00849219	2357
0.0084958	2358
0.0084994	2359
0.00850301	2360
0.00850662	2361
0.00851022	2362
0.00851383	2363
0.00851744	2364
0.00852104	2365
0.00852465	2366
0.00852825	2367
0.00853186	2368
0.00853547	2369
0.00853907	2370
0.00854268	2371
0.00854628	2372
0.00854989	2373
0.00855349	2374
0.0085571	2375
0.00856071	2376
0.00856431	2377
0.00856792	2378
0.00857152	2379
0.00857513	2380
0.00857874	2381
0.00858234	2382
0.00858595	2383
0.00858956	2384
0.00859316	2385
0.00859677	2386
0.00860037	2387
0.00860398	2388
0.00860758	2389
0.00861119	2390
0.0086148	2391
0.0086184	2392
0.00862201	2393
0.00862561	2394
0.00862922	2395
0.00863283	2396
0.00863643	2397
0.00864004	2398
0.00864365	2399
0.00864605	2400
0.00864845	2401
0.00865206	2402
0.00865446	2403
0.00865687	2404
0.0086749	2405
0.0086773	2406
0.0086797	2407
0.00868211	2408
0.00868932	2409
0.00869293	2410
0.00869653	2411
0.00870014	2412
0.00870375	2413
0.00870615	2414
0.00870975	2415
0.00871216	2416
0.00871577	2417
0.00871697	2418
0.00872057	2419
0.00872177	2420
0.00872538	2421
0.00872658	2422
0.00873019	2423
0.0087338	2424
0.0087374	2425
0.00874101	2426
0.00874461	2427
0.00874822	2428
0.00875182	2429
0.00875543	2430
0.00875904	2431
0.00876264	2432
0.00876625	2434
0.00876986	2435
0.00877346	2436
0.00877707	2437
0.00878067	2438
0.00878428	2439
0.00878789	2440
0.00879149	2441
0.0087951	2442
0.0087987	2443
0.00880231	2444
0.00880591	2445
0.00880952	2446
0.00881313	2447
0.00881673	2448
0.00882034	2449
0.00882394	2450
0.00882755	2451
0.00883116	2452
0.00883476	2453
0.00883837	2454
0.00884198	2455
0.00884558	2456
0.00884919	2457
0.00885279	2458
0.0088564	2459
0.00886001	2460
0.00886361	2461
0.00886722	2462
0.00887082	2463
0.00887443	2464
0.00887803	2465
0.00888164	2466
0.00888525	2467
0.00888885	2468
0.00889246	2469
0.00889606	2470
0.00889967	2471
0.00890328	2472
0.00890688	2473
0.00891049	2474
0.0089141	2475
0.0089177	2476
0.00892131	2477
0.00892491	2478
0.00892852	2479
0.00893212	2480
0.00893573	2481
0.00893934	2482
0.00894294	2483
0.00894655	2484
0.00895015	2485
0.00895376	2486
0.00895737	2487
0.00896097	2488
0.00896458	2489
0.00896698	2490
0.00896939	2491
0.00897299	2492
0.0089754	2493
0.0089778	2494
0.00899583	2495
0.00899824	2496
0.00900064	2497
0.00900304	2498
0.00901026	2499
0.00901386	2500
0.00901747	2501
0.00902107	2502
0.00902468	2503
0.00902708	2504
0.00903069	2505
0.00903309	2506
0.0090367	2507
0.0090379	2508
0.00904151	2509
0.00904271	2510
0.00904631	2511
0.00904752	2512
0.00905112	2513
0.00905473	2514
0.00905834	2515
0.00906194	2516
0.00906555	2517
0.00906915	2518
0.00907276	2519
0.00907636	2520
0.00907997	2521
0.00908358	2522
0.00908718	2523
0.00909079	2524
0.00909439	2525
0.009098	2526
0.00910161	2527
0.00910521	2528
0.00910882	2529
0.00911243	2530
0.00911603	2531
0.00911964	2532
0.00912324	2533
0.00912685	2534
0.00913045	2535
0.00913406	2536
0.00913767	2537
0.00914127	2538
0.00914488	2539
0.00914848	2540
0.00915209	2541
0.0091557	2542
0.0091593	2543
0.00916291	2544
0.00916652	2545
0.00917012	2546
0.00917373	2547
0.00917733	2548
0.00918094	2549
0.00918455	2550
0.00918815	2551
0.00919176	2552
0.00919536	2553
0.00919897	2555
0.00920257	2556
0.00920618	2557
0.00920979	2558
0.00921339	2559
0.009217	2560
0.0092206	2561
0.00922421	2562
0.00922782	2563
0.00923142	2564
0.00923503	2565
0.00923864	2566
0.00924224	2567
0.00924585	2568
0.00924945	2569
0.00925306	2570
0.00925667	2571
0.00926027	2572
0.00926388	2573
0.00926748	2574
0.00927109	2575
0.00927469	2576
0.0092783	2577
0.00928191	2578
0.00928551	2579
0.00928792	2580
0.00929032	2581
0.00929393	2582
0.00929633	2583
0.00929874	2584
0.00931676	2585
0.00931917	2586
0.00932157	2587
0.00932398	2588
0.00933119	2589
0.00933479	2590
0.0093384	2591
0.00934201	2592
0.00934561	2593
0.00934802	2594
0.00935162	2595
0.00935403	2596
0.00935763	2597
0.00935883	2598
0.00936244	2599
0.00936364	2600
0.00936725	2601
0.00936845	2602
0.00937206	2603
0.00937566	2604
0.00937927	2605
0.00938288	2606
0.00938648	2607
0.00939009	2608
0.00939369	2609
0.0093973	2610
0.0094009	2611
0.00940451	2612
0.00940812	2613
0.00941172	2614
0.00941533	2615
0.00941893	2616
0.00942254	2617
0.00942615	2618
0.00942975	2619
0.00943336	2620
0.00943697	2621
0.00944057	2622
0.00944418	2623
0.00944778	2624
0.00945139	2625
0.009455	2626
0.0094586	2627
0.00946221	2628
0.00946581	2629
0.00946942	2630
0.00947302	2631
0.00947663	2632
0.00948024	2633
0.00948384	2634
0.00948745	2635
0.00949105	2636
0.00949466	2637
0.00949827	2638
0.00950187	2639
0.00950548	2640
0.00950909	2641
0.00951269	2642
0.0095163	2643
0.0095199	2644
0.00952351	2645
0.00952711	2646
0.00953072	2647
0.00953433	2648
0.00953793	2649
0.00954154	2650
0.00954514	2651
0.00954875	2652
0.00955236	2653
0.00955596	2654
0.00955957	2655
0.00956318	2656
0.00956678	2657
0.00957039	2658
0.00957399	2659
0.0095776	2660
0.00958121	2661
0.00958481	2662
0.00958842	2663
0.00959202	2664
0.00959563	2665
0.00959923	2666
0.00960284	2667
0.00960645	2668
0.00960885	2669
0.00961125	2670
0.00961486	2671
0.00961726	2672
0.00961967	2673
0.0096377	2674
0.0096401	2675
0.00964251	2677
0.00964491	2678
0.00965212	2679
0.00965573	2680
0.00965933	2681
0.00966294	2682
0.00966655	2683
0.00966895	2684
0.00967256	2685
0.00967496	2686
0.00967857	2687
0.00967977	2688
0.00968337	2689
0.00968458	2690
0.00968818	2691
0.00968939	2692
0.00969299	2693
0.0096966	2694
0.0097002	2695
0.00970381	2696
0.00970742	2697
0.00971102	2698
0.00971463	2699
0.00971823	2700
0.00972184	2701
0.00972544	2702
0.00972905	2703
0.00973266	2704
0.00973626	2705
0.00973987	2706
0.00974347	2707
0.00974708	2708
0.00975069	2709
0.00975429	2710
0.0097579	2711
0.00976151	2712
0.00976511	2713
0.00976872	2714
0.00977232	2715
0.00977593	2716
0.00977954	2717
0.00978314	2718
0.00978675	2719
0.00979035	2720
0.00979396	2721
0.00979756	2722
0.00980117	2723
0.00980478	2724
0.00980838	2725
0.00981199	2726
0.00981559	2727
0.0098192	2728
0.00982281	2729
0.00982641	2730
0.00983002	2731
0.00983363	2732
0.00983723	2733
0.00984084	2734
0.00984444	2735
0.00984805	2736
0.00985166	2737
0.00985526	2738
0.00985887	2739
0.00986247	2740
0.00986608	2741
0.00986968	2742
0.00987329	2743
0.0098769	2744
0.0098805	2745
0.00988411	2746
0.00988772	2747
0.00989132	2748
0.00989493	2749
0.00989853	2750
0.00990214	2751
0.00990575	2752
0.00990935	2753
0.00991296	2754
0.00991656	2755
0.00992017	2756
0.00992377	2757
0.00992738	2758
0.00992979	2759
0.00993219	2760
0.0099358	2761
0.0099382	2762
0.0099406	2763
0.00995863	2764
0.00996104	2765
0.00996344	2766
0.00996584	2767
0.00997306	2768
0.00997666	2769
0.00998027	2770
0.00998387	2771
0.00998748	2772
0.00998989	2773
0.00999349	2774
0.00999589	2775
0.0099995	2776
0.0100007	2777
0.0100043	2778
0.0100055	2779
0.0100091	2780
0.0100103	2781
0.0100139	2782
0.0100175	2783
0.0100211	2784
0.0100247	2785
0.0100283	2786
0.010032	2787
0.0100356	2788
0.0100392	2789
0.0100428	2790
0.0100464	2791
0.01005	2792
0.0100536	2793
0.0100572	2794
0.0100608	2795
0.0100644	2796
0.010068	2797
0.0100716	2799
0.0100752	2800
0.0100788	2801
0.0100824	2802
0.010086	2803
0.0100897	2804
0.0100933	2805
0.0100969	2806
0.0101005	2807
0.0101041	2808
0.0101077	2809
0.0101113	2810
0.0101149	2811
0.0101185	2812
0.0101221	2813
0.0101257	2814
0.0101293	2815
0.0101329	2816
0.0101365	2817
0.0101401	2818
0.0101437	2819
0.0101473	2820
0.010151	2821
0.0101546	2822
0.0101582	2823
0.0101618	2824
0.0101654	2825
0.010169	2826
0.0101726	2827
0.0101762	2828
0.0101798	2829
0.0101834	2830
0.010187	2831
0.0101906	2832
0.0101942	2833
0.0101978	2834
0.0102014	2835
0.010205	2836
0.0102086	2837
0.0102123	2838
0.0102159	2839
0.0102195	2840
0.0102231	2841
0.0102267	2842
0.0102303	2843
0.0102339	2844
0.0102375	2845
0.0102411	2846
0.0102447	2847
0.0102483	2848
0.0102507	2849
0.0102531	2850
0.0102567	2851
0.0102591	2852
0.0102615	2853
0.0102796	2854
0.010282	2855
0.0102844	2856
0.0102868	2857
0.010294	2858
0.0102976	2859
0.0103012	2860
0.0103048	2861
0.0103084	2862
0.0103108	2863
0.0103144	2864
0.0103168	2865
0.0103204	2866
0.0103216	2867
0.0103252	2868
0.0103264	2869
0.0103301	2870
0.0103313	2871
0.0103349	2872
0.0103385	2873
0.0103421	2874
0.0103457	2875
0.0103493	2876
0.0103529	2877
0.0103565	2878
0.0103601	2879
0.0103637	2880
0.0103673	2881
0.0103709	2882
0.0103745	2883
0.0103781	2884
0.0103817	2885
0.0103853	2886
0.0103889	2887
0.0103926	2888
0.0103962	2889
0.0103998	2890
0.0104034	2891
0.010407	2892
0.0104106	2893
0.0104142	2894
0.0104178	2895
0.0104214	2896
0.010425	2897
0.0104286	2898
0.0104322	2899
0.0104358	2900
0.0104394	2901
0.010443	2902
0.0104466	2903
0.0104503	2904
0.0104539	2905
0.0104575	2906
0.0104611	2907
0.0104647	2908
0.0104683	2909
0.0104719	2910
0.0104755	2911
0.0104791	2912
0.0104827	2913
0.0104863	2914
0.0104899	2915
0.0104935	2916
0.0104971	2917
0.0105007	2918
0.0105043	2920
0.0105079	2921
0.0105116	2922
0.0105152	2923
0.0105188	2924
0.0105224	2925
0.010526	2926
0.0105296	2927
0.0105332	2928
0.0105368	2929
0.0105404	2930
0.010544	2931
0.0105476	2932
0.0105512	2933
0.0105548	2934
0.0105584	2935
0.010562	2936
0.0105656	2937
0.0105692	2938
0.0105717	2939
0.0105741	2940
0.0105777	2941
0.0105801	2942
0.0105825	2943
0.0106005	2944
0.0106029	2945
0.0106053	2946
0.0106077	2947
0.0106149	2948
0.0106185	2949
0.0106221	2950
0.0106257	2951
0.0106293	2952
0.0106318	2953
0.0106354	2954
0.0106378	2955
0.0106414	2956
0.0106426	2957
0.0106462	2958
0.0106474	2959
0.010651	2960
0.0106522	2961
0.0106558	2962
0.0106594	2963
0.010663	2964
0.0106666	2965
0.0106702	2966
0.0106738	2967
0.0106774	2968
0.010681	2969
0.0106846	2970
0.0106882	2971
0.0106919	2972
0.0106955	2973
0.0106991	2974
0.0107027	2975
0.0107063	2976
0.0107099	2977
0.0107135	2978
0.0107171	2979
0.0107207	2980
0.0107243	2981
0.0107279	2982
0.0107315	2983
0.0107351	2984
0.0107387	2985
0.0107423	2986
0.0107459	2987
0.0107495	2988
0.0107532	2989
0.0107568	2990
0.0107604	2991
0.010764	2992
0.0107676	2993
0.0107712	2994
0.0107748	2995
0.0107784	2996
0.010782	2997
0.0107856	2998
0.0107892	2999
0.0107928	3000
0.0107964	3001
0.0108	3002
0.0108036	3003
0.0108072	3004
0.0108109	3005
0.0108145	3006
0.0108181	3007
0.0108217	3008
0.0108253	3009
0.0108289	3010
0.0108325	3011
0.0108361	3012
0.0108397	3013
0.0108433	3014
0.0108469	3015
0.0108505	3016
0.0108541	3017
0.0108577	3018
0.0108613	3019
0.0108649	3020
0.0108685	3021
0.0108722	3022
0.0108758	3023
0.0108794	3024
0.010883	3025
0.0108866	3026
0.0108902	3027
0.0108926	3028
0.010895	3029
0.0108986	3030
0.010901	3031
0.0109034	3032
0.0109214	3033
0.0109238	3034
0.0109262	3035
0.0109286	3036
0.0109359	3037
0.0109395	3038
0.0109431	3039
0.0109467	3040
0.0109503	3042
0.0109527	3043
0.0109563	3044
0.0109587	3045
0.0109623	3046
0.0109635	3047
0.0109671	3048
0.0109683	3049
0.0109719	3050
0.0109731	3051
0.0109767	3052
0.0109803	3053
0.0109839	3054
0.0109875	3055
0.0109912	3056
0.0109948	3057
0.0109984	3058
0.011002	3059
0.0110056	3060
0.0110092	3061
0.0110128	3062
0.0110164	3063
0.01102	3064
0.0110236	3065
0.0110272	3066
0.0110308	3067
0.0110344	3068
0.011038	3069
0.0110416	3070
0.0110452	3071
0.0110488	3072
0.0110525	3073
0.0110561	3074
0.0110597	3075
0.0110633	3076
0.0110669	3077
0.0110705	3078
0.0110741	3079
0.0110777	3080
0.0110813	3081
0.0110849	3082
0.0110885	3083
0.0110921	3084
0.0110957	3085
0.0110993	3086
0.0111029	3087
0.0111065	3088
0.0111101	3089
0.0111138	3090
0.0111174	3091
0.011121	3092
0.0111246	3093
0.0111282	3094
0.0111318	3095
0.0111354	3096
0.011139	3097
0.0111426	3098
0.0111462	3099
0.0111498	3100
0.0111534	3101
0.011157	3102
0.0111606	3103
0.0111642	3104
0.0111678	3105
0.0111715	3106
0.0111751	3107
0.0111787	3108
0.0111823	3109
0.0111859	3110
0.0111895	3111
0.0111931	3112
0.0111967	3113
0.0112003	3114
0.0112039	3115
0.0112075	3116
0.0112111	3117
0.0112135	3118
0.0112159	3119
0.0112195	3120
0.0112219	3121
0.0112243	3122
0.0112424	3123
0.0112448	3124
0.0112472	3125
0.0112496	3126
0.0112568	3127
0.0112604	3128
0.011264	3129
0.0112676	3130
0.0112712	3131
0.0112736	3132
0.0112772	3133
0.0112796	3134
0.0112832	3135
0.0112844	3136
0.011288	3137
0.0112892	3138
0.0112929	3139
0.0112941	3140
0.0112977	3141
0.0113013	3142
0.0113049	3143
0.0113085	3144
0.0113121	3145
0.0113157	3146
0.0113193	3147
0.0113229	3148
0.0113265	3149
0.0113301	3150
0.0113337	3151
0.0113373	3152
0.0113409	3153
0.0113445	3154
0.0113481	3155
0.0113518	3156
0.0113554	3157
0.011359	3158
0.0113626	3159
0.0113662	3160
0.0113698	3161
0.0113734	3162
0.011377	3164
0.0113806	3165
0.0113842	3166
0.0113878	3167
0.0113914	3168
0.011395	3169
0.0113986	3170
0.0114022	3171
0.0114058	3172
0.0114094	3173
0.0114131	3174
0.0114167	3175
0.0114203	3176
0.0114239	3177
0.0114275	3178
0.0114311	3179
0.0114347	3180
0.0114383	3181
0.0114419	3182
0.0114455	3183
0.0114491	3184
0.0114527	3185
0.0114563	3186
0.0114599	3187
0.0114635	3188
0.0114671	3189
0.0114707	3190
0.0114744	3191
0.011478	3192
0.0114816	3193
0.0114852	3194
0.0114888	3195
0.0114924	3196
0.011496	3197
0.0114996	3198
0.0115032	3199
0.0115068	3200
0.0115104	3201
0.011514	3202
0.0115176	3203
0.0115212	3204
0.0115248	3205
0.0115284	3206
0.0115321	3207
0.0115345	3208
0.0115369	3209
0.0115405	3210
0.0115429	3211
0.0115453	3212
0.0115633	3213
0.0115657	3214
0.0115681	3215
0.0115705	3216
0.0115777	3217
0.0115813	3218
0.0115849	3219
0.0115885	3220
0.0115922	3221
0.0115946	3222
0.0115982	3223
0.0116006	3224
0.0116042	3225
0.0116054	3226
0.011609	3227
0.0116102	3228
0.0116138	3229
0.011615	3230
0.0116186	3231
0.0116222	3232
0.0116258	3233
0.0116294	3234
0.011633	3235
0.0116366	3236
0.0116402	3237
0.0116438	3238
0.0116474	3239
0.011651	3240
0.0116547	3241
0.0116583	3242
0.0116619	3243
0.0116655	3244
0.0116691	3245
0.0116727	3246
0.0116763	3247
0.0116799	3248
0.0116835	3249
0.0116871	3250
0.0116907	3251
0.0116943	3252
0.0116979	3253
0.0117015	3254
0.0117051	3255
0.0117087	3256
0.0117124	3257
0.011716	3258
0.0117196	3259
0.0117232	3260
0.0117268	3261
0.0117304	3262
0.011734	3263
0.0117376	3264
0.0117412	3265
0.0117448	3266
0.0117484	3267
0.011752	3268
0.0117556	3269
0.0117592	3270
0.0117628	3271
0.0117664	3272
0.01177	3273
0.0117737	3274
0.0117773	3275
0.0117809	3276
0.0117845	3277
0.0117881	3278
0.0117917	3279
0.0117953	3280
0.0117989	3281
0.0118025	3282
0.0118061	3283
0.0118097	3285
0.0118133	3286
0.0118169	3287
0.0118205	3288
0.0118241	3289
0.0118277	3290
0.0118313	3291
0.011835	3292
0.0118386	3293
0.0118422	3294
0.0118458	3295
0.0118494	3296
0.011853	3297
0.0118554	3298
0.0118578	3299
0.0118614	3300
0.0118638	3301
0.0118662	3302
0.0118842	3303
0.0118866	3304
0.011889	3305
0.0118914	3306
0.0118987	3307
0.0119023	3308
0.0119059	3309
0.0119095	3310
0.0119131	3311
0.0119155	3312
0.0119191	3313
0.0119215	3314
0.0119251	3315
0.0119263	3316
0.0119299	3317
0.0119311	3318
0.0119347	3319
0.0119359	3320
0.0119395	3321
0.0119431	3322
0.0119467	3323
0.0119503	3324
0.011954	3325
0.0119576	3326
0.0119612	3327
0.0119648	3328
0.0119684	3329
0.011972	3330
0.0119756	3331
0.0119792	3332
0.0119828	3333
0.0119864	3334
0.01199	3335
0.0119936	3336
0.0119972	3337
0.0120008	3338
0.0120044	3339
0.012008	3340
0.0120116	3341
0.0120153	3342
0.0120189	3343
0.0120225	3344
0.0120261	3345
0.0120297	3346
0.0120333	3347
0.0120369	3348
0.0120405	3349
0.0120441	3350
0.0120477	3351
0.0120513	3352
0.0120549	3353
0.0120585	3354
0.0120621	3355
0.0120657	3356
0.0120693	3357
0.012073	3358
0.0120766	3359
0.0120802	3360
0.0120838	3361
0.0120874	3362
0.012091	3363
0.0120946	3364
0.0120982	3365
0.0121018	3366
0.0121054	3367
0.012109	3368
0.0121126	3369
0.0121162	3370
0.0121198	3371
0.0121234	3372
0.012127	3373
0.0121306	3374
0.0121343	3375
0.0121379	3376
0.0121415	3377
0.0121451	3378
0.0121487	3379
0.0121523	3380
0.0121559	3381
0.0121595	3382
0.0121631	3383
0.0121667	3384
0.0121703	3385
0.0121739	3386
0.0121763	3387
0.0121787	3388
0.0121823	3389
0.0121847	3390
0.0121871	3391
0.0122052	3392
0.0122076	3393
0.01221	3394
0.0122124	3395
0.0122196	3396
0.0122232	3397
0.0122268	3398
0.0122304	3399
0.012234	3400
0.0122364	3401
0.01224	3402
0.0122424	3403
0.012246	3404
0.0122472	3405
0.0122508	3407
0.012252	3408
0.0122557	3409
0.0122569	3410
0.0122605	3411
0.0122641	3412
0.0122677	3413
0.0122713	3414
0.0122749	3415
0.0122785	3416
0.0122821	3417
0.0122857	3418
0.0122893	3419
0.0122929	3420
0.0122965	3421
0.0123001	3422
0.0123037	3423
0.0123073	3424
0.0123109	3425
0.0123146	3426
0.0123182	3427
0.0123218	3428
0.0123254	3429
0.012329	3430
0.0123326	3431
0.0123362	3432
0.0123398	3433
0.0123434	3434
0.012347	3435
0.0123506	3436
0.0123542	3437
0.0123578	3438
0.0123614	3439
0.012365	3440
0.0123686	3441
0.0123722	3442
0.0123759	3443
0.0123795	3444
0.0123831	3445
0.0123867	3446
0.0123903	3447
0.0123939	3448
0.0123975	3449
0.0124011	3450
0.0124047	3451
0.0124083	3452
0.0124119	3453
0.0124155	3454
0.0124191	3455
0.0124227	3456
0.0124263	3457
0.0124299	3458
0.0124336	3459
0.0124372	3460
0.0124408	3461
0.0124444	3462
0.012448	3463
0.0124516	3464
0.0124552	3465
0.0124588	3466
0.0124624	3467
0.012466	3468
0.0124696	3469
0.0124732	3470
0.0124768	3471
0.0124804	3472
0.012484	3473
0.0124876	3474
0.0124912	3475
0.0124949	3476
0.0124973	3477
0.0124997	3478
0.0125033	3479
0.0125057	3480
0.0125081	3481
0.0125261	3482
0.0125285	3483
0.0125309	3484
0.0125333	3485
0.0125405	3486
0.0125441	3487
0.0125477	3488
0.0125513	3489
0.012555	3490
0.0125574	3491
0.012561	3492
0.0125634	3493
0.012567	3494
0.0125682	3495
0.0125718	3496
0.012573	3497
0.0125766	3498
0.0125778	3499
0.0125814	3500
0.012585	3501
0.0125886	3502
0.0125922	3503
0.0125958	3504
0.0125994	3505
0.012603	3506
0.0126066	3507
0.0126102	3508
0.0126139	3509
0.0126175	3510
0.0126211	3511
0.0126247	3512
0.0126283	3513
0.0126319	3514
0.0126355	3515
0.0126391	3516
0.0126427	3517
0.0126463	3518
0.0126499	3519
0.0126535	3520
0.0126571	3521
0.0126607	3522
0.0126643	3523
0.0126679	3524
0.0126715	3525
0.0126752	3526
0.0126788	3527
0.0126824	3529
0.012686	3530
0.0126896	3531
0.0126932	3532
0.0126968	3533
0.0127004	3534
0.012704	3535
0.0127076	3536
0.0127112	3537
0.0127148	3538
0.0127184	3539
0.012722	3540
0.0127256	3541
0.0127292	3542
0.0127328	3543
0.0127365	3544
0.0127401	3545
0.0127437	3546
0.0127473	3547
0.0127509	3548
0.0127545	3549
0.0127581	3550
0.0127617	3551
0.0127653	3552
0.0127689	3553
0.0127725	3554
0.0127761	3555
0.0127797	3556
0.0127833	3557
0.0127869	3558
0.0127905	3559
0.0127942	3560
0.0127978	3561
0.0128014	3562
0.012805	3563
0.0128086	3564
0.0128122	3565
0.0128158	3566
0.0128182	3567
0.0128206	3568
0.0128242	3569
0.0128266	3570
0.012829	3571
0.012847	3572
0.0128494	3573
0.0128518	3574
0.0128543	3575
0.0128615	3576
0.0128651	3577
0.0128687	3578
0.0128723	3579
0.0128759	3580
0.0128783	3581
0.0128819	3582
0.0128843	3583
0.0128879	3584
0.0128891	3585
0.0128927	3586
0.0128939	3587
0.0128975	3588
0.0128987	3589
0.0129023	3590
0.0129059	3591
0.0129095	3592
0.0129131	3593
0.0129168	3594
0.0129204	3595
0.012924	3596
0.0129276	3597
0.0129312	3598
0.0129348	3599
0.0129384	3600
0.012942	3601
0.0129456	3602
0.0129492	3603
0.0129528	3604
0.0129564	3605
0.01296	3606
0.0129636	3607
0.0129672	3608
0.0129708	3609
0.0129745	3610
0.0129781	3611
0.0129817	3612
0.0129853	3613
0.0129889	3614
0.0129925	3615
0.0129961	3616
0.0129997	3617
0.0130033	3618
0.0130069	3619
0.0130105	3620
0.0130141	3621
0.0130177	3622
0.0130213	3623
0.0130249	3624
0.0130285	3625
0.0130321	3626
0.0130358	3627
0.0130394	3628
0.013043	3629
0.0130466	3630
0.0130502	3631
0.0130538	3632
0.0130574	3633
0.013061	3634
0.0130646	3635
0.0130682	3636
0.0130718	3637
0.0130754	3638
0.013079	3639
0.0130826	3640
0.0130862	3641
0.0130898	3642
0.0130934	3643
0.0130971	3644
0.0131007	3645
0.0131043	3646
0.0131079	3647
0.0131115	3648
0.0131151	3650
0.0131187	3651
0.0131223	3652
0.0131259	3653
0.0131295	3654
0.0131331	3655
0.0131367	3656
0.0131391	3657
0.0131415	3658
0.0131451	3659
0.0131475	3660
0.0131499	3661
0.013168	3662
0.0131704	3663
0.0131728	3664
0.0131752	3665
0.0131824	3666
0.013186	3667
0.0131896	3668
0.0131932	3669
0.0131968	3670
0.0131992	3671
0.0132028	3672
0.0132052	3673
0.0132088	3674
0.01321	3675
0.0132136	3676
0.0132149	3677
0.0132185	3678
0.0132197	3679
0.0132233	3680
0.0132269	3681
0.0132305	3682
0.0132341	3683
0.0132377	3684
0.0132413	3685
0.0132449	3686
0.0132485	3687
0.0132521	3688
0.0132557	3689
0.0132593	3690
0.0132629	3691
0.0132665	3692
0.0132701	3693
0.0132737	3694
0.0132774	3695
0.013281	3696
0.0132846	3697
0.0132882	3698
0.0132918	3699
0.0132954	3700
0.013299	3701
0.0133026	3702
0.0133062	3703
0.0133098	3704
0.0133134	3705
0.013317	3706
0.0133206	3707
0.0133242	3708
0.0133278	3709
0.0133314	3710
0.0133351	3711
0.0133387	3712
0.0133423	3713
0.0133459	3714
0.0133495	3715
0.0133531	3716
0.0133567	3717
0.0133603	3718
0.0133639	3719
0.0133675	3720
0.0133711	3721
0.0133747	3722
0.0133783	3723
0.0133819	3724
0.0133855	3725
0.0133891	3726
0.0133927	3727
0.0133964	3728
0.0134	3729
0.0134036	3730
0.0134072	3731
0.0134108	3732
0.0134144	3733
0.013418	3734
0.0134216	3735
0.0134252	3736
0.0134288	3737
0.0134324	3738
0.013436	3739
0.0134396	3740
0.0134432	3741
0.0134468	3742
0.0134504	3743
0.013454	3744
0.0134577	3745
0.0134601	3746
0.0134625	3747
0.0134661	3748
0.0134685	3749
0.0134709	3750
0.0134889	3751
0.0134913	3752
0.0134937	3753
0.0134961	3754
0.0135033	3755
0.0135069	3756
0.0135105	3757
0.0135141	3758
0.0135178	3759
0.0135202	3760
0.0135238	3761
0.0135262	3762
0.0135298	3763
0.013531	3764
0.0135346	3765
0.0135358	3766
0.0135394	3767
0.0135406	3768
0.0135442	3769
0.0135478	3770
0.0135514	3772
0.013555	3773
0.0135586	3774
0.0135622	3775
0.0135658	3776
0.0135694	3777
0.013573	3778
0.0135767	3779
0.0135803	3780
0.0135839	3781
0.0135875	3782
0.0135911	3783
0.0135947	3784
0.0135983	3785
0.0136019	3786
0.0136055	3787
0.0136091	3788
0.0136127	3789
0.0136163	3790
0.0136199	3791
0.0136235	3792
0.0136271	3793
0.0136307	3794
0.0136343	3795
0.013638	3796
0.0136416	3797
0.0136452	3798
0.0136488	3799
0.0136524	3800
0.013656	3801
0.0136596	3802
0.0136632	3803
0.0136668	3804
0.0136704	3805
0.013674	3806
0.0136776	3807
0.0136812	3808
0.0136848	3809
0.0136884	3810
0.013692	3811
0.0136957	3812
0.0136993	3813
0.0137029	3814
0.0137065	3815
0.0137101	3816
0.0137137	3817
0.0137173	3818
0.0137209	3819
0.0137245	3820
0.0137281	3821
0.0137317	3822
0.0137353	3823
0.0137389	3824
0.0137425	3825
0.0137461	3826
0.0137497	3827
0.0137533	3828
0.013757	3829
0.0137606	3830
0.0137642	3831
0.0137678	3832
0.0137714	3833
0.013775	3834
0.0137786	3835
0.013781	3836
0.0137834	3837
0.013787	3838
0.0137894	3839
0.0137918	3840
0.0138098	3841
0.0138122	3842
0.0138146	3843
0.0138171	3844
0.0138243	3845
0.0138279	3846
0.0138315	3847
0.0138351	3848
0.0138387	3849
0.0138411	3850
0.0138447	3851
0.0138471	3852
0.0138507	3853
0.0138519	3854
0.0138555	3855
0.0138567	3856
0.0138603	3857
0.0138615	3858
0.0138651	3859
0.0138687	3860
0.0138723	3861
0.013876	3862
0.0138796	3863
0.0138832	3864
0.0138868	3865
0.0138904	3866
0.013894	3867
0.0138976	3868
0.0139012	3869
0.0139048	3870
0.0139084	3871
0.013912	3872
0.0139156	3873
0.0139192	3874
0.0139228	3875
0.0139264	3876
0.01393	3877
0.0139336	3878
0.0139373	3879
0.0139409	3880
0.0139445	3881
0.0139481	3882
0.0139517	3883
0.0139553	3884
0.0139589	3885
0.0139625	3886
0.0139661	3887
0.0139697	3888
0.0139733	3889
0.0139769	3890
0.0139805	3891
0.0139841	3892
0.0139877	3894
0.0139913	3895
0.0139949	3896
0.0139986	3897
0.0140022	3898
0.0140058	3899
0.0140094	3900
0.014013	3901
0.0140166	3902
0.0140202	3903
0.0140238	3904
0.0140274	3905
0.014031	3906
0.0140346	3907
0.0140382	3908
0.0140418	3909
0.0140454	3910
0.014049	3911
0.0140526	3912
0.0140563	3913
0.0140599	3914
0.0140635	3915
0.0140671	3916
0.0140707	3917
0.0140743	3918
0.0140779	3919
0.0140815	3920
0.0140851	3921
0.0140887	3922
0.0140923	3923
0.0140959	3924
0.0140995	3925
0.0141019	3926
0.0141043	3927
0.0141079	3928
0.0141103	3929
0.0141127	3930
0.0141308	3931
0.0141332	3932
0.0141356	3933
0.014138	3934
0.0141452	3935
0.0141488	3936
0.0141524	3937
0.014156	3938
0.0141596	3939
0.014162	3940
0.0141656	3941
0.014168	3942
0.0141716	3943
0.0141728	3944
0.0141765	3945
0.0141777	3946
0.0141813	3947
0.0141825	3948
0.0141861	3949
0.0141897	3950
0.0141933	3951
0.0141969	3952
0.0142005	3953
0.0142041	3954
0.0142077	3955
0.0142113	3956
0.0142149	3957
0.0142185	3958
0.0142221	3959
0.0142257	3960
0.0142293	3961
0.0142329	3962
0.0142366	3963
0.0142402	3964
0.0142438	3965
0.0142474	3966
0.014251	3967
0.0142546	3968
0.0142582	3969
0.0142618	3970
0.0142654	3971
0.014269	3972
0.0142726	3973
0.0142762	3974
0.0142798	3975
0.0142834	3976
0.014287	3977
0.0142906	3978
0.0142942	3979
0.0142979	3980
0.0143015	3981
0.0143051	3982
0.0143087	3983
0.0143123	3984
0.0143159	3985
0.0143195	3986
0.0143231	3987
0.0143267	3988
0.0143303	3989
0.0143339	3990
0.0143375	3991
0.0143411	3992
0.0143447	3993
0.0143483	3994
0.0143519	3995
0.0143555	3996
0.0143592	3997
0.0143628	3998
0.0143664	3999
0.01437	4000
0.0143736	4001
0.0143772	4002
0.0143808	4003
0.0143844	4004
0.014388	4005
0.0143916	4006
0.0143952	4007
0.0143988	4008
0.0144024	4009
0.014406	4010
0.0144096	4011
0.0144132	4012
0.0144169	4013
0.0144205	4015
0.0144229	4016
0.0144253	4017
0.0144289	4018
0.0144313	4019
0.0144337	4020
0.0144517	4021
0.0144541	4022
0.0144565	4023
0.0144589	4024
0.0144661	4025
0.0144697	4026
0.0144733	4027
0.014477	4028
0.0144806	4029
0.014483	4030
0.0144866	4031
0.014489	4032
0.0144926	4033
0.0144938	4034
0.0144974	4035
0.0144986	4036
0.0145022	4037
0.0145034	4038
0.014507	4039
0.0145106	4040
0.0145142	4041
0.0145178	4042
0.0145214	4043
0.014525	4044
0.0145286	4045
0.0145322	4046
0.0145358	4047
0.0145395	4048
0.0145431	4049
0.0145467	4050
0.0145503	4051
0.0145539	4052
0.0145575	4053
0.0145611	4054
0.0145647	4055
0.0145683	4056
0.0145719	4057
0.0145755	4058
0.0145791	4059
0.0145827	4060
0.0145863	4061
0.0145899	4062
0.0145935	4063
0.0145972	4064
0.0146008	4065
0.0146044	4066
0.014608	4067
0.0146116	4068
0.0146152	4069
0.0146188	4070
0.0146224	4071
0.014626	4072
0.0146296	4073
0.0146332	4074
0.0146368	4075
0.0146404	4076
0.014644	4077
0.0146476	4078
0.0146512	4079
0.0146548	4080
0.0146585	4081
0.0146621	4082
0.0146657	4083
0.0146693	4084
0.0146729	4085
0.0146765	4086
0.0146801	4087
0.0146837	4088
0.0146873	4089
0.0146909	4090
0.0146945	4091
0.0146981	4092
0.0147017	4093
0.0147053	4094
0.0147089	4095
0.0147125	4096
0.0147161	4097
0.0147198	4098
0.0147234	4099
0.014727	4100
0.0147306	4101
0.0147342	4102
0.0147378	4103
0.0147414	4104
0.0147438	4105
0.0147462	4106
0.0147498	4107
0.0147522	4108
0.0147546	4109
0.0147726	4110
0.014775	4111
0.0147775	4112
0.0147799	4113
0.0147871	4114
0.0147907	4115
0.0147943	4116
0.0147979	4117
0.0148015	4118
0.0148039	4119
0.0148075	4120
0.0148099	4121
0.0148135	4122
0.0148147	4123
0.0148183	4124
0.0148195	4125
0.0148231	4126
0.0148243	4127
0.0148279	4128
0.0148315	4129
0.0148351	4130
0.0148388	4131
0.0148424	4132
0.014846	4133
0.0148496	4134
0.0148532	4135
0.0148568	4137
0.0148604	4138
0.014864	4139
0.0148676	4140
0.0148712	4141
0.0148748	4142
0.0148784	4143
0.014882	4144
0.0148856	4145
0.0148892	4146
0.0148928	4147
0.0148964	4148
0.0149001	4149
0.0149037	4150
0.0149073	4151
0.0149109	4152
0.0149145	4153
0.0149181	4154
0.0149217	4155
0.0149253	4156
0.0149289	4157
0.0149325	4158
0.0149361	4159
0.0149397	4160
0.0149433	4161
0.0149469	4162
0.0149505	4163
0.0149541	4164
0.0149578	4165
0.0149614	4166
0.014965	4167
0.0149686	4168
0.0149722	4169
0.0149758	4170
0.0149794	4171
0.014983	4172
0.0149866	4173
0.0149902	4174
0.0149938	4175
0.0149974	4176
0.015001	4177
0.0150046	4178
0.0150082	4179
0.0150118	4180
0.0150154	4181
0.0150191	4182
0.0150227	4183
0.0150263	4184
0.0150299	4185
0.0150335	4186
0.0150371	4187
0.0150407	4188
0.0150443	4189
0.0150479	4190
0.0150515	4191
0.0150551	4192
0.0150587	4193
0.0150623	4194
0.0150647	4195
0.0150671	4196
0.0150707	4197
0.0150731	4198
0.0150755	4199
0.0150936	4200
0.015096	4201
0.0150984	4202
0.0151008	4203
0.015108	4204
0.0151116	4205
0.0151152	4206
0.0151188	4207
0.0151224	4208
0.0151248	4209
0.0151284	4210
0.0151308	4211
0.0151344	4212
0.0151356	4213
0.0151393	4214
0.0151405	4215
0.0151441	4216
0.0151453	4217
0.0151489	4218
0.0151525	4219
0.0151561	4220
0.0151597	4221
0.0151633	4222
0.0151669	4223
0.0151705	4224
0.0151741	4225
0.0151777	4226
0.0151813	4227
0.0151849	4228
0.0151885	4229
0.0151921	4230
0.0151957	4231
0.0151994	4232
0.015203	4233
0.0152066	4234
0.0152102	4235
0.0152138	4236
0.0152174	4237
0.015221	4238
0.0152246	4239
0.0152282	4240
0.0152318	4241
0.0152354	4242
0.015239	4243
0.0152426	4244
0.0152462	4245
0.0152498	4246
0.0152534	4247
0.015257	4248
0.0152607	4249
0.0152643	4250
0.0152679	4251
0.0152715	4252
0.0152751	4253
0.0152787	4254
0.0152823	4255
0.0152859	4256
0.0152895	4257
0.0152931	4259
0.0152967	4260
0.0153003	4261
0.0153039	4262
0.0153075	4263
0.0153111	4264
0.0153147	4265
0.0153184	4266
0.015322	4267
0.0153256	4268
0.0153292	4269
0.0153328	4270
0.0153364	4271
0.01534	4272
0.0153436	4273
0.0153472	4274
0.0153508	4275
0.0153544	4276
0.015358	4277
0.0153616	4278
0.0153652	4279
0.0153688	4280
0.0153724	4281
0.015376	4282
0.0153797	4283
0.0153833	4284
0.0153857	4285
0.0153881	4286
0.0153917	4287
0.0153941	4288
0.0153965	4289
0.0154145	4290
0.0154169	4291
0.0154193	4292
0.0154217	4293
0.0154289	4294
0.0154325	4295
0.0154361	4296
0.0154398	4297
0.0154434	4298
0.0154458	4299
0.0154494	4300
0.0154518	4301
0.0154554	4302
0.0154566	4303
0.0154602	4304
0.0154614	4305
0.015465	4306
0.0154662	4307
0.0154698	4308
0.0154734	4309
0.015477	4310
0.0154806	4311
0.0154842	4312
0.0154878	4313
0.0154914	4314
0.015495	4315
0.0154987	4316
0.0155023	4317
0.0155059	4318
0.0155095	4319
0.0155131	4320
0.0155167	4321
0.0155203	4322
0.0155239	4323
0.0155275	4324
0.0155311	4325
0.0155347	4326
0.0155383	4327
0.0155419	4328
0.0155455	4329
0.0155491	4330
0.0155527	4331
0.0155563	4332
0.01556	4333
0.0155636	4334
0.0155672	4335
0.0155708	4336
0.0155744	4337
0.015578	4338
0.0155816	4339
0.0155852	4340
0.0155888	4341
0.0155924	4342
0.015596	4343
0.0155996	4344
0.0156032	4345
0.0156068	4346
0.0156104	4347
0.015614	4348
0.0156176	4349
0.0156213	4350
0.0156249	4351
0.0156285	4352
0.0156321	4353
0.0156357	4354
0.0156393	4355
0.0156429	4356
0.0156465	4357
0.0156501	4358
0.0156537	4359
0.0156573	4360
0.0156609	4361
0.0156645	4362
0.0156681	4363
0.0156717	4364
0.0156753	4365
0.015679	4366
0.0156826	4367
0.0156862	4368
0.0156898	4369
0.0156934	4370
0.015697	4371
0.0157006	4372
0.0157042	4373
0.0157066	4374
0.015709	4375
0.0157126	4376
0.015715	4377
0.0157174	4378
0.0157354	4380
0.0157378	4381
0.0157403	4382
0.0157427	4383
0.0157499	4384
0.0157535	4385
0.0157571	4386
0.0157607	4387
0.0157643	4388
0.0157667	4389
0.0157703	4390
0.0157727	4391
0.0157763	4392
0.0157775	4393
0.0157811	4394
0.0157823	4395
0.0157859	4396
0.0157871	4397
0.0157907	4398
0.0157943	4399
0.0157979	4400
0.0158016	4401
0.0158052	4402
0.0158088	4403
0.0158124	4404
0.015816	4405
0.0158196	4406
0.0158232	4407
0.0158268	4408
0.0158304	4409
0.015834	4410
0.0158376	4411
0.0158412	4412
0.0158448	4413
0.0158484	4414
0.015852	4415
0.0158556	4416
0.0158593	4417
0.0158629	4418
0.0158665	4419
0.0158701	4420
0.0158737	4421
0.0158773	4422
0.0158809	4423
0.0158845	4424
0.0158881	4425
0.0158917	4426
0.0158953	4427
0.0158989	4428
0.0159025	4429
0.0159061	4430
0.0159097	4431
0.0159133	4432
0.0159169	4433
0.0159206	4434
0.0159242	4435
0.0159278	4436
0.0159314	4437
0.015935	4438
0.0159386	4439
0.0159422	4440
0.0159458	4441
0.0159494	4442
0.015953	4443
0.0159566	4444
0.0159602	4445
0.0159638	4446
0.0159674	4447
0.015971	4448
0.0159746	4449
0.0159782	4450
0.0159819	4451
0.0159855	4452
0.0159891	4453
0.0159927	4454
0.0159963	4455
0.0159999	4456
0.0160035	4457
0.0160071	4458
0.0160107	4459
0.0160143	4460
0.0160179	4461
0.0160215	4462
0.0160251	4463
0.0160275	4464
0.0160299	4465
0.0160335	4466
0.0160359	4467
0.0160383	4468
0.0160564	4469
0.0160588	4470
0.0160612	4471
0.0160636	4472
0.0160708	4473
0.0160744	4474
0.016078	4475
0.0160816	4476
0.0160852	4477
0.0160876	4478
0.0160912	4479
0.0160936	4480
0.0160972	4481
0.0160984	4482
0.0161021	4483
0.0161033	4484
0.0161069	4485
0.0161081	4486
0.0161117	4487
0.0161153	4488
0.0161189	4489
0.0161225	4490
0.0161261	4491
0.0161297	4492
0.0161333	4493
0.0161369	4494
0.0161405	4495
0.0161441	4496
0.0161477	4497
0.0161513	4498
0.0161549	4499
0.0161585	4500
0.0161622	4502
0.0161658	4503
0.0161694	4504
0.016173	4505
0.0161766	4506
0.0161802	4507
0.0161838	4508
0.0161874	4509
0.016191	4510
0.0161946	4511
0.0161982	4512
0.0162018	4513
0.0162054	4514
0.016209	4515
0.0162126	4516
0.0162162	4517
0.0162199	4518
0.0162235	4519
0.0162271	4520
0.0162307	4521
0.0162343	4522
0.0162379	4523
0.0162415	4524
0.0162451	4525
0.0162487	4526
0.0162523	4527
0.0162559	4528
0.0162595	4529
0.0162631	4530
0.0162667	4531
0.0162703	4532
0.0162739	4533
0.0162775	4534
0.0162812	4535
0.0162848	4536
0.0162884	4537
0.016292	4538
0.0162956	4539
0.0162992	4540
0.0163028	4541
0.0163064	4542
0.01631	4543
0.0163136	4544
0.0163172	4545
0.0163208	4546
0.0163244	4547
0.016328	4548
0.0163316	4549
0.0163352	4550
0.0163388	4551
0.0163425	4552
0.0163461	4553
0.0163485	4554
0.0163509	4555
0.0163545	4556
0.0163569	4557
0.0163593	4558
0.0163773	4559
0.0163797	4560
0.0163821	4561
0.0163845	4562
0.0163917	4563
0.0163953	4564
0.0163989	4565
0.0164026	4566
0.0164062	4567
0.0164086	4568
0.0164122	4569
0.0164146	4570
0.0164182	4571
0.0164194	4572
0.016423	4573
0.0164242	4574
0.0164278	4575
0.016429	4576
0.0164326	4577
0.0164362	4578
0.0164398	4579
0.0164434	4580
0.016447	4581
0.0164506	4582
0.0164542	4583
0.0164578	4584
0.0164615	4585
0.0164651	4586
0.0164687	4587
0.0164723	4588
0.0164759	4589
0.0164795	4590
0.0164831	4591
0.0164867	4592
0.0164903	4593
0.0164939	4594
0.0164975	4595
0.0165011	4596
0.0165047	4597
0.0165083	4598
0.0165119	4599
0.0165155	4600
0.0165191	4601
0.0165228	4602
0.0165264	4603
0.01653	4604
0.0165336	4605
0.0165372	4606
0.0165408	4607
0.0165444	4608
0.016548	4609
0.0165516	4610
0.0165552	4611
0.0165588	4612
0.0165624	4613
0.016566	4614
0.0165696	4615
0.0165732	4616
0.0165768	4617
0.0165805	4618
0.0165841	4619
0.0165877	4620
0.0165913	4621
0.0165949	4622
0.0165985	4624
0.0166021	4625
0.0166057	4626
0.0166093	4627
0.0166129	4628
0.0166165	4629
0.0166201	4630
0.0166237	4631
0.0166273	4632
0.0166309	4633
0.0166345	4634
0.0166381	4635
0.0166418	4636
0.0166454	4637
0.016649	4638
0.0166526	4639
0.0166562	4640
0.0166598	4641
0.0166634	4642
0.016667	4643
0.0166694	4644
0.0166718	4645
0.0166754	4646
0.0166778	4647
0.0166802	4648
0.0166982	4649
0.0167007	4650
0.0167031	4651
0.0167055	4652
0.0167127	4653
0.0167163	4654
0.0167199	4655
0.0167235	4656
0.0167271	4657
0.0167295	4658
0.0167331	4659
0.0167355	4660
0.0167391	4661
0.0167403	4662
0.0167439	4663
0.0167451	4664
0.0167487	4665
0.0167499	4666
0.0167535	4667
0.0167571	4668
0.0167608	4669
0.0167644	4670
0.016768	4671
0.0167716	4672
0.0167752	4673
0.0167788	4674
0.0167824	4675
0.016786	4676
0.0167896	4677
0.0167932	4678
0.0167968	4679
0.0168004	4680
0.016804	4681
0.0168076	4682
0.0168112	4683
0.0168148	4684
0.0168184	4685
0.0168221	4686
0.0168257	4687
0.0168293	4688
0.0168329	4689
0.0168365	4690
0.0168401	4691
0.0168437	4692
0.0168473	4693
0.0168509	4694
0.0168545	4695
0.0168581	4696
0.0168617	4697
0.0168653	4698
0.0168689	4699
0.0168725	4700
0.0168761	4701
0.0168797	4702
0.0168834	4703
0.016887	4704
0.0168906	4705
0.0168942	4706
0.0168978	4707
0.0169014	4708
0.016905	4709
0.0169086	4710
0.0169122	4711
0.0169158	4712
0.0169194	4713
0.016923	4714
0.0169266	4715
0.0169302	4716
0.0169338	4717
0.0169374	4718
0.0169411	4719
0.0169447	4720
0.0169483	4721
0.0169519	4722
0.0169555	4723
0.0169591	4724
0.0169627	4725
0.0169663	4726
0.0169699	4727
0.0169735	4728
0.0169771	4729
0.0169807	4730
0.0169843	4731
0.0169879	4732
0.0169903	4733
0.0169927	4734
0.0169963	4735
0.0169987	4736
0.0170012	4737
0.0170192	4738
0.0170216	4739
0.017024	4740
0.0170264	4741
0.0170336	4742
0.0170372	4743
0.0170408	4745
0.0170444	4746
0.017048	4747
0.0170504	4748
0.017054	4749
0.0170564	4750
0.01706	4751
0.0170613	4752
0.0170649	4753
0.0170661	4754
0.0170697	4755
0.0170709	4756
0.0170745	4757
0.0170781	4758
0.0170817	4759
0.0170853	4760
0.0170889	4761
0.0170925	4762
0.0170961	4763
0.0170997	4764
0.0171033	4765
0.0171069	4766
0.0171105	4767
0.0171141	4768
0.0171177	4769
0.0171214	4770
0.017125	4771
0.0171286	4772
0.0171322	4773
0.0171358	4774
0.0171394	4775
0.017143	4776
0.0171466	4777
0.0171502	4778
0.0171538	4779
0.0171574	4780
0.017161	4781
0.0171646	4782
0.0171682	4783
0.0171718	4784
0.0171754	4785
0.017179	4786
0.0171827	4787
0.0171863	4788
0.0171899	4789
0.0171935	4790
0.0171971	4791
0.0172007	4792
0.0172043	4793
0.0172079	4794
0.0172115	4795
0.0172151	4796
0.0172187	4797
0.0172223	4798
0.0172259	4799
0.0172295	4800
0.0172331	4801
0.0172367	4802
0.0172403	4803
0.017244	4804
0.0172476	4805
0.0172512	4806
0.0172548	4807
0.0172584	4808
0.017262	4809
0.0172656	4810
0.0172692	4811
0.0172728	4812
0.0172764	4813
0.01728	4814
0.0172836	4815
0.0172872	4816
0.0172908	4817
0.0172944	4818
0.017298	4819
0.0173017	4820
0.0173053	4821
0.0173089	4822
0.0173113	4823
0.0173137	4824
0.0173173	4825
0.0173197	4826
0.0173221	4827
0.0173401	4828
0.0173425	4829
0.0173449	4830
0.0173473	4831
0.0173545	4832
0.0173581	4833
0.0173618	4834
0.0173654	4835
0.017369	4836
0.0173714	4837
0.017375	4838
0.0173774	4839
0.017381	4840
0.0173822	4841
0.0173858	4842
0.017387	4843
0.0173906	4844
0.0173918	4845
0.0173954	4846
0.017399	4847
0.0174026	4848
0.0174062	4849
0.0174098	4850
0.0174134	4851
0.017417	4852
0.0174206	4853
0.0174243	4854
0.0174279	4855
0.0174315	4856
0.0174351	4857
0.0174387	4858
0.0174423	4859
0.0174459	4860
0.0174495	4861
0.0174531	4862
0.0174567	4863
0.0174603	4864
0.0174639	4865
0.0174675	4867
0.0174711	4868
0.0174747	4869
0.0174783	4870
0.017482	4871
0.0174856	4872
0.0174892	4873
0.0174928	4874
0.0174964	4875
0.0175	4876
0.0175036	4877
0.0175072	4878
0.0175108	4879
0.0175144	4880
0.017518	4881
0.0175216	4882
0.0175252	4883
0.0175288	4884
0.0175324	4885
0.017536	4886
0.0175396	4887
0.0175433	4888
0.0175469	4889
0.0175505	4890
0.0175541	4891
0.0175577	4892
0.0175613	4893
0.0175649	4894
0.0175685	4895
0.0175721	4896
0.0175757	4897
0.0175793	4898
0.0175829	4899
0.0175865	4900
0.0175901	4901
0.0175937	4902
0.0175973	4903
0.0176009	4904
0.0176046	4905
0.0176082	4906
0.0176118	4907
0.0176154	4908
0.017619	4909
0.0176226	4910
0.0176262	4911
0.0176298	4912
0.0176322	4913
0.0176346	4914
0.0176382	4915
0.0176406	4916
0.017643	4917
0.017661	4918
0.0176635	4919
0.0176659	4920
0.0176683	4921
0.0176755	4922
0.0176791	4923
0.0176827	4924
0.0176863	4925
0.0176899	4926
0.0176923	4927
0.0176959	4928
0.0176983	4929
0.0177019	4930
0.0177031	4931
0.0177067	4932
0.0177079	4933
0.0177115	4934
0.0177127	4935
0.0177163	4936
0.0177199	4937
0.0177236	4938
0.0177272	4939
0.0177308	4940
0.0177344	4941
0.017738	4942
0.0177416	4943
0.0177452	4944
0.0177488	4945
0.0177524	4946
0.017756	4947
0.0177596	4948
0.0177632	4949
0.0177668	4950
0.0177704	4951
0.017774	4952
0.0177776	4953
0.0177812	4954
0.0177849	4955
0.0177885	4956
0.0177921	4957
0.0177957	4958
0.0177993	4959
0.0178029	4960
0.0178065	4961
0.0178101	4962
0.0178137	4963
0.0178173	4964
0.0178209	4965
0.0178245	4966
0.0178281	4967
0.0178317	4968
0.0178353	4969
0.0178389	4970
0.0178426	4971
0.0178462	4972
0.0178498	4973
0.0178534	4974
0.017857	4975
0.0178606	4976
0.0178642	4977
0.0178678	4978
0.0178714	4979
0.017875	4980
0.0178786	4981
0.0178822	4982
0.0178858	4983
0.0178894	4984
0.017893	4985
0.0178966	4986
0.0179002	4987
0.0179039	4989
0.0179075	4990
0.0179111	4991
0.0179147	4992
0.0179183	4993
0.0179219	4994
0.0179255	4995
0.0179291	4996
0.0179327	4997
0.0179363	4998
0.0179399	4999
0.0179435	5000
0.0179471	5001
0.0179507	5002
0.0179531	5003
0.0179555	5004
0.0179591	5005
0.0179615	5006
0.017964	5007
0.017982	5008
0.0179844	5009
0.0179868	5010
0.0179892	5011
0.0179964	5012
0.018	5013
0.0180036	5014
0.0180072	5015
0.0180108	5016
0.0180132	5017
0.0180168	5018
0.0180192	5019
0.0180229	5020
0.0180241	5021
0.0180277	5022
0.0180289	5023
0.0180325	5024
0.0180337	5025
0.0180373	5026
0.0180409	5027
0.0180445	5028
0.0180481	5029
0.0180517	5030
0.0180553	5031
0.0180589	5032
0.0180625	5033
0.0180661	5034
0.0180697	5035
0.0180733	5036
0.0180769	5037
0.0180805	5038
0.0180842	5039
0.0180878	5040
0.0180914	5041
0.018095	5042
0.0180986	5043
0.0181022	5044
0.0181058	5045
0.0181094	5046
0.018113	5047
0.0181166	5048
0.0181202	5049
0.0181238	5050
0.0181274	5051
0.018131	5052
0.0181346	5053
0.0181382	5054
0.0181418	5055
0.0181455	5056
0.0181491	5057
0.0181527	5058
0.0181563	5059
0.0181599	5060
0.0181635	5061
0.0181671	5062
0.0181707	5063
0.0181743	5064
0.0181779	5065
0.0181815	5066
0.0181851	5067
0.0181887	5068
0.0181923	5069
0.0181959	5070
0.0181995	5071
0.0182032	5072
0.0182068	5073
0.0182104	5074
0.018214	5075
0.0182176	5076
0.0182212	5077
0.0182248	5078
0.0182284	5079
0.018232	5080
0.0182356	5081
0.0182392	5082
0.0182428	5083
0.0182464	5084
0.01825	5085
0.0182536	5086
0.0182572	5087
0.0182608	5088
0.0182645	5089
0.0182681	5090
0.0182717	5091
0.0182741	5092
0.0182765	5093
0.0182801	5094
0.0182825	5095
0.0182849	5096
0.0183029	5097
0.0183053	5098
0.0183077	5099
0.0183101	5100
0.0183173	5101
0.0183209	5102
0.0183246	5103
0.0183282	5104
0.0183318	5105
0.0183342	5106
0.0183378	5107
0.0183402	5108
0.0183438	5110
0.018345	5111
0.0183486	5112
0.0183498	5113
0.0183534	5114
0.0183546	5115
0.0183582	5116
0.0183618	5117
0.0183654	5118
0.018369	5119
0.0183726	5120
0.0183762	5121
0.0183798	5122
0.0183835	5123
0.0183871	5124
0.0183907	5125
0.0183943	5126
0.0183979	5127
0.0184015	5128
0.0184051	5129
0.0184087	5130
0.0184123	5131
0.0184159	5132
0.0184195	5133
0.0184231	5134
0.0184267	5135
0.0184303	5136
0.0184339	5137
0.0184375	5138
0.0184411	5139
0.0184448	5140
0.0184484	5141
0.018452	5142
0.0184556	5143
0.0184592	5144
0.0184628	5145
0.0184664	5146
0.01847	5147
0.0184736	5148
0.0184772	5149
0.0184808	5150
0.0184844	5151
0.018488	5152
0.0184916	5153
0.0184952	5154
0.0184988	5155
0.0185024	5156
0.0185061	5157
0.0185097	5158
0.0185133	5159
0.0185169	5160
0.0185205	5161
0.0185241	5162
0.0185277	5163
0.0185313	5164
0.0185349	5165
0.0185385	5166
0.0185421	5167
0.0185457	5168
0.0185493	5169
0.0185529	5170
0.0185565	5171
0.0185601	5172
0.0185638	5173
0.0185674	5174
0.018571	5175
0.0185746	5176
0.0185782	5177
0.0185818	5178
0.0185854	5179
0.018589	5180
0.0185926	5181
0.018595	5182
0.0185974	5183
0.018601	5184
0.0186034	5185
0.0186058	5186
0.0186239	5187
0.0186263	5188
0.0186287	5189
0.0186311	5190
0.0186383	5191
0.0186419	5192
0.0186455	5193
0.0186491	5194
0.0186527	5195
0.0186551	5196
0.0186587	5197
0.0186611	5198
0.0186647	5199
0.0186659	5200
0.0186695	5201
0.0186707	5202
0.0186743	5203
0.0186755	5204
0.0186791	5205
0.0186827	5206
0.0186864	5207
0.01869	5208
0.0186936	5209
0.0186972	5210
0.0187008	5211
0.0187044	5212
0.018708	5213
0.0187116	5214
0.0187152	5215
0.0187188	5216
0.0187224	5217
0.018726	5218
0.0187296	5219
0.0187332	5220
0.0187368	5221
0.0187404	5222
0.0187441	5223
0.0187477	5224
0.0187513	5225
0.0187549	5226
0.0187585	5227
0.0187621	5228
0.0187657	5229
0.0187693	5230
0.0187729	5232
0.0187765	5233
0.0187801	5234
0.0187837	5235
0.0187873	5236
0.0187909	5237
0.0187945	5238
0.0187981	5239
0.0188017	5240
0.0188054	5241
0.018809	5242
0.0188126	5243
0.0188162	5244
0.0188198	5245
0.0188234	5246
0.018827	5247
0.0188306	5248
0.0188342	5249
0.0188378	5250
0.0188414	5251
0.018845	5252
0.0188486	5253
0.0188522	5254
0.0188558	5255
0.0188594	5256
0.018863	5257
0.0188667	5258
0.0188703	5259
0.0188739	5260
0.0188775	5261
0.0188811	5262
0.0188847	5263
0.0188883	5264
0.0188919	5265
0.0188955	5266
0.0188991	5267
0.0189027	5268
0.0189063	5269
0.0189099	5270
0.0189135	5271
0.0189159	5272
0.0189183	5273
0.0189219	5274
0.0189244	5275
0.0189268	5276
0.0189448	5277
0.0189472	5278
0.0189496	5279
0.018952	5280
0.0189592	5281
0.0189628	5282
0.0189664	5283
0.01897	5284
0.0189736	5285
0.018976	5286
0.0189796	5287
0.018982	5288
0.0189857	5289
0.0189869	5290
0.0189905	5291
0.0189917	5292
0.0189953	5293
0.0189965	5294
0.0190001	5295
0.0190037	5296
0.0190073	5297
0.0190109	5298
0.0190145	5299
0.0190181	5300
0.0190217	5301
0.0190253	5302
0.0190289	5303
0.0190325	5304
0.0190361	5305
0.0190397	5306
0.0190433	5307
0.019047	5308
0.0190506	5309
0.0190542	5310
0.0190578	5311
0.0190614	5312
0.019065	5313
0.0190686	5314
0.0190722	5315
0.0190758	5316
0.0190794	5317
0.019083	5318
0.0190866	5319
0.0190902	5320
0.0190938	5321
0.0190974	5322
0.019101	5323
0.0191047	5324
0.0191083	5325
0.0191119	5326
0.0191155	5327
0.0191191	5328
0.0191227	5329
0.0191263	5330
0.0191299	5331
0.0191335	5332
0.0191371	5333
0.0191407	5334
0.0191443	5335
0.0191479	5336
0.0191515	5337
0.0191551	5338
0.0191587	5339
0.0191623	5340
0.019166	5341
0.0191696	5342
0.0191732	5343
0.0191768	5344
0.0191804	5345
0.019184	5346
0.0191876	5347
0.0191912	5348
0.0191948	5349
0.0191984	5350
0.019202	5351
0.0192056	5352
0.0192092	5354
0.0192128	5355
0.0192164	5356
0.01922	5357
0.0192236	5358
0.0192273	5359
0.0192309	5360
0.0192345	5361
0.0192369	5362
0.0192393	5363
0.0192429	5364
0.0192453	5365
0.0192477	5366
0.0192657	5367
0.0192681	5368
0.0192705	5369
0.0192729	5370
0.0192801	5371
0.0192837	5372
0.0192874	5373
0.019291	5374
0.0192946	5375
0.019297	5376
0.0193006	5377
0.019303	5378
0.0193066	5379
0.0193078	5380
0.0193114	5381
0.0193126	5382
0.0193162	5383
0.0193174	5384
0.019321	5385
0.0193246	5386
0.0193282	5387
0.0193318	5388
0.0193354	5389
0.019339	5390
0.0193426	5391
0.0193463	5392
0.0193499	5393
0.0193535	5394
0.0193571	5395
0.0193607	5396
0.0193643	5397
0.0193679	5398
0.0193715	5399
0.0193751	5400
0.0193787	5401
0.0193823	5402
0.0193859	5403
0.0193895	5404
0.0193931	5405
0.0193967	5406
0.0194003	5407
0.0194039	5408
0.0194076	5409
0.0194112	5410
0.0194148	5411
0.0194184	5412
0.019422	5413
0.0194256	5414
0.0194292	5415
0.0194328	5416
0.0194364	5417
0.01944	5418
0.0194436	5419
0.0194472	5420
0.0194508	5421
0.0194544	5422
0.019458	5423
0.0194616	5424
0.0194653	5425
0.0194689	5426
0.0194725	5427
0.0194761	5428
0.0194797	5429
0.0194833	5430
0.0194869	5431
0.0194905	5432
0.0194941	5433
0.0194977	5434
0.0195013	5435
0.0195049	5436
0.0195085	5437
0.0195121	5438
0.0195157	5439
0.0195193	5440
0.0195229	5441
0.0195266	5442
0.0195302	5443
0.0195338	5444
0.0195374	5445
0.019541	5446
0.0195446	5447
0.0195482	5448
0.0195518	5449
0.0195554	5450
0.0195578	5451
0.0195602	5452
0.0195638	5453
0.0195662	5454
0.0195686	5455
0.0195867	5456
0.0195891	5457
0.0195915	5458
0.0195939	5459
0.0196011	5460
0.0196047	5461
0.0196083	5462
0.0196119	5463
0.0196155	5464
0.0196179	5465
0.0196215	5466
0.0196239	5467
0.0196275	5468
0.0196287	5469
0.0196323	5470
0.0196335	5471
0.0196371	5472
0.0196383	5473
0.0196419	5475
0.0196456	5476
0.0196492	5477
0.0196528	5478
0.0196564	5479
0.01966	5480
0.0196636	5481
0.0196672	5482
0.0196708	5483
0.0196744	5484
0.019678	5485
0.0196816	5486
0.0196852	5487
0.0196888	5488
0.0196924	5489
0.019696	5490
0.0196996	5491
0.0197032	5492
0.0197069	5493
0.0197105	5494
0.0197141	5495
0.0197177	5496
0.0197213	5497
0.0197249	5498
0.0197285	5499
0.0197321	5500
0.0197357	5501
0.0197393	5502
0.0197429	5503
0.0197465	5504
0.0197501	5505
0.0197537	5506
0.0197573	5507
0.0197609	5508
0.0197645	5509
0.0197682	5510
0.0197718	5511
0.0197754	5512
0.019779	5513
0.0197826	5514
0.0197862	5515
0.0197898	5516
0.0197934	5517
0.019797	5518
0.0198006	5519
0.0198042	5520
0.0198078	5521
0.0198114	5522
0.019815	5523
0.0198186	5524
0.0198222	5525
0.0198259	5526
0.0198295	5527
0.0198331	5528
0.0198367	5529
0.0198403	5530
0.0198439	5531
0.0198475	5532
0.0198511	5533
0.0198547	5534
0.0198583	5535
0.0198619	5536
0.0198655	5537
0.0198691	5538
0.0198727	5539
0.0198763	5540
0.0198787	5541
0.0198811	5542
0.0198847	5543
0.0198872	5544
0.0198896	5545
0.0199076	5546
0.01991	5547
0.0199124	5548
0.0199148	5549
0.019922	5550
0.0199256	5551
0.0199292	5552
0.0199328	5553
0.0199364	5554
0.0199388	5555
0.0199424	5556
0.0199448	5557
0.0199485	5558
0.0199497	5559
0.0199533	5560
0.0199545	5561
0.0199581	5562
0.0199593	5563
0.0199629	5564
0.0199665	5565
0.0199701	5566
0.0199737	5567
0.0199773	5568
0.0199809	5569
0.0199845	5570
0.0199881	5571
0.0199917	5572
0.0199953	5573
0.0199989	5574
0.0200025	5575
0.0200062	5576
0.0200098	5577
0.0200134	5578
0.020017	5579
0.0200206	5580
0.0200242	5581
0.0200278	5582
0.0200314	5583
0.020035	5584
0.0200386	5585
0.0200422	5586
0.0200458	5587
0.0200494	5588
0.020053	5589
0.0200566	5590
0.0200602	5591
0.0200638	5592
0.0200675	5593
0.0200711	5594
0.0200747	5595
0.0200783	5597
0.0200819	5598
0.0200855	5599
0.0200891	5600
0.0200927	5601
0.0200963	5602
0.0200999	5603
0.0201035	5604
0.0201071	5605
0.0201107	5606
0.0201143	5607
0.0201179	5608
0.0201215	5609
0.0201251	5610
0.0201288	5611
0.0201324	5612
0.020136	5613
0.0201396	5614
0.0201432	5615
0.0201468	5616
0.0201504	5617
0.020154	5618
0.0201576	5619
0.0201612	5620
0.0201648	5621
0.0201684	5622
0.020172	5623
0.0201756	5624
0.0201792	5625
0.0201828	5626
0.0201865	5627
0.0201901	5628
0.0201937	5629
0.0201973	5630
0.0201997	5631
0.0202021	5632
0.0202057	5633
0.0202081	5634
0.0202105	5635
0.0202285	5636
0.0202309	5637
0.0202333	5638
0.0202357	5639
0.0202429	5640
0.0202466	5641
0.0202502	5642
0.0202538	5643
0.0202574	5644
0.0202598	5645
0.0202634	5646
0.0202658	5647
0.0202694	5648
0.0202706	5649
0.0202742	5650
0.0202754	5651
0.020279	5652
0.0202802	5653
0.0202838	5654
0.0202874	5655
0.020291	5656
0.0202946	5657
0.0202982	5658
0.0203018	5659
0.0203054	5660
0.0203091	5661
0.0203127	5662
0.0203163	5663
0.0203199	5664
0.0203235	5665
0.0203271	5666
0.0203307	5667
0.0203343	5668
0.0203379	5669
0.0203415	5670
0.0203451	5671
0.0203487	5672
0.0203523	5673
0.0203559	5674
0.0203595	5675
0.0203631	5676
0.0203668	5677
0.0203704	5678
0.020374	5679
0.0203776	5680
0.0203812	5681
0.0203848	5682
0.0203884	5683
0.020392	5684
0.0203956	5685
0.0203992	5686
0.0204028	5687
0.0204064	5688
0.02041	5689
0.0204136	5690
0.0204172	5691
0.0204208	5692
0.0204244	5693
0.0204281	5694
0.0204317	5695
0.0204353	5696
0.0204389	5697
0.0204425	5698
0.0204461	5699
0.0204497	5700
0.0204533	5701
0.0204569	5702
0.0204605	5703
0.0204641	5704
0.0204677	5705
0.0204713	5706
0.0204749	5707
0.0204785	5708
0.0204821	5709
0.0204857	5710
0.0204894	5711
0.020493	5712
0.0204966	5713
0.0205002	5714
0.0205038	5715
0.0205074	5716
0.020511	5717
0.0205146	5719
0.0205182	5720
0.0205206	5721
0.020523	5722
0.0205266	5723
0.020529	5724
0.0205314	5725
0.0205495	5726
0.0205519	5727
0.0205543	5728
0.0205567	5729
0.0205639	5730
0.0205675	5731
0.0205711	5732
0.0205747	5733
0.0205783	5734
0.0205807	5735
0.0205843	5736
0.0205867	5737
0.0205903	5738
0.0205915	5739
0.0205951	5740
0.0205963	5741
0.0205999	5742
0.0206011	5743
0.0206047	5744
0.0206084	5745
0.020612	5746
0.0206156	5747
0.0206192	5748
0.0206228	5749
0.0206264	5750
0.02063	5751
0.0206336	5752
0.0206372	5753
0.0206408	5754
0.0206444	5755
0.020648	5756
0.0206516	5757
0.0206552	5758
0.0206588	5759
0.0206624	5760
0.020666	5761
0.0206697	5762
0.0206733	5763
0.0206769	5764
0.0206805	5765
0.0206841	5766
0.0206877	5767
0.0206913	5768
0.0206949	5769
0.0206985	5770
0.0207021	5771
0.0207057	5772
0.0207093	5773
0.0207129	5774
0.0207165	5775
0.0207201	5776
0.0207237	5777
0.0207274	5778
0.020731	5779
0.0207346	5780
0.0207382	5781
0.0207418	5782
0.0207454	5783
0.020749	5784
0.0207526	5785
0.0207562	5786
0.0207598	5787
0.0207634	5788
0.020767	5789
0.0207706	5790
0.0207742	5791
0.0207778	5792
0.0207814	5793
0.020785	5794
0.0207887	5795
0.0207923	5796
0.0207959	5797
0.0207995	5798
0.0208031	5799
0.0208067	5800
0.0208103	5801
0.0208139	5802
0.0208175	5803
0.0208211	5804
0.0208247	5805
0.0208283	5806
0.0208319	5807
0.0208355	5808
0.0208391	5809
0.0208415	5810
0.0208439	5811
0.0208476	5812
0.02085	5813
0.0208524	5814
0.0208704	5815
0.0208728	5816
0.0208752	5817
0.0208776	5818
0.0208848	5819
0.0208884	5820
0.020892	5821
0.0208956	5822
0.0208992	5823
0.0209016	5824
0.0209052	5825
0.0209077	5826
0.0209113	5827
0.0209125	5828
0.0209161	5829
0.0209173	5830
0.0209209	5831
0.0209221	5832
0.0209257	5833
0.0209293	5834
0.0209329	5835
0.0209365	5836
0.0209401	5837
0.0209437	5838
0.0209473	5840
0.0209509	5841
0.0209545	5842
0.0209581	5843
0.0209617	5844
0.0209653	5845
0.020969	5846
0.0209726	5847
0.0209762	5848
0.0209798	5849
0.0209834	5850
0.020987	5851
0.0209906	5852
0.0209942	5853
0.0209978	5854
0.0210014	5855
0.021005	5856
0.0210086	5857
0.0210122	5858
0.0210158	5859
0.0210194	5860
0.021023	5861
0.0210266	5862
0.0210303	5863
0.0210339	5864
0.0210375	5865
0.0210411	5866
0.0210447	5867
0.0210483	5868
0.0210519	5869
0.0210555	5870
0.0210591	5871
0.0210627	5872
0.0210663	5873
0.0210699	5874
0.0210735	5875
0.0210771	5876
0.0210807	5877
0.0210843	5878
0.021088	5879
0.0210916	5880
0.0210952	5881
0.0210988	5882
0.0211024	5883
0.021106	5884
0.0211096	5885
0.0211132	5886
0.0211168	5887
0.0211204	5888
0.021124	5889
0.0211276	5890
0.0211312	5891
0.0211348	5892
0.0211384	5893
0.021142	5894
0.0211456	5895
0.0211493	5896
0.0211529	5897
0.0211565	5898
0.0211601	5899
0.0211625	5900
0.0211649	5901
0.0211685	5902
0.0211709	5903
0.0211733	5904
0.0211913	5905
0.0211937	5906
0.0211961	5907
0.0211985	5908
0.0212057	5909
0.0212094	5910
0.021213	5911
0.0212166	5912
0.0212202	5913
0.0212226	5914
0.0212262	5915
0.0212286	5916
0.0212322	5917
0.0212334	5918
0.021237	5919
0.0212382	5920
0.0212418	5921
0.021243	5922
0.0212466	5923
0.0212502	5924
0.0212538	5925
0.0212574	5926
0.021261	5927
0.0212646	5928
0.0212683	5929
0.0212719	5930
0.0212755	5931
0.0212791	5932
0.0212827	5933
0.0212863	5934
0.0212899	5935
0.0212935	5936
0.0212971	5937
0.0213007	5938
0.0213043	5939
0.0213079	5940
0.0213115	5941
0.0213151	5942
0.0213187	5943
0.0213223	5944
0.0213259	5945
0.0213296	5946
0.0213332	5947
0.0213368	5948
0.0213404	5949
0.021344	5950
0.0213476	5951
0.0213512	5952
0.0213548	5953
0.0213584	5954
0.021362	5955
0.0213656	5956
0.0213692	5957
0.0213728	5958
0.0213764	5959
0.02138	5960
0.0213836	5962
0.0213872	5963
0.0213909	5964
0.0213945	5965
0.0213981	5966
0.0214017	5967
0.0214053	5968
0.0214089	5969
0.0214125	5970
0.0214161	5971
0.0214197	5972
0.0214233	5973
0.0214269	5974
0.0214305	5975
0.0214341	5976
0.0214377	5977
0.0214413	5978
0.0214449	5979
0.0214486	5980
0.0214522	5981
0.0214558	5982
0.0214594	5983
0.021463	5984
0.0214666	5985
0.0214702	5986
0.0214738	5987
0.0214774	5988
0.021481	5989
0.0214834	5990
0.0214858	5991
0.0214894	5992
0.0214918	5993
0.0214942	5994
0.0215123	5995
0.0215147	5996
0.0215171	5997
0.0215195	5998
0.0215267	5999
0.0215303	6000
0.0215339	6001
0.0215375	6002
0.0215411	6003
0.0215435	6004
0.0215471	6005
0.0215495	6006
0.0215531	6007
0.0215543	6008
0.0215579	6009
0.0215591	6010
0.0215627	6011
0.0215639	6012
0.0215675	6013
0.0215712	6014
0.0215748	6015
0.0215784	6016
0.021582	6017
0.0215856	6018
0.0215892	6019
0.0215928	6020
0.0215964	6021
0.0216	6022
0.0216036	6023
0.0216072	6024
0.0216108	6025
0.0216144	6026
0.021618	6027
0.0216216	6028
0.0216252	6029
0.0216289	6030
0.0216325	6031
0.0216361	6032
0.0216397	6033
0.0216433	6034
0.0216469	6035
0.0216505	6036
0.0216541	6037
0.0216577	6038
0.0216613	6039
0.0216649	6040
0.0216685	6041
0.0216721	6042
0.0216757	6043
0.0216793	6044
0.0216829	6045
0.0216865	6046
0.0216902	6047
0.0216938	6048
0.0216974	6049
0.021701	6050
0.0217046	6051
0.0217082	6052
0.0217118	6053
0.0217154	6054
0.021719	6055
0.0217226	6056
0.0217262	6057
0.0217298	6058
0.0217334	6059
0.021737	6060
0.0217406	6061
0.0217442	6062
0.0217478	6063
0.0217515	6064
0.0217551	6065
0.0217587	6066
0.0217623	6067
0.0217659	6068
0.0217695	6069
0.0217731	6070
0.0217767	6071
0.0217803	6072
0.0217839	6073
0.0217875	6074
0.0217911	6075
0.0217947	6076
0.0217983	6077
0.0218019	6078
0.0218043	6079
0.0218067	6080
0.0218104	6081
0.0218128	6082
0.0218152	6084
0.0218332	6085
0.0218356	6086
0.021838	6087
0.0218404	6088
0.0218476	6089
0.0218512	6090
0.0218548	6091
0.0218584	6092
0.021862	6093
0.0218644	6094
0.021868	6095
0.0218705	6096
0.0218741	6097
0.0218753	6098
0.0218789	6099
0.0218801	6100
0.0218837	6101
0.0218849	6102
0.0218885	6103
0.0218921	6104
0.0218957	6105
0.0218993	6106
0.0219029	6107
0.0219065	6108
0.0219101	6109
0.0219137	6110
0.0219173	6111
0.0219209	6112
0.0219245	6113
0.0219281	6114
0.0219318	6115
0.0219354	6116
0.021939	6117
0.0219426	6118
0.0219462	6119
0.0219498	6120
0.0219534	6121
0.021957	6122
0.0219606	6123
0.0219642	6124
0.0219678	6125
0.0219714	6126
0.021975	6127
0.0219786	6128
0.0219822	6129
0.0219858	6130
0.0219895	6131
0.0219931	6132
0.0219967	6133
0.0220003	6134
0.0220039	6135
0.0220075	6136
0.0220111	6137
0.0220147	6138
0.0220183	6139
0.0220219	6140
0.0220255	6141
0.0220291	6142
0.0220327	6143
0.0220363	6144
0.0220399	6145
0.0220435	6146
0.0220471	6147
0.0220508	6148
0.0220544	6149
0.022058	6150
0.0220616	6151
0.0220652	6152
0.0220688	6153
0.0220724	6154
0.022076	6155
0.0220796	6156
0.0220832	6157
0.0220868	6158
0.0220904	6159
0.022094	6160
0.0220976	6161
0.0221012	6162
0.0221048	6163
0.0221084	6164
0.0221121	6165
0.0221157	6166
0.0221193	6167
0.0221229	6168
0.0221253	6169
0.0221277	6170
0.0221313	6171
0.0221337	6172
0.0221361	6173
0.0221541	6174
0.0221565	6175
0.0221589	6176
0.0221613	6177
0.0221685	6178
0.0221722	6179
0.0221758	6180
0.0221794	6181
0.022183	6182
0.0221854	6183
0.022189	6184
0.0221914	6185
0.022195	6186
0.0221962	6187
0.0221998	6188
0.022201	6189
0.0222046	6190
0.0222058	6191
0.0222094	6192
0.022213	6193
0.0222166	6194
0.0222202	6195
0.0222238	6196
0.0222274	6197
0.0222311	6198
0.0222347	6199
0.0222383	6200
0.0222419	6201
0.0222455	6202
0.0222491	6203
0.0222527	6205
0.0222563	6206
0.0222599	6207
0.0222635	6208
0.0222671	6209
0.0222707	6210
0.0222743	6211
0.0222779	6212
0.0222815	6213
0.0222851	6214
0.0222887	6215
0.0222924	6216
0.022296	6217
0.0222996	6218
0.0223032	6219
0.0223068	6220
0.0223104	6221
0.022314	6222
0.0223176	6223
0.0223212	6224
0.0223248	6225
0.0223284	6226
0.022332	6227
0.0223356	6228
0.0223392	6229
0.0223428	6230
0.0223464	6231
0.0223501	6232
0.0223537	6233
0.0223573	6234
0.0223609	6235
0.0223645	6236
0.0223681	6237
0.0223717	6238
0.0223753	6239
0.0223789	6240
0.0223825	6241
0.0223861	6242
0.0223897	6243
0.0223933	6244
0.0223969	6245
0.0224005	6246
0.0224041	6247
0.0224077	6248
0.0224114	6249
0.022415	6250
0.0224186	6251
0.0224222	6252
0.0224258	6253
0.0224294	6254
0.022433	6255
0.0224366	6256
0.0224402	6257
0.0224438	6258
0.0224462	6259
0.0224486	6260
0.0224522	6261
0.0224546	6262
0.022457	6263
0.0224751	6264
0.0224775	6265
0.0224799	6266
0.0224823	6267
0.0224895	6268
0.0224931	6269
0.0224967	6270
0.0225003	6271
0.0225039	6272
0.0225063	6273
0.0225099	6274
0.0225123	6275
0.0225159	6276
0.0225171	6277
0.0225207	6278
0.0225219	6279
0.0225255	6280
0.0225267	6281
0.0225304	6282
0.022534	6283
0.0225376	6284
0.0225412	6285
0.0225448	6286
0.0225484	6287
0.022552	6288
0.0225556	6289
0.0225592	6290
0.0225628	6291
0.0225664	6292
0.02257	6293
0.0225736	6294
0.0225772	6295
0.0225808	6296
0.0225844	6297
0.022588	6298
0.0225917	6299
0.0225953	6300
0.0225989	6301
0.0226025	6302
0.0226061	6303
0.0226097	6304
0.0226133	6305
0.0226169	6306
0.0226205	6307
0.0226241	6308
0.0226277	6309
0.0226313	6310
0.0226349	6311
0.0226385	6312
0.0226421	6313
0.0226457	6314
0.0226493	6315
0.022653	6316
0.0226566	6317
0.0226602	6318
0.0226638	6319
0.0226674	6320
0.022671	6321
0.0226746	6322
0.0226782	6323
0.0226818	6324
0.0226854	6325
0.022689	6327
0.0226926	6328
0.0226962	6329
0.0226998	6330
0.0227034	6331
0.022707	6332
0.0227107	6333
0.0227143	6334
0.0227179	6335
0.0227215	6336
0.0227251	6337
0.0227287	6338
0.0227323	6339
0.0227359	6340
0.0227395	6341
0.0227431	6342
0.0227467	6343
0.0227503	6344
0.0227539	6345
0.0227575	6346
0.0227611	6347
0.0227647	6348
0.0227671	6349
0.0227695	6350
0.0227732	6351
0.0227756	6352
0.022778	6353
0.022796	6354
0.0227984	6355
0.0228008	6356
0.0228032	6357
0.0228104	6358
0.022814	6359
0.0228176	6360
0.0228212	6361
0.0228248	6362
0.0228272	6363
0.0228309	6364
0.0228333	6365
0.0228369	6366
0.0228381	6367
0.0228417	6368
0.0228429	6369
0.0228465	6370
0.0228477	6371
0.0228513	6372
0.0228549	6373
0.0228585	6374
0.0228621	6375
0.0228657	6376
0.0228693	6377
0.0228729	6378
0.0228765	6379
0.0228801	6380
0.0228837	6381
0.0228873	6382
0.022891	6383
0.0228946	6384
0.0228982	6385
0.0229018	6386
0.0229054	6387
0.022909	6388
0.0229126	6389
0.0229162	6390
0.0229198	6391
0.0229234	6392
0.022927	6393
0.0229306	6394
0.0229342	6395
0.0229378	6396
0.0229414	6397
0.022945	6398
0.0229486	6399
0.0229523	6400
0.0229559	6401
0.0229595	6402
0.0229631	6403
0.0229667	6404
0.0229703	6405
0.0229739	6406
0.0229775	6407
0.0229811	6408
0.0229847	6409
0.0229883	6410
0.0229919	6411
0.0229955	6412
0.0229991	6413
0.0230027	6414
0.0230063	6415
0.0230099	6416
0.0230136	6417
0.0230172	6418
0.0230208	6419
0.0230244	6420
0.023028	6421
0.0230316	6422
0.0230352	6423
0.0230388	6424
0.0230424	6425
0.023046	6426
0.0230496	6427
0.0230532	6428
0.0230568	6429
0.0230604	6430
0.023064	6431
0.0230676	6432
0.0230713	6433
0.0230749	6434
0.0230785	6435
0.0230821	6436
0.0230857	6437
0.0230881	6438
0.0230905	6439
0.0230941	6440
0.0230965	6441
0.0230989	6442
0.0231169	6443
0.0231193	6444
0.0231217	6445
0.0231241	6446
0.0231314	6447
0.023135	6449
0.0231386	6450
0.0231422	6451
0.0231458	6452
0.0231482	6453
0.0231518	6454
0.0231542	6455
0.0231578	6456
0.023159	6457
0.0231626	6458
0.0231638	6459
0.0231674	6460
0.0231686	6461
0.0231722	6462
0.0231758	6463
0.0231794	6464
0.023183	6465
0.0231866	6466
0.0231902	6467
0.0231939	6468
0.0231975	6469
0.0232011	6470
0.0232047	6471
0.0232083	6472
0.0232119	6473
0.0232155	6474
0.0232191	6475
0.0232227	6476
0.0232263	6477
0.0232299	6478
0.0232335	6479
0.0232371	6480
0.0232407	6481
0.0232443	6482
0.0232479	6483
0.0232516	6484
0.0232552	6485
0.0232588	6486
0.0232624	6487
0.023266	6488
0.0232696	6489
0.0232732	6490
0.0232768	6491
0.0232804	6492
0.023284	6493
0.0232876	6494
0.0232912	6495
0.0232948	6496
0.0232984	6497
0.023302	6498
0.0233056	6499
0.0233092	6500
0.0233129	6501
0.0233165	6502
0.0233201	6503
0.0233237	6504
0.0233273	6505
0.0233309	6506
0.0233345	6507
0.0233381	6508
0.0233417	6509
0.0233453	6510
0.0233489	6511
0.0233525	6512
0.0233561	6513
0.0233597	6514
0.0233633	6515
0.0233669	6516
0.0233705	6517
0.0233742	6518
0.0233778	6519
0.0233814	6520
0.023385	6521
0.0233886	6522
0.0233922	6523
0.0233958	6524
0.0233994	6525
0.023403	6526
0.0234066	6527
0.023409	6528
0.0234114	6529
0.023415	6530
0.0234174	6531
0.0234198	6532
0.0234379	6533
0.0234403	6534
0.0234427	6535
0.0234451	6536
0.0234523	6537
0.0234559	6538
0.0234595	6539
0.0234631	6540
0.0234667	6541
0.0234691	6542
0.0234727	6543
0.0234751	6544
0.0234787	6545
0.0234799	6546
0.0234835	6547
0.0234847	6548
0.0234883	6549
0.0234895	6550
0.0234932	6551
0.0234968	6552
0.0235004	6553
0.023504	6554
0.0235076	6555
0.0235112	6556
0.0235148	6557
0.0235184	6558
0.023522	6559
0.0235256	6560
0.0235292	6561
0.0235328	6562
0.0235364	6563
0.02354	6564
0.0235436	6565
0.0235472	6566
0.0235508	6567
0.0235545	6568
0.0235581	6570
0.0235617	6571
0.0235653	6572
0.0235689	6573
0.0235725	6574
0.0235761	6575
0.0235797	6576
0.0235833	6577
0.0235869	6578
0.0235905	6579
0.0235941	6580
0.0235977	6581
0.0236013	6582
0.0236049	6583
0.0236085	6584
0.0236122	6585
0.0236158	6586
0.0236194	6587
0.023623	6588
0.0236266	6589
0.0236302	6590
0.0236338	6591
0.0236374	6592
0.023641	6593
0.0236446	6594
0.0236482	6595
0.0236518	6596
0.0236554	6597
0.023659	6598
0.0236626	6599
0.0236662	6600
0.0236698	6601
0.0236735	6602
0.0236771	6603
0.0236807	6604
0.0236843	6605
0.0236879	6606
0.0236915	6607
0.0236951	6608
0.0236987	6609
0.0237023	6610
0.0237059	6611
0.0237095	6612
0.0237131	6613
0.0237167	6614
0.0237203	6615
0.0237239	6616
0.0237275	6617
0.0237299	6618
0.0237324	6619
0.023736	6620
0.0237384	6621
0.0237408	6622
0.0237588	6623
0.0237612	6624
0.0237636	6625
0.023766	6626
0.0237732	6627
0.0237768	6628
0.0237804	6629
0.023784	6630
0.0237876	6631
0.02379	6632
0.0237937	6633
0.0237961	6634
0.0237997	6635
0.0238009	6636
0.0238045	6637
0.0238057	6638
0.0238093	6639
0.0238105	6640
0.0238141	6641
0.0238177	6642
0.0238213	6643
0.0238249	6644
0.0238285	6645
0.0238321	6646
0.0238357	6647
0.0238393	6648
0.0238429	6649
0.0238465	6650
0.0238501	6651
0.0238538	6652
0.0238574	6653
0.023861	6654
0.0238646	6655
0.0238682	6656
0.0238718	6657
0.0238754	6658
0.023879	6659
0.0238826	6660
0.0238862	6661
0.0238898	6662
0.0238934	6663
0.023897	6664
0.0239006	6665
0.0239042	6666
0.0239078	6667
0.0239114	6668
0.0239151	6669
0.0239187	6670
0.0239223	6671
0.0239259	6672
0.0239295	6673
0.0239331	6674
0.0239367	6675
0.0239403	6676
0.0239439	6677
0.0239475	6678
0.0239511	6679
0.0239547	6680
0.0239583	6681
0.0239619	6682
0.0239655	6683
0.0239691	6684
0.0239728	6685
0.0239764	6686
0.02398	6687
0.0239836	6688
0.0239872	6689
0.0239908	6690
0.0239944	6692
0.023998	6693
0.0240016	6694
0.0240052	6695
0.0240088	6696
0.0240124	6697
0.024016	6698
0.0240196	6699
0.0240232	6700
0.0240268	6701
0.0240304	6702
0.0240341	6703
0.0240377	6704
0.0240413	6705
0.0240449	6706
0.0240485	6707
0.0240509	6708
0.0240533	6709
0.0240569	6710
0.0240593	6711
0.0240617	6712
0.0240797	6713
0.0240821	6714
0.0240845	6715
0.0240869	6716
0.0240942	6717
0.0240978	6718
0.0241014	6719
0.024105	6720
0.0241086	6721
0.024111	6722
0.0241146	6723
0.024117	6724
0.0241206	6725
0.0241218	6726
0.0241254	6727
0.0241266	6728
0.0241302	6729
0.0241314	6730
0.024135	6731
0.0241386	6732
0.0241422	6733
0.0241458	6734
0.0241494	6735
0.0241531	6736
0.0241567	6737
0.0241603	6738
0.0241639	6739
0.0241675	6740
0.0241711	6741
0.0241747	6742
0.0241783	6743
0.0241819	6744
0.0241855	6745
0.0241891	6746
0.0241927	6747
0.0241963	6748
0.0241999	6749
0.0242035	6750
0.0242071	6751
0.0242107	6752
0.0242144	6753
0.024218	6754
0.0242216	6755
0.0242252	6756
0.0242288	6757
0.0242324	6758
0.024236	6759
0.0242396	6760
0.0242432	6761
0.0242468	6762
0.0242504	6763
0.024254	6764
0.0242576	6765
0.0242612	6766
0.0242648	6767
0.0242684	6768
0.024272	6769
0.0242757	6770
0.0242793	6771
0.0242829	6772
0.0242865	6773
0.0242901	6774
0.0242937	6775
0.0242973	6776
0.0243009	6777
0.0243045	6778
0.0243081	6779
0.0243117	6780
0.0243153	6781
0.0243189	6782
0.0243225	6783
0.0243261	6784
0.0243297	6785
0.0243334	6786
0.024337	6787
0.0243406	6788
0.0243442	6789
0.0243478	6790
0.0243514	6791
0.024355	6792
0.0243586	6793
0.0243622	6794
0.0243658	6795
0.0243694	6796
0.0243718	6797
0.0243742	6798
0.0243778	6799
0.0243802	6800
0.0243826	6801
0.0244007	6802
0.0244031	6803
0.0244055	6804
0.0244079	6805
0.0244151	6806
0.0244187	6807
0.0244223	6808
0.0244259	6809
0.0244295	6810
0.0244319	6811
0.0244355	6812
0.0244379	6814
0.0244415	6815
0.0244427	6816
0.0244463	6817
0.0244475	6818
0.0244511	6819
0.0244523	6820
0.024456	6821
0.0244596	6822
0.0244632	6823
0.0244668	6824
0.0244704	6825
0.024474	6826
0.0244776	6827
0.0244812	6828
0.0244848	6829
0.0244884	6830
0.024492	6831
0.0244956	6832
0.0244992	6833
0.0245028	6834
0.0245064	6835
0.02451	6836
0.0245137	6837
0.0245173	6838
0.0245209	6839
0.0245245	6840
0.0245281	6841
0.0245317	6842
0.0245353	6843
0.0245389	6844
0.0245425	6845
0.0245461	6846
0.0245497	6847
0.0245533	6848
0.0245569	6849
0.0245605	6850
0.0245641	6851
0.0245677	6852
0.0245713	6853
0.024575	6854
0.0245786	6855
0.0245822	6856
0.0245858	6857
0.0245894	6858
0.024593	6859
0.0245966	6860
0.0246002	6861
0.0246038	6862
0.0246074	6863
0.024611	6864
0.0246146	6865
0.0246182	6866
0.0246218	6867
0.0246254	6868
0.024629	6869
0.0246326	6870
0.0246363	6871
0.0246399	6872
0.0246435	6873
0.0246471	6874
0.0246507	6875
0.0246543	6876
0.0246579	6877
0.0246615	6878
0.0246651	6879
0.0246687	6880
0.0246723	6881
0.0246759	6882
0.0246795	6883
0.0246831	6884
0.0246867	6885
0.0246903	6886
0.0246927	6887
0.0246952	6888
0.0246988	6889
0.0247012	6890
0.0247036	6891
0.0247216	6892
0.024724	6893
0.0247264	6894
0.0247288	6895
0.024736	6896
0.0247396	6897
0.0247432	6898
0.0247468	6899
0.0247504	6900
0.0247528	6901
0.0247565	6902
0.0247589	6903
0.0247625	6904
0.0247637	6905
0.0247673	6906
0.0247685	6907
0.0247721	6908
0.0247733	6909
0.0247769	6910
0.0247805	6911
0.0247841	6912
0.0247877	6913
0.0247913	6914
0.0247949	6915
0.0247985	6916
0.0248021	6917
0.0248057	6918
0.0248093	6919
0.0248129	6920
0.0248166	6921
0.0248202	6922
0.0248238	6923
0.0248274	6924
0.024831	6925
0.0248346	6926
0.0248382	6927
0.0248418	6928
0.0248454	6929
0.024849	6930
0.0248526	6931
0.0248562	6932
0.0248598	6933
0.0248634	6935
0.024867	6936
0.0248706	6937
0.0248743	6938
0.0248779	6939
0.0248815	6940
0.0248851	6941
0.0248887	6942
0.0248923	6943
0.0248959	6944
0.0248995	6945
0.0249031	6946
0.0249067	6947
0.0249103	6948
0.0249139	6949
0.0249175	6950
0.0249211	6951
0.0249247	6952
0.0249283	6953
0.0249319	6954
0.0249356	6955
0.0249392	6956
0.0249428	6957
0.0249464	6958
0.02495	6959
0.0249536	6960
0.0249572	6961
0.0249608	6962
0.0249644	6963
0.024968	6964
0.0249716	6965
0.0249752	6966
0.0249788	6967
0.0249824	6968
0.024986	6969
0.0249896	6970
0.0249932	6971
0.0249969	6972
0.0250005	6973
0.0250041	6974
0.0250077	6975
0.0250113	6976
0.0250137	6977
0.0250161	6978
0.0250197	6979
0.0250221	6980
0.0250245	6981
0.0250425	6982
0.0250449	6983
0.0250473	6984
0.0250497	6985
0.025057	6986
0.0250606	6987
0.0250642	6988
0.0250678	6989
0.0250714	6990
0.0250738	6991
0.0250774	6992
0.0250798	6993
0.0250834	6994
0.0250846	6995
0.0250882	6996
0.0250894	6997
0.025093	6998
0.0250942	6999
0.0250978	7000
0.0251014	7001
0.025105	7002
0.0251086	7003
0.0251122	7004
0.0251159	7005
0.0251195	7006
0.0251231	7007
0.0251267	7008
0.0251303	7009
0.0251339	7010
0.0251375	7011
0.0251411	7012
0.0251447	7013
0.0251483	7014
0.0251519	7015
0.0251555	7016
0.0251591	7017
0.0251627	7018
0.0251663	7019
0.0251699	7020
0.0251735	7021
0.0251772	7022
0.0251808	7023
0.0251844	7024
0.025188	7025
0.0251916	7026
0.0251952	7027
0.0251988	7028
0.0252024	7029
0.025206	7030
0.0252096	7031
0.0252132	7032
0.0252168	7033
0.0252204	7034
0.025224	7035
0.0252276	7036
0.0252312	7037
0.0252349	7038
0.0252385	7039
0.0252421	7040
0.0252457	7041
0.0252493	7042
0.0252529	7043
0.0252565	7044
0.0252601	7045
0.0252637	7046
0.0252673	7047
0.0252709	7048
0.0252745	7049
0.0252781	7050
0.0252817	7051
0.0252853	7052
0.0252889	7053
0.0252925	7054
0.0252962	7055
0.0252998	7057
0.0253034	7058
0.025307	7059
0.0253106	7060
0.0253142	7061
0.0253178	7062
0.0253214	7063
0.025325	7064
0.0253286	7065
0.0253322	7066
0.0253346	7067
0.025337	7068
0.0253406	7069
0.025343	7070
0.0253454	7071
0.0253635	7072
0.0253659	7073
0.0253683	7074
0.0253707	7075
0.0253779	7076
0.0253815	7077
0.0253851	7078
0.0253887	7079
0.0253923	7080
0.0253947	7081
0.0253983	7082
0.0254007	7083
0.0254043	7084
0.0254055	7085
0.0254091	7086
0.0254103	7087
0.0254139	7088
0.0254152	7089
0.0254188	7090
0.0254224	7091
0.025426	7092
0.0254296	7093
0.0254332	7094
0.0254368	7095
0.0254404	7096
0.025444	7097
0.0254476	7098
0.0254512	7099
0.0254548	7100
0.0254584	7101
0.025462	7102
0.0254656	7103
0.0254692	7104
0.0254728	7105
0.0254765	7106
0.0254801	7107
0.0254837	7108
0.0254873	7109
0.0254909	7110
0.0254945	7111
0.0254981	7112
0.0255017	7113
0.0255053	7114
0.0255089	7115
0.0255125	7116
0.0255161	7117
0.0255197	7118
0.0255233	7119
0.0255269	7120
0.0255305	7121
0.0255341	7122
0.0255378	7123
0.0255414	7124
0.025545	7125
0.0255486	7126
0.0255522	7127
0.0255558	7128
0.0255594	7129
0.025563	7130
0.0255666	7131
0.0255702	7132
0.0255738	7133
0.0255774	7134
0.025581	7135
0.0255846	7136
0.0255882	7137
0.0255918	7138
0.0255955	7139
0.0255991	7140
0.0256027	7141
0.0256063	7142
0.0256099	7143
0.0256135	7144
0.0256171	7145
0.0256207	7146
0.0256243	7147
0.0256279	7148
0.0256315	7149
0.0256351	7150
0.0256387	7151
0.0256423	7152
0.0256459	7153
0.0256495	7154
0.0256531	7155
0.0256556	7156
0.025658	7157
0.0256616	7158
0.025664	7159
0.0256664	7160
0.0256844	7161
0.0256868	7162
0.0256892	7163
0.0256916	7164
0.0256988	7165
0.0257024	7166
0.025706	7167
0.0257096	7168
0.0257132	7169
0.0257157	7170
0.0257193	7171
0.0257217	7172
0.0257253	7173
0.0257265	7174
0.0257301	7175
0.0257313	7176
0.0257349	7177
0.0257361	7179
0.0257397	7180
0.0257433	7181
0.0257469	7182
0.0257505	7183
0.0257541	7184
0.0257577	7185
0.0257613	7186
0.0257649	7187
0.0257685	7188
0.0257721	7189
0.0257758	7190
0.0257794	7191
0.025783	7192
0.0257866	7193
0.0257902	7194
0.0257938	7195
0.0257974	7196
0.025801	7197
0.0258046	7198
0.0258082	7199
0.0258118	7200
0.0258154	7201
0.025819	7202
0.0258226	7203
0.0258262	7204
0.0258298	7205
0.0258334	7206
0.0258371	7207
0.0258407	7208
0.0258443	7209
0.0258479	7210
0.0258515	7211
0.0258551	7212
0.0258587	7213
0.0258623	7214
0.0258659	7215
0.0258695	7216
0.0258731	7217
0.0258767	7218
0.0258803	7219
0.0258839	7220
0.0258875	7221
0.0258911	7222
0.0258947	7223
0.0258984	7224
0.025902	7225
0.0259056	7226
0.0259092	7227
0.0259128	7228
0.0259164	7229
0.02592	7230
0.0259236	7231
0.0259272	7232
0.0259308	7233
0.0259344	7234
0.025938	7235
0.0259416	7236
0.0259452	7237
0.0259488	7238
0.0259524	7239
0.0259561	7240
0.0259597	7241
0.0259633	7242
0.0259669	7243
0.0259705	7244
0.0259741	7245
0.0259765	7246
0.0259789	7247
0.0259825	7248
0.0259849	7249
0.0259873	7250
0.0260053	7251
0.0260077	7252
0.0260101	7253
0.0260125	7254
0.0260198	7255
0.0260234	7256
0.026027	7257
0.0260306	7258
0.0260342	7259
0.0260366	7260
0.0260402	7261
0.0260426	7262
0.0260462	7263
0.0260474	7264
0.026051	7265
0.0260522	7266
0.0260558	7267
0.026057	7268
0.0260606	7269
0.0260642	7270
0.0260678	7271
0.0260714	7272
0.026075	7273
0.0260787	7274
0.0260823	7275
0.0260859	7276
0.0260895	7277
0.0260931	7278
0.0260967	7279
0.0261003	7280
0.0261039	7281
0.0261075	7282
0.0261111	7283
0.0261147	7284
0.0261183	7285
0.0261219	7286
0.0261255	7287
0.0261291	7288
0.0261327	7289
0.0261364	7290
0.02614	7291
0.0261436	7292
0.0261472	7293
0.0261508	7294
0.0261544	7295
0.026158	7296
0.0261616	7297
0.0261652	7298
0.0261688	7300
0.0261724	7301
0.026176	7302
0.0261796	7303
0.0261832	7304
0.0261868	7305
0.0261904	7306
0.026194	7307
0.0261977	7308
0.0262013	7309
0.0262049	7310
0.0262085	7311
0.0262121	7312
0.0262157	7313
0.0262193	7314
0.0262229	7315
0.0262265	7316
0.0262301	7317
0.0262337	7318
0.0262373	7319
0.0262409	7320
0.0262445	7321
0.0262481	7322
0.0262517	7323
0.0262553	7324
0.026259	7325
0.0262626	7326
0.0262662	7327
0.0262698	7328
0.0262734	7329
0.026277	7330
0.0262806	7331
0.0262842	7332
0.0262878	7333
0.0262914	7334
0.026295	7335
0.0262974	7336
0.0262998	7337
0.0263034	7338
0.0263058	7339
0.0263082	7340
0.0263263	7341
0.0263287	7342
0.0263311	7343
0.0263335	7344
0.0263407	7345
0.0263443	7346
0.0263479	7347
0.0263515	7348
0.0263551	7349
0.0263575	7350
0.0263611	7351
0.0263635	7352
0.0263671	7353
0.0263683	7354
0.0263719	7355
0.0263731	7356
0.0263768	7357
0.026378	7358
0.0263816	7359
0.0263852	7360
0.0263888	7361
0.0263924	7362
0.026396	7363
0.0263996	7364
0.0264032	7365
0.0264068	7366
0.0264104	7367
0.026414	7368
0.0264176	7369
0.0264212	7370
0.0264248	7371
0.0264284	7372
0.026432	7373
0.0264356	7374
0.0264393	7375
0.0264429	7376
0.0264465	7377
0.0264501	7378
0.0264537	7379
0.0264573	7380
0.0264609	7381
0.0264645	7382
0.0264681	7383
0.0264717	7384
0.0264753	7385
0.0264789	7386
0.0264825	7387
0.0264861	7388
0.0264897	7389
0.0264933	7390
0.026497	7391
0.0265006	7392
0.0265042	7393
0.0265078	7394
0.0265114	7395
0.026515	7396
0.0265186	7397
0.0265222	7398
0.0265258	7399
0.0265294	7400
0.026533	7401
0.0265366	7402
0.0265402	7403
0.0265438	7404
0.0265474	7405
0.026551	7406
0.0265546	7407
0.0265583	7408
0.0265619	7409
0.0265655	7410
0.0265691	7411
0.0265727	7412
0.0265763	7413
0.0265799	7414
0.0265835	7415
0.0265871	7416
0.0265907	7417
0.0265943	7418
0.0265979	7419
0.0266015	7420
0.0266051	7422
0.0266087	7423
0.0266123	7424
0.0266159	7425
0.0266184	7426
0.0266208	7427
0.0266244	7428
0.0266268	7429
0.0266292	7430
0.0266472	7431
0.0266496	7432
0.026652	7433
0.0266544	7434
0.0266616	7435
0.0266652	7436
0.0266688	7437
0.0266724	7438
0.026676	7439
0.0266785	7440
0.0266821	7441
0.0266845	7442
0.0266881	7443
0.0266893	7444
0.0266929	7445
0.0266941	7446
0.0266977	7447
0.0266989	7448
0.0267025	7449
0.0267061	7450
0.0267097	7451
0.0267133	7452
0.0267169	7453
0.0267205	7454
0.0267241	7455
0.0267277	7456
0.0267313	7457
0.0267349	7458
0.0267386	7459
0.0267422	7460
0.0267458	7461
0.0267494	7462
0.026753	7463
0.0267566	7464
0.0267602	7465
0.0267638	7466
0.0267674	7467
0.026771	7468
0.0267746	7469
0.0267782	7470
0.0267818	7471
0.0267854	7472
0.026789	7473
0.0267926	7474
0.0267962	7475
0.0267999	7476
0.0268035	7477
0.0268071	7478
0.0268107	7479
0.0268143	7480
0.0268179	7481
0.0268215	7482
0.0268251	7483
0.0268287	7484
0.0268323	7485
0.0268359	7486
0.0268395	7487
0.0268431	7488
0.0268467	7489
0.0268503	7490
0.0268539	7491
0.0268576	7492
0.0268612	7493
0.0268648	7494
0.0268684	7495
0.026872	7496
0.0268756	7497
0.0268792	7498
0.0268828	7499
0.0268864	7500
0.02689	7501
0.0268936	7502
0.0268972	7503
0.0269008	7504
0.0269044	7505
0.026908	7506
0.0269116	7507
0.0269152	7508
0.0269189	7509
0.0269225	7510
0.0269261	7511
0.0269297	7512
0.0269333	7513
0.0269369	7514
0.0269393	7515
0.0269417	7516
0.0269453	7517
0.0269477	7518
0.0269501	7519
0.0269681	7520
0.0269705	7521
0.0269729	7522
0.0269753	7523
0.0269826	7524
0.0269862	7525
0.0269898	7526
0.0269934	7527
0.026997	7528
0.0269994	7529
0.027003	7530
0.0270054	7531
0.027009	7532
0.0270102	7533
0.0270138	7534
0.027015	7535
0.0270186	7536
0.0270198	7537
0.0270234	7538
0.027027	7539
0.0270306	7540
0.0270342	7541
0.0270379	7542
0.0270415	7544
0.0270451	7545
0.0270487	7546
0.0270523	7547
0.0270559	7548
0.0270595	7549
0.0270631	7550
0.0270667	7551
0.0270703	7552
0.0270739	7553
0.0270775	7554
0.0270811	7555
0.0270847	7556
0.0270883	7557
0.0270919	7558
0.0270955	7559
0.0270992	7560
0.0271028	7561
0.0271064	7562
0.02711	7563
0.0271136	7564
0.0271172	7565
0.0271208	7566
0.0271244	7567
0.027128	7568
0.0271316	7569
0.0271352	7570
0.0271388	7571
0.0271424	7572
0.027146	7573
0.0271496	7574
0.0271532	7575
0.0271568	7576
0.0271605	7577
0.0271641	7578
0.0271677	7579
0.0271713	7580
0.0271749	7581
0.0271785	7582
0.0271821	7583
0.0271857	7584
0.0271893	7585
0.0271929	7586
0.0271965	7587
0.0272001	7588
0.0272037	7589
0.0272073	7590
0.0272109	7591
0.0272145	7592
0.0272182	7593
0.0272218	7594
0.0272254	7595
0.027229	7596
0.0272326	7597
0.0272362	7598
0.0272398	7599
0.0272434	7600
0.027247	7601
0.0272506	7602
0.0272542	7603
0.0272578	7604
0.0272602	7605
0.0272626	7606
0.0272662	7607
0.0272686	7608
0.027271	7609
0.0272891	7610
0.0272915	7611
0.0272939	7612
0.0272963	7613
0.0273035	7614
0.0273071	7615
0.0273107	7616
0.0273143	7617
0.0273179	7618
0.0273203	7619
0.0273239	7620
0.0273263	7621
0.0273299	7622
0.0273311	7623
0.0273347	7624
0.0273359	7625
0.0273396	7626
0.0273408	7627
0.0273444	7628
0.027348	7629
0.0273516	7630
0.0273552	7631
0.0273588	7632
0.0273624	7633
0.027366	7634
0.0273696	7635
0.0273732	7636
0.0273768	7637
0.0273804	7638
0.027384	7639
0.0273876	7640
0.0273912	7641
0.0273948	7642
0.0273985	7643
0.0274021	7644
0.0274057	7645
0.0274093	7646
0.0274129	7647
0.0274165	7648
0.0274201	7649
0.0274237	7650
0.0274273	7651
0.0274309	7652
0.0274345	7653
0.0274381	7654
0.0274417	7655
0.0274453	7656
0.0274489	7657
0.0274525	7658
0.0274561	7659
0.0274598	7660
0.0274634	7661
0.027467	7662
0.0274706	7663
0.0274742	7665
0.0274778	7666
0.0274814	7667
0.027485	7668
0.0274886	7669
0.0274922	7670
0.0274958	7671
0.0274994	7672
0.027503	7673
0.0275066	7674
0.0275102	7675
0.0275138	7676
0.0275174	7677
0.0275211	7678
0.0275247	7679
0.0275283	7680
0.0275319	7681
0.0275355	7682
0.0275391	7683
0.0275427	7684
0.0275463	7685
0.0275499	7686
0.0275535	7687
0.0275571	7688
0.0275607	7689
0.0275643	7690
0.0275679	7691
0.0275715	7692
0.0275751	7693
0.0275788	7694
0.0275812	7695
0.0275836	7696
0.0275872	7697
0.0275896	7698
0.027592	7699
0.02761	7700
0.0276124	7701
0.0276148	7702
0.0276172	7703
0.0276244	7704
0.027628	7705
0.0276316	7706
0.0276352	7707
0.0276389	7708
0.0276413	7709
0.0276449	7710
0.0276473	7711
0.0276509	7712
0.0276521	7713
0.0276557	7714
0.0276569	7715
0.0276605	7716
0.0276617	7717
0.0276653	7718
0.0276689	7719
0.0276725	7720
0.0276761	7721
0.0276797	7722
0.0276833	7723
0.0276869	7724
0.0276905	7725
0.0276941	7726
0.0276977	7727
0.0277014	7728
0.027705	7729
0.0277086	7730
0.0277122	7731
0.0277158	7732
0.0277194	7733
0.027723	7734
0.0277266	7735
0.0277302	7736
0.0277338	7737
0.0277374	7738
0.027741	7739
0.0277446	7740
0.0277482	7741
0.0277518	7742
0.0277554	7743
0.0277591	7744
0.0277627	7745
0.0277663	7746
0.0277699	7747
0.0277735	7748
0.0277771	7749
0.0277807	7750
0.0277843	7751
0.0277879	7752
0.0277915	7753
0.0277951	7754
0.0277987	7755
0.0278023	7756
0.0278059	7757
0.0278095	7758
0.0278131	7759
0.0278167	7760
0.0278204	7761
0.027824	7762
0.0278276	7763
0.0278312	7764
0.0278348	7765
0.0278384	7766
0.027842	7767
0.0278456	7768
0.0278492	7769
0.0278528	7770
0.0278564	7771
0.02786	7772
0.0278636	7773
0.0278672	7774
0.0278708	7775
0.0278744	7776
0.027878	7777
0.0278817	7778
0.0278853	7779
0.0278889	7780
0.0278925	7781
0.0278961	7782
0.0278997	7783
0.0279021	7784
0.0279045	7785
0.0279081	7787
0.0279105	7788
0.0279129	7789
0.0279309	7790
0.0279333	7791
0.0279357	7792
0.0279381	7793
0.0279454	7794
0.027949	7795
0.0279526	7796
0.0279562	7797
0.0279598	7798
0.0279622	7799
0.0279658	7800
0.0279682	7801
0.0279718	7802
0.027973	7803
0.0279766	7804
0.0279778	7805
0.0279814	7806
0.0279826	7807
0.0279862	7808
0.0279898	7809
0.0279934	7810
0.027997	7811
0.0280007	7812
0.0280043	7813
0.0280079	7814
0.0280115	7815
0.0280151	7816
0.0280187	7817
0.0280223	7818
0.0280259	7819
0.0280295	7820
0.0280331	7821
0.0280367	7822
0.0280403	7823
0.0280439	7824
0.0280475	7825
0.0280511	7826
0.0280547	7827
0.0280583	7828
0.028062	7829
0.0280656	7830
0.0280692	7831
0.0280728	7832
0.0280764	7833
0.02808	7834
0.0280836	7835
0.0280872	7836
0.0280908	7837
0.0280944	7838
0.028098	7839
0.0281016	7840
0.0281052	7841
0.0281088	7842
0.0281124	7843
0.028116	7844
0.0281197	7845
0.0281233	7846
0.0281269	7847
0.0281305	7848
0.0281341	7849
0.0281377	7850
0.0281413	7851
0.0281449	7852
0.0281485	7853
0.0281521	7854
0.0281557	7855
0.0281593	7856
0.0281629	7857
0.0281665	7858
0.0281701	7859
0.0281737	7860
0.0281773	7861
0.028181	7862
0.0281846	7863
0.0281882	7864
0.0281918	7865
0.0281954	7866
0.028199	7867
0.0282026	7868
0.0282062	7869
0.0282098	7870
0.0282134	7871
0.028217	7872
0.0282206	7873
0.028223	7874
0.0282254	7875
0.028229	7876
0.0282314	7877
0.0282338	7878
0.0282519	7879
0.0282543	7880
0.0282567	7881
0.0282591	7882
0.0282663	7883
0.0282699	7884
0.0282735	7885
0.0282771	7886
0.0282807	7887
0.0282831	7888
0.0282867	7889
0.0282891	7890
0.0282927	7891
0.0282939	7892
0.0282975	7893
0.0282987	7894
0.0283024	7895
0.0283036	7896
0.0283072	7897
0.0283108	7898
0.0283144	7899
0.028318	7900
0.0283216	7901
0.0283252	7902
0.0283288	7903
0.0283324	7904
0.028336	7905
0.0283396	7906
0.0283432	7907
0.0283468	7909
0.0283504	7910
0.028354	7911
0.0283576	7912
0.0283613	7913
0.0283649	7914
0.0283685	7915
0.0283721	7916
0.0283757	7917
0.0283793	7918
0.0283829	7919
0.0283865	7920
0.0283901	7921
0.0283937	7922
0.0283973	7923
0.0284009	7924
0.0284045	7925
0.0284081	7926
0.0284117	7927
0.0284153	7928
0.0284189	7929
0.0284226	7930
0.0284262	7931
0.0284298	7932
0.0284334	7933
0.028437	7934
0.0284406	7935
0.0284442	7936
0.0284478	7937
0.0284514	7938
0.028455	7939
0.0284586	7940
0.0284622	7941
0.0284658	7942
0.0284694	7943
0.028473	7944
0.0284766	7945
0.0284803	7946
0.0284839	7947
0.0284875	7948
0.0284911	7949
0.0284947	7950
0.0284983	7951
0.0285019	7952
0.0285055	7953
0.0285091	7954
0.0285127	7955
0.0285163	7956
0.0285199	7957
0.0285235	7958
0.0285271	7959
0.0285307	7960
0.0285343	7961
0.0285379	7962
0.0285416	7963
0.028544	7964
0.0285464	7965
0.02855	7966
0.0285524	7967
0.0285548	7968
0.0285728	7969
0.0285752	7970
0.0285776	7971
0.02858	7972
0.0285872	7973
0.0285908	7974
0.0285944	7975
0.028598	7976
0.0286017	7977
0.0286041	7978
0.0286077	7979
0.0286101	7980
0.0286137	7981
0.0286149	7982
0.0286185	7983
0.0286197	7984
0.0286233	7985
0.0286245	7986
0.0286281	7987
0.0286317	7988
0.0286353	7989
0.0286389	7990
0.0286425	7991
0.0286461	7992
0.0286497	7993
0.0286533	7994
0.0286569	7995
0.0286606	7996
0.0286642	7997
0.0286678	7998
0.0286714	7999
0.028675	8000
0.0286786	8001
0.0286822	8002
0.0286858	8003
0.0286894	8004
0.028693	8005
0.0286966	8006
0.0287002	8007
0.0287038	8008
0.0287074	8009
0.028711	8010
0.0287146	8011
0.0287182	8012
0.0287219	8013
0.0287255	8014
0.0287291	8015
0.0287327	8016
0.0287363	8017
0.0287399	8018
0.0287435	8019
0.0287471	8020
0.0287507	8021
0.0287543	8022
0.0287579	8023
0.0287615	8024
0.0287651	8025
0.0287687	8026
0.0287723	8027
0.0287759	8028
0.0287795	8030
0.0287832	8031
0.0287868	8032
0.0287904	8033
0.028794	8034
0.0287976	8035
0.0288012	8036
0.0288048	8037
0.0288084	8038
0.028812	8039
0.0288156	8040
0.0288192	8041
0.0288228	8042
0.0288264	8043
0.02883	8044
0.0288336	8045
0.0288372	8046
0.0288409	8047
0.0288445	8048
0.0288481	8049
0.0288517	8050
0.0288553	8051
0.0288589	8052
0.0288625	8053
0.0288649	8054
0.0288673	8055
0.0288709	8056
0.0288733	8057
0.0288757	8058
0.0288937	8059
0.0288961	8060
0.0288985	8061
0.028901	8062
0.0289082	8063
0.0289118	8064
0.0289154	8065
0.028919	8066
0.0289226	8067
0.028925	8068
0.0289286	8069
0.028931	8070
0.0289346	8071
0.0289358	8072
0.0289394	8073
0.0289406	8074
0.0289442	8075
0.0289454	8076
0.028949	8077
0.0289526	8078
0.0289562	8079
0.0289598	8080
0.0289635	8081
0.0289671	8082
0.0289707	8083
0.0289743	8084
0.0289779	8085
0.0289815	8086
0.0289851	8087
0.0289887	8088
0.0289923	8089
0.0289959	8090
0.0289995	8091
0.0290031	8092
0.0290067	8093
0.0290103	8094
0.0290139	8095
0.0290175	8096
0.0290212	8097
0.0290248	8098
0.0290284	8099
0.029032	8100
0.0290356	8101
0.0290392	8102
0.0290428	8103
0.0290464	8104
0.02905	8105
0.0290536	8106
0.0290572	8107
0.0290608	8108
0.0290644	8109
0.029068	8110
0.0290716	8111
0.0290752	8112
0.0290788	8113
0.0290825	8114
0.0290861	8115
0.0290897	8116
0.0290933	8117
0.0290969	8118
0.0291005	8119
0.0291041	8120
0.0291077	8121
0.0291113	8122
0.0291149	8123
0.0291185	8124
0.0291221	8125
0.0291257	8126
0.0291293	8127
0.0291329	8128
0.0291365	8129
0.0291401	8130
0.0291438	8131
0.0291474	8132
0.029151	8133
0.0291546	8134
0.0291582	8135
0.0291618	8136
0.0291654	8137
0.029169	8138
0.0291726	8139
0.0291762	8140
0.0291798	8141
0.0291834	8142
0.0291858	8143
0.0291882	8144
0.0291918	8145
0.0291942	8146
0.0291966	8147
0.0292147	8148
0.0292171	8149
0.0292195	8150
0.0292219	8152
0.0292291	8153
0.0292327	8154
0.0292363	8155
0.0292399	8156
0.0292435	8157
0.0292459	8158
0.0292495	8159
0.0292519	8160
0.0292555	8161
0.0292567	8162
0.0292603	8163
0.0292616	8164
0.0292652	8165
0.0292664	8166
0.02927	8167
0.0292736	8168
0.0292772	8169
0.0292808	8170
0.0292844	8171
0.029288	8172
0.0292916	8173
0.0292952	8174
0.0292988	8175
0.0293024	8176
0.029306	8177
0.0293096	8178
0.0293132	8179
0.0293168	8180
0.0293204	8181
0.0293241	8182
0.0293277	8183
0.0293313	8184
0.0293349	8185
0.0293385	8186
0.0293421	8187
0.0293457	8188
0.0293493	8189
0.0293529	8190
0.0293565	8191
0.0293601	8192
0.0293637	8193
0.0293673	8194
0.0293709	8195
0.0293745	8196
0.0293781	8197
0.0293818	8198
0.0293854	8199
0.029389	8200
0.0293926	8201
0.0293962	8202
0.0293998	8203
0.0294034	8204
0.029407	8205
0.0294106	8206
0.0294142	8207
0.0294178	8208
0.0294214	8209
0.029425	8210
0.0294286	8211
0.0294322	8212
0.0294358	8213
0.0294394	8214
0.0294431	8215
0.0294467	8216
0.0294503	8217
0.0294539	8218
0.0294575	8219
0.0294611	8220
0.0294647	8221
0.0294683	8222
0.0294719	8223
0.0294755	8224
0.0294791	8225
0.0294827	8226
0.0294863	8227
0.0294899	8228
0.0294935	8229
0.0294971	8230
0.0295007	8231
0.0295044	8232
0.0295068	8233
0.0295092	8234
0.0295128	8235
0.0295152	8236
0.0295176	8237
0.0295356	8238
0.029538	8239
0.0295404	8240
0.0295428	8241
0.02955	8242
0.0295536	8243
0.0295572	8244
0.0295608	8245
0.0295645	8246
0.0295669	8247
0.0295705	8248
0.0295729	8249
0.0295765	8250
0.0295777	8251
0.0295813	8252
0.0295825	8253
0.0295861	8254
0.0295873	8255
0.0295909	8256
0.0295945	8257
0.0295981	8258
0.0296017	8259
0.0296053	8260
0.0296089	8261
0.0296125	8262
0.0296161	8263
0.0296197	8264
0.0296234	8265
0.029627	8266
0.0296306	8267
0.0296342	8268
0.0296378	8269
0.0296414	8270
0.029645	8271
0.0296486	8272
0.0296522	8274
0.0296558	8275
0.0296594	8276
0.029663	8277
0.0296666	8278
0.0296702	8279
0.0296738	8280
0.0296774	8281
0.029681	8282
0.0296847	8283
0.0296883	8284
0.0296919	8285
0.0296955	8286
0.0296991	8287
0.0297027	8288
0.0297063	8289
0.0297099	8290
0.0297135	8291
0.0297171	8292
0.0297207	8293
0.0297243	8294
0.0297279	8295
0.0297315	8296
0.0297351	8297
0.0297387	8298
0.0297424	8299
0.029746	8300
0.0297496	8301
0.0297532	8302
0.0297568	8303
0.0297604	8304
0.029764	8305
0.0297676	8306
0.0297712	8307
0.0297748	8308
0.0297784	8309
0.029782	8310
0.0297856	8311
0.0297892	8312
0.0297928	8313
0.0297964	8314
0.0298	8315
0.0298037	8316
0.0298073	8317
0.0298109	8318
0.0298145	8319
0.0298181	8320
0.0298217	8321
0.0298253	8322
0.0298277	8323
0.0298301	8324
0.0298337	8325
0.0298361	8326
0.0298385	8327
0.0298565	8328
0.0298589	8329
0.0298613	8330
0.0298638	8331
0.029871	8332
0.0298746	8333
0.0298782	8334
0.0298818	8335
0.0298854	8336
0.0298878	8337
0.0298914	8338
0.0298938	8339
0.0298974	8340
0.0298986	8341
0.0299022	8342
0.0299034	8343
0.029907	8344
0.0299082	8345
0.0299118	8346
0.0299154	8347
0.029919	8348
0.0299227	8349
0.0299263	8350
0.0299299	8351
0.0299335	8352
0.0299371	8353
0.0299407	8354
0.0299443	8355
0.0299479	8356
0.0299515	8357
0.0299551	8358
0.0299587	8359
0.0299623	8360
0.0299659	8361
0.0299695	8362
0.0299731	8363
0.0299767	8364
0.0299803	8365
0.029984	8366
0.0299876	8367
0.0299912	8368
0.0299948	8369
0.0299984	8370
0.030002	8371
0.0300056	8372
0.0300092	8373
0.0300128	8374
0.0300164	8375
0.03002	8376
0.0300236	8377
0.0300272	8378
0.0300308	8379
0.0300344	8380
0.030038	8381
0.0300416	8382
0.0300453	8383
0.0300489	8384
0.0300525	8385
0.0300561	8386
0.0300597	8387
0.0300633	8388
0.0300669	8389
0.0300705	8390
0.0300741	8391
0.0300777	8392
0.0300813	8393
0.0300849	8395
0.0300885	8396
0.0300921	8397
0.0300957	8398
0.0300993	8399
0.030103	8400
0.0301066	8401
0.0301102	8402
0.0301138	8403
0.0301174	8404
0.030121	8405
0.0301246	8406
0.0301282	8407
0.0301318	8408
0.0301354	8409
0.030139	8410
0.0301426	8411
0.0301462	8412
0.0301486	8413
0.030151	8414
0.0301546	8415
0.030157	8416
0.0301594	8417
0.0301775	8418
0.0301799	8419
0.0301823	8420
0.0301847	8421
0.0301919	8422
0.0301955	8423
0.0301991	8424
0.0302027	8425
0.0302063	8426
0.0302087	8427
0.0302123	8428
0.0302147	8429
0.0302183	8430
0.0302195	8431
0.0302232	8432
0.0302244	8433
0.030228	8434
0.0302292	8435
0.0302328	8436
0.0302364	8437
0.03024	8438
0.0302436	8439
0.0302472	8440
0.0302508	8441
0.0302544	8442
0.030258	8443
0.0302616	8444
0.0302652	8445
0.0302688	8446
0.0302724	8447
0.030276	8448
0.0302796	8449
0.0302833	8450
0.0302869	8451
0.0302905	8452
0.0302941	8453
0.0302977	8454
0.0303013	8455
0.0303049	8456
0.0303085	8457
0.0303121	8458
0.0303157	8459
0.0303193	8460
0.0303229	8461
0.0303265	8462
0.0303301	8463
0.0303337	8464
0.0303373	8465
0.0303409	8466
0.0303446	8467
0.0303482	8468
0.0303518	8469
0.0303554	8470
0.030359	8471
0.0303626	8472
0.0303662	8473
0.0303698	8474
0.0303734	8475
0.030377	8476
0.0303806	8477
0.0303842	8478
0.0303878	8479
0.0303914	8480
0.030395	8481
0.0303986	8482
0.0304022	8483
0.0304059	8484
0.0304095	8485
0.0304131	8486
0.0304167	8487
0.0304203	8488
0.0304239	8489
0.0304275	8490
0.0304311	8491
0.0304347	8492
0.0304383	8493
0.0304419	8494
0.0304455	8495
0.0304491	8496
0.0304527	8497
0.0304563	8498
0.0304599	8499
0.0304636	8500
0.0304672	8501
0.0304696	8502
0.030472	8503
0.0304756	8504
0.030478	8505
0.0304804	8506
0.0304984	8507
0.0305008	8508
0.0305032	8509
0.0305056	8510
0.0305128	8511
0.0305164	8512
0.03052	8513
0.0305237	8514
0.0305273	8515
0.0305297	8517
0.0305333	8518
0.0305357	8519
0.0305393	8520
0.0305405	8521
0.0305441	8522
0.0305453	8523
0.0305489	8524
0.0305501	8525
0.0305537	8526
0.0305573	8527
0.0305609	8528
0.0305645	8529
0.0305681	8530
0.0305717	8531
0.0305753	8532
0.0305789	8533
0.0305825	8534
0.0305862	8535
0.0305898	8536
0.0305934	8537
0.030597	8538
0.0306006	8539
0.0306042	8540
0.0306078	8541
0.0306114	8542
0.030615	8543
0.0306186	8544
0.0306222	8545
0.0306258	8546
0.0306294	8547
0.030633	8548
0.0306366	8549
0.0306402	8550
0.0306439	8551
0.0306475	8552
0.0306511	8553
0.0306547	8554
0.0306583	8555
0.0306619	8556
0.0306655	8557
0.0306691	8558
0.0306727	8559
0.0306763	8560
0.0306799	8561
0.0306835	8562
0.0306871	8563
0.0306907	8564
0.0306943	8565
0.0306979	8566
0.0307015	8567
0.0307052	8568
0.0307088	8569
0.0307124	8570
0.030716	8571
0.0307196	8572
0.0307232	8573
0.0307268	8574
0.0307304	8575
0.030734	8576
0.0307376	8577
0.0307412	8578
0.0307448	8579
0.0307484	8580
0.030752	8581
0.0307556	8582
0.0307592	8583
0.0307628	8584
0.0307665	8585
0.0307701	8586
0.0307737	8587
0.0307773	8588
0.0307809	8589
0.0307845	8590
0.0307881	8591
0.0307905	8592
0.0307929	8593
0.0307965	8594
0.0307989	8595
0.0308013	8596
0.0308193	8597
0.0308217	8598
0.0308242	8599
0.0308266	8600
0.0308338	8601
0.0308374	8602
0.030841	8603
0.0308446	8604
0.0308482	8605
0.0308506	8606
0.0308542	8607
0.0308566	8608
0.0308602	8609
0.0308614	8610
0.030865	8611
0.0308662	8612
0.0308698	8613
0.030871	8614
0.0308746	8615
0.0308782	8616
0.0308818	8617
0.0308855	8618
0.0308891	8619
0.0308927	8620
0.0308963	8621
0.0308999	8622
0.0309035	8623
0.0309071	8624
0.0309107	8625
0.0309143	8626
0.0309179	8627
0.0309215	8628
0.0309251	8629
0.0309287	8630
0.0309323	8631
0.0309359	8632
0.0309395	8633
0.0309431	8634
0.0309468	8635
0.0309504	8636
0.030954	8637
0.0309576	8639
0.0309612	8640
0.0309648	8641
0.0309684	8642
0.030972	8643
0.0309756	8644
0.0309792	8645
0.0309828	8646
0.0309864	8647
0.03099	8648
0.0309936	8649
0.0309972	8650
0.0310008	8651
0.0310045	8652
0.0310081	8653
0.0310117	8654
0.0310153	8655
0.0310189	8656
0.0310225	8657
0.0310261	8658
0.0310297	8659
0.0310333	8660
0.0310369	8661
0.0310405	8662
0.0310441	8663
0.0310477	8664
0.0310513	8665
0.0310549	8666
0.0310585	8667
0.0310621	8668
0.0310658	8669
0.0310694	8670
0.031073	8671
0.0310766	8672
0.0310802	8673
0.0310838	8674
0.0310874	8675
0.031091	8676
0.0310946	8677
0.0310982	8678
0.0311018	8679
0.0311054	8680
0.031109	8681
0.0311114	8682
0.0311138	8683
0.0311174	8684
0.0311198	8685
0.0311222	8686
0.0311403	8687
0.0311427	8688
0.0311451	8689
0.0311475	8690
0.0311547	8691
0.0311583	8692
0.0311619	8693
0.0311655	8694
0.0311691	8695
0.0311715	8696
0.0311751	8697
0.0311775	8698
0.0311811	8699
0.0311823	8700
0.031186	8701
0.0311872	8702
0.0311908	8703
0.031192	8704
0.0311956	8705
0.0311992	8706
0.0312028	8707
0.0312064	8708
0.03121	8709
0.0312136	8710
0.0312172	8711
0.0312208	8712
0.0312244	8713
0.031228	8714
0.0312316	8715
0.0312352	8716
0.0312388	8717
0.0312424	8718
0.0312461	8719
0.0312497	8720
0.0312533	8721
0.0312569	8722
0.0312605	8723
0.0312641	8724
0.0312677	8725
0.0312713	8726
0.0312749	8727
0.0312785	8728
0.0312821	8729
0.0312857	8730
0.0312893	8731
0.0312929	8732
0.0312965	8733
0.0313001	8734
0.0313037	8735
0.0313074	8736
0.031311	8737
0.0313146	8738
0.0313182	8739
0.0313218	8740
0.0313254	8741
0.031329	8742
0.0313326	8743
0.0313362	8744
0.0313398	8745
0.0313434	8746
0.031347	8747
0.0313506	8748
0.0313542	8749
0.0313578	8750
0.0313614	8751
0.0313651	8752
0.0313687	8753
0.0313723	8754
0.0313759	8755
0.0313795	8756
0.0313831	8757
0.0313867	8758
0.0313903	8760
0.0313939	8761
0.0313975	8762
0.0314011	8763
0.0314047	8764
0.0314083	8765
0.0314119	8766
0.0314155	8767
0.0314191	8768
0.0314227	8769
0.0314264	8770
0.03143	8771
0.0314324	8772
0.0314348	8773
0.0314384	8774
0.0314408	8775
0.0314432	8776
0.0314612	8777
0.0314636	8778
0.031466	8779
0.0314684	8780
0.0314756	8781
0.0314792	8782
0.0314828	8783
0.0314865	8784
0.0314901	8785
0.0314925	8786
0.0314961	8787
0.0314985	8788
0.0315021	8789
0.0315033	8790
0.0315069	8791
0.0315081	8792
0.0315117	8793
0.0315129	8794
0.0315165	8795
0.0315201	8796
0.0315237	8797
0.0315273	8798
0.0315309	8799
0.0315345	8800
0.0315381	8801
0.0315417	8802
0.0315454	8803
0.031549	8804
0.0315526	8805
0.0315562	8806
0.0315598	8807
0.0315634	8808
0.031567	8809
0.0315706	8810
0.0315742	8811
0.0315778	8812
0.0315814	8813
0.031585	8814
0.0315886	8815
0.0315922	8816
0.0315958	8817
0.0315994	8818
0.031603	8819
0.0316067	8820
0.0316103	8821
0.0316139	8822
0.0316175	8823
0.0316211	8824
0.0316247	8825
0.0316283	8826
0.0316319	8827
0.0316355	8828
0.0316391	8829
0.0316427	8830
0.0316463	8831
0.0316499	8832
0.0316535	8833
0.0316571	8834
0.0316607	8835
0.0316643	8836
0.031668	8837
0.0316716	8838
0.0316752	8839
0.0316788	8840
0.0316824	8841
0.031686	8842
0.0316896	8843
0.0316932	8844
0.0316968	8845
0.0317004	8846
0.031704	8847
0.0317076	8848
0.0317112	8849
0.0317148	8850
0.0317184	8851
0.031722	8852
0.0317257	8853
0.0317293	8854
0.0317329	8855
0.0317365	8856
0.0317401	8857
0.0317437	8858
0.0317473	8859
0.0317509	8860
0.0317533	8861
0.0317557	8862
0.0317593	8863
0.0317617	8864
0.0317641	8865
0.0317821	8866
0.0317845	8867
0.031787	8868
0.0317894	8869
0.0317966	8870
0.0318002	8871
0.0318038	8872
0.0318074	8873
0.031811	8874
0.0318134	8875
0.031817	8876
0.0318194	8877
0.031823	8878
0.0318242	8879
0.0318278	8880
0.031829	8882
0.0318326	8883
0.0318338	8884
0.0318374	8885
0.031841	8886
0.0318446	8887
0.0318483	8888
0.0318519	8889
0.0318555	8890
0.0318591	8891
0.0318627	8892
0.0318663	8893
0.0318699	8894
0.0318735	8895
0.0318771	8896
0.0318807	8897
0.0318843	8898
0.0318879	8899
0.0318915	8900
0.0318951	8901
0.0318987	8902
0.0319023	8903
0.031906	8904
0.0319096	8905
0.0319132	8906
0.0319168	8907
0.0319204	8908
0.031924	8909
0.0319276	8910
0.0319312	8911
0.0319348	8912
0.0319384	8913
0.031942	8914
0.0319456	8915
0.0319492	8916
0.0319528	8917
0.0319564	8918
0.03196	8919
0.0319636	8920
0.0319673	8921
0.0319709	8922
0.0319745	8923
0.0319781	8924
0.0319817	8925
0.0319853	8926
0.0319889	8927
0.0319925	8928
0.0319961	8929
0.0319997	8930
0.0320033	8931
0.0320069	8932
0.0320105	8933
0.0320141	8934
0.0320177	8935
0.0320213	8936
0.0320249	8937
0.0320286	8938
0.0320322	8939
0.0320358	8940
0.0320394	8941
0.032043	8942
0.0320466	8943
0.0320502	8944
0.0320538	8945
0.0320574	8946
0.032061	8947
0.0320646	8948
0.0320682	8949
0.0320718	8950
0.0320742	8951
0.0320766	8952
0.0320802	8953
0.0320826	8954
0.032085	8955
0.0321031	8956
0.0321055	8957
0.0321079	8958
0.0321103	8959
0.0321175	8960
0.0321211	8961
0.0321247	8962
0.0321283	8963
0.0321319	8964
0.0321343	8965
0.0321379	8966
0.0321403	8967
0.0321439	8968
0.0321451	8969
0.0321488	8970
0.03215	8971
0.0321536	8972
0.0321548	8973
0.0321584	8974
0.032162	8975
0.0321656	8976
0.0321692	8977
0.0321728	8978
0.0321764	8979
0.03218	8980
0.0321836	8981
0.0321872	8982
0.0321908	8983
0.0321944	8984
0.032198	8985
0.0322016	8986
0.0322052	8987
0.0322089	8988
0.0322125	8989
0.0322161	8990
0.0322197	8991
0.0322233	8992
0.0322269	8993
0.0322305	8994
0.0322341	8995
0.0322377	8996
0.0322413	8997
0.0322449	8998
0.0322485	8999
0.0322521	9000
0.0322557	9001
0.0322593	9002
0.0322629	9004
0.0322666	9005
0.0322702	9006
0.0322738	9007
0.0322774	9008
0.032281	9009
0.0322846	9010
0.0322882	9011
0.0322918	9012
0.0322954	9013
0.032299	9014
0.0323026	9015
0.0323062	9016
0.0323098	9017
0.0323134	9018
0.032317	9019
0.0323206	9020
0.0323242	9021
0.0323279	9022
0.0323315	9023
0.0323351	9024
0.0323387	9025
0.0323423	9026
0.0323459	9027
0.0323495	9028
0.0323531	9029
0.0323567	9030
0.0323603	9031
0.0323639	9032
0.0323675	9033
0.0323711	9034
0.0323747	9035
0.0323783	9036
0.0323819	9037
0.0323855	9038
0.0323892	9039
0.0323928	9040
0.0323952	9041
0.0323976	9042
0.0324012	9043
0.0324036	9044
0.032406	9045
0.032424	9046
0.0324264	9047
0.0324288	9048
0.0324312	9049
0.0324384	9050
0.032442	9051
0.0324456	9052
0.0324493	9053
0.0324529	9054
0.0324553	9055
0.0324589	9056
0.0324613	9057
0.0324649	9058
0.0324661	9059
0.0324697	9060
0.0324709	9061
0.0324745	9062
0.0324757	9063
0.0324793	9064
0.0324829	9065
0.0324865	9066
0.0324901	9067
0.0324937	9068
0.0324973	9069
0.0325009	9070
0.0325045	9071
0.0325082	9072
0.0325118	9073
0.0325154	9074
0.032519	9075
0.0325226	9076
0.0325262	9077
0.0325298	9078
0.0325334	9079
0.032537	9080
0.0325406	9081
0.0325442	9082
0.0325478	9083
0.0325514	9084
0.032555	9085
0.0325586	9086
0.0325622	9087
0.0325658	9088
0.0325695	9089
0.0325731	9090
0.0325767	9091
0.0325803	9092
0.0325839	9093
0.0325875	9094
0.0325911	9095
0.0325947	9096
0.0325983	9097
0.0326019	9098
0.0326055	9099
0.0326091	9100
0.0326127	9101
0.0326163	9102
0.0326199	9103
0.0326235	9104
0.0326272	9105
0.0326308	9106
0.0326344	9107
0.032638	9108
0.0326416	9109
0.0326452	9110
0.0326488	9111
0.0326524	9112
0.032656	9113
0.0326596	9114
0.0326632	9115
0.0326668	9116
0.0326704	9117
0.032674	9118
0.0326776	9119
0.0326812	9120
0.0326848	9121
0.0326885	9122
0.0326921	9123
0.0326957	9125
0.0326993	9126
0.0327029	9127
0.0327065	9128
0.0327101	9129
0.0327137	9130
0.0327161	9131
0.0327185	9132
0.0327221	9133
0.0327245	9134
0.0327269	9135
0.0327449	9136
0.0327474	9137
0.0327498	9138
0.0327522	9139
0.0327594	9140
0.032763	9141
0.0327666	9142
0.0327702	9143
0.0327738	9144
0.0327762	9145
0.0327798	9146
0.0327822	9147
0.0327858	9148
0.032787	9149
0.0327906	9150
0.0327918	9151
0.0327954	9152
0.0327966	9153
0.0328002	9154
0.0328038	9155
0.0328075	9156
0.0328111	9157
0.0328147	9158
0.0328183	9159
0.0328219	9160
0.0328255	9161
0.0328291	9162
0.0328327	9163
0.0328363	9164
0.0328399	9165
0.0328435	9166
0.0328471	9167
0.0328507	9168
0.0328543	9169
0.0328579	9170
0.0328615	9171
0.0328651	9172
0.0328688	9173
0.0328724	9174
0.032876	9175
0.0328796	9176
0.0328832	9177
0.0328868	9178
0.0328904	9179
0.032894	9180
0.0328976	9181
0.0329012	9182
0.0329048	9183
0.0329084	9184
0.032912	9185
0.0329156	9186
0.0329192	9187
0.0329228	9188
0.0329264	9189
0.0329301	9190
0.0329337	9191
0.0329373	9192
0.0329409	9193
0.0329445	9194
0.0329481	9195
0.0329517	9196
0.0329553	9197
0.0329589	9198
0.0329625	9199
0.0329661	9200
0.0329697	9201
0.0329733	9202
0.0329769	9203
0.0329805	9204
0.0329841	9205
0.0329878	9206
0.0329914	9207
0.032995	9208
0.0329986	9209
0.0330022	9210
0.0330058	9211
0.0330094	9212
0.033013	9213
0.0330166	9214
0.0330202	9215
0.0330238	9216
0.0330274	9217
0.033031	9218
0.0330346	9219
0.033037	9220
0.0330394	9221
0.033043	9222
0.0330454	9223
0.0330479	9224
0.0330659	9225
0.0330683	9226
0.0330707	9227
0.0330731	9228
0.0330803	9229
0.0330839	9230
0.0330875	9231
0.0330911	9232
0.0330947	9233
0.0330971	9234
0.0331007	9235
0.0331031	9236
0.0331067	9237
0.033108	9238
0.0331116	9239
0.0331128	9240
0.0331164	9241
0.0331176	9242
0.0331212	9243
0.0331248	9244
0.0331284	9245
0.033132	9247
0.0331356	9248
0.0331392	9249
0.0331428	9250
0.0331464	9251
0.03315	9252
0.0331536	9253
0.0331572	9254
0.0331608	9255
0.0331644	9256
0.0331681	9257
0.0331717	9258
0.0331753	9259
0.0331789	9260
0.0331825	9261
0.0331861	9262
0.0331897	9263
0.0331933	9264
0.0331969	9265
0.0332005	9266
0.0332041	9267
0.0332077	9268
0.0332113	9269
0.0332149	9270
0.0332185	9271
0.0332221	9272
0.0332257	9273
0.0332294	9274
0.033233	9275
0.0332366	9276
0.0332402	9277
0.0332438	9278
0.0332474	9279
0.033251	9280
0.0332546	9281
0.0332582	9282
0.0332618	9283
0.0332654	9284
0.033269	9285
0.0332726	9286
0.0332762	9287
0.0332798	9288
0.0332834	9289
0.033287	9290
0.0332907	9291
0.0332943	9292
0.0332979	9293
0.0333015	9294
0.0333051	9295
0.0333087	9296
0.0333123	9297
0.0333159	9298
0.0333195	9299
0.0333231	9300
0.0333267	9301
0.0333303	9302
0.0333339	9303
0.0333375	9304
0.0333411	9305
0.0333447	9306
0.0333484	9307
0.033352	9308
0.0333556	9309
0.033358	9310
0.0333604	9311
0.033364	9312
0.0333664	9313
0.0333688	9314
0.0333868	9315
0.0333892	9316
0.0333916	9317
0.033394	9318
0.0334012	9319
0.0334048	9320
0.0334085	9321
0.0334121	9322
0.0334157	9323
0.0334181	9324
0.0334217	9325
0.0334241	9326
0.0334277	9327
0.0334289	9328
0.0334325	9329
0.0334337	9330
0.0334373	9331
0.0334385	9332
0.0334421	9333
0.0334457	9334
0.0334493	9335
0.0334529	9336
0.0334565	9337
0.0334601	9338
0.0334637	9339
0.0334673	9340
0.033471	9341
0.0334746	9342
0.0334782	9343
0.0334818	9344
0.0334854	9345
0.033489	9346
0.0334926	9347
0.0334962	9348
0.0334998	9349
0.0335034	9350
0.033507	9351
0.0335106	9352
0.0335142	9353
0.0335178	9354
0.0335214	9355
0.033525	9356
0.0335287	9357
0.0335323	9358
0.0335359	9359
0.0335395	9360
0.0335431	9361
0.0335467	9362
0.0335503	9363
0.0335539	9364
0.0335575	9365
0.0335611	9366
0.0335647	9367
0.0335683	9369
0.0335719	9370
0.0335755	9371
0.0335791	9372
0.0335827	9373
0.0335863	9374
0.03359	9375
0.0335936	9376
0.0335972	9377
0.0336008	9378
0.0336044	9379
0.033608	9380
0.0336116	9381
0.0336152	9382
0.0336188	9383
0.0336224	9384
0.033626	9385
0.0336296	9386
0.0336332	9387
0.0336368	9388
0.0336404	9389
0.033644	9390
0.0336476	9391
0.0336513	9392
0.0336549	9393
0.0336585	9394
0.0336621	9395
0.0336657	9396
0.0336693	9397
0.0336729	9398
0.0336765	9399
0.0336789	9400
0.0336813	9401
0.0336849	9402
0.0336873	9403
0.0336897	9404
0.0337077	9405
0.0337102	9406
0.0337126	9407
0.033715	9408
0.0337222	9409
0.0337258	9410
0.0337294	9411
0.033733	9412
0.0337366	9413
0.033739	9414
0.0337426	9415
0.033745	9416
0.0337486	9417
0.0337498	9418
0.0337534	9419
0.0337546	9420
0.0337582	9421
0.0337594	9422
0.033763	9423
0.0337666	9424
0.0337703	9425
0.0337739	9426
0.0337775	9427
0.0337811	9428
0.0337847	9429
0.0337883	9430
0.0337919	9431
0.0337955	9432
0.0337991	9433
0.0338027	9434
0.0338063	9435
0.0338099	9436
0.0338135	9437
0.0338171	9438
0.0338207	9439
0.0338243	9440
0.0338279	9441
0.0338316	9442
0.0338352	9443
0.0338388	9444
0.0338424	9445
0.033846	9446
0.0338496	9447
0.0338532	9448
0.0338568	9449
0.0338604	9450
0.033864	9451
0.0338676	9452
0.0338712	9453
0.0338748	9454
0.0338784	9455
0.033882	9456
0.0338856	9457
0.0338893	9458
0.0338929	9459
0.0338965	9460
0.0339001	9461
0.0339037	9462
0.0339073	9463
0.0339109	9464
0.0339145	9465
0.0339181	9466
0.0339217	9467
0.0339253	9468
0.0339289	9469
0.0339325	9470
0.0339361	9471
0.0339397	9472
0.0339433	9473
0.0339469	9474
0.0339506	9475
0.0339542	9476
0.0339578	9477
0.0339614	9478
0.033965	9479
0.0339686	9480
0.0339722	9481
0.0339758	9482
0.0339794	9483
0.033983	9484
0.0339866	9485
0.0339902	9486
0.0339938	9487
0.0339974	9488
0.0339998	9490
0.0340022	9491
0.0340058	9492
0.0340082	9493
0.0340107	9494
0.0340287	9495
0.0340311	9496
0.0340335	9497
0.0340359	9498
0.0340431	9499
0.0340467	9500
0.0340503	9501
0.0340539	9502
0.0340575	9503
0.0340599	9504
0.0340635	9505
0.0340659	9506
0.0340696	9507
0.0340708	9508
0.0340744	9509
0.0340756	9510
0.0340792	9511
0.0340804	9512
0.034084	9513
0.0340876	9514
0.0340912	9515
0.0340948	9516
0.0340984	9517
0.034102	9518
0.0341056	9519
0.0341092	9520
0.0341128	9521
0.0341164	9522
0.03412	9523
0.0341236	9524
0.0341272	9525
0.0341309	9526
0.0341345	9527
0.0341381	9528
0.0341417	9529
0.0341453	9530
0.0341489	9531
0.0341525	9532
0.0341561	9533
0.0341597	9534
0.0341633	9535
0.0341669	9536
0.0341705	9537
0.0341741	9538
0.0341777	9539
0.0341813	9540
0.0341849	9541
0.0341885	9542
0.0341922	9543
0.0341958	9544
0.0341994	9545
0.034203	9546
0.0342066	9547
0.0342102	9548
0.0342138	9549
0.0342174	9550
0.034221	9551
0.0342246	9552
0.0342282	9553
0.0342318	9554
0.0342354	9555
0.034239	9556
0.0342426	9557
0.0342462	9558
0.0342499	9559
0.0342535	9560
0.0342571	9561
0.0342607	9562
0.0342643	9563
0.0342679	9564
0.0342715	9565
0.0342751	9566
0.0342787	9567
0.0342823	9568
0.0342859	9569
0.0342895	9570
0.0342931	9571
0.0342967	9572
0.0343003	9573
0.0343039	9574
0.0343075	9575
0.0343112	9576
0.0343148	9577
0.0343184	9578
0.0343208	9579
0.0343232	9580
0.0343268	9581
0.0343292	9582
0.0343316	9583
0.0343496	9584
0.034352	9585
0.0343544	9586
0.0343568	9587
0.034364	9588
0.0343676	9589
0.0343713	9590
0.0343749	9591
0.0343785	9592
0.0343809	9593
0.0343845	9594
0.0343869	9595
0.0343905	9596
0.0343917	9597
0.0343953	9598
0.0343965	9599
0.0344001	9600
0.0344013	9601
0.0344049	9602
0.0344085	9603
0.0344121	9604
0.0344157	9605
0.0344193	9606
0.0344229	9607
0.0344265	9608
0.0344302	9609
0.0344338	9610
0.0344374	9612
0.034441	9613
0.0344446	9614
0.0344482	9615
0.0344518	9616
0.0344554	9617
0.034459	9618
0.0344626	9619
0.0344662	9620
0.0344698	9621
0.0344734	9622
0.034477	9623
0.0344806	9624
0.0344842	9625
0.0344878	9626
0.0344915	9627
0.0344951	9628
0.0344987	9629
0.0345023	9630
0.0345059	9631
0.0345095	9632
0.0345131	9633
0.0345167	9634
0.0345203	9635
0.0345239	9636
0.0345275	9637
0.0345311	9638
0.0345347	9639
0.0345383	9640
0.0345419	9641
0.0345455	9642
0.0345491	9643
0.0345528	9644
0.0345564	9645
0.03456	9646
0.0345636	9647
0.0345672	9648
0.0345708	9649
0.0345744	9650
0.034578	9651
0.0345816	9652
0.0345852	9653
0.0345888	9654
0.0345924	9655
0.034596	9656
0.0345996	9657
0.0346032	9658
0.0346068	9659
0.0346105	9660
0.0346141	9661
0.0346177	9662
0.0346213	9663
0.0346249	9664
0.0346285	9665
0.0346321	9666
0.0346357	9667
0.0346393	9668
0.0346417	9669
0.0346441	9670
0.0346477	9671
0.0346501	9672
0.0346525	9673
0.0346706	9674
0.034673	9675
0.0346754	9676
0.0346778	9677
0.034685	9678
0.0346886	9679
0.0346922	9680
0.0346958	9681
0.0346994	9682
0.0347018	9683
0.0347054	9684
0.0347078	9685
0.0347114	9686
0.0347126	9687
0.0347162	9688
0.0347174	9689
0.034721	9690
0.0347222	9691
0.0347258	9692
0.0347294	9693
0.0347331	9694
0.0347367	9695
0.0347403	9696
0.0347439	9697
0.0347475	9698
0.0347511	9699
0.0347547	9700
0.0347583	9701
0.0347619	9702
0.0347655	9703
0.0347691	9704
0.0347727	9705
0.0347763	9706
0.0347799	9707
0.0347835	9708
0.0347871	9709
0.0347908	9710
0.0347944	9711
0.034798	9712
0.0348016	9713
0.0348052	9714
0.0348088	9715
0.0348124	9716
0.034816	9717
0.0348196	9718
0.0348232	9719
0.0348268	9720
0.0348304	9721
0.034834	9722
0.0348376	9723
0.0348412	9724
0.0348448	9725
0.0348484	9726
0.0348521	9727
0.0348557	9728
0.0348593	9729
0.0348629	9730
0.0348665	9731
0.0348701	9732
0.0348737	9734
0.0348773	9735
0.0348809	9736
0.0348845	9737
0.0348881	9738
0.0348917	9739
0.0348953	9740
0.0348989	9741
0.0349025	9742
0.0349061	9743
0.0349097	9744
0.0349134	9745
0.034917	9746
0.0349206	9747
0.0349242	9748
0.0349278	9749
0.0349314	9750
0.034935	9751
0.0349386	9752
0.0349422	9753
0.0349458	9754
0.0349494	9755
0.034953	9756
0.0349566	9757
0.0349602	9758
0.0349626	9759
0.034965	9760
0.0349686	9761
0.0349711	9762
0.0349735	9763
0.0349915	9764
0.0349939	9765
0.0349963	9766
0.0349987	9767
0.0350059	9768
0.0350095	9769
0.0350131	9770
0.0350167	9771
0.0350203	9772
0.0350227	9773
0.0350263	9774
0.0350287	9775
0.0350324	9776
0.0350336	9777
0.0350372	9778
0.0350384	9779
0.035042	9780
0.0350432	9781
0.0350468	9782
0.0350504	9783
0.035054	9784
0.0350576	9785
0.0350612	9786
0.0350648	9787
0.0350684	9788
0.035072	9789
0.0350756	9790
0.0350792	9791
0.0350828	9792
0.0350864	9793
0.03509	9794
0.0350937	9795
0.0350973	9796
0.0351009	9797
0.0351045	9798
0.0351081	9799
0.0351117	9800
0.0351153	9801
0.0351189	9802
0.0351225	9803
0.0351261	9804
0.0351297	9805
0.0351333	9806
0.0351369	9807
0.0351405	9808
0.0351441	9809
0.0351477	9810
0.0351514	9811
0.035155	9812
0.0351586	9813
0.0351622	9814
0.0351658	9815
0.0351694	9816
0.035173	9817
0.0351766	9818
0.0351802	9819
0.0351838	9820
0.0351874	9821
0.035191	9822
0.0351946	9823
0.0351982	9824
0.0352018	9825
0.0352054	9826
0.035209	9827
0.0352127	9828
0.0352163	9829
0.0352199	9830
0.0352235	9831
0.0352271	9832
0.0352307	9833
0.0352343	9834
0.0352379	9835
0.0352415	9836
0.0352451	9837
0.0352487	9838
0.0352523	9839
0.0352559	9840
0.0352595	9841
0.0352631	9842
0.0352667	9843
0.0352703	9844
0.035274	9845
0.0352776	9846
0.0352812	9847
0.0352836	9848
0.035286	9849
0.0352896	9850
0.035292	9851
0.0352944	9852
0.0353124	9853
0.0353148	9855
0.0353172	9856
0.0353196	9857
0.0353268	9858
0.0353304	9859
0.0353341	9860
0.0353377	9861
0.0353413	9862
0.0353437	9863
0.0353473	9864
0.0353497	9865
0.0353533	9866
0.0353545	9867
0.0353581	9868
0.0353593	9869
0.0353629	9870
0.0353641	9871
0.0353677	9872
0.0353713	9873
0.0353749	9874
0.0353785	9875
0.0353821	9876
0.0353857	9877
0.0353893	9878
0.035393	9879
0.0353966	9880
0.0354002	9881
0.0354038	9882
0.0354074	9883
0.035411	9884
0.0354146	9885
0.0354182	9886
0.0354218	9887
0.0354254	9888
0.035429	9889
0.0354326	9890
0.0354362	9891
0.0354398	9892
0.0354434	9893
0.035447	9894
0.0354506	9895
0.0354543	9896
0.0354579	9897
0.0354615	9898
0.0354651	9899
0.0354687	9900
0.0354723	9901
0.0354759	9902
0.0354795	9903
0.0354831	9904
0.0354867	9905
0.0354903	9906
0.0354939	9907
0.0354975	9908
0.0355011	9909
0.0355047	9910
0.0355083	9911
0.035512	9912
0.0355156	9913
0.0355192	9914
0.0355228	9915
0.0355264	9916
0.03553	9917
0.0355336	9918
0.0355372	9919
0.0355408	9920
0.0355444	9921
0.035548	9922
0.0355516	9923
0.0355552	9924
0.0355588	9925
0.0355624	9926
0.035566	9927
0.0355696	9928
0.0355733	9929
0.0355769	9930
0.0355805	9931
0.0355841	9932
0.0355877	9933
0.0355913	9934
0.0355949	9935
0.0355985	9936
0.0356021	9937
0.0356045	9938
0.0356069	9939
0.0356105	9940
0.0356129	9941
0.0356153	9942
0.0356334	9943
0.0356358	9944
0.0356382	9945
0.0356406	9946
0.0356478	9947
0.0356514	9948
0.035655	9949
0.0356586	9950
0.0356622	9951
0.0356646	9952
0.0356682	9953
0.0356706	9954
0.0356742	9955
0.0356754	9956
0.035679	9957
0.0356802	9958
0.0356838	9959
0.035685	9960
0.0356886	9961
0.0356923	9962
0.0356959	9963
0.0356995	9964
0.0357031	9965
0.0357067	9966
0.0357103	9967
0.0357139	9968
0.0357175	9969
0.0357211	9970
0.0357247	9971
0.0357283	9972
0.0357319	9973
0.0357355	9974
0.0357391	9975
0.0357427	9977
0.0357463	9978
0.0357499	9979
0.0357536	9980
0.0357572	9981
0.0357608	9982
0.0357644	9983
0.035768	9984
0.0357716	9985
0.0357752	9986
0.0357788	9987
0.0357824	9988
0.035786	9989
0.0357896	9990
0.0357932	9991
0.0357968	9992
0.0358004	9993
0.035804	9994
0.0358076	9995
0.0358112	9996
0.0358149	9997
0.0358185	9998
0.0358221	9999
0.0358257	10000
0.0358293	10001
0.0358329	10002
0.0358365	10003
0.0358401	10004
0.0358437	10005
0.0358473	10006
0.0358509	10007
0.0358545	10008
0.0358581	10009
0.0358617	10010
0.0358653	10011
0.0358689	10012
0.0358726	10013
0.0358762	10014
0.0358798	10015
0.0358834	10016
0.035887	10017
0.0358906	10018
0.0358942	10019
0.0358978	10020
0.0359014	10021
0.035905	10022
0.0359086	10023
0.0359122	10024
0.0359158	10025
0.0359194	10026
0.035923	10027
0.0359254	10028
0.0359278	10029
0.0359314	10030
0.0359339	10031
0.0359363	10032
0.0359543	10033
0.0359567	10034
0.0359591	10035
0.0359615	10036
0.0359687	10037
0.0359723	10038
0.0359759	10039
0.0359795	10040
0.0359831	10041
0.0359855	10042
0.0359891	10043
0.0359915	10044
0.0359952	10045
0.0359964	10046
0.036	10047
0.0360012	10048
0.0360048	10049
0.036006	10050
0.0360096	10051
0.0360132	10052
0.0360168	10053
0.0360204	10054
0.036024	10055
0.0360276	10056
0.0360312	10057
0.0360348	10058
0.0360384	10059
0.036042	10060
0.0360456	10061
0.0360492	10062
0.0360529	10063
0.0360565	10064
0.0360601	10065
0.0360637	10066
0.0360673	10067
0.0360709	10068
0.0360745	10069
0.0360781	10070
0.0360817	10071
0.0360853	10072
0.0360889	10073
0.0360925	10074
0.0360961	10075
0.0360997	10076
0.0361033	10077
0.0361069	10078
0.0361105	10079
0.0361142	10080
0.0361178	10081
0.0361214	10082
0.036125	10083
0.0361286	10084
0.0361322	10085
0.0361358	10086
0.0361394	10087
0.036143	10088
0.0361466	10089
0.0361502	10090
0.0361538	10091
0.0361574	10092
0.036161	10093
0.0361646	10094
0.0361682	10095
0.0361718	10096
0.0361755	10097
0.0361791	10099
0.0361827	10100
0.0361863	10101
0.0361899	10102
0.0361935	10103
0.0361971	10104
0.0362007	10105
0.0362043	10106
0.0362079	10107
0.0362115	10108
0.0362151	10109
0.0362187	10110
0.0362223	10111
0.0362259	10112
0.0362295	10113
0.0362332	10114
0.0362368	10115
0.0362404	10116
0.036244	10117
0.0362464	10118
0.0362488	10119
0.0362524	10120
0.0362548	10121
0.0362572	10122
0.0362752	10123
0.0362776	10124
0.03628	10125
0.0362824	10126
0.0362896	10127
0.0362933	10128
0.0362969	10129
0.0363005	10130
0.0363041	10131
0.0363065	10132
0.0363101	10133
0.0363125	10134
0.0363161	10135
0.0363173	10136
0.0363209	10137
0.0363221	10138
0.0363257	10139
0.0363269	10140
0.0363305	10141
0.0363341	10142
0.0363377	10143
0.0363413	10144
0.0363449	10145
0.0363485	10146
0.0363521	10147
0.0363558	10148
0.0363594	10149
0.036363	10150
0.0363666	10151
0.0363702	10152
0.0363738	10153
0.0363774	10154
0.036381	10155
0.0363846	10156
0.0363882	10157
0.0363918	10158
0.0363954	10159
0.036399	10160
0.0364026	10161
0.0364062	10162
0.0364098	10163
0.0364135	10164
0.0364171	10165
0.0364207	10166
0.0364243	10167
0.0364279	10168
0.0364315	10169
0.0364351	10170
0.0364387	10171
0.0364423	10172
0.0364459	10173
0.0364495	10174
0.0364531	10175
0.0364567	10176
0.0364603	10177
0.0364639	10178
0.0364675	10179
0.0364711	10180
0.0364748	10181
0.0364784	10182
0.036482	10183
0.0364856	10184
0.0364892	10185
0.0364928	10186
0.0364964	10187
0.0365	10188
0.0365036	10189
0.0365072	10190
0.0365108	10191
0.0365144	10192
0.036518	10193
0.0365216	10194
0.0365252	10195
0.0365288	10196
0.0365324	10197
0.0365361	10198
0.0365397	10199
0.0365433	10200
0.0365469	10201
0.0365505	10202
0.0365541	10203
0.0365577	10204
0.0365613	10205
0.0365649	10206
0.0365673	10207
0.0365697	10208
0.0365733	10209
0.0365757	10210
0.0365781	10211
0.0365962	10212
0.0365986	10213
0.036601	10214
0.0366034	10215
0.0366106	10216
0.0366142	10217
0.0366178	10218
0.0366214	10220
0.036625	10221
0.0366274	10222
0.036631	10223
0.0366334	10224
0.036637	10225
0.0366382	10226
0.0366418	10227
0.036643	10228
0.0366466	10229
0.0366478	10230
0.0366514	10231
0.0366551	10232
0.0366587	10233
0.0366623	10234
0.0366659	10235
0.0366695	10236
0.0366731	10237
0.0366767	10238
0.0366803	10239
0.0366839	10240
0.0366875	10241
0.0366911	10242
0.0366947	10243
0.0366983	10244
0.0367019	10245
0.0367055	10246
0.0367091	10247
0.0367127	10248
0.0367164	10249
0.03672	10250
0.0367236	10251
0.0367272	10252
0.0367308	10253
0.0367344	10254
0.036738	10255
0.0367416	10256
0.0367452	10257
0.0367488	10258
0.0367524	10259
0.036756	10260
0.0367596	10261
0.0367632	10262
0.0367668	10263
0.0367704	10264
0.0367741	10265
0.0367777	10266
0.0367813	10267
0.0367849	10268
0.0367885	10269
0.0367921	10270
0.0367957	10271
0.0367993	10272
0.0368029	10273
0.0368065	10274
0.0368101	10275
0.0368137	10276
0.0368173	10277
0.0368209	10278
0.0368245	10279
0.0368281	10280
0.0368317	10281
0.0368354	10282
0.036839	10283
0.0368426	10284
0.0368462	10285
0.0368498	10286
0.0368534	10287
0.036857	10288
0.0368606	10289
0.0368642	10290
0.0368678	10291
0.0368714	10292
0.036875	10293
0.0368786	10294
0.0368822	10295
0.0368858	10296
0.0368882	10297
0.0368906	10298
0.0368943	10299
0.0368967	10300
0.0368991	10301
0.0369171	10302
0.0369195	10303
0.0369219	10304
0.0369243	10305
0.0369315	10306
0.0369351	10307
0.0369387	10308
0.0369423	10309
0.0369459	10310
0.0369483	10311
0.0369519	10312
0.0369544	10313
0.036958	10314
0.0369592	10315
0.0369628	10316
0.036964	10317
0.0369676	10318
0.0369688	10319
0.0369724	10320
0.036976	10321
0.0369796	10322
0.0369832	10323
0.0369868	10324
0.0369904	10325
0.036994	10326
0.0369976	10327
0.0370012	10328
0.0370048	10329
0.0370084	10330
0.037012	10331
0.0370157	10332
0.0370193	10333
0.0370229	10334
0.0370265	10335
0.0370301	10336
0.0370337	10337
0.0370373	10338
0.0370409	10339
0.0370445	10340
0.0370481	10342
0.0370517	10343
0.0370553	10344
0.0370589	10345
0.0370625	10346
0.0370661	10347
0.0370697	10348
0.0370733	10349
0.037077	10350
0.0370806	10351
0.0370842	10352
0.0370878	10353
0.0370914	10354
0.037095	10355
0.0370986	10356
0.0371022	10357
0.0371058	10358
0.0371094	10359
0.037113	10360
0.0371166	10361
0.0371202	10362
0.0371238	10363
0.0371274	10364
0.037131	10365
0.0371347	10366
0.0371383	10367
0.0371419	10368
0.0371455	10369
0.0371491	10370
0.0371527	10371
0.0371563	10372
0.0371599	10373
0.0371635	10374
0.0371671	10375
0.0371707	10376
0.0371743	10377
0.0371779	10378
0.0371815	10379
0.0371851	10380
0.0371887	10381
0.0371923	10382
0.037196	10383
0.0371996	10384
0.0372032	10385
0.0372068	10386
0.0372092	10387
0.0372116	10388
0.0372152	10389
0.0372176	10390
0.03722	10391
0.037238	10392
0.0372404	10393
0.0372428	10394
0.0372452	10395
0.0372524	10396
0.0372561	10397
0.0372597	10398
0.0372633	10399
0.0372669	10400
0.0372693	10401
0.0372729	10402
0.0372753	10403
0.0372789	10404
0.0372801	10405
0.0372837	10406
0.0372849	10407
0.0372885	10408
0.0372897	10409
0.0372933	10410
0.0372969	10411
0.0373005	10412
0.0373041	10413
0.0373077	10414
0.0373113	10415
0.037315	10416
0.0373186	10417
0.0373222	10418
0.0373258	10419
0.0373294	10420
0.037333	10421
0.0373366	10422
0.0373402	10423
0.0373438	10424
0.0373474	10425
0.037351	10426
0.0373546	10427
0.0373582	10428
0.0373618	10429
0.0373654	10430
0.037369	10431
0.0373726	10432
0.0373763	10433
0.0373799	10434
0.0373835	10435
0.0373871	10436
0.0373907	10437
0.0373943	10438
0.0373979	10439
0.0374015	10440
0.0374051	10441
0.0374087	10442
0.0374123	10443
0.0374159	10444
0.0374195	10445
0.0374231	10446
0.0374267	10447
0.0374303	10448
0.0374339	10449
0.0374376	10450
0.0374412	10451
0.0374448	10452
0.0374484	10453
0.037452	10454
0.0374556	10455
0.0374592	10456
0.0374628	10457
0.0374664	10458
0.03747	10459
0.0374736	10460
0.0374772	10461
0.0374808	10462
0.0374844	10464
0.037488	10465
0.0374916	10466
0.0374953	10467
0.0374989	10468
0.0375025	10469
0.0375061	10470
0.0375097	10471
0.0375133	10472
0.0375169	10473
0.0375205	10474
0.0375241	10475
0.0375277	10476
0.0375301	10477
0.0375325	10478
0.0375361	10479
0.0375385	10480
0.0375409	10481
0.037559	10482
0.0375614	10483
0.0375638	10484
0.0375662	10485
0.0375734	10486
0.037577	10487
0.0375806	10488
0.0375842	10489
0.0375878	10490
0.0375902	10491
0.0375938	10492
0.0375962	10493
0.0375998	10494
0.037601	10495
0.0376046	10496
0.0376058	10497
0.0376094	10498
0.0376106	10499
0.0376142	10500
0.0376179	10501
0.0376215	10502
0.0376251	10503
0.0376287	10504
0.0376323	10505
0.0376359	10506
0.0376395	10507
0.0376431	10508
0.0376467	10509
0.0376503	10510
0.0376539	10511
0.0376575	10512
0.0376611	10513
0.0376647	10514
0.0376683	10515
0.0376719	10516
0.0376756	10517
0.0376792	10518
0.0376828	10519
0.0376864	10520
0.03769	10521
0.0376936	10522
0.0376972	10523
0.0377008	10524
0.0377044	10525
0.037708	10526
0.0377116	10527
0.0377152	10528
0.0377188	10529
0.0377224	10530
0.037726	10531
0.0377296	10532
0.0377332	10533
0.0377369	10534
0.0377405	10535
0.0377441	10536
0.0377477	10537
0.0377513	10538
0.0377549	10539
0.0377585	10540
0.0377621	10541
0.0377657	10542
0.0377693	10543
0.0377729	10544
0.0377765	10545
0.0377801	10546
0.0377837	10547
0.0377873	10548
0.0377909	10549
0.0377945	10550
0.0377982	10551
0.0378018	10552
0.0378054	10553
0.037809	10554
0.0378126	10555
0.0378162	10556
0.0378198	10557
0.0378234	10558
0.037827	10559
0.0378306	10560
0.0378342	10561
0.0378378	10562
0.0378414	10563
0.037845	10564
0.0378486	10565
0.037851	10566
0.0378534	10567
0.0378571	10568
0.0378595	10569
0.0378619	10570
0.0378799	10571
0.0378823	10572
0.0378847	10573
0.0378871	10574
0.0378943	10575
0.0378979	10576
0.0379015	10577
0.0379051	10578
0.0379087	10579
0.0379111	10580
0.0379147	10581
0.0379172	10582
0.0379208	10583
0.037922	10585
0.0379256	10586
0.0379268	10587
0.0379304	10588
0.0379316	10589
0.0379352	10590
0.0379388	10591
0.0379424	10592
0.037946	10593
0.0379496	10594
0.0379532	10595
0.0379568	10596
0.0379604	10597
0.037964	10598
0.0379676	10599
0.0379712	10600
0.0379748	10601
0.0379785	10602
0.0379821	10603
0.0379857	10604
0.0379893	10605
0.0379929	10606
0.0379965	10607
0.0380001	10608
0.0380037	10609
0.0380073	10610
0.0380109	10611
0.0380145	10612
0.0380181	10613
0.0380217	10614
0.0380253	10615
0.0380289	10616
0.0380325	10617
0.0380362	10618
0.0380398	10619
0.0380434	10620
0.038047	10621
0.0380506	10622
0.0380542	10623
0.0380578	10624
0.0380614	10625
0.038065	10626
0.0380686	10627
0.0380722	10628
0.0380758	10629
0.0380794	10630
0.038083	10631
0.0380866	10632
0.0380902	10633
0.0380938	10634
0.0380975	10635
0.0381011	10636
0.0381047	10637
0.0381083	10638
0.0381119	10639
0.0381155	10640
0.0381191	10641
0.0381227	10642
0.0381263	10643
0.0381299	10644
0.0381335	10645
0.0381371	10646
0.0381407	10647
0.0381443	10648
0.0381479	10649
0.0381515	10650
0.0381551	10651
0.0381588	10652
0.0381624	10653
0.038166	10654
0.0381696	10655
0.038172	10656
0.0381744	10657
0.038178	10658
0.0381804	10659
0.0381828	10660
0.0382008	10661
0.0382032	10662
0.0382056	10663
0.038208	10664
0.0382152	10665
0.0382189	10666
0.0382225	10667
0.0382261	10668
0.0382297	10669
0.0382321	10670
0.0382357	10671
0.0382381	10672
0.0382417	10673
0.0382429	10674
0.0382465	10675
0.0382477	10676
0.0382513	10677
0.0382525	10678
0.0382561	10679
0.0382597	10680
0.0382633	10681
0.0382669	10682
0.0382705	10683
0.0382741	10684
0.0382778	10685
0.0382814	10686
0.038285	10687
0.0382886	10688
0.0382922	10689
0.0382958	10690
0.0382994	10691
0.038303	10692
0.0383066	10693
0.0383102	10694
0.0383138	10695
0.0383174	10696
0.038321	10697
0.0383246	10698
0.0383282	10699
0.0383318	10700
0.0383354	10701
0.0383391	10702
0.0383427	10703
0.0383463	10704
0.0383499	10705
0.0383535	10707
0.0383571	10708
0.0383607	10709
0.0383643	10710
0.0383679	10711
0.0383715	10712
0.0383751	10713
0.0383787	10714
0.0383823	10715
0.0383859	10716
0.0383895	10717
0.0383931	10718
0.0383968	10719
0.0384004	10720
0.038404	10721
0.0384076	10722
0.0384112	10723
0.0384148	10724
0.0384184	10725
0.038422	10726
0.0384256	10727
0.0384292	10728
0.0384328	10729
0.0384364	10730
0.03844	10731
0.0384436	10732
0.0384472	10733
0.0384508	10734
0.0384544	10735
0.0384581	10736
0.0384617	10737
0.0384653	10738
0.0384689	10739
0.0384725	10740
0.0384761	10741
0.0384797	10742
0.0384833	10743
0.0384869	10744
0.0384905	10745
0.0384929	10746
0.0384953	10747
0.0384989	10748
0.0385013	10749
0.0385037	10750
0.0385218	10751
0.0385242	10752
0.0385266	10753
0.038529	10754
0.0385362	10755
0.0385398	10756
0.0385434	10757
0.038547	10758
0.0385506	10759
0.038553	10760
0.0385566	10761
0.038559	10762
0.0385626	10763
0.0385638	10764
0.0385674	10765
0.0385686	10766
0.0385722	10767
0.0385734	10768
0.0385771	10769
0.0385807	10770
0.0385843	10771
0.0385879	10772
0.0385915	10773
0.0385951	10774
0.0385987	10775
0.0386023	10776
0.0386059	10777
0.0386095	10778
0.0386131	10779
0.0386167	10780
0.0386203	10781
0.0386239	10782
0.0386275	10783
0.0386311	10784
0.0386347	10785
0.0386384	10786
0.038642	10787
0.0386456	10788
0.0386492	10789
0.0386528	10790
0.0386564	10791
0.03866	10792
0.0386636	10793
0.0386672	10794
0.0386708	10795
0.0386744	10796
0.038678	10797
0.0386816	10798
0.0386852	10799
0.0386888	10800
0.0386924	10801
0.038696	10802
0.0386997	10803
0.0387033	10804
0.0387069	10805
0.0387105	10806
0.0387141	10807
0.0387177	10808
0.0387213	10809
0.0387249	10810
0.0387285	10811
0.0387321	10812
0.0387357	10813
0.0387393	10814
0.0387429	10815
0.0387465	10816
0.0387501	10817
0.0387537	10818
0.0387574	10819
0.038761	10820
0.0387646	10821
0.0387682	10822
0.0387718	10823
0.0387754	10824
0.038779	10825
0.0387826	10826
0.0387862	10827
0.0387898	10829
0.0387934	10830
0.038797	10831
0.0388006	10832
0.0388042	10833
0.0388078	10834
0.0388114	10835
0.0388138	10836
0.0388162	10837
0.0388199	10838
0.0388223	10839
0.0388247	10840
0.0388427	10841
0.0388451	10842
0.0388475	10843
0.0388499	10844
0.0388571	10845
0.0388607	10846
0.0388643	10847
0.0388679	10848
0.0388715	10849
0.0388739	10850
0.0388776	10851
0.03888	10852
0.0388836	10853
0.0388848	10854
0.0388884	10855
0.0388896	10856
0.0388932	10857
0.0388944	10858
0.038898	10859
0.0389016	10860
0.0389052	10861
0.0389088	10862
0.0389124	10863
0.038916	10864
0.0389196	10865
0.0389232	10866
0.0389268	10867
0.0389304	10868
0.038934	10869
0.0389377	10870
0.0389413	10871
0.0389449	10872
0.0389485	10873
0.0389521	10874
0.0389557	10875
0.0389593	10876
0.0389629	10877
0.0389665	10878
0.0389701	10879
0.0389737	10880
0.0389773	10881
0.0389809	10882
0.0389845	10883
0.0389881	10884
0.0389917	10885
0.0389953	10886
0.038999	10887
0.0390026	10888
0.0390062	10889
0.0390098	10890
0.0390134	10891
0.039017	10892
0.0390206	10893
0.0390242	10894
0.0390278	10895
0.0390314	10896
0.039035	10897
0.0390386	10898
0.0390422	10899
0.0390458	10900
0.0390494	10901
0.039053	10902
0.0390566	10903
0.0390603	10904
0.0390639	10905
0.0390675	10906
0.0390711	10907
0.0390747	10908
0.0390783	10909
0.0390819	10910
0.0390855	10911
0.0390891	10912
0.0390927	10913
0.0390963	10914
0.0390999	10915
0.0391035	10916
0.0391071	10917
0.0391107	10918
0.0391143	10919
0.039118	10920
0.0391216	10921
0.0391252	10922
0.0391288	10923
0.0391324	10924
0.0391348	10925
0.0391372	10926
0.0391408	10927
0.0391432	10928
0.0391456	10929
0.0391636	10930
0.039166	10931
0.0391684	10932
0.0391708	10933
0.0391781	10934
0.0391817	10935
0.0391853	10936
0.0391889	10937
0.0391925	10938
0.0391949	10939
0.0391985	10940
0.0392009	10941
0.0392045	10942
0.0392057	10943
0.0392093	10944
0.0392105	10945
0.0392141	10946
0.0392153	10947
0.0392189	10948
0.0392225	10950
0.0392261	10951
0.0392297	10952
0.0392333	10953
0.0392369	10954
0.0392406	10955
0.0392442	10956
0.0392478	10957
0.0392514	10958
0.039255	10959
0.0392586	10960
0.0392622	10961
0.0392658	10962
0.0392694	10963
0.039273	10964
0.0392766	10965
0.0392802	10966
0.0392838	10967
0.0392874	10968
0.039291	10969
0.0392946	10970
0.0392983	10971
0.0393019	10972
0.0393055	10973
0.0393091	10974
0.0393127	10975
0.0393163	10976
0.0393199	10977
0.0393235	10978
0.0393271	10979
0.0393307	10980
0.0393343	10981
0.0393379	10982
0.0393415	10983
0.0393451	10984
0.0393487	10985
0.0393523	10986
0.0393559	10987
0.0393596	10988
0.0393632	10989
0.0393668	10990
0.0393704	10991
0.039374	10992
0.0393776	10993
0.0393812	10994
0.0393848	10995
0.0393884	10996
0.039392	10997
0.0393956	10998
0.0393992	10999
0.0394028	11000
0.0394064	11001
0.03941	11002
0.0394136	11003
0.0394172	11004
0.0394209	11005
0.0394245	11006
0.0394281	11007
0.0394317	11008
0.0394353	11009
0.0394389	11010
0.0394425	11011
0.0394461	11012
0.0394497	11013
0.0394533	11014
0.0394557	11015
0.0394581	11016
0.0394617	11017
0.0394641	11018
0.0394665	11019
0.0394846	11020
0.039487	11021
0.0394894	11022
0.0394918	11023
0.039499	11024
0.0395026	11025
0.0395062	11026
0.0395098	11027
0.0395134	11028
0.0395158	11029
0.0395194	11030
0.0395218	11031
0.0395254	11032
0.0395266	11033
0.0395302	11034
0.0395314	11035
0.039535	11036
0.0395362	11037
0.0395399	11038
0.0395435	11039
0.0395471	11040
0.0395507	11041
0.0395543	11042
0.0395579	11043
0.0395615	11044
0.0395651	11045
0.0395687	11046
0.0395723	11047
0.0395759	11048
0.0395795	11049
0.0395831	11050
0.0395867	11051
0.0395903	11052
0.0395939	11053
0.0395975	11054
0.0396012	11055
0.0396048	11056
0.0396084	11057
0.039612	11058
0.0396156	11059
0.0396192	11060
0.0396228	11061
0.0396264	11062
0.03963	11063
0.0396336	11064
0.0396372	11065
0.0396408	11066
0.0396444	11067
0.039648	11068
0.0396516	11069
0.0396552	11070
0.0396589	11072
0.0396625	11073
0.0396661	11074
0.0396697	11075
0.0396733	11076
0.0396769	11077
0.0396805	11078
0.0396841	11079
0.0396877	11080
0.0396913	11081
0.0396949	11082
0.0396985	11083
0.0397021	11084
0.0397057	11085
0.0397093	11086
0.0397129	11087
0.0397165	11088
0.0397202	11089
0.0397238	11090
0.0397274	11091
0.039731	11092
0.0397346	11093
0.0397382	11094
0.0397418	11095
0.0397454	11096
0.039749	11097
0.0397526	11098
0.0397562	11099
0.0397598	11100
0.0397634	11101
0.039767	11102
0.0397706	11103
0.0397742	11104
0.0397766	11105
0.0397791	11106
0.0397827	11107
0.0397851	11108
0.0397875	11109
0.0398055	11110
0.0398079	11111
0.0398103	11112
0.0398127	11113
0.0398199	11114
0.0398235	11115
0.0398271	11116
0.0398307	11117
0.0398343	11118
0.0398367	11119
0.0398404	11120
0.0398428	11121
0.0398464	11122
0.0398476	11123
0.0398512	11124
0.0398524	11125
0.039856	11126
0.0398572	11127
0.0398608	11128
0.0398644	11129
0.039868	11130
0.0398716	11131
0.0398752	11132
0.0398788	11133
0.0398824	11134
0.039886	11135
0.0398896	11136
0.0398932	11137
0.0398968	11138
0.0399005	11139
0.0399041	11140
0.0399077	11141
0.0399113	11142
0.0399149	11143
0.0399185	11144
0.0399221	11145
0.0399257	11146
0.0399293	11147
0.0399329	11148
0.0399365	11149
0.0399401	11150
0.0399437	11151
0.0399473	11152
0.0399509	11153
0.0399545	11154
0.0399581	11155
0.0399618	11156
0.0399654	11157
0.039969	11158
0.0399726	11159
0.0399762	11160
0.0399798	11161
0.0399834	11162
0.039987	11163
0.0399906	11164
0.0399942	11165
0.0399978	11166
0.0400014	11167
0.040005	11168
0.0400086	11169
0.0400122	11170
0.0400158	11171
0.0400195	11172
0.0400231	11173
0.0400267	11174
0.0400303	11175
0.0400339	11176
0.0400375	11177
0.0400411	11178
0.0400447	11179
0.0400483	11180
0.0400519	11181
0.0400555	11182
0.0400591	11183
0.0400627	11184
0.0400663	11185
0.0400699	11186
0.0400735	11187
0.0400771	11188
0.0400808	11189
0.0400844	11190
0.040088	11191
0.0400916	11192
0.0400952	11194
0.0400976	11195
0.0401	11196
0.0401036	11197
0.040106	11198
0.0401084	11199
0.0401264	11200
0.0401288	11201
0.0401312	11202
0.0401336	11203
0.0401409	11204
0.0401445	11205
0.0401481	11206
0.0401517	11207
0.0401553	11208
0.0401577	11209
0.0401613	11210
0.0401637	11211
0.0401673	11212
0.0401685	11213
0.0401721	11214
0.0401733	11215
0.0401769	11216
0.0401781	11217
0.0401817	11218
0.0401853	11219
0.0401889	11220
0.0401925	11221
0.0401961	11222
0.0401998	11223
0.0402034	11224
0.040207	11225
0.0402106	11226
0.0402142	11227
0.0402178	11228
0.0402214	11229
0.040225	11230
0.0402286	11231
0.0402322	11232
0.0402358	11233
0.0402394	11234
0.040243	11235
0.0402466	11236
0.0402502	11237
0.0402538	11238
0.0402574	11239
0.0402611	11240
0.0402647	11241
0.0402683	11242
0.0402719	11243
0.0402755	11244
0.0402791	11245
0.0402827	11246
0.0402863	11247
0.0402899	11248
0.0402935	11249
0.0402971	11250
0.0403007	11251
0.0403043	11252
0.0403079	11253
0.0403115	11254
0.0403151	11255
0.0403187	11256
0.0403224	11257
0.040326	11258
0.0403296	11259
0.0403332	11260
0.0403368	11261
0.0403404	11262
0.040344	11263
0.0403476	11264
0.0403512	11265
0.0403548	11266
0.0403584	11267
0.040362	11268
0.0403656	11269
0.0403692	11270
0.0403728	11271
0.0403764	11272
0.0403801	11273
0.0403837	11274
0.0403873	11275
0.0403909	11276
0.0403945	11277
0.0403981	11278
0.0404017	11279
0.0404053	11280
0.0404089	11281
0.0404125	11282
0.0404161	11283
0.0404185	11284
0.0404209	11285
0.0404245	11286
0.0404269	11287
0.0404293	11288
0.0404474	11289
0.0404498	11290
0.0404522	11291
0.0404546	11292
0.0404618	11293
0.0404654	11294
0.040469	11295
0.0404726	11296
0.0404762	11297
0.0404786	11298
0.0404822	11299
0.0404846	11300
0.0404882	11301
0.0404894	11302
0.040493	11303
0.0404942	11304
0.0404978	11305
0.040499	11306
0.0405027	11307
0.0405063	11308
0.0405099	11309
0.0405135	11310
0.0405171	11311
0.0405207	11312
0.0405243	11313
0.0405279	11315
0.0405315	11316
0.0405351	11317
0.0405387	11318
0.0405423	11319
0.0405459	11320
0.0405495	11321
0.0405531	11322
0.0405567	11323
0.0405604	11324
0.040564	11325
0.0405676	11326
0.0405712	11327
0.0405748	11328
0.0405784	11329
0.040582	11330
0.0405856	11331
0.0405892	11332
0.0405928	11333
0.0405964	11334
0.0406	11335
0.0406036	11336
0.0406072	11337
0.0406108	11338
0.0406144	11339
0.040618	11340
0.0406217	11341
0.0406253	11342
0.0406289	11343
0.0406325	11344
0.0406361	11345
0.0406397	11346
0.0406433	11347
0.0406469	11348
0.0406505	11349
0.0406541	11350
0.0406577	11351
0.0406613	11352
0.0406649	11353
0.0406685	11354
0.0406721	11355
0.0406757	11356
0.0406793	11357
0.040683	11358
0.0406866	11359
0.0406902	11360
0.0406938	11361
0.0406974	11362
0.040701	11363
0.0407046	11364
0.0407082	11365
0.0407118	11366
0.0407154	11367
0.040719	11368
0.0407226	11369
0.0407262	11370
0.0407298	11371
0.0407334	11372
0.040737	11373
0.0407394	11374
0.0407419	11375
0.0407455	11376
0.0407479	11377
0.0407503	11378
0.0407683	11379
0.0407707	11380
0.0407731	11381
0.0407755	11382
0.0407827	11383
0.0407863	11384
0.0407899	11385
0.0407935	11386
0.0407971	11387
0.0407995	11388
0.0408032	11389
0.0408056	11390
0.0408092	11391
0.0408104	11392
0.040814	11393
0.0408152	11394
0.0408188	11395
0.04082	11396
0.0408236	11397
0.0408272	11398
0.0408308	11399
0.0408344	11400
0.040838	11401
0.0408416	11402
0.0408452	11403
0.0408488	11404
0.0408524	11405
0.040856	11406
0.0408596	11407
0.0408633	11408
0.0408669	11409
0.0408705	11410
0.0408741	11411
0.0408777	11412
0.0408813	11413
0.0408849	11414
0.0408885	11415
0.0408921	11416
0.0408957	11417
0.0408993	11418
0.0409029	11419
0.0409065	11420
0.0409101	11421
0.0409137	11422
0.0409173	11423
0.040921	11424
0.0409246	11425
0.0409282	11426
0.0409318	11427
0.0409354	11428
0.040939	11429
0.0409426	11430
0.0409462	11431
0.0409498	11432
0.0409534	11433
0.040957	11434
0.0409606	11435
0.0409642	11437
0.0409678	11438
0.0409714	11439
0.040975	11440
0.0409786	11441
0.0409823	11442
0.0409859	11443
0.0409895	11444
0.0409931	11445
0.0409967	11446
0.0410003	11447
0.0410039	11448
0.0410075	11449
0.0410111	11450
0.0410147	11451
0.0410183	11452
0.0410219	11453
0.0410255	11454
0.0410291	11455
0.0410327	11456
0.0410363	11457
0.0410399	11458
0.0410436	11459
0.0410472	11460
0.0410508	11461
0.0410544	11462
0.041058	11463
0.0410604	11464
0.0410628	11465
0.0410664	11466
0.0410688	11467
0.0410712	11468
0.0410892	11469
0.0410916	11470
0.041094	11471
0.0410964	11472
0.0411037	11473
0.0411073	11474
0.0411109	11475
0.0411145	11476
0.0411181	11477
0.0411205	11478
0.0411241	11479
0.0411265	11480
0.0411301	11481
0.0411313	11482
0.0411349	11483
0.0411361	11484
0.0411397	11485
0.0411409	11486
0.0411445	11487
0.0411481	11488
0.0411517	11489
0.0411553	11490
0.0411589	11491
0.0411626	11492
0.0411662	11493
0.0411698	11494
0.0411734	11495
0.041177	11496
0.0411806	11497
0.0411842	11498
0.0411878	11499
0.0411914	11500
0.041195	11501
0.0411986	11502
0.0412022	11503
0.0412058	11504
0.0412094	11505
0.041213	11506
0.0412166	11507
0.0412202	11508
0.0412239	11509
0.0412275	11510
0.0412311	11511
0.0412347	11512
0.0412383	11513
0.0412419	11514
0.0412455	11515
0.0412491	11516
0.0412527	11517
0.0412563	11518
0.0412599	11519
0.0412635	11520
0.0412671	11521
0.0412707	11522
0.0412743	11523
0.0412779	11524
0.0412816	11525
0.0412852	11526
0.0412888	11527
0.0412924	11528
0.041296	11529
0.0412996	11530
0.0413032	11531
0.0413068	11532
0.0413104	11533
0.041314	11534
0.0413176	11535
0.0413212	11536
0.0413248	11537
0.0413284	11538
0.041332	11539
0.0413356	11540
0.0413392	11541
0.0413429	11542
0.0413465	11543
0.0413501	11544
0.0413537	11545
0.0413573	11546
0.0413609	11547
0.0413645	11548
0.0413681	11549
0.0413717	11550
0.0413753	11551
0.0413789	11552
0.0413813	11553
0.0413837	11554
0.0413873	11555
0.0413897	11556
0.0413921	11557
0.0414102	11559
0.0414126	11560
0.041415	11561
0.0414174	11562
0.0414246	11563
0.0414282	11564
0.0414318	11565
0.0414354	11566
0.041439	11567
0.0414414	11568
0.041445	11569
0.0414474	11570
0.041451	11571
0.0414522	11572
0.0414558	11573
0.041457	11574
0.0414606	11575
0.0414619	11576
0.0414655	11577
0.0414691	11578
0.0414727	11579
0.0414763	11580
0.0414799	11581
0.0414835	11582
0.0414871	11583
0.0414907	11584
0.0414943	11585
0.0414979	11586
0.0415015	11587
0.0415051	11588
0.0415087	11589
0.0415123	11590
0.0415159	11591
0.0415195	11592
0.0415232	11593
0.0415268	11594
0.0415304	11595
0.041534	11596
0.0415376	11597
0.0415412	11598
0.0415448	11599
0.0415484	11600
0.041552	11601
0.0415556	11602
0.0415592	11603
0.0415628	11604
0.0415664	11605
0.04157	11606
0.0415736	11607
0.0415772	11608
0.0415808	11609
0.0415845	11610
0.0415881	11611
0.0415917	11612
0.0415953	11613
0.0415989	11614
0.0416025	11615
0.0416061	11616
0.0416097	11617
0.0416133	11618
0.0416169	11619
0.0416205	11620
0.0416241	11621
0.0416277	11622
0.0416313	11623
0.0416349	11624
0.0416385	11625
0.0416422	11626
0.0416458	11627
0.0416494	11628
0.041653	11629
0.0416566	11630
0.0416602	11631
0.0416638	11632
0.0416674	11633
0.041671	11634
0.0416746	11635
0.0416782	11636
0.0416818	11637
0.0416854	11638
0.041689	11639
0.0416926	11640
0.0416962	11641
0.0416998	11642
0.0417023	11643
0.0417047	11644
0.0417083	11645
0.0417107	11646
0.0417131	11647
0.0417311	11648
0.0417335	11649
0.0417359	11650
0.0417383	11651
0.0417455	11652
0.0417491	11653
0.0417527	11654
0.0417563	11655
0.0417599	11656
0.0417624	11657
0.041766	11658
0.0417684	11659
0.041772	11660
0.0417732	11661
0.0417768	11662
0.041778	11663
0.0417816	11664
0.0417828	11665
0.0417864	11666
0.04179	11667
0.0417936	11668
0.0417972	11669
0.0418008	11670
0.0418044	11671
0.041808	11672
0.0418116	11673
0.0418152	11674
0.0418188	11675
0.0418225	11676
0.0418261	11677
0.0418297	11678
0.0418333	11680
0.0418369	11681
0.0418405	11682
0.0418441	11683
0.0418477	11684
0.0418513	11685
0.0418549	11686
0.0418585	11687
0.0418621	11688
0.0418657	11689
0.0418693	11690
0.0418729	11691
0.0418765	11692
0.0418801	11693
0.0418838	11694
0.0418874	11695
0.041891	11696
0.0418946	11697
0.0418982	11698
0.0419018	11699
0.0419054	11700
0.041909	11701
0.0419126	11702
0.0419162	11703
0.0419198	11704
0.0419234	11705
0.041927	11706
0.0419306	11707
0.0419342	11708
0.0419378	11709
0.0419414	11710
0.0419451	11711
0.0419487	11712
0.0419523	11713
0.0419559	11714
0.0419595	11715
0.0419631	11716
0.0419667	11717
0.0419703	11718
0.0419739	11719
0.0419775	11720
0.0419811	11721
0.0419847	11722
0.0419883	11723
0.0419919	11724
0.0419955	11725
0.0419991	11726
0.0420028	11727
0.0420064	11728
0.04201	11729
0.0420136	11730
0.0420172	11731
0.0420208	11732
0.0420232	11733
0.0420256	11734
0.0420292	11735
0.0420316	11736
0.042034	11737
0.042052	11738
0.0420544	11739
0.0420568	11740
0.0420592	11741
0.0420665	11742
0.0420701	11743
0.0420737	11744
0.0420773	11745
0.0420809	11746
0.0420833	11747
0.0420869	11748
0.0420893	11749
0.0420929	11750
0.0420941	11751
0.0420977	11752
0.0420989	11753
0.0421025	11754
0.0421037	11755
0.0421073	11756
0.0421109	11757
0.0421145	11758
0.0421181	11759
0.0421217	11760
0.0421254	11761
0.042129	11762
0.0421326	11763
0.0421362	11764
0.0421398	11765
0.0421434	11766
0.042147	11767
0.0421506	11768
0.0421542	11769
0.0421578	11770
0.0421614	11771
0.042165	11772
0.0421686	11773
0.0421722	11774
0.0421758	11775
0.0421794	11776
0.0421831	11777
0.0421867	11778
0.0421903	11779
0.0421939	11780
0.0421975	11781
0.0422011	11782
0.0422047	11783
0.0422083	11784
0.0422119	11785
0.0422155	11786
0.0422191	11787
0.0422227	11788
0.0422263	11789
0.0422299	11790
0.0422335	11791
0.0422371	11792
0.0422407	11793
0.0422444	11794
0.042248	11795
0.0422516	11796
0.0422552	11797
0.0422588	11798
0.0422624	11799
0.042266	11800
0.0422696	11802
0.0422732	11803
0.0422768	11804
0.0422804	11805
0.042284	11806
0.0422876	11807
0.0422912	11808
0.0422948	11809
0.0422984	11810
0.042302	11811
0.0423057	11812
0.0423093	11813
0.0423129	11814
0.0423165	11815
0.0423201	11816
0.0423237	11817
0.0423273	11818
0.0423309	11819
0.0423345	11820
0.0423381	11821
0.0423417	11822
0.0423441	11823
0.0423465	11824
0.0423501	11825
0.0423525	11826
0.0423549	11827
0.042373	11828
0.0423754	11829
0.0423778	11830
0.0423802	11831
0.0423874	11832
0.042391	11833
0.0423946	11834
0.0423982	11835
0.0424018	11836
0.0424042	11837
0.0424078	11838
0.0424102	11839
0.0424138	11840
0.042415	11841
0.0424186	11842
0.0424198	11843
0.0424235	11844
0.0424247	11845
0.0424283	11846
0.0424319	11847
0.0424355	11848
0.0424391	11849
0.0424427	11850
0.0424463	11851
0.0424499	11852
0.0424535	11853
0.0424571	11854
0.0424607	11855
0.0424643	11856
0.0424679	11857
0.0424715	11858
0.0424751	11859
0.0424787	11860
0.0424823	11861
0.042486	11862
0.0424896	11863
0.0424932	11864
0.0424968	11865
0.0425004	11866
0.042504	11867
0.0425076	11868
0.0425112	11869
0.0425148	11870
0.0425184	11871
0.042522	11872
0.0425256	11873
0.0425292	11874
0.0425328	11875
0.0425364	11876
0.04254	11877
0.0425437	11878
0.0425473	11879
0.0425509	11880
0.0425545	11881
0.0425581	11882
0.0425617	11883
0.0425653	11884
0.0425689	11885
0.0425725	11886
0.0425761	11887
0.0425797	11888
0.0425833	11889
0.0425869	11890
0.0425905	11891
0.0425941	11892
0.0425977	11893
0.0426013	11894
0.042605	11895
0.0426086	11896
0.0426122	11897
0.0426158	11898
0.0426194	11899
0.042623	11900
0.0426266	11901
0.0426302	11902
0.0426338	11903
0.0426374	11904
0.042641	11905
0.0426446	11906
0.0426482	11907
0.0426518	11908
0.0426554	11909
0.042659	11910
0.0426626	11911
0.0426651	11912
0.0426675	11913
0.0426711	11914
0.0426735	11915
0.0426759	11916
0.0426939	11917
0.0426963	11918
0.0426987	11919
0.0427011	11920
0.0427083	11921
0.0427119	11922
0.0427155	11924
0.0427191	11925
0.0427227	11926
0.0427252	11927
0.0427288	11928
0.0427312	11929
0.0427348	11930
0.042736	11931
0.0427396	11932
0.0427408	11933
0.0427444	11934
0.0427456	11935
0.0427492	11936
0.0427528	11937
0.0427564	11938
0.04276	11939
0.0427636	11940
0.0427672	11941
0.0427708	11942
0.0427744	11943
0.042778	11944
0.0427816	11945
0.0427853	11946
0.0427889	11947
0.0427925	11948
0.0427961	11949
0.0427997	11950
0.0428033	11951
0.0428069	11952
0.0428105	11953
0.0428141	11954
0.0428177	11955
0.0428213	11956
0.0428249	11957
0.0428285	11958
0.0428321	11959
0.0428357	11960
0.0428393	11961
0.0428429	11962
0.0428466	11963
0.0428502	11964
0.0428538	11965
0.0428574	11966
0.042861	11967
0.0428646	11968
0.0428682	11969
0.0428718	11970
0.0428754	11971
0.042879	11972
0.0428826	11973
0.0428862	11974
0.0428898	11975
0.0428934	11976
0.042897	11977
0.0429006	11978
0.0429043	11979
0.0429079	11980
0.0429115	11981
0.0429151	11982
0.0429187	11983
0.0429223	11984
0.0429259	11985
0.0429295	11986
0.0429331	11987
0.0429367	11988
0.0429403	11989
0.0429439	11990
0.0429475	11991
0.0429511	11992
0.0429547	11993
0.0429583	11994
0.0429619	11995
0.0429656	11996
0.0429692	11997
0.0429728	11998
0.0429764	11999
0.04298	12000
0.0429836	12001
0.042986	12002
0.0429884	12003
0.042992	12004
0.0429944	12005
0.0429968	12006
0.0430148	12007
0.0430172	12008
0.0430196	12009
0.043022	12010
0.0430293	12011
0.0430329	12012
0.0430365	12013
0.0430401	12014
0.0430437	12015
0.0430461	12016
0.0430497	12017
0.0430521	12018
0.0430557	12019
0.0430569	12020
0.0430605	12021
0.0430617	12022
0.0430653	12023
0.0430665	12024
0.0430701	12025
0.0430737	12026
0.0430773	12027
0.0430809	12028
0.0430846	12029
0.0430882	12030
0.0430918	12031
0.0430954	12032
0.043099	12033
0.0431026	12034
0.0431062	12035
0.0431098	12036
0.0431134	12037
0.043117	12038
0.0431206	12039
0.0431242	12040
0.0431278	12041
0.0431314	12042
0.043135	12043
0.0431386	12045
0.0431422	12046
0.0431459	12047
0.0431495	12048
0.0431531	12049
0.0431567	12050
0.0431603	12051
0.0431639	12052
0.0431675	12053
0.0431711	12054
0.0431747	12055
0.0431783	12056
0.0431819	12057
0.0431855	12058
0.0431891	12059
0.0431927	12060
0.0431963	12061
0.0431999	12062
0.0432035	12063
0.0432072	12064
0.0432108	12065
0.0432144	12066
0.043218	12067
0.0432216	12068
0.0432252	12069
0.0432288	12070
0.0432324	12071
0.043236	12072
0.0432396	12073
0.0432432	12074
0.0432468	12075
0.0432504	12076
0.043254	12077
0.0432576	12078
0.0432612	12079
0.0432649	12080
0.0432685	12081
0.0432721	12082
0.0432757	12083
0.0432793	12084
0.0432829	12085
0.0432865	12086
0.0432901	12087
0.0432937	12088
0.0432973	12089
0.0433009	12090
0.0433045	12091
0.0433069	12092
0.0433093	12093
0.0433129	12094
0.0433153	12095
0.0433177	12096
0.0433358	12097
0.0433382	12098
0.0433406	12099
0.043343	12100
0.0433502	12101
0.0433538	12102
0.0433574	12103
0.043361	12104
0.0433646	12105
0.043367	12106
0.0433706	12107
0.043373	12108
0.0433766	12109
0.0433778	12110
0.0433814	12111
0.0433826	12112
0.0433863	12113
0.0433875	12114
0.0433911	12115
0.0433947	12116
0.0433983	12117
0.0434019	12118
0.0434055	12119
0.0434091	12120
0.0434127	12121
0.0434163	12122
0.0434199	12123
0.0434235	12124
0.0434271	12125
0.0434307	12126
0.0434343	12127
0.0434379	12128
0.0434415	12129
0.0434452	12130
0.0434488	12131
0.0434524	12132
0.043456	12133
0.0434596	12134
0.0434632	12135
0.0434668	12136
0.0434704	12137
0.043474	12138
0.0434776	12139
0.0434812	12140
0.0434848	12141
0.0434884	12142
0.043492	12143
0.0434956	12144
0.0434992	12145
0.0435028	12146
0.0435065	12147
0.0435101	12148
0.0435137	12149
0.0435173	12150
0.0435209	12151
0.0435245	12152
0.0435281	12153
0.0435317	12154
0.0435353	12155
0.0435389	12156
0.0435425	12157
0.0435461	12158
0.0435497	12159
0.0435533	12160
0.0435569	12161
0.0435605	12162
0.0435641	12163
0.0435678	12164
0.0435714	12165
0.043575	12167
0.0435786	12168
0.0435822	12169
0.0435858	12170
0.0435894	12171
0.043593	12172
0.0435966	12173
0.0436002	12174
0.0436038	12175
0.0436074	12176
0.043611	12177
0.0436146	12178
0.0436182	12179
0.0436218	12180
0.0436255	12181
0.0436279	12182
0.0436303	12183
0.0436339	12184
0.0436363	12185
0.0436387	12186
0.0436567	12187
0.0436591	12188
0.0436615	12189
0.0436639	12190
0.0436711	12191
0.0436747	12192
0.0436783	12193
0.0436819	12194
0.0436856	12195
0.043688	12196
0.0436916	12197
0.043694	12198
0.0436976	12199
0.0436988	12200
0.0437024	12201
0.0437036	12202
0.0437072	12203
0.0437084	12204
0.043712	12205
0.0437156	12206
0.0437192	12207
0.0437228	12208
0.0437264	12209
0.04373	12210
0.0437336	12211
0.0437372	12212
0.0437408	12213
0.0437444	12214
0.0437481	12215
0.0437517	12216
0.0437553	12217
0.0437589	12218
0.0437625	12219
0.0437661	12220
0.0437697	12221
0.0437733	12222
0.0437769	12223
0.0437805	12224
0.0437841	12225
0.0437877	12226
0.0437913	12227
0.0437949	12228
0.0437985	12229
0.0438021	12230
0.0438058	12231
0.0438094	12232
0.043813	12233
0.0438166	12234
0.0438202	12235
0.0438238	12236
0.0438274	12237
0.043831	12238
0.0438346	12239
0.0438382	12240
0.0438418	12241
0.0438454	12242
0.043849	12243
0.0438526	12244
0.0438562	12245
0.0438598	12246
0.0438634	12247
0.0438671	12248
0.0438707	12249
0.0438743	12250
0.0438779	12251
0.0438815	12252
0.0438851	12253
0.0438887	12254
0.0438923	12255
0.0438959	12256
0.0438995	12257
0.0439031	12258
0.0439067	12259
0.0439103	12260
0.0439139	12261
0.0439175	12262
0.0439211	12263
0.0439247	12264
0.0439284	12265
0.043932	12266
0.0439356	12267
0.0439392	12268
0.0439428	12269
0.0439464	12270
0.0439488	12271
0.0439512	12272
0.0439548	12273
0.0439572	12274
0.0439596	12275
0.0439776	12276
0.04398	12277
0.0439824	12278
0.0439848	12279
0.0439921	12280
0.0439957	12281
0.0439993	12282
0.0440029	12283
0.0440065	12284
0.0440089	12285
0.0440125	12286
0.0440149	12287
0.0440185	12289
0.0440197	12290
0.0440233	12291
0.0440245	12292
0.0440281	12293
0.0440293	12294
0.0440329	12295
0.0440365	12296
0.0440401	12297
0.0440437	12298
0.0440474	12299
0.044051	12300
0.0440546	12301
0.0440582	12302
0.0440618	12303
0.0440654	12304
0.044069	12305
0.0440726	12306
0.0440762	12307
0.0440798	12308
0.0440834	12309
0.044087	12310
0.0440906	12311
0.0440942	12312
0.0440978	12313
0.0441014	12314
0.044105	12315
0.0441087	12316
0.0441123	12317
0.0441159	12318
0.0441195	12319
0.0441231	12320
0.0441267	12321
0.0441303	12322
0.0441339	12323
0.0441375	12324
0.0441411	12325
0.0441447	12326
0.0441483	12327
0.0441519	12328
0.0441555	12329
0.0441591	12330
0.0441627	12331
0.0441664	12332
0.04417	12333
0.0441736	12334
0.0441772	12335
0.0441808	12336
0.0441844	12337
0.044188	12338
0.0441916	12339
0.0441952	12340
0.0441988	12341
0.0442024	12342
0.044206	12343
0.0442096	12344
0.0442132	12345
0.0442168	12346
0.0442204	12347
0.044224	12348
0.0442277	12349
0.0442313	12350
0.0442349	12351
0.0442385	12352
0.0442421	12353
0.0442457	12354
0.0442493	12355
0.0442529	12356
0.0442565	12357
0.0442601	12358
0.0442637	12359
0.0442673	12360
0.0442697	12361
0.0442721	12362
0.0442757	12363
0.0442781	12364
0.0442805	12365
0.0442986	12366
0.044301	12367
0.0443034	12368
0.0443058	12369
0.044313	12370
0.0443166	12371
0.0443202	12372
0.0443238	12373
0.0443274	12374
0.0443298	12375
0.0443334	12376
0.0443358	12377
0.0443394	12378
0.0443406	12379
0.0443442	12380
0.0443454	12381
0.0443491	12382
0.0443503	12383
0.0443539	12384
0.0443575	12385
0.0443611	12386
0.0443647	12387
0.0443683	12388
0.0443719	12389
0.0443755	12390
0.0443791	12391
0.0443827	12392
0.0443863	12393
0.0443899	12394
0.0443935	12395
0.0443971	12396
0.0444007	12397
0.0444043	12398
0.044408	12399
0.0444116	12400
0.0444152	12401
0.0444188	12402
0.0444224	12403
0.044426	12404
0.0444296	12405
0.0444332	12406
0.0444368	12407
0.0444404	12408
0.044444	12410
0.0444476	12411
0.0444512	12412
0.0444548	12413
0.0444584	12414
0.044462	12415
0.0444656	12416
0.0444693	12417
0.0444729	12418
0.0444765	12419
0.0444801	12420
0.0444837	12421
0.0444873	12422
0.0444909	12423
0.0444945	12424
0.0444981	12425
0.0445017	12426
0.0445053	12427
0.0445089	12428
0.0445125	12429
0.0445161	12430
0.0445197	12431
0.0445233	12432
0.044527	12433
0.0445306	12434
0.0445342	12435
0.0445378	12436
0.0445414	12437
0.044545	12438
0.0445486	12439
0.0445522	12440
0.0445558	12441
0.0445594	12442
0.044563	12443
0.0445666	12444
0.0445702	12445
0.0445738	12446
0.0445774	12447
0.044581	12448
0.0445846	12449
0.0445883	12450
0.0445907	12451
0.0445931	12452
0.0445967	12453
0.0445991	12454
0.0446015	12455
0.0446195	12456
0.0446219	12457
0.0446243	12458
0.0446267	12459
0.0446339	12460
0.0446375	12461
0.0446411	12462
0.0446447	12463
0.0446484	12464
0.0446508	12465
0.0446544	12466
0.0446568	12467
0.0446604	12468
0.0446616	12469
0.0446652	12470
0.0446664	12471
0.04467	12472
0.0446712	12473
0.0446748	12474
0.0446784	12475
0.044682	12476
0.0446856	12477
0.0446892	12478
0.0446928	12479
0.0446964	12480
0.0447	12481
0.0447036	12482
0.0447073	12483
0.0447109	12484
0.0447145	12485
0.0447181	12486
0.0447217	12487
0.0447253	12488
0.0447289	12489
0.0447325	12490
0.0447361	12491
0.0447397	12492
0.0447433	12493
0.0447469	12494
0.0447505	12495
0.0447541	12496
0.0447577	12497
0.0447613	12498
0.0447649	12499
0.0447686	12500
0.0447722	12501
0.0447758	12502
0.0447794	12503
0.044783	12504
0.0447866	12505
0.0447902	12506
0.0447938	12507
0.0447974	12508
0.044801	12509
0.0448046	12510
0.0448082	12511
0.0448118	12512
0.0448154	12513
0.044819	12514
0.0448226	12515
0.0448262	12516
0.0448299	12517
0.0448335	12518
0.0448371	12519
0.0448407	12520
0.0448443	12521
0.0448479	12522
0.0448515	12523
0.0448551	12524
0.0448587	12525
0.0448623	12526
0.0448659	12527
0.0448695	12528
0.0448731	12529
0.0448767	12530
0.0448803	12532
0.0448839	12533
0.0448876	12534
0.0448912	12535
0.0448948	12536
0.0448984	12537
0.044902	12538
0.0449056	12539
0.0449092	12540
0.0449116	12541
0.044914	12542
0.0449176	12543
0.04492	12544
0.0449224	12545
0.0449404	12546
0.0449428	12547
0.0449452	12548
0.0449477	12549
0.0449549	12550
0.0449585	12551
0.0449621	12552
0.0449657	12553
0.0449693	12554
0.0449717	12555
0.0449753	12556
0.0449777	12557
0.0449813	12558
0.0449825	12559
0.0449861	12560
0.0449873	12561
0.0449909	12562
0.0449921	12563
0.0449957	12564
0.0449993	12565
0.0450029	12566
0.0450065	12567
0.0450102	12568
0.0450138	12569
0.0450174	12570
0.045021	12571
0.0450246	12572
0.0450282	12573
0.0450318	12574
0.0450354	12575
0.045039	12576
0.0450426	12577
0.0450462	12578
0.0450498	12579
0.0450534	12580
0.045057	12581
0.0450606	12582
0.0450642	12583
0.0450679	12584
0.0450715	12585
0.0450751	12586
0.0450787	12587
0.0450823	12588
0.0450859	12589
0.0450895	12590
0.0450931	12591
0.0450967	12592
0.0451003	12593
0.0451039	12594
0.0451075	12595
0.0451111	12596
0.0451147	12597
0.0451183	12598
0.0451219	12599
0.0451255	12600
0.0451292	12601
0.0451328	12602
0.0451364	12603
0.04514	12604
0.0451436	12605
0.0451472	12606
0.0451508	12607
0.0451544	12608
0.045158	12609
0.0451616	12610
0.0451652	12611
0.0451688	12612
0.0451724	12613
0.045176	12614
0.0451796	12615
0.0451832	12616
0.0451868	12617
0.0451905	12618
0.0451941	12619
0.0451977	12620
0.0452013	12621
0.0452049	12622
0.0452085	12623
0.0452121	12624
0.0452157	12625
0.0452193	12626
0.0452229	12627
0.0452265	12628
0.0452301	12629
0.0452325	12630
0.0452349	12631
0.0452385	12632
0.0452409	12633
0.0452433	12634
0.0452614	12635
0.0452638	12636
0.0452662	12637
0.0452686	12638
0.0452758	12639
0.0452794	12640
0.045283	12641
0.0452866	12642
0.0452902	12643
0.0452926	12644
0.0452962	12645
0.0452986	12646
0.0453022	12647
0.0453034	12648
0.045307	12649
0.0453083	12650
0.0453119	12651
0.0453131	12652
0.0453167	12654
0.0453203	12655
0.0453239	12656
0.0453275	12657
0.0453311	12658
0.0453347	12659
0.0453383	12660
0.0453419	12661
0.0453455	12662
0.0453491	12663
0.0453527	12664
0.0453563	12665
0.0453599	12666
0.0453635	12667
0.0453671	12668
0.0453708	12669
0.0453744	12670
0.045378	12671
0.0453816	12672
0.0453852	12673
0.0453888	12674
0.0453924	12675
0.045396	12676
0.0453996	12677
0.0454032	12678
0.0454068	12679
0.0454104	12680
0.045414	12681
0.0454176	12682
0.0454212	12683
0.0454248	12684
0.0454285	12685
0.0454321	12686
0.0454357	12687
0.0454393	12688
0.0454429	12689
0.0454465	12690
0.0454501	12691
0.0454537	12692
0.0454573	12693
0.0454609	12694
0.0454645	12695
0.0454681	12696
0.0454717	12697
0.0454753	12698
0.0454789	12699
0.0454825	12700
0.0454861	12701
0.0454898	12702
0.0454934	12703
0.045497	12704
0.0455006	12705
0.0455042	12706
0.0455078	12707
0.0455114	12708
0.045515	12709
0.0455186	12710
0.0455222	12711
0.0455258	12712
0.0455294	12713
0.045533	12714
0.0455366	12715
0.0455402	12716
0.0455438	12717
0.0455474	12718
0.0455511	12719
0.0455535	12720
0.0455559	12721
0.0455595	12722
0.0455619	12723
0.0455643	12724
0.0455823	12725
0.0455847	12726
0.0455871	12727
0.0455895	12728
0.0455967	12729
0.0456003	12730
0.0456039	12731
0.0456075	12732
0.0456112	12733
0.0456136	12734
0.0456172	12735
0.0456196	12736
0.0456232	12737
0.0456244	12738
0.045628	12739
0.0456292	12740
0.0456328	12741
0.045634	12742
0.0456376	12743
0.0456412	12744
0.0456448	12745
0.0456484	12746
0.045652	12747
0.0456556	12748
0.0456592	12749
0.0456628	12750
0.0456664	12751
0.0456701	12752
0.0456737	12753
0.0456773	12754
0.0456809	12755
0.0456845	12756
0.0456881	12757
0.0456917	12758
0.0456953	12759
0.0456989	12760
0.0457025	12761
0.0457061	12762
0.0457097	12763
0.0457133	12764
0.0457169	12765
0.0457205	12766
0.0457241	12767
0.0457277	12768
0.0457314	12769
0.045735	12770
0.0457386	12771
0.0457422	12772
0.0457458	12773
0.0457494	12775
0.045753	12776
0.0457566	12777
0.0457602	12778
0.0457638	12779
0.0457674	12780
0.045771	12781
0.0457746	12782
0.0457782	12783
0.0457818	12784
0.0457854	12785
0.0457891	12786
0.0457927	12787
0.0457963	12788
0.0457999	12789
0.0458035	12790
0.0458071	12791
0.0458107	12792
0.0458143	12793
0.0458179	12794
0.0458215	12795
0.0458251	12796
0.0458287	12797
0.0458323	12798
0.0458359	12799
0.0458395	12800
0.0458431	12801
0.0458467	12802
0.0458504	12803
0.045854	12804
0.0458576	12805
0.0458612	12806
0.0458648	12807
0.0458684	12808
0.045872	12809
0.0458744	12810
0.0458768	12811
0.0458804	12812
0.0458828	12813
0.0458852	12814
0.0459032	12815
0.0459056	12816
0.045908	12817
0.0459105	12818
0.0459177	12819
0.0459213	12820
0.0459249	12821
0.0459285	12822
0.0459321	12823
0.0459345	12824
0.0459381	12825
0.0459405	12826
0.0459441	12827
0.0459453	12828
0.0459489	12829
0.0459501	12830
0.0459537	12831
0.0459549	12832
0.0459585	12833
0.0459621	12834
0.0459657	12835
0.0459694	12836
0.045973	12837
0.0459766	12838
0.0459802	12839
0.0459838	12840
0.0459874	12841
0.045991	12842
0.0459946	12843
0.0459982	12844
0.0460018	12845
0.0460054	12846
0.046009	12847
0.0460126	12848
0.0460162	12849
0.0460198	12850
0.0460234	12851
0.046027	12852
0.0460307	12853
0.0460343	12854
0.0460379	12855
0.0460415	12856
0.0460451	12857
0.0460487	12858
0.0460523	12859
0.0460559	12860
0.0460595	12861
0.0460631	12862
0.0460667	12863
0.0460703	12864
0.0460739	12865
0.0460775	12866
0.0460811	12867
0.0460847	12868
0.0460883	12869
0.046092	12870
0.0460956	12871
0.0460992	12872
0.0461028	12873
0.0461064	12874
0.04611	12875
0.0461136	12876
0.0461172	12877
0.0461208	12878
0.0461244	12879
0.046128	12880
0.0461316	12881
0.0461352	12882
0.0461388	12883
0.0461424	12884
0.046146	12885
0.0461497	12886
0.0461533	12887
0.0461569	12888
0.0461605	12889
0.0461641	12890
0.0461677	12891
0.0461713	12892
0.0461749	12893
0.0461785	12894
0.0461821	12895
0.0461857	12897
0.0461893	12898
0.0461929	12899
0.0461953	12900
0.0461977	12901
0.0462013	12902
0.0462037	12903
0.0462061	12904
0.0462242	12905
0.0462266	12906
0.046229	12907
0.0462314	12908
0.0462386	12909
0.0462422	12910
0.0462458	12911
0.0462494	12912
0.046253	12913
0.0462554	12914
0.046259	12915
0.0462614	12916
0.046265	12917
0.0462662	12918
0.0462699	12919
0.0462711	12920
0.0462747	12921
0.0462759	12922
0.0462795	12923
0.0462831	12924
0.0462867	12925
0.0462903	12926
0.0462939	12927
0.0462975	12928
0.0463011	12929
0.0463047	12930
0.0463083	12931
0.0463119	12932
0.0463155	12933
0.0463191	12934
0.0463227	12935
0.0463263	12936
0.04633	12937
0.0463336	12938
0.0463372	12939
0.0463408	12940
0.0463444	12941
0.046348	12942
0.0463516	12943
0.0463552	12944
0.0463588	12945
0.0463624	12946
0.046366	12947
0.0463696	12948
0.0463732	12949
0.0463768	12950
0.0463804	12951
0.046384	12952
0.0463876	12953
0.0463913	12954
0.0463949	12955
0.0463985	12956
0.0464021	12957
0.0464057	12958
0.0464093	12959
0.0464129	12960
0.0464165	12961
0.0464201	12962
0.0464237	12963
0.0464273	12964
0.0464309	12965
0.0464345	12966
0.0464381	12967
0.0464417	12968
0.0464453	12969
0.0464489	12970
0.0464526	12971
0.0464562	12972
0.0464598	12973
0.0464634	12974
0.046467	12975
0.0464706	12976
0.0464742	12977
0.0464778	12978
0.0464814	12979
0.046485	12980
0.0464886	12981
0.0464922	12982
0.0464958	12983
0.0464994	12984
0.046503	12985
0.0465066	12986
0.0465103	12987
0.0465139	12988
0.0465163	12989
0.0465187	12990
0.0465223	12991
0.0465247	12992
0.0465271	12993
0.0465451	12994
0.0465475	12995
0.0465499	12996
0.0465523	12997
0.0465595	12998
0.0465631	12999
0.0465667	13000
0.0465704	13001
0.046574	13002
0.0465764	13003
0.04658	13004
0.0465824	13005
0.046586	13006
0.0465872	13007
0.0465908	13008
0.046592	13009
0.0465956	13010
0.0465968	13011
0.0466004	13012
0.046604	13013
0.0466076	13014
0.0466112	13015
0.0466148	13016
0.0466184	13017
0.046622	13019
0.0466256	13020
0.0466292	13021
0.0466329	13022
0.0466365	13023
0.0466401	13024
0.0466437	13025
0.0466473	13026
0.0466509	13027
0.0466545	13028
0.0466581	13029
0.0466617	13030
0.0466653	13031
0.0466689	13032
0.0466725	13033
0.0466761	13034
0.0466797	13035
0.0466833	13036
0.0466869	13037
0.0466906	13038
0.0466942	13039
0.0466978	13040
0.0467014	13041
0.046705	13042
0.0467086	13043
0.0467122	13044
0.0467158	13045
0.0467194	13046
0.046723	13047
0.0467266	13048
0.0467302	13049
0.0467338	13050
0.0467374	13051
0.046741	13052
0.0467446	13053
0.0467482	13054
0.0467519	13055
0.0467555	13056
0.0467591	13057
0.0467627	13058
0.0467663	13059
0.0467699	13060
0.0467735	13061
0.0467771	13062
0.0467807	13063
0.0467843	13064
0.0467879	13065
0.0467915	13066
0.0467951	13067
0.0467987	13068
0.0468023	13069
0.0468059	13070
0.0468095	13071
0.0468132	13072
0.0468168	13073
0.0468204	13074
0.046824	13075
0.0468276	13076
0.0468312	13077
0.0468348	13078
0.0468372	13079
0.0468396	13080
0.0468432	13081
0.0468456	13082
0.046848	13083
0.046866	13084
0.0468684	13085
0.0468709	13086
0.0468733	13087
0.0468805	13088
0.0468841	13089
0.0468877	13090
0.0468913	13091
0.0468949	13092
0.0468973	13093
0.0469009	13094
0.0469033	13095
0.0469069	13096
0.0469081	13097
0.0469117	13098
0.0469129	13099
0.0469165	13100
0.0469177	13101
0.0469213	13102
0.0469249	13103
0.0469285	13104
0.0469322	13105
0.0469358	13106
0.0469394	13107
0.046943	13108
0.0469466	13109
0.0469502	13110
0.0469538	13111
0.0469574	13112
0.046961	13113
0.0469646	13114
0.0469682	13115
0.0469718	13116
0.0469754	13117
0.046979	13118
0.0469826	13119
0.0469862	13120
0.0469898	13121
0.0469935	13122
0.0469971	13123
0.0470007	13124
0.0470043	13125
0.0470079	13126
0.0470115	13127
0.0470151	13128
0.0470187	13129
0.0470223	13130
0.0470259	13131
0.0470295	13132
0.0470331	13133
0.0470367	13134
0.0470403	13135
0.0470439	13136
0.0470475	13137
0.0470512	13138
0.0470548	13140
0.0470584	13141
0.047062	13142
0.0470656	13143
0.0470692	13144
0.0470728	13145
0.0470764	13146
0.04708	13147
0.0470836	13148
0.0470872	13149
0.0470908	13150
0.0470944	13151
0.047098	13152
0.0471016	13153
0.0471052	13154
0.0471088	13155
0.0471125	13156
0.0471161	13157
0.0471197	13158
0.0471233	13159
0.0471269	13160
0.0471305	13161
0.0471341	13162
0.0471377	13163
0.0471413	13164
0.0471449	13165
0.0471485	13166
0.0471521	13167
0.0471557	13168
0.0471581	13169
0.0471605	13170
0.0471641	13171
0.0471665	13172
0.0471689	13173
0.047187	13174
0.0471894	13175
0.0471918	13176
0.0471942	13177
0.0472014	13178
0.047205	13179
0.0472086	13180
0.0472122	13181
0.0472158	13182
0.0472182	13183
0.0472218	13184
0.0472242	13185
0.0472278	13186
0.047229	13187
0.0472327	13188
0.0472339	13189
0.0472375	13190
0.0472387	13191
0.0472423	13192
0.0472459	13193
0.0472495	13194
0.0472531	13195
0.0472567	13196
0.0472603	13197
0.0472639	13198
0.0472675	13199
0.0472711	13200
0.0472747	13201
0.0472783	13202
0.0472819	13203
0.0472855	13204
0.0472891	13205
0.0472928	13206
0.0472964	13207
0.0473	13208
0.0473036	13209
0.0473072	13210
0.0473108	13211
0.0473144	13212
0.047318	13213
0.0473216	13214
0.0473252	13215
0.0473288	13216
0.0473324	13217
0.047336	13218
0.0473396	13219
0.0473432	13220
0.0473468	13221
0.0473504	13222
0.0473541	13223
0.0473577	13224
0.0473613	13225
0.0473649	13226
0.0473685	13227
0.0473721	13228
0.0473757	13229
0.0473793	13230
0.0473829	13231
0.0473865	13232
0.0473901	13233
0.0473937	13234
0.0473973	13235
0.0474009	13236
0.0474045	13237
0.0474081	13238
0.0474118	13239
0.0474154	13240
0.047419	13241
0.0474226	13242
0.0474262	13243
0.0474298	13244
0.0474334	13245
0.047437	13246
0.0474406	13247
0.0474442	13248
0.0474478	13249
0.0474514	13250
0.047455	13251
0.0474586	13252
0.0474622	13253
0.0474658	13254
0.0474694	13255
0.0474731	13256
0.0474767	13257
0.0474791	13258
0.0474815	13259
0.0474851	13260
0.0474875	13262
0.0474899	13263
0.0475079	13264
0.0475103	13265
0.0475127	13266
0.0475151	13267
0.0475223	13268
0.0475259	13269
0.0475295	13270
0.0475332	13271
0.0475368	13272
0.0475392	13273
0.0475428	13274
0.0475452	13275
0.0475488	13276
0.04755	13277
0.0475536	13278
0.0475548	13279
0.0475584	13280
0.0475596	13281
0.0475632	13282
0.0475668	13283
0.0475704	13284
0.047574	13285
0.0475776	13286
0.0475812	13287
0.0475848	13288
0.0475884	13289
0.0475921	13290
0.0475957	13291
0.0475993	13292
0.0476029	13293
0.0476065	13294
0.0476101	13295
0.0476137	13296
0.0476173	13297
0.0476209	13298
0.0476245	13299
0.0476281	13300
0.0476317	13301
0.0476353	13302
0.0476389	13303
0.0476425	13304
0.0476461	13305
0.0476497	13306
0.0476534	13307
0.047657	13308
0.0476606	13309
0.0476642	13310
0.0476678	13311
0.0476714	13312
0.047675	13313
0.0476786	13314
0.0476822	13315
0.0476858	13316
0.0476894	13317
0.047693	13318
0.0476966	13319
0.0477002	13320
0.0477038	13321
0.0477074	13322
0.047711	13323
0.0477147	13324
0.0477183	13325
0.0477219	13326
0.0477255	13327
0.0477291	13328
0.0477327	13329
0.0477363	13330
0.0477399	13331
0.0477435	13332
0.0477471	13333
0.0477507	13334
0.0477543	13335
0.0477579	13336
0.0477615	13337
0.0477651	13338
0.0477687	13339
0.0477724	13340
0.047776	13341
0.0477796	13342
0.0477832	13343
0.0477868	13344
0.0477904	13345
0.047794	13346
0.0477976	13347
0.0478	13348
0.0478024	13349
0.047806	13350
0.0478084	13351
0.0478108	13352
0.0478288	13353
0.0478312	13354
0.0478337	13355
0.0478361	13356
0.0478433	13357
0.0478469	13358
0.0478505	13359
0.0478541	13360
0.0478577	13361
0.0478601	13362
0.0478637	13363
0.0478661	13364
0.0478697	13365
0.0478709	13366
0.0478745	13367
0.0478757	13368
0.0478793	13369
0.0478805	13370
0.0478841	13371
0.0478877	13372
0.0478913	13373
0.047895	13374
0.0478986	13375
0.0479022	13376
0.0479058	13377
0.0479094	13378
0.047913	13379
0.0479166	13380
0.0479202	13381
0.0479238	13382
0.0479274	13384
0.047931	13385
0.0479346	13386
0.0479382	13387
0.0479418	13388
0.0479454	13389
0.047949	13390
0.0479527	13391
0.0479563	13392
0.0479599	13393
0.0479635	13394
0.0479671	13395
0.0479707	13396
0.0479743	13397
0.0479779	13398
0.0479815	13399
0.0479851	13400
0.0479887	13401
0.0479923	13402
0.0479959	13403
0.0479995	13404
0.0480031	13405
0.0480067	13406
0.0480103	13407
0.048014	13408
0.0480176	13409
0.0480212	13410
0.0480248	13411
0.0480284	13412
0.048032	13413
0.0480356	13414
0.0480392	13415
0.0480428	13416
0.0480464	13417
0.04805	13418
0.0480536	13419
0.0480572	13420
0.0480608	13421
0.0480644	13422
0.048068	13423
0.0480716	13424
0.0480753	13425
0.0480789	13426
0.0480825	13427
0.0480861	13428
0.0480897	13429
0.0480933	13430
0.0480969	13431
0.0481005	13432
0.0481041	13433
0.0481077	13434
0.0481113	13435
0.0481149	13436
0.0481185	13437
0.0481209	13438
0.0481233	13439
0.0481269	13440
0.0481293	13441
0.0481317	13442
0.0481498	13443
0.0481522	13444
0.0481546	13445
0.048157	13446
0.0481642	13447
0.0481678	13448
0.0481714	13449
0.048175	13450
0.0481786	13451
0.048181	13452
0.0481846	13453
0.048187	13454
0.0481906	13455
0.0481918	13456
0.0481955	13457
0.0481967	13458
0.0482003	13459
0.0482015	13460
0.0482051	13461
0.0482087	13462
0.0482123	13463
0.0482159	13464
0.0482195	13465
0.0482231	13466
0.0482267	13467
0.0482303	13468
0.0482339	13469
0.0482375	13470
0.0482411	13471
0.0482447	13472
0.0482483	13473
0.0482519	13474
0.0482556	13475
0.0482592	13476
0.0482628	13477
0.0482664	13478
0.04827	13479
0.0482736	13480
0.0482772	13481
0.0482808	13482
0.0482844	13483
0.048288	13484
0.0482916	13485
0.0482952	13486
0.0482988	13487
0.0483024	13488
0.048306	13489
0.0483096	13490
0.0483133	13491
0.0483169	13492
0.0483205	13493
0.0483241	13494
0.0483277	13495
0.0483313	13496
0.0483349	13497
0.0483385	13498
0.0483421	13499
0.0483457	13500
0.0483493	13501
0.0483529	13502
0.0483565	13503
0.0483601	13505
0.0483637	13506
0.0483673	13507
0.0483709	13508
0.0483746	13509
0.0483782	13510
0.0483818	13511
0.0483854	13512
0.048389	13513
0.0483926	13514
0.0483962	13515
0.0483998	13516
0.0484034	13517
0.048407	13518
0.0484106	13519
0.0484142	13520
0.0484178	13521
0.0484214	13522
0.048425	13523
0.0484286	13524
0.0484322	13525
0.0484359	13526
0.0484395	13527
0.0484419	13528
0.0484443	13529
0.0484479	13530
0.0484503	13531
0.0484527	13532
0.0484707	13533
0.0484731	13534
0.0484755	13535
0.0484779	13536
0.0484851	13537
0.0484887	13538
0.0484923	13539
0.048496	13540
0.0484996	13541
0.048502	13542
0.0485056	13543
0.048508	13544
0.0485116	13545
0.0485128	13546
0.0485164	13547
0.0485176	13548
0.0485212	13549
0.0485224	13550
0.048526	13551
0.0485296	13552
0.0485332	13553
0.0485368	13554
0.0485404	13555
0.048544	13556
0.0485476	13557
0.0485512	13558
0.0485549	13559
0.0485585	13560
0.0485621	13561
0.0485657	13562
0.0485693	13563
0.0485729	13564
0.0485765	13565
0.0485801	13566
0.0485837	13567
0.0485873	13568
0.0485909	13569
0.0485945	13570
0.0485981	13571
0.0486017	13572
0.0486053	13573
0.0486089	13574
0.0486125	13575
0.0486162	13576
0.0486198	13577
0.0486234	13578
0.048627	13579
0.0486306	13580
0.0486342	13581
0.0486378	13582
0.0486414	13583
0.048645	13584
0.0486486	13585
0.0486522	13586
0.0486558	13587
0.0486594	13588
0.048663	13589
0.0486666	13590
0.0486702	13591
0.0486739	13592
0.0486775	13593
0.0486811	13594
0.0486847	13595
0.0486883	13596
0.0486919	13597
0.0486955	13598
0.0486991	13599
0.0487027	13600
0.0487063	13601
0.0487099	13602
0.0487135	13603
0.0487171	13604
0.0487207	13605
0.0487243	13606
0.0487279	13607
0.0487315	13608
0.0487352	13609
0.0487388	13610
0.0487424	13611
0.048746	13612
0.0487496	13613
0.0487532	13614
0.0487568	13615
0.0487604	13616
0.0487628	13617
0.0487652	13618
0.0487688	13619
0.0487712	13620
0.0487736	13621
0.0487916	13622
0.0487941	13623
0.0487965	13624
0.0487989	13625
0.0488061	13627
0.0488097	13628
0.0488133	13629
0.0488169	13630
0.0488205	13631
0.0488229	13632
0.0488265	13633
0.0488289	13634
0.0488325	13635
0.0488337	13636
0.0488373	13637
0.0488385	13638
0.0488421	13639
0.0488433	13640
0.0488469	13641
0.0488505	13642
0.0488542	13643
0.0488578	13644
0.0488614	13645
0.048865	13646
0.0488686	13647
0.0488722	13648
0.0488758	13649
0.0488794	13650
0.048883	13651
0.0488866	13652
0.0488902	13653
0.0488938	13654
0.0488974	13655
0.048901	13656
0.0489046	13657
0.0489082	13658
0.0489118	13659
0.0489155	13660
0.0489191	13661
0.0489227	13662
0.0489263	13663
0.0489299	13664
0.0489335	13665
0.0489371	13666
0.0489407	13667
0.0489443	13668
0.0489479	13669
0.0489515	13670
0.0489551	13671
0.0489587	13672
0.0489623	13673
0.0489659	13674
0.0489695	13675
0.0489731	13676
0.0489768	13677
0.0489804	13678
0.048984	13679
0.0489876	13680
0.0489912	13681
0.0489948	13682
0.0489984	13683
0.049002	13684
0.0490056	13685
0.0490092	13686
0.0490128	13687
0.0490164	13688
0.04902	13689
0.0490236	13690
0.0490272	13691
0.0490308	13692
0.0490345	13693
0.0490381	13694
0.0490417	13695
0.0490453	13696
0.0490489	13697
0.0490525	13698
0.0490561	13699
0.0490597	13700
0.0490633	13701
0.0490669	13702
0.0490705	13703
0.0490741	13704
0.0490777	13705
0.0490813	13706
0.0490837	13707
0.0490861	13708
0.0490897	13709
0.0490921	13710
0.0490946	13711
0.0491126	13712
0.049115	13713
0.0491174	13714
0.0491198	13715
0.049127	13716
0.0491306	13717
0.0491342	13718
0.0491378	13719
0.0491414	13720
0.0491438	13721
0.0491474	13722
0.0491498	13723
0.0491534	13724
0.0491547	13725
0.0491583	13726
0.0491595	13727
0.0491631	13728
0.0491643	13729
0.0491679	13730
0.0491715	13731
0.0491751	13732
0.0491787	13733
0.0491823	13734
0.0491859	13735
0.0491895	13736
0.0491931	13737
0.0491967	13738
0.0492003	13739
0.0492039	13740
0.0492075	13741
0.0492111	13742
0.0492148	13743
0.0492184	13744
0.049222	13745
0.0492256	13746
0.0492292	13747
0.0492328	13749
0.0492364	13750
0.04924	13751
0.0492436	13752
0.0492472	13753
0.0492508	13754
0.0492544	13755
0.049258	13756
0.0492616	13757
0.0492652	13758
0.0492688	13759
0.0492724	13760
0.0492761	13761
0.0492797	13762
0.0492833	13763
0.0492869	13764
0.0492905	13765
0.0492941	13766
0.0492977	13767
0.0493013	13768
0.0493049	13769
0.0493085	13770
0.0493121	13771
0.0493157	13772
0.0493193	13773
0.0493229	13774
0.0493265	13775
0.0493301	13776
0.0493337	13777
0.0493374	13778
0.049341	13779
0.0493446	13780
0.0493482	13781
0.0493518	13782
0.0493554	13783
0.049359	13784
0.0493626	13785
0.0493662	13786
0.0493698	13787
0.0493734	13788
0.049377	13789
0.0493806	13790
0.0493842	13791
0.0493878	13792
0.0493914	13793
0.0493951	13794
0.0493987	13795
0.0494023	13796
0.0494047	13797
0.0494071	13798
0.0494107	13799
0.0494131	13800
0.0494155	13801
0.0494335	13802
0.0494359	13803
0.0494383	13804
0.0494407	13805
0.0494479	13806
0.0494515	13807
0.0494552	13808
0.0494588	13809
0.0494624	13810
0.0494648	13811
0.0494684	13812
0.0494708	13813
0.0494744	13814
0.0494756	13815
0.0494792	13816
0.0494804	13817
0.049484	13818
0.0494852	13819
0.0494888	13820
0.0494924	13821
0.049496	13822
0.0494996	13823
0.0495032	13824
0.0495068	13825
0.0495104	13826
0.049514	13827
0.0495177	13828
0.0495213	13829
0.0495249	13830
0.0495285	13831
0.0495321	13832
0.0495357	13833
0.0495393	13834
0.0495429	13835
0.0495465	13836
0.0495501	13837
0.0495537	13838
0.0495573	13839
0.0495609	13840
0.0495645	13841
0.0495681	13842
0.0495717	13843
0.0495754	13844
0.049579	13845
0.0495826	13846
0.0495862	13847
0.0495898	13848
0.0495934	13849
0.049597	13850
0.0496006	13851
0.0496042	13852
0.0496078	13853
0.0496114	13854
0.049615	13855
0.0496186	13856
0.0496222	13857
0.0496258	13858
0.0496294	13859
0.049633	13860
0.0496367	13861
0.0496403	13862
0.0496439	13863
0.0496475	13864
0.0496511	13865
0.0496547	13866
0.0496583	13867
0.0496619	13868
0.0496655	13870
0.0496691	13871
0.0496727	13872
0.0496763	13873
0.0496799	13874
0.0496835	13875
0.0496871	13876
0.0496907	13877
0.0496943	13878
0.049698	13879
0.0497016	13880
0.0497052	13881
0.0497088	13882
0.0497124	13883
0.049716	13884
0.0497196	13885
0.0497232	13886
0.0497256	13887
0.049728	13888
0.0497316	13889
0.049734	13890
0.0497364	13891
0.0497544	13892
0.0497569	13893
0.0497593	13894
0.0497617	13895
0.0497689	13896
0.0497725	13897
0.0497761	13898
0.0497797	13899
0.0497833	13900
0.0497857	13901
0.0497893	13902
0.0497917	13903
0.0497953	13904
0.0497965	13905
0.0498001	13906
0.0498013	13907
0.0498049	13908
0.0498061	13909
0.0498097	13910
0.0498133	13911
0.049817	13912
0.0498206	13913
0.0498242	13914
0.0498278	13915
0.0498314	13916
0.049835	13917
0.0498386	13918
0.0498422	13919
0.0498458	13920
0.0498494	13921
0.049853	13922
0.0498566	13923
0.0498602	13924
0.0498638	13925
0.0498674	13926
0.049871	13927
0.0498746	13928
0.0498783	13929
0.0498819	13930
0.0498855	13931
0.0498891	13932
0.0498927	13933
0.0498963	13934
0.0498999	13935
0.0499035	13936
0.0499071	13937
0.0499107	13938
0.0499143	13939
0.0499179	13940
0.0499215	13941
0.0499251	13942
0.0499287	13943
0.0499323	13944
0.049936	13945
0.0499396	13946
0.0499432	13947
0.0499468	13948
0.0499504	13949
0.049954	13950
0.0499576	13951
0.0499612	13952
0.0499648	13953
0.0499684	13954
0.049972	13955
0.0499756	13956
0.0499792	13957
0.0499828	13958
0.0499864	13959
0.04999	13960
0.0499936	13961
0.0499973	13962
0.0500009	13963
0.0500045	13964
0.0500081	13965
0.0500117	13966
0.0500153	13967
0.0500189	13968
0.0500225	13969
0.0500261	13970
0.0500297	13971
0.0500333	13972
0.0500369	13973
0.0500405	13974
0.0500441	13975
0.0500465	13976
0.0500489	13977
0.0500525	13978
0.0500549	13979
0.0500574	13980
0.0500754	13981
0.0500778	13982
0.0500802	13983
0.0500826	13984
0.0500898	13985
0.0500934	13986
0.050097	13987
0.0501006	13988
0.0501042	13989
0.0501066	13990
0.0501102	13992
0.0501126	13993
0.0501163	13994
0.0501175	13995
0.0501211	13996
0.0501223	13997
0.0501259	13998
0.0501271	13999
0.0501307	14000
0.0501343	14001
0.0501379	14002
0.0501415	14003
0.0501451	14004
0.0501487	14005
0.0501523	14006
0.0501559	14007
0.0501595	14008
0.0501631	14009
0.0501667	14010
0.0501703	14011
0.0501739	14012
0.0501776	14013
0.0501812	14014
0.0501848	14015
0.0501884	14016
0.050192	14017
0.0501956	14018
0.0501992	14019
0.0502028	14020
0.0502064	14021
0.05021	14022
0.0502136	14023
0.0502172	14024
0.0502208	14025
0.0502244	14026
0.050228	14027
0.0502316	14028
0.0502352	14029
0.0502389	14030
0.0502425	14031
0.0502461	14032
0.0502497	14033
0.0502533	14034
0.0502569	14035
0.0502605	14036
0.0502641	14037
0.0502677	14038
0.0502713	14039
0.0502749	14040
0.0502785	14041
0.0502821	14042
0.0502857	14043
0.0502893	14044
0.0502929	14045
0.0502966	14046
0.0503002	14047
0.0503038	14048
0.0503074	14049
0.050311	14050
0.0503146	14051
0.0503182	14052
0.0503218	14053
0.0503254	14054
0.050329	14055
0.0503326	14056
0.0503362	14057
0.0503398	14058
0.0503434	14059
0.050347	14060
0.0503506	14061
0.0503542	14062
0.0503579	14063
0.0503615	14064
0.0503651	14065
0.0503675	14066
0.0503699	14067
0.0503735	14068
0.0503759	14069
0.0503783	14070
0.0503963	14071
0.0503987	14072
0.0504011	14073
0.0504035	14074
0.0504107	14075
0.0504143	14076
0.050418	14077
0.0504216	14078
0.0504252	14079
0.0504276	14080
0.0504312	14081
0.0504336	14082
0.0504372	14083
0.0504384	14084
0.050442	14085
0.0504432	14086
0.0504468	14087
0.050448	14088
0.0504516	14089
0.0504552	14090
0.0504588	14091
0.0504624	14092
0.050466	14093
0.0504696	14094
0.0504732	14095
0.0504769	14096
0.0504805	14097
0.0504841	14098
0.0504877	14099
0.0504913	14100
0.0504949	14101
0.0504985	14102
0.0505021	14103
0.0505057	14104
0.0505093	14105
0.0505129	14106
0.0505165	14107
0.0505201	14108
0.0505237	14109
0.0505273	14110
0.0505309	14111
0.0505345	14112
0.0505382	14114
0.0505418	14115
0.0505454	14116
0.050549	14117
0.0505526	14118
0.0505562	14119
0.0505598	14120
0.0505634	14121
0.050567	14122
0.0505706	14123
0.0505742	14124
0.0505778	14125
0.0505814	14126
0.050585	14127
0.0505886	14128
0.0505922	14129
0.0505958	14130
0.0505995	14131
0.0506031	14132
0.0506067	14133
0.0506103	14134
0.0506139	14135
0.0506175	14136
0.0506211	14137
0.0506247	14138
0.0506283	14139
0.0506319	14140
0.0506355	14141
0.0506391	14142
0.0506427	14143
0.0506463	14144
0.0506499	14145
0.0506535	14146
0.0506572	14147
0.0506608	14148
0.0506644	14149
0.050668	14150
0.0506716	14151
0.0506752	14152
0.0506788	14153
0.0506824	14154
0.050686	14155
0.0506884	14156
0.0506908	14157
0.0506944	14158
0.0506968	14159
0.0506992	14160
0.0507173	14161
0.0507197	14162
0.0507221	14163
0.0507245	14164
0.0507317	14165
0.0507353	14166
0.0507389	14167
0.0507425	14168
0.0507461	14169
0.0507485	14170
0.0507521	14171
0.0507545	14172
0.0507581	14173
0.0507593	14174
0.0507629	14175
0.0507641	14176
0.0507677	14177
0.0507689	14178
0.0507725	14179
0.0507761	14180
0.0507798	14181
0.0507834	14182
0.050787	14183
0.0507906	14184
0.0507942	14185
0.0507978	14186
0.0508014	14187
0.050805	14188
0.0508086	14189
0.0508122	14190
0.0508158	14191
0.0508194	14192
0.050823	14193
0.0508266	14194
0.0508302	14195
0.0508338	14196
0.0508375	14197
0.0508411	14198
0.0508447	14199
0.0508483	14200
0.0508519	14201
0.0508555	14202
0.0508591	14203
0.0508627	14204
0.0508663	14205
0.0508699	14206
0.0508735	14207
0.0508771	14208
0.0508807	14209
0.0508843	14210
0.0508879	14211
0.0508915	14212
0.0508951	14213
0.0508988	14214
0.0509024	14215
0.050906	14216
0.0509096	14217
0.0509132	14218
0.0509168	14219
0.0509204	14220
0.050924	14221
0.0509276	14222
0.0509312	14223
0.0509348	14224
0.0509384	14225
0.050942	14226
0.0509456	14227
0.0509492	14228
0.0509528	14229
0.0509564	14230
0.0509601	14231
0.0509637	14232
0.0509673	14233
0.0509709	14235
0.0509745	14236
0.0509781	14237
0.0509817	14238
0.0509853	14239
0.0509889	14240
0.0509925	14241
0.0509961	14242
0.0509997	14243
0.0510033	14244
0.0510069	14245
0.0510093	14246
0.0510117	14247
0.0510153	14248
0.0510178	14249
0.0510202	14250
0.0510382	14251
0.0510406	14252
0.051043	14253
0.0510454	14254
0.0510526	14255
0.0510562	14256
0.0510598	14257
0.0510634	14258
0.051067	14259
0.0510694	14260
0.051073	14261
0.0510754	14262
0.0510791	14263
0.0510803	14264
0.0510839	14265
0.0510851	14266
0.0510887	14267
0.0510899	14268
0.0510935	14269
0.0510971	14270
0.0511007	14271
0.0511043	14272
0.0511079	14273
0.0511115	14274
0.0511151	14275
0.0511187	14276
0.0511223	14277
0.0511259	14278
0.0511295	14279
0.0511331	14280
0.0511367	14281
0.0511404	14282
0.051144	14283
0.0511476	14284
0.0511512	14285
0.0511548	14286
0.0511584	14287
0.051162	14288
0.0511656	14289
0.0511692	14290
0.0511728	14291
0.0511764	14292
0.05118	14293
0.0511836	14294
0.0511872	14295
0.0511908	14296
0.0511944	14297
0.0511981	14298
0.0512017	14299
0.0512053	14300
0.0512089	14301
0.0512125	14302
0.0512161	14303
0.0512197	14304
0.0512233	14305
0.0512269	14306
0.0512305	14307
0.0512341	14308
0.0512377	14309
0.0512413	14310
0.0512449	14311
0.0512485	14312
0.0512521	14313
0.0512557	14314
0.0512594	14315
0.051263	14316
0.0512666	14317
0.0512702	14318
0.0512738	14319
0.0512774	14320
0.051281	14321
0.0512846	14322
0.0512882	14323
0.0512918	14324
0.0512954	14325
0.051299	14326
0.0513026	14327
0.0513062	14328
0.0513098	14329
0.0513134	14330
0.051317	14331
0.0513207	14332
0.0513243	14333
0.0513279	14334
0.0513303	14335
0.0513327	14336
0.0513363	14337
0.0513387	14338
0.0513411	14339
0.0513591	14340
0.0513615	14341
0.0513639	14342
0.0513663	14343
0.0513735	14344
0.0513771	14345
0.0513808	14346
0.0513844	14347
0.051388	14348
0.0513904	14349
0.051394	14350
0.0513964	14351
0.0514	14352
0.0514012	14353
0.0514048	14354
0.051406	14355
0.0514096	14357
0.0514108	14358
0.0514144	14359
0.051418	14360
0.0514216	14361
0.0514252	14362
0.0514288	14363
0.0514324	14364
0.051436	14365
0.0514397	14366
0.0514433	14367
0.0514469	14368
0.0514505	14369
0.0514541	14370
0.0514577	14371
0.0514613	14372
0.0514649	14373
0.0514685	14374
0.0514721	14375
0.0514757	14376
0.0514793	14377
0.0514829	14378
0.0514865	14379
0.0514901	14380
0.0514937	14381
0.0514973	14382
0.051501	14383
0.0515046	14384
0.0515082	14385
0.0515118	14386
0.0515154	14387
0.051519	14388
0.0515226	14389
0.0515262	14390
0.0515298	14391
0.0515334	14392
0.051537	14393
0.0515406	14394
0.0515442	14395
0.0515478	14396
0.0515514	14397
0.051555	14398
0.0515587	14399
0.0515623	14400
0.0515659	14401
0.0515695	14402
0.0515731	14403
0.0515767	14404
0.0515803	14405
0.0515839	14406
0.0515875	14407
0.0515911	14408
0.0515947	14409
0.0515983	14410
0.0516019	14411
0.0516055	14412
0.0516091	14413
0.0516127	14414
0.0516163	14415
0.05162	14416
0.0516236	14417
0.0516272	14418
0.0516308	14419
0.0516344	14420
0.051638	14421
0.0516416	14422
0.0516452	14423
0.0516488	14424
0.0516512	14425
0.0516536	14426
0.0516572	14427
0.0516596	14428
0.051662	14429
0.0516801	14430
0.0516825	14431
0.0516849	14432
0.0516873	14433
0.0516945	14434
0.0516981	14435
0.0517017	14436
0.0517053	14437
0.0517089	14438
0.0517113	14439
0.0517149	14440
0.0517173	14441
0.0517209	14442
0.0517221	14443
0.0517257	14444
0.0517269	14445
0.0517305	14446
0.0517317	14447
0.0517353	14448
0.051739	14449
0.0517426	14450
0.0517462	14451
0.0517498	14452
0.0517534	14453
0.051757	14454
0.0517606	14455
0.0517642	14456
0.0517678	14457
0.0517714	14458
0.051775	14459
0.0517786	14460
0.0517822	14461
0.0517858	14462
0.0517894	14463
0.051793	14464
0.0517966	14465
0.0518003	14466
0.0518039	14467
0.0518075	14468
0.0518111	14469
0.0518147	14470
0.0518183	14471
0.0518219	14472
0.0518255	14473
0.0518291	14474
0.0518327	14475
0.0518363	14476
0.0518399	14477
0.0518435	14479
0.0518471	14480
0.0518507	14481
0.0518543	14482
0.0518579	14483
0.0518616	14484
0.0518652	14485
0.0518688	14486
0.0518724	14487
0.051876	14488
0.0518796	14489
0.0518832	14490
0.0518868	14491
0.0518904	14492
0.051894	14493
0.0518976	14494
0.0519012	14495
0.0519048	14496
0.0519084	14497
0.051912	14498
0.0519156	14499
0.0519193	14500
0.0519229	14501
0.0519265	14502
0.0519301	14503
0.0519337	14504
0.0519373	14505
0.0519409	14506
0.0519445	14507
0.0519481	14508
0.0519517	14509
0.0519553	14510
0.0519589	14511
0.0519625	14512
0.0519661	14513
0.0519697	14514
0.0519721	14515
0.0519745	14516
0.0519781	14517
0.0519806	14518
0.051983	14519
0.052001	14520
0.0520034	14521
0.0520058	14522
0.0520082	14523
0.0520154	14524
0.052019	14525
0.0520226	14526
0.0520262	14527
0.0520298	14528
0.0520322	14529
0.0520358	14530
0.0520382	14531
0.0520419	14532
0.0520431	14533
0.0520467	14534
0.0520479	14535
0.0520515	14536
0.0520527	14537
0.0520563	14538
0.0520599	14539
0.0520635	14540
0.0520671	14541
0.0520707	14542
0.0520743	14543
0.0520779	14544
0.0520815	14545
0.0520851	14546
0.0520887	14547
0.0520923	14548
0.0520959	14549
0.0520996	14550
0.0521032	14551
0.0521068	14552
0.0521104	14553
0.052114	14554
0.0521176	14555
0.0521212	14556
0.0521248	14557
0.0521284	14558
0.052132	14559
0.0521356	14560
0.0521392	14561
0.0521428	14562
0.0521464	14563
0.05215	14564
0.0521536	14565
0.0521572	14566
0.0521609	14567
0.0521645	14568
0.0521681	14569
0.0521717	14570
0.0521753	14571
0.0521789	14572
0.0521825	14573
0.0521861	14574
0.0521897	14575
0.0521933	14576
0.0521969	14577
0.0522005	14578
0.0522041	14579
0.0522077	14580
0.0522113	14581
0.0522149	14582
0.0522185	14583
0.0522222	14584
0.0522258	14585
0.0522294	14586
0.052233	14587
0.0522366	14588
0.0522402	14589
0.0522438	14590
0.0522474	14591
0.052251	14592
0.0522546	14593
0.0522582	14594
0.0522618	14595
0.0522654	14596
0.052269	14597
0.0522726	14598
0.0522762	14600
0.0522799	14601
0.0522835	14602
0.0522871	14603
0.0522907	14604
0.0522931	14605
0.0522955	14606
0.0522991	14607
0.0523015	14608
0.0523039	14609
0.0523219	14610
0.0523243	14611
0.0523267	14612
0.0523291	14613
0.0523363	14614
0.05234	14615
0.0523436	14616
0.0523472	14617
0.0523508	14618
0.0523532	14619
0.0523568	14620
0.0523592	14621
0.0523628	14622
0.052364	14623
0.0523676	14624
0.0523688	14625
0.0523724	14626
0.0523736	14627
0.0523772	14628
0.0523808	14629
0.0523844	14630
0.052388	14631
0.0523916	14632
0.0523952	14633
0.0523988	14634
0.0524025	14635
0.0524061	14636
0.0524097	14637
0.0524133	14638
0.0524169	14639
0.0524205	14640
0.0524241	14641
0.0524277	14642
0.0524313	14643
0.0524349	14644
0.0524385	14645
0.0524421	14646
0.0524457	14647
0.0524493	14648
0.0524529	14649
0.0524565	14650
0.0524602	14651
0.0524638	14652
0.0524674	14653
0.052471	14654
0.0524746	14655
0.0524782	14656
0.0524818	14657
0.0524854	14658
0.052489	14659
0.0524926	14660
0.0524962	14661
0.0524998	14662
0.0525034	14663
0.052507	14664
0.0525106	14665
0.0525142	14666
0.0525178	14667
0.0525215	14668
0.0525251	14669
0.0525287	14670
0.0525323	14671
0.0525359	14672
0.0525395	14673
0.0525431	14674
0.0525467	14675
0.0525503	14676
0.0525539	14677
0.0525575	14678
0.0525611	14679
0.0525647	14680
0.0525683	14681
0.0525719	14682
0.0525755	14683
0.0525791	14684
0.0525828	14685
0.0525864	14686
0.05259	14687
0.0525936	14688
0.0525972	14689
0.0526008	14690
0.0526044	14691
0.052608	14692
0.0526116	14693
0.052614	14694
0.0526164	14695
0.05262	14696
0.0526224	14697
0.0526248	14698
0.0526429	14699
0.0526453	14700
0.0526477	14701
0.0526501	14702
0.0526573	14703
0.0526609	14704
0.0526645	14705
0.0526681	14706
0.0526717	14707
0.0526741	14708
0.0526777	14709
0.0526801	14710
0.0526837	14711
0.0526849	14712
0.0526885	14713
0.0526897	14714
0.0526933	14715
0.0526945	14716
0.0526981	14717
0.0527018	14718
0.0527054	14719
0.052709	14720
0.0527126	14722
0.0527162	14723
0.0527198	14724
0.0527234	14725
0.052727	14726
0.0527306	14727
0.0527342	14728
0.0527378	14729
0.0527414	14730
0.052745	14731
0.0527486	14732
0.0527522	14733
0.0527558	14734
0.0527594	14735
0.0527631	14736
0.0527667	14737
0.0527703	14738
0.0527739	14739
0.0527775	14740
0.0527811	14741
0.0527847	14742
0.0527883	14743
0.0527919	14744
0.0527955	14745
0.0527991	14746
0.0528027	14747
0.0528063	14748
0.0528099	14749
0.0528135	14750
0.0528171	14751
0.0528208	14752
0.0528244	14753
0.052828	14754
0.0528316	14755
0.0528352	14756
0.0528388	14757
0.0528424	14758
0.052846	14759
0.0528496	14760
0.0528532	14761
0.0528568	14762
0.0528604	14763
0.052864	14764
0.0528676	14765
0.0528712	14766
0.0528748	14767
0.0528784	14768
0.0528821	14769
0.0528857	14770
0.0528893	14771
0.0528929	14772
0.0528965	14773
0.0529001	14774
0.0529037	14775
0.0529073	14776
0.0529109	14777
0.0529145	14778
0.0529181	14779
0.0529217	14780
0.0529253	14781
0.0529289	14782
0.0529325	14783
0.0529349	14784
0.0529373	14785
0.052941	14786
0.0529434	14787
0.0529458	14788
0.0529638	14789
0.0529662	14790
0.0529686	14791
0.052971	14792
0.0529782	14793
0.0529818	14794
0.0529854	14795
0.052989	14796
0.0529926	14797
0.052995	14798
0.0529986	14799
0.0530011	14800
0.0530047	14801
0.0530059	14802
0.0530095	14803
0.0530107	14804
0.0530143	14805
0.0530155	14806
0.0530191	14807
0.0530227	14808
0.0530263	14809
0.0530299	14810
0.0530335	14811
0.0530371	14812
0.0530407	14813
0.0530443	14814
0.0530479	14815
0.0530515	14816
0.0530551	14817
0.0530587	14818
0.0530624	14819
0.053066	14820
0.0530696	14821
0.0530732	14822
0.0530768	14823
0.0530804	14824
0.053084	14825
0.0530876	14826
0.0530912	14827
0.0530948	14828
0.0530984	14829
0.053102	14830
0.0531056	14831
0.0531092	14832
0.0531128	14833
0.0531164	14834
0.05312	14835
0.0531237	14836
0.0531273	14837
0.0531309	14838
0.0531345	14839
0.0531381	14840
0.0531417	14841
0.0531453	14842
0.0531489	14844
0.0531525	14845
0.0531561	14846
0.0531597	14847
0.0531633	14848
0.0531669	14849
0.0531705	14850
0.0531741	14851
0.0531777	14852
0.0531814	14853
0.053185	14854
0.0531886	14855
0.0531922	14856
0.0531958	14857
0.0531994	14858
0.053203	14859
0.0532066	14860
0.0532102	14861
0.0532138	14862
0.0532174	14863
0.053221	14864
0.0532246	14865
0.0532282	14866
0.0532318	14867
0.0532354	14868
0.053239	14869
0.0532427	14870
0.0532463	14871
0.0532499	14872
0.0532535	14873
0.0532559	14874
0.0532583	14875
0.0532619	14876
0.0532643	14877
0.0532667	14878
0.0532847	14879
0.0532871	14880
0.0532895	14881
0.0532919	14882
0.0532991	14883
0.0533028	14884
0.0533064	14885
0.05331	14886
0.0533136	14887
0.053316	14888
0.0533196	14889
0.053322	14890
0.0533256	14891
0.0533268	14892
0.0533304	14893
0.0533316	14894
0.0533352	14895
0.0533364	14896
0.05334	14897
0.0533436	14898
0.0533472	14899
0.0533508	14900
0.0533544	14901
0.053358	14902
0.0533617	14903
0.0533653	14904
0.0533689	14905
0.0533725	14906
0.0533761	14907
0.0533797	14908
0.0533833	14909
0.0533869	14910
0.0533905	14911
0.0533941	14912
0.0533977	14913
0.0534013	14914
0.0534049	14915
0.0534085	14916
0.0534121	14917
0.0534157	14918
0.0534193	14919
0.053423	14920
0.0534266	14921
0.0534302	14922
0.0534338	14923
0.0534374	14924
0.053441	14925
0.0534446	14926
0.0534482	14927
0.0534518	14928
0.0534554	14929
0.053459	14930
0.0534626	14931
0.0534662	14932
0.0534698	14933
0.0534734	14934
0.053477	14935
0.0534806	14936
0.0534843	14937
0.0534879	14938
0.0534915	14939
0.0534951	14940
0.0534987	14941
0.0535023	14942
0.0535059	14943
0.0535095	14944
0.0535131	14945
0.0535167	14946
0.0535203	14947
0.0535239	14948
0.0535275	14949
0.0535311	14950
0.0535347	14951
0.0535383	14952
0.053542	14953
0.0535456	14954
0.0535492	14955
0.0535528	14956
0.0535564	14957
0.05356	14958
0.0535636	14959
0.0535672	14960
0.0535708	14961
0.0535744	14962
0.0535768	14963
0.0535792	14965
0.0535828	14966
0.0535852	14967
0.0535876	14968
0.0536057	14969
0.0536081	14970
0.0536105	14971
0.0536129	14972
0.0536201	14973
0.0536237	14974
0.0536273	14975
0.0536309	14976
0.0536345	14977
0.0536369	14978
0.0536405	14979
0.0536429	14980
0.0536465	14981
0.0536477	14982
0.0536513	14983
0.0536525	14984
0.0536561	14985
0.0536573	14986
0.0536609	14987
0.0536646	14988
0.0536682	14989
0.0536718	14990
0.0536754	14991
0.053679	14992
0.0536826	14993
0.0536862	14994
0.0536898	14995
0.0536934	14996
0.053697	14997
0.0537006	14998
0.0537042	14999
0.0537078	15000
0.0537114	15001
0.053715	15002
0.0537186	15003
0.0537223	15004
0.0537259	15005
0.0537295	15006
0.0537331	15007
0.0537367	15008
0.0537403	15009
0.0537439	15010
0.0537475	15011
0.0537511	15012
0.0537547	15013
0.0537583	15014
0.0537619	15015
0.0537655	15016
0.0537691	15017
0.0537727	15018
0.0537763	15019
0.0537799	15020
0.0537836	15021
0.0537872	15022
0.0537908	15023
0.0537944	15024
0.053798	15025
0.0538016	15026
0.0538052	15027
0.0538088	15028
0.0538124	15029
0.053816	15030
0.0538196	15031
0.0538232	15032
0.0538268	15033
0.0538304	15034
0.053834	15035
0.0538376	15036
0.0538412	15037
0.0538449	15038
0.0538485	15039
0.0538521	15040
0.0538557	15041
0.0538593	15042
0.0538629	15043
0.0538665	15044
0.0538701	15045
0.0538737	15046
0.0538773	15047
0.0538809	15048
0.0538845	15049
0.0538881	15050
0.0538917	15051
0.0538953	15052
0.0538977	15053
0.0539001	15054
0.0539038	15055
0.0539062	15056
0.0539086	15057
0.0539266	15058
0.053929	15059
0.0539314	15060
0.0539338	15061
0.053941	15062
0.0539446	15063
0.0539482	15064
0.0539518	15065
0.0539554	15066
0.0539578	15067
0.0539614	15068
0.0539639	15069
0.0539675	15070
0.0539687	15071
0.0539723	15072
0.0539735	15073
0.0539771	15074
0.0539783	15075
0.0539819	15076
0.0539855	15077
0.0539891	15078
0.0539927	15079
0.0539963	15080
0.0539999	15081
0.0540035	15082
0.0540071	15083
0.0540107	15084
0.0540143	15085
0.0540179	15087
0.0540215	15088
0.0540252	15089
0.0540288	15090
0.0540324	15091
0.054036	15092
0.0540396	15093
0.0540432	15094
0.0540468	15095
0.0540504	15096
0.054054	15097
0.0540576	15098
0.0540612	15099
0.0540648	15100
0.0540684	15101
0.054072	15102
0.0540756	15103
0.0540792	15104
0.0540829	15105
0.0540865	15106
0.0540901	15107
0.0540937	15108
0.0540973	15109
0.0541009	15110
0.0541045	15111
0.0541081	15112
0.0541117	15113
0.0541153	15114
0.0541189	15115
0.0541225	15116
0.0541261	15117
0.0541297	15118
0.0541333	15119
0.0541369	15120
0.0541405	15121
0.0541442	15122
0.0541478	15123
0.0541514	15124
0.054155	15125
0.0541586	15126
0.0541622	15127
0.0541658	15128
0.0541694	15129
0.054173	15130
0.0541766	15131
0.0541802	15132
0.0541838	15133
0.0541874	15134
0.054191	15135
0.0541946	15136
0.0541982	15137
0.0542018	15138
0.0542055	15139
0.0542091	15140
0.0542127	15141
0.0542163	15142
0.0542187	15143
0.0542211	15144
0.0542247	15145
0.0542271	15146
0.0542295	15147
0.0542475	15148
0.0542499	15149
0.0542523	15150
0.0542547	15151
0.0542619	15152
0.0542656	15153
0.0542692	15154
0.0542728	15155
0.0542764	15156
0.0542788	15157
0.0542824	15158
0.0542848	15159
0.0542884	15160
0.0542896	15161
0.0542932	15162
0.0542944	15163
0.054298	15164
0.0542992	15165
0.0543028	15166
0.0543064	15167
0.05431	15168
0.0543136	15169
0.0543172	15170
0.0543208	15171
0.0543245	15172
0.0543281	15173
0.0543317	15174
0.0543353	15175
0.0543389	15176
0.0543425	15177
0.0543461	15178
0.0543497	15179
0.0543533	15180
0.0543569	15181
0.0543605	15182
0.0543641	15183
0.0543677	15184
0.0543713	15185
0.0543749	15186
0.0543785	15187
0.0543821	15188
0.0543858	15189
0.0543894	15190
0.054393	15191
0.0543966	15192
0.0544002	15193
0.0544038	15194
0.0544074	15195
0.054411	15196
0.0544146	15197
0.0544182	15198
0.0544218	15199
0.0544254	15200
0.054429	15201
0.0544326	15202
0.0544362	15203
0.0544398	15204
0.0544435	15205
0.0544471	15206
0.0544507	15207
0.0544543	15209
0.0544579	15210
0.0544615	15211
0.0544651	15212
0.0544687	15213
0.0544723	15214
0.0544759	15215
0.0544795	15216
0.0544831	15217
0.0544867	15218
0.0544903	15219
0.0544939	15220
0.0544975	15221
0.0545011	15222
0.0545048	15223
0.0545084	15224
0.054512	15225
0.0545156	15226
0.0545192	15227
0.0545228	15228
0.0545264	15229
0.05453	15230
0.0545336	15231
0.0545372	15232
0.0545396	15233
0.054542	15234
0.0545456	15235
0.054548	15236
0.0545504	15237
0.0545685	15238
0.0545709	15239
0.0545733	15240
0.0545757	15241
0.0545829	15242
0.0545865	15243
0.0545901	15244
0.0545937	15245
0.0545973	15246
0.0545997	15247
0.0546033	15248
0.0546057	15249
0.0546093	15250
0.0546105	15251
0.0546141	15252
0.0546153	15253
0.0546189	15254
0.0546201	15255
0.0546238	15256
0.0546274	15257
0.054631	15258
0.0546346	15259
0.0546382	15260
0.0546418	15261
0.0546454	15262
0.054649	15263
0.0546526	15264
0.0546562	15265
0.0546598	15266
0.0546634	15267
0.054667	15268
0.0546706	15269
0.0546742	15270
0.0546778	15271
0.0546814	15272
0.0546851	15273
0.0546887	15274
0.0546923	15275
0.0546959	15276
0.0546995	15277
0.0547031	15278
0.0547067	15279
0.0547103	15280
0.0547139	15281
0.0547175	15282
0.0547211	15283
0.0547247	15284
0.0547283	15285
0.0547319	15286
0.0547355	15287
0.0547391	15288
0.0547427	15289
0.0547464	15290
0.05475	15291
0.0547536	15292
0.0547572	15293
0.0547608	15294
0.0547644	15295
0.054768	15296
0.0547716	15297
0.0547752	15298
0.0547788	15299
0.0547824	15300
0.054786	15301
0.0547896	15302
0.0547932	15303
0.0547968	15304
0.0548004	15305
0.0548041	15306
0.0548077	15307
0.0548113	15308
0.0548149	15309
0.0548185	15310
0.0548221	15311
0.0548257	15312
0.0548293	15313
0.0548329	15314
0.0548365	15315
0.0548401	15316
0.0548437	15317
0.0548473	15318
0.0548509	15319
0.0548545	15320
0.0548581	15321
0.0548605	15322
0.0548629	15323
0.0548666	15324
0.054869	15325
0.0548714	15326
0.0548894	15327
0.0548918	15328
0.0548942	15330
0.0548966	15331
0.0549038	15332
0.0549074	15333
0.054911	15334
0.0549146	15335
0.0549182	15336
0.0549206	15337
0.0549243	15338
0.0549267	15339
0.0549303	15340
0.0549315	15341
0.0549351	15342
0.0549363	15343
0.0549399	15344
0.0549411	15345
0.0549447	15346
0.0549483	15347
0.0549519	15348
0.0549555	15349
0.0549591	15350
0.0549627	15351
0.0549663	15352
0.0549699	15353
0.0549735	15354
0.0549771	15355
0.0549807	15356
0.0549844	15357
0.054988	15358
0.0549916	15359
0.0549952	15360
0.0549988	15361
0.0550024	15362
0.055006	15363
0.0550096	15364
0.0550132	15365
0.0550168	15366
0.0550204	15367
0.055024	15368
0.0550276	15369
0.0550312	15370
0.0550348	15371
0.0550384	15372
0.055042	15373
0.0550457	15374
0.0550493	15375
0.0550529	15376
0.0550565	15377
0.0550601	15378
0.0550637	15379
0.0550673	15380
0.0550709	15381
0.0550745	15382
0.0550781	15383
0.0550817	15384
0.0550853	15385
0.0550889	15386
0.0550925	15387
0.0550961	15388
0.0550997	15389
0.0551033	15390
0.055107	15391
0.0551106	15392
0.0551142	15393
0.0551178	15394
0.0551214	15395
0.055125	15396
0.0551286	15397
0.0551322	15398
0.0551358	15399
0.0551394	15400
0.055143	15401
0.0551466	15402
0.0551502	15403
0.0551538	15404
0.0551574	15405
0.055161	15406
0.0551647	15407
0.0551683	15408
0.0551719	15409
0.0551755	15410
0.0551791	15411
0.0551815	15412
0.0551839	15413
0.0551875	15414
0.0551899	15415
0.0551923	15416
0.0552103	15417
0.0552127	15418
0.0552151	15419
0.0552175	15420
0.0552248	15421
0.0552284	15422
0.055232	15423
0.0552356	15424
0.0552392	15425
0.0552416	15426
0.0552452	15427
0.0552476	15428
0.0552512	15429
0.0552524	15430
0.055256	15431
0.0552572	15432
0.0552608	15433
0.055262	15434
0.0552656	15435
0.0552692	15436
0.0552728	15437
0.0552764	15438
0.05528	15439
0.0552836	15440
0.0552873	15441
0.0552909	15442
0.0552945	15443
0.0552981	15444
0.0553017	15445
0.0553053	15446
0.0553089	15447
0.0553125	15448
0.0553161	15449
0.0553197	15450
0.0553233	15452
0.0553269	15453
0.0553305	15454
0.0553341	15455
0.0553377	15456
0.0553413	15457
0.055345	15458
0.0553486	15459
0.0553522	15460
0.0553558	15461
0.0553594	15462
0.055363	15463
0.0553666	15464
0.0553702	15465
0.0553738	15466
0.0553774	15467
0.055381	15468
0.0553846	15469
0.0553882	15470
0.0553918	15471
0.0553954	15472
0.055399	15473
0.0554026	15474
0.0554063	15475
0.0554099	15476
0.0554135	15477
0.0554171	15478
0.0554207	15479
0.0554243	15480
0.0554279	15481
0.0554315	15482
0.0554351	15483
0.0554387	15484
0.0554423	15485
0.0554459	15486
0.0554495	15487
0.0554531	15488
0.0554567	15489
0.0554603	15490
0.0554639	15491
0.0554676	15492
0.0554712	15493
0.0554748	15494
0.0554784	15495
0.055482	15496
0.0554856	15497
0.0554892	15498
0.0554928	15499
0.0554964	15500
0.0555	15501
0.0555024	15502
0.0555048	15503
0.0555084	15504
0.0555108	15505
0.0555132	15506
0.0555313	15507
0.0555337	15508
0.0555361	15509
0.0555385	15510
0.0555457	15511
0.0555493	15512
0.0555529	15513
0.0555565	15514
0.0555601	15515
0.0555625	15516
0.0555661	15517
0.0555685	15518
0.0555721	15519
0.0555733	15520
0.0555769	15521
0.0555781	15522
0.0555817	15523
0.0555829	15524
0.0555866	15525
0.0555902	15526
0.0555938	15527
0.0555974	15528
0.055601	15529
0.0556046	15530
0.0556082	15531
0.0556118	15532
0.0556154	15533
0.055619	15534
0.0556226	15535
0.0556262	15536
0.0556298	15537
0.0556334	15538
0.055637	15539
0.0556406	15540
0.0556442	15541
0.0556479	15542
0.0556515	15543
0.0556551	15544
0.0556587	15545
0.0556623	15546
0.0556659	15547
0.0556695	15548
0.0556731	15549
0.0556767	15550
0.0556803	15551
0.0556839	15552
0.0556875	15553
0.0556911	15554
0.0556947	15555
0.0556983	15556
0.0557019	15557
0.0557056	15558
0.0557092	15559
0.0557128	15560
0.0557164	15561
0.05572	15562
0.0557236	15563
0.0557272	15564
0.0557308	15565
0.0557344	15566
0.055738	15567
0.0557416	15568
0.0557452	15569
0.0557488	15570
0.0557524	15571
0.055756	15572
0.0557596	15574
0.0557632	15575
0.0557669	15576
0.0557705	15577
0.0557741	15578
0.0557777	15579
0.0557813	15580
0.0557849	15581
0.0557885	15582
0.0557921	15583
0.0557957	15584
0.0557993	15585
0.0558029	15586
0.0558065	15587
0.0558101	15588
0.0558137	15589
0.0558173	15590
0.0558209	15591
0.0558233	15592
0.0558258	15593
0.0558294	15594
0.0558318	15595
0.0558342	15596
0.0558522	15597
0.0558546	15598
0.055857	15599
0.0558594	15600
0.0558666	15601
0.0558702	15602
0.0558738	15603
0.0558774	15604
0.055881	15605
0.0558834	15606
0.0558871	15607
0.0558895	15608
0.0558931	15609
0.0558943	15610
0.0558979	15611
0.0558991	15612
0.0559027	15613
0.0559039	15614
0.0559075	15615
0.0559111	15616
0.0559147	15617
0.0559183	15618
0.0559219	15619
0.0559255	15620
0.0559291	15621
0.0559327	15622
0.0559363	15623
0.0559399	15624
0.0559435	15625
0.0559472	15626
0.0559508	15627
0.0559544	15628
0.055958	15629
0.0559616	15630
0.0559652	15631
0.0559688	15632
0.0559724	15633
0.055976	15634
0.0559796	15635
0.0559832	15636
0.0559868	15637
0.0559904	15638
0.055994	15639
0.0559976	15640
0.0560012	15641
0.0560048	15642
0.0560085	15643
0.0560121	15644
0.0560157	15645
0.0560193	15646
0.0560229	15647
0.0560265	15648
0.0560301	15649
0.0560337	15650
0.0560373	15651
0.0560409	15652
0.0560445	15653
0.0560481	15654
0.0560517	15655
0.0560553	15656
0.0560589	15657
0.0560625	15658
0.0560662	15659
0.0560698	15660
0.0560734	15661
0.056077	15662
0.0560806	15663
0.0560842	15664
0.0560878	15665
0.0560914	15666
0.056095	15667
0.0560986	15668
0.0561022	15669
0.0561058	15670
0.0561094	15671
0.056113	15672
0.0561166	15673
0.0561202	15674
0.0561238	15675
0.0561275	15676
0.0561311	15677
0.0561347	15678
0.0561383	15679
0.0561419	15680
0.0561443	15681
0.0561467	15682
0.0561503	15683
0.0561527	15684
0.0561551	15685
0.0561731	15686
0.0561755	15687
0.0561779	15688
0.0561803	15689
0.0561876	15690
0.0561912	15691
0.0561948	15692
0.0561984	15693
0.056202	15695
0.0562044	15696
0.056208	15697
0.0562104	15698
0.056214	15699
0.0562152	15700
0.0562188	15701
0.05622	15702
0.0562236	15703
0.0562248	15704
0.0562284	15705
0.056232	15706
0.0562356	15707
0.0562392	15708
0.0562428	15709
0.0562465	15710
0.0562501	15711
0.0562537	15712
0.0562573	15713
0.0562609	15714
0.0562645	15715
0.0562681	15716
0.0562717	15717
0.0562753	15718
0.0562789	15719
0.0562825	15720
0.0562861	15721
0.0562897	15722
0.0562933	15723
0.0562969	15724
0.0563005	15725
0.0563041	15726
0.0563078	15727
0.0563114	15728
0.056315	15729
0.0563186	15730
0.0563222	15731
0.0563258	15732
0.0563294	15733
0.056333	15734
0.0563366	15735
0.0563402	15736
0.0563438	15737
0.0563474	15738
0.056351	15739
0.0563546	15740
0.0563582	15741
0.0563618	15742
0.0563654	15743
0.0563691	15744
0.0563727	15745
0.0563763	15746
0.0563799	15747
0.0563835	15748
0.0563871	15749
0.0563907	15750
0.0563943	15751
0.0563979	15752
0.0564015	15753
0.0564051	15754
0.0564087	15755
0.0564123	15756
0.0564159	15757
0.0564195	15758
0.0564231	15759
0.0564268	15760
0.0564304	15761
0.056434	15762
0.0564376	15763
0.0564412	15764
0.0564448	15765
0.0564484	15766
0.056452	15767
0.0564556	15768
0.0564592	15769
0.0564628	15770
0.0564652	15771
0.0564676	15772
0.0564712	15773
0.0564736	15774
0.056476	15775
0.0564941	15776
0.0564965	15777
0.0564989	15778
0.0565013	15779
0.0565085	15780
0.0565121	15781
0.0565157	15782
0.0565193	15783
0.0565229	15784
0.0565253	15785
0.0565289	15786
0.0565313	15787
0.0565349	15788
0.0565361	15789
0.0565397	15790
0.0565409	15791
0.0565445	15792
0.0565457	15793
0.0565494	15794
0.056553	15795
0.0565566	15796
0.0565602	15797
0.0565638	15798
0.0565674	15799
0.056571	15800
0.0565746	15801
0.0565782	15802
0.0565818	15803
0.0565854	15804
0.056589	15805
0.0565926	15806
0.0565962	15807
0.0565998	15808
0.0566034	15809
0.0566071	15810
0.0566107	15811
0.0566143	15812
0.0566179	15813
0.0566215	15814
0.0566251	15815
0.0566287	15817
0.0566323	15818
0.0566359	15819
0.0566395	15820
0.0566431	15821
0.0566467	15822
0.0566503	15823
0.0566539	15824
0.0566575	15825
0.0566611	15826
0.0566647	15827
0.0566684	15828
0.056672	15829
0.0566756	15830
0.0566792	15831
0.0566828	15832
0.0566864	15833
0.05669	15834
0.0566936	15835
0.0566972	15836
0.0567008	15837
0.0567044	15838
0.056708	15839
0.0567116	15840
0.0567152	15841
0.0567188	15842
0.0567224	15843
0.056726	15844
0.0567297	15845
0.0567333	15846
0.0567369	15847
0.0567405	15848
0.0567441	15849
0.0567477	15850
0.0567513	15851
0.0567549	15852
0.0567585	15853
0.0567621	15854
0.0567657	15855
0.0567693	15856
0.0567729	15857
0.0567765	15858
0.0567801	15859
0.0567837	15860
0.0567861	15861
0.0567886	15862
0.0567922	15863
0.0567946	15864
0.056797	15865
0.056815	15866
0.0568174	15867
0.0568198	15868
0.0568222	15869
0.0568294	15870
0.056833	15871
0.0568366	15872
0.0568402	15873
0.0568438	15874
0.0568462	15875
0.0568499	15876
0.0568523	15877
0.0568559	15878
0.0568571	15879
0.0568607	15880
0.0568619	15881
0.0568655	15882
0.0568667	15883
0.0568703	15884
0.0568739	15885
0.0568775	15886
0.0568811	15887
0.0568847	15888
0.0568883	15889
0.0568919	15890
0.0568955	15891
0.0568991	15892
0.0569027	15893
0.0569063	15894
0.05691	15895
0.0569136	15896
0.0569172	15897
0.0569208	15898
0.0569244	15899
0.056928	15900
0.0569316	15901
0.0569352	15902
0.0569388	15903
0.0569424	15904
0.056946	15905
0.0569496	15906
0.0569532	15907
0.0569568	15908
0.0569604	15909
0.056964	15910
0.0569677	15911
0.0569713	15912
0.0569749	15913
0.0569785	15914
0.0569821	15915
0.0569857	15916
0.0569893	15917
0.0569929	15918
0.0569965	15919
0.0570001	15920
0.0570037	15921
0.0570073	15922
0.0570109	15923
0.0570145	15924
0.0570181	15925
0.0570217	15926
0.0570253	15927
0.057029	15928
0.0570326	15929
0.0570362	15930
0.0570398	15931
0.0570434	15932
0.057047	15933
0.0570506	15934
0.0570542	15935
0.0570578	15936
0.0570614	15937
0.057065	15939
0.0570686	15940
0.0570722	15941
0.0570758	15942
0.0570794	15943
0.057083	15944
0.0570866	15945
0.0570903	15946
0.0570939	15947
0.0570975	15948
0.0571011	15949
0.0571047	15950
0.0571071	15951
0.0571095	15952
0.0571131	15953
0.0571155	15954
0.0571179	15955
0.0571359	15956
0.0571383	15957
0.0571407	15958
0.0571431	15959
0.0571504	15960
0.057154	15961
0.0571576	15962
0.0571612	15963
0.0571648	15964
0.0571672	15965
0.0571708	15966
0.0571732	15967
0.0571768	15968
0.057178	15969
0.0571816	15970
0.0571828	15971
0.0571864	15972
0.0571876	15973
0.0571912	15974
0.0571948	15975
0.0571984	15976
0.057202	15977
0.0572056	15978
0.0572093	15979
0.0572129	15980
0.0572165	15981
0.0572201	15982
0.0572237	15983
0.0572273	15984
0.0572309	15985
0.0572345	15986
0.0572381	15987
0.0572417	15988
0.0572453	15989
0.0572489	15990
0.0572525	15991
0.0572561	15992
0.0572597	15993
0.0572633	15994
0.0572669	15995
0.0572706	15996
0.0572742	15997
0.0572778	15998
0.0572814	15999
0.057285	16000
0.0572886	16001
0.0572922	16002
0.0572958	16003
0.0572994	16004
0.057303	16005
0.0573066	16006
0.0573102	16007
0.0573138	16008
0.0573174	16009
0.057321	16010
0.0573246	16011
0.0573283	16012
0.0573319	16013
0.0573355	16014
0.0573391	16015
0.0573427	16016
0.0573463	16017
0.0573499	16018
0.0573535	16019
0.0573571	16020
0.0573607	16021
0.0573643	16022
0.0573679	16023
0.0573715	16024
0.0573751	16025
0.0573787	16026
0.0573823	16027
0.0573859	16028
0.0573896	16029
0.0573932	16030
0.0573968	16031
0.0574004	16032
0.057404	16033
0.0574076	16034
0.0574112	16035
0.0574148	16036
0.0574184	16037
0.057422	16038
0.0574256	16039
0.057428	16040
0.0574304	16041
0.057434	16042
0.0574364	16043
0.0574388	16044
0.0574569	16045
0.0574593	16046
0.0574617	16047
0.0574641	16048
0.0574713	16049
0.0574749	16050
0.0574785	16051
0.0574821	16052
0.0574857	16053
0.0574881	16054
0.0574917	16055
0.0574941	16056
0.0574977	16057
0.0574989	16058
0.0575025	16060
0.0575037	16061
0.0575073	16062
0.0575086	16063
0.0575122	16064
0.0575158	16065
0.0575194	16066
0.057523	16067
0.0575266	16068
0.0575302	16069
0.0575338	16070
0.0575374	16071
0.057541	16072
0.0575446	16073
0.0575482	16074
0.0575518	16075
0.0575554	16076
0.057559	16077
0.0575626	16078
0.0575662	16079
0.0575699	16080
0.0575735	16081
0.0575771	16082
0.0575807	16083
0.0575843	16084
0.0575879	16085
0.0575915	16086
0.0575951	16087
0.0575987	16088
0.0576023	16089
0.0576059	16090
0.0576095	16091
0.0576131	16092
0.0576167	16093
0.0576203	16094
0.0576239	16095
0.0576275	16096
0.0576312	16097
0.0576348	16098
0.0576384	16099
0.057642	16100
0.0576456	16101
0.0576492	16102
0.0576528	16103
0.0576564	16104
0.05766	16105
0.0576636	16106
0.0576672	16107
0.0576708	16108
0.0576744	16109
0.057678	16110
0.0576816	16111
0.0576852	16112
0.0576889	16113
0.0576925	16114
0.0576961	16115
0.0576997	16116
0.0577033	16117
0.0577069	16118
0.0577105	16119
0.0577141	16120
0.0577177	16121
0.0577213	16122
0.0577249	16123
0.0577285	16124
0.0577321	16125
0.0577357	16126
0.0577393	16127
0.0577429	16128
0.0577465	16129
0.057749	16130
0.0577514	16131
0.057755	16132
0.0577574	16133
0.0577598	16134
0.0577778	16135
0.0577802	16136
0.0577826	16137
0.057785	16138
0.0577922	16139
0.0577958	16140
0.0577994	16141
0.057803	16142
0.0578066	16143
0.0578091	16144
0.0578127	16145
0.0578151	16146
0.0578187	16147
0.0578199	16148
0.0578235	16149
0.0578247	16150
0.0578283	16151
0.0578295	16152
0.0578331	16153
0.0578367	16154
0.0578403	16155
0.0578439	16156
0.0578475	16157
0.0578511	16158
0.0578547	16159
0.0578583	16160
0.0578619	16161
0.0578655	16162
0.0578692	16163
0.0578728	16164
0.0578764	16165
0.05788	16166
0.0578836	16167
0.0578872	16168
0.0578908	16169
0.0578944	16170
0.057898	16171
0.0579016	16172
0.0579052	16173
0.0579088	16174
0.0579124	16175
0.057916	16176
0.0579196	16177
0.0579232	16178
0.0579268	16179
0.0579305	16180
0.0579341	16182
0.0579377	16183
0.0579413	16184
0.0579449	16185
0.0579485	16186
0.0579521	16187
0.0579557	16188
0.0579593	16189
0.0579629	16190
0.0579665	16191
0.0579701	16192
0.0579737	16193
0.0579773	16194
0.0579809	16195
0.0579845	16196
0.0579881	16197
0.0579918	16198
0.0579954	16199
0.057999	16200
0.0580026	16201
0.0580062	16202
0.0580098	16203
0.0580134	16204
0.058017	16205
0.0580206	16206
0.0580242	16207
0.0580278	16208
0.0580314	16209
0.058035	16210
0.0580386	16211
0.0580422	16212
0.0580458	16213
0.0580495	16214
0.0580531	16215
0.0580567	16216
0.0580603	16217
0.0580639	16218
0.0580675	16219
0.0580699	16220
0.0580723	16221
0.0580759	16222
0.0580783	16223
0.0580807	16224
0.0580987	16225
0.0581011	16226
0.0581035	16227
0.0581059	16228
0.0581132	16229
0.0581168	16230
0.0581204	16231
0.058124	16232
0.0581276	16233
0.05813	16234
0.0581336	16235
0.058136	16236
0.0581396	16237
0.0581408	16238
0.0581444	16239
0.0581456	16240
0.0581492	16241
0.0581504	16242
0.058154	16243
0.0581576	16244
0.0581612	16245
0.0581648	16246
0.0581684	16247
0.0581721	16248
0.0581757	16249
0.0581793	16250
0.0581829	16251
0.0581865	16252
0.0581901	16253
0.0581937	16254
0.0581973	16255
0.0582009	16256
0.0582045	16257
0.0582081	16258
0.0582117	16259
0.0582153	16260
0.0582189	16261
0.0582225	16262
0.0582261	16263
0.0582298	16264
0.0582334	16265
0.058237	16266
0.0582406	16267
0.0582442	16268
0.0582478	16269
0.0582514	16270
0.058255	16271
0.0582586	16272
0.0582622	16273
0.0582658	16274
0.0582694	16275
0.058273	16276
0.0582766	16277
0.0582802	16278
0.0582838	16279
0.0582874	16280
0.0582911	16281
0.0582947	16282
0.0582983	16283
0.0583019	16284
0.0583055	16285
0.0583091	16286
0.0583127	16287
0.0583163	16288
0.0583199	16289
0.0583235	16290
0.0583271	16291
0.0583307	16292
0.0583343	16293
0.0583379	16294
0.0583415	16295
0.0583451	16296
0.0583487	16297
0.0583524	16298
0.058356	16299
0.0583596	16300
0.0583632	16301
0.0583668	16302
0.0583704	16304
0.058374	16305
0.0583776	16306
0.0583812	16307
0.0583848	16308
0.0583884	16309
0.0583908	16310
0.0583932	16311
0.0583968	16312
0.0583992	16313
0.0584016	16314
0.0584197	16315
0.0584221	16316
0.0584245	16317
0.0584269	16318
0.0584341	16319
0.0584377	16320
0.0584413	16321
0.0584449	16322
0.0584485	16323
0.0584509	16324
0.0584545	16325
0.0584569	16326
0.0584605	16327
0.0584617	16328
0.0584653	16329
0.0584665	16330
0.0584702	16331
0.0584714	16332
0.058475	16333
0.0584786	16334
0.0584822	16335
0.0584858	16336
0.0584894	16337
0.058493	16338
0.0584966	16339
0.0585002	16340
0.0585038	16341
0.0585074	16342
0.058511	16343
0.0585146	16344
0.0585182	16345
0.0585218	16346
0.0585254	16347
0.058529	16348
0.0585327	16349
0.0585363	16350
0.0585399	16351
0.0585435	16352
0.0585471	16353
0.0585507	16354
0.0585543	16355
0.0585579	16356
0.0585615	16357
0.0585651	16358
0.0585687	16359
0.0585723	16360
0.0585759	16361
0.0585795	16362
0.0585831	16363
0.0585867	16364
0.0585904	16365
0.058594	16366
0.0585976	16367
0.0586012	16368
0.0586048	16369
0.0586084	16370
0.058612	16371
0.0586156	16372
0.0586192	16373
0.0586228	16374
0.0586264	16375
0.05863	16376
0.0586336	16377
0.0586372	16378
0.0586408	16379
0.0586444	16380
0.058648	16381
0.0586517	16382
0.0586553	16383
0.0586589	16384
0.0586625	16385
0.0586661	16386
0.0586697	16387
0.0586733	16388
0.0586769	16389
0.0586805	16390
0.0586841	16391
0.0586877	16392
0.0586913	16393
0.0586949	16394
0.0586985	16395
0.0587021	16396
0.0587057	16397
0.0587093	16398
0.0587118	16399
0.0587142	16400
0.0587178	16401
0.0587202	16402
0.0587226	16403
0.0587406	16404
0.058743	16405
0.0587454	16406
0.0587478	16407
0.058755	16408
0.0587586	16409
0.0587622	16410
0.0587658	16411
0.0587694	16412
0.0587719	16413
0.0587755	16414
0.0587779	16415
0.0587815	16416
0.0587827	16417
0.0587863	16418
0.0587875	16419
0.0587911	16420
0.0587923	16421
0.0587959	16422
0.0587995	16423
0.0588031	16425
0.0588067	16426
0.0588103	16427
0.0588139	16428
0.0588175	16429
0.0588211	16430
0.0588247	16431
0.0588283	16432
0.058832	16433
0.0588356	16434
0.0588392	16435
0.0588428	16436
0.0588464	16437
0.05885	16438
0.0588536	16439
0.0588572	16440
0.0588608	16441
0.0588644	16442
0.058868	16443
0.0588716	16444
0.0588752	16445
0.0588788	16446
0.0588824	16447
0.058886	16448
0.0588896	16449
0.0588933	16450
0.0588969	16451
0.0589005	16452
0.0589041	16453
0.0589077	16454
0.0589113	16455
0.0589149	16456
0.0589185	16457
0.0589221	16458
0.0589257	16459
0.0589293	16460
0.0589329	16461
0.0589365	16462
0.0589401	16463
0.0589437	16464
0.0589473	16465
0.058951	16466
0.0589546	16467
0.0589582	16468
0.0589618	16469
0.0589654	16470
0.058969	16471
0.0589726	16472
0.0589762	16473
0.0589798	16474
0.0589834	16475
0.058987	16476
0.0589906	16477
0.0589942	16478
0.0589978	16479
0.0590014	16480
0.059005	16481
0.0590086	16482
0.0590123	16483
0.0590159	16484
0.0590195	16485
0.0590231	16486
0.0590267	16487
0.0590303	16488
0.0590327	16489
0.0590351	16490
0.0590387	16491
0.0590411	16492
0.0590435	16493
0.0590615	16494
0.0590639	16495
0.0590663	16496
0.0590687	16497
0.059076	16498
0.0590796	16499
0.0590832	16500
0.0590868	16501
0.0590904	16502
0.0590928	16503
0.0590964	16504
0.0590988	16505
0.0591024	16506
0.0591036	16507
0.0591072	16508
0.0591084	16509
0.059112	16510
0.0591132	16511
0.0591168	16512
0.0591204	16513
0.059124	16514
0.0591276	16515
0.0591313	16516
0.0591349	16517
0.0591385	16518
0.0591421	16519
0.0591457	16520
0.0591493	16521
0.0591529	16522
0.0591565	16523
0.0591601	16524
0.0591637	16525
0.0591673	16526
0.0591709	16527
0.0591745	16528
0.0591781	16529
0.0591817	16530
0.0591853	16531
0.0591889	16532
0.0591926	16533
0.0591962	16534
0.0591998	16535
0.0592034	16536
0.059207	16537
0.0592106	16538
0.0592142	16539
0.0592178	16540
0.0592214	16541
0.059225	16542
0.0592286	16543
0.0592322	16544
0.0592358	16545
0.0592394	16547
0.059243	16548
0.0592466	16549
0.0592502	16550
0.0592539	16551
0.0592575	16552
0.0592611	16553
0.0592647	16554
0.0592683	16555
0.0592719	16556
0.0592755	16557
0.0592791	16558
0.0592827	16559
0.0592863	16560
0.0592899	16561
0.0592935	16562
0.0592971	16563
0.0593007	16564
0.0593043	16565
0.0593079	16566
0.0593116	16567
0.0593152	16568
0.0593188	16569
0.0593224	16570
0.059326	16571
0.0593296	16572
0.0593332	16573
0.0593368	16574
0.0593404	16575
0.059344	16576
0.0593476	16577
0.0593512	16578
0.0593536	16579
0.059356	16580
0.0593596	16581
0.059362	16582
0.0593644	16583
0.0593825	16584
0.0593849	16585
0.0593873	16586
0.0593897	16587
0.0593969	16588
0.0594005	16589
0.0594041	16590
0.0594077	16591
0.0594113	16592
0.0594137	16593
0.0594173	16594
0.0594197	16595
0.0594233	16596
0.0594245	16597
0.0594281	16598
0.0594293	16599
0.059433	16600
0.0594342	16601
0.0594378	16602
0.0594414	16603
0.059445	16604
0.0594486	16605
0.0594522	16606
0.0594558	16607
0.0594594	16608
0.059463	16609
0.0594666	16610
0.0594702	16611
0.0594738	16612
0.0594774	16613
0.059481	16614
0.0594846	16615
0.0594882	16616
0.0594919	16617
0.0594955	16618
0.0594991	16619
0.0595027	16620
0.0595063	16621
0.0595099	16622
0.0595135	16623
0.0595171	16624
0.0595207	16625
0.0595243	16626
0.0595279	16627
0.0595315	16628
0.0595351	16629
0.0595387	16630
0.0595423	16631
0.0595459	16632
0.0595495	16633
0.0595532	16634
0.0595568	16635
0.0595604	16636
0.059564	16637
0.0595676	16638
0.0595712	16639
0.0595748	16640
0.0595784	16641
0.059582	16642
0.0595856	16643
0.0595892	16644
0.0595928	16645
0.0595964	16646
0.0596	16647
0.0596036	16648
0.0596072	16649
0.0596108	16650
0.0596145	16651
0.0596181	16652
0.0596217	16653
0.0596253	16654
0.0596289	16655
0.0596325	16656
0.0596361	16657
0.0596397	16658
0.0596433	16659
0.0596469	16660
0.0596505	16661
0.0596541	16662
0.0596577	16663
0.0596613	16664
0.0596649	16665
0.0596685	16666
0.0596722	16667
0.0596746	16669
0.059677	16670
0.0596806	16671
0.059683	16672
0.0596854	16673
0.0597034	16674
0.0597058	16675
0.0597082	16676
0.0597106	16677
0.0597178	16678
0.0597214	16679
0.059725	16680
0.0597286	16681
0.0597323	16682
0.0597347	16683
0.0597383	16684
0.0597407	16685
0.0597443	16686
0.0597455	16687
0.0597491	16688
0.0597503	16689
0.0597539	16690
0.0597551	16691
0.0597587	16692
0.0597623	16693
0.0597659	16694
0.0597695	16695
0.0597731	16696
0.0597767	16697
0.0597803	16698
0.0597839	16699
0.0597875	16700
0.0597911	16701
0.0597948	16702
0.0597984	16703
0.059802	16704
0.0598056	16705
0.0598092	16706
0.0598128	16707
0.0598164	16708
0.05982	16709
0.0598236	16710
0.0598272	16711
0.0598308	16712
0.0598344	16713
0.059838	16714
0.0598416	16715
0.0598452	16716
0.0598488	16717
0.0598525	16718
0.0598561	16719
0.0598597	16720
0.0598633	16721
0.0598669	16722
0.0598705	16723
0.0598741	16724
0.0598777	16725
0.0598813	16726
0.0598849	16727
0.0598885	16728
0.0598921	16729
0.0598957	16730
0.0598993	16731
0.0599029	16732
0.0599065	16733
0.0599101	16734
0.0599138	16735
0.0599174	16736
0.059921	16737
0.0599246	16738
0.0599282	16739
0.0599318	16740
0.0599354	16741
0.059939	16742
0.0599426	16743
0.0599462	16744
0.0599498	16745
0.0599534	16746
0.059957	16747
0.0599606	16748
0.0599642	16749
0.0599678	16750
0.0599714	16751
0.0599751	16752
0.0599787	16753
0.0599823	16754
0.0599859	16755
0.0599895	16756
0.0599931	16757
0.0599955	16758
0.0599979	16759
0.0600015	16760
0.0600039	16761
0.0600063	16762
0.0600243	16763
0.0600267	16764
0.0600291	16765
0.0600315	16766
0.0600388	16767
0.0600424	16768
0.060046	16769
0.0600496	16770
0.0600532	16771
0.0600556	16772
0.0600592	16773
0.0600616	16774
0.0600652	16775
0.0600664	16776
0.06007	16777
0.0600712	16778
0.0600748	16779
0.060076	16780
0.0600796	16781
0.0600832	16782
0.0600868	16783
0.0600904	16784
0.0600941	16785
0.0600977	16786
0.0601013	16787
0.0601049	16788
0.0601085	16790
0.0601121	16791
0.0601157	16792
0.0601193	16793
0.0601229	16794
0.0601265	16795
0.0601301	16796
0.0601337	16797
0.0601373	16798
0.0601409	16799
0.0601445	16800
0.0601481	16801
0.0601517	16802
0.0601554	16803
0.060159	16804
0.0601626	16805
0.0601662	16806
0.0601698	16807
0.0601734	16808
0.060177	16809
0.0601806	16810
0.0601842	16811
0.0601878	16812
0.0601914	16813
0.060195	16814
0.0601986	16815
0.0602022	16816
0.0602058	16817
0.0602094	16818
0.0602131	16819
0.0602167	16820
0.0602203	16821
0.0602239	16822
0.0602275	16823
0.0602311	16824
0.0602347	16825
0.0602383	16826
0.0602419	16827
0.0602455	16828
0.0602491	16829
0.0602527	16830
0.0602563	16831
0.0602599	16832
0.0602635	16833
0.0602671	16834
0.0602707	16835
0.0602744	16836
0.060278	16837
0.0602816	16838
0.0602852	16839
0.0602888	16840
0.0602924	16841
0.060296	16842
0.0602996	16843
0.0603032	16844
0.0603068	16845
0.0603104	16846
0.060314	16847
0.0603164	16848
0.0603188	16849
0.0603224	16850
0.0603248	16851
0.0603272	16852
0.0603453	16853
0.0603477	16854
0.0603501	16855
0.0603525	16856
0.0603597	16857
0.0603633	16858
0.0603669	16859
0.0603705	16860
0.0603741	16861
0.0603765	16862
0.0603801	16863
0.0603825	16864
0.0603861	16865
0.0603873	16866
0.0603909	16867
0.0603921	16868
0.0603958	16869
0.060397	16870
0.0604006	16871
0.0604042	16872
0.0604078	16873
0.0604114	16874
0.060415	16875
0.0604186	16876
0.0604222	16877
0.0604258	16878
0.0604294	16879
0.060433	16880
0.0604366	16881
0.0604402	16882
0.0604438	16883
0.0604474	16884
0.060451	16885
0.0604547	16886
0.0604583	16887
0.0604619	16888
0.0604655	16889
0.0604691	16890
0.0604727	16891
0.0604763	16892
0.0604799	16893
0.0604835	16894
0.0604871	16895
0.0604907	16896
0.0604943	16897
0.0604979	16898
0.0605015	16899
0.0605051	16900
0.0605087	16901
0.0605123	16902
0.060516	16903
0.0605196	16904
0.0605232	16905
0.0605268	16906
0.0605304	16907
0.060534	16908
0.0605376	16909
0.0605412	16910
0.0605448	16912
0.0605484	16913
0.060552	16914
0.0605556	16915
0.0605592	16916
0.0605628	16917
0.0605664	16918
0.06057	16919
0.0605737	16920
0.0605773	16921
0.0605809	16922
0.0605845	16923
0.0605881	16924
0.0605917	16925
0.0605953	16926
0.0605989	16927
0.0606025	16928
0.0606061	16929
0.0606097	16930
0.0606133	16931
0.0606169	16932
0.0606205	16933
0.0606241	16934
0.0606277	16935
0.0606313	16936
0.060635	16937
0.0606374	16938
0.0606398	16939
0.0606434	16940
0.0606458	16941
0.0606482	16942
0.0606662	16943
0.0606686	16944
0.060671	16945
0.0606734	16946
0.0606806	16947
0.0606842	16948
0.0606878	16949
0.0606914	16950
0.0606951	16951
0.0606975	16952
0.0607011	16953
0.0607035	16954
0.0607071	16955
0.0607083	16956
0.0607119	16957
0.0607131	16958
0.0607167	16959
0.0607179	16960
0.0607215	16961
0.0607251	16962
0.0607287	16963
0.0607323	16964
0.0607359	16965
0.0607395	16966
0.0607431	16967
0.0607467	16968
0.0607503	16969
0.060754	16970
0.0607576	16971
0.0607612	16972
0.0607648	16973
0.0607684	16974
0.060772	16975
0.0607756	16976
0.0607792	16977
0.0607828	16978
0.0607864	16979
0.06079	16980
0.0607936	16981
0.0607972	16982
0.0608008	16983
0.0608044	16984
0.060808	16985
0.0608116	16986
0.0608153	16987
0.0608189	16988
0.0608225	16989
0.0608261	16990
0.0608297	16991
0.0608333	16992
0.0608369	16993
0.0608405	16994
0.0608441	16995
0.0608477	16996
0.0608513	16997
0.0608549	16998
0.0608585	16999
0.0608621	17000
0.0608657	17001
0.0608693	17002
0.0608729	17003
0.0608766	17004
0.0608802	17005
0.0608838	17006
0.0608874	17007
0.060891	17008
0.0608946	17009
0.0608982	17010
0.0609018	17011
0.0609054	17012
0.060909	17013
0.0609126	17014
0.0609162	17015
0.0609198	17016
0.0609234	17017
0.060927	17018
0.0609306	17019
0.0609343	17020
0.0609379	17021
0.0609415	17022
0.0609451	17023
0.0609487	17024
0.0609523	17025
0.0609559	17026
0.0609583	17027
0.0609607	17028
0.0609643	17029
0.0609667	17030
0.0609691	17031
0.0609871	17032
0.0609895	17034
0.0609919	17035
0.0609944	17036
0.0610016	17037
0.0610052	17038
0.0610088	17039
0.0610124	17040
0.061016	17041
0.0610184	17042
0.061022	17043
0.0610244	17044
0.061028	17045
0.0610292	17046
0.0610328	17047
0.061034	17048
0.0610376	17049
0.0610388	17050
0.0610424	17051
0.061046	17052
0.0610496	17053
0.0610532	17054
0.0610569	17055
0.0610605	17056
0.0610641	17057
0.0610677	17058
0.0610713	17059
0.0610749	17060
0.0610785	17061
0.0610821	17062
0.0610857	17063
0.0610893	17064
0.0610929	17065
0.0610965	17066
0.0611001	17067
0.0611037	17068
0.0611073	17069
0.0611109	17070
0.0611146	17071
0.0611182	17072
0.0611218	17073
0.0611254	17074
0.061129	17075
0.0611326	17076
0.0611362	17077
0.0611398	17078
0.0611434	17079
0.061147	17080
0.0611506	17081
0.0611542	17082
0.0611578	17083
0.0611614	17084
0.061165	17085
0.0611686	17086
0.0611722	17087
0.0611759	17088
0.0611795	17089
0.0611831	17090
0.0611867	17091
0.0611903	17092
0.0611939	17093
0.0611975	17094
0.0612011	17095
0.0612047	17096
0.0612083	17097
0.0612119	17098
0.0612155	17099
0.0612191	17100
0.0612227	17101
0.0612263	17102
0.0612299	17103
0.0612335	17104
0.0612372	17105
0.0612408	17106
0.0612444	17107
0.061248	17108
0.0612516	17109
0.0612552	17110
0.0612588	17111
0.0612624	17112
0.061266	17113
0.0612696	17114
0.0612732	17115
0.0612768	17116
0.0612792	17117
0.0612816	17118
0.0612852	17119
0.0612876	17120
0.06129	17121
0.0613081	17122
0.0613105	17123
0.0613129	17124
0.0613153	17125
0.0613225	17126
0.0613261	17127
0.0613297	17128
0.0613333	17129
0.0613369	17130
0.0613393	17131
0.0613429	17132
0.0613453	17133
0.0613489	17134
0.0613501	17135
0.0613537	17136
0.061355	17137
0.0613586	17138
0.0613598	17139
0.0613634	17140
0.061367	17141
0.0613706	17142
0.0613742	17143
0.0613778	17144
0.0613814	17145
0.061385	17146
0.0613886	17147
0.0613922	17148
0.0613958	17149
0.0613994	17150
0.061403	17151
0.0614066	17152
0.0614102	17153
0.0614138	17155
0.0614175	17156
0.0614211	17157
0.0614247	17158
0.0614283	17159
0.0614319	17160
0.0614355	17161
0.0614391	17162
0.0614427	17163
0.0614463	17164
0.0614499	17165
0.0614535	17166
0.0614571	17167
0.0614607	17168
0.0614643	17169
0.0614679	17170
0.0614715	17171
0.0614752	17172
0.0614788	17173
0.0614824	17174
0.061486	17175
0.0614896	17176
0.0614932	17177
0.0614968	17178
0.0615004	17179
0.061504	17180
0.0615076	17181
0.0615112	17182
0.0615148	17183
0.0615184	17184
0.061522	17185
0.0615256	17186
0.0615292	17187
0.0615328	17188
0.0615365	17189
0.0615401	17190
0.0615437	17191
0.0615473	17192
0.0615509	17193
0.0615545	17194
0.0615581	17195
0.0615617	17196
0.0615653	17197
0.0615689	17198
0.0615725	17199
0.0615761	17200
0.0615797	17201
0.0615833	17202
0.0615869	17203
0.0615905	17204
0.0615941	17205
0.0615978	17206
0.0616002	17207
0.0616026	17208
0.0616062	17209
0.0616086	17210
0.061611	17211
0.061629	17212
0.0616314	17213
0.0616338	17214
0.0616362	17215
0.0616434	17216
0.061647	17217
0.0616506	17218
0.0616542	17219
0.0616579	17220
0.0616603	17221
0.0616639	17222
0.0616663	17223
0.0616699	17224
0.0616711	17225
0.0616747	17226
0.0616759	17227
0.0616795	17228
0.0616807	17229
0.0616843	17230
0.0616879	17231
0.0616915	17232
0.0616951	17233
0.0616987	17234
0.0617023	17235
0.0617059	17236
0.0617095	17237
0.0617131	17238
0.0617168	17239
0.0617204	17240
0.061724	17241
0.0617276	17242
0.0617312	17243
0.0617348	17244
0.0617384	17245
0.061742	17246
0.0617456	17247
0.0617492	17248
0.0617528	17249
0.0617564	17250
0.06176	17251
0.0617636	17252
0.0617672	17253
0.0617708	17254
0.0617744	17255
0.0617781	17256
0.0617817	17257
0.0617853	17258
0.0617889	17259
0.0617925	17260
0.0617961	17261
0.0617997	17262
0.0618033	17263
0.0618069	17264
0.0618105	17265
0.0618141	17266
0.0618177	17267
0.0618213	17268
0.0618249	17269
0.0618285	17270
0.0618321	17271
0.0618358	17272
0.0618394	17273
0.061843	17274
0.0618466	17275
0.0618502	17277
0.0618538	17278
0.0618574	17279
0.061861	17280
0.0618646	17281
0.0618682	17282
0.0618718	17283
0.0618754	17284
0.061879	17285
0.0618826	17286
0.0618862	17287
0.0618898	17288
0.0618934	17289
0.0618971	17290
0.0619007	17291
0.0619043	17292
0.0619079	17293
0.0619115	17294
0.0619151	17295
0.0619187	17296
0.0619211	17297
0.0619235	17298
0.0619271	17299
0.0619295	17300
0.0619319	17301
0.0619499	17302
0.0619523	17303
0.0619547	17304
0.0619572	17305
0.0619644	17306
0.061968	17307
0.0619716	17308
0.0619752	17309
0.0619788	17310
0.0619812	17311
0.0619848	17312
0.0619872	17313
0.0619908	17314
0.061992	17315
0.0619956	17316
0.0619968	17317
0.0620004	17318
0.0620016	17319
0.0620052	17320
0.0620088	17321
0.0620124	17322
0.0620161	17323
0.0620197	17324
0.0620233	17325
0.0620269	17326
0.0620305	17327
0.0620341	17328
0.0620377	17329
0.0620413	17330
0.0620449	17331
0.0620485	17332
0.0620521	17333
0.0620557	17334
0.0620593	17335
0.0620629	17336
0.0620665	17337
0.0620701	17338
0.0620737	17339
0.0620774	17340
0.062081	17341
0.0620846	17342
0.0620882	17343
0.0620918	17344
0.0620954	17345
0.062099	17346
0.0621026	17347
0.0621062	17348
0.0621098	17349
0.0621134	17350
0.062117	17351
0.0621206	17352
0.0621242	17353
0.0621278	17354
0.0621314	17355
0.062135	17356
0.0621387	17357
0.0621423	17358
0.0621459	17359
0.0621495	17360
0.0621531	17361
0.0621567	17362
0.0621603	17363
0.0621639	17364
0.0621675	17365
0.0621711	17366
0.0621747	17367
0.0621783	17368
0.0621819	17369
0.0621855	17370
0.0621891	17371
0.0621927	17372
0.0621964	17373
0.0622	17374
0.0622036	17375
0.0622072	17376
0.0622108	17377
0.0622144	17378
0.062218	17379
0.0622216	17380
0.0622252	17381
0.0622288	17382
0.0622324	17383
0.062236	17384
0.0622396	17385
0.062242	17386
0.0622444	17387
0.062248	17388
0.0622504	17389
0.0622528	17390
0.0622709	17391
0.0622733	17392
0.0622757	17393
0.0622781	17394
0.0622853	17395
0.0622889	17396
0.0622925	17397
0.0622961	17399
0.0622997	17400
0.0623021	17401
0.0623057	17402
0.0623081	17403
0.0623117	17404
0.0623129	17405
0.0623166	17406
0.0623178	17407
0.0623214	17408
0.0623226	17409
0.0623262	17410
0.0623298	17411
0.0623334	17412
0.062337	17413
0.0623406	17414
0.0623442	17415
0.0623478	17416
0.0623514	17417
0.062355	17418
0.0623586	17419
0.0623622	17420
0.0623658	17421
0.0623694	17422
0.062373	17423
0.0623767	17424
0.0623803	17425
0.0623839	17426
0.0623875	17427
0.0623911	17428
0.0623947	17429
0.0623983	17430
0.0624019	17431
0.0624055	17432
0.0624091	17433
0.0624127	17434
0.0624163	17435
0.0624199	17436
0.0624235	17437
0.0624271	17438
0.0624307	17439
0.0624343	17440
0.062438	17441
0.0624416	17442
0.0624452	17443
0.0624488	17444
0.0624524	17445
0.062456	17446
0.0624596	17447
0.0624632	17448
0.0624668	17449
0.0624704	17450
0.062474	17451
0.0624776	17452
0.0624812	17453
0.0624848	17454
0.0624884	17455
0.062492	17456
0.0624956	17457
0.0624993	17458
0.0625029	17459
0.0625065	17460
0.0625101	17461
0.0625137	17462
0.0625173	17463
0.0625209	17464
0.0625245	17465
0.0625281	17466
0.0625317	17467
0.0625353	17468
0.0625389	17469
0.0625425	17470
0.0625461	17471
0.0625497	17472
0.0625533	17473
0.062557	17474
0.0625606	17475
0.062563	17476
0.0625654	17477
0.062569	17478
0.0625714	17479
0.0625738	17480
0.0625918	17481
0.0625942	17482
0.0625966	17483
0.062599	17484
0.0626062	17485
0.0626098	17486
0.0626134	17487
0.0626171	17488
0.0626207	17489
0.0626231	17490
0.0626267	17491
0.0626291	17492
0.0626327	17493
0.0626339	17494
0.0626375	17495
0.0626387	17496
0.0626423	17497
0.0626435	17498
0.0626471	17499
0.0626507	17500
0.0626543	17501
0.0626579	17502
0.0626615	17503
0.0626651	17504
0.0626687	17505
0.0626723	17506
0.0626759	17507
0.0626796	17508
0.0626832	17509
0.0626868	17510
0.0626904	17511
0.062694	17512
0.0626976	17513
0.0627012	17514
0.0627048	17515
0.0627084	17516
0.062712	17517
0.0627156	17518
0.0627192	17520
0.0627228	17521
0.0627264	17522
0.06273	17523
0.0627336	17524
0.0627373	17525
0.0627409	17526
0.0627445	17527
0.0627481	17528
0.0627517	17529
0.0627553	17530
0.0627589	17531
0.0627625	17532
0.0627661	17533
0.0627697	17534
0.0627733	17535
0.0627769	17536
0.0627805	17537
0.0627841	17538
0.0627877	17539
0.0627913	17540
0.0627949	17541
0.0627986	17542
0.0628022	17543
0.0628058	17544
0.0628094	17545
0.062813	17546
0.0628166	17547
0.0628202	17548
0.0628238	17549
0.0628274	17550
0.062831	17551
0.0628346	17552
0.0628382	17553
0.0628418	17554
0.0628454	17555
0.062849	17556
0.0628526	17557
0.0628562	17558
0.0628599	17559
0.0628635	17560
0.0628671	17561
0.0628707	17562
0.0628743	17563
0.0628779	17564
0.0628815	17565
0.0628839	17566
0.0628863	17567
0.0628899	17568
0.0628923	17569
0.0628947	17570
0.0629127	17571
0.0629151	17572
0.0629176	17573
0.06292	17574
0.0629272	17575
0.0629308	17576
0.0629344	17577
0.062938	17578
0.0629416	17579
0.062944	17580
0.0629476	17581
0.06295	17582
0.0629536	17583
0.0629548	17584
0.0629584	17585
0.0629596	17586
0.0629632	17587
0.0629644	17588
0.062968	17589
0.0629716	17590
0.0629752	17591
0.0629789	17592
0.0629825	17593
0.0629861	17594
0.0629897	17595
0.0629933	17596
0.0629969	17597
0.0630005	17598
0.0630041	17599
0.0630077	17600
0.0630113	17601
0.0630149	17602
0.0630185	17603
0.0630221	17604
0.0630257	17605
0.0630293	17606
0.0630329	17607
0.0630365	17608
0.0630402	17609
0.0630438	17610
0.0630474	17611
0.063051	17612
0.0630546	17613
0.0630582	17614
0.0630618	17615
0.0630654	17616
0.063069	17617
0.0630726	17618
0.0630762	17619
0.0630798	17620
0.0630834	17621
0.063087	17622
0.0630906	17623
0.0630942	17624
0.0630979	17625
0.0631015	17626
0.0631051	17627
0.0631087	17628
0.0631123	17629
0.0631159	17630
0.0631195	17631
0.0631231	17632
0.0631267	17633
0.0631303	17634
0.0631339	17635
0.0631375	17636
0.0631411	17637
0.0631447	17638
0.0631483	17639
0.0631519	17640
0.0631555	17642
0.0631592	17643
0.0631628	17644
0.0631664	17645
0.06317	17646
0.0631736	17647
0.0631772	17648
0.0631808	17649
0.0631844	17650
0.063188	17651
0.0631916	17652
0.0631952	17653
0.0631988	17654
0.0632024	17655
0.0632048	17656
0.0632072	17657
0.0632108	17658
0.0632132	17659
0.0632156	17660
0.0632337	17661
0.0632361	17662
0.0632385	17663
0.0632409	17664
0.0632481	17665
0.0632517	17666
0.0632553	17667
0.0632589	17668
0.0632625	17669
0.0632649	17670
0.0632685	17671
0.0632709	17672
0.0632745	17673
0.0632757	17674
0.0632794	17675
0.0632806	17676
0.0632842	17677
0.0632854	17678
0.063289	17679
0.0632926	17680
0.0632962	17681
0.0632998	17682
0.0633034	17683
0.063307	17684
0.0633106	17685
0.0633142	17686
0.0633178	17687
0.0633214	17688
0.063325	17689
0.0633286	17690
0.0633322	17691
0.0633358	17692
0.0633395	17693
0.0633431	17694
0.0633467	17695
0.0633503	17696
0.0633539	17697
0.0633575	17698
0.0633611	17699
0.0633647	17700
0.0633683	17701
0.0633719	17702
0.0633755	17703
0.0633791	17704
0.0633827	17705
0.0633863	17706
0.0633899	17707
0.0633935	17708
0.0633971	17709
0.0634008	17710
0.0634044	17711
0.063408	17712
0.0634116	17713
0.0634152	17714
0.0634188	17715
0.0634224	17716
0.063426	17717
0.0634296	17718
0.0634332	17719
0.0634368	17720
0.0634404	17721
0.063444	17722
0.0634476	17723
0.0634512	17724
0.0634548	17725
0.0634585	17726
0.0634621	17727
0.0634657	17728
0.0634693	17729
0.0634729	17730
0.0634765	17731
0.0634801	17732
0.0634837	17733
0.0634873	17734
0.0634909	17735
0.0634945	17736
0.0634981	17737
0.0635017	17738
0.0635053	17739
0.0635089	17740
0.0635125	17741
0.0635161	17742
0.0635198	17743
0.0635234	17744
0.0635258	17745
0.0635282	17746
0.0635318	17747
0.0635342	17748
0.0635366	17749
0.0635546	17750
0.063557	17751
0.0635594	17752
0.0635618	17753
0.063569	17754
0.0635726	17755
0.0635762	17756
0.0635799	17757
0.0635835	17758
0.0635859	17759
0.0635895	17760
0.0635919	17761
0.0635955	17762
0.0635967	17764
0.0636003	17765
0.0636015	17766
0.0636051	17767
0.0636063	17768
0.0636099	17769
0.0636135	17770
0.0636171	17771
0.0636207	17772
0.0636243	17773
0.0636279	17774
0.0636315	17775
0.0636351	17776
0.0636388	17777
0.0636424	17778
0.063646	17779
0.0636496	17780
0.0636532	17781
0.0636568	17782
0.0636604	17783
0.063664	17784
0.0636676	17785
0.0636712	17786
0.0636748	17787
0.0636784	17788
0.063682	17789
0.0636856	17790
0.0636892	17791
0.0636928	17792
0.0636964	17793
0.0637001	17794
0.0637037	17795
0.0637073	17796
0.0637109	17797
0.0637145	17798
0.0637181	17799
0.0637217	17800
0.0637253	17801
0.0637289	17802
0.0637325	17803
0.0637361	17804
0.0637397	17805
0.0637433	17806
0.0637469	17807
0.0637505	17808
0.0637541	17809
0.0637577	17810
0.0637614	17811
0.063765	17812
0.0637686	17813
0.0637722	17814
0.0637758	17815
0.0637794	17816
0.063783	17817
0.0637866	17818
0.0637902	17819
0.0637938	17820
0.0637974	17821
0.063801	17822
0.0638046	17823
0.0638082	17824
0.0638118	17825
0.0638154	17826
0.0638191	17827
0.0638227	17828
0.0638263	17829
0.0638299	17830
0.0638335	17831
0.0638371	17832
0.0638407	17833
0.0638443	17834
0.0638467	17835
0.0638491	17836
0.0638527	17837
0.0638551	17838
0.0638575	17839
0.0638755	17840
0.0638779	17841
0.0638804	17842
0.0638828	17843
0.06389	17844
0.0638936	17845
0.0638972	17846
0.0639008	17847
0.0639044	17848
0.0639068	17849
0.0639104	17850
0.0639128	17851
0.0639164	17852
0.0639176	17853
0.0639212	17854
0.0639224	17855
0.063926	17856
0.0639272	17857
0.0639308	17858
0.0639344	17859
0.063938	17860
0.0639417	17861
0.0639453	17862
0.0639489	17863
0.0639525	17864
0.0639561	17865
0.0639597	17866
0.0639633	17867
0.0639669	17868
0.0639705	17869
0.0639741	17870
0.0639777	17871
0.0639813	17872
0.0639849	17873
0.0639885	17874
0.0639921	17875
0.0639957	17876
0.0639994	17877
0.064003	17878
0.0640066	17879
0.0640102	17880
0.0640138	17881
0.0640174	17882
0.064021	17883
0.0640246	17885
0.0640282	17886
0.0640318	17887
0.0640354	17888
0.064039	17889
0.0640426	17890
0.0640462	17891
0.0640498	17892
0.0640534	17893
0.064057	17894
0.0640607	17895
0.0640643	17896
0.0640679	17897
0.0640715	17898
0.0640751	17899
0.0640787	17900
0.0640823	17901
0.0640859	17902
0.0640895	17903
0.0640931	17904
0.0640967	17905
0.0641003	17906
0.0641039	17907
0.0641075	17908
0.0641111	17909
0.0641147	17910
0.0641183	17911
0.064122	17912
0.0641256	17913
0.0641292	17914
0.0641328	17915
0.0641364	17916
0.06414	17917
0.0641436	17918
0.0641472	17919
0.0641508	17920
0.0641544	17921
0.064158	17922
0.0641616	17923
0.0641652	17924
0.0641676	17925
0.06417	17926
0.0641736	17927
0.064176	17928
0.0641784	17929
0.0641965	17930
0.0641989	17931
0.0642013	17932
0.0642037	17933
0.0642109	17934
0.0642145	17935
0.0642181	17936
0.0642217	17937
0.0642253	17938
0.0642277	17939
0.0642313	17940
0.0642337	17941
0.0642373	17942
0.0642385	17943
0.0642422	17944
0.0642434	17945
0.064247	17946
0.0642482	17947
0.0642518	17948
0.0642554	17949
0.064259	17950
0.0642626	17951
0.0642662	17952
0.0642698	17953
0.0642734	17954
0.064277	17955
0.0642806	17956
0.0642842	17957
0.0642878	17958
0.0642914	17959
0.064295	17960
0.0642986	17961
0.0643023	17962
0.0643059	17963
0.0643095	17964
0.0643131	17965
0.0643167	17966
0.0643203	17967
0.0643239	17968
0.0643275	17969
0.0643311	17970
0.0643347	17971
0.0643383	17972
0.0643419	17973
0.0643455	17974
0.0643491	17975
0.0643527	17976
0.0643563	17977
0.06436	17978
0.0643636	17979
0.0643672	17980
0.0643708	17981
0.0643744	17982
0.064378	17983
0.0643816	17984
0.0643852	17985
0.0643888	17986
0.0643924	17987
0.064396	17988
0.0643996	17989
0.0644032	17990
0.0644068	17991
0.0644104	17992
0.064414	17993
0.0644176	17994
0.0644213	17995
0.0644249	17996
0.0644285	17997
0.0644321	17998
0.0644357	17999
0.0644393	18000
0.0644429	18001
0.0644465	18002
0.0644501	18003
0.0644537	18004
0.0644573	18005
0.0644609	18007
0.0644645	18008
0.0644681	18009
0.0644717	18010
0.0644753	18011
0.0644789	18012
0.0644826	18013
0.0644862	18014
0.0644886	18015
0.064491	18016
0.0644946	18017
0.064497	18018
0.0644994	18019
0.0645174	18020
0.0645198	18021
0.0645222	18022
0.0645246	18023
0.0645318	18024
0.0645354	18025
0.064539	18026
0.0645427	18027
0.0645463	18028
0.0645487	18029
0.0645523	18030
0.0645547	18031
0.0645583	18032
0.0645595	18033
0.0645631	18034
0.0645643	18035
0.0645679	18036
0.0645691	18037
0.0645727	18038
0.0645763	18039
0.0645799	18040
0.0645835	18041
0.0645871	18042
0.0645907	18043
0.0645943	18044
0.0645979	18045
0.0646016	18046
0.0646052	18047
0.0646088	18048
0.0646124	18049
0.064616	18050
0.0646196	18051
0.0646232	18052
0.0646268	18053
0.0646304	18054
0.064634	18055
0.0646376	18056
0.0646412	18057
0.0646448	18058
0.0646484	18059
0.064652	18060
0.0646556	18061
0.0646592	18062
0.0646629	18063
0.0646665	18064
0.0646701	18065
0.0646737	18066
0.0646773	18067
0.0646809	18068
0.0646845	18069
0.0646881	18070
0.0646917	18071
0.0646953	18072
0.0646989	18073
0.0647025	18074
0.0647061	18075
0.0647097	18076
0.0647133	18077
0.0647169	18078
0.0647206	18079
0.0647242	18080
0.0647278	18081
0.0647314	18082
0.064735	18083
0.0647386	18084
0.0647422	18085
0.0647458	18086
0.0647494	18087
0.064753	18088
0.0647566	18089
0.0647602	18090
0.0647638	18091
0.0647674	18092
0.064771	18093
0.0647746	18094
0.0647782	18095
0.0647819	18096
0.0647855	18097
0.0647891	18098
0.0647927	18099
0.0647963	18100
0.0647999	18101
0.0648035	18102
0.0648071	18103
0.0648095	18104
0.0648119	18105
0.0648155	18106
0.0648179	18107
0.0648203	18108
0.0648383	18109
0.0648408	18110
0.0648432	18111
0.0648456	18112
0.0648528	18113
0.0648564	18114
0.06486	18115
0.0648636	18116
0.0648672	18117
0.0648696	18118
0.0648732	18119
0.0648756	18120
0.0648792	18121
0.0648804	18122
0.064884	18123
0.0648852	18124
0.0648888	18125
0.06489	18126
0.0648936	18127
0.0648972	18129
0.0649009	18130
0.0649045	18131
0.0649081	18132
0.0649117	18133
0.0649153	18134
0.0649189	18135
0.0649225	18136
0.0649261	18137
0.0649297	18138
0.0649333	18139
0.0649369	18140
0.0649405	18141
0.0649441	18142
0.0649477	18143
0.0649513	18144
0.0649549	18145
0.0649585	18146
0.0649622	18147
0.0649658	18148
0.0649694	18149
0.064973	18150
0.0649766	18151
0.0649802	18152
0.0649838	18153
0.0649874	18154
0.064991	18155
0.0649946	18156
0.0649982	18157
0.0650018	18158
0.0650054	18159
0.065009	18160
0.0650126	18161
0.0650162	18162
0.0650198	18163
0.0650235	18164
0.0650271	18165
0.0650307	18166
0.0650343	18167
0.0650379	18168
0.0650415	18169
0.0650451	18170
0.0650487	18171
0.0650523	18172
0.0650559	18173
0.0650595	18174
0.0650631	18175
0.0650667	18176
0.0650703	18177
0.0650739	18178
0.0650775	18179
0.0650812	18180
0.0650848	18181
0.0650884	18182
0.065092	18183
0.0650956	18184
0.0650992	18185
0.0651028	18186
0.0651064	18187
0.06511	18188
0.0651136	18189
0.0651172	18190
0.0651208	18191
0.0651244	18192
0.065128	18193
0.0651304	18194
0.0651328	18195
0.0651364	18196
0.0651388	18197
0.0651413	18198
0.0651593	18199
0.0651617	18200
0.0651641	18201
0.0651665	18202
0.0651737	18203
0.0651773	18204
0.0651809	18205
0.0651845	18206
0.0651881	18207
0.0651905	18208
0.0651941	18209
0.0651965	18210
0.0652001	18211
0.0652014	18212
0.065205	18213
0.0652062	18214
0.0652098	18215
0.065211	18216
0.0652146	18217
0.0652182	18218
0.0652218	18219
0.0652254	18220
0.065229	18221
0.0652326	18222
0.0652362	18223
0.0652398	18224
0.0652434	18225
0.065247	18226
0.0652506	18227
0.0652542	18228
0.0652578	18229
0.0652615	18230
0.0652651	18231
0.0652687	18232
0.0652723	18233
0.0652759	18234
0.0652795	18235
0.0652831	18236
0.0652867	18237
0.0652903	18238
0.0652939	18239
0.0652975	18240
0.0653011	18241
0.0653047	18242
0.0653083	18243
0.0653119	18244
0.0653155	18245
0.0653191	18246
0.0653228	18247
0.0653264	18248
0.06533	18250
0.0653336	18251
0.0653372	18252
0.0653408	18253
0.0653444	18254
0.065348	18255
0.0653516	18256
0.0653552	18257
0.0653588	18258
0.0653624	18259
0.065366	18260
0.0653696	18261
0.0653732	18262
0.0653768	18263
0.0653804	18264
0.0653841	18265
0.0653877	18266
0.0653913	18267
0.0653949	18268
0.0653985	18269
0.0654021	18270
0.0654057	18271
0.0654093	18272
0.0654129	18273
0.0654165	18274
0.0654201	18275
0.0654237	18276
0.0654273	18277
0.0654309	18278
0.0654345	18279
0.0654381	18280
0.0654418	18281
0.0654454	18282
0.065449	18283
0.0654514	18284
0.0654538	18285
0.0654574	18286
0.0654598	18287
0.0654622	18288
0.0654802	18289
0.0654826	18290
0.065485	18291
0.0654874	18292
0.0654946	18293
0.0654982	18294
0.0655019	18295
0.0655055	18296
0.0655091	18297
0.0655115	18298
0.0655151	18299
0.0655175	18300
0.0655211	18301
0.0655223	18302
0.0655259	18303
0.0655271	18304
0.0655307	18305
0.0655319	18306
0.0655355	18307
0.0655391	18308
0.0655427	18309
0.0655463	18310
0.0655499	18311
0.0655535	18312
0.0655571	18313
0.0655607	18314
0.0655644	18315
0.065568	18316
0.0655716	18317
0.0655752	18318
0.0655788	18319
0.0655824	18320
0.065586	18321
0.0655896	18322
0.0655932	18323
0.0655968	18324
0.0656004	18325
0.065604	18326
0.0656076	18327
0.0656112	18328
0.0656148	18329
0.0656184	18330
0.0656221	18331
0.0656257	18332
0.0656293	18333
0.0656329	18334
0.0656365	18335
0.0656401	18336
0.0656437	18337
0.0656473	18338
0.0656509	18339
0.0656545	18340
0.0656581	18341
0.0656617	18342
0.0656653	18343
0.0656689	18344
0.0656725	18345
0.0656761	18346
0.0656797	18347
0.0656834	18348
0.065687	18349
0.0656906	18350
0.0656942	18351
0.0656978	18352
0.0657014	18353
0.065705	18354
0.0657086	18355
0.0657122	18356
0.0657158	18357
0.0657194	18358
0.065723	18359
0.0657266	18360
0.0657302	18361
0.0657338	18362
0.0657374	18363
0.065741	18364
0.0657447	18365
0.0657483	18366
0.0657519	18367
0.0657555	18368
0.0657591	18369
0.0657627	18370
0.0657663	18372
0.0657699	18373
0.0657723	18374
0.0657747	18375
0.0657783	18376
0.0657807	18377
0.0657831	18378
0.0658011	18379
0.0658036	18380
0.065806	18381
0.0658084	18382
0.0658156	18383
0.0658192	18384
0.0658228	18385
0.0658264	18386
0.06583	18387
0.0658324	18388
0.065836	18389
0.0658384	18390
0.065842	18391
0.0658432	18392
0.0658468	18393
0.065848	18394
0.0658516	18395
0.0658528	18396
0.0658564	18397
0.06586	18398
0.0658637	18399
0.0658673	18400
0.0658709	18401
0.0658745	18402
0.0658781	18403
0.0658817	18404
0.0658853	18405
0.0658889	18406
0.0658925	18407
0.0658961	18408
0.0658997	18409
0.0659033	18410
0.0659069	18411
0.0659105	18412
0.0659141	18413
0.0659177	18414
0.0659213	18415
0.065925	18416
0.0659286	18417
0.0659322	18418
0.0659358	18419
0.0659394	18420
0.065943	18421
0.0659466	18422
0.0659502	18423
0.0659538	18424
0.0659574	18425
0.065961	18426
0.0659646	18427
0.0659682	18428
0.0659718	18429
0.0659754	18430
0.065979	18431
0.0659827	18432
0.0659863	18433
0.0659899	18434
0.0659935	18435
0.0659971	18436
0.0660007	18437
0.0660043	18438
0.0660079	18439
0.0660115	18440
0.0660151	18441
0.0660187	18442
0.0660223	18443
0.0660259	18444
0.0660295	18445
0.0660331	18446
0.0660367	18447
0.0660403	18448
0.066044	18449
0.0660476	18450
0.0660512	18451
0.0660548	18452
0.0660584	18453
0.066062	18454
0.0660656	18455
0.0660692	18456
0.0660728	18457
0.0660764	18458
0.06608	18459
0.0660836	18460
0.0660872	18461
0.0660908	18462
0.0660932	18463
0.0660956	18464
0.0660992	18465
0.0661016	18466
0.0661041	18467
0.0661221	18468
0.0661245	18469
0.0661269	18470
0.0661293	18471
0.0661365	18472
0.0661401	18473
0.0661437	18474
0.0661473	18475
0.0661509	18476
0.0661533	18477
0.0661569	18478
0.0661593	18479
0.066163	18480
0.0661642	18481
0.0661678	18482
0.066169	18483
0.0661726	18484
0.0661738	18485
0.0661774	18486
0.066181	18487
0.0661846	18488
0.0661882	18489
0.0661918	18490
0.0661954	18491
0.066199	18492
0.0662026	18494
0.0662062	18495
0.0662098	18496
0.0662134	18497
0.066217	18498
0.0662206	18499
0.0662243	18500
0.0662279	18501
0.0662315	18502
0.0662351	18503
0.0662387	18504
0.0662423	18505
0.0662459	18506
0.0662495	18507
0.0662531	18508
0.0662567	18509
0.0662603	18510
0.0662639	18511
0.0662675	18512
0.0662711	18513
0.0662747	18514
0.0662783	18515
0.0662819	18516
0.0662856	18517
0.0662892	18518
0.0662928	18519
0.0662964	18520
0.0663	18521
0.0663036	18522
0.0663072	18523
0.0663108	18524
0.0663144	18525
0.066318	18526
0.0663216	18527
0.0663252	18528
0.0663288	18529
0.0663324	18530
0.066336	18531
0.0663396	18532
0.0663433	18533
0.0663469	18534
0.0663505	18535
0.0663541	18536
0.0663577	18537
0.0663613	18538
0.0663649	18539
0.0663685	18540
0.0663721	18541
0.0663757	18542
0.0663793	18543
0.0663829	18544
0.0663865	18545
0.0663901	18546
0.0663937	18547
0.0663973	18548
0.0664009	18549
0.0664046	18550
0.0664082	18551
0.0664118	18552
0.0664142	18553
0.0664166	18554
0.0664202	18555
0.0664226	18556
0.066425	18557
0.066443	18558
0.0664454	18559
0.0664478	18560
0.0664502	18561
0.0664574	18562
0.066461	18563
0.0664647	18564
0.0664683	18565
0.0664719	18566
0.0664743	18567
0.0664779	18568
0.0664803	18569
0.0664839	18570
0.0664851	18571
0.0664887	18572
0.0664899	18573
0.0664935	18574
0.0664947	18575
0.0664983	18576
0.0665019	18577
0.0665055	18578
0.0665091	18579
0.0665127	18580
0.0665163	18581
0.0665199	18582
0.0665236	18583
0.0665272	18584
0.0665308	18585
0.0665344	18586
0.066538	18587
0.0665416	18588
0.0665452	18589
0.0665488	18590
0.0665524	18591
0.066556	18592
0.0665596	18593
0.0665632	18594
0.0665668	18595
0.0665704	18596
0.066574	18597
0.0665776	18598
0.0665812	18599
0.0665849	18600
0.0665885	18601
0.0665921	18602
0.0665957	18603
0.0665993	18604
0.0666029	18605
0.0666065	18606
0.0666101	18607
0.0666137	18608
0.0666173	18609
0.0666209	18610
0.0666245	18611
0.0666281	18612
0.0666317	18613
0.0666353	18615
0.0666389	18616
0.0666425	18617
0.0666462	18618
0.0666498	18619
0.0666534	18620
0.066657	18621
0.0666606	18622
0.0666642	18623
0.0666678	18624
0.0666714	18625
0.066675	18626
0.0666786	18627
0.0666822	18628
0.0666858	18629
0.0666894	18630
0.066693	18631
0.0666966	18632
0.0667002	18633
0.0667039	18634
0.0667075	18635
0.0667111	18636
0.0667147	18637
0.0667183	18638
0.0667219	18639
0.0667255	18640
0.0667291	18641
0.0667327	18642
0.0667351	18643
0.0667375	18644
0.0667411	18645
0.0667435	18646
0.0667459	18647
0.066764	18648
0.0667664	18649
0.0667688	18650
0.0667712	18651
0.0667784	18652
0.066782	18653
0.0667856	18654
0.0667892	18655
0.0667928	18656
0.0667952	18657
0.0667988	18658
0.0668012	18659
0.0668048	18660
0.066806	18661
0.0668096	18662
0.0668108	18663
0.0668144	18664
0.0668156	18665
0.0668192	18666
0.0668228	18667
0.0668265	18668
0.0668301	18669
0.0668337	18670
0.0668373	18671
0.0668409	18672
0.0668445	18673
0.0668481	18674
0.0668517	18675
0.0668553	18676
0.0668589	18677
0.0668625	18678
0.0668661	18679
0.0668697	18680
0.0668733	18681
0.0668769	18682
0.0668805	18683
0.0668842	18684
0.0668878	18685
0.0668914	18686
0.066895	18687
0.0668986	18688
0.0669022	18689
0.0669058	18690
0.0669094	18691
0.066913	18692
0.0669166	18693
0.0669202	18694
0.0669238	18695
0.0669274	18696
0.066931	18697
0.0669346	18698
0.0669382	18699
0.0669418	18700
0.0669455	18701
0.0669491	18702
0.0669527	18703
0.0669563	18704
0.0669599	18705
0.0669635	18706
0.0669671	18707
0.0669707	18708
0.0669743	18709
0.0669779	18710
0.0669815	18711
0.0669851	18712
0.0669887	18713
0.0669923	18714
0.0669959	18715
0.0669995	18716
0.0670031	18717
0.0670068	18718
0.0670104	18719
0.067014	18720
0.0670176	18721
0.0670212	18722
0.0670248	18723
0.0670284	18724
0.067032	18725
0.0670356	18726
0.0670392	18727
0.0670428	18728
0.0670464	18729
0.06705	18730
0.0670536	18731
0.067056	18732
0.0670584	18733
0.067062	18734
0.0670645	18735
0.0670669	18737
0.0670849	18738
0.0670873	18739
0.0670897	18740
0.0670921	18741
0.0670993	18742
0.0671029	18743
0.0671065	18744
0.0671101	18745
0.0671137	18746
0.0671161	18747
0.0671197	18748
0.0671221	18749
0.0671258	18750
0.067127	18751
0.0671306	18752
0.0671318	18753
0.0671354	18754
0.0671366	18755
0.0671402	18756
0.0671438	18757
0.0671474	18758
0.067151	18759
0.0671546	18760
0.0671582	18761
0.0671618	18762
0.0671654	18763
0.067169	18764
0.0671726	18765
0.0671762	18766
0.0671798	18767
0.0671834	18768
0.0671871	18769
0.0671907	18770
0.0671943	18771
0.0671979	18772
0.0672015	18773
0.0672051	18774
0.0672087	18775
0.0672123	18776
0.0672159	18777
0.0672195	18778
0.0672231	18779
0.0672267	18780
0.0672303	18781
0.0672339	18782
0.0672375	18783
0.0672411	18784
0.0672448	18785
0.0672484	18786
0.067252	18787
0.0672556	18788
0.0672592	18789
0.0672628	18790
0.0672664	18791
0.06727	18792
0.0672736	18793
0.0672772	18794
0.0672808	18795
0.0672844	18796
0.067288	18797
0.0672916	18798
0.0672952	18799
0.0672988	18800
0.0673024	18801
0.0673061	18802
0.0673097	18803
0.0673133	18804
0.0673169	18805
0.0673205	18806
0.0673241	18807
0.0673277	18808
0.0673313	18809
0.0673349	18810
0.0673385	18811
0.0673421	18812
0.0673457	18813
0.0673493	18814
0.0673529	18815
0.0673565	18816
0.0673601	18817
0.0673637	18818
0.0673674	18819
0.067371	18820
0.0673746	18821
0.067377	18822
0.0673794	18823
0.067383	18824
0.0673854	18825
0.0673878	18826
0.0674058	18827
0.0674082	18828
0.0674106	18829
0.067413	18830
0.0674202	18831
0.0674238	18832
0.0674275	18833
0.0674311	18834
0.0674347	18835
0.0674371	18836
0.0674407	18837
0.0674431	18838
0.0674467	18839
0.0674479	18840
0.0674515	18841
0.0674527	18842
0.0674563	18843
0.0674575	18844
0.0674611	18845
0.0674647	18846
0.0674683	18847
0.0674719	18848
0.0674755	18849
0.0674791	18850
0.0674827	18851
0.0674864	18852
0.06749	18853
0.0674936	18854
0.0674972	18855
0.0675008	18856
0.0675044	18857
0.067508	18859
0.0675116	18860
0.0675152	18861
0.0675188	18862
0.0675224	18863
0.067526	18864
0.0675296	18865
0.0675332	18866
0.0675368	18867
0.0675404	18868
0.067544	18869
0.0675477	18870
0.0675513	18871
0.0675549	18872
0.0675585	18873
0.0675621	18874
0.0675657	18875
0.0675693	18876
0.0675729	18877
0.0675765	18878
0.0675801	18879
0.0675837	18880
0.0675873	18881
0.0675909	18882
0.0675945	18883
0.0675981	18884
0.0676017	18885
0.0676054	18886
0.067609	18887
0.0676126	18888
0.0676162	18889
0.0676198	18890
0.0676234	18891
0.067627	18892
0.0676306	18893
0.0676342	18894
0.0676378	18895
0.0676414	18896
0.067645	18897
0.0676486	18898
0.0676522	18899
0.0676558	18900
0.0676594	18901
0.067663	18902
0.0676667	18903
0.0676703	18904
0.0676739	18905
0.0676775	18906
0.0676811	18907
0.0676847	18908
0.0676883	18909
0.0676919	18910
0.0676955	18911
0.0676979	18912
0.0677003	18913
0.0677039	18914
0.0677063	18915
0.0677087	18916
0.0677268	18917
0.0677292	18918
0.0677316	18919
0.067734	18920
0.0677412	18921
0.0677448	18922
0.0677484	18923
0.067752	18924
0.0677556	18925
0.067758	18926
0.0677616	18927
0.067764	18928
0.0677676	18929
0.0677688	18930
0.0677724	18931
0.0677736	18932
0.0677772	18933
0.0677784	18934
0.067782	18935
0.0677857	18936
0.0677893	18937
0.0677929	18938
0.0677965	18939
0.0678001	18940
0.0678037	18941
0.0678073	18942
0.0678109	18943
0.0678145	18944
0.0678181	18945
0.0678217	18946
0.0678253	18947
0.0678289	18948
0.0678325	18949
0.0678361	18950
0.0678397	18951
0.0678433	18952
0.067847	18953
0.0678506	18954
0.0678542	18955
0.0678578	18956
0.0678614	18957
0.067865	18958
0.0678686	18959
0.0678722	18960
0.0678758	18961
0.0678794	18962
0.067883	18963
0.0678866	18964
0.0678902	18965
0.0678938	18966
0.0678974	18967
0.067901	18968
0.0679046	18969
0.0679083	18970
0.0679119	18971
0.0679155	18972
0.0679191	18973
0.0679227	18974
0.0679263	18975
0.0679299	18976
0.0679335	18977
0.0679371	18978
0.0679407	18980
0.0679443	18981
0.0679479	18982
0.0679515	18983
0.0679551	18984
0.0679587	18985
0.0679623	18986
0.067966	18987
0.0679696	18988
0.0679732	18989
0.0679768	18990
0.0679804	18991
0.067984	18992
0.0679876	18993
0.0679912	18994
0.0679948	18995
0.0679984	18996
0.068002	18997
0.0680056	18998
0.0680092	18999
0.0680128	19000
0.0680164	19001
0.0680188	19002
0.0680212	19003
0.0680248	19004
0.0680273	19005
0.0680297	19006
0.0680477	19007
0.0680501	19008
0.0680525	19009
0.0680549	19010
0.0680621	19011
0.0680657	19012
0.0680693	19013
0.0680729	19014
0.0680765	19015
0.0680789	19016
0.0680825	19017
0.0680849	19018
0.0680886	19019
0.0680898	19020
0.0680934	19021
0.0680946	19022
0.0680982	19023
0.0680994	19024
0.068103	19025
0.0681066	19026
0.0681102	19027
0.0681138	19028
0.0681174	19029
0.068121	19030
0.0681246	19031
0.0681282	19032
0.0681318	19033
0.0681354	19034
0.068139	19035
0.0681426	19036
0.0681463	19037
0.0681499	19038
0.0681535	19039
0.0681571	19040
0.0681607	19041
0.0681643	19042
0.0681679	19043
0.0681715	19044
0.0681751	19045
0.0681787	19046
0.0681823	19047
0.0681859	19048
0.0681895	19049
0.0681931	19050
0.0681967	19051
0.0682003	19052
0.0682039	19053
0.0682076	19054
0.0682112	19055
0.0682148	19056
0.0682184	19057
0.068222	19058
0.0682256	19059
0.0682292	19060
0.0682328	19061
0.0682364	19062
0.06824	19063
0.0682436	19064
0.0682472	19065
0.0682508	19066
0.0682544	19067
0.068258	19068
0.0682616	19069
0.0682652	19070
0.0682689	19071
0.0682725	19072
0.0682761	19073
0.0682797	19074
0.0682833	19075
0.0682869	19076
0.0682905	19077
0.0682941	19078
0.0682977	19079
0.0683013	19080
0.0683049	19081
0.0683085	19082
0.0683121	19083
0.0683157	19084
0.0683193	19085
0.0683229	19086
0.0683266	19087
0.0683302	19088
0.0683338	19089
0.0683374	19090
0.0683398	19091
0.0683422	19092
0.0683458	19093
0.0683482	19094
0.0683506	19095
0.0683686	19096
0.068371	19097
0.0683734	19098
0.0683758	19099
0.068383	19100
0.0683867	19102
0.0683903	19103
0.0683939	19104
0.0683975	19105
0.0683999	19106
0.0684035	19107
0.0684059	19108
0.0684095	19109
0.0684107	19110
0.0684143	19111
0.0684155	19112
0.0684191	19113
0.0684203	19114
0.0684239	19115
0.0684275	19116
0.0684311	19117
0.0684347	19118
0.0684383	19119
0.0684419	19120
0.0684455	19121
0.0684492	19122
0.0684528	19123
0.0684564	19124
0.06846	19125
0.0684636	19126
0.0684672	19127
0.0684708	19128
0.0684744	19129
0.068478	19130
0.0684816	19131
0.0684852	19132
0.0684888	19133
0.0684924	19134
0.068496	19135
0.0684996	19136
0.0685032	19137
0.0685069	19138
0.0685105	19139
0.0685141	19140
0.0685177	19141
0.0685213	19142
0.0685249	19143
0.0685285	19144
0.0685321	19145
0.0685357	19146
0.0685393	19147
0.0685429	19148
0.0685465	19149
0.0685501	19150
0.0685537	19151
0.0685573	19152
0.0685609	19153
0.0685645	19154
0.0685682	19155
0.0685718	19156
0.0685754	19157
0.068579	19158
0.0685826	19159
0.0685862	19160
0.0685898	19161
0.0685934	19162
0.068597	19163
0.0686006	19164
0.0686042	19165
0.0686078	19166
0.0686114	19167
0.068615	19168
0.0686186	19169
0.0686222	19170
0.0686258	19171
0.0686295	19172
0.0686331	19173
0.0686367	19174
0.0686403	19175
0.0686439	19176
0.0686475	19177
0.0686511	19178
0.0686547	19179
0.0686583	19180
0.0686607	19181
0.0686631	19182
0.0686667	19183
0.0686691	19184
0.0686715	19185
0.0686896	19186
0.068692	19187
0.0686944	19188
0.0686968	19189
0.068704	19190
0.0687076	19191
0.0687112	19192
0.0687148	19193
0.0687184	19194
0.0687208	19195
0.0687244	19196
0.0687268	19197
0.0687304	19198
0.0687316	19199
0.0687352	19200
0.0687364	19201
0.06874	19202
0.0687412	19203
0.0687448	19204
0.0687485	19205
0.0687521	19206
0.0687557	19207
0.0687593	19208
0.0687629	19209
0.0687665	19210
0.0687701	19211
0.0687737	19212
0.0687773	19213
0.0687809	19214
0.0687845	19215
0.0687881	19216
0.0687917	19217
0.0687953	19218
0.0687989	19219
0.0688025	19220
0.0688061	19221
0.0688098	19222
0.0688134	19224
0.068817	19225
0.0688206	19226
0.0688242	19227
0.0688278	19228
0.0688314	19229
0.068835	19230
0.0688386	19231
0.0688422	19232
0.0688458	19233
0.0688494	19234
0.068853	19235
0.0688566	19236
0.0688602	19237
0.0688638	19238
0.0688675	19239
0.0688711	19240
0.0688747	19241
0.0688783	19242
0.0688819	19243
0.0688855	19244
0.0688891	19245
0.0688927	19246
0.0688963	19247
0.0688999	19248
0.0689035	19249
0.0689071	19250
0.0689107	19251
0.0689143	19252
0.0689179	19253
0.0689215	19254
0.0689251	19255
0.0689288	19256
0.0689324	19257
0.068936	19258
0.0689396	19259
0.0689432	19260
0.0689468	19261
0.0689504	19262
0.068954	19263
0.0689576	19264
0.0689612	19265
0.0689648	19266
0.0689684	19267
0.068972	19268
0.0689756	19269
0.0689792	19270
0.0689816	19271
0.068984	19272
0.0689877	19273
0.0689901	19274
0.0689925	19275
0.0690105	19276
0.0690129	19277
0.0690153	19278
0.0690177	19279
0.0690249	19280
0.0690285	19281
0.0690321	19282
0.0690357	19283
0.0690393	19284
0.0690417	19285
0.0690453	19286
0.0690478	19287
0.0690514	19288
0.0690526	19289
0.0690562	19290
0.0690574	19291
0.069061	19292
0.0690622	19293
0.0690658	19294
0.0690694	19295
0.069073	19296
0.0690766	19297
0.0690802	19298
0.0690838	19299
0.0690874	19300
0.069091	19301
0.0690946	19302
0.0690982	19303
0.0691018	19304
0.0691054	19305
0.0691091	19306
0.0691127	19307
0.0691163	19308
0.0691199	19309
0.0691235	19310
0.0691271	19311
0.0691307	19312
0.0691343	19313
0.0691379	19314
0.0691415	19315
0.0691451	19316
0.0691487	19317
0.0691523	19318
0.0691559	19319
0.0691595	19320
0.0691631	19321
0.0691667	19322
0.0691704	19323
0.069174	19324
0.0691776	19325
0.0691812	19326
0.0691848	19327
0.0691884	19328
0.069192	19329
0.0691956	19330
0.0691992	19331
0.0692028	19332
0.0692064	19333
0.06921	19334
0.0692136	19335
0.0692172	19336
0.0692208	19337
0.0692244	19338
0.0692281	19339
0.0692317	19340
0.0692353	19341
0.0692389	19342
0.0692425	19343
0.0692461	19345
0.0692497	19346
0.0692533	19347
0.0692569	19348
0.0692605	19349
0.0692641	19350
0.0692677	19351
0.0692713	19352
0.0692749	19353
0.0692785	19354
0.0692821	19355
0.0692857	19356
0.0692894	19357
0.069293	19358
0.0692966	19359
0.0693002	19360
0.0693026	19361
0.069305	19362
0.0693086	19363
0.069311	19364
0.0693134	19365
0.0693314	19366
0.0693338	19367
0.0693362	19368
0.0693386	19369
0.0693458	19370
0.0693495	19371
0.0693531	19372
0.0693567	19373
0.0693603	19374
0.0693627	19375
0.0693663	19376
0.0693687	19377
0.0693723	19378
0.0693735	19379
0.0693771	19380
0.0693783	19381
0.0693819	19382
0.0693831	19383
0.0693867	19384
0.0693903	19385
0.0693939	19386
0.0693975	19387
0.0694011	19388
0.0694047	19389
0.0694084	19390
0.069412	19391
0.0694156	19392
0.0694192	19393
0.0694228	19394
0.0694264	19395
0.06943	19396
0.0694336	19397
0.0694372	19398
0.0694408	19399
0.0694444	19400
0.069448	19401
0.0694516	19402
0.0694552	19403
0.0694588	19404
0.0694624	19405
0.069466	19406
0.0694697	19407
0.0694733	19408
0.0694769	19409
0.0694805	19410
0.0694841	19411
0.0694877	19412
0.0694913	19413
0.0694949	19414
0.0694985	19415
0.0695021	19416
0.0695057	19417
0.0695093	19418
0.0695129	19419
0.0695165	19420
0.0695201	19421
0.0695237	19422
0.0695273	19423
0.069531	19424
0.0695346	19425
0.0695382	19426
0.0695418	19427
0.0695454	19428
0.069549	19429
0.0695526	19430
0.0695562	19431
0.0695598	19432
0.0695634	19433
0.069567	19434
0.0695706	19435
0.0695742	19436
0.0695778	19437
0.0695814	19438
0.069585	19439
0.0695887	19440
0.0695923	19441
0.0695959	19442
0.0695995	19443
0.0696031	19444
0.0696067	19445
0.0696103	19446
0.0696139	19447
0.0696175	19448
0.0696211	19449
0.0696235	19450
0.0696259	19451
0.0696295	19452
0.0696319	19453
0.0696343	19454
0.0696524	19455
0.0696548	19456
0.0696572	19457
0.0696596	19458
0.0696668	19459
0.0696704	19460
0.069674	19461
0.0696776	19462
0.0696812	19463
0.0696836	19464
0.0696872	19465
0.0696896	19467
0.0696932	19468
0.0696944	19469
0.069698	19470
0.0696992	19471
0.0697028	19472
0.069704	19473
0.0697076	19474
0.0697113	19475
0.0697149	19476
0.0697185	19477
0.0697221	19478
0.0697257	19479
0.0697293	19480
0.0697329	19481
0.0697365	19482
0.0697401	19483
0.0697437	19484
0.0697473	19485
0.0697509	19486
0.0697545	19487
0.0697581	19488
0.0697617	19489
0.0697653	19490
0.069769	19491
0.0697726	19492
0.0697762	19493
0.0697798	19494
0.0697834	19495
0.069787	19496
0.0697906	19497
0.0697942	19498
0.0697978	19499
0.0698014	19500
0.069805	19501
0.0698086	19502
0.0698122	19503
0.0698158	19504
0.0698194	19505
0.069823	19506
0.0698266	19507
0.0698303	19508
0.0698339	19509
0.0698375	19510
0.0698411	19511
0.0698447	19512
0.0698483	19513
0.0698519	19514
0.0698555	19515
0.0698591	19516
0.0698627	19517
0.0698663	19518
0.0698699	19519
0.0698735	19520
0.0698771	19521
0.0698807	19522
0.0698843	19523
0.0698879	19524
0.0698916	19525
0.0698952	19526
0.0698988	19527
0.0699024	19528
0.069906	19529
0.0699096	19530
0.0699132	19531
0.0699168	19532
0.0699204	19533
0.069924	19534
0.0699276	19535
0.0699312	19536
0.0699348	19537
0.0699384	19538
0.069942	19539
0.0699444	19540
0.0699468	19541
0.0699505	19542
0.0699529	19543
0.0699553	19544
0.0699733	19545
0.0699757	19546
0.0699781	19547
0.0699805	19548
0.0699877	19549
0.0699913	19550
0.0699949	19551
0.0699985	19552
0.0700021	19553
0.0700045	19554
0.0700081	19555
0.0700106	19556
0.0700142	19557
0.0700154	19558
0.070019	19559
0.0700202	19560
0.0700238	19561
0.070025	19562
0.0700286	19563
0.0700322	19564
0.0700358	19565
0.0700394	19566
0.070043	19567
0.0700466	19568
0.0700502	19569
0.0700538	19570
0.0700574	19571
0.070061	19572
0.0700646	19573
0.0700682	19574
0.0700719	19575
0.0700755	19576
0.0700791	19577
0.0700827	19578
0.0700863	19579
0.0700899	19580
0.0700935	19581
0.0700971	19582
0.0701007	19583
0.0701043	19584
0.0701079	19585
0.0701115	19586
0.0701151	19587
0.0701187	19589
0.0701223	19590
0.0701259	19591
0.0701296	19592
0.0701332	19593
0.0701368	19594
0.0701404	19595
0.070144	19596
0.0701476	19597
0.0701512	19598
0.0701548	19599
0.0701584	19600
0.070162	19601
0.0701656	19602
0.0701692	19603
0.0701728	19604
0.0701764	19605
0.07018	19606
0.0701836	19607
0.0701872	19608
0.0701909	19609
0.0701945	19610
0.0701981	19611
0.0702017	19612
0.0702053	19613
0.0702089	19614
0.0702125	19615
0.0702161	19616
0.0702197	19617
0.0702233	19618
0.0702269	19619
0.0702305	19620
0.0702341	19621
0.0702377	19622
0.0702413	19623
0.0702449	19624
0.0702485	19625
0.0702522	19626
0.0702558	19627
0.0702594	19628
0.070263	19629
0.0702654	19630
0.0702678	19631
0.0702714	19632
0.0702738	19633
0.0702762	19634
0.0702942	19635
0.0702966	19636
0.070299	19637
0.0703014	19638
0.0703086	19639
0.0703123	19640
0.0703159	19641
0.0703195	19642
0.0703231	19643
0.0703255	19644
0.0703291	19645
0.0703315	19646
0.0703351	19647
0.0703363	19648
0.0703399	19649
0.0703411	19650
0.0703447	19651
0.0703459	19652
0.0703495	19653
0.0703531	19654
0.0703567	19655
0.0703603	19656
0.0703639	19657
0.0703675	19658
0.0703712	19659
0.0703748	19660
0.0703784	19661
0.070382	19662
0.0703856	19663
0.0703892	19664
0.0703928	19665
0.0703964	19666
0.0704	19667
0.0704036	19668
0.0704072	19669
0.0704108	19670
0.0704144	19671
0.070418	19672
0.0704216	19673
0.0704252	19674
0.0704288	19675
0.0704325	19676
0.0704361	19677
0.0704397	19678
0.0704433	19679
0.0704469	19680
0.0704505	19681
0.0704541	19682
0.0704577	19683
0.0704613	19684
0.0704649	19685
0.0704685	19686
0.0704721	19687
0.0704757	19688
0.0704793	19689
0.0704829	19690
0.0704865	19691
0.0704902	19692
0.0704938	19693
0.0704974	19694
0.070501	19695
0.0705046	19696
0.0705082	19697
0.0705118	19698
0.0705154	19699
0.070519	19700
0.0705226	19701
0.0705262	19702
0.0705298	19703
0.0705334	19704
0.070537	19705
0.0705406	19706
0.0705442	19707
0.0705478	19708
0.0705515	19710
0.0705551	19711
0.0705587	19712
0.0705623	19713
0.0705659	19714
0.0705695	19715
0.0705731	19716
0.0705767	19717
0.0705803	19718
0.0705839	19719
0.0705863	19720
0.0705887	19721
0.0705923	19722
0.0705947	19723
0.0705971	19724
0.0706152	19725
0.0706176	19726
0.07062	19727
0.0706224	19728
0.0706296	19729
0.0706332	19730
0.0706368	19731
0.0706404	19732
0.070644	19733
0.0706464	19734
0.07065	19735
0.0706524	19736
0.070656	19737
0.0706572	19738
0.0706608	19739
0.070662	19740
0.0706656	19741
0.0706668	19742
0.0706705	19743
0.0706741	19744
0.0706777	19745
0.0706813	19746
0.0706849	19747
0.0706885	19748
0.0706921	19749
0.0706957	19750
0.0706993	19751
0.0707029	19752
0.0707065	19753
0.0707101	19754
0.0707137	19755
0.0707173	19756
0.0707209	19757
0.0707245	19758
0.0707281	19759
0.0707318	19760
0.0707354	19761
0.070739	19762
0.0707426	19763
0.0707462	19764
0.0707498	19765
0.0707534	19766
0.070757	19767
0.0707606	19768
0.0707642	19769
0.0707678	19770
0.0707714	19771
0.070775	19772
0.0707786	19773
0.0707822	19774
0.0707858	19775
0.0707894	19776
0.0707931	19777
0.0707967	19778
0.0708003	19779
0.0708039	19780
0.0708075	19781
0.0708111	19782
0.0708147	19783
0.0708183	19784
0.0708219	19785
0.0708255	19786
0.0708291	19787
0.0708327	19788
0.0708363	19789
0.0708399	19790
0.0708435	19791
0.0708471	19792
0.0708508	19793
0.0708544	19794
0.070858	19795
0.0708616	19796
0.0708652	19797
0.0708688	19798
0.0708724	19799
0.070876	19800
0.0708796	19801
0.0708832	19802
0.0708868	19803
0.0708904	19804
0.070894	19805
0.0708976	19806
0.0709012	19807
0.0709048	19808
0.0709072	19809
0.0709096	19810
0.0709133	19811
0.0709157	19812
0.0709181	19813
0.0709361	19814
0.0709385	19815
0.0709409	19816
0.0709433	19817
0.0709505	19818
0.0709541	19819
0.0709577	19820
0.0709613	19821
0.0709649	19822
0.0709673	19823
0.070971	19824
0.0709734	19825
0.070977	19826
0.0709782	19827
0.0709818	19828
0.070983	19829
0.0709866	19830
0.0709878	19832
0.0709914	19833
0.070995	19834
0.0709986	19835
0.0710022	19836
0.0710058	19837
0.0710094	19838
0.071013	19839
0.0710166	19840
0.0710202	19841
0.0710238	19842
0.0710274	19843
0.0710311	19844
0.0710347	19845
0.0710383	19846
0.0710419	19847
0.0710455	19848
0.0710491	19849
0.0710527	19850
0.0710563	19851
0.0710599	19852
0.0710635	19853
0.0710671	19854
0.0710707	19855
0.0710743	19856
0.0710779	19857
0.0710815	19858
0.0710851	19859
0.0710887	19860
0.0710924	19861
0.071096	19862
0.0710996	19863
0.0711032	19864
0.0711068	19865
0.0711104	19866
0.071114	19867
0.0711176	19868
0.0711212	19869
0.0711248	19870
0.0711284	19871
0.071132	19872
0.0711356	19873
0.0711392	19874
0.0711428	19875
0.0711464	19876
0.07115	19877
0.0711537	19878
0.0711573	19879
0.0711609	19880
0.0711645	19881
0.0711681	19882
0.0711717	19883
0.0711753	19884
0.0711789	19885
0.0711825	19886
0.0711861	19887
0.0711897	19888
0.0711933	19889
0.0711969	19890
0.0712005	19891
0.0712041	19892
0.0712077	19893
0.0712114	19894
0.071215	19895
0.0712186	19896
0.0712222	19897
0.0712258	19898
0.0712282	19899
0.0712306	19900
0.0712342	19901
0.0712366	19902
0.071239	19903
0.071257	19904
0.0712594	19905
0.0712618	19906
0.0712642	19907
0.0712715	19908
0.0712751	19909
0.0712787	19910
0.0712823	19911
0.0712859	19912
0.0712883	19913
0.0712919	19914
0.0712943	19915
0.0712979	19916
0.0712991	19917
0.0713027	19918
0.0713039	19919
0.0713075	19920
0.0713087	19921
0.0713123	19922
0.0713159	19923
0.0713195	19924
0.0713231	19925
0.0713267	19926
0.0713303	19927
0.071334	19928
0.0713376	19929
0.0713412	19930
0.0713448	19931
0.0713484	19932
0.071352	19933
0.0713556	19934
0.0713592	19935
0.0713628	19936
0.0713664	19937
0.07137	19938
0.0713736	19939
0.0713772	19940
0.0713808	19941
0.0713844	19942
0.071388	19943
0.0713917	19944
0.0713953	19945
0.0713989	19946
0.0714025	19947
0.0714061	19948
0.0714097	19949
0.0714133	19950
0.0714169	19951
0.0714205	19952
0.0714241	19954
0.0714277	19955
0.0714313	19956
0.0714349	19957
0.0714385	19958
0.0714421	19959
0.0714457	19960
0.0714493	19961
0.071453	19962
0.0714566	19963
0.0714602	19964
0.0714638	19965
0.0714674	19966
0.071471	19967
0.0714746	19968
0.0714782	19969
0.0714818	19970
0.0714854	19971
0.071489	19972
0.0714926	19973
0.0714962	19974
0.0714998	19975
0.0715034	19976
0.071507	19977
0.0715106	19978
0.0715143	19979
0.0715179	19980
0.0715215	19981
0.0715251	19982
0.0715287	19983
0.0715323	19984
0.0715359	19985
0.0715395	19986
0.0715431	19987
0.0715467	19988
0.0715491	19989
0.0715515	19990
0.0715551	19991
0.0715575	19992
0.0715599	19993
0.071578	19994
0.0715804	19995
0.0715828	19996
0.0715852	19997
0.0715924	19998
0.071596	19999
0.0715996	20000
0.0716032	20001
0.0716068	20002
0.0716092	20003
0.0716128	20004
0.0716152	20005
0.0716188	20006
0.07162	20007
0.0716236	20008
0.0716248	20009
0.0716284	20010
0.0716296	20011
0.0716333	20012
0.0716369	20013
0.0716405	20014
0.0716441	20015
0.0716477	20016
0.0716513	20017
0.0716549	20018
0.0716585	20019
0.0716621	20020
0.0716657	20021
0.0716693	20022
0.0716729	20023
0.0716765	20024
0.0716801	20025
0.0716837	20026
0.0716873	20027
0.0716909	20028
0.0716946	20029
0.0716982	20030
0.0717018	20031
0.0717054	20032
0.071709	20033
0.0717126	20034
0.0717162	20035
0.0717198	20036
0.0717234	20037
0.071727	20038
0.0717306	20039
0.0717342	20040
0.0717378	20041
0.0717414	20042
0.071745	20043
0.0717486	20044
0.0717523	20045
0.0717559	20046
0.0717595	20047
0.0717631	20048
0.0717667	20049
0.0717703	20050
0.0717739	20051
0.0717775	20052
0.0717811	20053
0.0717847	20054
0.0717883	20055
0.0717919	20056
0.0717955	20057
0.0717991	20058
0.0718027	20059
0.0718063	20060
0.0718099	20061
0.0718136	20062
0.0718172	20063
0.0718208	20064
0.0718244	20065
0.071828	20066
0.0718316	20067
0.0718352	20068
0.0718388	20069
0.0718424	20070
0.071846	20071
0.0718496	20072
0.0718532	20073
0.0718568	20075
0.0718604	20076
0.071864	20077
0.0718676	20078
0.07187	20079
0.0718725	20080
0.0718761	20081
0.0718785	20082
0.0718809	20083
0.0718989	20084
0.0719013	20085
0.0719037	20086
0.0719061	20087
0.0719133	20088
0.0719169	20089
0.0719205	20090
0.0719241	20091
0.0719277	20092
0.0719301	20093
0.0719338	20094
0.0719362	20095
0.0719398	20096
0.071941	20097
0.0719446	20098
0.0719458	20099
0.0719494	20100
0.0719506	20101
0.0719542	20102
0.0719578	20103
0.0719614	20104
0.071965	20105
0.0719686	20106
0.0719722	20107
0.0719758	20108
0.0719794	20109
0.071983	20110
0.0719866	20111
0.0719902	20112
0.0719939	20113
0.0719975	20114
0.0720011	20115
0.0720047	20116
0.0720083	20117
0.0720119	20118
0.0720155	20119
0.0720191	20120
0.0720227	20121
0.0720263	20122
0.0720299	20123
0.0720335	20124
0.0720371	20125
0.0720407	20126
0.0720443	20127
0.0720479	20128
0.0720515	20129
0.0720552	20130
0.0720588	20131
0.0720624	20132
0.072066	20133
0.0720696	20134
0.0720732	20135
0.0720768	20136
0.0720804	20137
0.072084	20138
0.0720876	20139
0.0720912	20140
0.0720948	20141
0.0720984	20142
0.072102	20143
0.0721056	20144
0.0721092	20145
0.0721129	20146
0.0721165	20147
0.0721201	20148
0.0721237	20149
0.0721273	20150
0.0721309	20151
0.0721345	20152
0.0721381	20153
0.0721417	20154
0.0721453	20155
0.0721489	20156
0.0721525	20157
0.0721561	20158
0.0721597	20159
0.0721633	20160
0.0721669	20161
0.0721705	20162
0.0721742	20163
0.0721778	20164
0.0721814	20165
0.072185	20166
0.0721886	20167
0.072191	20168
0.0721934	20169
0.072197	20170
0.0721994	20171
0.0722018	20172
0.0722198	20173
0.0722222	20174
0.0722246	20175
0.072227	20176
0.0722343	20177
0.0722379	20178
0.0722415	20179
0.0722451	20180
0.0722487	20181
0.0722511	20182
0.0722547	20183
0.0722571	20184
0.0722607	20185
0.0722619	20186
0.0722655	20187
0.0722667	20188
0.0722703	20189
0.0722715	20190
0.0722751	20191
0.0722787	20192
0.0722823	20193
0.0722859	20194
0.0722895	20195
0.0722932	20197
0.0722968	20198
0.0723004	20199
0.072304	20200
0.0723076	20201
0.0723112	20202
0.0723148	20203
0.0723184	20204
0.072322	20205
0.0723256	20206
0.0723292	20207
0.0723328	20208
0.0723364	20209
0.07234	20210
0.0723436	20211
0.0723472	20212
0.0723508	20213
0.0723545	20214
0.0723581	20215
0.0723617	20216
0.0723653	20217
0.0723689	20218
0.0723725	20219
0.0723761	20220
0.0723797	20221
0.0723833	20222
0.0723869	20223
0.0723905	20224
0.0723941	20225
0.0723977	20226
0.0724013	20227
0.0724049	20228
0.0724085	20229
0.0724121	20230
0.0724158	20231
0.0724194	20232
0.072423	20233
0.0724266	20234
0.0724302	20235
0.0724338	20236
0.0724374	20237
0.072441	20238
0.0724446	20239
0.0724482	20240
0.0724518	20241
0.0724554	20242
0.072459	20243
0.0724626	20244
0.0724662	20245
0.0724698	20246
0.0724735	20247
0.0724771	20248
0.0724807	20249
0.0724843	20250
0.0724879	20251
0.0724915	20252
0.0724951	20253
0.0724987	20254
0.0725023	20255
0.0725059	20256
0.0725095	20257
0.0725119	20258
0.0725143	20259
0.0725179	20260
0.0725203	20261
0.0725227	20262
0.0725408	20263
0.0725432	20264
0.0725456	20265
0.072548	20266
0.0725552	20267
0.0725588	20268
0.0725624	20269
0.072566	20270
0.0725696	20271
0.072572	20272
0.0725756	20273
0.072578	20274
0.0725816	20275
0.0725828	20276
0.0725864	20277
0.0725876	20278
0.0725912	20279
0.0725924	20280
0.0725961	20281
0.0725997	20282
0.0726033	20283
0.0726069	20284
0.0726105	20285
0.0726141	20286
0.0726177	20287
0.0726213	20288
0.0726249	20289
0.0726285	20290
0.0726321	20291
0.0726357	20292
0.0726393	20293
0.0726429	20294
0.0726465	20295
0.0726501	20296
0.0726538	20297
0.0726574	20298
0.072661	20299
0.0726646	20300
0.0726682	20301
0.0726718	20302
0.0726754	20303
0.072679	20304
0.0726826	20305
0.0726862	20306
0.0726898	20307
0.0726934	20308
0.072697	20309
0.0727006	20310
0.0727042	20311
0.0727078	20312
0.0727114	20313
0.0727151	20314
0.0727187	20315
0.0727223	20316
0.0727259	20317
0.0727295	20319
0.0727331	20320
0.0727367	20321
0.0727403	20322
0.0727439	20323
0.0727475	20324
0.0727511	20325
0.0727547	20326
0.0727583	20327
0.0727619	20328
0.0727655	20329
0.0727691	20330
0.0727727	20331
0.0727764	20332
0.07278	20333
0.0727836	20334
0.0727872	20335
0.0727908	20336
0.0727944	20337
0.072798	20338
0.0728016	20339
0.0728052	20340
0.0728088	20341
0.0728124	20342
0.072816	20343
0.0728196	20344
0.0728232	20345
0.0728268	20346
0.0728304	20347
0.0728328	20348
0.0728353	20349
0.0728389	20350
0.0728413	20351
0.0728437	20352
0.0728617	20353
0.0728641	20354
0.0728665	20355
0.0728689	20356
0.0728761	20357
0.0728797	20358
0.0728833	20359
0.0728869	20360
0.0728905	20361
0.0728929	20362
0.0728966	20363
0.072899	20364
0.0729026	20365
0.0729038	20366
0.0729074	20367
0.0729086	20368
0.0729122	20369
0.0729134	20370
0.072917	20371
0.0729206	20372
0.0729242	20373
0.0729278	20374
0.0729314	20375
0.072935	20376
0.0729386	20377
0.0729422	20378
0.0729458	20379
0.0729494	20380
0.072953	20381
0.0729567	20382
0.0729603	20383
0.0729639	20384
0.0729675	20385
0.0729711	20386
0.0729747	20387
0.0729783	20388
0.0729819	20389
0.0729855	20390
0.0729891	20391
0.0729927	20392
0.0729963	20393
0.0729999	20394
0.0730035	20395
0.0730071	20396
0.0730107	20397
0.0730144	20398
0.073018	20399
0.0730216	20400
0.0730252	20401
0.0730288	20402
0.0730324	20403
0.073036	20404
0.0730396	20405
0.0730432	20406
0.0730468	20407
0.0730504	20408
0.073054	20409
0.0730576	20410
0.0730612	20411
0.0730648	20412
0.0730684	20413
0.073072	20414
0.0730757	20415
0.0730793	20416
0.0730829	20417
0.0730865	20418
0.0730901	20419
0.0730937	20420
0.0730973	20421
0.0731009	20422
0.0731045	20423
0.0731081	20424
0.0731117	20425
0.0731153	20426
0.0731189	20427
0.0731225	20428
0.0731261	20429
0.0731297	20430
0.0731333	20431
0.073137	20432
0.0731406	20433
0.0731442	20434
0.0731478	20435
0.0731514	20436
0.0731538	20437
0.0731562	20438
0.0731598	20440
0.0731622	20441
0.0731646	20442
0.0731826	20443
0.073185	20444
0.0731874	20445
0.0731898	20446
0.0731971	20447
0.0732007	20448
0.0732043	20449
0.0732079	20450
0.0732115	20451
0.0732139	20452
0.0732175	20453
0.0732199	20454
0.0732235	20455
0.0732247	20456
0.0732283	20457
0.0732295	20458
0.0732331	20459
0.0732343	20460
0.0732379	20461
0.0732415	20462
0.0732451	20463
0.0732487	20464
0.0732523	20465
0.073256	20466
0.0732596	20467
0.0732632	20468
0.0732668	20469
0.0732704	20470
0.073274	20471
0.0732776	20472
0.0732812	20473
0.0732848	20474
0.0732884	20475
0.073292	20476
0.0732956	20477
0.0732992	20478
0.0733028	20479
0.0733064	20480
0.07331	20481
0.0733136	20482
0.0733173	20483
0.0733209	20484
0.0733245	20485
0.0733281	20486
0.0733317	20487
0.0733353	20488
0.0733389	20489
0.0733425	20490
0.0733461	20491
0.0733497	20492
0.0733533	20493
0.0733569	20494
0.0733605	20495
0.0733641	20496
0.0733677	20497
0.0733713	20498
0.073375	20499
0.0733786	20500
0.0733822	20501
0.0733858	20502
0.0733894	20503
0.073393	20504
0.0733966	20505
0.0734002	20506
0.0734038	20507
0.0734074	20508
0.073411	20509
0.0734146	20510
0.0734182	20511
0.0734218	20512
0.0734254	20513
0.073429	20514
0.0734326	20515
0.0734363	20516
0.0734399	20517
0.0734435	20518
0.0734471	20519
0.0734507	20520
0.0734543	20521
0.0734579	20522
0.0734615	20523
0.0734651	20524
0.0734687	20525
0.0734723	20526
0.0734747	20527
0.0734771	20528
0.0734807	20529
0.0734831	20530
0.0734855	20531
0.0735036	20532
0.073506	20533
0.0735084	20534
0.0735108	20535
0.073518	20536
0.0735216	20537
0.0735252	20538
0.0735288	20539
0.0735324	20540
0.0735348	20541
0.0735384	20542
0.0735408	20543
0.0735444	20544
0.0735456	20545
0.0735492	20546
0.0735504	20547
0.073554	20548
0.0735553	20549
0.0735589	20550
0.0735625	20551
0.0735661	20552
0.0735697	20553
0.0735733	20554
0.0735769	20555
0.0735805	20556
0.0735841	20557
0.0735877	20558
0.0735913	20559
0.0735949	20560
0.0735985	20562
0.0736021	20563
0.0736057	20564
0.0736093	20565
0.0736129	20566
0.0736166	20567
0.0736202	20568
0.0736238	20569
0.0736274	20570
0.073631	20571
0.0736346	20572
0.0736382	20573
0.0736418	20574
0.0736454	20575
0.073649	20576
0.0736526	20577
0.0736562	20578
0.0736598	20579
0.0736634	20580
0.073667	20581
0.0736706	20582
0.0736742	20583
0.0736779	20584
0.0736815	20585
0.0736851	20586
0.0736887	20587
0.0736923	20588
0.0736959	20589
0.0736995	20590
0.0737031	20591
0.0737067	20592
0.0737103	20593
0.0737139	20594
0.0737175	20595
0.0737211	20596
0.0737247	20597
0.0737283	20598
0.0737319	20599
0.0737356	20600
0.0737392	20601
0.0737428	20602
0.0737464	20603
0.07375	20604
0.0737536	20605
0.0737572	20606
0.0737608	20607
0.0737644	20608
0.073768	20609
0.0737716	20610
0.0737752	20611
0.0737788	20612
0.0737824	20613
0.073786	20614
0.0737896	20615
0.0737932	20616
0.0737957	20617
0.0737981	20618
0.0738017	20619
0.0738041	20620
0.0738065	20621
0.0738245	20622
0.0738269	20623
0.0738293	20624
0.0738317	20625
0.0738389	20626
0.0738425	20627
0.0738461	20628
0.0738497	20629
0.0738533	20630
0.0738558	20631
0.0738594	20632
0.0738618	20633
0.0738654	20634
0.0738666	20635
0.0738702	20636
0.0738714	20637
0.073875	20638
0.0738762	20639
0.0738798	20640
0.0738834	20641
0.073887	20642
0.0738906	20643
0.0738942	20644
0.0738978	20645
0.0739014	20646
0.073905	20647
0.0739086	20648
0.0739122	20649
0.0739159	20650
0.0739195	20651
0.0739231	20652
0.0739267	20653
0.0739303	20654
0.0739339	20655
0.0739375	20656
0.0739411	20657
0.0739447	20658
0.0739483	20659
0.0739519	20660
0.0739555	20661
0.0739591	20662
0.0739627	20663
0.0739663	20664
0.0739699	20665
0.0739735	20666
0.0739772	20667
0.0739808	20668
0.0739844	20669
0.073988	20670
0.0739916	20671
0.0739952	20672
0.0739988	20673
0.0740024	20674
0.074006	20675
0.0740096	20676
0.0740132	20677
0.0740168	20678
0.0740204	20679
0.074024	20680
0.0740276	20681
0.0740312	20682
0.0740348	20684
0.0740385	20685
0.0740421	20686
0.0740457	20687
0.0740493	20688
0.0740529	20689
0.0740565	20690
0.0740601	20691
0.0740637	20692
0.0740673	20693
0.0740709	20694
0.0740745	20695
0.0740781	20696
0.0740817	20697
0.0740853	20698
0.0740889	20699
0.0740925	20700
0.0740962	20701
0.0740998	20702
0.0741034	20703
0.074107	20704
0.0741106	20705
0.0741142	20706
0.0741166	20707
0.074119	20708
0.0741226	20709
0.074125	20710
0.0741274	20711
0.0741454	20712
0.0741478	20713
0.0741502	20714
0.0741526	20715
0.0741599	20716
0.0741635	20717
0.0741671	20718
0.0741707	20719
0.0741743	20720
0.0741767	20721
0.0741803	20722
0.0741827	20723
0.0741863	20724
0.0741875	20725
0.0741911	20726
0.0741923	20727
0.0741959	20728
0.0741971	20729
0.0742007	20730
0.0742043	20731
0.0742079	20732
0.0742115	20733
0.0742151	20734
0.0742188	20735
0.0742224	20736
0.074226	20737
0.0742296	20738
0.0742332	20739
0.0742368	20740
0.0742404	20741
0.074244	20742
0.0742476	20743
0.0742512	20744
0.0742548	20745
0.0742584	20746
0.074262	20747
0.0742656	20748
0.0742692	20749
0.0742728	20750
0.0742765	20751
0.0742801	20752
0.0742837	20753
0.0742873	20754
0.0742909	20755
0.0742945	20756
0.0742981	20757
0.0743017	20758
0.0743053	20759
0.0743089	20760
0.0743125	20761
0.0743161	20762
0.0743197	20763
0.0743233	20764
0.0743269	20765
0.0743305	20766
0.0743341	20767
0.0743378	20768
0.0743414	20769
0.074345	20770
0.0743486	20771
0.0743522	20772
0.0743558	20773
0.0743594	20774
0.074363	20775
0.0743666	20776
0.0743702	20777
0.0743738	20778
0.0743774	20779
0.074381	20780
0.0743846	20781
0.0743882	20782
0.0743918	20783
0.0743954	20784
0.0743991	20785
0.0744027	20786
0.0744063	20787
0.0744099	20788
0.0744135	20789
0.0744171	20790
0.0744207	20791
0.0744243	20792
0.0744279	20793
0.0744315	20794
0.0744351	20795
0.0744375	20796
0.0744399	20797
0.0744435	20798
0.0744459	20799
0.0744483	20800
0.0744664	20801
0.0744688	20802
0.0744712	20803
0.0744736	20805
0.0744808	20806
0.0744844	20807
0.074488	20808
0.0744916	20809
0.0744952	20810
0.0744976	20811
0.0745012	20812
0.0745036	20813
0.0745072	20814
0.0745084	20815
0.074512	20816
0.0745132	20817
0.0745169	20818
0.0745181	20819
0.0745217	20820
0.0745253	20821
0.0745289	20822
0.0745325	20823
0.0745361	20824
0.0745397	20825
0.0745433	20826
0.0745469	20827
0.0745505	20828
0.0745541	20829
0.0745577	20830
0.0745613	20831
0.0745649	20832
0.0745685	20833
0.0745721	20834
0.0745757	20835
0.0745794	20836
0.074583	20837
0.0745866	20838
0.0745902	20839
0.0745938	20840
0.0745974	20841
0.074601	20842
0.0746046	20843
0.0746082	20844
0.0746118	20845
0.0746154	20846
0.074619	20847
0.0746226	20848
0.0746262	20849
0.0746298	20850
0.0746334	20851
0.0746371	20852
0.0746407	20853
0.0746443	20854
0.0746479	20855
0.0746515	20856
0.0746551	20857
0.0746587	20858
0.0746623	20859
0.0746659	20860
0.0746695	20861
0.0746731	20862
0.0746767	20863
0.0746803	20864
0.0746839	20865
0.0746875	20866
0.0746911	20867
0.0746947	20868
0.0746984	20869
0.074702	20870
0.0747056	20871
0.0747092	20872
0.0747128	20873
0.0747164	20874
0.07472	20875
0.0747236	20876
0.0747272	20877
0.0747308	20878
0.0747344	20879
0.074738	20880
0.0747416	20881
0.0747452	20882
0.0747488	20883
0.0747524	20884
0.074756	20885
0.0747585	20886
0.0747609	20887
0.0747645	20888
0.0747669	20889
0.0747693	20890
0.0747873	20891
0.0747897	20892
0.0747921	20893
0.0747945	20894
0.0748017	20895
0.0748053	20896
0.0748089	20897
0.0748125	20898
0.0748161	20899
0.0748186	20900
0.0748222	20901
0.0748246	20902
0.0748282	20903
0.0748294	20904
0.074833	20905
0.0748342	20906
0.0748378	20907
0.074839	20908
0.0748426	20909
0.0748462	20910
0.0748498	20911
0.0748534	20912
0.074857	20913
0.0748606	20914
0.0748642	20915
0.0748678	20916
0.0748714	20917
0.074875	20918
0.0748787	20919
0.0748823	20920
0.0748859	20921
0.0748895	20922
0.0748931	20923
0.0748967	20924
0.0749003	20925
0.0749039	20927
0.0749075	20928
0.0749111	20929
0.0749147	20930
0.0749183	20931
0.0749219	20932
0.0749255	20933
0.0749291	20934
0.0749327	20935
0.0749363	20936
0.07494	20937
0.0749436	20938
0.0749472	20939
0.0749508	20940
0.0749544	20941
0.074958	20942
0.0749616	20943
0.0749652	20944
0.0749688	20945
0.0749724	20946
0.074976	20947
0.0749796	20948
0.0749832	20949
0.0749868	20950
0.0749904	20951
0.074994	20952
0.0749977	20953
0.0750013	20954
0.0750049	20955
0.0750085	20956
0.0750121	20957
0.0750157	20958
0.0750193	20959
0.0750229	20960
0.0750265	20961
0.0750301	20962
0.0750337	20963
0.0750373	20964
0.0750409	20965
0.0750445	20966
0.0750481	20967
0.0750517	20968
0.0750553	20969
0.075059	20970
0.0750626	20971
0.0750662	20972
0.0750698	20973
0.0750734	20974
0.075077	20975
0.0750794	20976
0.0750818	20977
0.0750854	20978
0.0750878	20979
0.0750902	20980
0.0751082	20981
0.0751106	20982
0.075113	20983
0.0751154	20984
0.0751227	20985
0.0751263	20986
0.0751299	20987
0.0751335	20988
0.0751371	20989
0.0751395	20990
0.0751431	20991
0.0751455	20992
0.0751491	20993
0.0751503	20994
0.0751539	20995
0.0751551	20996
0.0751587	20997
0.0751599	20998
0.0751635	20999
0.0751671	21000
0.0751707	21001
0.0751743	21002
0.075178	21003
0.0751816	21004
0.0751852	21005
0.0751888	21006
0.0751924	21007
0.075196	21008
0.0751996	21009
0.0752032	21010
0.0752068	21011
0.0752104	21012
0.075214	21013
0.0752176	21014
0.0752212	21015
0.0752248	21016
0.0752284	21017
0.075232	21018
0.0752356	21019
0.0752393	21020
0.0752429	21021
0.0752465	21022
0.0752501	21023
0.0752537	21024
0.0752573	21025
0.0752609	21026
0.0752645	21027
0.0752681	21028
0.0752717	21029
0.0752753	21030
0.0752789	21031
0.0752825	21032
0.0752861	21033
0.0752897	21034
0.0752933	21035
0.0752969	21036
0.0753006	21037
0.0753042	21038
0.0753078	21039
0.0753114	21040
0.075315	21041
0.0753186	21042
0.0753222	21043
0.0753258	21044
0.0753294	21045
0.075333	21046
0.0753366	21047
0.0753402	21049
0.0753438	21050
0.0753474	21051
0.075351	21052
0.0753546	21053
0.0753583	21054
0.0753619	21055
0.0753655	21056
0.0753691	21057
0.0753727	21058
0.0753763	21059
0.0753799	21060
0.0753835	21061
0.0753871	21062
0.0753907	21063
0.0753943	21064
0.0753979	21065
0.0754003	21066
0.0754027	21067
0.0754063	21068
0.0754087	21069
0.0754111	21070
0.0754292	21071
0.0754316	21072
0.075434	21073
0.0754364	21074
0.0754436	21075
0.0754472	21076
0.0754508	21077
0.0754544	21078
0.075458	21079
0.0754604	21080
0.075464	21081
0.0754664	21082
0.07547	21083
0.0754712	21084
0.0754748	21085
0.075476	21086
0.0754797	21087
0.0754809	21088
0.0754845	21089
0.0754881	21090
0.0754917	21091
0.0754953	21092
0.0754989	21093
0.0755025	21094
0.0755061	21095
0.0755097	21096
0.0755133	21097
0.0755169	21098
0.0755205	21099
0.0755241	21100
0.0755277	21101
0.0755313	21102
0.0755349	21103
0.0755386	21104
0.0755422	21105
0.0755458	21106
0.0755494	21107
0.075553	21108
0.0755566	21109
0.0755602	21110
0.0755638	21111
0.0755674	21112
0.075571	21113
0.0755746	21114
0.0755782	21115
0.0755818	21116
0.0755854	21117
0.075589	21118
0.0755926	21119
0.0755962	21120
0.0755999	21121
0.0756035	21122
0.0756071	21123
0.0756107	21124
0.0756143	21125
0.0756179	21126
0.0756215	21127
0.0756251	21128
0.0756287	21129
0.0756323	21130
0.0756359	21131
0.0756395	21132
0.0756431	21133
0.0756467	21134
0.0756503	21135
0.0756539	21136
0.0756575	21137
0.0756612	21138
0.0756648	21139
0.0756684	21140
0.075672	21141
0.0756756	21142
0.0756792	21143
0.0756828	21144
0.0756864	21145
0.07569	21146
0.0756936	21147
0.0756972	21148
0.0757008	21149
0.0757044	21150
0.075708	21151
0.0757116	21152
0.0757152	21153
0.0757189	21154
0.0757213	21155
0.0757237	21156
0.0757273	21157
0.0757297	21158
0.0757321	21159
0.0757501	21160
0.0757525	21161
0.0757549	21162
0.0757573	21163
0.0757645	21164
0.0757681	21165
0.0757717	21166
0.0757753	21167
0.075779	21168
0.0757814	21170
0.075785	21171
0.0757874	21172
0.075791	21173
0.0757922	21174
0.0757958	21175
0.075797	21176
0.0758006	21177
0.0758018	21178
0.0758054	21179
0.075809	21180
0.0758126	21181
0.0758162	21182
0.0758198	21183
0.0758234	21184
0.075827	21185
0.0758306	21186
0.0758342	21187
0.0758378	21188
0.0758415	21189
0.0758451	21190
0.0758487	21191
0.0758523	21192
0.0758559	21193
0.0758595	21194
0.0758631	21195
0.0758667	21196
0.0758703	21197
0.0758739	21198
0.0758775	21199
0.0758811	21200
0.0758847	21201
0.0758883	21202
0.0758919	21203
0.0758955	21204
0.0758992	21205
0.0759028	21206
0.0759064	21207
0.07591	21208
0.0759136	21209
0.0759172	21210
0.0759208	21211
0.0759244	21212
0.075928	21213
0.0759316	21214
0.0759352	21215
0.0759388	21216
0.0759424	21217
0.075946	21218
0.0759496	21219
0.0759532	21220
0.0759568	21221
0.0759605	21222
0.0759641	21223
0.0759677	21224
0.0759713	21225
0.0759749	21226
0.0759785	21227
0.0759821	21228
0.0759857	21229
0.0759893	21230
0.0759929	21231
0.0759965	21232
0.0760001	21233
0.0760037	21234
0.0760073	21235
0.0760109	21236
0.0760145	21237
0.0760181	21238
0.0760218	21239
0.0760254	21240
0.076029	21241
0.0760326	21242
0.0760362	21243
0.0760398	21244
0.0760422	21245
0.0760446	21246
0.0760482	21247
0.0760506	21248
0.076053	21249
0.076071	21250
0.0760734	21251
0.0760758	21252
0.0760782	21253
0.0760855	21254
0.0760891	21255
0.0760927	21256
0.0760963	21257
0.0760999	21258
0.0761023	21259
0.0761059	21260
0.0761083	21261
0.0761119	21262
0.0761131	21263
0.0761167	21264
0.0761179	21265
0.0761215	21266
0.0761227	21267
0.0761263	21268
0.0761299	21269
0.0761335	21270
0.0761371	21271
0.0761408	21272
0.0761444	21273
0.076148	21274
0.0761516	21275
0.0761552	21276
0.0761588	21277
0.0761624	21278
0.076166	21279
0.0761696	21280
0.0761732	21281
0.0761768	21282
0.0761804	21283
0.076184	21284
0.0761876	21285
0.0761912	21286
0.0761948	21287
0.0761984	21288
0.0762021	21289
0.0762057	21290
0.0762093	21292
0.0762129	21293
0.0762165	21294
0.0762201	21295
0.0762237	21296
0.0762273	21297
0.0762309	21298
0.0762345	21299
0.0762381	21300
0.0762417	21301
0.0762453	21302
0.0762489	21303
0.0762525	21304
0.0762561	21305
0.0762598	21306
0.0762634	21307
0.076267	21308
0.0762706	21309
0.0762742	21310
0.0762778	21311
0.0762814	21312
0.076285	21313
0.0762886	21314
0.0762922	21315
0.0762958	21316
0.0762994	21317
0.076303	21318
0.0763066	21319
0.0763102	21320
0.0763138	21321
0.0763174	21322
0.0763211	21323
0.0763247	21324
0.0763283	21325
0.0763319	21326
0.0763355	21327
0.0763391	21328
0.0763427	21329
0.0763463	21330
0.0763499	21331
0.0763535	21332
0.0763571	21333
0.0763607	21334
0.0763631	21335
0.0763655	21336
0.0763691	21337
0.0763715	21338
0.0763739	21339
0.076392	21340
0.0763944	21341
0.0763968	21342
0.0763992	21343
0.0764064	21344
0.07641	21345
0.0764136	21346
0.0764172	21347
0.0764208	21348
0.0764232	21349
0.0764268	21350
0.0764292	21351
0.0764328	21352
0.076434	21353
0.0764376	21354
0.0764388	21355
0.0764425	21356
0.0764437	21357
0.0764473	21358
0.0764509	21359
0.0764545	21360
0.0764581	21361
0.0764617	21362
0.0764653	21363
0.0764689	21364
0.0764725	21365
0.0764761	21366
0.0764797	21367
0.0764833	21368
0.0764869	21369
0.0764905	21370
0.0764941	21371
0.0764977	21372
0.0765014	21373
0.076505	21374
0.0765086	21375
0.0765122	21376
0.0765158	21377
0.0765194	21378
0.076523	21379
0.0765266	21380
0.0765302	21381
0.0765338	21382
0.0765374	21383
0.076541	21384
0.0765446	21385
0.0765482	21386
0.0765518	21387
0.0765554	21388
0.076559	21389
0.0765627	21390
0.0765663	21391
0.0765699	21392
0.0765735	21393
0.0765771	21394
0.0765807	21395
0.0765843	21396
0.0765879	21397
0.0765915	21398
0.0765951	21399
0.0765987	21400
0.0766023	21401
0.0766059	21402
0.0766095	21403
0.0766131	21404
0.0766167	21405
0.0766204	21406
0.076624	21407
0.0766276	21408
0.0766312	21409
0.0766348	21410
0.0766384	21411
0.076642	21412
0.0766456	21414
0.0766492	21415
0.0766528	21416
0.0766564	21417
0.07666	21418
0.0766636	21419
0.0766672	21420
0.0766708	21421
0.0766744	21422
0.076678	21423
0.0766817	21424
0.0766841	21425
0.0766865	21426
0.0766901	21427
0.0766925	21428
0.0766949	21429
0.0767129	21430
0.0767153	21431
0.0767177	21432
0.0767201	21433
0.0767273	21434
0.0767309	21435
0.0767345	21436
0.0767381	21437
0.0767418	21438
0.0767442	21439
0.0767478	21440
0.0767502	21441
0.0767538	21442
0.076755	21443
0.0767586	21444
0.0767598	21445
0.0767634	21446
0.0767646	21447
0.0767682	21448
0.0767718	21449
0.0767754	21450
0.076779	21451
0.0767826	21452
0.0767862	21453
0.0767898	21454
0.0767934	21455
0.076797	21456
0.0768007	21457
0.0768043	21458
0.0768079	21459
0.0768115	21460
0.0768151	21461
0.0768187	21462
0.0768223	21463
0.0768259	21464
0.0768295	21465
0.0768331	21466
0.0768367	21467
0.0768403	21468
0.0768439	21469
0.0768475	21470
0.0768511	21471
0.0768547	21472
0.0768583	21473
0.076862	21474
0.0768656	21475
0.0768692	21476
0.0768728	21477
0.0768764	21478
0.07688	21479
0.0768836	21480
0.0768872	21481
0.0768908	21482
0.0768944	21483
0.076898	21484
0.0769016	21485
0.0769052	21486
0.0769088	21487
0.0769124	21488
0.076916	21489
0.0769196	21490
0.0769233	21491
0.0769269	21492
0.0769305	21493
0.0769341	21494
0.0769377	21495
0.0769413	21496
0.0769449	21497
0.0769485	21498
0.0769521	21499
0.0769557	21500
0.0769593	21501
0.0769629	21502
0.0769665	21503
0.0769701	21504
0.0769737	21505
0.0769773	21506
0.076981	21507
0.0769846	21508
0.0769882	21509
0.0769918	21510
0.0769954	21511
0.076999	21512
0.0770026	21513
0.077005	21514
0.0770074	21515
0.077011	21516
0.0770134	21517
0.0770158	21518
0.0770338	21519
0.0770362	21520
0.0770386	21521
0.0770411	21522
0.0770483	21523
0.0770519	21524
0.0770555	21525
0.0770591	21526
0.0770627	21527
0.0770651	21528
0.0770687	21529
0.0770711	21530
0.0770747	21531
0.0770759	21532
0.0770795	21533
0.0770807	21535
0.0770843	21536
0.0770855	21537
0.0770891	21538
0.0770927	21539
0.0770963	21540
0.0770999	21541
0.0771036	21542
0.0771072	21543
0.0771108	21544
0.0771144	21545
0.077118	21546
0.0771216	21547
0.0771252	21548
0.0771288	21549
0.0771324	21550
0.077136	21551
0.0771396	21552
0.0771432	21553
0.0771468	21554
0.0771504	21555
0.077154	21556
0.0771576	21557
0.0771613	21558
0.0771649	21559
0.0771685	21560
0.0771721	21561
0.0771757	21562
0.0771793	21563
0.0771829	21564
0.0771865	21565
0.0771901	21566
0.0771937	21567
0.0771973	21568
0.0772009	21569
0.0772045	21570
0.0772081	21571
0.0772117	21572
0.0772153	21573
0.0772189	21574
0.0772226	21575
0.0772262	21576
0.0772298	21577
0.0772334	21578
0.077237	21579
0.0772406	21580
0.0772442	21581
0.0772478	21582
0.0772514	21583
0.077255	21584
0.0772586	21585
0.0772622	21586
0.0772658	21587
0.0772694	21588
0.077273	21589
0.0772766	21590
0.0772802	21591
0.0772839	21592
0.0772875	21593
0.0772911	21594
0.0772947	21595
0.0772983	21596
0.0773019	21597
0.0773055	21598
0.0773091	21599
0.0773127	21600
0.0773163	21601
0.0773199	21602
0.0773235	21603
0.0773259	21604
0.0773283	21605
0.0773319	21606
0.0773343	21607
0.0773367	21608
0.0773548	21609
0.0773572	21610
0.0773596	21611
0.077362	21612
0.0773692	21613
0.0773728	21614
0.0773764	21615
0.07738	21616
0.0773836	21617
0.077386	21618
0.0773896	21619
0.077392	21620
0.0773956	21621
0.0773968	21622
0.0774004	21623
0.0774017	21624
0.0774053	21625
0.0774065	21626
0.0774101	21627
0.0774137	21628
0.0774173	21629
0.0774209	21630
0.0774245	21631
0.0774281	21632
0.0774317	21633
0.0774353	21634
0.0774389	21635
0.0774425	21636
0.0774461	21637
0.0774497	21638
0.0774533	21639
0.0774569	21640
0.0774605	21641
0.0774642	21642
0.0774678	21643
0.0774714	21644
0.077475	21645
0.0774786	21646
0.0774822	21647
0.0774858	21648
0.0774894	21649
0.077493	21650
0.0774966	21651
0.0775002	21652
0.0775038	21653
0.0775074	21654
0.077511	21655
0.0775146	21657
0.0775182	21658
0.0775219	21659
0.0775255	21660
0.0775291	21661
0.0775327	21662
0.0775363	21663
0.0775399	21664
0.0775435	21665
0.0775471	21666
0.0775507	21667
0.0775543	21668
0.0775579	21669
0.0775615	21670
0.0775651	21671
0.0775687	21672
0.0775723	21673
0.0775759	21674
0.0775795	21675
0.0775832	21676
0.0775868	21677
0.0775904	21678
0.077594	21679
0.0775976	21680
0.0776012	21681
0.0776048	21682
0.0776084	21683
0.077612	21684
0.0776156	21685
0.0776192	21686
0.0776228	21687
0.0776264	21688
0.07763	21689
0.0776336	21690
0.0776372	21691
0.0776408	21692
0.0776445	21693
0.0776469	21694
0.0776493	21695
0.0776529	21696
0.0776553	21697
0.0776577	21698
0.0776757	21699
0.0776781	21700
0.0776805	21701
0.0776829	21702
0.0776901	21703
0.0776937	21704
0.0776973	21705
0.0777009	21706
0.0777046	21707
0.077707	21708
0.0777106	21709
0.077713	21710
0.0777166	21711
0.0777178	21712
0.0777214	21713
0.0777226	21714
0.0777262	21715
0.0777274	21716
0.077731	21717
0.0777346	21718
0.0777382	21719
0.0777418	21720
0.0777454	21721
0.077749	21722
0.0777526	21723
0.0777562	21724
0.0777598	21725
0.0777635	21726
0.0777671	21727
0.0777707	21728
0.0777743	21729
0.0777779	21730
0.0777815	21731
0.0777851	21732
0.0777887	21733
0.0777923	21734
0.0777959	21735
0.0777995	21736
0.0778031	21737
0.0778067	21738
0.0778103	21739
0.0778139	21740
0.0778175	21741
0.0778211	21742
0.0778248	21743
0.0778284	21744
0.077832	21745
0.0778356	21746
0.0778392	21747
0.0778428	21748
0.0778464	21749
0.07785	21750
0.0778536	21751
0.0778572	21752
0.0778608	21753
0.0778644	21754
0.077868	21755
0.0778716	21756
0.0778752	21757
0.0778788	21758
0.0778825	21759
0.0778861	21760
0.0778897	21761
0.0778933	21762
0.0778969	21763
0.0779005	21764
0.0779041	21765
0.0779077	21766
0.0779113	21767
0.0779149	21768
0.0779185	21769
0.0779221	21770
0.0779257	21771
0.0779293	21772
0.0779329	21773
0.0779365	21774
0.0779401	21775
0.0779438	21776
0.0779474	21777
0.077951	21779
0.0779546	21780
0.0779582	21781
0.0779618	21782
0.0779654	21783
0.0779678	21784
0.0779702	21785
0.0779738	21786
0.0779762	21787
0.0779786	21788
0.0779966	21789
0.077999	21790
0.0780014	21791
0.0780039	21792
0.0780111	21793
0.0780147	21794
0.0780183	21795
0.0780219	21796
0.0780255	21797
0.0780279	21798
0.0780315	21799
0.0780339	21800
0.0780375	21801
0.0780387	21802
0.0780423	21803
0.0780435	21804
0.0780471	21805
0.0780483	21806
0.0780519	21807
0.0780555	21808
0.0780591	21809
0.0780628	21810
0.0780664	21811
0.07807	21812
0.0780736	21813
0.0780772	21814
0.0780808	21815
0.0780844	21816
0.078088	21817
0.0780916	21818
0.0780952	21819
0.0780988	21820
0.0781024	21821
0.078106	21822
0.0781096	21823
0.0781132	21824
0.0781168	21825
0.0781204	21826
0.0781241	21827
0.0781277	21828
0.0781313	21829
0.0781349	21830
0.0781385	21831
0.0781421	21832
0.0781457	21833
0.0781493	21834
0.0781529	21835
0.0781565	21836
0.0781601	21837
0.0781637	21838
0.0781673	21839
0.0781709	21840
0.0781745	21841
0.0781781	21842
0.0781817	21843
0.0781854	21844
0.078189	21845
0.0781926	21846
0.0781962	21847
0.0781998	21848
0.0782034	21849
0.078207	21850
0.0782106	21851
0.0782142	21852
0.0782178	21853
0.0782214	21854
0.078225	21855
0.0782286	21856
0.0782322	21857
0.0782358	21858
0.0782394	21859
0.0782431	21860
0.0782467	21861
0.0782503	21862
0.0782539	21863
0.0782575	21864
0.0782611	21865
0.0782647	21866
0.0782683	21867
0.0782719	21868
0.0782755	21869
0.0782791	21870
0.0782827	21871
0.0782863	21872
0.0782887	21873
0.0782911	21874
0.0782947	21875
0.0782971	21876
0.0782995	21877
0.0783176	21878
0.07832	21879
0.0783224	21880
0.0783248	21881
0.078332	21882
0.0783356	21883
0.0783392	21884
0.0783428	21885
0.0783464	21886
0.0783488	21887
0.0783524	21888
0.0783548	21889
0.0783584	21890
0.0783596	21891
0.0783633	21892
0.0783645	21893
0.0783681	21894
0.0783693	21895
0.0783729	21896
0.0783765	21897
0.0783801	21898
0.0783837	21900
0.0783873	21901
0.0783909	21902
0.0783945	21903
0.0783981	21904
0.0784017	21905
0.0784053	21906
0.0784089	21907
0.0784125	21908
0.0784161	21909
0.0784197	21910
0.0784234	21911
0.078427	21912
0.0784306	21913
0.0784342	21914
0.0784378	21915
0.0784414	21916
0.078445	21917
0.0784486	21918
0.0784522	21919
0.0784558	21920
0.0784594	21921
0.078463	21922
0.0784666	21923
0.0784702	21924
0.0784738	21925
0.0784774	21926
0.078481	21927
0.0784847	21928
0.0784883	21929
0.0784919	21930
0.0784955	21931
0.0784991	21932
0.0785027	21933
0.0785063	21934
0.0785099	21935
0.0785135	21936
0.0785171	21937
0.0785207	21938
0.0785243	21939
0.0785279	21940
0.0785315	21941
0.0785351	21942
0.0785387	21943
0.0785423	21944
0.078546	21945
0.0785496	21946
0.0785532	21947
0.0785568	21948
0.0785604	21949
0.078564	21950
0.0785676	21951
0.0785712	21952
0.0785748	21953
0.0785784	21954
0.078582	21955
0.0785856	21956
0.0785892	21957
0.0785928	21958
0.0785964	21959
0.0786	21960
0.0786037	21961
0.0786073	21962
0.0786097	21963
0.0786121	21964
0.0786157	21965
0.0786181	21966
0.0786205	21967
0.0786385	21968
0.0786409	21969
0.0786433	21970
0.0786457	21971
0.0786529	21972
0.0786565	21973
0.0786601	21974
0.0786638	21975
0.0786674	21976
0.0786698	21977
0.0786734	21978
0.0786758	21979
0.0786794	21980
0.0786806	21981
0.0786842	21982
0.0786854	21983
0.078689	21984
0.0786902	21985
0.0786938	21986
0.0786974	21987
0.078701	21988
0.0787046	21989
0.0787082	21990
0.0787118	21991
0.0787154	21992
0.078719	21993
0.0787226	21994
0.0787263	21995
0.0787299	21996
0.0787335	21997
0.0787371	21998
0.0787407	21999
0.0787443	22000
0.0787479	22001
0.0787515	22002
0.0787551	22003
0.0787587	22004
0.0787623	22005
0.0787659	22006
0.0787695	22007
0.0787731	22008
0.0787767	22009
0.0787803	22010
0.078784	22011
0.0787876	22012
0.0787912	22013
0.0787948	22014
0.0787984	22015
0.078802	22016
0.0788056	22017
0.0788092	22018
0.0788128	22019
0.0788164	22020
0.07882	22022
0.0788236	22023
0.0788272	22024
0.0788308	22025
0.0788344	22026
0.078838	22027
0.0788416	22028
0.0788453	22029
0.0788489	22030
0.0788525	22031
0.0788561	22032
0.0788597	22033
0.0788633	22034
0.0788669	22035
0.0788705	22036
0.0788741	22037
0.0788777	22038
0.0788813	22039
0.0788849	22040
0.0788885	22041
0.0788921	22042
0.0788957	22043
0.0788993	22044
0.0789029	22045
0.0789066	22046
0.0789102	22047
0.0789138	22048
0.0789174	22049
0.078921	22050
0.0789246	22051
0.0789282	22052
0.0789306	22053
0.078933	22054
0.0789366	22055
0.078939	22056
0.0789414	22057
0.0789594	22058
0.0789618	22059
0.0789643	22060
0.0789667	22061
0.0789739	22062
0.0789775	22063
0.0789811	22064
0.0789847	22065
0.0789883	22066
0.0789907	22067
0.0789943	22068
0.0789967	22069
0.0790003	22070
0.0790015	22071
0.0790051	22072
0.0790063	22073
0.0790099	22074
0.0790111	22075
0.0790147	22076
0.0790183	22077
0.0790219	22078
0.0790256	22079
0.0790292	22080
0.0790328	22081
0.0790364	22082
0.07904	22083
0.0790436	22084
0.0790472	22085
0.0790508	22086
0.0790544	22087
0.079058	22088
0.0790616	22089
0.0790652	22090
0.0790688	22091
0.0790724	22092
0.079076	22093
0.0790796	22094
0.0790832	22095
0.0790869	22096
0.0790905	22097
0.0790941	22098
0.0790977	22099
0.0791013	22100
0.0791049	22101
0.0791085	22102
0.0791121	22103
0.0791157	22104
0.0791193	22105
0.0791229	22106
0.0791265	22107
0.0791301	22108
0.0791337	22109
0.0791373	22110
0.0791409	22111
0.0791446	22112
0.0791482	22113
0.0791518	22114
0.0791554	22115
0.079159	22116
0.0791626	22117
0.0791662	22118
0.0791698	22119
0.0791734	22120
0.079177	22121
0.0791806	22122
0.0791842	22123
0.0791878	22124
0.0791914	22125
0.079195	22126
0.0791986	22127
0.0792022	22128
0.0792059	22129
0.0792095	22130
0.0792131	22131
0.0792167	22132
0.0792203	22133
0.0792239	22134
0.0792275	22135
0.0792311	22136
0.0792347	22137
0.0792383	22138
0.0792419	22139
0.0792455	22140
0.0792491	22141
0.0792515	22142
0.0792539	22144
0.0792575	22145
0.0792599	22146
0.0792623	22147
0.0792804	22148
0.0792828	22149
0.0792852	22150
0.0792876	22151
0.0792948	22152
0.0792984	22153
0.079302	22154
0.0793056	22155
0.0793092	22156
0.0793116	22157
0.0793152	22158
0.0793176	22159
0.0793212	22160
0.0793224	22161
0.0793261	22162
0.0793273	22163
0.0793309	22164
0.0793321	22165
0.0793357	22166
0.0793393	22167
0.0793429	22168
0.0793465	22169
0.0793501	22170
0.0793537	22171
0.0793573	22172
0.0793609	22173
0.0793645	22174
0.0793681	22175
0.0793717	22176
0.0793753	22177
0.0793789	22178
0.0793825	22179
0.0793862	22180
0.0793898	22181
0.0793934	22182
0.079397	22183
0.0794006	22184
0.0794042	22185
0.0794078	22186
0.0794114	22187
0.079415	22188
0.0794186	22189
0.0794222	22190
0.0794258	22191
0.0794294	22192
0.079433	22193
0.0794366	22194
0.0794402	22195
0.0794438	22196
0.0794475	22197
0.0794511	22198
0.0794547	22199
0.0794583	22200
0.0794619	22201
0.0794655	22202
0.0794691	22203
0.0794727	22204
0.0794763	22205
0.0794799	22206
0.0794835	22207
0.0794871	22208
0.0794907	22209
0.0794943	22210
0.0794979	22211
0.0795015	22212
0.0795052	22213
0.0795088	22214
0.0795124	22215
0.079516	22216
0.0795196	22217
0.0795232	22218
0.0795268	22219
0.0795304	22220
0.079534	22221
0.0795376	22222
0.0795412	22223
0.0795448	22224
0.0795484	22225
0.079552	22226
0.0795556	22227
0.0795592	22228
0.0795628	22229
0.0795665	22230
0.0795701	22231
0.0795725	22232
0.0795749	22233
0.0795785	22234
0.0795809	22235
0.0795833	22236
0.0796013	22237
0.0796037	22238
0.0796061	22239
0.0796085	22240
0.0796157	22241
0.0796193	22242
0.0796229	22243
0.0796266	22244
0.0796302	22245
0.0796326	22246
0.0796362	22247
0.0796386	22248
0.0796422	22249
0.0796434	22250
0.079647	22251
0.0796482	22252
0.0796518	22253
0.079653	22254
0.0796566	22255
0.0796602	22256
0.0796638	22257
0.0796674	22258
0.079671	22259
0.0796746	22260
0.0796782	22261
0.0796818	22262
0.0796855	22263
0.0796891	22265
0.0796927	22266
0.0796963	22267
0.0796999	22268
0.0797035	22269
0.0797071	22270
0.0797107	22271
0.0797143	22272
0.0797179	22273
0.0797215	22274
0.0797251	22275
0.0797287	22276
0.0797323	22277
0.0797359	22278
0.0797395	22279
0.0797431	22280
0.0797468	22281
0.0797504	22282
0.079754	22283
0.0797576	22284
0.0797612	22285
0.0797648	22286
0.0797684	22287
0.079772	22288
0.0797756	22289
0.0797792	22290
0.0797828	22291
0.0797864	22292
0.07979	22293
0.0797936	22294
0.0797972	22295
0.0798008	22296
0.0798044	22297
0.0798081	22298
0.0798117	22299
0.0798153	22300
0.0798189	22301
0.0798225	22302
0.0798261	22303
0.0798297	22304
0.0798333	22305
0.0798369	22306
0.0798405	22307
0.0798441	22308
0.0798477	22309
0.0798513	22310
0.0798549	22311
0.0798585	22312
0.0798621	22313
0.0798658	22314
0.0798694	22315
0.079873	22316
0.0798766	22317
0.0798802	22318
0.0798838	22319
0.0798874	22320
0.079891	22321
0.0798934	22322
0.0798958	22323
0.0798994	22324
0.0799018	22325
0.0799042	22326
0.0799222	22327
0.0799246	22328
0.0799271	22329
0.0799295	22330
0.0799367	22331
0.0799403	22332
0.0799439	22333
0.0799475	22334
0.0799511	22335
0.0799535	22336
0.0799571	22337
0.0799595	22338
0.0799631	22339
0.0799643	22340
0.0799679	22341
0.0799691	22342
0.0799727	22343
0.0799739	22344
0.0799775	22345
0.0799811	22346
0.0799847	22347
0.0799884	22348
0.079992	22349
0.0799956	22350
0.0799992	22351
0.0800028	22352
0.0800064	22353
0.08001	22354
0.0800136	22355
0.0800172	22356
0.0800208	22357
0.0800244	22358
0.080028	22359
0.0800316	22360
0.0800352	22361
0.0800388	22362
0.0800424	22363
0.0800461	22364
0.0800497	22365
0.0800533	22366
0.0800569	22367
0.0800605	22368
0.0800641	22369
0.0800677	22370
0.0800713	22371
0.0800749	22372
0.0800785	22373
0.0800821	22374
0.0800857	22375
0.0800893	22376
0.0800929	22377
0.0800965	22378
0.0801001	22379
0.0801037	22380
0.0801074	22381
0.080111	22382
0.0801146	22383
0.0801182	22384
0.0801218	22385
0.0801254	22387
0.080129	22388
0.0801326	22389
0.0801362	22390
0.0801398	22391
0.0801434	22392
0.080147	22393
0.0801506	22394
0.0801542	22395
0.0801578	22396
0.0801614	22397
0.080165	22398
0.0801687	22399
0.0801723	22400
0.0801759	22401
0.0801795	22402
0.0801831	22403
0.0801867	22404
0.0801903	22405
0.0801939	22406
0.0801975	22407
0.0802011	22408
0.0802047	22409
0.0802083	22410
0.0802119	22411
0.0802143	22412
0.0802167	22413
0.0802203	22414
0.0802227	22415
0.0802251	22416
0.0802432	22417
0.0802456	22418
0.080248	22419
0.0802504	22420
0.0802576	22421
0.0802612	22422
0.0802648	22423
0.0802684	22424
0.080272	22425
0.0802744	22426
0.080278	22427
0.0802804	22428
0.080284	22429
0.0802852	22430
0.0802889	22431
0.0802901	22432
0.0802937	22433
0.0802949	22434
0.0802985	22435
0.0803021	22436
0.0803057	22437
0.0803093	22438
0.0803129	22439
0.0803165	22440
0.0803201	22441
0.0803237	22442
0.0803273	22443
0.0803309	22444
0.0803345	22445
0.0803381	22446
0.0803417	22447
0.0803453	22448
0.080349	22449
0.0803526	22450
0.0803562	22451
0.0803598	22452
0.0803634	22453
0.080367	22454
0.0803706	22455
0.0803742	22456
0.0803778	22457
0.0803814	22458
0.080385	22459
0.0803886	22460
0.0803922	22461
0.0803958	22462
0.0803994	22463
0.080403	22464
0.0804067	22465
0.0804103	22466
0.0804139	22467
0.0804175	22468
0.0804211	22469
0.0804247	22470
0.0804283	22471
0.0804319	22472
0.0804355	22473
0.0804391	22474
0.0804427	22475
0.0804463	22476
0.0804499	22477
0.0804535	22478
0.0804571	22479
0.0804607	22480
0.0804643	22481
0.080468	22482
0.0804716	22483
0.0804752	22484
0.0804788	22485
0.0804824	22486
0.080486	22487
0.0804896	22488
0.0804932	22489
0.0804968	22490
0.0805004	22491
0.080504	22492
0.0805076	22493
0.0805112	22494
0.0805148	22495
0.0805184	22496
0.080522	22497
0.0805256	22498
0.0805293	22499
0.0805329	22500
0.0805353	22501
0.0805377	22502
0.0805413	22503
0.0805437	22504
0.0805461	22505
0.0805641	22506
0.0805665	22507
0.0805689	22509
0.0805713	22510
0.0805785	22511
0.0805821	22512
0.0805857	22513
0.0805894	22514
0.080593	22515
0.0805954	22516
0.080599	22517
0.0806014	22518
0.080605	22519
0.0806062	22520
0.0806098	22521
0.080611	22522
0.0806146	22523
0.0806158	22524
0.0806194	22525
0.080623	22526
0.0806266	22527
0.0806302	22528
0.0806338	22529
0.0806374	22530
0.080641	22531
0.0806446	22532
0.0806483	22533
0.0806519	22534
0.0806555	22535
0.0806591	22536
0.0806627	22537
0.0806663	22538
0.0806699	22539
0.0806735	22540
0.0806771	22541
0.0806807	22542
0.0806843	22543
0.0806879	22544
0.0806915	22545
0.0806951	22546
0.0806987	22547
0.0807023	22548
0.0807059	22549
0.0807096	22550
0.0807132	22551
0.0807168	22552
0.0807204	22553
0.080724	22554
0.0807276	22555
0.0807312	22556
0.0807348	22557
0.0807384	22558
0.080742	22559
0.0807456	22560
0.0807492	22561
0.0807528	22562
0.0807564	22563
0.08076	22564
0.0807636	22565
0.0807673	22566
0.0807709	22567
0.0807745	22568
0.0807781	22569
0.0807817	22570
0.0807853	22571
0.0807889	22572
0.0807925	22573
0.0807961	22574
0.0807997	22575
0.0808033	22576
0.0808069	22577
0.0808105	22578
0.0808141	22579
0.0808177	22580
0.0808213	22581
0.0808249	22582
0.0808286	22583
0.0808322	22584
0.0808358	22585
0.0808394	22586
0.080843	22587
0.0808466	22588
0.0808502	22589
0.0808538	22590
0.0808562	22591
0.0808586	22592
0.0808622	22593
0.0808646	22594
0.080867	22595
0.080885	22596
0.0808875	22597
0.0808899	22598
0.0808923	22599
0.0808995	22600
0.0809031	22601
0.0809067	22602
0.0809103	22603
0.0809139	22604
0.0809163	22605
0.0809199	22606
0.0809223	22607
0.0809259	22608
0.0809271	22609
0.0809307	22610
0.0809319	22611
0.0809355	22612
0.0809367	22613
0.0809403	22614
0.0809439	22615
0.0809476	22616
0.0809512	22617
0.0809548	22618
0.0809584	22619
0.080962	22620
0.0809656	22621
0.0809692	22622
0.0809728	22623
0.0809764	22624
0.08098	22625
0.0809836	22626
0.0809872	22627
0.0809908	22628
0.0809944	22630
0.080998	22631
0.0810016	22632
0.0810052	22633
0.0810089	22634
0.0810125	22635
0.0810161	22636
0.0810197	22637
0.0810233	22638
0.0810269	22639
0.0810305	22640
0.0810341	22641
0.0810377	22642
0.0810413	22643
0.0810449	22644
0.0810485	22645
0.0810521	22646
0.0810557	22647
0.0810593	22648
0.0810629	22649
0.0810665	22650
0.0810702	22651
0.0810738	22652
0.0810774	22653
0.081081	22654
0.0810846	22655
0.0810882	22656
0.0810918	22657
0.0810954	22658
0.081099	22659
0.0811026	22660
0.0811062	22661
0.0811098	22662
0.0811134	22663
0.081117	22664
0.0811206	22665
0.0811242	22666
0.0811279	22667
0.0811315	22668
0.0811351	22669
0.0811387	22670
0.0811423	22671
0.0811459	22672
0.0811495	22673
0.0811531	22674
0.0811567	22675
0.0811603	22676
0.0811639	22677
0.0811675	22678
0.0811711	22679
0.0811747	22680
0.0811771	22681
0.0811795	22682
0.0811831	22683
0.0811855	22684
0.081188	22685
0.081206	22686
0.0812084	22687
0.0812108	22688
0.0812132	22689
0.0812204	22690
0.081224	22691
0.0812276	22692
0.0812312	22693
0.0812348	22694
0.0812372	22695
0.0812408	22696
0.0812432	22697
0.0812468	22698
0.0812481	22699
0.0812517	22700
0.0812529	22701
0.0812565	22702
0.0812577	22703
0.0812613	22704
0.0812649	22705
0.0812685	22706
0.0812721	22707
0.0812757	22708
0.0812793	22709
0.0812829	22710
0.0812865	22711
0.0812901	22712
0.0812937	22713
0.0812973	22714
0.0813009	22715
0.0813045	22716
0.0813082	22717
0.0813118	22718
0.0813154	22719
0.081319	22720
0.0813226	22721
0.0813262	22722
0.0813298	22723
0.0813334	22724
0.081337	22725
0.0813406	22726
0.0813442	22727
0.0813478	22728
0.0813514	22729
0.081355	22730
0.0813586	22731
0.0813622	22732
0.0813658	22733
0.0813695	22734
0.0813731	22735
0.0813767	22736
0.0813803	22737
0.0813839	22738
0.0813875	22739
0.0813911	22740
0.0813947	22741
0.0813983	22742
0.0814019	22743
0.0814055	22744
0.0814091	22745
0.0814127	22746
0.0814163	22747
0.0814199	22748
0.0814235	22749
0.0814271	22750
0.0814308	22752
0.0814344	22753
0.081438	22754
0.0814416	22755
0.0814452	22756
0.0814488	22757
0.0814524	22758
0.081456	22759
0.0814596	22760
0.0814632	22761
0.0814668	22762
0.0814704	22763
0.081474	22764
0.0814776	22765
0.0814812	22766
0.0814848	22767
0.0814885	22768
0.0814921	22769
0.0814957	22770
0.0814981	22771
0.0815005	22772
0.0815041	22773
0.0815065	22774
0.0815089	22775
0.0815269	22776
0.0815293	22777
0.0815317	22778
0.0815341	22779
0.0815413	22780
0.0815449	22781
0.0815486	22782
0.0815522	22783
0.0815558	22784
0.0815582	22785
0.0815618	22786
0.0815642	22787
0.0815678	22788
0.081569	22789
0.0815726	22790
0.0815738	22791
0.0815774	22792
0.0815786	22793
0.0815822	22794
0.0815858	22795
0.0815894	22796
0.081593	22797
0.0815966	22798
0.0816002	22799
0.0816038	22800
0.0816074	22801
0.0816111	22802
0.0816147	22803
0.0816183	22804
0.0816219	22805
0.0816255	22806
0.0816291	22807
0.0816327	22808
0.0816363	22809
0.0816399	22810
0.0816435	22811
0.0816471	22812
0.0816507	22813
0.0816543	22814
0.0816579	22815
0.0816615	22816
0.0816651	22817
0.0816688	22818
0.0816724	22819
0.081676	22820
0.0816796	22821
0.0816832	22822
0.0816868	22823
0.0816904	22824
0.081694	22825
0.0816976	22826
0.0817012	22827
0.0817048	22828
0.0817084	22829
0.081712	22830
0.0817156	22831
0.0817192	22832
0.0817228	22833
0.0817264	22834
0.0817301	22835
0.0817337	22836
0.0817373	22837
0.0817409	22838
0.0817445	22839
0.0817481	22840
0.0817517	22841
0.0817553	22842
0.0817589	22843
0.0817625	22844
0.0817661	22845
0.0817697	22846
0.0817733	22847
0.0817769	22848
0.0817805	22849
0.0817841	22850
0.0817877	22851
0.0817914	22852
0.081795	22853
0.0817986	22854
0.0818022	22855
0.0818058	22856
0.0818094	22857
0.081813	22858
0.0818166	22859
0.081819	22860
0.0818214	22861
0.081825	22862
0.0818274	22863
0.0818298	22864
0.0818478	22865
0.0818503	22866
0.0818527	22867
0.0818551	22868
0.0818623	22869
0.0818659	22870
0.0818695	22871
0.0818731	22872
0.0818767	22874
0.0818791	22875
0.0818827	22876
0.0818851	22877
0.0818887	22878
0.0818899	22879
0.0818935	22880
0.0818947	22881
0.0818983	22882
0.0818995	22883
0.0819031	22884
0.0819067	22885
0.0819104	22886
0.081914	22887
0.0819176	22888
0.0819212	22889
0.0819248	22890
0.0819284	22891
0.081932	22892
0.0819356	22893
0.0819392	22894
0.0819428	22895
0.0819464	22896
0.08195	22897
0.0819536	22898
0.0819572	22899
0.0819608	22900
0.0819644	22901
0.081968	22902
0.0819717	22903
0.0819753	22904
0.0819789	22905
0.0819825	22906
0.0819861	22907
0.0819897	22908
0.0819933	22909
0.0819969	22910
0.0820005	22911
0.0820041	22912
0.0820077	22913
0.0820113	22914
0.0820149	22915
0.0820185	22916
0.0820221	22917
0.0820257	22918
0.0820294	22919
0.082033	22920
0.0820366	22921
0.0820402	22922
0.0820438	22923
0.0820474	22924
0.082051	22925
0.0820546	22926
0.0820582	22927
0.0820618	22928
0.0820654	22929
0.082069	22930
0.0820726	22931
0.0820762	22932
0.0820798	22933
0.0820834	22934
0.082087	22935
0.0820907	22936
0.0820943	22937
0.0820979	22938
0.0821015	22939
0.0821051	22940
0.0821087	22941
0.0821123	22942
0.0821159	22943
0.0821195	22944
0.0821231	22945
0.0821267	22946
0.0821303	22947
0.0821339	22948
0.0821375	22949
0.0821399	22950
0.0821423	22951
0.0821459	22952
0.0821483	22953
0.0821508	22954
0.0821688	22955
0.0821712	22956
0.0821736	22957
0.082176	22958
0.0821832	22959
0.0821868	22960
0.0821904	22961
0.082194	22962
0.0821976	22963
0.0822	22964
0.0822036	22965
0.082206	22966
0.0822097	22967
0.0822109	22968
0.0822145	22969
0.0822157	22970
0.0822193	22971
0.0822205	22972
0.0822241	22973
0.0822277	22974
0.0822313	22975
0.0822349	22976
0.0822385	22977
0.0822421	22978
0.0822457	22979
0.0822493	22980
0.0822529	22981
0.0822565	22982
0.0822601	22983
0.0822637	22984
0.0822673	22985
0.082271	22986
0.0822746	22987
0.0822782	22988
0.0822818	22989
0.0822854	22990
0.082289	22991
0.0822926	22992
0.0822962	22993
0.0822998	22995
0.0823034	22996
0.082307	22997
0.0823106	22998
0.0823142	22999
0.0823178	23000
0.0823214	23001
0.082325	23002
0.0823286	23003
0.0823323	23004
0.0823359	23005
0.0823395	23006
0.0823431	23007
0.0823467	23008
0.0823503	23009
0.0823539	23010
0.0823575	23011
0.0823611	23012
0.0823647	23013
0.0823683	23014
0.0823719	23015
0.0823755	23016
0.0823791	23017
0.0823827	23018
0.0823863	23019
0.08239	23020
0.0823936	23021
0.0823972	23022
0.0824008	23023
0.0824044	23024
0.082408	23025
0.0824116	23026
0.0824152	23027
0.0824188	23028
0.0824224	23029
0.082426	23030
0.0824296	23031
0.0824332	23032
0.0824368	23033
0.0824404	23034
0.082444	23035
0.0824476	23036
0.0824513	23037
0.0824549	23038
0.0824585	23039
0.0824609	23040
0.0824633	23041
0.0824669	23042
0.0824693	23043
0.0824717	23044
0.0824897	23045
0.0824921	23046
0.0824945	23047
0.0824969	23048
0.0825041	23049
0.0825077	23050
0.0825114	23051
0.082515	23052
0.0825186	23053
0.082521	23054
0.0825246	23055
0.082527	23056
0.0825306	23057
0.0825318	23058
0.0825354	23059
0.0825366	23060
0.0825402	23061
0.0825414	23062
0.082545	23063
0.0825486	23064
0.0825522	23065
0.0825558	23066
0.0825594	23067
0.082563	23068
0.0825666	23069
0.0825703	23070
0.0825739	23071
0.0825775	23072
0.0825811	23073
0.0825847	23074
0.0825883	23075
0.0825919	23076
0.0825955	23077
0.0825991	23078
0.0826027	23079
0.0826063	23080
0.0826099	23081
0.0826135	23082
0.0826171	23083
0.0826207	23084
0.0826243	23085
0.0826279	23086
0.0826316	23087
0.0826352	23088
0.0826388	23089
0.0826424	23090
0.082646	23091
0.0826496	23092
0.0826532	23093
0.0826568	23094
0.0826604	23095
0.082664	23096
0.0826676	23097
0.0826712	23098
0.0826748	23099
0.0826784	23100
0.082682	23101
0.0826856	23102
0.0826892	23103
0.0826929	23104
0.0826965	23105
0.0827001	23106
0.0827037	23107
0.0827073	23108
0.0827109	23109
0.0827145	23110
0.0827181	23111
0.0827217	23112
0.0827253	23113
0.0827289	23114
0.0827325	23115
0.0827361	23117
0.0827397	23118
0.0827433	23119
0.0827469	23120
0.0827506	23121
0.0827542	23122
0.0827578	23123
0.0827614	23124
0.082765	23125
0.0827686	23126
0.0827722	23127
0.0827758	23128
0.0827794	23129
0.0827818	23130
0.0827842	23131
0.0827878	23132
0.0827902	23133
0.0827926	23134
0.0828107	23135
0.0828131	23136
0.0828155	23137
0.0828179	23138
0.0828251	23139
0.0828287	23140
0.0828323	23141
0.0828359	23142
0.0828395	23143
0.0828419	23144
0.0828455	23145
0.0828479	23146
0.0828515	23147
0.0828527	23148
0.0828563	23149
0.0828575	23150
0.0828611	23151
0.0828623	23152
0.0828659	23153
0.0828695	23154
0.0828732	23155
0.0828768	23156
0.0828804	23157
0.082884	23158
0.0828876	23159
0.0828912	23160
0.0828948	23161
0.0828984	23162
0.082902	23163
0.0829056	23164
0.0829092	23165
0.0829128	23166
0.0829164	23167
0.08292	23168
0.0829236	23169
0.0829272	23170
0.0829309	23171
0.0829345	23172
0.0829381	23173
0.0829417	23174
0.0829453	23175
0.0829489	23176
0.0829525	23177
0.0829561	23178
0.0829597	23179
0.0829633	23180
0.0829669	23181
0.0829705	23182
0.0829741	23183
0.0829777	23184
0.0829813	23185
0.0829849	23186
0.0829885	23187
0.0829922	23188
0.0829958	23189
0.0829994	23190
0.083003	23191
0.0830066	23192
0.0830102	23193
0.0830138	23194
0.0830174	23195
0.083021	23196
0.0830246	23197
0.0830282	23198
0.0830318	23199
0.0830354	23200
0.083039	23201
0.0830426	23202
0.0830462	23203
0.0830498	23204
0.0830535	23205
0.0830571	23206
0.0830607	23207
0.0830643	23208
0.0830679	23209
0.0830715	23210
0.0830751	23211
0.0830787	23212
0.0830823	23213
0.0830859	23214
0.0830895	23215
0.0830931	23216
0.0830967	23217
0.0831003	23218
0.0831027	23219
0.0831051	23220
0.0831087	23221
0.0831112	23222
0.0831136	23223
0.0831316	23224
0.083134	23225
0.0831364	23226
0.0831388	23227
0.083146	23228
0.0831496	23229
0.0831532	23230
0.0831568	23231
0.0831604	23232
0.0831628	23233
0.0831664	23234
0.0831688	23235
0.0831725	23236
0.0831737	23237
0.0831773	23239
0.0831785	23240
0.0831821	23241
0.0831833	23242
0.0831869	23243
0.0831905	23244
0.0831941	23245
0.0831977	23246
0.0832013	23247
0.0832049	23248
0.0832085	23249
0.0832121	23250
0.0832157	23251
0.0832193	23252
0.0832229	23253
0.0832265	23254
0.0832301	23255
0.0832338	23256
0.0832374	23257
0.083241	23258
0.0832446	23259
0.0832482	23260
0.0832518	23261
0.0832554	23262
0.083259	23263
0.0832626	23264
0.0832662	23265
0.0832698	23266
0.0832734	23267
0.083277	23268
0.0832806	23269
0.0832842	23270
0.0832878	23271
0.0832915	23272
0.0832951	23273
0.0832987	23274
0.0833023	23275
0.0833059	23276
0.0833095	23277
0.0833131	23278
0.0833167	23279
0.0833203	23280
0.0833239	23281
0.0833275	23282
0.0833311	23283
0.0833347	23284
0.0833383	23285
0.0833419	23286
0.0833455	23287
0.0833491	23288
0.0833528	23289
0.0833564	23290
0.08336	23291
0.0833636	23292
0.0833672	23293
0.0833708	23294
0.0833744	23295
0.083378	23296
0.0833816	23297
0.0833852	23298
0.0833888	23299
0.0833924	23300
0.083396	23301
0.0833996	23302
0.0834032	23303
0.0834068	23304
0.0834104	23305
0.0834141	23306
0.0834177	23307
0.0834213	23308
0.0834237	23309
0.0834261	23310
0.0834297	23311
0.0834321	23312
0.0834345	23313
0.0834525	23314
0.0834549	23315
0.0834573	23316
0.0834597	23317
0.0834669	23318
0.0834705	23319
0.0834742	23320
0.0834778	23321
0.0834814	23322
0.0834838	23323
0.0834874	23324
0.0834898	23325
0.0834934	23326
0.0834946	23327
0.0834982	23328
0.0834994	23329
0.083503	23330
0.0835042	23331
0.0835078	23332
0.0835114	23333
0.083515	23334
0.0835186	23335
0.0835222	23336
0.0835258	23337
0.0835294	23338
0.0835331	23339
0.0835367	23340
0.0835403	23341
0.0835439	23342
0.0835475	23343
0.0835511	23344
0.0835547	23345
0.0835583	23346
0.0835619	23347
0.0835655	23348
0.0835691	23349
0.0835727	23350
0.0835763	23351
0.0835799	23352
0.0835835	23353
0.0835871	23354
0.0835907	23355
0.0835944	23356
0.083598	23357
0.0836016	23358
0.0836052	23360
0.0836088	23361
0.0836124	23362
0.083616	23363
0.0836196	23364
0.0836232	23365
0.0836268	23366
0.0836304	23367
0.083634	23368
0.0836376	23369
0.0836412	23370
0.0836448	23371
0.0836484	23372
0.0836521	23373
0.0836557	23374
0.0836593	23375
0.0836629	23376
0.0836665	23377
0.0836701	23378
0.0836737	23379
0.0836773	23380
0.0836809	23381
0.0836845	23382
0.0836881	23383
0.0836917	23384
0.0836953	23385
0.0836989	23386
0.0837025	23387
0.0837061	23388
0.0837097	23389
0.0837134	23390
0.083717	23391
0.0837206	23392
0.0837242	23393
0.0837278	23394
0.0837314	23395
0.083735	23396
0.0837386	23397
0.0837422	23398
0.0837446	23399
0.083747	23400
0.0837506	23401
0.083753	23402
0.0837554	23403
0.0837735	23404
0.0837759	23405
0.0837783	23406
0.0837807	23407
0.0837879	23408
0.0837915	23409
0.0837951	23410
0.0837987	23411
0.0838023	23412
0.0838047	23413
0.0838083	23414
0.0838107	23415
0.0838143	23416
0.0838155	23417
0.0838191	23418
0.0838203	23419
0.0838239	23420
0.0838251	23421
0.0838287	23422
0.0838324	23423
0.083836	23424
0.0838396	23425
0.0838432	23426
0.0838468	23427
0.0838504	23428
0.083854	23429
0.0838576	23430
0.0838612	23431
0.0838648	23432
0.0838684	23433
0.083872	23434
0.0838756	23435
0.0838792	23436
0.0838828	23437
0.0838864	23438
0.08389	23439
0.0838937	23440
0.0838973	23441
0.0839009	23442
0.0839045	23443
0.0839081	23444
0.0839117	23445
0.0839153	23446
0.0839189	23447
0.0839225	23448
0.0839261	23449
0.0839297	23450
0.0839333	23451
0.0839369	23452
0.0839405	23453
0.0839441	23454
0.0839477	23455
0.0839513	23456
0.083955	23457
0.0839586	23458
0.0839622	23459
0.0839658	23460
0.0839694	23461
0.083973	23462
0.0839766	23463
0.0839802	23464
0.0839838	23465
0.0839874	23466
0.083991	23467
0.0839946	23468
0.0839982	23469
0.0840018	23470
0.0840054	23471
0.084009	23472
0.0840127	23473
0.0840163	23474
0.0840199	23475
0.0840235	23476
0.0840271	23477
0.0840307	23478
0.0840343	23479
0.0840379	23480
0.0840415	23482
0.0840451	23483
0.0840487	23484
0.0840523	23485
0.0840559	23486
0.0840595	23487
0.0840631	23488
0.0840655	23489
0.0840679	23490
0.0840715	23491
0.084074	23492
0.0840764	23493
0.0840944	23494
0.0840968	23495
0.0840992	23496
0.0841016	23497
0.0841088	23498
0.0841124	23499
0.084116	23500
0.0841196	23501
0.0841232	23502
0.0841256	23503
0.0841292	23504
0.0841316	23505
0.0841353	23506
0.0841365	23507
0.0841401	23508
0.0841413	23509
0.0841449	23510
0.0841461	23511
0.0841497	23512
0.0841533	23513
0.0841569	23514
0.0841605	23515
0.0841641	23516
0.0841677	23517
0.0841713	23518
0.0841749	23519
0.0841785	23520
0.0841821	23521
0.0841857	23522
0.0841893	23523
0.084193	23524
0.0841966	23525
0.0842002	23526
0.0842038	23527
0.0842074	23528
0.084211	23529
0.0842146	23530
0.0842182	23531
0.0842218	23532
0.0842254	23533
0.084229	23534
0.0842326	23535
0.0842362	23536
0.0842398	23537
0.0842434	23538
0.084247	23539
0.0842506	23540
0.0842543	23541
0.0842579	23542
0.0842615	23543
0.0842651	23544
0.0842687	23545
0.0842723	23546
0.0842759	23547
0.0842795	23548
0.0842831	23549
0.0842867	23550
0.0842903	23551
0.0842939	23552
0.0842975	23553
0.0843011	23554
0.0843047	23555
0.0843083	23556
0.0843119	23557
0.0843156	23558
0.0843192	23559
0.0843228	23560
0.0843264	23561
0.08433	23562
0.0843336	23563
0.0843372	23564
0.0843408	23565
0.0843444	23566
0.084348	23567
0.0843516	23568
0.0843552	23569
0.0843588	23570
0.0843624	23571
0.084366	23572
0.0843696	23573
0.0843733	23574
0.0843769	23575
0.0843805	23576
0.0843841	23577
0.0843865	23578
0.0843889	23579
0.0843925	23580
0.0843949	23581
0.0843973	23582
0.0844153	23583
0.0844177	23584
0.0844201	23585
0.0844225	23586
0.0844297	23587
0.0844334	23588
0.084437	23589
0.0844406	23590
0.0844442	23591
0.0844466	23592
0.0844502	23593
0.0844526	23594
0.0844562	23595
0.0844574	23596
0.084461	23597
0.0844622	23598
0.0844658	23599
0.084467	23600
0.0844706	23601
0.0844742	23602
0.0844778	23604
0.0844814	23605
0.084485	23606
0.0844886	23607
0.0844922	23608
0.0844959	23609
0.0844995	23610
0.0845031	23611
0.0845067	23612
0.0845103	23613
0.0845139	23614
0.0845175	23615
0.0845211	23616
0.0845247	23617
0.0845283	23618
0.0845319	23619
0.0845355	23620
0.0845391	23621
0.0845427	23622
0.0845463	23623
0.0845499	23624
0.0845536	23625
0.0845572	23626
0.0845608	23627
0.0845644	23628
0.084568	23629
0.0845716	23630
0.0845752	23631
0.0845788	23632
0.0845824	23633
0.084586	23634
0.0845896	23635
0.0845932	23636
0.0845968	23637
0.0846004	23638
0.084604	23639
0.0846076	23640
0.0846112	23641
0.0846149	23642
0.0846185	23643
0.0846221	23644
0.0846257	23645
0.0846293	23646
0.0846329	23647
0.0846365	23648
0.0846401	23649
0.0846437	23650
0.0846473	23651
0.0846509	23652
0.0846545	23653
0.0846581	23654
0.0846617	23655
0.0846653	23656
0.0846689	23657
0.0846725	23658
0.0846762	23659
0.0846798	23660
0.0846834	23661
0.084687	23662
0.0846906	23663
0.0846942	23664
0.0846978	23665
0.0847014	23666
0.084705	23667
0.0847074	23668
0.0847098	23669
0.0847134	23670
0.0847158	23671
0.0847182	23672
0.0847363	23673
0.0847387	23674
0.0847411	23675
0.0847435	23676
0.0847507	23677
0.0847543	23678
0.0847579	23679
0.0847615	23680
0.0847651	23681
0.0847675	23682
0.0847711	23683
0.0847735	23684
0.0847771	23685
0.0847783	23686
0.0847819	23687
0.0847831	23688
0.0847867	23689
0.0847879	23690
0.0847915	23691
0.0847952	23692
0.0847988	23693
0.0848024	23694
0.084806	23695
0.0848096	23696
0.0848132	23697
0.0848168	23698
0.0848204	23699
0.084824	23700
0.0848276	23701
0.0848312	23702
0.0848348	23703
0.0848384	23704
0.084842	23705
0.0848456	23706
0.0848492	23707
0.0848528	23708
0.0848565	23709
0.0848601	23710
0.0848637	23711
0.0848673	23712
0.0848709	23713
0.0848745	23714
0.0848781	23715
0.0848817	23716
0.0848853	23717
0.0848889	23718
0.0848925	23719
0.0848961	23720
0.0848997	23721
0.0849033	23722
0.0849069	23723
0.0849105	23725
0.0849142	23726
0.0849178	23727
0.0849214	23728
0.084925	23729
0.0849286	23730
0.0849322	23731
0.0849358	23732
0.0849394	23733
0.084943	23734
0.0849466	23735
0.0849502	23736
0.0849538	23737
0.0849574	23738
0.084961	23739
0.0849646	23740
0.0849682	23741
0.0849718	23742
0.0849755	23743
0.0849791	23744
0.0849827	23745
0.0849863	23746
0.0849899	23747
0.0849935	23748
0.0849971	23749
0.0850007	23750
0.0850043	23751
0.0850079	23752
0.0850115	23753
0.0850151	23754
0.0850187	23755
0.0850223	23756
0.0850259	23757
0.0850283	23758
0.0850307	23759
0.0850344	23760
0.0850368	23761
0.0850392	23762
0.0850572	23763
0.0850596	23764
0.085062	23765
0.0850644	23766
0.0850716	23767
0.0850752	23768
0.0850788	23769
0.0850824	23770
0.085086	23771
0.0850884	23772
0.085092	23773
0.0850945	23774
0.0850981	23775
0.0850993	23776
0.0851029	23777
0.0851041	23778
0.0851077	23779
0.0851089	23780
0.0851125	23781
0.0851161	23782
0.0851197	23783
0.0851233	23784
0.0851269	23785
0.0851305	23786
0.0851341	23787
0.0851377	23788
0.0851413	23789
0.0851449	23790
0.0851485	23791
0.0851521	23792
0.0851558	23793
0.0851594	23794
0.085163	23795
0.0851666	23796
0.0851702	23797
0.0851738	23798
0.0851774	23799
0.085181	23800
0.0851846	23801
0.0851882	23802
0.0851918	23803
0.0851954	23804
0.085199	23805
0.0852026	23806
0.0852062	23807
0.0852098	23808
0.0852134	23809
0.0852171	23810
0.0852207	23811
0.0852243	23812
0.0852279	23813
0.0852315	23814
0.0852351	23815
0.0852387	23816
0.0852423	23817
0.0852459	23818
0.0852495	23819
0.0852531	23820
0.0852567	23821
0.0852603	23822
0.0852639	23823
0.0852675	23824
0.0852711	23825
0.0852748	23826
0.0852784	23827
0.085282	23828
0.0852856	23829
0.0852892	23830
0.0852928	23831
0.0852964	23832
0.0853	23833
0.0853036	23834
0.0853072	23835
0.0853108	23836
0.0853144	23837
0.085318	23838
0.0853216	23839
0.0853252	23840
0.0853288	23841
0.0853324	23842
0.0853361	23843
0.0853397	23844
0.0853433	23845
0.0853469	23847
0.0853493	23848
0.0853517	23849
0.0853553	23850
0.0853577	23851
0.0853601	23852
0.0853781	23853
0.0853805	23854
0.0853829	23855
0.0853853	23856
0.0853925	23857
0.0853962	23858
0.0853998	23859
0.0854034	23860
0.085407	23861
0.0854094	23862
0.085413	23863
0.0854154	23864
0.085419	23865
0.0854202	23866
0.0854238	23867
0.085425	23868
0.0854286	23869
0.0854298	23870
0.0854334	23871
0.085437	23872
0.0854406	23873
0.0854442	23874
0.0854478	23875
0.0854514	23876
0.0854551	23877
0.0854587	23878
0.0854623	23879
0.0854659	23880
0.0854695	23881
0.0854731	23882
0.0854767	23883
0.0854803	23884
0.0854839	23885
0.0854875	23886
0.0854911	23887
0.0854947	23888
0.0854983	23889
0.0855019	23890
0.0855055	23891
0.0855091	23892
0.0855127	23893
0.0855164	23894
0.08552	23895
0.0855236	23896
0.0855272	23897
0.0855308	23898
0.0855344	23899
0.085538	23900
0.0855416	23901
0.0855452	23902
0.0855488	23903
0.0855524	23904
0.085556	23905
0.0855596	23906
0.0855632	23907
0.0855668	23908
0.0855704	23909
0.085574	23910
0.0855777	23911
0.0855813	23912
0.0855849	23913
0.0855885	23914
0.0855921	23915
0.0855957	23916
0.0855993	23917
0.0856029	23918
0.0856065	23919
0.0856101	23920
0.0856137	23921
0.0856173	23922
0.0856209	23923
0.0856245	23924
0.0856281	23925
0.0856317	23926
0.0856354	23927
0.085639	23928
0.0856426	23929
0.0856462	23930
0.0856498	23931
0.0856534	23932
0.085657	23933
0.0856606	23934
0.0856642	23935
0.0856678	23936
0.0856702	23937
0.0856726	23938
0.0856762	23939
0.0856786	23940
0.085681	23941
0.0856991	23942
0.0857015	23943
0.0857039	23944
0.0857063	23945
0.0857135	23946
0.0857171	23947
0.0857207	23948
0.0857243	23949
0.0857279	23950
0.0857303	23951
0.0857339	23952
0.0857363	23953
0.0857399	23954
0.0857411	23955
0.0857447	23956
0.0857459	23957
0.0857495	23958
0.0857507	23959
0.0857543	23960
0.085758	23961
0.0857616	23962
0.0857652	23963
0.0857688	23964
0.0857724	23965
0.085776	23966
0.0857796	23967
0.0857832	23969
0.0857868	23970
0.0857904	23971
0.085794	23972
0.0857976	23973
0.0858012	23974
0.0858048	23975
0.0858084	23976
0.085812	23977
0.0858157	23978
0.0858193	23979
0.0858229	23980
0.0858265	23981
0.0858301	23982
0.0858337	23983
0.0858373	23984
0.0858409	23985
0.0858445	23986
0.0858481	23987
0.0858517	23988
0.0858553	23989
0.0858589	23990
0.0858625	23991
0.0858661	23992
0.0858697	23993
0.0858733	23994
0.085877	23995
0.0858806	23996
0.0858842	23997
0.0858878	23998
0.0858914	23999
0.085895	24000
0.0858986	24001
0.0859022	24002
0.0859058	24003
0.0859094	24004
0.085913	24005
0.0859166	24006
0.0859202	24007
0.0859238	24008
0.0859274	24009
0.085931	24010
0.0859346	24011
0.0859383	24012
0.0859419	24013
0.0859455	24014
0.0859491	24015
0.0859527	24016
0.0859563	24017
0.0859599	24018
0.0859635	24019
0.0859671	24020
0.0859707	24021
0.0859743	24022
0.0859779	24023
0.0859815	24024
0.0859851	24025
0.0859887	24026
0.0859911	24027
0.0859935	24028
0.0859972	24029
0.0859996	24030
0.086002	24031
0.08602	24032
0.0860224	24033
0.0860248	24034
0.0860272	24035
0.0860344	24036
0.086038	24037
0.0860416	24038
0.0860452	24039
0.0860488	24040
0.0860512	24041
0.0860548	24042
0.0860573	24043
0.0860609	24044
0.0860621	24045
0.0860657	24046
0.0860669	24047
0.0860705	24048
0.0860717	24049
0.0860753	24050
0.0860789	24051
0.0860825	24052
0.0860861	24053
0.0860897	24054
0.0860933	24055
0.0860969	24056
0.0861005	24057
0.0861041	24058
0.0861077	24059
0.0861113	24060
0.0861149	24061
0.0861186	24062
0.0861222	24063
0.0861258	24064
0.0861294	24065
0.086133	24066
0.0861366	24067
0.0861402	24068
0.0861438	24069
0.0861474	24070
0.086151	24071
0.0861546	24072
0.0861582	24073
0.0861618	24074
0.0861654	24075
0.086169	24076
0.0861726	24077
0.0861763	24078
0.0861799	24079
0.0861835	24080
0.0861871	24081
0.0861907	24082
0.0861943	24083
0.0861979	24084
0.0862015	24085
0.0862051	24086
0.0862087	24087
0.0862123	24088
0.0862159	24090
0.0862195	24091
0.0862231	24092
0.0862267	24093
0.0862303	24094
0.0862339	24095
0.0862376	24096
0.0862412	24097
0.0862448	24098
0.0862484	24099
0.086252	24100
0.0862556	24101
0.0862592	24102
0.0862628	24103
0.0862664	24104
0.08627	24105
0.0862736	24106
0.0862772	24107
0.0862808	24108
0.0862844	24109
0.086288	24110
0.0862916	24111
0.0862952	24112
0.0862989	24113
0.0863025	24114
0.0863061	24115
0.0863097	24116
0.0863121	24117
0.0863145	24118
0.0863181	24119
0.0863205	24120
0.0863229	24121
0.0863409	24122
0.0863433	24123
0.0863457	24124
0.0863481	24125
0.0863553	24126
0.086359	24127
0.0863626	24128
0.0863662	24129
0.0863698	24130
0.0863722	24131
0.0863758	24132
0.0863782	24133
0.0863818	24134
0.086383	24135
0.0863866	24136
0.0863878	24137
0.0863914	24138
0.0863926	24139
0.0863962	24140
0.0863998	24141
0.0864034	24142
0.086407	24143
0.0864106	24144
0.0864142	24145
0.0864179	24146
0.0864215	24147
0.0864251	24148
0.0864287	24149
0.0864323	24150
0.0864359	24151
0.0864395	24152
0.0864431	24153
0.0864467	24154
0.0864503	24155
0.0864539	24156
0.0864575	24157
0.0864611	24158
0.0864647	24159
0.0864683	24160
0.0864719	24161
0.0864755	24162
0.0864792	24163
0.0864828	24164
0.0864864	24165
0.08649	24166
0.0864936	24167
0.0864972	24168
0.0865008	24169
0.0865044	24170
0.086508	24171
0.0865116	24172
0.0865152	24173
0.0865188	24174
0.0865224	24175
0.086526	24176
0.0865296	24177
0.0865332	24178
0.0865369	24179
0.0865405	24180
0.0865441	24181
0.0865477	24182
0.0865513	24183
0.0865549	24184
0.0865585	24185
0.0865621	24186
0.0865657	24187
0.0865693	24188
0.0865729	24189
0.0865765	24190
0.0865801	24191
0.0865837	24192
0.0865873	24193
0.0865909	24194
0.0865945	24195
0.0865982	24196
0.0866018	24197
0.0866054	24198
0.086609	24199
0.0866126	24200
0.0866162	24201
0.0866198	24202
0.0866234	24203
0.086627	24204
0.0866306	24205
0.086633	24206
0.0866354	24207
0.086639	24208
0.0866414	24209
0.0866438	24210
0.0866619	24212
0.0866643	24213
0.0866667	24214
0.0866691	24215
0.0866763	24216
0.0866799	24217
0.0866835	24218
0.0866871	24219
0.0866907	24220
0.0866931	24221
0.0866967	24222
0.0866991	24223
0.0867027	24224
0.0867039	24225
0.0867075	24226
0.0867087	24227
0.0867123	24228
0.0867135	24229
0.0867172	24230
0.0867208	24231
0.0867244	24232
0.086728	24233
0.0867316	24234
0.0867352	24235
0.0867388	24236
0.0867424	24237
0.086746	24238
0.0867496	24239
0.0867532	24240
0.0867568	24241
0.0867604	24242
0.086764	24243
0.0867676	24244
0.0867712	24245
0.0867748	24246
0.0867785	24247
0.0867821	24248
0.0867857	24249
0.0867893	24250
0.0867929	24251
0.0867965	24252
0.0868001	24253
0.0868037	24254
0.0868073	24255
0.0868109	24256
0.0868145	24257
0.0868181	24258
0.0868217	24259
0.0868253	24260
0.0868289	24261
0.0868325	24262
0.0868361	24263
0.0868398	24264
0.0868434	24265
0.086847	24266
0.0868506	24267
0.0868542	24268
0.0868578	24269
0.0868614	24270
0.086865	24271
0.0868686	24272
0.0868722	24273
0.0868758	24274
0.0868794	24275
0.086883	24276
0.0868866	24277
0.0868902	24278
0.0868938	24279
0.0868975	24280
0.0869011	24281
0.0869047	24282
0.0869083	24283
0.0869119	24284
0.0869155	24285
0.0869191	24286
0.0869227	24287
0.0869263	24288
0.0869299	24289
0.0869335	24290
0.0869371	24291
0.0869407	24292
0.0869443	24293
0.0869479	24294
0.0869515	24295
0.0869539	24296
0.0869563	24297
0.08696	24298
0.0869624	24299
0.0869648	24300
0.0869828	24301
0.0869852	24302
0.0869876	24303
0.08699	24304
0.0869972	24305
0.0870008	24306
0.0870044	24307
0.087008	24308
0.0870116	24309
0.087014	24310
0.0870177	24311
0.0870201	24312
0.0870237	24313
0.0870249	24314
0.0870285	24315
0.0870297	24316
0.0870333	24317
0.0870345	24318
0.0870381	24319
0.0870417	24320
0.0870453	24321
0.0870489	24322
0.0870525	24323
0.0870561	24324
0.0870597	24325
0.0870633	24326
0.0870669	24327
0.0870705	24328
0.0870741	24329
0.0870778	24330
0.0870814	24331
0.087085	24332
0.0870886	24334
0.0870922	24335
0.0870958	24336
0.0870994	24337
0.087103	24338
0.0871066	24339
0.0871102	24340
0.0871138	24341
0.0871174	24342
0.087121	24343
0.0871246	24344
0.0871282	24345
0.0871318	24346
0.0871354	24347
0.0871391	24348
0.0871427	24349
0.0871463	24350
0.0871499	24351
0.0871535	24352
0.0871571	24353
0.0871607	24354
0.0871643	24355
0.0871679	24356
0.0871715	24357
0.0871751	24358
0.0871787	24359
0.0871823	24360
0.0871859	24361
0.0871895	24362
0.0871931	24363
0.0871967	24364
0.0872004	24365
0.087204	24366
0.0872076	24367
0.0872112	24368
0.0872148	24369
0.0872184	24370
0.087222	24371
0.0872256	24372
0.0872292	24373
0.0872328	24374
0.0872364	24375
0.08724	24376
0.0872436	24377
0.0872472	24378
0.0872508	24379
0.0872544	24380
0.0872581	24381
0.0872617	24382
0.0872653	24383
0.0872689	24384
0.0872725	24385
0.0872749	24386
0.0872773	24387
0.0872809	24388
0.0872833	24389
0.0872857	24390
0.0873037	24391
0.0873061	24392
0.0873085	24393
0.0873109	24394
0.0873182	24395
0.0873218	24396
0.0873254	24397
0.087329	24398
0.0873326	24399
0.087335	24400
0.0873386	24401
0.087341	24402
0.0873446	24403
0.0873458	24404
0.0873494	24405
0.0873506	24406
0.0873542	24407
0.0873554	24408
0.087359	24409
0.0873626	24410
0.0873662	24411
0.0873698	24412
0.0873734	24413
0.087377	24414
0.0873807	24415
0.0873843	24416
0.0873879	24417
0.0873915	24418
0.0873951	24419
0.0873987	24420
0.0874023	24421
0.0874059	24422
0.0874095	24423
0.0874131	24424
0.0874167	24425
0.0874203	24426
0.0874239	24427
0.0874275	24428
0.0874311	24429
0.0874347	24430
0.0874384	24431
0.087442	24432
0.0874456	24433
0.0874492	24434
0.0874528	24435
0.0874564	24436
0.08746	24437
0.0874636	24438
0.0874672	24439
0.0874708	24440
0.0874744	24441
0.087478	24442
0.0874816	24443
0.0874852	24444
0.0874888	24445
0.0874924	24446
0.087496	24447
0.0874997	24448
0.0875033	24449
0.0875069	24450
0.0875105	24451
0.0875141	24452
0.0875177	24453
0.0875213	24455
0.0875249	24456
0.0875285	24457
0.0875321	24458
0.0875357	24459
0.0875393	24460
0.0875429	24461
0.0875465	24462
0.0875501	24463
0.0875537	24464
0.0875573	24465
0.087561	24466
0.0875646	24467
0.0875682	24468
0.0875718	24469
0.0875754	24470
0.087579	24471
0.0875826	24472
0.0875862	24473
0.0875898	24474
0.0875934	24475
0.0875958	24476
0.0875982	24477
0.0876018	24478
0.0876042	24479
0.0876066	24480
0.0876247	24481
0.0876271	24482
0.0876295	24483
0.0876319	24484
0.0876391	24485
0.0876427	24486
0.0876463	24487
0.0876499	24488
0.0876535	24489
0.0876559	24490
0.0876595	24491
0.0876619	24492
0.0876655	24493
0.0876667	24494
0.0876703	24495
0.0876715	24496
0.0876751	24497
0.0876763	24498
0.08768	24499
0.0876836	24500
0.0876872	24501
0.0876908	24502
0.0876944	24503
0.087698	24504
0.0877016	24505
0.0877052	24506
0.0877088	24507
0.0877124	24508
0.087716	24509
0.0877196	24510
0.0877232	24511
0.0877268	24512
0.0877304	24513
0.087734	24514
0.0877376	24515
0.0877413	24516
0.0877449	24517
0.0877485	24518
0.0877521	24519
0.0877557	24520
0.0877593	24521
0.0877629	24522
0.0877665	24523
0.0877701	24524
0.0877737	24525
0.0877773	24526
0.0877809	24527
0.0877845	24528
0.0877881	24529
0.0877917	24530
0.0877953	24531
0.087799	24532
0.0878026	24533
0.0878062	24534
0.0878098	24535
0.0878134	24536
0.087817	24537
0.0878206	24538
0.0878242	24539
0.0878278	24540
0.0878314	24541
0.087835	24542
0.0878386	24543
0.0878422	24544
0.0878458	24545
0.0878494	24546
0.087853	24547
0.0878566	24548
0.0878603	24549
0.0878639	24550
0.0878675	24551
0.0878711	24552
0.0878747	24553
0.0878783	24554
0.0878819	24555
0.0878855	24556
0.0878891	24557
0.0878927	24558
0.0878963	24559
0.0878999	24560
0.0879035	24561
0.0879071	24562
0.0879107	24563
0.0879143	24564
0.0879167	24565
0.0879192	24566
0.0879228	24567
0.0879252	24568
0.0879276	24569
0.0879456	24570
0.087948	24571
0.0879504	24572
0.0879528	24573
0.08796	24574
0.0879636	24575
0.0879672	24577
0.0879708	24578
0.0879744	24579
0.0879768	24580
0.0879805	24581
0.0879829	24582
0.0879865	24583
0.0879877	24584
0.0879913	24585
0.0879925	24586
0.0879961	24587
0.0879973	24588
0.0880009	24589
0.0880045	24590
0.0880081	24591
0.0880117	24592
0.0880153	24593
0.0880189	24594
0.0880225	24595
0.0880261	24596
0.0880297	24597
0.0880333	24598
0.0880369	24599
0.0880406	24600
0.0880442	24601
0.0880478	24602
0.0880514	24603
0.088055	24604
0.0880586	24605
0.0880622	24606
0.0880658	24607
0.0880694	24608
0.088073	24609
0.0880766	24610
0.0880802	24611
0.0880838	24612
0.0880874	24613
0.088091	24614
0.0880946	24615
0.0880982	24616
0.0881019	24617
0.0881055	24618
0.0881091	24619
0.0881127	24620
0.0881163	24621
0.0881199	24622
0.0881235	24623
0.0881271	24624
0.0881307	24625
0.0881343	24626
0.0881379	24627
0.0881415	24628
0.0881451	24629
0.0881487	24630
0.0881523	24631
0.0881559	24632
0.0881596	24633
0.0881632	24634
0.0881668	24635
0.0881704	24636
0.088174	24637
0.0881776	24638
0.0881812	24639
0.0881848	24640
0.0881884	24641
0.088192	24642
0.0881956	24643
0.0881992	24644
0.0882028	24645
0.0882064	24646
0.08821	24647
0.0882136	24648
0.0882172	24649
0.0882209	24650
0.0882245	24651
0.0882281	24652
0.0882317	24653
0.0882353	24654
0.0882377	24655
0.0882401	24656
0.0882437	24657
0.0882461	24658
0.0882485	24659
0.0882665	24660
0.0882689	24661
0.0882713	24662
0.0882737	24663
0.088281	24664
0.0882846	24665
0.0882882	24666
0.0882918	24667
0.0882954	24668
0.0882978	24669
0.0883014	24670
0.0883038	24671
0.0883074	24672
0.0883086	24673
0.0883122	24674
0.0883134	24675
0.088317	24676
0.0883182	24677
0.0883218	24678
0.0883254	24679
0.088329	24680
0.0883326	24681
0.0883362	24682
0.0883399	24683
0.0883435	24684
0.0883471	24685
0.0883507	24686
0.0883543	24687
0.0883579	24688
0.0883615	24689
0.0883651	24690
0.0883687	24691
0.0883723	24692
0.0883759	24693
0.0883795	24694
0.0883831	24695
0.0883867	24696
0.0883903	24697
0.0883939	24699
0.0883975	24700
0.0884012	24701
0.0884048	24702
0.0884084	24703
0.088412	24704
0.0884156	24705
0.0884192	24706
0.0884228	24707
0.0884264	24708
0.08843	24709
0.0884336	24710
0.0884372	24711
0.0884408	24712
0.0884444	24713
0.088448	24714
0.0884516	24715
0.0884552	24716
0.0884588	24717
0.0884625	24718
0.0884661	24719
0.0884697	24720
0.0884733	24721
0.0884769	24722
0.0884805	24723
0.0884841	24724
0.0884877	24725
0.0884913	24726
0.0884949	24727
0.0884985	24728
0.0885021	24729
0.0885057	24730
0.0885093	24731
0.0885129	24732
0.0885165	24733
0.0885202	24734
0.0885238	24735
0.0885274	24736
0.088531	24737
0.0885346	24738
0.0885382	24739
0.0885418	24740
0.0885454	24741
0.088549	24742
0.0885526	24743
0.0885562	24744
0.0885586	24745
0.088561	24746
0.0885646	24747
0.088567	24748
0.0885694	24749
0.0885875	24750
0.0885899	24751
0.0885923	24752
0.0885947	24753
0.0886019	24754
0.0886055	24755
0.0886091	24756
0.0886127	24757
0.0886163	24758
0.0886187	24759
0.0886223	24760
0.0886247	24761
0.0886283	24762
0.0886295	24763
0.0886331	24764
0.0886343	24765
0.0886379	24766
0.0886391	24767
0.0886428	24768
0.0886464	24769
0.08865	24770
0.0886536	24771
0.0886572	24772
0.0886608	24773
0.0886644	24774
0.088668	24775
0.0886716	24776
0.0886752	24777
0.0886788	24778
0.0886824	24779
0.088686	24780
0.0886896	24781
0.0886932	24782
0.0886968	24783
0.0887005	24784
0.0887041	24785
0.0887077	24786
0.0887113	24787
0.0887149	24788
0.0887185	24789
0.0887221	24790
0.0887257	24791
0.0887293	24792
0.0887329	24793
0.0887365	24794
0.0887401	24795
0.0887437	24796
0.0887473	24797
0.0887509	24798
0.0887545	24799
0.0887581	24800
0.0887618	24801
0.0887654	24802
0.088769	24803
0.0887726	24804
0.0887762	24805
0.0887798	24806
0.0887834	24807
0.088787	24808
0.0887906	24809
0.0887942	24810
0.0887978	24811
0.0888014	24812
0.088805	24813
0.0888086	24814
0.0888122	24815
0.0888158	24816
0.0888194	24817
0.0888231	24818
0.0888267	24820
0.0888303	24821
0.0888339	24822
0.0888375	24823
0.0888411	24824
0.0888447	24825
0.0888483	24826
0.0888519	24827
0.0888555	24828
0.0888591	24829
0.0888627	24830
0.0888663	24831
0.0888699	24832
0.0888735	24833
0.0888771	24834
0.0888795	24835
0.088882	24836
0.0888856	24837
0.088888	24838
0.0888904	24839
0.0889084	24840
0.0889108	24841
0.0889132	24842
0.0889156	24843
0.0889228	24844
0.0889264	24845
0.08893	24846
0.0889336	24847
0.0889372	24848
0.0889396	24849
0.0889433	24850
0.0889457	24851
0.0889493	24852
0.0889505	24853
0.0889541	24854
0.0889553	24855
0.0889589	24856
0.0889601	24857
0.0889637	24858
0.0889673	24859
0.0889709	24860
0.0889745	24861
0.0889781	24862
0.0889817	24863
0.0889853	24864
0.0889889	24865
0.0889925	24866
0.0889961	24867
0.0889997	24868
0.0890034	24869
0.089007	24870
0.0890106	24871
0.0890142	24872
0.0890178	24873
0.0890214	24874
0.089025	24875
0.0890286	24876
0.0890322	24877
0.0890358	24878
0.0890394	24879
0.089043	24880
0.0890466	24881
0.0890502	24882
0.0890538	24883
0.0890574	24884
0.0890611	24885
0.0890647	24886
0.0890683	24887
0.0890719	24888
0.0890755	24889
0.0890791	24890
0.0890827	24891
0.0890863	24892
0.0890899	24893
0.0890935	24894
0.0890971	24895
0.0891007	24896
0.0891043	24897
0.0891079	24898
0.0891115	24899
0.0891151	24900
0.0891187	24901
0.0891224	24902
0.089126	24903
0.0891296	24904
0.0891332	24905
0.0891368	24906
0.0891404	24907
0.089144	24908
0.0891476	24909
0.0891512	24910
0.0891548	24911
0.0891584	24912
0.089162	24913
0.0891656	24914
0.0891692	24915
0.0891728	24916
0.0891764	24917
0.08918	24918
0.0891837	24919
0.0891873	24920
0.0891909	24921
0.0891945	24922
0.0891981	24923
0.0892005	24924
0.0892029	24925
0.0892065	24926
0.0892089	24927
0.0892113	24928
0.0892293	24929
0.0892317	24930
0.0892341	24931
0.0892365	24932
0.0892438	24933
0.0892474	24934
0.089251	24935
0.0892546	24936
0.0892582	24937
0.0892606	24938
0.0892642	24939
0.0892666	24940
0.0892702	24942
0.0892714	24943
0.089275	24944
0.0892762	24945
0.0892798	24946
0.089281	24947
0.0892846	24948
0.0892882	24949
0.0892918	24950
0.0892954	24951
0.089299	24952
0.0893027	24953
0.0893063	24954
0.0893099	24955
0.0893135	24956
0.0893171	24957
0.0893207	24958
0.0893243	24959
0.0893279	24960
0.0893315	24961
0.0893351	24962
0.0893387	24963
0.0893423	24964
0.0893459	24965
0.0893495	24966
0.0893531	24967
0.0893567	24968
0.0893603	24969
0.089364	24970
0.0893676	24971
0.0893712	24972
0.0893748	24973
0.0893784	24974
0.089382	24975
0.0893856	24976
0.0893892	24977
0.0893928	24978
0.0893964	24979
0.0894	24980
0.0894036	24981
0.0894072	24982
0.0894108	24983
0.0894144	24984
0.089418	24985
0.0894217	24986
0.0894253	24987
0.0894289	24988
0.0894325	24989
0.0894361	24990
0.0894397	24991
0.0894433	24992
0.0894469	24993
0.0894505	24994
0.0894541	24995
0.0894577	24996
0.0894613	24997
0.0894649	24998
0.0894685	24999
0.0894721	25000
0.0894757	25001
0.0894793	25002
0.089483	25003
0.0894866	25004
0.0894902	25005
0.0894938	25006
0.0894974	25007
0.089501	25008
0.0895046	25009
0.0895082	25010
0.0895118	25011
0.0895154	25012
0.089519	25013
0.0895214	25014
0.0895238	25015
0.0895274	25016
0.0895298	25017
0.0895322	25018
0.0895503	25019
0.0895527	25020
0.0895551	25021
0.0895575	25022
0.0895647	25023
0.0895683	25024
0.0895719	25025
0.0895755	25026
0.0895791	25027
0.0895815	25028
0.0895851	25029
0.0895875	25030
0.0895911	25031
0.0895923	25032
0.0895959	25033
0.0895971	25034
0.0896007	25035
0.089602	25036
0.0896056	25037
0.0896092	25038
0.0896128	25039
0.0896164	25040
0.08962	25041
0.0896236	25042
0.0896272	25043
0.0896308	25044
0.0896344	25045
0.089638	25046
0.0896416	25047
0.0896452	25048
0.0896488	25049
0.0896524	25050
0.089656	25051
0.0896596	25052
0.0896633	25053
0.0896669	25054
0.0896705	25055
0.0896741	25056
0.0896777	25057
0.0896813	25058
0.0896849	25059
0.0896885	25060
0.0896921	25061
0.0896957	25062
0.0896993	25064
0.0897029	25065
0.0897065	25066
0.0897101	25067
0.0897137	25068
0.0897173	25069
0.0897209	25070
0.0897246	25071
0.0897282	25072
0.0897318	25073
0.0897354	25074
0.089739	25075
0.0897426	25076
0.0897462	25077
0.0897498	25078
0.0897534	25079
0.089757	25080
0.0897606	25081
0.0897642	25082
0.0897678	25083
0.0897714	25084
0.089775	25085
0.0897786	25086
0.0897823	25087
0.0897859	25088
0.0897895	25089
0.0897931	25090
0.0897967	25091
0.0898003	25092
0.0898039	25093
0.0898075	25094
0.0898111	25095
0.0898147	25096
0.0898183	25097
0.0898219	25098
0.0898255	25099
0.0898291	25100
0.0898327	25101
0.0898363	25102
0.0898399	25103
0.0898424	25104
0.0898448	25105
0.0898484	25106
0.0898508	25107
0.0898532	25108
0.0898712	25109
0.0898736	25110
0.089876	25111
0.0898784	25112
0.0898856	25113
0.0898892	25114
0.0898928	25115
0.0898964	25116
0.0899	25117
0.0899025	25118
0.0899061	25119
0.0899085	25120
0.0899121	25121
0.0899133	25122
0.0899169	25123
0.0899181	25124
0.0899217	25125
0.0899229	25126
0.0899265	25127
0.0899301	25128
0.0899337	25129
0.0899373	25130
0.0899409	25131
0.0899445	25132
0.0899481	25133
0.0899517	25134
0.0899553	25135
0.0899589	25136
0.0899626	25137
0.0899662	25138
0.0899698	25139
0.0899734	25140
0.089977	25141
0.0899806	25142
0.0899842	25143
0.0899878	25144
0.0899914	25145
0.089995	25146
0.0899986	25147
0.0900022	25148
0.0900058	25149
0.0900094	25150
0.090013	25151
0.0900166	25152
0.0900202	25153
0.0900239	25154
0.0900275	25155
0.0900311	25156
0.0900347	25157
0.0900383	25158
0.0900419	25159
0.0900455	25160
0.0900491	25161
0.0900527	25162
0.0900563	25163
0.0900599	25164
0.0900635	25165
0.0900671	25166
0.0900707	25167
0.0900743	25168
0.0900779	25169
0.0900815	25170
0.0900852	25171
0.0900888	25172
0.0900924	25173
0.090096	25174
0.0900996	25175
0.0901032	25176
0.0901068	25177
0.0901104	25178
0.090114	25179
0.0901176	25180
0.0901212	25181
0.0901248	25182
0.0901284	25183
0.090132	25185
0.0901356	25186
0.0901392	25187
0.0901429	25188
0.0901465	25189
0.0901501	25190
0.0901537	25191
0.0901573	25192
0.0901609	25193
0.0901633	25194
0.0901657	25195
0.0901693	25196
0.0901717	25197
0.0901741	25198
0.0901921	25199
0.0901945	25200
0.0901969	25201
0.0901993	25202
0.0902066	25203
0.0902102	25204
0.0902138	25205
0.0902174	25206
0.090221	25207
0.0902234	25208
0.090227	25209
0.0902294	25210
0.090233	25211
0.0902342	25212
0.0902378	25213
0.090239	25214
0.0902426	25215
0.0902438	25216
0.0902474	25217
0.090251	25218
0.0902546	25219
0.0902582	25220
0.0902618	25221
0.0902655	25222
0.0902691	25223
0.0902727	25224
0.0902763	25225
0.0902799	25226
0.0902835	25227
0.0902871	25228
0.0902907	25229
0.0902943	25230
0.0902979	25231
0.0903015	25232
0.0903051	25233
0.0903087	25234
0.0903123	25235
0.0903159	25236
0.0903195	25237
0.0903232	25238
0.0903268	25239
0.0903304	25240
0.090334	25241
0.0903376	25242
0.0903412	25243
0.0903448	25244
0.0903484	25245
0.090352	25246
0.0903556	25247
0.0903592	25248
0.0903628	25249
0.0903664	25250
0.09037	25251
0.0903736	25252
0.0903772	25253
0.0903808	25254
0.0903845	25255
0.0903881	25256
0.0903917	25257
0.0903953	25258
0.0903989	25259
0.0904025	25260
0.0904061	25261
0.0904097	25262
0.0904133	25263
0.0904169	25264
0.0904205	25265
0.0904241	25266
0.0904277	25267
0.0904313	25268
0.0904349	25269
0.0904385	25270
0.0904421	25271
0.0904458	25272
0.0904494	25273
0.090453	25274
0.0904566	25275
0.0904602	25276
0.0904638	25277
0.0904674	25278
0.090471	25279
0.0904746	25280
0.0904782	25281
0.0904818	25282
0.0904842	25283
0.0904866	25284
0.0904902	25285
0.0904926	25286
0.090495	25287
0.0905131	25288
0.0905155	25289
0.0905179	25290
0.0905203	25291
0.0905275	25292
0.0905311	25293
0.0905347	25294
0.0905383	25295
0.0905419	25296
0.0905443	25297
0.0905479	25298
0.0905503	25299
0.0905539	25300
0.0905551	25301
0.0905587	25302
0.0905599	25303
0.0905636	25304
0.0905648	25305
0.0905684	25307
0.090572	25308
0.0905756	25309
0.0905792	25310
0.0905828	25311
0.0905864	25312
0.09059	25313
0.0905936	25314
0.0905972	25315
0.0906008	25316
0.0906044	25317
0.090608	25318
0.0906116	25319
0.0906152	25320
0.0906188	25321
0.0906224	25322
0.0906261	25323
0.0906297	25324
0.0906333	25325
0.0906369	25326
0.0906405	25327
0.0906441	25328
0.0906477	25329
0.0906513	25330
0.0906549	25331
0.0906585	25332
0.0906621	25333
0.0906657	25334
0.0906693	25335
0.0906729	25336
0.0906765	25337
0.0906801	25338
0.0906838	25339
0.0906874	25340
0.090691	25341
0.0906946	25342
0.0906982	25343
0.0907018	25344
0.0907054	25345
0.090709	25346
0.0907126	25347
0.0907162	25348
0.0907198	25349
0.0907234	25350
0.090727	25351
0.0907306	25352
0.0907342	25353
0.0907378	25354
0.0907414	25355
0.0907451	25356
0.0907487	25357
0.0907523	25358
0.0907559	25359
0.0907595	25360
0.0907631	25361
0.0907667	25362
0.0907703	25363
0.0907739	25364
0.0907775	25365
0.0907811	25366
0.0907847	25367
0.0907883	25368
0.0907919	25369
0.0907955	25370
0.0907991	25371
0.0908027	25372
0.0908052	25373
0.0908076	25374
0.0908112	25375
0.0908136	25376
0.090816	25377
0.090834	25378
0.0908364	25379
0.0908388	25380
0.0908412	25381
0.0908484	25382
0.090852	25383
0.0908556	25384
0.0908592	25385
0.0908628	25386
0.0908653	25387
0.0908689	25388
0.0908713	25389
0.0908749	25390
0.0908761	25391
0.0908797	25392
0.0908809	25393
0.0908845	25394
0.0908857	25395
0.0908893	25396
0.0908929	25397
0.0908965	25398
0.0909001	25399
0.0909037	25400
0.0909073	25401
0.0909109	25402
0.0909145	25403
0.0909181	25404
0.0909217	25405
0.0909254	25406
0.090929	25407
0.0909326	25408
0.0909362	25409
0.0909398	25410
0.0909434	25411
0.090947	25412
0.0909506	25413
0.0909542	25414
0.0909578	25415
0.0909614	25416
0.090965	25417
0.0909686	25418
0.0909722	25419
0.0909758	25420
0.0909794	25421
0.090983	25422
0.0909867	25423
0.0909903	25424
0.0909939	25425
0.0909975	25426
0.0910011	25427
0.0910047	25429
0.0910083	25430
0.0910119	25431
0.0910155	25432
0.0910191	25433
0.0910227	25434
0.0910263	25435
0.0910299	25436
0.0910335	25437
0.0910371	25438
0.0910407	25439
0.0910444	25440
0.091048	25441
0.0910516	25442
0.0910552	25443
0.0910588	25444
0.0910624	25445
0.091066	25446
0.0910696	25447
0.0910732	25448
0.0910768	25449
0.0910804	25450
0.091084	25451
0.0910876	25452
0.0910912	25453
0.0910948	25454
0.0910984	25455
0.091102	25456
0.0911057	25457
0.0911093	25458
0.0911129	25459
0.0911165	25460
0.0911201	25461
0.0911237	25462
0.0911261	25463
0.0911285	25464
0.0911321	25465
0.0911345	25466
0.0911369	25467
0.0911549	25468
0.0911573	25469
0.0911597	25470
0.0911621	25471
0.0911694	25472
0.091173	25473
0.0911766	25474
0.0911802	25475
0.0911838	25476
0.0911862	25477
0.0911898	25478
0.0911922	25479
0.0911958	25480
0.091197	25481
0.0912006	25482
0.0912018	25483
0.0912054	25484
0.0912066	25485
0.0912102	25486
0.0912138	25487
0.0912174	25488
0.091221	25489
0.0912247	25490
0.0912283	25491
0.0912319	25492
0.0912355	25493
0.0912391	25494
0.0912427	25495
0.0912463	25496
0.0912499	25497
0.0912535	25498
0.0912571	25499
0.0912607	25500
0.0912643	25501
0.0912679	25502
0.0912715	25503
0.0912751	25504
0.0912787	25505
0.0912823	25506
0.091286	25507
0.0912896	25508
0.0912932	25509
0.0912968	25510
0.0913004	25511
0.091304	25512
0.0913076	25513
0.0913112	25514
0.0913148	25515
0.0913184	25516
0.091322	25517
0.0913256	25518
0.0913292	25519
0.0913328	25520
0.0913364	25521
0.09134	25522
0.0913436	25523
0.0913473	25524
0.0913509	25525
0.0913545	25526
0.0913581	25527
0.0913617	25528
0.0913653	25529
0.0913689	25530
0.0913725	25531
0.0913761	25532
0.0913797	25533
0.0913833	25534
0.0913869	25535
0.0913905	25536
0.0913941	25537
0.0913977	25538
0.0914013	25539
0.091405	25540
0.0914086	25541
0.0914122	25542
0.0914158	25543
0.0914194	25544
0.091423	25545
0.0914266	25546
0.0914302	25547
0.0914338	25548
0.0914374	25550
0.091441	25551
0.0914446	25552
0.091447	25553
0.0914494	25554
0.091453	25555
0.0914554	25556
0.0914578	25557
0.0914759	25558
0.0914783	25559
0.0914807	25560
0.0914831	25561
0.0914903	25562
0.0914939	25563
0.0914975	25564
0.0915011	25565
0.0915047	25566
0.0915071	25567
0.0915107	25568
0.0915131	25569
0.0915167	25570
0.0915179	25571
0.0915215	25572
0.0915227	25573
0.0915264	25574
0.0915276	25575
0.0915312	25576
0.0915348	25577
0.0915384	25578
0.091542	25579
0.0915456	25580
0.0915492	25581
0.0915528	25582
0.0915564	25583
0.09156	25584
0.0915636	25585
0.0915672	25586
0.0915708	25587
0.0915744	25588
0.091578	25589
0.0915816	25590
0.0915853	25591
0.0915889	25592
0.0915925	25593
0.0915961	25594
0.0915997	25595
0.0916033	25596
0.0916069	25597
0.0916105	25598
0.0916141	25599
0.0916177	25600
0.0916213	25601
0.0916249	25602
0.0916285	25603
0.0916321	25604
0.0916357	25605
0.0916393	25606
0.0916429	25607
0.0916466	25608
0.0916502	25609
0.0916538	25610
0.0916574	25611
0.091661	25612
0.0916646	25613
0.0916682	25614
0.0916718	25615
0.0916754	25616
0.091679	25617
0.0916826	25618
0.0916862	25619
0.0916898	25620
0.0916934	25621
0.091697	25622
0.0917006	25623
0.0917042	25624
0.0917079	25625
0.0917115	25626
0.0917151	25627
0.0917187	25628
0.0917223	25629
0.0917259	25630
0.0917295	25631
0.0917331	25632
0.0917367	25633
0.0917403	25634
0.0917439	25635
0.0917475	25636
0.0917511	25637
0.0917547	25638
0.0917583	25639
0.0917619	25640
0.0917656	25641
0.091768	25642
0.0917704	25643
0.091774	25644
0.0917764	25645
0.0917788	25646
0.0917968	25647
0.0917992	25648
0.0918016	25649
0.091804	25650
0.0918112	25651
0.0918148	25652
0.0918184	25653
0.091822	25654
0.0918257	25655
0.0918281	25656
0.0918317	25657
0.0918341	25658
0.0918377	25659
0.0918389	25660
0.0918425	25661
0.0918437	25662
0.0918473	25663
0.0918485	25664
0.0918521	25665
0.0918557	25666
0.0918593	25667
0.0918629	25668
0.0918665	25669
0.0918701	25670
0.0918737	25672
0.0918773	25673
0.0918809	25674
0.0918845	25675
0.0918882	25676
0.0918918	25677
0.0918954	25678
0.091899	25679
0.0919026	25680
0.0919062	25681
0.0919098	25682
0.0919134	25683
0.091917	25684
0.0919206	25685
0.0919242	25686
0.0919278	25687
0.0919314	25688
0.091935	25689
0.0919386	25690
0.0919422	25691
0.0919459	25692
0.0919495	25693
0.0919531	25694
0.0919567	25695
0.0919603	25696
0.0919639	25697
0.0919675	25698
0.0919711	25699
0.0919747	25700
0.0919783	25701
0.0919819	25702
0.0919855	25703
0.0919891	25704
0.0919927	25705
0.0919963	25706
0.0919999	25707
0.0920035	25708
0.0920072	25709
0.0920108	25710
0.0920144	25711
0.092018	25712
0.0920216	25713
0.0920252	25714
0.0920288	25715
0.0920324	25716
0.092036	25717
0.0920396	25718
0.0920432	25719
0.0920468	25720
0.0920504	25721
0.092054	25722
0.0920576	25723
0.0920612	25724
0.0920648	25725
0.0920685	25726
0.0920721	25727
0.0920757	25728
0.0920793	25729
0.0920829	25730
0.0920865	25731
0.0920889	25732
0.0920913	25733
0.0920949	25734
0.0920973	25735
0.0920997	25736
0.0921177	25737
0.0921201	25738
0.0921225	25739
0.0921249	25740
0.0921322	25741
0.0921358	25742
0.0921394	25743
0.092143	25744
0.0921466	25745
0.092149	25746
0.0921526	25747
0.092155	25748
0.0921586	25749
0.0921598	25750
0.0921634	25751
0.0921646	25752
0.0921682	25753
0.0921694	25754
0.092173	25755
0.0921766	25756
0.0921802	25757
0.0921838	25758
0.0921875	25759
0.0921911	25760
0.0921947	25761
0.0921983	25762
0.0922019	25763
0.0922055	25764
0.0922091	25765
0.0922127	25766
0.0922163	25767
0.0922199	25768
0.0922235	25769
0.0922271	25770
0.0922307	25771
0.0922343	25772
0.0922379	25773
0.0922415	25774
0.0922451	25775
0.0922488	25776
0.0922524	25777
0.092256	25778
0.0922596	25779
0.0922632	25780
0.0922668	25781
0.0922704	25782
0.092274	25783
0.0922776	25784
0.0922812	25785
0.0922848	25786
0.0922884	25787
0.092292	25788
0.0922956	25789
0.0922992	25790
0.0923028	25791
0.0923065	25792
0.0923101	25794
0.0923137	25795
0.0923173	25796
0.0923209	25797
0.0923245	25798
0.0923281	25799
0.0923317	25800
0.0923353	25801
0.0923389	25802
0.0923425	25803
0.0923461	25804
0.0923497	25805
0.0923533	25806
0.0923569	25807
0.0923605	25808
0.0923641	25809
0.0923678	25810
0.0923714	25811
0.092375	25812
0.0923786	25813
0.0923822	25814
0.0923858	25815
0.0923894	25816
0.092393	25817
0.0923966	25818
0.0924002	25819
0.0924038	25820
0.0924074	25821
0.0924098	25822
0.0924122	25823
0.0924158	25824
0.0924182	25825
0.0924206	25826
0.0924387	25827
0.0924411	25828
0.0924435	25829
0.0924459	25830
0.0924531	25831
0.0924567	25832
0.0924603	25833
0.0924639	25834
0.0924675	25835
0.0924699	25836
0.0924735	25837
0.0924759	25838
0.0924795	25839
0.0924807	25840
0.0924843	25841
0.0924855	25842
0.0924892	25843
0.0924904	25844
0.092494	25845
0.0924976	25846
0.0925012	25847
0.0925048	25848
0.0925084	25849
0.092512	25850
0.0925156	25851
0.0925192	25852
0.0925228	25853
0.0925264	25854
0.09253	25855
0.0925336	25856
0.0925372	25857
0.0925408	25858
0.0925444	25859
0.0925481	25860
0.0925517	25861
0.0925553	25862
0.0925589	25863
0.0925625	25864
0.0925661	25865
0.0925697	25866
0.0925733	25867
0.0925769	25868
0.0925805	25869
0.0925841	25870
0.0925877	25871
0.0925913	25872
0.0925949	25873
0.0925985	25874
0.0926021	25875
0.0926057	25876
0.0926094	25877
0.092613	25878
0.0926166	25879
0.0926202	25880
0.0926238	25881
0.0926274	25882
0.092631	25883
0.0926346	25884
0.0926382	25885
0.0926418	25886
0.0926454	25887
0.092649	25888
0.0926526	25889
0.0926562	25890
0.0926598	25891
0.0926634	25892
0.0926671	25893
0.0926707	25894
0.0926743	25895
0.0926779	25896
0.0926815	25897
0.0926851	25898
0.0926887	25899
0.0926923	25900
0.0926959	25901
0.0926995	25902
0.0927031	25903
0.0927067	25904
0.0927103	25905
0.0927139	25906
0.0927175	25907
0.0927211	25908
0.0927247	25909
0.0927284	25910
0.0927308	25911
0.0927332	25912
0.0927368	25913
0.0927392	25915
0.0927416	25916
0.0927596	25917
0.092762	25918
0.0927644	25919
0.0927668	25920
0.092774	25921
0.0927776	25922
0.0927812	25923
0.0927848	25924
0.0927885	25925
0.0927909	25926
0.0927945	25927
0.0927969	25928
0.0928005	25929
0.0928017	25930
0.0928053	25931
0.0928065	25932
0.0928101	25933
0.0928113	25934
0.0928149	25935
0.0928185	25936
0.0928221	25937
0.0928257	25938
0.0928293	25939
0.0928329	25940
0.0928365	25941
0.0928401	25942
0.0928437	25943
0.0928474	25944
0.092851	25945
0.0928546	25946
0.0928582	25947
0.0928618	25948
0.0928654	25949
0.092869	25950
0.0928726	25951
0.0928762	25952
0.0928798	25953
0.0928834	25954
0.092887	25955
0.0928906	25956
0.0928942	25957
0.0928978	25958
0.0929014	25959
0.092905	25960
0.0929087	25961
0.0929123	25962
0.0929159	25963
0.0929195	25964
0.0929231	25965
0.0929267	25966
0.0929303	25967
0.0929339	25968
0.0929375	25969
0.0929411	25970
0.0929447	25971
0.0929483	25972
0.0929519	25973
0.0929555	25974
0.0929591	25975
0.0929627	25976
0.0929663	25977
0.09297	25978
0.0929736	25979
0.0929772	25980
0.0929808	25981
0.0929844	25982
0.092988	25983
0.0929916	25984
0.0929952	25985
0.0929988	25986
0.0930024	25987
0.093006	25988
0.0930096	25989
0.0930132	25990
0.0930168	25991
0.0930204	25992
0.093024	25993
0.0930277	25994
0.0930313	25995
0.0930349	25996
0.0930385	25997
0.0930421	25998
0.0930457	25999
0.0930493	26000
0.0930517	26001
0.0930541	26002
0.0930577	26003
0.0930601	26004
0.0930625	26005
0.0930805	26006
0.0930829	26007
0.0930853	26008
0.0930878	26009
0.093095	26010
0.0930986	26011
0.0931022	26012
0.0931058	26013
0.0931094	26014
0.0931118	26015
0.0931154	26016
0.0931178	26017
0.0931214	26018
0.0931226	26019
0.0931262	26020
0.0931274	26021
0.093131	26022
0.0931322	26023
0.0931358	26024
0.0931394	26025
0.093143	26026
0.0931466	26027
0.0931503	26028
0.0931539	26029
0.0931575	26030
0.0931611	26031
0.0931647	26032
0.0931683	26033
0.0931719	26034
0.0931755	26035
0.0931791	26037
0.0931827	26038
0.0931863	26039
0.0931899	26040
0.0931935	26041
0.0931971	26042
0.0932007	26043
0.0932043	26044
0.093208	26045
0.0932116	26046
0.0932152	26047
0.0932188	26048
0.0932224	26049
0.093226	26050
0.0932296	26051
0.0932332	26052
0.0932368	26053
0.0932404	26054
0.093244	26055
0.0932476	26056
0.0932512	26057
0.0932548	26058
0.0932584	26059
0.093262	26060
0.0932656	26061
0.0932693	26062
0.0932729	26063
0.0932765	26064
0.0932801	26065
0.0932837	26066
0.0932873	26067
0.0932909	26068
0.0932945	26069
0.0932981	26070
0.0933017	26071
0.0933053	26072
0.0933089	26073
0.0933125	26074
0.0933161	26075
0.0933197	26076
0.0933233	26077
0.0933269	26078
0.0933306	26079
0.0933342	26080
0.0933378	26081
0.0933414	26082
0.093345	26083
0.0933486	26084
0.0933522	26085
0.0933558	26086
0.0933594	26087
0.093363	26088
0.0933666	26089
0.0933702	26090
0.0933726	26091
0.093375	26092
0.0933786	26093
0.093381	26094
0.0933834	26095
0.0934015	26096
0.0934039	26097
0.0934063	26098
0.0934087	26099
0.0934159	26100
0.0934195	26101
0.0934231	26102
0.0934267	26103
0.0934303	26104
0.0934327	26105
0.0934363	26106
0.0934387	26107
0.0934423	26108
0.0934435	26109
0.0934471	26110
0.0934484	26111
0.093452	26112
0.0934532	26113
0.0934568	26114
0.0934604	26115
0.093464	26116
0.0934676	26117
0.0934712	26118
0.0934748	26119
0.0934784	26120
0.093482	26121
0.0934856	26122
0.0934892	26123
0.0934928	26124
0.0934964	26125
0.0935	26126
0.0935036	26127
0.0935072	26128
0.0935109	26129
0.0935145	26130
0.0935181	26131
0.0935217	26132
0.0935253	26133
0.0935289	26134
0.0935325	26135
0.0935361	26136
0.0935397	26137
0.0935433	26138
0.0935469	26139
0.0935505	26140
0.0935541	26141
0.0935577	26142
0.0935613	26143
0.0935649	26144
0.0935686	26145
0.0935722	26146
0.0935758	26147
0.0935794	26148
0.093583	26149
0.0935866	26150
0.0935902	26151
0.0935938	26152
0.0935974	26153
0.093601	26154
0.0936046	26155
0.0936082	26156
0.0936118	26157
0.0936154	26159
0.093619	26160
0.0936226	26161
0.0936262	26162
0.0936299	26163
0.0936335	26164
0.0936371	26165
0.0936407	26166
0.0936443	26167
0.0936479	26168
0.0936515	26169
0.0936551	26170
0.0936587	26171
0.0936623	26172
0.0936659	26173
0.0936695	26174
0.0936731	26175
0.0936767	26176
0.0936803	26177
0.0936839	26178
0.0936875	26179
0.0936912	26180
0.0936936	26181
0.093696	26182
0.0936996	26183
0.093702	26184
0.0937044	26185
0.0937224	26186
0.0937248	26187
0.0937272	26188
0.0937296	26189
0.0937368	26190
0.0937404	26191
0.093744	26192
0.0937476	26193
0.0937513	26194
0.0937537	26195
0.0937573	26196
0.0937597	26197
0.0937633	26198
0.0937645	26199
0.0937681	26200
0.0937693	26201
0.0937729	26202
0.0937741	26203
0.0937777	26204
0.0937813	26205
0.0937849	26206
0.0937885	26207
0.0937921	26208
0.0937957	26209
0.0937993	26210
0.0938029	26211
0.0938065	26212
0.0938102	26213
0.0938138	26214
0.0938174	26215
0.093821	26216
0.0938246	26217
0.0938282	26218
0.0938318	26219
0.0938354	26220
0.093839	26221
0.0938426	26222
0.0938462	26223
0.0938498	26224
0.0938534	26225
0.093857	26226
0.0938606	26227
0.0938642	26228
0.0938678	26229
0.0938715	26230
0.0938751	26231
0.0938787	26232
0.0938823	26233
0.0938859	26234
0.0938895	26235
0.0938931	26236
0.0938967	26237
0.0939003	26238
0.0939039	26239
0.0939075	26240
0.0939111	26241
0.0939147	26242
0.0939183	26243
0.0939219	26244
0.0939255	26245
0.0939292	26246
0.0939328	26247
0.0939364	26248
0.09394	26249
0.0939436	26250
0.0939472	26251
0.0939508	26252
0.0939544	26253
0.093958	26254
0.0939616	26255
0.0939652	26256
0.0939688	26257
0.0939724	26258
0.093976	26259
0.0939796	26260
0.0939832	26261
0.0939868	26262
0.0939905	26263
0.0939941	26264
0.0939977	26265
0.0940013	26266
0.0940049	26267
0.0940085	26268
0.0940121	26269
0.0940145	26270
0.0940169	26271
0.0940205	26272
0.0940229	26273
0.0940253	26274
0.0940433	26275
0.0940457	26276
0.0940481	26277
0.0940506	26278
0.0940578	26280
0.0940614	26281
0.094065	26282
0.0940686	26283
0.0940722	26284
0.0940746	26285
0.0940782	26286
0.0940806	26287
0.0940842	26288
0.0940854	26289
0.094089	26290
0.0940902	26291
0.0940938	26292
0.094095	26293
0.0940986	26294
0.0941022	26295
0.0941058	26296
0.0941095	26297
0.0941131	26298
0.0941167	26299
0.0941203	26300
0.0941239	26301
0.0941275	26302
0.0941311	26303
0.0941347	26304
0.0941383	26305
0.0941419	26306
0.0941455	26307
0.0941491	26308
0.0941527	26309
0.0941563	26310
0.0941599	26311
0.0941635	26312
0.0941671	26313
0.0941708	26314
0.0941744	26315
0.094178	26316
0.0941816	26317
0.0941852	26318
0.0941888	26319
0.0941924	26320
0.094196	26321
0.0941996	26322
0.0942032	26323
0.0942068	26324
0.0942104	26325
0.094214	26326
0.0942176	26327
0.0942212	26328
0.0942248	26329
0.0942284	26330
0.0942321	26331
0.0942357	26332
0.0942393	26333
0.0942429	26334
0.0942465	26335
0.0942501	26336
0.0942537	26337
0.0942573	26338
0.0942609	26339
0.0942645	26340
0.0942681	26341
0.0942717	26342
0.0942753	26343
0.0942789	26344
0.0942825	26345
0.0942861	26346
0.0942898	26347
0.0942934	26348
0.094297	26349
0.0943006	26350
0.0943042	26351
0.0943078	26352
0.0943114	26353
0.094315	26354
0.0943186	26355
0.0943222	26356
0.0943258	26357
0.0943294	26358
0.094333	26359
0.0943354	26360
0.0943378	26361
0.0943414	26362
0.0943438	26363
0.0943462	26364
0.0943643	26365
0.0943667	26366
0.0943691	26367
0.0943715	26368
0.0943787	26369
0.0943823	26370
0.0943859	26371
0.0943895	26372
0.0943931	26373
0.0943955	26374
0.0943991	26375
0.0944015	26376
0.0944051	26377
0.0944063	26378
0.09441	26379
0.0944112	26380
0.0944148	26381
0.094416	26382
0.0944196	26383
0.0944232	26384
0.0944268	26385
0.0944304	26386
0.094434	26387
0.0944376	26388
0.0944412	26389
0.0944448	26390
0.0944484	26391
0.094452	26392
0.0944556	26393
0.0944592	26394
0.0944628	26395
0.0944664	26396
0.0944701	26397
0.0944737	26398
0.0944773	26399
0.0944809	26400
0.0944845	26402
0.0944881	26403
0.0944917	26404
0.0944953	26405
0.0944989	26406
0.0945025	26407
0.0945061	26408
0.0945097	26409
0.0945133	26410
0.0945169	26411
0.0945205	26412
0.0945241	26413
0.0945277	26414
0.0945314	26415
0.094535	26416
0.0945386	26417
0.0945422	26418
0.0945458	26419
0.0945494	26420
0.094553	26421
0.0945566	26422
0.0945602	26423
0.0945638	26424
0.0945674	26425
0.094571	26426
0.0945746	26427
0.0945782	26428
0.0945818	26429
0.0945854	26430
0.094589	26431
0.0945927	26432
0.0945963	26433
0.0945999	26434
0.0946035	26435
0.0946071	26436
0.0946107	26437
0.0946143	26438
0.0946179	26439
0.0946215	26440
0.0946251	26441
0.0946287	26442
0.0946323	26443
0.0946359	26444
0.0946395	26445
0.0946431	26446
0.0946467	26447
0.0946504	26448
0.094654	26449
0.0946564	26450
0.0946588	26451
0.0946624	26452
0.0946648	26453
0.0946672	26454
0.0946852	26455
0.0946876	26456
0.09469	26457
0.0946924	26458
0.0946996	26459
0.0947032	26460
0.0947068	26461
0.0947105	26462
0.0947141	26463
0.0947165	26464
0.0947201	26465
0.0947225	26466
0.0947261	26467
0.0947273	26468
0.0947309	26469
0.0947321	26470
0.0947357	26471
0.0947369	26472
0.0947405	26473
0.0947441	26474
0.0947477	26475
0.0947513	26476
0.0947549	26477
0.0947585	26478
0.0947621	26479
0.0947657	26480
0.0947693	26481
0.094773	26482
0.0947766	26483
0.0947802	26484
0.0947838	26485
0.0947874	26486
0.094791	26487
0.0947946	26488
0.0947982	26489
0.0948018	26490
0.0948054	26491
0.094809	26492
0.0948126	26493
0.0948162	26494
0.0948198	26495
0.0948234	26496
0.094827	26497
0.0948307	26498
0.0948343	26499
0.0948379	26500
0.0948415	26501
0.0948451	26502
0.0948487	26503
0.0948523	26504
0.0948559	26505
0.0948595	26506
0.0948631	26507
0.0948667	26508
0.0948703	26509
0.0948739	26510
0.0948775	26511
0.0948811	26512
0.0948847	26513
0.0948883	26514
0.094892	26515
0.0948956	26516
0.0948992	26517
0.0949028	26518
0.0949064	26519
0.09491	26520
0.0949136	26521
0.0949172	26522
0.0949208	26524
0.0949244	26525
0.094928	26526
0.0949316	26527
0.0949352	26528
0.0949388	26529
0.0949424	26530
0.094946	26531
0.0949496	26532
0.0949533	26533
0.0949569	26534
0.0949605	26535
0.0949641	26536
0.0949677	26537
0.0949713	26538
0.0949749	26539
0.0949773	26540
0.0949797	26541
0.0949833	26542
0.0949857	26543
0.0949881	26544
0.0950061	26545
0.0950085	26546
0.095011	26547
0.0950134	26548
0.0950206	26549
0.0950242	26550
0.0950278	26551
0.0950314	26552
0.095035	26553
0.0950374	26554
0.095041	26555
0.0950434	26556
0.095047	26557
0.0950482	26558
0.0950518	26559
0.095053	26560
0.0950566	26561
0.0950578	26562
0.0950614	26563
0.095065	26564
0.0950686	26565
0.0950723	26566
0.0950759	26567
0.0950795	26568
0.0950831	26569
0.0950867	26570
0.0950903	26571
0.0950939	26572
0.0950975	26573
0.0951011	26574
0.0951047	26575
0.0951083	26576
0.0951119	26577
0.0951155	26578
0.0951191	26579
0.0951227	26580
0.0951263	26581
0.0951299	26582
0.0951336	26583
0.0951372	26584
0.0951408	26585
0.0951444	26586
0.095148	26587
0.0951516	26588
0.0951552	26589
0.0951588	26590
0.0951624	26591
0.095166	26592
0.0951696	26593
0.0951732	26594
0.0951768	26595
0.0951804	26596
0.095184	26597
0.0951876	26598
0.0951913	26599
0.0951949	26600
0.0951985	26601
0.0952021	26602
0.0952057	26603
0.0952093	26604
0.0952129	26605
0.0952165	26606
0.0952201	26607
0.0952237	26608
0.0952273	26609
0.0952309	26610
0.0952345	26611
0.0952381	26612
0.0952417	26613
0.0952453	26614
0.0952489	26615
0.0952526	26616
0.0952562	26617
0.0952598	26618
0.0952634	26619
0.095267	26620
0.0952706	26621
0.0952742	26622
0.0952778	26623
0.0952814	26624
0.095285	26625
0.0952886	26626
0.0952922	26627
0.0952958	26628
0.0952982	26629
0.0953006	26630
0.0953042	26631
0.0953066	26632
0.095309	26633
0.0953271	26634
0.0953295	26635
0.0953319	26636
0.0953343	26637
0.0953415	26638
0.0953451	26639
0.0953487	26640
0.0953523	26641
0.0953559	26642
0.0953583	26643
0.0953619	26645
0.0953643	26646
0.0953679	26647
0.0953691	26648
0.0953728	26649
0.095374	26650
0.0953776	26651
0.0953788	26652
0.0953824	26653
0.095386	26654
0.0953896	26655
0.0953932	26656
0.0953968	26657
0.0954004	26658
0.095404	26659
0.0954076	26660
0.0954112	26661
0.0954148	26662
0.0954184	26663
0.095422	26664
0.0954256	26665
0.0954292	26666
0.0954329	26667
0.0954365	26668
0.0954401	26669
0.0954437	26670
0.0954473	26671
0.0954509	26672
0.0954545	26673
0.0954581	26674
0.0954617	26675
0.0954653	26676
0.0954689	26677
0.0954725	26678
0.0954761	26679
0.0954797	26680
0.0954833	26681
0.0954869	26682
0.0954905	26683
0.0954942	26684
0.0954978	26685
0.0955014	26686
0.095505	26687
0.0955086	26688
0.0955122	26689
0.0955158	26690
0.0955194	26691
0.095523	26692
0.0955266	26693
0.0955302	26694
0.0955338	26695
0.0955374	26696
0.095541	26697
0.0955446	26698
0.0955482	26699
0.0955519	26700
0.0955555	26701
0.0955591	26702
0.0955627	26703
0.0955663	26704
0.0955699	26705
0.0955735	26706
0.0955771	26707
0.0955807	26708
0.0955843	26709
0.0955879	26710
0.0955915	26711
0.0955951	26712
0.0955987	26713
0.0956023	26714
0.0956059	26715
0.0956095	26716
0.0956132	26717
0.0956168	26718
0.0956192	26719
0.0956216	26720
0.0956252	26721
0.0956276	26722
0.09563	26723
0.095648	26724
0.0956504	26725
0.0956528	26726
0.0956552	26727
0.0956624	26728
0.095666	26729
0.0956696	26730
0.0956733	26731
0.0956769	26732
0.0956793	26733
0.0956829	26734
0.0956853	26735
0.0956889	26736
0.0956901	26737
0.0956937	26738
0.0956949	26739
0.0956985	26740
0.0956997	26741
0.0957033	26742
0.0957069	26743
0.0957105	26744
0.0957141	26745
0.0957177	26746
0.0957213	26747
0.0957249	26748
0.0957285	26749
0.0957322	26750
0.0957358	26751
0.0957394	26752
0.095743	26753
0.0957466	26754
0.0957502	26755
0.0957538	26756
0.0957574	26757
0.095761	26758
0.0957646	26759
0.0957682	26760
0.0957718	26761
0.0957754	26762
0.095779	26763
0.0957826	26764
0.0957862	26765
0.0957898	26767
0.0957935	26768
0.0957971	26769
0.0958007	26770
0.0958043	26771
0.0958079	26772
0.0958115	26773
0.0958151	26774
0.0958187	26775
0.0958223	26776
0.0958259	26777
0.0958295	26778
0.0958331	26779
0.0958367	26780
0.0958403	26781
0.0958439	26782
0.0958475	26783
0.0958511	26784
0.0958548	26785
0.0958584	26786
0.095862	26787
0.0958656	26788
0.0958692	26789
0.0958728	26790
0.0958764	26791
0.09588	26792
0.0958836	26793
0.0958872	26794
0.0958908	26795
0.0958944	26796
0.095898	26797
0.0959016	26798
0.0959052	26799
0.0959088	26800
0.0959125	26801
0.0959161	26802
0.0959197	26803
0.0959233	26804
0.0959269	26805
0.0959305	26806
0.0959341	26807
0.0959377	26808
0.0959401	26809
0.0959425	26810
0.0959461	26811
0.0959485	26812
0.0959509	26813
0.0959689	26814
0.0959713	26815
0.0959738	26816
0.0959762	26817
0.0959834	26818
0.095987	26819
0.0959906	26820
0.0959942	26821
0.0959978	26822
0.0960002	26823
0.0960038	26824
0.0960062	26825
0.0960098	26826
0.096011	26827
0.0960146	26828
0.0960158	26829
0.0960194	26830
0.0960206	26831
0.0960242	26832
0.0960278	26833
0.0960314	26834
0.0960351	26835
0.0960387	26836
0.0960423	26837
0.0960459	26838
0.0960495	26839
0.0960531	26840
0.0960567	26841
0.0960603	26842
0.0960639	26843
0.0960675	26844
0.0960711	26845
0.0960747	26846
0.0960783	26847
0.0960819	26848
0.0960855	26849
0.0960891	26850
0.0960928	26851
0.0960964	26852
0.0961	26853
0.0961036	26854
0.0961072	26855
0.0961108	26856
0.0961144	26857
0.096118	26858
0.0961216	26859
0.0961252	26860
0.0961288	26861
0.0961324	26862
0.096136	26863
0.0961396	26864
0.0961432	26865
0.0961468	26866
0.0961504	26867
0.0961541	26868
0.0961577	26869
0.0961613	26870
0.0961649	26871
0.0961685	26872
0.0961721	26873
0.0961757	26874
0.0961793	26875
0.0961829	26876
0.0961865	26877
0.0961901	26878
0.0961937	26879
0.0961973	26880
0.0962009	26881
0.0962045	26882
0.0962081	26883
0.0962117	26884
0.0962154	26885
0.096219	26886
0.0962226	26887
0.0962262	26889
0.0962298	26890
0.0962334	26891
0.096237	26892
0.0962406	26893
0.0962442	26894
0.0962478	26895
0.0962514	26896
0.096255	26897
0.0962586	26898
0.096261	26899
0.0962634	26900
0.096267	26901
0.0962694	26902
0.0962718	26903
0.0962899	26904
0.0962923	26905
0.0962947	26906
0.0962971	26907
0.0963043	26908
0.0963079	26909
0.0963115	26910
0.0963151	26911
0.0963187	26912
0.0963211	26913
0.0963247	26914
0.0963271	26915
0.0963307	26916
0.0963319	26917
0.0963356	26918
0.0963368	26919
0.0963404	26920
0.0963416	26921
0.0963452	26922
0.0963488	26923
0.0963524	26924
0.096356	26925
0.0963596	26926
0.0963632	26927
0.0963668	26928
0.0963704	26929
0.096374	26930
0.0963776	26931
0.0963812	26932
0.0963848	26933
0.0963884	26934
0.096392	26935
0.0963957	26936
0.0963993	26937
0.0964029	26938
0.0964065	26939
0.0964101	26940
0.0964137	26941
0.0964173	26942
0.0964209	26943
0.0964245	26944
0.0964281	26945
0.0964317	26946
0.0964353	26947
0.0964389	26948
0.0964425	26949
0.0964461	26950
0.0964497	26951
0.0964534	26952
0.096457	26953
0.0964606	26954
0.0964642	26955
0.0964678	26956
0.0964714	26957
0.096475	26958
0.0964786	26959
0.0964822	26960
0.0964858	26961
0.0964894	26962
0.096493	26963
0.0964966	26964
0.0965002	26965
0.0965038	26966
0.0965074	26967
0.096511	26968
0.0965147	26969
0.0965183	26970
0.0965219	26971
0.0965255	26972
0.0965291	26973
0.0965327	26974
0.0965363	26975
0.0965399	26976
0.0965435	26977
0.0965471	26978
0.0965507	26979
0.0965543	26980
0.0965579	26981
0.0965615	26982
0.0965651	26983
0.0965687	26984
0.0965723	26985
0.096576	26986
0.0965796	26987
0.096582	26988
0.0965844	26989
0.096588	26990
0.0965904	26991
0.0965928	26992
0.0966108	26993
0.0966132	26994
0.0966156	26995
0.096618	26996
0.0966252	26997
0.0966288	26998
0.0966324	26999
0.0966361	27000
0.0966397	27001
0.0966421	27002
0.0966457	27003
0.0966481	27004
0.0966517	27005
0.0966529	27006
0.0966565	27007
0.0966577	27008
0.0966613	27010
0.0966625	27011
0.0966661	27012
0.0966697	27013
0.0966733	27014
0.0966769	27015
0.0966805	27016
0.0966841	27017
0.0966877	27018
0.0966913	27019
0.096695	27020
0.0966986	27021
0.0967022	27022
0.0967058	27023
0.0967094	27024
0.096713	27025
0.0967166	27026
0.0967202	27027
0.0967238	27028
0.0967274	27029
0.096731	27030
0.0967346	27031
0.0967382	27032
0.0967418	27033
0.0967454	27034
0.096749	27035
0.0967526	27036
0.0967563	27037
0.0967599	27038
0.0967635	27039
0.0967671	27040
0.0967707	27041
0.0967743	27042
0.0967779	27043
0.0967815	27044
0.0967851	27045
0.0967887	27046
0.0967923	27047
0.0967959	27048
0.0967995	27049
0.0968031	27050
0.0968067	27051
0.0968103	27052
0.096814	27053
0.0968176	27054
0.0968212	27055
0.0968248	27056
0.0968284	27057
0.096832	27058
0.0968356	27059
0.0968392	27060
0.0968428	27061
0.0968464	27062
0.09685	27063
0.0968536	27064
0.0968572	27065
0.0968608	27066
0.0968644	27067
0.096868	27068
0.0968716	27069
0.0968753	27070
0.0968789	27071
0.0968825	27072
0.0968861	27073
0.0968897	27074
0.0968933	27075
0.0968969	27076
0.0969005	27077
0.0969029	27078
0.0969053	27079
0.0969089	27080
0.0969113	27081
0.0969137	27082
0.0969317	27083
0.0969342	27084
0.0969366	27085
0.096939	27086
0.0969462	27087
0.0969498	27088
0.0969534	27089
0.096957	27090
0.0969606	27091
0.096963	27092
0.0969666	27093
0.096969	27094
0.0969726	27095
0.0969738	27096
0.0969774	27097
0.0969786	27098
0.0969822	27099
0.0969834	27100
0.096987	27101
0.0969906	27102
0.0969943	27103
0.0969979	27104
0.0970015	27105
0.0970051	27106
0.0970087	27107
0.0970123	27108
0.0970159	27109
0.0970195	27110
0.0970231	27111
0.0970267	27112
0.0970303	27113
0.0970339	27114
0.0970375	27115
0.0970411	27116
0.0970447	27117
0.0970483	27118
0.0970519	27119
0.0970556	27120
0.0970592	27121
0.0970628	27122
0.0970664	27123
0.09707	27124
0.0970736	27125
0.0970772	27126
0.0970808	27127
0.0970844	27128
0.097088	27129
0.0970916	27130
0.0970952	27132
0.0970988	27133
0.0971024	27134
0.097106	27135
0.0971096	27136
0.0971132	27137
0.0971169	27138
0.0971205	27139
0.0971241	27140
0.0971277	27141
0.0971313	27142
0.0971349	27143
0.0971385	27144
0.0971421	27145
0.0971457	27146
0.0971493	27147
0.0971529	27148
0.0971565	27149
0.0971601	27150
0.0971637	27151
0.0971673	27152
0.0971709	27153
0.0971746	27154
0.0971782	27155
0.0971818	27156
0.0971854	27157
0.097189	27158
0.0971926	27159
0.0971962	27160
0.0971998	27161
0.0972034	27162
0.097207	27163
0.0972106	27164
0.0972142	27165
0.0972178	27166
0.0972214	27167
0.0972238	27168
0.0972262	27169
0.0972298	27170
0.0972322	27171
0.0972347	27172
0.0972527	27173
0.0972551	27174
0.0972575	27175
0.0972599	27176
0.0972671	27177
0.0972707	27178
0.0972743	27179
0.0972779	27180
0.0972815	27181
0.0972839	27182
0.0972875	27183
0.0972899	27184
0.0972935	27185
0.0972948	27186
0.0972984	27187
0.0972996	27188
0.0973032	27189
0.0973044	27190
0.097308	27191
0.0973116	27192
0.0973152	27193
0.0973188	27194
0.0973224	27195
0.097326	27196
0.0973296	27197
0.0973332	27198
0.0973368	27199
0.0973404	27200
0.097344	27201
0.0973476	27202
0.0973512	27203
0.0973549	27204
0.0973585	27205
0.0973621	27206
0.0973657	27207
0.0973693	27208
0.0973729	27209
0.0973765	27210
0.0973801	27211
0.0973837	27212
0.0973873	27213
0.0973909	27214
0.0973945	27215
0.0973981	27216
0.0974017	27217
0.0974053	27218
0.0974089	27219
0.0974125	27220
0.0974162	27221
0.0974198	27222
0.0974234	27223
0.097427	27224
0.0974306	27225
0.0974342	27226
0.0974378	27227
0.0974414	27228
0.097445	27229
0.0974486	27230
0.0974522	27231
0.0974558	27232
0.0974594	27233
0.097463	27234
0.0974666	27235
0.0974702	27236
0.0974738	27237
0.0974775	27238
0.0974811	27239
0.0974847	27240
0.0974883	27241
0.0974919	27242
0.0974955	27243
0.0974991	27244
0.0975027	27245
0.0975063	27246
0.0975099	27247
0.0975135	27248
0.0975171	27249
0.0975207	27250
0.0975243	27251
0.0975279	27252
0.0975315	27254
0.0975352	27255
0.0975388	27256
0.0975424	27257
0.0975448	27258
0.0975472	27259
0.0975508	27260
0.0975532	27261
0.0975556	27262
0.0975736	27263
0.097576	27264
0.0975784	27265
0.0975808	27266
0.097588	27267
0.0975916	27268
0.0975953	27269
0.0975989	27270
0.0976025	27271
0.0976049	27272
0.0976085	27273
0.0976109	27274
0.0976145	27275
0.0976157	27276
0.0976193	27277
0.0976205	27278
0.0976241	27279
0.0976253	27280
0.0976289	27281
0.0976325	27282
0.0976361	27283
0.0976397	27284
0.0976433	27285
0.0976469	27286
0.0976505	27287
0.0976541	27288
0.0976578	27289
0.0976614	27290
0.097665	27291
0.0976686	27292
0.0976722	27293
0.0976758	27294
0.0976794	27295
0.097683	27296
0.0976866	27297
0.0976902	27298
0.0976938	27299
0.0976974	27300
0.097701	27301
0.0977046	27302
0.0977082	27303
0.0977118	27304
0.0977155	27305
0.0977191	27306
0.0977227	27307
0.0977263	27308
0.0977299	27309
0.0977335	27310
0.0977371	27311
0.0977407	27312
0.0977443	27313
0.0977479	27314
0.0977515	27315
0.0977551	27316
0.0977587	27317
0.0977623	27318
0.0977659	27319
0.0977695	27320
0.0977731	27321
0.0977768	27322
0.0977804	27323
0.097784	27324
0.0977876	27325
0.0977912	27326
0.0977948	27327
0.0977984	27328
0.097802	27329
0.0978056	27330
0.0978092	27331
0.0978128	27332
0.0978164	27333
0.09782	27334
0.0978236	27335
0.0978272	27336
0.0978308	27337
0.0978344	27338
0.0978381	27339
0.0978417	27340
0.0978453	27341
0.0978489	27342
0.0978525	27343
0.0978561	27344
0.0978597	27345
0.0978633	27346
0.0978657	27347
0.0978681	27348
0.0978717	27349
0.0978741	27350
0.0978765	27351
0.0978945	27352
0.097897	27353
0.0978994	27354
0.0979018	27355
0.097909	27356
0.0979126	27357
0.0979162	27358
0.0979198	27359
0.0979234	27360
0.0979258	27361
0.0979294	27362
0.0979318	27363
0.0979354	27364
0.0979366	27365
0.0979402	27366
0.0979414	27367
0.097945	27368
0.0979462	27369
0.0979498	27370
0.0979534	27371
0.0979571	27372
0.0979607	27373
0.0979643	27375
0.0979679	27376
0.0979715	27377
0.0979751	27378
0.0979787	27379
0.0979823	27380
0.0979859	27381
0.0979895	27382
0.0979931	27383
0.0979967	27384
0.0980003	27385
0.0980039	27386
0.0980075	27387
0.0980111	27388
0.0980147	27389
0.0980184	27390
0.098022	27391
0.0980256	27392
0.0980292	27393
0.0980328	27394
0.0980364	27395
0.09804	27396
0.0980436	27397
0.0980472	27398
0.0980508	27399
0.0980544	27400
0.098058	27401
0.0980616	27402
0.0980652	27403
0.0980688	27404
0.0980724	27405
0.0980761	27406
0.0980797	27407
0.0980833	27408
0.0980869	27409
0.0980905	27410
0.0980941	27411
0.0980977	27412
0.0981013	27413
0.0981049	27414
0.0981085	27415
0.0981121	27416
0.0981157	27417
0.0981193	27418
0.0981229	27419
0.0981265	27420
0.0981301	27421
0.0981337	27422
0.0981374	27423
0.098141	27424
0.0981446	27425
0.0981482	27426
0.0981518	27427
0.0981554	27428
0.098159	27429
0.0981626	27430
0.0981662	27431
0.0981698	27432
0.0981734	27433
0.098177	27434
0.0981806	27435
0.0981842	27436
0.0981866	27437
0.098189	27438
0.0981926	27439
0.098195	27440
0.0981975	27441
0.0982155	27442
0.0982179	27443
0.0982203	27444
0.0982227	27445
0.0982299	27446
0.0982335	27447
0.0982371	27448
0.0982407	27449
0.0982443	27450
0.0982467	27451
0.0982503	27452
0.0982527	27453
0.0982564	27454
0.0982576	27455
0.0982612	27456
0.0982624	27457
0.098266	27458
0.0982672	27459
0.0982708	27460
0.0982744	27461
0.098278	27462
0.0982816	27463
0.0982852	27464
0.0982888	27465
0.0982924	27466
0.098296	27467
0.0982996	27468
0.0983032	27469
0.0983068	27470
0.0983104	27471
0.098314	27472
0.0983177	27473
0.0983213	27474
0.0983249	27475
0.0983285	27476
0.0983321	27477
0.0983357	27478
0.0983393	27479
0.0983429	27480
0.0983465	27481
0.0983501	27482
0.0983537	27483
0.0983573	27484
0.0983609	27485
0.0983645	27486
0.0983681	27487
0.0983717	27488
0.0983753	27489
0.098379	27490
0.0983826	27491
0.0983862	27492
0.0983898	27493
0.0983934	27494
0.098397	27495
0.0984006	27497
0.0984042	27498
0.0984078	27499
0.0984114	27500
0.098415	27501
0.0984186	27502
0.0984222	27503
0.0984258	27504
0.0984294	27505
0.098433	27506
0.0984367	27507
0.0984403	27508
0.0984439	27509
0.0984475	27510
0.0984511	27511
0.0984547	27512
0.0984583	27513
0.0984619	27514
0.0984655	27515
0.0984691	27516
0.0984727	27517
0.0984763	27518
0.0984799	27519
0.0984835	27520
0.0984871	27521
0.0984907	27522
0.0984943	27523
0.098498	27524
0.0985016	27525
0.0985052	27526
0.0985076	27527
0.09851	27528
0.0985136	27529
0.098516	27530
0.0985184	27531
0.0985364	27532
0.0985388	27533
0.0985412	27534
0.0985436	27535
0.0985508	27536
0.0985544	27537
0.0985581	27538
0.0985617	27539
0.0985653	27540
0.0985677	27541
0.0985713	27542
0.0985737	27543
0.0985773	27544
0.0985785	27545
0.0985821	27546
0.0985833	27547
0.0985869	27548
0.0985881	27549
0.0985917	27550
0.0985953	27551
0.0985989	27552
0.0986025	27553
0.0986061	27554
0.0986097	27555
0.0986133	27556
0.098617	27557
0.0986206	27558
0.0986242	27559
0.0986278	27560
0.0986314	27561
0.098635	27562
0.0986386	27563
0.0986422	27564
0.0986458	27565
0.0986494	27566
0.098653	27567
0.0986566	27568
0.0986602	27569
0.0986638	27570
0.0986674	27571
0.098671	27572
0.0986746	27573
0.0986783	27574
0.0986819	27575
0.0986855	27576
0.0986891	27577
0.0986927	27578
0.0986963	27579
0.0986999	27580
0.0987035	27581
0.0987071	27582
0.0987107	27583
0.0987143	27584
0.0987179	27585
0.0987215	27586
0.0987251	27587
0.0987287	27588
0.0987323	27589
0.0987359	27590
0.0987396	27591
0.0987432	27592
0.0987468	27593
0.0987504	27594
0.098754	27595
0.0987576	27596
0.0987612	27597
0.0987648	27598
0.0987684	27599
0.098772	27600
0.0987756	27601
0.0987792	27602
0.0987828	27603
0.0987864	27604
0.09879	27605
0.0987936	27606
0.0987973	27607
0.0988009	27608
0.0988045	27609
0.0988081	27610
0.0988117	27611
0.0988153	27612
0.0988189	27613
0.0988225	27614
0.0988261	27615
0.0988285	27616
0.0988309	27617
0.0988345	27619
0.0988369	27620
0.0988393	27621
0.0988574	27622
0.0988598	27623
0.0988622	27624
0.0988646	27625
0.0988718	27626
0.0988754	27627
0.098879	27628
0.0988826	27629
0.0988862	27630
0.0988886	27631
0.0988922	27632
0.0988946	27633
0.0988982	27634
0.0988994	27635
0.098903	27636
0.0989042	27637
0.0989078	27638
0.098909	27639
0.0989126	27640
0.0989162	27641
0.0989199	27642
0.0989235	27643
0.0989271	27644
0.0989307	27645
0.0989343	27646
0.0989379	27647
0.0989415	27648
0.0989451	27649
0.0989487	27650
0.0989523	27651
0.0989559	27652
0.0989595	27653
0.0989631	27654
0.0989667	27655
0.0989703	27656
0.0989739	27657
0.0989776	27658
0.0989812	27659
0.0989848	27660
0.0989884	27661
0.098992	27662
0.0989956	27663
0.0989992	27664
0.0990028	27665
0.0990064	27666
0.09901	27667
0.0990136	27668
0.0990172	27669
0.0990208	27670
0.0990244	27671
0.099028	27672
0.0990316	27673
0.0990352	27674
0.0990389	27675
0.0990425	27676
0.0990461	27677
0.0990497	27678
0.0990533	27679
0.0990569	27680
0.0990605	27681
0.0990641	27682
0.0990677	27683
0.0990713	27684
0.0990749	27685
0.0990785	27686
0.0990821	27687
0.0990857	27688
0.0990893	27689
0.0990929	27690
0.0990965	27691
0.0991002	27692
0.0991038	27693
0.0991074	27694
0.099111	27695
0.0991146	27696
0.0991182	27697
0.0991218	27698
0.0991254	27699
0.099129	27700
0.0991326	27701
0.0991362	27702
0.0991398	27703
0.0991434	27704
0.099147	27705
0.0991494	27706
0.0991518	27707
0.0991554	27708
0.0991579	27709
0.0991603	27710
0.0991783	27711
0.0991807	27712
0.0991831	27713
0.0991855	27714
0.0991927	27715
0.0991963	27716
0.0991999	27717
0.0992035	27718
0.0992071	27719
0.0992095	27720
0.0992131	27721
0.0992155	27722
0.0992192	27723
0.0992204	27724
0.099224	27725
0.0992252	27726
0.0992288	27727
0.09923	27728
0.0992336	27729
0.0992372	27730
0.0992408	27731
0.0992444	27732
0.099248	27733
0.0992516	27734
0.0992552	27735
0.0992588	27736
0.0992624	27737
0.099266	27738
0.0992696	27740
0.0992732	27741
0.0992768	27742
0.0992805	27743
0.0992841	27744
0.0992877	27745
0.0992913	27746
0.0992949	27747
0.0992985	27748
0.0993021	27749
0.0993057	27750
0.0993093	27751
0.0993129	27752
0.0993165	27753
0.0993201	27754
0.0993237	27755
0.0993273	27756
0.0993309	27757
0.0993345	27758
0.0993382	27759
0.0993418	27760
0.0993454	27761
0.099349	27762
0.0993526	27763
0.0993562	27764
0.0993598	27765
0.0993634	27766
0.099367	27767
0.0993706	27768
0.0993742	27769
0.0993778	27770
0.0993814	27771
0.099385	27772
0.0993886	27773
0.0993922	27774
0.0993958	27775
0.0993995	27776
0.0994031	27777
0.0994067	27778
0.0994103	27779
0.0994139	27780
0.0994175	27781
0.0994211	27782
0.0994247	27783
0.0994283	27784
0.0994319	27785
0.0994355	27786
0.0994391	27787
0.0994427	27788
0.0994463	27789
0.0994499	27790
0.0994535	27791
0.0994571	27792
0.0994608	27793
0.0994644	27794
0.099468	27795
0.0994704	27796
0.0994728	27797
0.0994764	27798
0.0994788	27799
0.0994812	27800
0.0994992	27801
0.0995016	27802
0.099504	27803
0.0995064	27804
0.0995136	27805
0.0995172	27806
0.0995209	27807
0.0995245	27808
0.0995281	27809
0.0995305	27810
0.0995341	27811
0.0995365	27812
0.0995401	27813
0.0995413	27814
0.0995449	27815
0.0995461	27816
0.0995497	27817
0.0995509	27818
0.0995545	27819
0.0995581	27820
0.0995617	27821
0.0995653	27822
0.0995689	27823
0.0995725	27824
0.0995761	27825
0.0995798	27826
0.0995834	27827
0.099587	27828
0.0995906	27829
0.0995942	27830
0.0995978	27831
0.0996014	27832
0.099605	27833
0.0996086	27834
0.0996122	27835
0.0996158	27836
0.0996194	27837
0.099623	27838
0.0996266	27839
0.0996302	27840
0.0996338	27841
0.0996374	27842
0.0996411	27843
0.0996447	27844
0.0996483	27845
0.0996519	27846
0.0996555	27847
0.0996591	27848
0.0996627	27849
0.0996663	27850
0.0996699	27851
0.0996735	27852
0.0996771	27853
0.0996807	27854
0.0996843	27855
0.0996879	27856
0.0996915	27857
0.0996951	27858
0.0996988	27859
0.0997024	27860
0.099706	27862
0.0997096	27863
0.0997132	27864
0.0997168	27865
0.0997204	27866
0.099724	27867
0.0997276	27868
0.0997312	27869
0.0997348	27870
0.0997384	27871
0.099742	27872
0.0997456	27873
0.0997492	27874
0.0997528	27875
0.0997564	27876
0.0997601	27877
0.0997637	27878
0.0997673	27879
0.0997709	27880
0.0997745	27881
0.0997781	27882
0.0997817	27883
0.0997853	27884
0.0997889	27885
0.0997913	27886
0.0997937	27887
0.0997973	27888
0.0997997	27889
0.0998021	27890
0.0998202	27891
0.0998226	27892
0.099825	27893
0.0998274	27894
0.0998346	27895
0.0998382	27896
0.0998418	27897
0.0998454	27898
0.099849	27899
0.0998514	27900
0.099855	27901
0.0998574	27902
0.099861	27903
0.0998622	27904
0.0998658	27905
0.099867	27906
0.0998706	27907
0.0998718	27908
0.0998754	27909
0.0998791	27910
0.0998827	27911
0.0998863	27912
0.0998899	27913
0.0998935	27914
0.0998971	27915
0.0999007	27916
0.0999043	27917
0.0999079	27918
0.0999115	27919
0.0999151	27920
0.0999187	27921
0.0999223	27922
0.0999259	27923
0.0999295	27924
0.0999331	27925
0.0999367	27926
0.0999404	27927
0.099944	27928
0.0999476	27929
0.0999512	27930
0.0999548	27931
0.0999584	27932
0.099962	27933
0.0999656	27934
0.0999692	27935
0.0999728	27936
0.0999764	27937
0.09998	27938
0.0999836	27939
0.0999872	27940
0.0999908	27941
0.0999944	27942
0.099998	27943
0.100002	27944
0.100005	27945
0.100009	27946
0.100012	27947
0.100016	27948
0.10002	27949
0.100023	27950
0.100027	27951
0.100031	27952
0.100034	27953
0.100038	27954
0.100041	27955
0.100045	27956
0.100049	27957
0.100052	27958
0.100056	27959
0.100059	27960
0.100063	27961
0.100067	27962
0.10007	27963
0.100074	27964
0.100077	27965
0.100081	27966
0.100085	27967
0.100088	27968
0.100092	27969
0.100095	27970
0.100099	27971
0.100103	27972
0.100106	27973
0.10011	27974
0.100112	27975
0.100115	27976
0.100118	27977
0.100121	27978
0.100123	27979
0.100141	27980
0.100143	27981
0.100146	27982
0.100148	27984
0.100156	27985
0.100159	27986
0.100163	27987
0.100166	27988
0.10017	27989
0.100172	27990
0.100176	27991
0.100178	27992
0.100182	27993
0.100183	27994
0.100187	27995
0.100188	27996
0.100192	27997
0.100193	27998
0.100196	27999
0.1002	28000
0.100204	28001
0.100207	28002
0.100211	28003
0.100214	28004
0.100218	28005
0.100222	28006
0.100225	28007
0.100229	28008
0.100232	28009
0.100236	28010
0.10024	28011
0.100243	28012
0.100247	28013
0.10025	28014
0.100254	28015
0.100258	28016
0.100261	28017
0.100265	28018
0.100268	28019
0.100272	28020
0.100276	28021
0.100279	28022
0.100283	28023
0.100287	28024
0.10029	28025
0.100294	28026
0.100297	28027
0.100301	28028
0.100305	28029
0.100308	28030
0.100312	28031
0.100315	28032
0.100319	28033
0.100323	28034
0.100326	28035
0.10033	28036
0.100333	28037
0.100337	28038
0.100341	28039
0.100344	28040
0.100348	28041
0.100351	28042
0.100355	28043
0.100359	28044
0.100362	28045
0.100366	28046
0.100369	28047
0.100373	28048
0.100377	28049
0.10038	28050
0.100384	28051
0.100387	28052
0.100391	28053
0.100395	28054
0.100398	28055
0.100402	28056
0.100406	28057
0.100409	28058
0.100413	28059
0.100416	28060
0.10042	28061
0.100424	28062
0.100427	28063
0.100431	28064
0.100433	28065
0.100436	28066
0.100439	28067
0.100442	28068
0.100444	28069
0.100462	28070
0.100464	28071
0.100467	28072
0.100469	28073
0.100476	28074
0.10048	28075
0.100484	28076
0.100487	28077
0.100491	28078
0.100493	28079
0.100497	28080
0.100499	28081
0.100503	28082
0.100504	28083
0.100508	28084
0.100509	28085
0.100513	28086
0.100514	28087
0.100517	28088
0.100521	28089
0.100525	28090
0.100528	28091
0.100532	28092
0.100535	28093
0.100539	28094
0.100543	28095
0.100546	28096
0.10055	28097
0.100553	28098
0.100557	28099
0.100561	28100
0.100564	28101
0.100568	28102
0.100571	28103
0.100575	28105
0.100579	28106
0.100582	28107
0.100586	28108
0.100589	28109
0.100593	28110
0.100597	28111
0.1006	28112
0.100604	28113
0.100607	28114
0.100611	28115
0.100615	28116
0.100618	28117
0.100622	28118
0.100625	28119
0.100629	28120
0.100633	28121
0.100636	28122
0.10064	28123
0.100644	28124
0.100647	28125
0.100651	28126
0.100654	28127
0.100658	28128
0.100662	28129
0.100665	28130
0.100669	28131
0.100672	28132
0.100676	28133
0.10068	28134
0.100683	28135
0.100687	28136
0.10069	28137
0.100694	28138
0.100698	28139
0.100701	28140
0.100705	28141
0.100708	28142
0.100712	28143
0.100716	28144
0.100719	28145
0.100723	28146
0.100726	28147
0.10073	28148
0.100734	28149
0.100737	28150
0.100741	28151
0.100744	28152
0.100748	28153
0.100752	28154
0.100754	28155
0.100757	28156
0.10076	28157
0.100763	28158
0.100765	28159
0.100783	28160
0.100785	28161
0.100788	28162
0.10079	28163
0.100797	28164
0.100801	28165
0.100805	28166
0.100808	28167
0.100812	28168
0.100814	28169
0.100818	28170
0.10082	28171
0.100824	28172
0.100825	28173
0.100829	28174
0.10083	28175
0.100833	28176
0.100835	28177
0.100838	28178
0.100842	28179
0.100845	28180
0.100849	28181
0.100853	28182
0.100856	28183
0.10086	28184
0.100863	28185
0.100867	28186
0.100871	28187
0.100874	28188
0.100878	28189
0.100882	28190
0.100885	28191
0.100889	28192
0.100892	28193
0.100896	28194
0.1009	28195
0.100903	28196
0.100907	28197
0.10091	28198
0.100914	28199
0.100918	28200
0.100921	28201
0.100925	28202
0.100928	28203
0.100932	28204
0.100936	28205
0.100939	28206
0.100943	28207
0.100946	28208
0.10095	28209
0.100954	28210
0.100957	28211
0.100961	28212
0.100964	28213
0.100968	28214
0.100972	28215
0.100975	28216
0.100979	28217
0.100982	28218
0.100986	28219
0.10099	28220
0.100993	28221
0.100997	28222
0.101001	28223
0.101004	28224
0.101008	28225
0.101011	28227
0.101015	28228
0.101019	28229
0.101022	28230
0.101026	28231
0.101029	28232
0.101033	28233
0.101037	28234
0.10104	28235
0.101044	28236
0.101047	28237
0.101051	28238
0.101055	28239
0.101058	28240
0.101062	28241
0.101065	28242
0.101069	28243
0.101073	28244
0.101075	28245
0.101077	28246
0.101081	28247
0.101083	28248
0.101086	28249
0.101104	28250
0.101106	28251
0.101109	28252
0.101111	28253
0.101118	28254
0.101122	28255
0.101126	28256
0.101129	28257
0.101133	28258
0.101135	28259
0.101139	28260
0.101141	28261
0.101145	28262
0.101146	28263
0.10115	28264
0.101151	28265
0.101154	28266
0.101156	28267
0.101159	28268
0.101163	28269
0.101166	28270
0.10117	28271
0.101174	28272
0.101177	28273
0.101181	28274
0.101184	28275
0.101188	28276
0.101192	28277
0.101195	28278
0.101199	28279
0.101202	28280
0.101206	28281
0.10121	28282
0.101213	28283
0.101217	28284
0.10122	28285
0.101224	28286
0.101228	28287
0.101231	28288
0.101235	28289
0.101239	28290
0.101242	28291
0.101246	28292
0.101249	28293
0.101253	28294
0.101257	28295
0.10126	28296
0.101264	28297
0.101267	28298
0.101271	28299
0.101275	28300
0.101278	28301
0.101282	28302
0.101285	28303
0.101289	28304
0.101293	28305
0.101296	28306
0.1013	28307
0.101303	28308
0.101307	28309
0.101311	28310
0.101314	28311
0.101318	28312
0.101321	28313
0.101325	28314
0.101329	28315
0.101332	28316
0.101336	28317
0.101339	28318
0.101343	28319
0.101347	28320
0.10135	28321
0.101354	28322
0.101358	28323
0.101361	28324
0.101365	28325
0.101368	28326
0.101372	28327
0.101376	28328
0.101379	28329
0.101383	28330
0.101386	28331
0.10139	28332
0.101394	28333
0.101396	28334
0.101398	28335
0.101402	28336
0.101404	28337
0.101407	28338
0.101425	28339
0.101427	28340
0.10143	28341
0.101432	28342
0.101439	28343
0.101443	28344
0.101446	28345
0.10145	28346
0.101454	28347
0.101456	28349
0.10146	28350
0.101462	28351
0.101466	28352
0.101467	28353
0.10147	28354
0.101472	28355
0.101475	28356
0.101477	28357
0.10148	28358
0.101484	28359
0.101487	28360
0.101491	28361
0.101495	28362
0.101498	28363
0.101502	28364
0.101505	28365
0.101509	28366
0.101513	28367
0.101516	28368
0.10152	28369
0.101523	28370
0.101527	28371
0.101531	28372
0.101534	28373
0.101538	28374
0.101541	28375
0.101545	28376
0.101549	28377
0.101552	28378
0.101556	28379
0.101559	28380
0.101563	28381
0.101567	28382
0.10157	28383
0.101574	28384
0.101577	28385
0.101581	28386
0.101585	28387
0.101588	28388
0.101592	28389
0.101596	28390
0.101599	28391
0.101603	28392
0.101606	28393
0.10161	28394
0.101614	28395
0.101617	28396
0.101621	28397
0.101624	28398
0.101628	28399
0.101632	28400
0.101635	28401
0.101639	28402
0.101642	28403
0.101646	28404
0.10165	28405
0.101653	28406
0.101657	28407
0.10166	28408
0.101664	28409
0.101668	28410
0.101671	28411
0.101675	28412
0.101678	28413
0.101682	28414
0.101686	28415
0.101689	28416
0.101693	28417
0.101696	28418
0.1017	28419
0.101704	28420
0.101707	28421
0.101711	28422
0.101715	28423
0.101717	28424
0.101719	28425
0.101723	28426
0.101725	28427
0.101728	28428
0.101746	28429
0.101748	28430
0.101751	28431
0.101753	28432
0.10176	28433
0.101764	28434
0.101767	28435
0.101771	28436
0.101775	28437
0.101777	28438
0.101781	28439
0.101783	28440
0.101787	28441
0.101788	28442
0.101791	28443
0.101793	28444
0.101796	28445
0.101797	28446
0.101801	28447
0.101805	28448
0.101808	28449
0.101812	28450
0.101815	28451
0.101819	28452
0.101823	28453
0.101826	28454
0.10183	28455
0.101834	28456
0.101837	28457
0.101841	28458
0.101844	28459
0.101848	28460
0.101852	28461
0.101855	28462
0.101859	28463
0.101862	28464
0.101866	28465
0.10187	28466
0.101873	28467
0.101877	28468
0.10188	28470
0.101884	28471
0.101888	28472
0.101891	28473
0.101895	28474
0.101898	28475
0.101902	28476
0.101906	28477
0.101909	28478
0.101913	28479
0.101916	28480
0.10192	28481
0.101924	28482
0.101927	28483
0.101931	28484
0.101934	28485
0.101938	28486
0.101942	28487
0.101945	28488
0.101949	28489
0.101953	28490
0.101956	28491
0.10196	28492
0.101963	28493
0.101967	28494
0.101971	28495
0.101974	28496
0.101978	28497
0.101981	28498
0.101985	28499
0.101989	28500
0.101992	28501
0.101996	28502
0.101999	28503
0.102003	28504
0.102007	28505
0.10201	28506
0.102014	28507
0.102017	28508
0.102021	28509
0.102025	28510
0.102028	28511
0.102032	28512
0.102035	28513
0.102038	28514
0.10204	28515
0.102044	28516
0.102046	28517
0.102049	28518
0.102067	28519
0.102069	28520
0.102071	28521
0.102074	28522
0.102081	28523
0.102085	28524
0.102088	28525
0.102092	28526
0.102096	28527
0.102098	28528
0.102102	28529
0.102104	28530
0.102108	28531
0.102109	28532
0.102112	28533
0.102114	28534
0.102117	28535
0.102118	28536
0.102122	28537
0.102126	28538
0.102129	28539
0.102133	28540
0.102136	28541
0.10214	28542
0.102144	28543
0.102147	28544
0.102151	28545
0.102154	28546
0.102158	28547
0.102162	28548
0.102165	28549
0.102169	28550
0.102172	28551
0.102176	28552
0.10218	28553
0.102183	28554
0.102187	28555
0.10219	28556
0.102194	28557
0.102198	28558
0.102201	28559
0.102205	28560
0.102209	28561
0.102212	28562
0.102216	28563
0.102219	28564
0.102223	28565
0.102227	28566
0.10223	28567
0.102234	28568
0.102237	28569
0.102241	28570
0.102245	28571
0.102248	28572
0.102252	28573
0.102255	28574
0.102259	28575
0.102263	28576
0.102266	28577
0.10227	28578
0.102273	28579
0.102277	28580
0.102281	28581
0.102284	28582
0.102288	28583
0.102291	28584
0.102295	28585
0.102299	28586
0.102302	28587
0.102306	28588
0.102309	28589
0.102313	28590
0.102317	28592
0.10232	28593
0.102324	28594
0.102328	28595
0.102331	28596
0.102335	28597
0.102338	28598
0.102342	28599
0.102346	28600
0.102349	28601
0.102353	28602
0.102356	28603
0.102359	28604
0.102361	28605
0.102365	28606
0.102367	28607
0.10237	28608
0.102388	28609
0.10239	28610
0.102392	28611
0.102395	28612
0.102402	28613
0.102406	28614
0.102409	28615
0.102413	28616
0.102416	28617
0.102419	28618
0.102422	28619
0.102425	28620
0.102428	28621
0.10243	28622
0.102433	28623
0.102435	28624
0.102438	28625
0.102439	28626
0.102443	28627
0.102447	28628
0.10245	28629
0.102454	28630
0.102457	28631
0.102461	28632
0.102465	28633
0.102468	28634
0.102472	28635
0.102475	28636
0.102479	28637
0.102483	28638
0.102486	28639
0.10249	28640
0.102493	28641
0.102497	28642
0.102501	28643
0.102504	28644
0.102508	28645
0.102511	28646
0.102515	28647
0.102519	28648
0.102522	28649
0.102526	28650
0.102529	28651
0.102533	28652
0.102537	28653
0.10254	28654
0.102544	28655
0.102547	28656
0.102551	28657
0.102555	28658
0.102558	28659
0.102562	28660
0.102566	28661
0.102569	28662
0.102573	28663
0.102576	28664
0.10258	28665
0.102584	28666
0.102587	28667
0.102591	28668
0.102594	28669
0.102598	28670
0.102602	28671
0.102605	28672
0.102609	28673
0.102612	28674
0.102616	28675
0.10262	28676
0.102623	28677
0.102627	28678
0.10263	28679
0.102634	28680
0.102638	28681
0.102641	28682
0.102645	28683
0.102648	28684
0.102652	28685
0.102656	28686
0.102659	28687
0.102663	28688
0.102666	28689
0.10267	28690
0.102674	28691
0.102677	28692
0.10268	28693
0.102682	28694
0.102686	28695
0.102688	28696
0.102691	28697
0.102709	28698
0.102711	28699
0.102713	28700
0.102716	28701
0.102723	28702
0.102727	28703
0.10273	28704
0.102734	28705
0.102737	28706
0.10274	28707
0.102743	28708
0.102746	28709
0.102749	28710
0.102751	28711
0.102754	28712
0.102755	28714
0.102759	28715
0.10276	28716
0.102764	28717
0.102767	28718
0.102771	28719
0.102775	28720
0.102778	28721
0.102782	28722
0.102785	28723
0.102789	28724
0.102793	28725
0.102796	28726
0.1028	28727
0.102804	28728
0.102807	28729
0.102811	28730
0.102814	28731
0.102818	28732
0.102822	28733
0.102825	28734
0.102829	28735
0.102832	28736
0.102836	28737
0.10284	28738
0.102843	28739
0.102847	28740
0.10285	28741
0.102854	28742
0.102858	28743
0.102861	28744
0.102865	28745
0.102868	28746
0.102872	28747
0.102876	28748
0.102879	28749
0.102883	28750
0.102886	28751
0.10289	28752
0.102894	28753
0.102897	28754
0.102901	28755
0.102904	28756
0.102908	28757
0.102912	28758
0.102915	28759
0.102919	28760
0.102923	28761
0.102926	28762
0.10293	28763
0.102933	28764
0.102937	28765
0.102941	28766
0.102944	28767
0.102948	28768
0.102951	28769
0.102955	28770
0.102959	28771
0.102962	28772
0.102966	28773
0.102969	28774
0.102973	28775
0.102977	28776
0.10298	28777
0.102984	28778
0.102987	28779
0.102991	28780
0.102995	28781
0.102998	28782
0.103001	28783
0.103003	28784
0.103007	28785
0.103009	28786
0.103011	28787
0.103029	28788
0.103032	28789
0.103034	28790
0.103037	28791
0.103044	28792
0.103048	28793
0.103051	28794
0.103055	28795
0.103058	28796
0.103061	28797
0.103064	28798
0.103067	28799
0.10307	28800
0.103072	28801
0.103075	28802
0.103076	28803
0.10308	28804
0.103081	28805
0.103085	28806
0.103088	28807
0.103092	28808
0.103096	28809
0.103099	28810
0.103103	28811
0.103106	28812
0.10311	28813
0.103114	28814
0.103117	28815
0.103121	28816
0.103124	28817
0.103128	28818
0.103132	28819
0.103135	28820
0.103139	28821
0.103142	28822
0.103146	28823
0.10315	28824
0.103153	28825
0.103157	28826
0.103161	28827
0.103164	28828
0.103168	28829
0.103171	28830
0.103175	28831
0.103179	28832
0.103182	28833
0.103186	28835
0.103189	28836
0.103193	28837
0.103197	28838
0.1032	28839
0.103204	28840
0.103207	28841
0.103211	28842
0.103215	28843
0.103218	28844
0.103222	28845
0.103225	28846
0.103229	28847
0.103233	28848
0.103236	28849
0.10324	28850
0.103243	28851
0.103247	28852
0.103251	28853
0.103254	28854
0.103258	28855
0.103261	28856
0.103265	28857
0.103269	28858
0.103272	28859
0.103276	28860
0.10328	28861
0.103283	28862
0.103287	28863
0.10329	28864
0.103294	28865
0.103298	28866
0.103301	28867
0.103305	28868
0.103308	28869
0.103312	28870
0.103316	28871
0.103319	28872
0.103322	28873
0.103324	28874
0.103328	28875
0.10333	28876
0.103332	28877
0.10335	28878
0.103353	28879
0.103355	28880
0.103358	28881
0.103365	28882
0.103368	28883
0.103372	28884
0.103376	28885
0.103379	28886
0.103382	28887
0.103385	28888
0.103388	28889
0.103391	28890
0.103392	28891
0.103396	28892
0.103397	28893
0.103401	28894
0.103402	28895
0.103406	28896
0.103409	28897
0.103413	28898
0.103417	28899
0.10342	28900
0.103424	28901
0.103427	28902
0.103431	28903
0.103435	28904
0.103438	28905
0.103442	28906
0.103445	28907
0.103449	28908
0.103453	28909
0.103456	28910
0.10346	28911
0.103463	28912
0.103467	28913
0.103471	28914
0.103474	28915
0.103478	28916
0.103481	28917
0.103485	28918
0.103489	28919
0.103492	28920
0.103496	28921
0.103499	28922
0.103503	28923
0.103507	28924
0.10351	28925
0.103514	28926
0.103518	28927
0.103521	28928
0.103525	28929
0.103528	28930
0.103532	28931
0.103536	28932
0.103539	28933
0.103543	28934
0.103546	28935
0.10355	28936
0.103554	28937
0.103557	28938
0.103561	28939
0.103564	28940
0.103568	28941
0.103572	28942
0.103575	28943
0.103579	28944
0.103582	28945
0.103586	28946
0.10359	28947
0.103593	28948
0.103597	28949
0.1036	28950
0.103604	28951
0.103608	28952
0.103611	28953
0.103615	28954
0.103618	28955
0.103622	28957
0.103626	28958
0.103629	28959
0.103633	28960
0.103637	28961
0.10364	28962
0.103643	28963
0.103645	28964
0.103649	28965
0.103651	28966
0.103653	28967
0.103671	28968
0.103674	28969
0.103676	28970
0.103679	28971
0.103686	28972
0.103689	28973
0.103693	28974
0.103697	28975
0.1037	28976
0.103703	28977
0.103706	28978
0.103709	28979
0.103712	28980
0.103713	28981
0.103717	28982
0.103718	28983
0.103722	28984
0.103723	28985
0.103727	28986
0.10373	28987
0.103734	28988
0.103737	28989
0.103741	28990
0.103745	28991
0.103748	28992
0.103752	28993
0.103756	28994
0.103759	28995
0.103763	28996
0.103766	28997
0.10377	28998
0.103774	28999
0.103777	29000
0.103781	29001
0.103784	29002
0.103788	29003
0.103792	29004
0.103795	29005
0.103799	29006
0.103802	29007
0.103806	29008
0.10381	29009
0.103813	29010
0.103817	29011
0.10382	29012
0.103824	29013
0.103828	29014
0.103831	29015
0.103835	29016
0.103838	29017
0.103842	29018
0.103846	29019
0.103849	29020
0.103853	29021
0.103856	29022
0.10386	29023
0.103864	29024
0.103867	29025
0.103871	29026
0.103874	29027
0.103878	29028
0.103882	29029
0.103885	29030
0.103889	29031
0.103893	29032
0.103896	29033
0.1039	29034
0.103903	29035
0.103907	29036
0.103911	29037
0.103914	29038
0.103918	29039
0.103921	29040
0.103925	29041
0.103929	29042
0.103932	29043
0.103936	29044
0.103939	29045
0.103943	29046
0.103947	29047
0.10395	29048
0.103954	29049
0.103957	29050
0.103961	29051
0.103963	29052
0.103966	29053
0.103969	29054
0.103972	29055
0.103974	29056
0.103992	29057
0.103995	29058
0.103997	29059
0.104	29060
0.104007	29061
0.10401	29062
0.104014	29063
0.104018	29064
0.104021	29065
0.104024	29066
0.104027	29067
0.10403	29068
0.104033	29069
0.104034	29070
0.104038	29071
0.104039	29072
0.104043	29073
0.104044	29074
0.104048	29075
0.104051	29076
0.104055	29077
0.104058	29079
0.104062	29080
0.104066	29081
0.104069	29082
0.104073	29083
0.104076	29084
0.10408	29085
0.104084	29086
0.104087	29087
0.104091	29088
0.104094	29089
0.104098	29090
0.104102	29091
0.104105	29092
0.104109	29093
0.104112	29094
0.104116	29095
0.10412	29096
0.104123	29097
0.104127	29098
0.104131	29099
0.104134	29100
0.104138	29101
0.104141	29102
0.104145	29103
0.104149	29104
0.104152	29105
0.104156	29106
0.104159	29107
0.104163	29108
0.104167	29109
0.10417	29110
0.104174	29111
0.104177	29112
0.104181	29113
0.104185	29114
0.104188	29115
0.104192	29116
0.104195	29117
0.104199	29118
0.104203	29119
0.104206	29120
0.10421	29121
0.104213	29122
0.104217	29123
0.104221	29124
0.104224	29125
0.104228	29126
0.104231	29127
0.104235	29128
0.104239	29129
0.104242	29130
0.104246	29131
0.10425	29132
0.104253	29133
0.104257	29134
0.10426	29135
0.104264	29136
0.104268	29137
0.104271	29138
0.104275	29139
0.104278	29140
0.104282	29141
0.104284	29142
0.104287	29143
0.10429	29144
0.104293	29145
0.104295	29146
0.104313	29147
0.104316	29148
0.104318	29149
0.10432	29150
0.104328	29151
0.104331	29152
0.104335	29153
0.104338	29154
0.104342	29155
0.104344	29156
0.104348	29157
0.10435	29158
0.104354	29159
0.104355	29160
0.104359	29161
0.10436	29162
0.104364	29163
0.104365	29164
0.104369	29165
0.104372	29166
0.104376	29167
0.104379	29168
0.104383	29169
0.104387	29170
0.10439	29171
0.104394	29172
0.104397	29173
0.104401	29174
0.104405	29175
0.104408	29176
0.104412	29177
0.104415	29178
0.104419	29179
0.104423	29180
0.104426	29181
0.10443	29182
0.104433	29183
0.104437	29184
0.104441	29185
0.104444	29186
0.104448	29187
0.104451	29188
0.104455	29189
0.104459	29190
0.104462	29191
0.104466	29192
0.104469	29193
0.104473	29194
0.104477	29195
0.10448	29196
0.104484	29197
0.104488	29198
0.104491	29200
0.104495	29201
0.104498	29202
0.104502	29203
0.104506	29204
0.104509	29205
0.104513	29206
0.104516	29207
0.10452	29208
0.104524	29209
0.104527	29210
0.104531	29211
0.104534	29212
0.104538	29213
0.104542	29214
0.104545	29215
0.104549	29216
0.104552	29217
0.104556	29218
0.10456	29219
0.104563	29220
0.104567	29221
0.10457	29222
0.104574	29223
0.104578	29224
0.104581	29225
0.104585	29226
0.104588	29227
0.104592	29228
0.104596	29229
0.104599	29230
0.104603	29231
0.104605	29232
0.104608	29233
0.104611	29234
0.104614	29235
0.104616	29236
0.104634	29237
0.104637	29238
0.104639	29239
0.104641	29240
0.104649	29241
0.104652	29242
0.104656	29243
0.104659	29244
0.104663	29245
0.104665	29246
0.104669	29247
0.104671	29248
0.104675	29249
0.104676	29250
0.10468	29251
0.104681	29252
0.104685	29253
0.104686	29254
0.104689	29255
0.104693	29256
0.104697	29257
0.1047	29258
0.104704	29259
0.104707	29260
0.104711	29261
0.104715	29262
0.104718	29263
0.104722	29264
0.104726	29265
0.104729	29266
0.104733	29267
0.104736	29268
0.10474	29269
0.104744	29270
0.104747	29271
0.104751	29272
0.104754	29273
0.104758	29274
0.104762	29275
0.104765	29276
0.104769	29277
0.104772	29278
0.104776	29279
0.10478	29280
0.104783	29281
0.104787	29282
0.10479	29283
0.104794	29284
0.104798	29285
0.104801	29286
0.104805	29287
0.104808	29288
0.104812	29289
0.104816	29290
0.104819	29291
0.104823	29292
0.104826	29293
0.10483	29294
0.104834	29295
0.104837	29296
0.104841	29297
0.104845	29298
0.104848	29299
0.104852	29300
0.104855	29301
0.104859	29302
0.104863	29303
0.104866	29304
0.10487	29305
0.104873	29306
0.104877	29307
0.104881	29308
0.104884	29309
0.104888	29310
0.104891	29311
0.104895	29312
0.104899	29313
0.104902	29314
0.104906	29315
0.104909	29316
0.104913	29317
0.104917	29318
0.10492	29319
0.104924	29320
0.104926	29322
0.104929	29323
0.104932	29324
0.104935	29325
0.104937	29326
0.104955	29327
0.104958	29328
0.10496	29329
0.104962	29330
0.10497	29331
0.104973	29332
0.104977	29333
0.10498	29334
0.104984	29335
0.104986	29336
0.10499	29337
0.104992	29338
0.104996	29339
0.104997	29340
0.105001	29341
0.105002	29342
0.105006	29343
0.105007	29344
0.10501	29345
0.105014	29346
0.105018	29347
0.105021	29348
0.105025	29349
0.105028	29350
0.105032	29351
0.105036	29352
0.105039	29353
0.105043	29354
0.105046	29355
0.10505	29356
0.105054	29357
0.105057	29358
0.105061	29359
0.105064	29360
0.105068	29361
0.105072	29362
0.105075	29363
0.105079	29364
0.105083	29365
0.105086	29366
0.10509	29367
0.105093	29368
0.105097	29369
0.105101	29370
0.105104	29371
0.105108	29372
0.105111	29373
0.105115	29374
0.105119	29375
0.105122	29376
0.105126	29377
0.105129	29378
0.105133	29379
0.105137	29380
0.10514	29381
0.105144	29382
0.105147	29383
0.105151	29384
0.105155	29385
0.105158	29386
0.105162	29387
0.105165	29388
0.105169	29389
0.105173	29390
0.105176	29391
0.10518	29392
0.105183	29393
0.105187	29394
0.105191	29395
0.105194	29396
0.105198	29397
0.105202	29398
0.105205	29399
0.105209	29400
0.105212	29401
0.105216	29402
0.10522	29403
0.105223	29404
0.105227	29405
0.10523	29406
0.105234	29407
0.105238	29408
0.105241	29409
0.105245	29410
0.105247	29411
0.10525	29412
0.105253	29413
0.105256	29414
0.105258	29415
0.105276	29416
0.105278	29417
0.105281	29418
0.105283	29419
0.10529	29420
0.105294	29421
0.105298	29422
0.105301	29423
0.105305	29424
0.105307	29425
0.105311	29426
0.105313	29427
0.105317	29428
0.105318	29429
0.105322	29430
0.105323	29431
0.105327	29432
0.105328	29433
0.105331	29434
0.105335	29435
0.105339	29436
0.105342	29437
0.105346	29438
0.105349	29439
0.105353	29440
0.105357	29441
0.10536	29442
0.105364	29444
0.105367	29445
0.105371	29446
0.105375	29447
0.105378	29448
0.105382	29449
0.105385	29450
0.105389	29451
0.105393	29452
0.105396	29453
0.1054	29454
0.105403	29455
0.105407	29456
0.105411	29457
0.105414	29458
0.105418	29459
0.105421	29460
0.105425	29461
0.105429	29462
0.105432	29463
0.105436	29464
0.10544	29465
0.105443	29466
0.105447	29467
0.10545	29468
0.105454	29469
0.105458	29470
0.105461	29471
0.105465	29472
0.105468	29473
0.105472	29474
0.105476	29475
0.105479	29476
0.105483	29477
0.105486	29478
0.10549	29479
0.105494	29480
0.105497	29481
0.105501	29482
0.105504	29483
0.105508	29484
0.105512	29485
0.105515	29486
0.105519	29487
0.105522	29488
0.105526	29489
0.10553	29490
0.105533	29491
0.105537	29492
0.10554	29493
0.105544	29494
0.105548	29495
0.105551	29496
0.105555	29497
0.105559	29498
0.105562	29499
0.105566	29500
0.105568	29501
0.105571	29502
0.105574	29503
0.105577	29504
0.105579	29505
0.105597	29506
0.105599	29507
0.105602	29508
0.105604	29509
0.105611	29510
0.105615	29511
0.105619	29512
0.105622	29513
0.105626	29514
0.105628	29515
0.105632	29516
0.105634	29517
0.105638	29518
0.105639	29519
0.105643	29520
0.105644	29521
0.105647	29522
0.105649	29523
0.105652	29524
0.105656	29525
0.105659	29526
0.105663	29527
0.105667	29528
0.10567	29529
0.105674	29530
0.105677	29531
0.105681	29532
0.105685	29533
0.105688	29534
0.105692	29535
0.105696	29536
0.105699	29537
0.105703	29538
0.105706	29539
0.10571	29540
0.105714	29541
0.105717	29542
0.105721	29543
0.105724	29544
0.105728	29545
0.105732	29546
0.105735	29547
0.105739	29548
0.105742	29549
0.105746	29550
0.10575	29551
0.105753	29552
0.105757	29553
0.10576	29554
0.105764	29555
0.105768	29556
0.105771	29557
0.105775	29558
0.105778	29559
0.105782	29560
0.105786	29561
0.105789	29562
0.105793	29563
0.105796	29565
0.1058	29566
0.105804	29567
0.105807	29568
0.105811	29569
0.105815	29570
0.105818	29571
0.105822	29572
0.105825	29573
0.105829	29574
0.105833	29575
0.105836	29576
0.10584	29577
0.105843	29578
0.105847	29579
0.105851	29580
0.105854	29581
0.105858	29582
0.105861	29583
0.105865	29584
0.105869	29585
0.105872	29586
0.105876	29587
0.105879	29588
0.105883	29589
0.105887	29590
0.105889	29591
0.105891	29592
0.105895	29593
0.105897	29594
0.1059	29595
0.105918	29596
0.10592	29597
0.105923	29598
0.105925	29599
0.105932	29600
0.105936	29601
0.10594	29602
0.105943	29603
0.105947	29604
0.105949	29605
0.105953	29606
0.105955	29607
0.105959	29608
0.10596	29609
0.105964	29610
0.105965	29611
0.105968	29612
0.10597	29613
0.105973	29614
0.105977	29615
0.10598	29616
0.105984	29617
0.105988	29618
0.105991	29619
0.105995	29620
0.105998	29621
0.106002	29622
0.106006	29623
0.106009	29624
0.106013	29625
0.106016	29626
0.10602	29627
0.106024	29628
0.106027	29629
0.106031	29630
0.106034	29631
0.106038	29632
0.106042	29633
0.106045	29634
0.106049	29635
0.106053	29636
0.106056	29637
0.10606	29638
0.106063	29639
0.106067	29640
0.106071	29641
0.106074	29642
0.106078	29643
0.106081	29644
0.106085	29645
0.106089	29646
0.106092	29647
0.106096	29648
0.106099	29649
0.106103	29650
0.106107	29651
0.10611	29652
0.106114	29653
0.106117	29654
0.106121	29655
0.106125	29656
0.106128	29657
0.106132	29658
0.106135	29659
0.106139	29660
0.106143	29661
0.106146	29662
0.10615	29663
0.106153	29664
0.106157	29665
0.106161	29666
0.106164	29667
0.106168	29668
0.106172	29669
0.106175	29670
0.106179	29671
0.106182	29672
0.106186	29673
0.10619	29674
0.106193	29675
0.106197	29676
0.1062	29677
0.106204	29678
0.106208	29679
0.10621	29680
0.106212	29681
0.106216	29682
0.106218	29683
0.106221	29684
0.106239	29685
0.106241	29687
0.106244	29688
0.106246	29689
0.106253	29690
0.106257	29691
0.10626	29692
0.106264	29693
0.106268	29694
0.10627	29695
0.106274	29696
0.106276	29697
0.10628	29698
0.106281	29699
0.106285	29700
0.106286	29701
0.106289	29702
0.106291	29703
0.106294	29704
0.106298	29705
0.106301	29706
0.106305	29707
0.106309	29708
0.106312	29709
0.106316	29710
0.106319	29711
0.106323	29712
0.106327	29713
0.10633	29714
0.106334	29715
0.106337	29716
0.106341	29717
0.106345	29718
0.106348	29719
0.106352	29720
0.106355	29721
0.106359	29722
0.106363	29723
0.106366	29724
0.10637	29725
0.106373	29726
0.106377	29727
0.106381	29728
0.106384	29729
0.106388	29730
0.106391	29731
0.106395	29732
0.106399	29733
0.106402	29734
0.106406	29735
0.10641	29736
0.106413	29737
0.106417	29738
0.10642	29739
0.106424	29740
0.106428	29741
0.106431	29742
0.106435	29743
0.106438	29744
0.106442	29745
0.106446	29746
0.106449	29747
0.106453	29748
0.106456	29749
0.10646	29750
0.106464	29751
0.106467	29752
0.106471	29753
0.106474	29754
0.106478	29755
0.106482	29756
0.106485	29757
0.106489	29758
0.106492	29759
0.106496	29760
0.1065	29761
0.106503	29762
0.106507	29763
0.10651	29764
0.106514	29765
0.106518	29766
0.106521	29767
0.106525	29768
0.106529	29769
0.106531	29770
0.106533	29771
0.106537	29772
0.106539	29773
0.106542	29774
0.10656	29775
0.106562	29776
0.106565	29777
0.106567	29778
0.106574	29779
0.106578	29780
0.106581	29781
0.106585	29782
0.106589	29783
0.106591	29784
0.106595	29785
0.106597	29786
0.106601	29787
0.106602	29788
0.106605	29789
0.106607	29790
0.10661	29791
0.106611	29792
0.106615	29793
0.106619	29794
0.106622	29795
0.106626	29796
0.106629	29797
0.106633	29798
0.106637	29799
0.10664	29800
0.106644	29801
0.106648	29802
0.106651	29803
0.106655	29804
0.106658	29805
0.106662	29806
0.106666	29807
0.106669	29809
0.106673	29810
0.106676	29811
0.10668	29812
0.106684	29813
0.106687	29814
0.106691	29815
0.106694	29816
0.106698	29817
0.106702	29818
0.106705	29819
0.106709	29820
0.106712	29821
0.106716	29822
0.10672	29823
0.106723	29824
0.106727	29825
0.10673	29826
0.106734	29827
0.106738	29828
0.106741	29829
0.106745	29830
0.106748	29831
0.106752	29832
0.106756	29833
0.106759	29834
0.106763	29835
0.106767	29836
0.10677	29837
0.106774	29838
0.106777	29839
0.106781	29840
0.106785	29841
0.106788	29842
0.106792	29843
0.106795	29844
0.106799	29845
0.106803	29846
0.106806	29847
0.10681	29848
0.106813	29849
0.106817	29850
0.106821	29851
0.106824	29852
0.106828	29853
0.106831	29854
0.106835	29855
0.106839	29856
0.106842	29857
0.106846	29858
0.106849	29859
0.106852	29860
0.106854	29861
0.106858	29862
0.10686	29863
0.106863	29864
0.106881	29865
0.106883	29866
0.106886	29867
0.106888	29868
0.106895	29869
0.106899	29870
0.106902	29871
0.106906	29872
0.10691	29873
0.106912	29874
0.106916	29875
0.106918	29876
0.106922	29877
0.106923	29878
0.106926	29879
0.106928	29880
0.106931	29881
0.106932	29882
0.106936	29883
0.10694	29884
0.106943	29885
0.106947	29886
0.10695	29887
0.106954	29888
0.106958	29889
0.106961	29890
0.106965	29891
0.106968	29892
0.106972	29893
0.106976	29894
0.106979	29895
0.106983	29896
0.106986	29897
0.10699	29898
0.106994	29899
0.106997	29900
0.107001	29901
0.107005	29902
0.107008	29903
0.107012	29904
0.107015	29905
0.107019	29906
0.107023	29907
0.107026	29908
0.10703	29909
0.107033	29910
0.107037	29911
0.107041	29912
0.107044	29913
0.107048	29914
0.107051	29915
0.107055	29916
0.107059	29917
0.107062	29918
0.107066	29919
0.107069	29920
0.107073	29921
0.107077	29922
0.10708	29923
0.107084	29924
0.107087	29925
0.107091	29926
0.107095	29927
0.107098	29928
0.107102	29930
0.107105	29931
0.107109	29932
0.107113	29933
0.107116	29934
0.10712	29935
0.107124	29936
0.107127	29937
0.107131	29938
0.107134	29939
0.107138	29940
0.107142	29941
0.107145	29942
0.107149	29943
0.107152	29944
0.107156	29945
0.10716	29946
0.107163	29947
0.107167	29948
0.10717	29949
0.107173	29950
0.107175	29951
0.107179	29952
0.107181	29953
0.107184	29954
0.107202	29955
0.107204	29956
0.107206	29957
0.107209	29958
0.107216	29959
0.10722	29960
0.107223	29961
0.107227	29962
0.10723	29963
0.107233	29964
0.107236	29965
0.107239	29966
0.107243	29967
0.107244	29968
0.107247	29969
0.107249	29970
0.107252	29971
0.107253	29972
0.107257	29973
0.107261	29974
0.107264	29975
0.107268	29976
0.107271	29977
0.107275	29978
0.107279	29979
0.107282	29980
0.107286	29981
0.107289	29982
0.107293	29983
0.107297	29984
0.1073	29985
0.107304	29986
0.107307	29987
0.107311	29988
0.107315	29989
0.107318	29990
0.107322	29991
0.107325	29992
0.107329	29993
0.107333	29994
0.107336	29995
0.10734	29996
0.107343	29997
0.107347	29998
0.107351	29999
0.107354	30000
0.107358	30001
0.107362	30002
0.107365	30003
0.107369	30004
0.107372	30005
0.107376	30006
0.10738	30007
0.107383	30008
0.107387	30009
0.10739	30010
0.107394	30011
0.107398	30012
0.107401	30013
0.107405	30014
0.107408	30015
0.107412	30016
0.107416	30017
0.107419	30018
0.107423	30019
0.107426	30020
0.10743	30021
0.107434	30022
0.107437	30023
0.107441	30024
0.107444	30025
0.107448	30026
0.107452	30027
0.107455	30028
0.107459	30029
0.107462	30030
0.107466	30031
0.10747	30032
0.107473	30033
0.107477	30034
0.10748	30035
0.107484	30036
0.107488	30037
0.107491	30038
0.107494	30039
0.107496	30040
0.1075	30041
0.107502	30042
0.107505	30043
0.107523	30044
0.107525	30045
0.107527	30046
0.10753	30047
0.107537	30048
0.107541	30049
0.107544	30050
0.107548	30052
0.107551	30053
0.107554	30054
0.107557	30055
0.10756	30056
0.107563	30057
0.107565	30058
0.107568	30059
0.107569	30060
0.107573	30061
0.107574	30062
0.107578	30063
0.107581	30064
0.107585	30065
0.107589	30066
0.107592	30067
0.107596	30068
0.107599	30069
0.107603	30070
0.107607	30071
0.10761	30072
0.107614	30073
0.107618	30074
0.107621	30075
0.107625	30076
0.107628	30077
0.107632	30078
0.107636	30079
0.107639	30080
0.107643	30081
0.107646	30082
0.10765	30083
0.107654	30084
0.107657	30085
0.107661	30086
0.107664	30087
0.107668	30088
0.107672	30089
0.107675	30090
0.107679	30091
0.107682	30092
0.107686	30093
0.10769	30094
0.107693	30095
0.107697	30096
0.1077	30097
0.107704	30098
0.107708	30099
0.107711	30100
0.107715	30101
0.107718	30102
0.107722	30103
0.107726	30104
0.107729	30105
0.107733	30106
0.107737	30107
0.10774	30108
0.107744	30109
0.107747	30110
0.107751	30111
0.107755	30112
0.107758	30113
0.107762	30114
0.107765	30115
0.107769	30116
0.107773	30117
0.107776	30118
0.10778	30119
0.107783	30120
0.107787	30121
0.107791	30122
0.107794	30123
0.107798	30124
0.107801	30125
0.107805	30126
0.107809	30127
0.107812	30128
0.107815	30129
0.107817	30130
0.107821	30131
0.107823	30132
0.107825	30133
0.107844	30134
0.107846	30135
0.107848	30136
0.107851	30137
0.107858	30138
0.107862	30139
0.107865	30140
0.107869	30141
0.107872	30142
0.107875	30143
0.107878	30144
0.107881	30145
0.107884	30146
0.107886	30147
0.107889	30148
0.10789	30149
0.107894	30150
0.107895	30151
0.107899	30152
0.107902	30153
0.107906	30154
0.10791	30155
0.107913	30156
0.107917	30157
0.10792	30158
0.107924	30159
0.107928	30160
0.107931	30161
0.107935	30162
0.107938	30163
0.107942	30164
0.107946	30165
0.107949	30166
0.107953	30167
0.107956	30168
0.10796	30169
0.107964	30170
0.107967	30171
0.107971	30172
0.107975	30174
0.107978	30175
0.107982	30176
0.107985	30177
0.107989	30178
0.107993	30179
0.107996	30180
0.108	30181
0.108003	30182
0.108007	30183
0.108011	30184
0.108014	30185
0.108018	30186
0.108021	30187
0.108025	30188
0.108029	30189
0.108032	30190
0.108036	30191
0.108039	30192
0.108043	30193
0.108047	30194
0.10805	30195
0.108054	30196
0.108057	30197
0.108061	30198
0.108065	30199
0.108068	30200
0.108072	30201
0.108075	30202
0.108079	30203
0.108083	30204
0.108086	30205
0.10809	30206
0.108094	30207
0.108097	30208
0.108101	30209
0.108104	30210
0.108108	30211
0.108112	30212
0.108115	30213
0.108119	30214
0.108122	30215
0.108126	30216
0.10813	30217
0.108133	30218
0.108136	30219
0.108138	30220
0.108142	30221
0.108144	30222
0.108146	30223
0.108164	30224
0.108167	30225
0.108169	30226
0.108172	30227
0.108179	30228
0.108182	30229
0.108186	30230
0.10819	30231
0.108193	30232
0.108196	30233
0.108199	30234
0.108202	30235
0.108205	30236
0.108207	30237
0.10821	30238
0.108211	30239
0.108215	30240
0.108216	30241
0.10822	30242
0.108223	30243
0.108227	30244
0.108231	30245
0.108234	30246
0.108238	30247
0.108241	30248
0.108245	30249
0.108249	30250
0.108252	30251
0.108256	30252
0.108259	30253
0.108263	30254
0.108267	30255
0.10827	30256
0.108274	30257
0.108277	30258
0.108281	30259
0.108285	30260
0.108288	30261
0.108292	30262
0.108295	30263
0.108299	30264
0.108303	30265
0.108306	30266
0.10831	30267
0.108313	30268
0.108317	30269
0.108321	30270
0.108324	30271
0.108328	30272
0.108332	30273
0.108335	30274
0.108339	30275
0.108342	30276
0.108346	30277
0.10835	30278
0.108353	30279
0.108357	30280
0.10836	30281
0.108364	30282
0.108368	30283
0.108371	30284
0.108375	30285
0.108378	30286
0.108382	30287
0.108386	30288
0.108389	30289
0.108393	30290
0.108396	30291
0.1084	30292
0.108404	30293
0.108407	30295
0.108411	30296
0.108414	30297
0.108418	30298
0.108422	30299
0.108425	30300
0.108429	30301
0.108432	30302
0.108436	30303
0.10844	30304
0.108443	30305
0.108447	30306
0.108451	30307
0.108454	30308
0.108457	30309
0.108459	30310
0.108463	30311
0.108465	30312
0.108467	30313
0.108485	30314
0.108488	30315
0.10849	30316
0.108493	30317
0.1085	30318
0.108503	30319
0.108507	30320
0.108511	30321
0.108514	30322
0.108517	30323
0.10852	30324
0.108523	30325
0.108526	30326
0.108527	30327
0.108531	30328
0.108532	30329
0.108536	30330
0.108537	30331
0.108541	30332
0.108544	30333
0.108548	30334
0.108551	30335
0.108555	30336
0.108559	30337
0.108562	30338
0.108566	30339
0.10857	30340
0.108573	30341
0.108577	30342
0.10858	30343
0.108584	30344
0.108588	30345
0.108591	30346
0.108595	30347
0.108598	30348
0.108602	30349
0.108606	30350
0.108609	30351
0.108613	30352
0.108616	30353
0.10862	30354
0.108624	30355
0.108627	30356
0.108631	30357
0.108634	30358
0.108638	30359
0.108642	30360
0.108645	30361
0.108649	30362
0.108652	30363
0.108656	30364
0.10866	30365
0.108663	30366
0.108667	30367
0.10867	30368
0.108674	30369
0.108678	30370
0.108681	30371
0.108685	30372
0.108689	30373
0.108692	30374
0.108696	30375
0.108699	30376
0.108703	30377
0.108707	30378
0.10871	30379
0.108714	30380
0.108717	30381
0.108721	30382
0.108725	30383
0.108728	30384
0.108732	30385
0.108735	30386
0.108739	30387
0.108743	30388
0.108746	30389
0.10875	30390
0.108753	30391
0.108757	30392
0.108761	30393
0.108764	30394
0.108768	30395
0.108771	30396
0.108775	30397
0.108777	30398
0.10878	30399
0.108783	30400
0.108786	30401
0.108788	30402
0.108806	30403
0.108809	30404
0.108811	30405
0.108814	30406
0.108821	30407
0.108824	30408
0.108828	30409
0.108832	30410
0.108835	30411
0.108838	30412
0.108841	30413
0.108844	30414
0.108847	30415
0.108848	30417
0.108852	30418
0.108853	30419
0.108857	30420
0.108858	30421
0.108862	30422
0.108865	30423
0.108869	30424
0.108872	30425
0.108876	30426
0.10888	30427
0.108883	30428
0.108887	30429
0.10889	30430
0.108894	30431
0.108898	30432
0.108901	30433
0.108905	30434
0.108908	30435
0.108912	30436
0.108916	30437
0.108919	30438
0.108923	30439
0.108927	30440
0.10893	30441
0.108934	30442
0.108937	30443
0.108941	30444
0.108945	30445
0.108948	30446
0.108952	30447
0.108955	30448
0.108959	30449
0.108963	30450
0.108966	30451
0.10897	30452
0.108973	30453
0.108977	30454
0.108981	30455
0.108984	30456
0.108988	30457
0.108991	30458
0.108995	30459
0.108999	30460
0.109002	30461
0.109006	30462
0.109009	30463
0.109013	30464
0.109017	30465
0.10902	30466
0.109024	30467
0.109027	30468
0.109031	30469
0.109035	30470
0.109038	30471
0.109042	30472
0.109046	30473
0.109049	30474
0.109053	30475
0.109056	30476
0.10906	30477
0.109064	30478
0.109067	30479
0.109071	30480
0.109074	30481
0.109078	30482
0.109082	30483
0.109085	30484
0.109089	30485
0.109092	30486
0.109096	30487
0.109098	30488
0.109101	30489
0.109104	30490
0.109107	30491
0.109109	30492
0.109127	30493
0.10913	30494
0.109132	30495
0.109134	30496
0.109142	30497
0.109145	30498
0.109149	30499
0.109152	30500
0.109156	30501
0.109158	30502
0.109162	30503
0.109165	30504
0.109168	30505
0.109169	30506
0.109173	30507
0.109174	30508
0.109178	30509
0.109179	30510
0.109183	30511
0.109186	30512
0.10919	30513
0.109193	30514
0.109197	30515
0.109201	30516
0.109204	30517
0.109208	30518
0.109211	30519
0.109215	30520
0.109219	30521
0.109222	30522
0.109226	30523
0.109229	30524
0.109233	30525
0.109237	30526
0.10924	30527
0.109244	30528
0.109247	30529
0.109251	30530
0.109255	30531
0.109258	30532
0.109262	30533
0.109265	30534
0.109269	30535
0.109273	30536
0.109276	30537
0.10928	30539
0.109283	30540
0.109287	30541
0.109291	30542
0.109294	30543
0.109298	30544
0.109302	30545
0.109305	30546
0.109309	30547
0.109312	30548
0.109316	30549
0.10932	30550
0.109323	30551
0.109327	30552
0.10933	30553
0.109334	30554
0.109338	30555
0.109341	30556
0.109345	30557
0.109348	30558
0.109352	30559
0.109356	30560
0.109359	30561
0.109363	30562
0.109366	30563
0.10937	30564
0.109374	30565
0.109377	30566
0.109381	30567
0.109384	30568
0.109388	30569
0.109392	30570
0.109395	30571
0.109399	30572
0.109402	30573
0.109406	30574
0.10941	30575
0.109413	30576
0.109417	30577
0.109419	30578
0.109422	30579
0.109425	30580
0.109428	30581
0.10943	30582
0.109448	30583
0.109451	30584
0.109453	30585
0.109455	30586
0.109463	30587
0.109466	30588
0.10947	30589
0.109473	30590
0.109477	30591
0.109479	30592
0.109483	30593
0.109485	30594
0.109489	30595
0.10949	30596
0.109494	30597
0.109495	30598
0.109499	30599
0.1095	30600
0.109503	30601
0.109507	30602
0.109511	30603
0.109514	30604
0.109518	30605
0.109521	30606
0.109525	30607
0.109529	30608
0.109532	30609
0.109536	30610
0.10954	30611
0.109543	30612
0.109547	30613
0.10955	30614
0.109554	30615
0.109558	30616
0.109561	30617
0.109565	30618
0.109568	30619
0.109572	30620
0.109576	30621
0.109579	30622
0.109583	30623
0.109586	30624
0.10959	30625
0.109594	30626
0.109597	30627
0.109601	30628
0.109604	30629
0.109608	30630
0.109612	30631
0.109615	30632
0.109619	30633
0.109622	30634
0.109626	30635
0.10963	30636
0.109633	30637
0.109637	30638
0.10964	30639
0.109644	30640
0.109648	30641
0.109651	30642
0.109655	30643
0.109659	30644
0.109662	30645
0.109666	30646
0.109669	30647
0.109673	30648
0.109677	30649
0.10968	30650
0.109684	30651
0.109687	30652
0.109691	30653
0.109695	30654
0.109698	30655
0.109702	30656
0.109705	30657
0.109709	30658
0.109713	30660
0.109716	30661
0.10972	30662
0.109723	30663
0.109727	30664
0.109731	30665
0.109734	30666
0.109738	30667
0.10974	30668
0.109743	30669
0.109746	30670
0.109749	30671
0.109751	30672
0.109769	30673
0.109772	30674
0.109774	30675
0.109776	30676
0.109784	30677
0.109787	30678
0.109791	30679
0.109794	30680
0.109798	30681
0.1098	30682
0.109804	30683
0.109806	30684
0.10981	30685
0.109811	30686
0.109815	30687
0.109816	30688
0.10982	30689
0.109821	30690
0.109824	30691
0.109828	30692
0.109832	30693
0.109835	30694
0.109839	30695
0.109842	30696
0.109846	30697
0.10985	30698
0.109853	30699
0.109857	30700
0.10986	30701
0.109864	30702
0.109868	30703
0.109871	30704
0.109875	30705
0.109878	30706
0.109882	30707
0.109886	30708
0.109889	30709
0.109893	30710
0.109897	30711
0.1099	30712
0.109904	30713
0.109907	30714
0.109911	30715
0.109915	30716
0.109918	30717
0.109922	30718
0.109925	30719
0.109929	30720
0.109933	30721
0.109936	30722
0.10994	30723
0.109943	30724
0.109947	30725
0.109951	30726
0.109954	30727
0.109958	30728
0.109961	30729
0.109965	30730
0.109969	30731
0.109972	30732
0.109976	30733
0.109979	30734
0.109983	30735
0.109987	30736
0.10999	30737
0.109994	30738
0.109997	30739
0.110001	30740
0.110005	30741
0.110008	30742
0.110012	30743
0.110016	30744
0.110019	30745
0.110023	30746
0.110026	30747
0.11003	30748
0.110034	30749
0.110037	30750
0.110041	30751
0.110044	30752
0.110048	30753
0.110052	30754
0.110055	30755
0.110059	30756
0.110061	30757
0.110064	30758
0.110067	30759
0.11007	30760
0.110072	30761
0.11009	30762
0.110092	30763
0.110095	30764
0.110097	30765
0.110104	30766
0.110108	30767
0.110112	30768
0.110115	30769
0.110119	30770
0.110121	30771
0.110125	30772
0.110127	30773
0.110131	30774
0.110132	30775
0.110136	30776
0.110137	30777
0.110141	30778
0.110142	30779
0.110145	30780
0.110149	30782
0.110153	30783
0.110156	30784
0.11016	30785
0.110163	30786
0.110167	30787
0.110171	30788
0.110174	30789
0.110178	30790
0.110181	30791
0.110185	30792
0.110189	30793
0.110192	30794
0.110196	30795
0.110199	30796
0.110203	30797
0.110207	30798
0.11021	30799
0.110214	30800
0.110217	30801
0.110221	30802
0.110225	30803
0.110228	30804
0.110232	30805
0.110235	30806
0.110239	30807
0.110243	30808
0.110246	30809
0.11025	30810
0.110254	30811
0.110257	30812
0.110261	30813
0.110264	30814
0.110268	30815
0.110272	30816
0.110275	30817
0.110279	30818
0.110282	30819
0.110286	30820
0.11029	30821
0.110293	30822
0.110297	30823
0.1103	30824
0.110304	30825
0.110308	30826
0.110311	30827
0.110315	30828
0.110318	30829
0.110322	30830
0.110326	30831
0.110329	30832
0.110333	30833
0.110336	30834
0.11034	30835
0.110344	30836
0.110347	30837
0.110351	30838
0.110354	30839
0.110358	30840
0.110362	30841
0.110365	30842
0.110369	30843
0.110373	30844
0.110376	30845
0.11038	30846
0.110382	30847
0.110385	30848
0.110388	30849
0.110391	30850
0.110393	30851
0.110411	30852
0.110413	30853
0.110416	30854
0.110418	30855
0.110425	30856
0.110429	30857
0.110433	30858
0.110436	30859
0.11044	30860
0.110442	30861
0.110446	30862
0.110448	30863
0.110452	30864
0.110453	30865
0.110457	30866
0.110458	30867
0.110461	30868
0.110463	30869
0.110466	30870
0.11047	30871
0.110473	30872
0.110477	30873
0.110481	30874
0.110484	30875
0.110488	30876
0.110492	30877
0.110495	30878
0.110499	30879
0.110502	30880
0.110506	30881
0.11051	30882
0.110513	30883
0.110517	30884
0.11052	30885
0.110524	30886
0.110528	30887
0.110531	30888
0.110535	30889
0.110538	30890
0.110542	30891
0.110546	30892
0.110549	30893
0.110553	30894
0.110556	30895
0.11056	30896
0.110564	30897
0.110567	30898
0.110571	30899
0.110574	30900
0.110578	30901
0.110582	30902
0.110585	30904
0.110589	30905
0.110592	30906
0.110596	30907
0.1106	30908
0.110603	30909
0.110607	30910
0.110611	30911
0.110614	30912
0.110618	30913
0.110621	30914
0.110625	30915
0.110629	30916
0.110632	30917
0.110636	30918
0.110639	30919
0.110643	30920
0.110647	30921
0.11065	30922
0.110654	30923
0.110657	30924
0.110661	30925
0.110665	30926
0.110668	30927
0.110672	30928
0.110675	30929
0.110679	30930
0.110683	30931
0.110686	30932
0.11069	30933
0.110693	30934
0.110697	30935
0.110701	30936
0.110703	30937
0.110705	30938
0.110709	30939
0.110711	30940
0.110714	30941
0.110732	30942
0.110734	30943
0.110737	30944
0.110739	30945
0.110746	30946
0.11075	30947
0.110754	30948
0.110757	30949
0.110761	30950
0.110763	30951
0.110767	30952
0.110769	30953
0.110773	30954
0.110774	30955
0.110778	30956
0.110779	30957
0.110782	30958
0.110784	30959
0.110787	30960
0.110791	30961
0.110794	30962
0.110798	30963
0.110802	30964
0.110805	30965
0.110809	30966
0.110812	30967
0.110816	30968
0.11082	30969
0.110823	30970
0.110827	30971
0.11083	30972
0.110834	30973
0.110838	30974
0.110841	30975
0.110845	30976
0.110849	30977
0.110852	30978
0.110856	30979
0.110859	30980
0.110863	30981
0.110867	30982
0.11087	30983
0.110874	30984
0.110877	30985
0.110881	30986
0.110885	30987
0.110888	30988
0.110892	30989
0.110895	30990
0.110899	30991
0.110903	30992
0.110906	30993
0.11091	30994
0.110913	30995
0.110917	30996
0.110921	30997
0.110924	30998
0.110928	30999
0.110931	31000
0.110935	31001
0.110939	31002
0.110942	31003
0.110946	31004
0.110949	31005
0.110953	31006
0.110957	31007
0.11096	31008
0.110964	31009
0.110968	31010
0.110971	31011
0.110975	31012
0.110978	31013
0.110982	31014
0.110986	31015
0.110989	31016
0.110993	31017
0.110996	31018
0.111	31019
0.111004	31020
0.111007	31021
0.111011	31022
0.111014	31023
0.111018	31025
0.111022	31026
0.111024	31027
0.111026	31028
0.11103	31029
0.111032	31030
0.111035	31031
0.111053	31032
0.111055	31033
0.111058	31034
0.11106	31035
0.111067	31036
0.111071	31037
0.111074	31038
0.111078	31039
0.111082	31040
0.111084	31041
0.111088	31042
0.11109	31043
0.111094	31044
0.111095	31045
0.111099	31046
0.1111	31047
0.111103	31048
0.111105	31049
0.111108	31050
0.111112	31051
0.111115	31052
0.111119	31053
0.111123	31054
0.111126	31055
0.11113	31056
0.111133	31057
0.111137	31058
0.111141	31059
0.111144	31060
0.111148	31061
0.111151	31062
0.111155	31063
0.111159	31064
0.111162	31065
0.111166	31066
0.111169	31067
0.111173	31068
0.111177	31069
0.11118	31070
0.111184	31071
0.111187	31072
0.111191	31073
0.111195	31074
0.111198	31075
0.111202	31076
0.111205	31077
0.111209	31078
0.111213	31079
0.111216	31080
0.11122	31081
0.111224	31082
0.111227	31083
0.111231	31084
0.111234	31085
0.111238	31086
0.111242	31087
0.111245	31088
0.111249	31089
0.111252	31090
0.111256	31091
0.11126	31092
0.111263	31093
0.111267	31094
0.11127	31095
0.111274	31096
0.111278	31097
0.111281	31098
0.111285	31099
0.111288	31100
0.111292	31101
0.111296	31102
0.111299	31103
0.111303	31104
0.111306	31105
0.11131	31106
0.111314	31107
0.111317	31108
0.111321	31109
0.111324	31110
0.111328	31111
0.111332	31112
0.111335	31113
0.111339	31114
0.111343	31115
0.111345	31116
0.111347	31117
0.111351	31118
0.111353	31119
0.111356	31120
0.111374	31121
0.111376	31122
0.111379	31123
0.111381	31124
0.111388	31125
0.111392	31126
0.111395	31127
0.111399	31128
0.111403	31129
0.111405	31130
0.111409	31131
0.111411	31132
0.111415	31133
0.111416	31134
0.111419	31135
0.111421	31136
0.111424	31137
0.111425	31138
0.111429	31139
0.111433	31140
0.111436	31141
0.11144	31142
0.111443	31143
0.111447	31144
0.111451	31145
0.111454	31147
0.111458	31148
0.111462	31149
0.111465	31150
0.111469	31151
0.111472	31152
0.111476	31153
0.11148	31154
0.111483	31155
0.111487	31156
0.11149	31157
0.111494	31158
0.111498	31159
0.111501	31160
0.111505	31161
0.111508	31162
0.111512	31163
0.111516	31164
0.111519	31165
0.111523	31166
0.111526	31167
0.11153	31168
0.111534	31169
0.111537	31170
0.111541	31171
0.111544	31172
0.111548	31173
0.111552	31174
0.111555	31175
0.111559	31176
0.111562	31177
0.111566	31178
0.11157	31179
0.111573	31180
0.111577	31181
0.111581	31182
0.111584	31183
0.111588	31184
0.111591	31185
0.111595	31186
0.111599	31187
0.111602	31188
0.111606	31189
0.111609	31190
0.111613	31191
0.111617	31192
0.11162	31193
0.111624	31194
0.111627	31195
0.111631	31196
0.111635	31197
0.111638	31198
0.111642	31199
0.111645	31200
0.111649	31201
0.111653	31202
0.111656	31203
0.11166	31204
0.111663	31205
0.111666	31206
0.111668	31207
0.111672	31208
0.111674	31209
0.111677	31210
0.111695	31211
0.111697	31212
0.1117	31213
0.111702	31214
0.111709	31215
0.111713	31216
0.111716	31217
0.11172	31218
0.111724	31219
0.111726	31220
0.11173	31221
0.111732	31222
0.111736	31223
0.111737	31224
0.11174	31225
0.111742	31226
0.111745	31227
0.111746	31228
0.11175	31229
0.111754	31230
0.111757	31231
0.111761	31232
0.111764	31233
0.111768	31234
0.111772	31235
0.111775	31236
0.111779	31237
0.111782	31238
0.111786	31239
0.11179	31240
0.111793	31241
0.111797	31242
0.1118	31243
0.111804	31244
0.111808	31245
0.111811	31246
0.111815	31247
0.111819	31248
0.111822	31249
0.111826	31250
0.111829	31251
0.111833	31252
0.111837	31253
0.11184	31254
0.111844	31255
0.111847	31256
0.111851	31257
0.111855	31258
0.111858	31259
0.111862	31260
0.111865	31261
0.111869	31262
0.111873	31263
0.111876	31264
0.11188	31265
0.111883	31266
0.111887	31267
0.111891	31269
0.111894	31270
0.111898	31271
0.111901	31272
0.111905	31273
0.111909	31274
0.111912	31275
0.111916	31276
0.111919	31277
0.111923	31278
0.111927	31279
0.11193	31280
0.111934	31281
0.111938	31282
0.111941	31283
0.111945	31284
0.111948	31285
0.111952	31286
0.111956	31287
0.111959	31288
0.111963	31289
0.111966	31290
0.11197	31291
0.111974	31292
0.111977	31293
0.111981	31294
0.111984	31295
0.111987	31296
0.111989	31297
0.111993	31298
0.111995	31299
0.111998	31300
0.112016	31301
0.112018	31302
0.11202	31303
0.112023	31304
0.11203	31305
0.112034	31306
0.112037	31307
0.112041	31308
0.112044	31309
0.112047	31310
0.112051	31311
0.112053	31312
0.112057	31313
0.112058	31314
0.112061	31315
0.112063	31316
0.112066	31317
0.112067	31318
0.112071	31319
0.112075	31320
0.112078	31321
0.112082	31322
0.112085	31323
0.112089	31324
0.112093	31325
0.112096	31326
0.1121	31327
0.112103	31328
0.112107	31329
0.112111	31330
0.112114	31331
0.112118	31332
0.112121	31333
0.112125	31334
0.112129	31335
0.112132	31336
0.112136	31337
0.112139	31338
0.112143	31339
0.112147	31340
0.11215	31341
0.112154	31342
0.112157	31343
0.112161	31344
0.112165	31345
0.112168	31346
0.112172	31347
0.112176	31348
0.112179	31349
0.112183	31350
0.112186	31351
0.11219	31352
0.112194	31353
0.112197	31354
0.112201	31355
0.112204	31356
0.112208	31357
0.112212	31358
0.112215	31359
0.112219	31360
0.112222	31361
0.112226	31362
0.11223	31363
0.112233	31364
0.112237	31365
0.11224	31366
0.112244	31367
0.112248	31368
0.112251	31369
0.112255	31370
0.112258	31371
0.112262	31372
0.112266	31373
0.112269	31374
0.112273	31375
0.112276	31376
0.11228	31377
0.112284	31378
0.112287	31379
0.112291	31380
0.112295	31381
0.112298	31382
0.112302	31383
0.112305	31384
0.112308	31385
0.11231	31386
0.112314	31387
0.112316	31388
0.112319	31390
0.112337	31391
0.112339	31392
0.112341	31393
0.112344	31394
0.112351	31395
0.112355	31396
0.112358	31397
0.112362	31398
0.112365	31399
0.112368	31400
0.112371	31401
0.112374	31402
0.112377	31403
0.112379	31404
0.112382	31405
0.112383	31406
0.112387	31407
0.112388	31408
0.112392	31409
0.112395	31410
0.112399	31411
0.112403	31412
0.112406	31413
0.11241	31414
0.112414	31415
0.112417	31416
0.112421	31417
0.112424	31418
0.112428	31419
0.112432	31420
0.112435	31421
0.112439	31422
0.112442	31423
0.112446	31424
0.11245	31425
0.112453	31426
0.112457	31427
0.11246	31428
0.112464	31429
0.112468	31430
0.112471	31431
0.112475	31432
0.112478	31433
0.112482	31434
0.112486	31435
0.112489	31436
0.112493	31437
0.112496	31438
0.1125	31439
0.112504	31440
0.112507	31441
0.112511	31442
0.112514	31443
0.112518	31444
0.112522	31445
0.112525	31446
0.112529	31447
0.112533	31448
0.112536	31449
0.11254	31450
0.112543	31451
0.112547	31452
0.112551	31453
0.112554	31454
0.112558	31455
0.112561	31456
0.112565	31457
0.112569	31458
0.112572	31459
0.112576	31460
0.112579	31461
0.112583	31462
0.112587	31463
0.11259	31464
0.112594	31465
0.112597	31466
0.112601	31467
0.112605	31468
0.112608	31469
0.112612	31470
0.112615	31471
0.112619	31472
0.112623	31473
0.112626	31474
0.112629	31475
0.112631	31476
0.112635	31477
0.112637	31478
0.112639	31479
0.112658	31480
0.11266	31481
0.112662	31482
0.112665	31483
0.112672	31484
0.112676	31485
0.112679	31486
0.112683	31487
0.112686	31488
0.112689	31489
0.112692	31490
0.112695	31491
0.112698	31492
0.1127	31493
0.112703	31494
0.112704	31495
0.112708	31496
0.112709	31497
0.112713	31498
0.112716	31499
0.11272	31500
0.112724	31501
0.112727	31502
0.112731	31503
0.112734	31504
0.112738	31505
0.112742	31506
0.112745	31507
0.112749	31508
0.112752	31509
0.112756	31510
0.11276	31512
0.112763	31513
0.112767	31514
0.112771	31515
0.112774	31516
0.112778	31517
0.112781	31518
0.112785	31519
0.112789	31520
0.112792	31521
0.112796	31522
0.112799	31523
0.112803	31524
0.112807	31525
0.11281	31526
0.112814	31527
0.112817	31528
0.112821	31529
0.112825	31530
0.112828	31531
0.112832	31532
0.112835	31533
0.112839	31534
0.112843	31535
0.112846	31536
0.11285	31537
0.112853	31538
0.112857	31539
0.112861	31540
0.112864	31541
0.112868	31542
0.112871	31543
0.112875	31544
0.112879	31545
0.112882	31546
0.112886	31547
0.112889	31548
0.112893	31549
0.112897	31550
0.1129	31551
0.112904	31552
0.112908	31553
0.112911	31554
0.112915	31555
0.112918	31556
0.112922	31557
0.112926	31558
0.112929	31559
0.112933	31560
0.112936	31561
0.11294	31562
0.112944	31563
0.112947	31564
0.11295	31565
0.112952	31566
0.112956	31567
0.112958	31568
0.11296	31569
0.112978	31570
0.112981	31571
0.112983	31572
0.112986	31573
0.112993	31574
0.112996	31575
0.113	31576
0.113004	31577
0.113007	31578
0.11301	31579
0.113013	31580
0.113016	31581
0.113019	31582
0.113021	31583
0.113024	31584
0.113025	31585
0.113029	31586
0.11303	31587
0.113034	31588
0.113037	31589
0.113041	31590
0.113045	31591
0.113048	31592
0.113052	31593
0.113055	31594
0.113059	31595
0.113063	31596
0.113066	31597
0.11307	31598
0.113073	31599
0.113077	31600
0.113081	31601
0.113084	31602
0.113088	31603
0.113091	31604
0.113095	31605
0.113099	31606
0.113102	31607
0.113106	31608
0.113109	31609
0.113113	31610
0.113117	31611
0.11312	31612
0.113124	31613
0.113127	31614
0.113131	31615
0.113135	31616
0.113138	31617
0.113142	31618
0.113146	31619
0.113149	31620
0.113153	31621
0.113156	31622
0.11316	31623
0.113164	31624
0.113167	31625
0.113171	31626
0.113174	31627
0.113178	31628
0.113182	31629
0.113185	31630
0.113189	31631
0.113192	31632
0.113196	31634
0.1132	31635
0.113203	31636
0.113207	31637
0.11321	31638
0.113214	31639
0.113218	31640
0.113221	31641
0.113225	31642
0.113228	31643
0.113232	31644
0.113236	31645
0.113239	31646
0.113243	31647
0.113246	31648
0.11325	31649
0.113254	31650
0.113257	31651
0.113261	31652
0.113265	31653
0.113268	31654
0.113271	31655
0.113273	31656
0.113277	31657
0.113279	31658
0.113281	31659
0.113299	31660
0.113302	31661
0.113304	31662
0.113307	31663
0.113314	31664
0.113317	31665
0.113321	31666
0.113325	31667
0.113328	31668
0.113331	31669
0.113334	31670
0.113337	31671
0.11334	31672
0.113341	31673
0.113345	31674
0.113346	31675
0.11335	31676
0.113351	31677
0.113355	31678
0.113358	31679
0.113362	31680
0.113365	31681
0.113369	31682
0.113373	31683
0.113376	31684
0.11338	31685
0.113384	31686
0.113387	31687
0.113391	31688
0.113394	31689
0.113398	31690
0.113402	31691
0.113405	31692
0.113409	31693
0.113412	31694
0.113416	31695
0.11342	31696
0.113423	31697
0.113427	31698
0.11343	31699
0.113434	31700
0.113438	31701
0.113441	31702
0.113445	31703
0.113448	31704
0.113452	31705
0.113456	31706
0.113459	31707
0.113463	31708
0.113466	31709
0.11347	31710
0.113474	31711
0.113477	31712
0.113481	31713
0.113484	31714
0.113488	31715
0.113492	31716
0.113495	31717
0.113499	31718
0.113503	31719
0.113506	31720
0.11351	31721
0.113513	31722
0.113517	31723
0.113521	31724
0.113524	31725
0.113528	31726
0.113531	31727
0.113535	31728
0.113539	31729
0.113542	31730
0.113546	31731
0.113549	31732
0.113553	31733
0.113557	31734
0.11356	31735
0.113564	31736
0.113567	31737
0.113571	31738
0.113575	31739
0.113578	31740
0.113582	31741
0.113585	31742
0.113589	31743
0.113591	31744
0.113594	31745
0.113597	31746
0.1136	31747
0.113602	31748
0.11362	31749
0.113623	31750
0.113625	31751
0.113628	31752
0.113635	31753
0.113638	31755
0.113642	31756
0.113646	31757
0.113649	31758
0.113652	31759
0.113655	31760
0.113658	31761
0.113661	31762
0.113662	31763
0.113666	31764
0.113667	31765
0.113671	31766
0.113672	31767
0.113676	31768
0.113679	31769
0.113683	31770
0.113686	31771
0.11369	31772
0.113694	31773
0.113697	31774
0.113701	31775
0.113704	31776
0.113708	31777
0.113712	31778
0.113715	31779
0.113719	31780
0.113722	31781
0.113726	31782
0.11373	31783
0.113733	31784
0.113737	31785
0.113741	31786
0.113744	31787
0.113748	31788
0.113751	31789
0.113755	31790
0.113759	31791
0.113762	31792
0.113766	31793
0.113769	31794
0.113773	31795
0.113777	31796
0.11378	31797
0.113784	31798
0.113787	31799
0.113791	31800
0.113795	31801
0.113798	31802
0.113802	31803
0.113805	31804
0.113809	31805
0.113813	31806
0.113816	31807
0.11382	31808
0.113823	31809
0.113827	31810
0.113831	31811
0.113834	31812
0.113838	31813
0.113841	31814
0.113845	31815
0.113849	31816
0.113852	31817
0.113856	31818
0.11386	31819
0.113863	31820
0.113867	31821
0.11387	31822
0.113874	31823
0.113878	31824
0.113881	31825
0.113885	31826
0.113888	31827
0.113892	31828
0.113896	31829
0.113899	31830
0.113903	31831
0.113906	31832
0.11391	31833
0.113912	31834
0.113915	31835
0.113918	31836
0.113921	31837
0.113923	31838
0.113941	31839
0.113944	31840
0.113946	31841
0.113948	31842
0.113956	31843
0.113959	31844
0.113963	31845
0.113966	31846
0.11397	31847
0.113973	31848
0.113976	31849
0.113979	31850
0.113982	31851
0.113983	31852
0.113987	31853
0.113988	31854
0.113992	31855
0.113993	31856
0.113997	31857
0.114	31858
0.114004	31859
0.114007	31860
0.114011	31861
0.114015	31862
0.114018	31863
0.114022	31864
0.114025	31865
0.114029	31866
0.114033	31867
0.114036	31868
0.11404	31869
0.114043	31870
0.114047	31871
0.114051	31872
0.114054	31873
0.114058	31874
0.114061	31875
0.114065	31877
0.114069	31878
0.114072	31879
0.114076	31880
0.114079	31881
0.114083	31882
0.114087	31883
0.11409	31884
0.114094	31885
0.114098	31886
0.114101	31887
0.114105	31888
0.114108	31889
0.114112	31890
0.114116	31891
0.114119	31892
0.114123	31893
0.114126	31894
0.11413	31895
0.114134	31896
0.114137	31897
0.114141	31898
0.114144	31899
0.114148	31900
0.114152	31901
0.114155	31902
0.114159	31903
0.114162	31904
0.114166	31905
0.11417	31906
0.114173	31907
0.114177	31908
0.11418	31909
0.114184	31910
0.114188	31911
0.114191	31912
0.114195	31913
0.114198	31914
0.114202	31915
0.114206	31916
0.114209	31917
0.114213	31918
0.114217	31919
0.11422	31920
0.114224	31921
0.114227	31922
0.114231	31923
0.114233	31924
0.114236	31925
0.114239	31926
0.114242	31927
0.114244	31928
0.114262	31929
0.114265	31930
0.114267	31931
0.114269	31932
0.114277	31933
0.11428	31934
0.114284	31935
0.114287	31936
0.114291	31937
0.114293	31938
0.114297	31939
0.114299	31940
0.114303	31941
0.114304	31942
0.114308	31943
0.114309	31944
0.114313	31945
0.114314	31946
0.114317	31947
0.114321	31948
0.114325	31949
0.114328	31950
0.114332	31951
0.114336	31952
0.114339	31953
0.114343	31954
0.114346	31955
0.11435	31956
0.114354	31957
0.114357	31958
0.114361	31959
0.114364	31960
0.114368	31961
0.114372	31962
0.114375	31963
0.114379	31964
0.114382	31965
0.114386	31966
0.11439	31967
0.114393	31968
0.114397	31969
0.1144	31970
0.114404	31971
0.114408	31972
0.114411	31973
0.114415	31974
0.114418	31975
0.114422	31976
0.114426	31977
0.114429	31978
0.114433	31979
0.114436	31980
0.11444	31981
0.114444	31982
0.114447	31983
0.114451	31984
0.114455	31985
0.114458	31986
0.114462	31987
0.114465	31988
0.114469	31989
0.114473	31990
0.114476	31991
0.11448	31992
0.114483	31993
0.114487	31994
0.114491	31995
0.114494	31996
0.114498	31997
0.114501	31999
0.114505	32000
0.114509	32001
0.114512	32002
0.114516	32003
0.114519	32004
0.114523	32005
0.114527	32006
0.11453	32007
0.114534	32008
0.114537	32009
0.114541	32010
0.114545	32011
0.114548	32012
0.114552	32013
0.114554	32014
0.114557	32015
0.11456	32016
0.114563	32017
0.114565	32018
0.114583	32019
0.114586	32020
0.114588	32021
0.11459	32022
0.114598	32023
0.114601	32024
0.114605	32025
0.114608	32026
0.114612	32027
0.114614	32028
0.114618	32029
0.11462	32030
0.114624	32031
0.114625	32032
0.114629	32033
0.11463	32034
0.114634	32035
0.114635	32036
0.114638	32037
0.114642	32038
0.114646	32039
0.114649	32040
0.114653	32041
0.114656	32042
0.11466	32043
0.114664	32044
0.114667	32045
0.114671	32046
0.114674	32047
0.114678	32048
0.114682	32049
0.114685	32050
0.114689	32051
0.114692	32052
0.114696	32053
0.1147	32054
0.114703	32055
0.114707	32056
0.114711	32057
0.114714	32058
0.114718	32059
0.114721	32060
0.114725	32061
0.114729	32062
0.114732	32063
0.114736	32064
0.114739	32065
0.114743	32066
0.114747	32067
0.11475	32068
0.114754	32069
0.114757	32070
0.114761	32071
0.114765	32072
0.114768	32073
0.114772	32074
0.114775	32075
0.114779	32076
0.114783	32077
0.114786	32078
0.11479	32079
0.114793	32080
0.114797	32081
0.114801	32082
0.114804	32083
0.114808	32084
0.114811	32085
0.114815	32086
0.114819	32087
0.114822	32088
0.114826	32089
0.11483	32090
0.114833	32091
0.114837	32092
0.11484	32093
0.114844	32094
0.114848	32095
0.114851	32096
0.114855	32097
0.114858	32098
0.114862	32099
0.114866	32100
0.114869	32101
0.114873	32102
0.114875	32103
0.114878	32104
0.114881	32105
0.114884	32106
0.114886	32107
0.114904	32108
0.114906	32109
0.114909	32110
0.114911	32111
0.114918	32112
0.114922	32113
0.114926	32114
0.114929	32115
0.114933	32116
0.114935	32117
0.114939	32118
0.114941	32120
0.114945	32121
0.114946	32122
0.11495	32123
0.114951	32124
0.114955	32125
0.114956	32126
0.114959	32127
0.114963	32128
0.114967	32129
0.11497	32130
0.114974	32131
0.114977	32132
0.114981	32133
0.114985	32134
0.114988	32135
0.114992	32136
0.114995	32137
0.114999	32138
0.115003	32139
0.115006	32140
0.11501	32141
0.115013	32142
0.115017	32143
0.115021	32144
0.115024	32145
0.115028	32146
0.115031	32147
0.115035	32148
0.115039	32149
0.115042	32150
0.115046	32151
0.115049	32152
0.115053	32153
0.115057	32154
0.11506	32155
0.115064	32156
0.115068	32157
0.115071	32158
0.115075	32159
0.115078	32160
0.115082	32161
0.115086	32162
0.115089	32163
0.115093	32164
0.115096	32165
0.1151	32166
0.115104	32167
0.115107	32168
0.115111	32169
0.115114	32170
0.115118	32171
0.115122	32172
0.115125	32173
0.115129	32174
0.115132	32175
0.115136	32176
0.11514	32177
0.115143	32178
0.115147	32179
0.11515	32180
0.115154	32181
0.115158	32182
0.115161	32183
0.115165	32184
0.115168	32185
0.115172	32186
0.115176	32187
0.115179	32188
0.115183	32189
0.115187	32190
0.11519	32191
0.115194	32192
0.115196	32193
0.115199	32194
0.115202	32195
0.115205	32196
0.115207	32197
0.115225	32198
0.115227	32199
0.11523	32200
0.115232	32201
0.115239	32202
0.115243	32203
0.115247	32204
0.11525	32205
0.115254	32206
0.115256	32207
0.11526	32208
0.115262	32209
0.115266	32210
0.115267	32211
0.115271	32212
0.115272	32213
0.115275	32214
0.115277	32215
0.11528	32216
0.115284	32217
0.115287	32218
0.115291	32219
0.115295	32220
0.115298	32221
0.115302	32222
0.115306	32223
0.115309	32224
0.115313	32225
0.115316	32226
0.11532	32227
0.115324	32228
0.115327	32229
0.115331	32230
0.115334	32231
0.115338	32232
0.115342	32233
0.115345	32234
0.115349	32235
0.115352	32236
0.115356	32237
0.11536	32238
0.115363	32239
0.115367	32240
0.11537	32242
0.115374	32243
0.115378	32244
0.115381	32245
0.115385	32246
0.115388	32247
0.115392	32248
0.115396	32249
0.115399	32250
0.115403	32251
0.115406	32252
0.11541	32253
0.115414	32254
0.115417	32255
0.115421	32256
0.115425	32257
0.115428	32258
0.115432	32259
0.115435	32260
0.115439	32261
0.115443	32262
0.115446	32263
0.11545	32264
0.115453	32265
0.115457	32266
0.115461	32267
0.115464	32268
0.115468	32269
0.115471	32270
0.115475	32271
0.115479	32272
0.115482	32273
0.115486	32274
0.115489	32275
0.115493	32276
0.115497	32277
0.1155	32278
0.115504	32279
0.115507	32280
0.115511	32281
0.115515	32282
0.115517	32283
0.115519	32284
0.115523	32285
0.115525	32286
0.115528	32287
0.115546	32288
0.115548	32289
0.115551	32290
0.115553	32291
0.11556	32292
0.115564	32293
0.115568	32294
0.115571	32295
0.115575	32296
0.115577	32297
0.115581	32298
0.115583	32299
0.115587	32300
0.115588	32301
0.115592	32302
0.115593	32303
0.115596	32304
0.115598	32305
0.115601	32306
0.115605	32307
0.115608	32308
0.115612	32309
0.115616	32310
0.115619	32311
0.115623	32312
0.115626	32313
0.11563	32314
0.115634	32315
0.115637	32316
0.115641	32317
0.115644	32318
0.115648	32319
0.115652	32320
0.115655	32321
0.115659	32322
0.115663	32323
0.115666	32324
0.11567	32325
0.115673	32326
0.115677	32327
0.115681	32328
0.115684	32329
0.115688	32330
0.115691	32331
0.115695	32332
0.115699	32333
0.115702	32334
0.115706	32335
0.115709	32336
0.115713	32337
0.115717	32338
0.11572	32339
0.115724	32340
0.115727	32341
0.115731	32342
0.115735	32343
0.115738	32344
0.115742	32345
0.115745	32346
0.115749	32347
0.115753	32348
0.115756	32349
0.11576	32350
0.115763	32351
0.115767	32352
0.115771	32353
0.115774	32354
0.115778	32355
0.115782	32356
0.115785	32357
0.115789	32358
0.115792	32359
0.115796	32360
0.1158	32361
0.115803	32362
0.115807	32364
0.11581	32365
0.115814	32366
0.115818	32367
0.115821	32368
0.115825	32369
0.115828	32370
0.115832	32371
0.115836	32372
0.115838	32373
0.11584	32374
0.115844	32375
0.115846	32376
0.115849	32377
0.115867	32378
0.115869	32379
0.115872	32380
0.115874	32381
0.115881	32382
0.115885	32383
0.115888	32384
0.115892	32385
0.115896	32386
0.115898	32387
0.115902	32388
0.115904	32389
0.115908	32390
0.115909	32391
0.115913	32392
0.115914	32393
0.115917	32394
0.115919	32395
0.115922	32396
0.115926	32397
0.115929	32398
0.115933	32399
0.115937	32400
0.11594	32401
0.115944	32402
0.115947	32403
0.115951	32404
0.115955	32405
0.115958	32406
0.115962	32407
0.115965	32408
0.115969	32409
0.115973	32410
0.115976	32411
0.11598	32412
0.115983	32413
0.115987	32414
0.115991	32415
0.115994	32416
0.115998	32417
0.116001	32418
0.116005	32419
0.116009	32420
0.116012	32421
0.116016	32422
0.11602	32423
0.116023	32424
0.116027	32425
0.11603	32426
0.116034	32427
0.116038	32428
0.116041	32429
0.116045	32430
0.116048	32431
0.116052	32432
0.116056	32433
0.116059	32434
0.116063	32435
0.116066	32436
0.11607	32437
0.116074	32438
0.116077	32439
0.116081	32440
0.116084	32441
0.116088	32442
0.116092	32443
0.116095	32444
0.116099	32445
0.116102	32446
0.116106	32447
0.11611	32448
0.116113	32449
0.116117	32450
0.11612	32451
0.116124	32452
0.116128	32453
0.116131	32454
0.116135	32455
0.116139	32456
0.116142	32457
0.116146	32458
0.116149	32459
0.116153	32460
0.116157	32461
0.116159	32462
0.116161	32463
0.116165	32464
0.116167	32465
0.11617	32466
0.116188	32467
0.11619	32468
0.116193	32469
0.116195	32470
0.116202	32471
0.116206	32472
0.116209	32473
0.116213	32474
0.116217	32475
0.116219	32476
0.116223	32477
0.116225	32478
0.116229	32479
0.11623	32480
0.116233	32481
0.116235	32482
0.116238	32483
0.116239	32485
0.116243	32486
0.116247	32487
0.11625	32488
0.116254	32489
0.116258	32490
0.116261	32491
0.116265	32492
0.116268	32493
0.116272	32494
0.116276	32495
0.116279	32496
0.116283	32497
0.116286	32498
0.11629	32499
0.116294	32500
0.116297	32501
0.116301	32502
0.116304	32503
0.116308	32504
0.116312	32505
0.116315	32506
0.116319	32507
0.116322	32508
0.116326	32509
0.11633	32510
0.116333	32511
0.116337	32512
0.11634	32513
0.116344	32514
0.116348	32515
0.116351	32516
0.116355	32517
0.116358	32518
0.116362	32519
0.116366	32520
0.116369	32521
0.116373	32522
0.116377	32523
0.11638	32524
0.116384	32525
0.116387	32526
0.116391	32527
0.116395	32528
0.116398	32529
0.116402	32530
0.116405	32531
0.116409	32532
0.116413	32533
0.116416	32534
0.11642	32535
0.116423	32536
0.116427	32537
0.116431	32538
0.116434	32539
0.116438	32540
0.116441	32541
0.116445	32542
0.116449	32543
0.116452	32544
0.116456	32545
0.116459	32546
0.116463	32547
0.116467	32548
0.11647	32549
0.116474	32550
0.116477	32551
0.11648	32552
0.116482	32553
0.116486	32554
0.116488	32555
0.116491	32556
0.116509	32557
0.116511	32558
0.116514	32559
0.116516	32560
0.116523	32561
0.116527	32562
0.11653	32563
0.116534	32564
0.116538	32565
0.11654	32566
0.116544	32567
0.116546	32568
0.11655	32569
0.116551	32570
0.116554	32571
0.116556	32572
0.116559	32573
0.11656	32574
0.116564	32575
0.116568	32576
0.116571	32577
0.116575	32578
0.116578	32579
0.116582	32580
0.116586	32581
0.116589	32582
0.116593	32583
0.116596	32584
0.1166	32585
0.116604	32586
0.116607	32587
0.116611	32588
0.116614	32589
0.116618	32590
0.116622	32591
0.116625	32592
0.116629	32593
0.116633	32594
0.116636	32595
0.11664	32596
0.116643	32597
0.116647	32598
0.116651	32599
0.116654	32600
0.116658	32601
0.116661	32602
0.116665	32603
0.116669	32604
0.116672	32605
0.116676	32607
0.116679	32608
0.116683	32609
0.116687	32610
0.11669	32611
0.116694	32612
0.116697	32613
0.116701	32614
0.116705	32615
0.116708	32616
0.116712	32617
0.116715	32618
0.116719	32619
0.116723	32620
0.116726	32621
0.11673	32622
0.116733	32623
0.116737	32624
0.116741	32625
0.116744	32626
0.116748	32627
0.116752	32628
0.116755	32629
0.116759	32630
0.116762	32631
0.116766	32632
0.11677	32633
0.116773	32634
0.116777	32635
0.11678	32636
0.116784	32637
0.116788	32638
0.116791	32639
0.116795	32640
0.116798	32641
0.116801	32642
0.116803	32643
0.116807	32644
0.116809	32645
0.116812	32646
0.11683	32647
0.116832	32648
0.116834	32649
0.116837	32650
0.116844	32651
0.116848	32652
0.116851	32653
0.116855	32654
0.116859	32655
0.116861	32656
0.116865	32657
0.116867	32658
0.116871	32659
0.116872	32660
0.116875	32661
0.116877	32662
0.11688	32663
0.116881	32664
0.116885	32665
0.116889	32666
0.116892	32667
0.116896	32668
0.116899	32669
0.116903	32670
0.116907	32671
0.11691	32672
0.116914	32673
0.116917	32674
0.116921	32675
0.116925	32676
0.116928	32677
0.116932	32678
0.116935	32679
0.116939	32680
0.116943	32681
0.116946	32682
0.11695	32683
0.116953	32684
0.116957	32685
0.116961	32686
0.116964	32687
0.116968	32688
0.116971	32689
0.116975	32690
0.116979	32691
0.116982	32692
0.116986	32693
0.11699	32694
0.116993	32695
0.116997	32696
0.117	32697
0.117004	32698
0.117008	32699
0.117011	32700
0.117015	32701
0.117018	32702
0.117022	32703
0.117026	32704
0.117029	32705
0.117033	32706
0.117036	32707
0.11704	32708
0.117044	32709
0.117047	32710
0.117051	32711
0.117054	32712
0.117058	32713
0.117062	32714
0.117065	32715
0.117069	32716
0.117072	32717
0.117076	32718
0.11708	32719
0.117083	32720
0.117087	32721
0.11709	32722
0.117094	32723
0.117098	32724
0.117101	32725
0.117105	32726
0.117109	32727
0.117112	32729
0.117116	32730
0.117119	32731
0.117122	32732
0.117124	32733
0.117128	32734
0.11713	32735
0.117133	32736
0.117151	32737
0.117153	32738
0.117155	32739
0.117158	32740
0.117165	32741
0.117169	32742
0.117172	32743
0.117176	32744
0.117179	32745
0.117182	32746
0.117185	32747
0.117188	32748
0.117191	32749
0.117193	32750
0.117196	32751
0.117197	32752
0.117201	32753
0.117202	32754
0.117206	32755
0.117209	32756
0.117213	32757
0.117217	32758
0.11722	32759
0.117224	32760
0.117228	32761
0.117231	32762
0.117235	32763
0.117238	32764
0.117242	32765
0.117246	32766
0.117249	32767
0.117253	32768
0.117256	32769
0.11726	32770
0.117264	32771
0.117267	32772
0.117271	32773
0.117274	32774
0.117278	32775
0.117282	32776
0.117285	32777
0.117289	32778
0.117292	32779
0.117296	32780
0.1173	32781
0.117303	32782
0.117307	32783
0.11731	32784
0.117314	32785
0.117318	32786
0.117321	32787
0.117325	32788
0.117328	32789
0.117332	32790
0.117336	32791
0.117339	32792
0.117343	32793
0.117347	32794
0.11735	32795
0.117354	32796
0.117357	32797
0.117361	32798
0.117365	32799
0.117368	32800
0.117372	32801
0.117375	32802
0.117379	32803
0.117383	32804
0.117386	32805
0.11739	32806
0.117393	32807
0.117397	32808
0.117401	32809
0.117404	32810
0.117408	32811
0.117411	32812
0.117415	32813
0.117419	32814
0.117422	32815
0.117426	32816
0.117429	32817
0.117433	32818
0.117437	32819
0.11744	32820
0.117443	32821
0.117445	32822
0.117449	32823
0.117451	32824
0.117453	32825
0.117472	32826
0.117474	32827
0.117476	32828
0.117479	32829
0.117486	32830
0.11749	32831
0.117493	32832
0.117497	32833
0.1175	32834
0.117503	32835
0.117506	32836
0.117509	32837
0.117512	32838
0.117514	32839
0.117517	32840
0.117518	32841
0.117522	32842
0.117523	32843
0.117527	32844
0.11753	32845
0.117534	32846
0.117538	32847
0.117541	32848
0.117545	32850
0.117548	32851
0.117552	32852
0.117556	32853
0.117559	32854
0.117563	32855
0.117566	32856
0.11757	32857
0.117574	32858
0.117577	32859
0.117581	32860
0.117585	32861
0.117588	32862
0.117592	32863
0.117595	32864
0.117599	32865
0.117603	32866
0.117606	32867
0.11761	32868
0.117613	32869
0.117617	32870
0.117621	32871
0.117624	32872
0.117628	32873
0.117631	32874
0.117635	32875
0.117639	32876
0.117642	32877
0.117646	32878
0.117649	32879
0.117653	32880
0.117657	32881
0.11766	32882
0.117664	32883
0.117667	32884
0.117671	32885
0.117675	32886
0.117678	32887
0.117682	32888
0.117685	32889
0.117689	32890
0.117693	32891
0.117696	32892
0.1177	32893
0.117704	32894
0.117707	32895
0.117711	32896
0.117714	32897
0.117718	32898
0.117722	32899
0.117725	32900
0.117729	32901
0.117732	32902
0.117736	32903
0.11774	32904
0.117743	32905
0.117747	32906
0.11775	32907
0.117754	32908
0.117758	32909
0.117761	32910
0.117764	32911
0.117766	32912
0.11777	32913
0.117772	32914
0.117774	32915
0.117792	32916
0.117795	32917
0.117797	32918
0.1178	32919
0.117807	32920
0.11781	32921
0.117814	32922
0.117818	32923
0.117821	32924
0.117824	32925
0.117827	32926
0.11783	32927
0.117833	32928
0.117835	32929
0.117838	32930
0.117839	32931
0.117843	32932
0.117844	32933
0.117848	32934
0.117851	32935
0.117855	32936
0.117859	32937
0.117862	32938
0.117866	32939
0.117869	32940
0.117873	32941
0.117877	32942
0.11788	32943
0.117884	32944
0.117887	32945
0.117891	32946
0.117895	32947
0.117898	32948
0.117902	32949
0.117905	32950
0.117909	32951
0.117913	32952
0.117916	32953
0.11792	32954
0.117923	32955
0.117927	32956
0.117931	32957
0.117934	32958
0.117938	32959
0.117942	32960
0.117945	32961
0.117949	32962
0.117952	32963
0.117956	32964
0.11796	32965
0.117963	32966
0.117967	32967
0.11797	32968
0.117974	32969
0.117978	32970
0.117981	32972
0.117985	32973
0.117988	32974
0.117992	32975
0.117996	32976
0.117999	32977
0.118003	32978
0.118006	32979
0.11801	32980
0.118014	32981
0.118017	32982
0.118021	32983
0.118024	32984
0.118028	32985
0.118032	32986
0.118035	32987
0.118039	32988
0.118042	32989
0.118046	32990
0.11805	32991
0.118053	32992
0.118057	32993
0.118061	32994
0.118064	32995
0.118068	32996
0.118071	32997
0.118075	32998
0.118079	32999
0.118082	33000
0.118085	33001
0.118087	33002
0.118091	33003
0.118093	33004
0.118095	33005
0.118113	33006
0.118116	33007
0.118118	33008
0.118121	33009
0.118128	33010
0.118131	33011
0.118135	33012
0.118139	33013
0.118142	33014
0.118145	33015
0.118148	33016
0.118151	33017
0.118154	33018
0.118155	33019
0.118159	33020
0.11816	33021
0.118164	33022
0.118165	33023
0.118169	33024
0.118172	33025
0.118176	33026
0.11818	33027
0.118183	33028
0.118187	33029
0.11819	33030
0.118194	33031
0.118198	33032
0.118201	33033
0.118205	33034
0.118208	33035
0.118212	33036
0.118216	33037
0.118219	33038
0.118223	33039
0.118226	33040
0.11823	33041
0.118234	33042
0.118237	33043
0.118241	33044
0.118244	33045
0.118248	33046
0.118252	33047
0.118255	33048
0.118259	33049
0.118262	33050
0.118266	33051
0.11827	33052
0.118273	33053
0.118277	33054
0.11828	33055
0.118284	33056
0.118288	33057
0.118291	33058
0.118295	33059
0.118298	33060
0.118302	33061
0.118306	33062
0.118309	33063
0.118313	33064
0.118317	33065
0.11832	33066
0.118324	33067
0.118327	33068
0.118331	33069
0.118335	33070
0.118338	33071
0.118342	33072
0.118345	33073
0.118349	33074
0.118353	33075
0.118356	33076
0.11836	33077
0.118363	33078
0.118367	33079
0.118371	33080
0.118374	33081
0.118378	33082
0.118381	33083
0.118385	33084
0.118389	33085
0.118392	33086
0.118396	33087
0.118399	33088
0.118403	33089
0.118405	33090
0.118408	33091
0.118411	33092
0.118414	33094
0.118416	33095
0.118434	33096
0.118437	33097
0.118439	33098
0.118442	33099
0.118449	33100
0.118452	33101
0.118456	33102
0.11846	33103
0.118463	33104
0.118466	33105
0.118469	33106
0.118472	33107
0.118475	33108
0.118476	33109
0.11848	33110
0.118481	33111
0.118485	33112
0.118486	33113
0.11849	33114
0.118493	33115
0.118497	33116
0.1185	33117
0.118504	33118
0.118508	33119
0.118511	33120
0.118515	33121
0.118518	33122
0.118522	33123
0.118526	33124
0.118529	33125
0.118533	33126
0.118536	33127
0.11854	33128
0.118544	33129
0.118547	33130
0.118551	33131
0.118555	33132
0.118558	33133
0.118562	33134
0.118565	33135
0.118569	33136
0.118573	33137
0.118576	33138
0.11858	33139
0.118583	33140
0.118587	33141
0.118591	33142
0.118594	33143
0.118598	33144
0.118601	33145
0.118605	33146
0.118609	33147
0.118612	33148
0.118616	33149
0.118619	33150
0.118623	33151
0.118627	33152
0.11863	33153
0.118634	33154
0.118637	33155
0.118641	33156
0.118645	33157
0.118648	33158
0.118652	33159
0.118655	33160
0.118659	33161
0.118663	33162
0.118666	33163
0.11867	33164
0.118674	33165
0.118677	33166
0.118681	33167
0.118684	33168
0.118688	33169
0.118692	33170
0.118695	33171
0.118699	33172
0.118702	33173
0.118706	33174
0.11871	33175
0.118713	33176
0.118717	33177
0.11872	33178
0.118724	33179
0.118726	33180
0.118729	33181
0.118732	33182
0.118735	33183
0.118737	33184
0.118755	33185
0.118758	33186
0.11876	33187
0.118762	33188
0.11877	33189
0.118773	33190
0.118777	33191
0.118781	33192
0.118784	33193
0.118787	33194
0.11879	33195
0.118793	33196
0.118796	33197
0.118797	33198
0.118801	33199
0.118802	33200
0.118806	33201
0.118807	33202
0.118811	33203
0.118814	33204
0.118818	33205
0.118821	33206
0.118825	33207
0.118829	33208
0.118832	33209
0.118836	33210
0.118839	33211
0.118843	33212
0.118847	33213
0.11885	33215
0.118854	33216
0.118857	33217
0.118861	33218
0.118865	33219
0.118868	33220
0.118872	33221
0.118875	33222
0.118879	33223
0.118883	33224
0.118886	33225
0.11889	33226
0.118893	33227
0.118897	33228
0.118901	33229
0.118904	33230
0.118908	33231
0.118912	33232
0.118915	33233
0.118919	33234
0.118922	33235
0.118926	33236
0.11893	33237
0.118933	33238
0.118937	33239
0.11894	33240
0.118944	33241
0.118948	33242
0.118951	33243
0.118955	33244
0.118958	33245
0.118962	33246
0.118966	33247
0.118969	33248
0.118973	33249
0.118976	33250
0.11898	33251
0.118984	33252
0.118987	33253
0.118991	33254
0.118994	33255
0.118998	33256
0.119002	33257
0.119005	33258
0.119009	33259
0.119012	33260
0.119016	33261
0.11902	33262
0.119023	33263
0.119027	33264
0.119031	33265
0.119034	33266
0.119038	33267
0.119041	33268
0.119045	33269
0.119047	33270
0.11905	33271
0.119053	33272
0.119056	33273
0.119058	33274
0.119076	33275
0.119079	33276
0.119081	33277
0.119083	33278
0.119091	33279
0.119094	33280
0.119098	33281
0.119101	33282
0.119105	33283
0.119107	33284
0.119111	33285
0.119113	33286
0.119117	33287
0.119118	33288
0.119122	33289
0.119123	33290
0.119127	33291
0.119128	33292
0.119131	33293
0.119135	33294
0.119139	33295
0.119142	33296
0.119146	33297
0.11915	33298
0.119153	33299
0.119157	33300
0.11916	33301
0.119164	33302
0.119168	33303
0.119171	33304
0.119175	33305
0.119178	33306
0.119182	33307
0.119186	33308
0.119189	33309
0.119193	33310
0.119196	33311
0.1192	33312
0.119204	33313
0.119207	33314
0.119211	33315
0.119214	33316
0.119218	33317
0.119222	33318
0.119225	33319
0.119229	33320
0.119232	33321
0.119236	33322
0.11924	33323
0.119243	33324
0.119247	33325
0.11925	33326
0.119254	33327
0.119258	33328
0.119261	33329
0.119265	33330
0.119269	33331
0.119272	33332
0.119276	33333
0.119279	33334
0.119283	33335
0.119287	33337
0.11929	33338
0.119294	33339
0.119297	33340
0.119301	33341
0.119305	33342
0.119308	33343
0.119312	33344
0.119315	33345
0.119319	33346
0.119323	33347
0.119326	33348
0.11933	33349
0.119333	33350
0.119337	33351
0.119341	33352
0.119344	33353
0.119348	33354
0.119351	33355
0.119355	33356
0.119359	33357
0.119362	33358
0.119366	33359
0.119368	33360
0.119371	33361
0.119374	33362
0.119377	33363
0.119379	33364
0.119397	33365
0.1194	33366
0.119402	33367
0.119404	33368
0.119412	33369
0.119415	33370
0.119419	33371
0.119422	33372
0.119426	33373
0.119428	33374
0.119432	33375
0.119434	33376
0.119438	33377
0.119439	33378
0.119443	33379
0.119444	33380
0.119448	33381
0.119449	33382
0.119452	33383
0.119456	33384
0.11946	33385
0.119463	33386
0.119467	33387
0.11947	33388
0.119474	33389
0.119478	33390
0.119481	33391
0.119485	33392
0.119488	33393
0.119492	33394
0.119496	33395
0.119499	33396
0.119503	33397
0.119507	33398
0.11951	33399
0.119514	33400
0.119517	33401
0.119521	33402
0.119525	33403
0.119528	33404
0.119532	33405
0.119535	33406
0.119539	33407
0.119543	33408
0.119546	33409
0.11955	33410
0.119553	33411
0.119557	33412
0.119561	33413
0.119564	33414
0.119568	33415
0.119571	33416
0.119575	33417
0.119579	33418
0.119582	33419
0.119586	33420
0.119589	33421
0.119593	33422
0.119597	33423
0.1196	33424
0.119604	33425
0.119607	33426
0.119611	33427
0.119615	33428
0.119618	33429
0.119622	33430
0.119626	33431
0.119629	33432
0.119633	33433
0.119636	33434
0.11964	33435
0.119644	33436
0.119647	33437
0.119651	33438
0.119654	33439
0.119658	33440
0.119662	33441
0.119665	33442
0.119669	33443
0.119672	33444
0.119676	33445
0.11968	33446
0.119683	33447
0.119687	33448
0.119689	33449
0.119692	33450
0.119695	33451
0.119698	33452
0.1197	33453
0.119718	33454
0.11972	33455
0.119723	33456
0.119725	33457
0.119732	33459
0.119736	33460
0.11974	33461
0.119743	33462
0.119747	33463
0.119749	33464
0.119753	33465
0.119755	33466
0.119759	33467
0.11976	33468
0.119764	33469
0.119765	33470
0.119769	33471
0.11977	33472
0.119773	33473
0.119777	33474
0.119781	33475
0.119784	33476
0.119788	33477
0.119791	33478
0.119795	33479
0.119799	33480
0.119802	33481
0.119806	33482
0.119809	33483
0.119813	33484
0.119817	33485
0.11982	33486
0.119824	33487
0.119827	33488
0.119831	33489
0.119835	33490
0.119838	33491
0.119842	33492
0.119845	33493
0.119849	33494
0.119853	33495
0.119856	33496
0.11986	33497
0.119864	33498
0.119867	33499
0.119871	33500
0.119874	33501
0.119878	33502
0.119882	33503
0.119885	33504
0.119889	33505
0.119892	33506
0.119896	33507
0.1199	33508
0.119903	33509
0.119907	33510
0.11991	33511
0.119914	33512
0.119918	33513
0.119921	33514
0.119925	33515
0.119928	33516
0.119932	33517
0.119936	33518
0.119939	33519
0.119943	33520
0.119946	33521
0.11995	33522
0.119954	33523
0.119957	33524
0.119961	33525
0.119964	33526
0.119968	33527
0.119972	33528
0.119975	33529
0.119979	33530
0.119983	33531
0.119986	33532
0.11999	33533
0.119993	33534
0.119997	33535
0.120001	33536
0.120004	33537
0.120008	33538
0.12001	33539
0.120013	33540
0.120016	33541
0.120019	33542
0.120021	33543
0.120039	33544
0.120041	33545
0.120044	33546
0.120046	33547
0.120053	33548
0.120057	33549
0.120061	33550
0.120064	33551
0.120068	33552
0.12007	33553
0.120074	33554
0.120076	33555
0.12008	33556
0.120081	33557
0.120085	33558
0.120086	33559
0.120089	33560
0.120091	33561
0.120094	33562
0.120098	33563
0.120101	33564
0.120105	33565
0.120109	33566
0.120112	33567
0.120116	33568
0.12012	33569
0.120123	33570
0.120127	33571
0.12013	33572
0.120134	33573
0.120138	33574
0.120141	33575
0.120145	33576
0.120148	33577
0.120152	33578
0.120156	33580
0.120159	33581
0.120163	33582
0.120166	33583
0.12017	33584
0.120174	33585
0.120177	33586
0.120181	33587
0.120184	33588
0.120188	33589
0.120192	33590
0.120195	33591
0.120199	33592
0.120202	33593
0.120206	33594
0.12021	33595
0.120213	33596
0.120217	33597
0.12022	33598
0.120224	33599
0.120228	33600
0.120231	33601
0.120235	33602
0.120239	33603
0.120242	33604
0.120246	33605
0.120249	33606
0.120253	33607
0.120257	33608
0.12026	33609
0.120264	33610
0.120267	33611
0.120271	33612
0.120275	33613
0.120278	33614
0.120282	33615
0.120285	33616
0.120289	33617
0.120293	33618
0.120296	33619
0.1203	33620
0.120303	33621
0.120307	33622
0.120311	33623
0.120314	33624
0.120318	33625
0.120321	33626
0.120325	33627
0.120329	33628
0.120331	33629
0.120333	33630
0.120337	33631
0.120339	33632
0.120342	33633
0.12036	33634
0.120362	33635
0.120365	33636
0.120367	33637
0.120374	33638
0.120378	33639
0.120382	33640
0.120385	33641
0.120389	33642
0.120391	33643
0.120395	33644
0.120397	33645
0.120401	33646
0.120402	33647
0.120406	33648
0.120407	33649
0.12041	33650
0.120412	33651
0.120415	33652
0.120419	33653
0.120422	33654
0.120426	33655
0.12043	33656
0.120433	33657
0.120437	33658
0.12044	33659
0.120444	33660
0.120448	33661
0.120451	33662
0.120455	33663
0.120458	33664
0.120462	33665
0.120466	33666
0.120469	33667
0.120473	33668
0.120477	33669
0.12048	33670
0.120484	33671
0.120487	33672
0.120491	33673
0.120495	33674
0.120498	33675
0.120502	33676
0.120505	33677
0.120509	33678
0.120513	33679
0.120516	33680
0.12052	33681
0.120523	33682
0.120527	33683
0.120531	33684
0.120534	33685
0.120538	33686
0.120541	33687
0.120545	33688
0.120549	33689
0.120552	33690
0.120556	33691
0.120559	33692
0.120563	33693
0.120567	33694
0.12057	33695
0.120574	33696
0.120577	33697
0.120581	33698
0.120585	33699
0.120588	33700
0.120592	33702
0.120596	33703
0.120599	33704
0.120603	33705
0.120606	33706
0.12061	33707
0.120614	33708
0.120617	33709
0.120621	33710
0.120624	33711
0.120628	33712
0.120632	33713
0.120635	33714
0.120639	33715
0.120642	33716
0.120646	33717
0.12065	33718
0.120652	33719
0.120654	33720
0.120658	33721
0.12066	33722
0.120663	33723
0.120681	33724
0.120683	33725
0.120686	33726
0.120688	33727
0.120695	33728
0.120699	33729
0.120702	33730
0.120706	33731
0.12071	33732
0.120712	33733
0.120716	33734
0.120718	33735
0.120722	33736
0.120723	33737
0.120727	33738
0.120728	33739
0.120731	33740
0.120733	33741
0.120736	33742
0.12074	33743
0.120743	33744
0.120747	33745
0.120751	33746
0.120754	33747
0.120758	33748
0.120761	33749
0.120765	33750
0.120769	33751
0.120772	33752
0.120776	33753
0.120779	33754
0.120783	33755
0.120787	33756
0.12079	33757
0.120794	33758
0.120797	33759
0.120801	33760
0.120805	33761
0.120808	33762
0.120812	33763
0.120815	33764
0.120819	33765
0.120823	33766
0.120826	33767
0.12083	33768
0.120834	33769
0.120837	33770
0.120841	33771
0.120844	33772
0.120848	33773
0.120852	33774
0.120855	33775
0.120859	33776
0.120862	33777
0.120866	33778
0.12087	33779
0.120873	33780
0.120877	33781
0.12088	33782
0.120884	33783
0.120888	33784
0.120891	33785
0.120895	33786
0.120898	33787
0.120902	33788
0.120906	33789
0.120909	33790
0.120913	33791
0.120916	33792
0.12092	33793
0.120924	33794
0.120927	33795
0.120931	33796
0.120934	33797
0.120938	33798
0.120942	33799
0.120945	33800
0.120949	33801
0.120953	33802
0.120956	33803
0.12096	33804
0.120963	33805
0.120967	33806
0.120971	33807
0.120973	33808
0.120975	33809
0.120979	33810
0.120981	33811
0.120984	33812
0.121002	33813
0.121004	33814
0.121007	33815
0.121009	33816
0.121016	33817
0.12102	33818
0.121023	33819
0.121027	33820
0.121031	33821
0.121033	33822
0.121037	33824
0.121039	33825
0.121043	33826
0.121044	33827
0.121047	33828
0.121049	33829
0.121052	33830
0.121053	33831
0.121057	33832
0.121061	33833
0.121064	33834
0.121068	33835
0.121072	33836
0.121075	33837
0.121079	33838
0.121082	33839
0.121086	33840
0.12109	33841
0.121093	33842
0.121097	33843
0.1211	33844
0.121104	33845
0.121108	33846
0.121111	33847
0.121115	33848
0.121118	33849
0.121122	33850
0.121126	33851
0.121129	33852
0.121133	33853
0.121136	33854
0.12114	33855
0.121144	33856
0.121147	33857
0.121151	33858
0.121154	33859
0.121158	33860
0.121162	33861
0.121165	33862
0.121169	33863
0.121172	33864
0.121176	33865
0.12118	33866
0.121183	33867
0.121187	33868
0.121191	33869
0.121194	33870
0.121198	33871
0.121201	33872
0.121205	33873
0.121209	33874
0.121212	33875
0.121216	33876
0.121219	33877
0.121223	33878
0.121227	33879
0.12123	33880
0.121234	33881
0.121237	33882
0.121241	33883
0.121245	33884
0.121248	33885
0.121252	33886
0.121255	33887
0.121259	33888
0.121263	33889
0.121266	33890
0.12127	33891
0.121273	33892
0.121277	33893
0.121281	33894
0.121284	33895
0.121288	33896
0.121291	33897
0.121294	33898
0.121296	33899
0.1213	33900
0.121302	33901
0.121305	33902
0.121323	33903
0.121325	33904
0.121328	33905
0.12133	33906
0.121337	33907
0.121341	33908
0.121344	33909
0.121348	33910
0.121352	33911
0.121354	33912
0.121358	33913
0.12136	33914
0.121364	33915
0.121365	33916
0.121368	33917
0.12137	33918
0.121373	33919
0.121374	33920
0.121378	33921
0.121382	33922
0.121385	33923
0.121389	33924
0.121392	33925
0.121396	33926
0.1214	33927
0.121403	33928
0.121407	33929
0.12141	33930
0.121414	33931
0.121418	33932
0.121421	33933
0.121425	33934
0.121429	33935
0.121432	33936
0.121436	33937
0.121439	33938
0.121443	33939
0.121447	33940
0.12145	33941
0.121454	33942
0.121457	33943
0.121461	33945
0.121465	33946
0.121468	33947
0.121472	33948
0.121475	33949
0.121479	33950
0.121483	33951
0.121486	33952
0.12149	33953
0.121493	33954
0.121497	33955
0.121501	33956
0.121504	33957
0.121508	33958
0.121511	33959
0.121515	33960
0.121519	33961
0.121522	33962
0.121526	33963
0.121529	33964
0.121533	33965
0.121537	33966
0.12154	33967
0.121544	33968
0.121548	33969
0.121551	33970
0.121555	33971
0.121558	33972
0.121562	33973
0.121566	33974
0.121569	33975
0.121573	33976
0.121576	33977
0.12158	33978
0.121584	33979
0.121587	33980
0.121591	33981
0.121594	33982
0.121598	33983
0.121602	33984
0.121605	33985
0.121609	33986
0.121612	33987
0.121615	33988
0.121617	33989
0.121621	33990
0.121623	33991
0.121626	33992
0.121644	33993
0.121646	33994
0.121648	33995
0.121651	33996
0.121658	33997
0.121662	33998
0.121665	33999
0.121669	34000
0.121673	34001
0.121675	34002
0.121679	34003
0.121681	34004
0.121685	34005
0.121686	34006
0.121689	34007
0.121691	34008
0.121694	34009
0.121695	34010
0.121699	34011
0.121703	34012
0.121706	34013
0.12171	34014
0.121713	34015
0.121717	34016
0.121721	34017
0.121724	34018
0.121728	34019
0.121731	34020
0.121735	34021
0.121739	34022
0.121742	34023
0.121746	34024
0.121749	34025
0.121753	34026
0.121757	34027
0.12176	34028
0.121764	34029
0.121767	34030
0.121771	34031
0.121775	34032
0.121778	34033
0.121782	34034
0.121786	34035
0.121789	34036
0.121793	34037
0.121796	34038
0.1218	34039
0.121804	34040
0.121807	34041
0.121811	34042
0.121814	34043
0.121818	34044
0.121822	34045
0.121825	34046
0.121829	34047
0.121832	34048
0.121836	34049
0.12184	34050
0.121843	34051
0.121847	34052
0.12185	34053
0.121854	34054
0.121858	34055
0.121861	34056
0.121865	34057
0.121868	34058
0.121872	34059
0.121876	34060
0.121879	34061
0.121883	34062
0.121886	34063
0.12189	34064
0.121894	34065
0.121897	34067
0.121901	34068
0.121904	34069
0.121908	34070
0.121912	34071
0.121915	34072
0.121919	34073
0.121923	34074
0.121926	34075
0.12193	34076
0.121933	34077
0.121936	34078
0.121938	34079
0.121942	34080
0.121944	34081
0.121947	34082
0.121965	34083
0.121967	34084
0.121969	34085
0.121972	34086
0.121979	34087
0.121983	34088
0.121986	34089
0.12199	34090
0.121993	34091
0.121996	34092
0.121999	34093
0.122002	34094
0.122005	34095
0.122007	34096
0.12201	34097
0.122011	34098
0.122015	34099
0.122016	34100
0.12202	34101
0.122023	34102
0.122027	34103
0.122031	34104
0.122034	34105
0.122038	34106
0.122042	34107
0.122045	34108
0.122049	34109
0.122052	34110
0.122056	34111
0.12206	34112
0.122063	34113
0.122067	34114
0.12207	34115
0.122074	34116
0.122078	34117
0.122081	34118
0.122085	34119
0.122088	34120
0.122092	34121
0.122096	34122
0.122099	34123
0.122103	34124
0.122106	34125
0.12211	34126
0.122114	34127
0.122117	34128
0.122121	34129
0.122124	34130
0.122128	34131
0.122132	34132
0.122135	34133
0.122139	34134
0.122142	34135
0.122146	34136
0.12215	34137
0.122153	34138
0.122157	34139
0.122161	34140
0.122164	34141
0.122168	34142
0.122171	34143
0.122175	34144
0.122179	34145
0.122182	34146
0.122186	34147
0.122189	34148
0.122193	34149
0.122197	34150
0.1222	34151
0.122204	34152
0.122207	34153
0.122211	34154
0.122215	34155
0.122218	34156
0.122222	34157
0.122225	34158
0.122229	34159
0.122233	34160
0.122236	34161
0.12224	34162
0.122243	34163
0.122247	34164
0.122251	34165
0.122254	34166
0.122257	34167
0.122259	34168
0.122263	34169
0.122265	34170
0.122268	34171
0.122286	34172
0.122288	34173
0.12229	34174
0.122293	34175
0.1223	34176
0.122304	34177
0.122307	34178
0.122311	34179
0.122314	34180
0.122317	34181
0.12232	34182
0.122323	34183
0.122326	34184
0.122328	34185
0.122331	34186
0.122332	34187
0.122336	34189
0.122337	34190
0.122341	34191
0.122344	34192
0.122348	34193
0.122352	34194
0.122355	34195
0.122359	34196
0.122362	34197
0.122366	34198
0.12237	34199
0.122373	34200
0.122377	34201
0.12238	34202
0.122384	34203
0.122388	34204
0.122391	34205
0.122395	34206
0.122399	34207
0.122402	34208
0.122406	34209
0.122409	34210
0.122413	34211
0.122417	34212
0.12242	34213
0.122424	34214
0.122427	34215
0.122431	34216
0.122435	34217
0.122438	34218
0.122442	34219
0.122445	34220
0.122449	34221
0.122453	34222
0.122456	34223
0.12246	34224
0.122463	34225
0.122467	34226
0.122471	34227
0.122474	34228
0.122478	34229
0.122481	34230
0.122485	34231
0.122489	34232
0.122492	34233
0.122496	34234
0.122499	34235
0.122503	34236
0.122507	34237
0.12251	34238
0.122514	34239
0.122518	34240
0.122521	34241
0.122525	34242
0.122528	34243
0.122532	34244
0.122536	34245
0.122539	34246
0.122543	34247
0.122546	34248
0.12255	34249
0.122554	34250
0.122557	34251
0.122561	34252
0.122564	34253
0.122568	34254
0.122572	34255
0.122575	34256
0.122578	34257
0.12258	34258
0.122584	34259
0.122586	34260
0.122588	34261
0.122606	34262
0.122609	34263
0.122611	34264
0.122614	34265
0.122621	34266
0.122624	34267
0.122628	34268
0.122632	34269
0.122635	34270
0.122638	34271
0.122641	34272
0.122644	34273
0.122647	34274
0.122649	34275
0.122652	34276
0.122653	34277
0.122657	34278
0.122658	34279
0.122662	34280
0.122665	34281
0.122669	34282
0.122673	34283
0.122676	34284
0.12268	34285
0.122683	34286
0.122687	34287
0.122691	34288
0.122694	34289
0.122698	34290
0.122701	34291
0.122705	34292
0.122709	34293
0.122712	34294
0.122716	34295
0.122719	34296
0.122723	34297
0.122727	34298
0.12273	34299
0.122734	34300
0.122737	34301
0.122741	34302
0.122745	34303
0.122748	34304
0.122752	34305
0.122756	34306
0.122759	34307
0.122763	34308
0.122766	34310
0.12277	34311
0.122774	34312
0.122777	34313
0.122781	34314
0.122784	34315
0.122788	34316
0.122792	34317
0.122795	34318
0.122799	34319
0.122802	34320
0.122806	34321
0.12281	34322
0.122813	34323
0.122817	34324
0.12282	34325
0.122824	34326
0.122828	34327
0.122831	34328
0.122835	34329
0.122838	34330
0.122842	34331
0.122846	34332
0.122849	34333
0.122853	34334
0.122856	34335
0.12286	34336
0.122864	34337
0.122867	34338
0.122871	34339
0.122875	34340
0.122878	34341
0.122882	34342
0.122885	34343
0.122889	34344
0.122893	34345
0.122896	34346
0.122899	34347
0.122901	34348
0.122905	34349
0.122907	34350
0.122909	34351
0.122927	34352
0.12293	34353
0.122932	34354
0.122935	34355
0.122942	34356
0.122945	34357
0.122949	34358
0.122953	34359
0.122956	34360
0.122959	34361
0.122962	34362
0.122965	34363
0.122968	34364
0.122969	34365
0.122973	34366
0.122974	34367
0.122978	34368
0.122979	34369
0.122983	34370
0.122986	34371
0.12299	34372
0.122994	34373
0.122997	34374
0.123001	34375
0.123004	34376
0.123008	34377
0.123012	34378
0.123015	34379
0.123019	34380
0.123022	34381
0.123026	34382
0.12303	34383
0.123033	34384
0.123037	34385
0.12304	34386
0.123044	34387
0.123048	34388
0.123051	34389
0.123055	34390
0.123058	34391
0.123062	34392
0.123066	34393
0.123069	34394
0.123073	34395
0.123076	34396
0.12308	34397
0.123084	34398
0.123087	34399
0.123091	34400
0.123094	34401
0.123098	34402
0.123102	34403
0.123105	34404
0.123109	34405
0.123113	34406
0.123116	34407
0.12312	34408
0.123123	34409
0.123127	34410
0.123131	34411
0.123134	34412
0.123138	34413
0.123141	34414
0.123145	34415
0.123149	34416
0.123152	34417
0.123156	34418
0.123159	34419
0.123163	34420
0.123167	34421
0.12317	34422
0.123174	34423
0.123177	34424
0.123181	34425
0.123185	34426
0.123188	34427
0.123192	34428
0.123195	34429
0.123199	34430
0.123203	34432
0.123206	34433
0.12321	34434
0.123213	34435
0.123217	34436
0.123219	34437
0.123222	34438
0.123225	34439
0.123228	34440
0.12323	34441
0.123248	34442
0.123251	34443
0.123253	34444
0.123256	34445
0.123263	34446
0.123266	34447
0.12327	34448
0.123274	34449
0.123277	34450
0.12328	34451
0.123283	34452
0.123286	34453
0.123289	34454
0.12329	34455
0.123294	34456
0.123295	34457
0.123299	34458
0.1233	34459
0.123304	34460
0.123307	34461
0.123311	34462
0.123314	34463
0.123318	34464
0.123322	34465
0.123325	34466
0.123329	34467
0.123332	34468
0.123336	34469
0.12334	34470
0.123343	34471
0.123347	34472
0.123351	34473
0.123354	34474
0.123358	34475
0.123361	34476
0.123365	34477
0.123369	34478
0.123372	34479
0.123376	34480
0.123379	34481
0.123383	34482
0.123387	34483
0.12339	34484
0.123394	34485
0.123397	34486
0.123401	34487
0.123405	34488
0.123408	34489
0.123412	34490
0.123415	34491
0.123419	34492
0.123423	34493
0.123426	34494
0.12343	34495
0.123433	34496
0.123437	34497
0.123441	34498
0.123444	34499
0.123448	34500
0.123451	34501
0.123455	34502
0.123459	34503
0.123462	34504
0.123466	34505
0.12347	34506
0.123473	34507
0.123477	34508
0.12348	34509
0.123484	34510
0.123488	34511
0.123491	34512
0.123495	34513
0.123498	34514
0.123502	34515
0.123506	34516
0.123509	34517
0.123513	34518
0.123516	34519
0.12352	34520
0.123524	34521
0.123527	34522
0.123531	34523
0.123534	34524
0.123538	34525
0.12354	34526
0.123543	34527
0.123546	34528
0.123549	34529
0.123551	34530
0.123569	34531
0.123572	34532
0.123574	34533
0.123576	34534
0.123584	34535
0.123587	34536
0.123591	34537
0.123595	34538
0.123598	34539
0.123601	34540
0.123604	34541
0.123607	34542
0.12361	34543
0.123611	34544
0.123615	34545
0.123616	34546
0.12362	34547
0.123621	34548
0.123625	34549
0.123628	34550
0.123632	34551
0.123635	34552
0.123639	34554
0.123643	34555
0.123646	34556
0.12365	34557
0.123653	34558
0.123657	34559
0.123661	34560
0.123664	34561
0.123668	34562
0.123671	34563
0.123675	34564
0.123679	34565
0.123682	34566
0.123686	34567
0.123689	34568
0.123693	34569
0.123697	34570
0.1237	34571
0.123704	34572
0.123707	34573
0.123711	34574
0.123715	34575
0.123718	34576
0.123722	34577
0.123726	34578
0.123729	34579
0.123733	34580
0.123736	34581
0.12374	34582
0.123744	34583
0.123747	34584
0.123751	34585
0.123754	34586
0.123758	34587
0.123762	34588
0.123765	34589
0.123769	34590
0.123772	34591
0.123776	34592
0.12378	34593
0.123783	34594
0.123787	34595
0.12379	34596
0.123794	34597
0.123798	34598
0.123801	34599
0.123805	34600
0.123808	34601
0.123812	34602
0.123816	34603
0.123819	34604
0.123823	34605
0.123826	34606
0.12383	34607
0.123834	34608
0.123837	34609
0.123841	34610
0.123845	34611
0.123848	34612
0.123852	34613
0.123855	34614
0.123859	34615
0.123861	34616
0.123864	34617
0.123867	34618
0.12387	34619
0.123872	34620
0.12389	34621
0.123893	34622
0.123895	34623
0.123897	34624
0.123905	34625
0.123908	34626
0.123912	34627
0.123915	34628
0.123919	34629
0.123921	34630
0.123925	34631
0.123927	34632
0.123931	34633
0.123932	34634
0.123936	34635
0.123937	34636
0.123941	34637
0.123942	34638
0.123945	34639
0.123949	34640
0.123953	34641
0.123956	34642
0.12396	34643
0.123964	34644
0.123967	34645
0.123971	34646
0.123974	34647
0.123978	34648
0.123982	34649
0.123985	34650
0.123989	34651
0.123992	34652
0.123996	34653
0.124	34654
0.124003	34655
0.124007	34656
0.12401	34657
0.124014	34658
0.124018	34659
0.124021	34660
0.124025	34661
0.124028	34662
0.124032	34663
0.124036	34664
0.124039	34665
0.124043	34666
0.124046	34667
0.12405	34668
0.124054	34669
0.124057	34670
0.124061	34671
0.124064	34672
0.124068	34673
0.124072	34675
0.124075	34676
0.124079	34677
0.124083	34678
0.124086	34679
0.12409	34680
0.124093	34681
0.124097	34682
0.124101	34683
0.124104	34684
0.124108	34685
0.124111	34686
0.124115	34687
0.124119	34688
0.124122	34689
0.124126	34690
0.124129	34691
0.124133	34692
0.124137	34693
0.12414	34694
0.124144	34695
0.124147	34696
0.124151	34697
0.124155	34698
0.124158	34699
0.124162	34700
0.124165	34701
0.124169	34702
0.124173	34703
0.124176	34704
0.12418	34705
0.124182	34706
0.124185	34707
0.124188	34708
0.124191	34709
0.124193	34710
0.124211	34711
0.124214	34712
0.124216	34713
0.124218	34714
0.124226	34715
0.124229	34716
0.124233	34717
0.124236	34718
0.12424	34719
0.124242	34720
0.124246	34721
0.124248	34722
0.124252	34723
0.124253	34724
0.124257	34725
0.124258	34726
0.124262	34727
0.124263	34728
0.124266	34729
0.12427	34730
0.124274	34731
0.124277	34732
0.124281	34733
0.124284	34734
0.124288	34735
0.124292	34736
0.124295	34737
0.124299	34738
0.124302	34739
0.124306	34740
0.12431	34741
0.124313	34742
0.124317	34743
0.124321	34744
0.124324	34745
0.124328	34746
0.124331	34747
0.124335	34748
0.124339	34749
0.124342	34750
0.124346	34751
0.124349	34752
0.124353	34753
0.124357	34754
0.12436	34755
0.124364	34756
0.124367	34757
0.124371	34758
0.124375	34759
0.124378	34760
0.124382	34761
0.124385	34762
0.124389	34763
0.124393	34764
0.124396	34765
0.1244	34766
0.124403	34767
0.124407	34768
0.124411	34769
0.124414	34770
0.124418	34771
0.124421	34772
0.124425	34773
0.124429	34774
0.124432	34775
0.124436	34776
0.12444	34777
0.124443	34778
0.124447	34779
0.12445	34780
0.124454	34781
0.124458	34782
0.124461	34783
0.124465	34784
0.124468	34785
0.124472	34786
0.124476	34787
0.124479	34788
0.124483	34789
0.124486	34790
0.12449	34791
0.124494	34792
0.124497	34793
0.124501	34794
0.124503	34795
0.124506	34797
0.124509	34798
0.124512	34799
0.124514	34800
0.124532	34801
0.124534	34802
0.124537	34803
0.124539	34804
0.124546	34805
0.12455	34806
0.124554	34807
0.124557	34808
0.124561	34809
0.124563	34810
0.124567	34811
0.124569	34812
0.124573	34813
0.124574	34814
0.124578	34815
0.124579	34816
0.124583	34817
0.124584	34818
0.124587	34819
0.124591	34820
0.124595	34821
0.124598	34822
0.124602	34823
0.124605	34824
0.124609	34825
0.124613	34826
0.124616	34827
0.12462	34828
0.124623	34829
0.124627	34830
0.124631	34831
0.124634	34832
0.124638	34833
0.124641	34834
0.124645	34835
0.124649	34836
0.124652	34837
0.124656	34838
0.124659	34839
0.124663	34840
0.124667	34841
0.12467	34842
0.124674	34843
0.124678	34844
0.124681	34845
0.124685	34846
0.124688	34847
0.124692	34848
0.124696	34849
0.124699	34850
0.124703	34851
0.124706	34852
0.12471	34853
0.124714	34854
0.124717	34855
0.124721	34856
0.124724	34857
0.124728	34858
0.124732	34859
0.124735	34860
0.124739	34861
0.124742	34862
0.124746	34863
0.12475	34864
0.124753	34865
0.124757	34866
0.12476	34867
0.124764	34868
0.124768	34869
0.124771	34870
0.124775	34871
0.124778	34872
0.124782	34873
0.124786	34874
0.124789	34875
0.124793	34876
0.124797	34877
0.1248	34878
0.124804	34879
0.124807	34880
0.124811	34881
0.124815	34882
0.124818	34883
0.124822	34884
0.124824	34885
0.124827	34886
0.12483	34887
0.124833	34888
0.124835	34889
0.124853	34890
0.124855	34891
0.124858	34892
0.12486	34893
0.124867	34894
0.124871	34895
0.124875	34896
0.124878	34897
0.124882	34898
0.124884	34899
0.124888	34900
0.12489	34901
0.124894	34902
0.124895	34903
0.124899	34904
0.1249	34905
0.124903	34906
0.124905	34907
0.124908	34908
0.124912	34909
0.124916	34910
0.124919	34911
0.124923	34912
0.124926	34913
0.12493	34914
0.124934	34915
0.124937	34916
0.124941	34917
0.124944	34919
0.124948	34920
0.124952	34921
0.124955	34922
0.124959	34923
0.124962	34924
0.124966	34925
0.12497	34926
0.124973	34927
0.124977	34928
0.12498	34929
0.124984	34930
0.124988	34931
0.124991	34932
0.124995	34933
0.124998	34934
0.125002	34935
0.125006	34936
0.125009	34937
0.125013	34938
0.125016	34939
0.12502	34940
0.125024	34941
0.125027	34942
0.125031	34943
0.125035	34944
0.125038	34945
0.125042	34946
0.125045	34947
0.125049	34948
0.125053	34949
0.125056	34950
0.12506	34951
0.125063	34952
0.125067	34953
0.125071	34954
0.125074	34955
0.125078	34956
0.125081	34957
0.125085	34958
0.125089	34959
0.125092	34960
0.125096	34961
0.125099	34962
0.125103	34963
0.125107	34964
0.12511	34965
0.125114	34966
0.125117	34967
0.125121	34968
0.125125	34969
0.125128	34970
0.125132	34971
0.125135	34972
0.125139	34973
0.125143	34974
0.125145	34975
0.125147	34976
0.125151	34977
0.125154	34978
0.125156	34979
0.125174	34980
0.125176	34981
0.125179	34982
0.125181	34983
0.125188	34984
0.125192	34985
0.125196	34986
0.125199	34987
0.125203	34988
0.125205	34989
0.125209	34990
0.125211	34991
0.125215	34992
0.125216	34993
0.12522	34994
0.125221	34995
0.125224	34996
0.125226	34997
0.125229	34998
0.125233	34999
0.125236	35000
0.12524	35001
0.125244	35002
0.125247	35003
0.125251	35004
0.125254	35005
0.125258	35006
0.125262	35007
0.125265	35008
0.125269	35009
0.125273	35010
0.125276	35011
0.12528	35012
0.125283	35013
0.125287	35014
0.125291	35015
0.125294	35016
0.125298	35017
0.125301	35018
0.125305	35019
0.125309	35020
0.125312	35021
0.125316	35022
0.125319	35023
0.125323	35024
0.125327	35025
0.12533	35026
0.125334	35027
0.125337	35028
0.125341	35029
0.125345	35030
0.125348	35031
0.125352	35032
0.125355	35033
0.125359	35034
0.125363	35035
0.125366	35036
0.12537	35037
0.125373	35038
0.125377	35040
0.125381	35041
0.125384	35042
0.125388	35043
0.125392	35044
0.125395	35045
0.125399	35046
0.125402	35047
0.125406	35048
0.12541	35049
0.125413	35050
0.125417	35051
0.12542	35052
0.125424	35053
0.125428	35054
0.125431	35055
0.125435	35056
0.125438	35057
0.125442	35058
0.125446	35059
0.125449	35060
0.125453	35061
0.125456	35062
0.12546	35063
0.125464	35064
0.125466	35065
0.125468	35066
0.125472	35067
0.125474	35068
0.125477	35069
0.125495	35070
0.125497	35071
0.1255	35072
0.125502	35073
0.125509	35074
0.125513	35075
0.125517	35076
0.12552	35077
0.125524	35078
0.125526	35079
0.12553	35080
0.125532	35081
0.125536	35082
0.125537	35083
0.125541	35084
0.125542	35085
0.125545	35086
0.125547	35087
0.12555	35088
0.125554	35089
0.125557	35090
0.125561	35091
0.125565	35092
0.125568	35093
0.125572	35094
0.125575	35095
0.125579	35096
0.125583	35097
0.125586	35098
0.12559	35099
0.125593	35100
0.125597	35101
0.125601	35102
0.125604	35103
0.125608	35104
0.125611	35105
0.125615	35106
0.125619	35107
0.125622	35108
0.125626	35109
0.125629	35110
0.125633	35111
0.125637	35112
0.12564	35113
0.125644	35114
0.125648	35115
0.125651	35116
0.125655	35117
0.125658	35118
0.125662	35119
0.125666	35120
0.125669	35121
0.125673	35122
0.125676	35123
0.12568	35124
0.125684	35125
0.125687	35126
0.125691	35127
0.125694	35128
0.125698	35129
0.125702	35130
0.125705	35131
0.125709	35132
0.125712	35133
0.125716	35134
0.12572	35135
0.125723	35136
0.125727	35137
0.12573	35138
0.125734	35139
0.125738	35140
0.125741	35141
0.125745	35142
0.125748	35143
0.125752	35144
0.125756	35145
0.125759	35146
0.125763	35147
0.125767	35148
0.12577	35149
0.125774	35150
0.125777	35151
0.125781	35152
0.125785	35153
0.125787	35154
0.125789	35155
0.125793	35156
0.125795	35157
0.125798	35158
0.125816	35159
0.125818	35160
0.125821	35162
0.125823	35163
0.12583	35164
0.125834	35165
0.125837	35166
0.125841	35167
0.125845	35168
0.125847	35169
0.125851	35170
0.125853	35171
0.125857	35172
0.125858	35173
0.125861	35174
0.125863	35175
0.125866	35176
0.125867	35177
0.125871	35178
0.125875	35179
0.125878	35180
0.125882	35181
0.125886	35182
0.125889	35183
0.125893	35184
0.125896	35185
0.1259	35186
0.125904	35187
0.125907	35188
0.125911	35189
0.125914	35190
0.125918	35191
0.125922	35192
0.125925	35193
0.125929	35194
0.125932	35195
0.125936	35196
0.12594	35197
0.125943	35198
0.125947	35199
0.12595	35200
0.125954	35201
0.125958	35202
0.125961	35203
0.125965	35204
0.125968	35205
0.125972	35206
0.125976	35207
0.125979	35208
0.125983	35209
0.125986	35210
0.12599	35211
0.125994	35212
0.125997	35213
0.126001	35214
0.126005	35215
0.126008	35216
0.126012	35217
0.126015	35218
0.126019	35219
0.126023	35220
0.126026	35221
0.12603	35222
0.126033	35223
0.126037	35224
0.126041	35225
0.126044	35226
0.126048	35227
0.126051	35228
0.126055	35229
0.126059	35230
0.126062	35231
0.126066	35232
0.126069	35233
0.126073	35234
0.126077	35235
0.12608	35236
0.126084	35237
0.126087	35238
0.126091	35239
0.126095	35240
0.126098	35241
0.126102	35242
0.126105	35243
0.126108	35244
0.12611	35245
0.126114	35246
0.126116	35247
0.126119	35248
0.126137	35249
0.126139	35250
0.126142	35251
0.126144	35252
0.126151	35253
0.126155	35254
0.126158	35255
0.126162	35256
0.126166	35257
0.126168	35258
0.126172	35259
0.126174	35260
0.126178	35261
0.126179	35262
0.126182	35263
0.126184	35264
0.126187	35265
0.126188	35266
0.126192	35267
0.126196	35268
0.126199	35269
0.126203	35270
0.126206	35271
0.12621	35272
0.126214	35273
0.126217	35274
0.126221	35275
0.126224	35276
0.126228	35277
0.126232	35278
0.126235	35279
0.126239	35280
0.126243	35281
0.126246	35282
0.12625	35284
0.126253	35285
0.126257	35286
0.126261	35287
0.126264	35288
0.126268	35289
0.126271	35290
0.126275	35291
0.126279	35292
0.126282	35293
0.126286	35294
0.126289	35295
0.126293	35296
0.126297	35297
0.1263	35298
0.126304	35299
0.126307	35300
0.126311	35301
0.126315	35302
0.126318	35303
0.126322	35304
0.126325	35305
0.126329	35306
0.126333	35307
0.126336	35308
0.12634	35309
0.126343	35310
0.126347	35311
0.126351	35312
0.126354	35313
0.126358	35314
0.126362	35315
0.126365	35316
0.126369	35317
0.126372	35318
0.126376	35319
0.12638	35320
0.126383	35321
0.126387	35322
0.12639	35323
0.126394	35324
0.126398	35325
0.126401	35326
0.126405	35327
0.126408	35328
0.126412	35329
0.126416	35330
0.126419	35331
0.126423	35332
0.126426	35333
0.126429	35334
0.126431	35335
0.126435	35336
0.126437	35337
0.12644	35338
0.126458	35339
0.12646	35340
0.126462	35341
0.126465	35342
0.126472	35343
0.126476	35344
0.126479	35345
0.126483	35346
0.126487	35347
0.126489	35348
0.126493	35349
0.126495	35350
0.126499	35351
0.1265	35352
0.126503	35353
0.126505	35354
0.126508	35355
0.126509	35356
0.126513	35357
0.126517	35358
0.12652	35359
0.126524	35360
0.126527	35361
0.126531	35362
0.126535	35363
0.126538	35364
0.126542	35365
0.126545	35366
0.126549	35367
0.126553	35368
0.126556	35369
0.12656	35370
0.126563	35371
0.126567	35372
0.126571	35373
0.126574	35374
0.126578	35375
0.126581	35376
0.126585	35377
0.126589	35378
0.126592	35379
0.126596	35380
0.1266	35381
0.126603	35382
0.126607	35383
0.12661	35384
0.126614	35385
0.126618	35386
0.126621	35387
0.126625	35388
0.126628	35389
0.126632	35390
0.126636	35391
0.126639	35392
0.126643	35393
0.126646	35394
0.12665	35395
0.126654	35396
0.126657	35397
0.126661	35398
0.126664	35399
0.126668	35400
0.126672	35401
0.126675	35402
0.126679	35403
0.126682	35405
0.126686	35406
0.12669	35407
0.126693	35408
0.126697	35409
0.1267	35410
0.126704	35411
0.126708	35412
0.126711	35413
0.126715	35414
0.126719	35415
0.126722	35416
0.126726	35417
0.126729	35418
0.126733	35419
0.126737	35420
0.12674	35421
0.126744	35422
0.126747	35423
0.12675	35424
0.126752	35425
0.126756	35426
0.126758	35427
0.126761	35428
0.126779	35429
0.126781	35430
0.126783	35431
0.126786	35432
0.126793	35433
0.126797	35434
0.1268	35435
0.126804	35436
0.126807	35437
0.12681	35438
0.126813	35439
0.126816	35440
0.126819	35441
0.126821	35442
0.126824	35443
0.126825	35444
0.126829	35445
0.12683	35446
0.126834	35447
0.126838	35448
0.126841	35449
0.126845	35450
0.126848	35451
0.126852	35452
0.126856	35453
0.126859	35454
0.126863	35455
0.126866	35456
0.12687	35457
0.126874	35458
0.126877	35459
0.126881	35460
0.126884	35461
0.126888	35462
0.126892	35463
0.126895	35464
0.126899	35465
0.126902	35466
0.126906	35467
0.12691	35468
0.126913	35469
0.126917	35470
0.12692	35471
0.126924	35472
0.126928	35473
0.126931	35474
0.126935	35475
0.126938	35476
0.126942	35477
0.126946	35478
0.126949	35479
0.126953	35480
0.126957	35481
0.12696	35482
0.126964	35483
0.126967	35484
0.126971	35485
0.126975	35486
0.126978	35487
0.126982	35488
0.126985	35489
0.126989	35490
0.126993	35491
0.126996	35492
0.127	35493
0.127003	35494
0.127007	35495
0.127011	35496
0.127014	35497
0.127018	35498
0.127021	35499
0.127025	35500
0.127029	35501
0.127032	35502
0.127036	35503
0.127039	35504
0.127043	35505
0.127047	35506
0.12705	35507
0.127054	35508
0.127057	35509
0.127061	35510
0.127065	35511
0.127068	35512
0.127071	35513
0.127073	35514
0.127077	35515
0.127079	35516
0.127082	35517
0.1271	35518
0.127102	35519
0.127104	35520
0.127107	35521
0.127114	35522
0.127118	35523
0.127121	35524
0.127125	35525
0.127128	35527
0.127131	35528
0.127134	35529
0.127137	35530
0.12714	35531
0.127142	35532
0.127145	35533
0.127146	35534
0.12715	35535
0.127151	35536
0.127155	35537
0.127158	35538
0.127162	35539
0.127166	35540
0.127169	35541
0.127173	35542
0.127176	35543
0.12718	35544
0.127184	35545
0.127187	35546
0.127191	35547
0.127195	35548
0.127198	35549
0.127202	35550
0.127205	35551
0.127209	35552
0.127213	35553
0.127216	35554
0.12722	35555
0.127223	35556
0.127227	35557
0.127231	35558
0.127234	35559
0.127238	35560
0.127241	35561
0.127245	35562
0.127249	35563
0.127252	35564
0.127256	35565
0.127259	35566
0.127263	35567
0.127267	35568
0.12727	35569
0.127274	35570
0.127277	35571
0.127281	35572
0.127285	35573
0.127288	35574
0.127292	35575
0.127295	35576
0.127299	35577
0.127303	35578
0.127306	35579
0.12731	35580
0.127313	35581
0.127317	35582
0.127321	35583
0.127324	35584
0.127328	35585
0.127332	35586
0.127335	35587
0.127339	35588
0.127342	35589
0.127346	35590
0.12735	35591
0.127353	35592
0.127357	35593
0.12736	35594
0.127364	35595
0.127368	35596
0.127371	35597
0.127375	35598
0.127378	35599
0.127382	35600
0.127386	35601
0.127389	35602
0.127392	35603
0.127394	35604
0.127398	35605
0.1274	35606
0.127402	35607
0.12742	35608
0.127423	35609
0.127425	35610
0.127428	35611
0.127435	35612
0.127439	35613
0.127442	35614
0.127446	35615
0.127449	35616
0.127452	35617
0.127455	35618
0.127458	35619
0.127461	35620
0.127463	35621
0.127466	35622
0.127467	35623
0.127471	35624
0.127472	35625
0.127476	35626
0.127479	35627
0.127483	35628
0.127487	35629
0.12749	35630
0.127494	35631
0.127497	35632
0.127501	35633
0.127505	35634
0.127508	35635
0.127512	35636
0.127515	35637
0.127519	35638
0.127523	35639
0.127526	35640
0.12753	35641
0.127533	35642
0.127537	35643
0.127541	35644
0.127544	35645
0.127548	35646
0.127551	35647
0.127555	35649
0.127559	35650
0.127562	35651
0.127566	35652
0.12757	35653
0.127573	35654
0.127577	35655
0.12758	35656
0.127584	35657
0.127588	35658
0.127591	35659
0.127595	35660
0.127598	35661
0.127602	35662
0.127606	35663
0.127609	35664
0.127613	35665
0.127616	35666
0.12762	35667
0.127624	35668
0.127627	35669
0.127631	35670
0.127634	35671
0.127638	35672
0.127642	35673
0.127645	35674
0.127649	35675
0.127652	35676
0.127656	35677
0.12766	35678
0.127663	35679
0.127667	35680
0.12767	35681
0.127674	35682
0.127678	35683
0.127681	35684
0.127685	35685
0.127689	35686
0.127692	35687
0.127696	35688
0.127699	35689
0.127703	35690
0.127707	35691
0.12771	35692
0.127713	35693
0.127715	35694
0.127719	35695
0.127721	35696
0.127723	35697
0.127741	35698
0.127744	35699
0.127746	35700
0.127749	35701
0.127756	35702
0.127759	35703
0.127763	35704
0.127767	35705
0.12777	35706
0.127773	35707
0.127776	35708
0.127779	35709
0.127782	35710
0.127783	35711
0.127787	35712
0.127788	35713
0.127792	35714
0.127793	35715
0.127797	35716
0.1278	35717
0.127804	35718
0.127808	35719
0.127811	35720
0.127815	35721
0.127818	35722
0.127822	35723
0.127826	35724
0.127829	35725
0.127833	35726
0.127836	35727
0.12784	35728
0.127844	35729
0.127847	35730
0.127851	35731
0.127854	35732
0.127858	35733
0.127862	35734
0.127865	35735
0.127869	35736
0.127872	35737
0.127876	35738
0.12788	35739
0.127883	35740
0.127887	35741
0.12789	35742
0.127894	35743
0.127898	35744
0.127901	35745
0.127905	35746
0.127908	35747
0.127912	35748
0.127916	35749
0.127919	35750
0.127923	35751
0.127927	35752
0.12793	35753
0.127934	35754
0.127937	35755
0.127941	35756
0.127945	35757
0.127948	35758
0.127952	35759
0.127955	35760
0.127959	35761
0.127963	35762
0.127966	35763
0.12797	35764
0.127973	35765
0.127977	35766
0.127981	35767
0.127984	35768
0.127988	35770
0.127991	35771
0.127995	35772
0.127999	35773
0.128002	35774
0.128006	35775
0.128009	35776
0.128013	35777
0.128017	35778
0.12802	35779
0.128024	35780
0.128027	35781
0.128031	35782
0.128033	35783
0.128036	35784
0.12804	35785
0.128042	35786
0.128044	35787
0.128062	35788
0.128065	35789
0.128067	35790
0.12807	35791
0.128077	35792
0.12808	35793
0.128084	35794
0.128088	35795
0.128091	35796
0.128094	35797
0.128097	35798
0.1281	35799
0.128103	35800
0.128104	35801
0.128108	35802
0.128109	35803
0.128113	35804
0.128114	35805
0.128118	35806
0.128121	35807
0.128125	35808
0.128128	35809
0.128132	35810
0.128136	35811
0.128139	35812
0.128143	35813
0.128146	35814
0.12815	35815
0.128154	35816
0.128157	35817
0.128161	35818
0.128165	35819
0.128168	35820
0.128172	35821
0.128175	35822
0.128179	35823
0.128183	35824
0.128186	35825
0.12819	35826
0.128193	35827
0.128197	35828
0.128201	35829
0.128204	35830
0.128208	35831
0.128211	35832
0.128215	35833
0.128219	35834
0.128222	35835
0.128226	35836
0.128229	35837
0.128233	35838
0.128237	35839
0.12824	35840
0.128244	35841
0.128247	35842
0.128251	35843
0.128255	35844
0.128258	35845
0.128262	35846
0.128265	35847
0.128269	35848
0.128273	35849
0.128276	35850
0.12828	35851
0.128284	35852
0.128287	35853
0.128291	35854
0.128294	35855
0.128298	35856
0.128302	35857
0.128305	35858
0.128309	35859
0.128312	35860
0.128316	35861
0.12832	35862
0.128323	35863
0.128327	35864
0.12833	35865
0.128334	35866
0.128338	35867
0.128341	35868
0.128345	35869
0.128348	35870
0.128352	35871
0.128354	35872
0.128357	35873
0.12836	35874
0.128363	35875
0.128365	35876
0.128383	35877
0.128386	35878
0.128388	35879
0.12839	35880
0.128398	35881
0.128401	35882
0.128405	35883
0.128409	35884
0.128412	35885
0.128415	35886
0.128418	35887
0.128421	35888
0.128424	35889
0.128425	35890
0.128429	35892
0.12843	35893
0.128434	35894
0.128435	35895
0.128439	35896
0.128442	35897
0.128446	35898
0.128449	35899
0.128453	35900
0.128457	35901
0.12846	35902
0.128464	35903
0.128467	35904
0.128471	35905
0.128475	35906
0.128478	35907
0.128482	35908
0.128485	35909
0.128489	35910
0.128493	35911
0.128496	35912
0.1285	35913
0.128503	35914
0.128507	35915
0.128511	35916
0.128514	35917
0.128518	35918
0.128522	35919
0.128525	35920
0.128529	35921
0.128532	35922
0.128536	35923
0.12854	35924
0.128543	35925
0.128547	35926
0.12855	35927
0.128554	35928
0.128558	35929
0.128561	35930
0.128565	35931
0.128568	35932
0.128572	35933
0.128576	35934
0.128579	35935
0.128583	35936
0.128586	35937
0.12859	35938
0.128594	35939
0.128597	35940
0.128601	35941
0.128604	35942
0.128608	35943
0.128612	35944
0.128615	35945
0.128619	35946
0.128622	35947
0.128626	35948
0.12863	35949
0.128633	35950
0.128637	35951
0.128641	35952
0.128644	35953
0.128648	35954
0.128651	35955
0.128655	35956
0.128659	35957
0.128662	35958
0.128666	35959
0.128669	35960
0.128673	35961
0.128675	35962
0.128678	35963
0.128681	35964
0.128684	35965
0.128686	35966
0.128704	35967
0.128707	35968
0.128709	35969
0.128711	35970
0.128719	35971
0.128722	35972
0.128726	35973
0.128729	35974
0.128733	35975
0.128735	35976
0.128739	35977
0.128741	35978
0.128745	35979
0.128746	35980
0.12875	35981
0.128751	35982
0.128755	35983
0.128756	35984
0.12876	35985
0.128763	35986
0.128767	35987
0.12877	35988
0.128774	35989
0.128778	35990
0.128781	35991
0.128785	35992
0.128788	35993
0.128792	35994
0.128796	35995
0.128799	35996
0.128803	35997
0.128806	35998
0.12881	35999
0.128814	36000
0.128817	36001
0.128821	36002
0.128824	36003
0.128828	36004
0.128832	36005
0.128835	36006
0.128839	36007
0.128842	36008
0.128846	36009
0.12885	36010
0.128853	36011
0.128857	36012
0.12886	36014
0.128864	36015
0.128868	36016
0.128871	36017
0.128875	36018
0.128879	36019
0.128882	36020
0.128886	36021
0.128889	36022
0.128893	36023
0.128897	36024
0.1289	36025
0.128904	36026
0.128907	36027
0.128911	36028
0.128915	36029
0.128918	36030
0.128922	36031
0.128925	36032
0.128929	36033
0.128933	36034
0.128936	36035
0.12894	36036
0.128943	36037
0.128947	36038
0.128951	36039
0.128954	36040
0.128958	36041
0.128961	36042
0.128965	36043
0.128969	36044
0.128972	36045
0.128976	36046
0.128979	36047
0.128983	36048
0.128987	36049
0.12899	36050
0.128994	36051
0.128996	36052
0.128999	36053
0.129002	36054
0.129005	36055
0.129007	36056
0.129025	36057
0.129028	36058
0.12903	36059
0.129032	36060
0.12904	36061
0.129043	36062
0.129047	36063
0.12905	36064
0.129054	36065
0.129056	36066
0.12906	36067
0.129062	36068
0.129066	36069
0.129067	36070
0.129071	36071
0.129072	36072
0.129076	36073
0.129077	36074
0.12908	36075
0.129084	36076
0.129088	36077
0.129091	36078
0.129095	36079
0.129098	36080
0.129102	36081
0.129106	36082
0.129109	36083
0.129113	36084
0.129116	36085
0.12912	36086
0.129124	36087
0.129127	36088
0.129131	36089
0.129135	36090
0.129138	36091
0.129142	36092
0.129145	36093
0.129149	36094
0.129153	36095
0.129156	36096
0.12916	36097
0.129163	36098
0.129167	36099
0.129171	36100
0.129174	36101
0.129178	36102
0.129181	36103
0.129185	36104
0.129189	36105
0.129192	36106
0.129196	36107
0.129199	36108
0.129203	36109
0.129207	36110
0.12921	36111
0.129214	36112
0.129217	36113
0.129221	36114
0.129225	36115
0.129228	36116
0.129232	36117
0.129235	36118
0.129239	36119
0.129243	36120
0.129246	36121
0.12925	36122
0.129254	36123
0.129257	36124
0.129261	36125
0.129264	36126
0.129268	36127
0.129272	36128
0.129275	36129
0.129279	36130
0.129282	36131
0.129286	36132
0.12929	36133
0.129293	36135
0.129297	36136
0.1293	36137
0.129304	36138
0.129308	36139
0.129311	36140
0.129315	36141
0.129317	36142
0.12932	36143
0.129323	36144
0.129326	36145
0.129328	36146
0.129346	36147
0.129348	36148
0.129351	36149
0.129353	36150
0.129361	36151
0.129364	36152
0.129368	36153
0.129371	36154
0.129375	36155
0.129377	36156
0.129381	36157
0.129383	36158
0.129387	36159
0.129388	36160
0.129392	36161
0.129393	36162
0.129397	36163
0.129398	36164
0.129401	36165
0.129405	36166
0.129409	36167
0.129412	36168
0.129416	36169
0.129419	36170
0.129423	36171
0.129427	36172
0.12943	36173
0.129434	36174
0.129437	36175
0.129441	36176
0.129445	36177
0.129448	36178
0.129452	36179
0.129455	36180
0.129459	36181
0.129463	36182
0.129466	36183
0.12947	36184
0.129473	36185
0.129477	36186
0.129481	36187
0.129484	36188
0.129488	36189
0.129492	36190
0.129495	36191
0.129499	36192
0.129502	36193
0.129506	36194
0.12951	36195
0.129513	36196
0.129517	36197
0.12952	36198
0.129524	36199
0.129528	36200
0.129531	36201
0.129535	36202
0.129538	36203
0.129542	36204
0.129546	36205
0.129549	36206
0.129553	36207
0.129556	36208
0.12956	36209
0.129564	36210
0.129567	36211
0.129571	36212
0.129574	36213
0.129578	36214
0.129582	36215
0.129585	36216
0.129589	36217
0.129592	36218
0.129596	36219
0.1296	36220
0.129603	36221
0.129607	36222
0.129611	36223
0.129614	36224
0.129618	36225
0.129621	36226
0.129625	36227
0.129629	36228
0.129632	36229
0.129636	36230
0.129638	36231
0.129641	36232
0.129644	36233
0.129647	36234
0.129649	36235
0.129667	36236
0.129669	36237
0.129672	36238
0.129674	36239
0.129681	36240
0.129685	36241
0.129689	36242
0.129692	36243
0.129696	36244
0.129698	36245
0.129702	36246
0.129704	36247
0.129708	36248
0.129709	36249
0.129713	36250
0.129714	36251
0.129717	36252
0.129719	36253
0.129722	36254
0.129726	36255
0.12973	36257
0.129733	36258
0.129737	36259
0.12974	36260
0.129744	36261
0.129748	36262
0.129751	36263
0.129755	36264
0.129758	36265
0.129762	36266
0.129766	36267
0.129769	36268
0.129773	36269
0.129776	36270
0.12978	36271
0.129784	36272
0.129787	36273
0.129791	36274
0.129794	36275
0.129798	36276
0.129802	36277
0.129805	36278
0.129809	36279
0.129812	36280
0.129816	36281
0.12982	36282
0.129823	36283
0.129827	36284
0.12983	36285
0.129834	36286
0.129838	36287
0.129841	36288
0.129845	36289
0.129849	36290
0.129852	36291
0.129856	36292
0.129859	36293
0.129863	36294
0.129867	36295
0.12987	36296
0.129874	36297
0.129877	36298
0.129881	36299
0.129885	36300
0.129888	36301
0.129892	36302
0.129895	36303
0.129899	36304
0.129903	36305
0.129906	36306
0.12991	36307
0.129913	36308
0.129917	36309
0.129921	36310
0.129924	36311
0.129928	36312
0.129931	36313
0.129935	36314
0.129939	36315
0.129942	36316
0.129946	36317
0.129949	36318
0.129953	36319
0.129957	36320
0.129959	36321
0.129962	36322
0.129965	36323
0.129968	36324
0.12997	36325
0.129988	36326
0.12999	36327
0.129993	36328
0.129995	36329
0.130002	36330
0.130006	36331
0.13001	36332
0.130013	36333
0.130017	36334
0.130019	36335
0.130023	36336
0.130025	36337
0.130029	36338
0.13003	36339
0.130034	36340
0.130035	36341
0.130038	36342
0.13004	36343
0.130043	36344
0.130047	36345
0.13005	36346
0.130054	36347
0.130058	36348
0.130061	36349
0.130065	36350
0.130068	36351
0.130072	36352
0.130076	36353
0.130079	36354
0.130083	36355
0.130087	36356
0.13009	36357
0.130094	36358
0.130097	36359
0.130101	36360
0.130105	36361
0.130108	36362
0.130112	36363
0.130115	36364
0.130119	36365
0.130123	36366
0.130126	36367
0.13013	36368
0.130133	36369
0.130137	36370
0.130141	36371
0.130144	36372
0.130148	36373
0.130151	36374
0.130155	36375
0.130159	36376
0.130162	36377
0.130166	36379
0.130169	36380
0.130173	36381
0.130177	36382
0.13018	36383
0.130184	36384
0.130187	36385
0.130191	36386
0.130195	36387
0.130198	36388
0.130202	36389
0.130206	36390
0.130209	36391
0.130213	36392
0.130216	36393
0.13022	36394
0.130224	36395
0.130227	36396
0.130231	36397
0.130234	36398
0.130238	36399
0.130242	36400
0.130245	36401
0.130249	36402
0.130252	36403
0.130256	36404
0.13026	36405
0.130263	36406
0.130267	36407
0.13027	36408
0.130274	36409
0.130278	36410
0.13028	36411
0.130282	36412
0.130286	36413
0.130288	36414
0.130291	36415
0.130309	36416
0.130311	36417
0.130314	36418
0.130316	36419
0.130323	36420
0.130327	36421
0.130331	36422
0.130334	36423
0.130338	36424
0.13034	36425
0.130344	36426
0.130346	36427
0.13035	36428
0.130351	36429
0.130355	36430
0.130356	36431
0.130359	36432
0.130361	36433
0.130364	36434
0.130368	36435
0.130371	36436
0.130375	36437
0.130379	36438
0.130382	36439
0.130386	36440
0.130389	36441
0.130393	36442
0.130397	36443
0.1304	36444
0.130404	36445
0.130407	36446
0.130411	36447
0.130415	36448
0.130418	36449
0.130422	36450
0.130425	36451
0.130429	36452
0.130433	36453
0.130436	36454
0.13044	36455
0.130444	36456
0.130447	36457
0.130451	36458
0.130454	36459
0.130458	36460
0.130462	36461
0.130465	36462
0.130469	36463
0.130472	36464
0.130476	36465
0.13048	36466
0.130483	36467
0.130487	36468
0.13049	36469
0.130494	36470
0.130498	36471
0.130501	36472
0.130505	36473
0.130508	36474
0.130512	36475
0.130516	36476
0.130519	36477
0.130523	36478
0.130526	36479
0.13053	36480
0.130534	36481
0.130537	36482
0.130541	36483
0.130544	36484
0.130548	36485
0.130552	36486
0.130555	36487
0.130559	36488
0.130563	36489
0.130566	36490
0.13057	36491
0.130573	36492
0.130577	36493
0.130581	36494
0.130584	36495
0.130588	36496
0.130591	36497
0.130595	36498
0.130599	36500
0.130601	36501
0.130603	36502
0.130607	36503
0.130609	36504
0.130612	36505
0.13063	36506
0.130632	36507
0.130635	36508
0.130637	36509
0.130644	36510
0.130648	36511
0.130651	36512
0.130655	36513
0.130659	36514
0.130661	36515
0.130665	36516
0.130667	36517
0.130671	36518
0.130672	36519
0.130675	36520
0.130677	36521
0.13068	36522
0.130682	36523
0.130685	36524
0.130689	36525
0.130692	36526
0.130696	36527
0.1307	36528
0.130703	36529
0.130707	36530
0.13071	36531
0.130714	36532
0.130718	36533
0.130721	36534
0.130725	36535
0.130728	36536
0.130732	36537
0.130736	36538
0.130739	36539
0.130743	36540
0.130746	36541
0.13075	36542
0.130754	36543
0.130757	36544
0.130761	36545
0.130764	36546
0.130768	36547
0.130772	36548
0.130775	36549
0.130779	36550
0.130782	36551
0.130786	36552
0.13079	36553
0.130793	36554
0.130797	36555
0.130801	36556
0.130804	36557
0.130808	36558
0.130811	36559
0.130815	36560
0.130819	36561
0.130822	36562
0.130826	36563
0.130829	36564
0.130833	36565
0.130837	36566
0.13084	36567
0.130844	36568
0.130847	36569
0.130851	36570
0.130855	36571
0.130858	36572
0.130862	36573
0.130865	36574
0.130869	36575
0.130873	36576
0.130876	36577
0.13088	36578
0.130883	36579
0.130887	36580
0.130891	36581
0.130894	36582
0.130898	36583
0.130901	36584
0.130905	36585
0.130909	36586
0.130912	36587
0.130916	36588
0.130919	36589
0.130922	36590
0.130924	36591
0.130928	36592
0.13093	36593
0.130933	36594
0.130951	36595
0.130953	36596
0.130956	36597
0.130958	36598
0.130965	36599
0.130969	36600
0.130972	36601
0.130976	36602
0.13098	36603
0.130982	36604
0.130986	36605
0.130988	36606
0.130992	36607
0.130993	36608
0.130996	36609
0.130998	36610
0.131001	36611
0.131002	36612
0.131006	36613
0.13101	36614
0.131013	36615
0.131017	36616
0.13102	36617
0.131024	36618
0.131028	36619
0.131031	36620
0.131035	36622
0.131038	36623
0.131042	36624
0.131046	36625
0.131049	36626
0.131053	36627
0.131057	36628
0.13106	36629
0.131064	36630
0.131067	36631
0.131071	36632
0.131075	36633
0.131078	36634
0.131082	36635
0.131085	36636
0.131089	36637
0.131093	36638
0.131096	36639
0.1311	36640
0.131103	36641
0.131107	36642
0.131111	36643
0.131114	36644
0.131118	36645
0.131121	36646
0.131125	36647
0.131129	36648
0.131132	36649
0.131136	36650
0.131139	36651
0.131143	36652
0.131147	36653
0.13115	36654
0.131154	36655
0.131157	36656
0.131161	36657
0.131165	36658
0.131168	36659
0.131172	36660
0.131176	36661
0.131179	36662
0.131183	36663
0.131186	36664
0.13119	36665
0.131194	36666
0.131197	36667
0.131201	36668
0.131204	36669
0.131208	36670
0.131212	36671
0.131215	36672
0.131219	36673
0.131222	36674
0.131226	36675
0.13123	36676
0.131233	36677
0.131237	36678
0.13124	36679
0.131243	36680
0.131245	36681
0.131249	36682
0.131251	36683
0.131254	36684
0.131272	36685
0.131274	36686
0.131276	36687
0.131279	36688
0.131286	36689
0.13129	36690
0.131293	36691
0.131297	36692
0.131301	36693
0.131303	36694
0.131307	36695
0.131309	36696
0.131313	36697
0.131314	36698
0.131317	36699
0.131319	36700
0.131322	36701
0.131323	36702
0.131327	36703
0.131331	36704
0.131334	36705
0.131338	36706
0.131341	36707
0.131345	36708
0.131349	36709
0.131352	36710
0.131356	36711
0.131359	36712
0.131363	36713
0.131367	36714
0.13137	36715
0.131374	36716
0.131377	36717
0.131381	36718
0.131385	36719
0.131388	36720
0.131392	36721
0.131395	36722
0.131399	36723
0.131403	36724
0.131406	36725
0.13141	36726
0.131414	36727
0.131417	36728
0.131421	36729
0.131424	36730
0.131428	36731
0.131432	36732
0.131435	36733
0.131439	36734
0.131442	36735
0.131446	36736
0.13145	36737
0.131453	36738
0.131457	36739
0.13146	36740
0.131464	36741
0.131468	36742
0.131471	36744
0.131475	36745
0.131478	36746
0.131482	36747
0.131486	36748
0.131489	36749
0.131493	36750
0.131496	36751
0.1315	36752
0.131504	36753
0.131507	36754
0.131511	36755
0.131514	36756
0.131518	36757
0.131522	36758
0.131525	36759
0.131529	36760
0.131533	36761
0.131536	36762
0.13154	36763
0.131543	36764
0.131547	36765
0.131551	36766
0.131554	36767
0.131558	36768
0.131561	36769
0.131564	36770
0.131566	36771
0.13157	36772
0.131572	36773
0.131575	36774
0.131593	36775
0.131595	36776
0.131597	36777
0.1316	36778
0.131607	36779
0.131611	36780
0.131614	36781
0.131618	36782
0.131621	36783
0.131624	36784
0.131627	36785
0.13163	36786
0.131633	36787
0.131635	36788
0.131638	36789
0.131639	36790
0.131643	36791
0.131644	36792
0.131648	36793
0.131652	36794
0.131655	36795
0.131659	36796
0.131662	36797
0.131666	36798
0.13167	36799
0.131673	36800
0.131677	36801
0.13168	36802
0.131684	36803
0.131688	36804
0.131691	36805
0.131695	36806
0.131698	36807
0.131702	36808
0.131706	36809
0.131709	36810
0.131713	36811
0.131716	36812
0.13172	36813
0.131724	36814
0.131727	36815
0.131731	36816
0.131734	36817
0.131738	36818
0.131742	36819
0.131745	36820
0.131749	36821
0.131752	36822
0.131756	36823
0.13176	36824
0.131763	36825
0.131767	36826
0.131771	36827
0.131774	36828
0.131778	36829
0.131781	36830
0.131785	36831
0.131789	36832
0.131792	36833
0.131796	36834
0.131799	36835
0.131803	36836
0.131807	36837
0.13181	36838
0.131814	36839
0.131817	36840
0.131821	36841
0.131825	36842
0.131828	36843
0.131832	36844
0.131835	36845
0.131839	36846
0.131843	36847
0.131846	36848
0.13185	36849
0.131853	36850
0.131857	36851
0.131861	36852
0.131864	36853
0.131868	36854
0.131871	36855
0.131875	36856
0.131879	36857
0.131882	36858
0.131885	36859
0.131887	36860
0.131891	36861
0.131893	36862
0.131896	36863
0.131914	36865
0.131916	36866
0.131918	36867
0.131921	36868
0.131928	36869
0.131932	36870
0.131935	36871
0.131939	36872
0.131942	36873
0.131945	36874
0.131948	36875
0.131951	36876
0.131954	36877
0.131956	36878
0.131959	36879
0.13196	36880
0.131964	36881
0.131965	36882
0.131969	36883
0.131972	36884
0.131976	36885
0.13198	36886
0.131983	36887
0.131987	36888
0.13199	36889
0.131994	36890
0.131998	36891
0.132001	36892
0.132005	36893
0.132009	36894
0.132012	36895
0.132016	36896
0.132019	36897
0.132023	36898
0.132027	36899
0.13203	36900
0.132034	36901
0.132037	36902
0.132041	36903
0.132045	36904
0.132048	36905
0.132052	36906
0.132055	36907
0.132059	36908
0.132063	36909
0.132066	36910
0.13207	36911
0.132073	36912
0.132077	36913
0.132081	36914
0.132084	36915
0.132088	36916
0.132091	36917
0.132095	36918
0.132099	36919
0.132102	36920
0.132106	36921
0.132109	36922
0.132113	36923
0.132117	36924
0.13212	36925
0.132124	36926
0.132128	36927
0.132131	36928
0.132135	36929
0.132138	36930
0.132142	36931
0.132146	36932
0.132149	36933
0.132153	36934
0.132156	36935
0.13216	36936
0.132164	36937
0.132167	36938
0.132171	36939
0.132174	36940
0.132178	36941
0.132182	36942
0.132185	36943
0.132189	36944
0.132192	36945
0.132196	36946
0.1322	36947
0.132203	36948
0.132206	36949
0.132208	36950
0.132212	36951
0.132214	36952
0.132216	36953
0.132234	36954
0.132237	36955
0.132239	36956
0.132242	36957
0.132249	36958
0.132253	36959
0.132256	36960
0.13226	36961
0.132263	36962
0.132266	36963
0.132269	36964
0.132272	36965
0.132275	36966
0.132277	36967
0.13228	36968
0.132281	36969
0.132285	36970
0.132286	36971
0.13229	36972
0.132293	36973
0.132297	36974
0.132301	36975
0.132304	36976
0.132308	36977
0.132311	36978
0.132315	36979
0.132319	36980
0.132322	36981
0.132326	36982
0.132329	36983
0.132333	36984
0.132337	36985
0.13234	36987
0.132344	36988
0.132347	36989
0.132351	36990
0.132355	36991
0.132358	36992
0.132362	36993
0.132366	36994
0.132369	36995
0.132373	36996
0.132376	36997
0.13238	36998
0.132384	36999
0.132387	37000
0.132391	37001
0.132394	37002
0.132398	37003
0.132402	37004
0.132405	37005
0.132409	37006
0.132412	37007
0.132416	37008
0.13242	37009
0.132423	37010
0.132427	37011
0.13243	37012
0.132434	37013
0.132438	37014
0.132441	37015
0.132445	37016
0.132448	37017
0.132452	37018
0.132456	37019
0.132459	37020
0.132463	37021
0.132466	37022
0.13247	37023
0.132474	37024
0.132477	37025
0.132481	37026
0.132485	37027
0.132488	37028
0.132492	37029
0.132495	37030
0.132499	37031
0.132503	37032
0.132506	37033
0.13251	37034
0.132513	37035
0.132517	37036
0.132521	37037
0.132524	37038
0.132527	37039
0.132529	37040
0.132533	37041
0.132535	37042
0.132537	37043
0.132555	37044
0.132558	37045
0.13256	37046
0.132563	37047
0.13257	37048
0.132573	37049
0.132577	37050
0.132581	37051
0.132584	37052
0.132587	37053
0.13259	37054
0.132593	37055
0.132596	37056
0.132597	37057
0.132601	37058
0.132602	37059
0.132606	37060
0.132607	37061
0.132611	37062
0.132614	37063
0.132618	37064
0.132622	37065
0.132625	37066
0.132629	37067
0.132632	37068
0.132636	37069
0.13264	37070
0.132643	37071
0.132647	37072
0.13265	37073
0.132654	37074
0.132658	37075
0.132661	37076
0.132665	37077
0.132668	37078
0.132672	37079
0.132676	37080
0.132679	37081
0.132683	37082
0.132686	37083
0.13269	37084
0.132694	37085
0.132697	37086
0.132701	37087
0.132704	37088
0.132708	37089
0.132712	37090
0.132715	37091
0.132719	37092
0.132722	37093
0.132726	37094
0.13273	37095
0.132733	37096
0.132737	37097
0.132741	37098
0.132744	37099
0.132748	37100
0.132751	37101
0.132755	37102
0.132759	37103
0.132762	37104
0.132766	37105
0.132769	37106
0.132773	37107
0.132777	37109
0.13278	37110
0.132784	37111
0.132787	37112
0.132791	37113
0.132795	37114
0.132798	37115
0.132802	37116
0.132805	37117
0.132809	37118
0.132813	37119
0.132816	37120
0.13282	37121
0.132823	37122
0.132827	37123
0.132831	37124
0.132834	37125
0.132838	37126
0.132841	37127
0.132845	37128
0.132848	37129
0.13285	37130
0.132854	37131
0.132856	37132
0.132858	37133
0.132876	37134
0.132879	37135
0.132881	37136
0.132884	37137
0.132891	37138
0.132894	37139
0.132898	37140
0.132902	37141
0.132905	37142
0.132908	37143
0.132911	37144
0.132914	37145
0.132917	37146
0.132918	37147
0.132922	37148
0.132923	37149
0.132927	37150
0.132928	37151
0.132932	37152
0.132935	37153
0.132939	37154
0.132942	37155
0.132946	37156
0.13295	37157
0.132953	37158
0.132957	37159
0.13296	37160
0.132964	37161
0.132968	37162
0.132971	37163
0.132975	37164
0.132979	37165
0.132982	37166
0.132986	37167
0.132989	37168
0.132993	37169
0.132997	37170
0.133	37171
0.133004	37172
0.133007	37173
0.133011	37174
0.133015	37175
0.133018	37176
0.133022	37177
0.133025	37178
0.133029	37179
0.133033	37180
0.133036	37181
0.13304	37182
0.133043	37183
0.133047	37184
0.133051	37185
0.133054	37186
0.133058	37187
0.133061	37188
0.133065	37189
0.133069	37190
0.133072	37191
0.133076	37192
0.133079	37193
0.133083	37194
0.133087	37195
0.13309	37196
0.133094	37197
0.133098	37198
0.133101	37199
0.133105	37200
0.133108	37201
0.133112	37202
0.133116	37203
0.133119	37204
0.133123	37205
0.133126	37206
0.13313	37207
0.133134	37208
0.133137	37209
0.133141	37210
0.133144	37211
0.133148	37212
0.133152	37213
0.133155	37214
0.133159	37215
0.133162	37216
0.133166	37217
0.133168	37218
0.133171	37219
0.133174	37220
0.133177	37221
0.133179	37222
0.133197	37223
0.1332	37224
0.133202	37225
0.133205	37226
0.133212	37227
0.133215	37228
0.133219	37230
0.133223	37231
0.133226	37232
0.133229	37233
0.133232	37234
0.133235	37235
0.133238	37236
0.133239	37237
0.133243	37238
0.133244	37239
0.133248	37240
0.133249	37241
0.133253	37242
0.133256	37243
0.13326	37244
0.133263	37245
0.133267	37246
0.133271	37247
0.133274	37248
0.133278	37249
0.133281	37250
0.133285	37251
0.133289	37252
0.133292	37253
0.133296	37254
0.133299	37255
0.133303	37256
0.133307	37257
0.13331	37258
0.133314	37259
0.133317	37260
0.133321	37261
0.133325	37262
0.133328	37263
0.133332	37264
0.133336	37265
0.133339	37266
0.133343	37267
0.133346	37268
0.13335	37269
0.133354	37270
0.133357	37271
0.133361	37272
0.133364	37273
0.133368	37274
0.133372	37275
0.133375	37276
0.133379	37277
0.133382	37278
0.133386	37279
0.13339	37280
0.133393	37281
0.133397	37282
0.1334	37283
0.133404	37284
0.133408	37285
0.133411	37286
0.133415	37287
0.133418	37288
0.133422	37289
0.133426	37290
0.133429	37291
0.133433	37292
0.133436	37293
0.13344	37294
0.133444	37295
0.133447	37296
0.133451	37297
0.133455	37298
0.133458	37299
0.133462	37300
0.133465	37301
0.133469	37302
0.133473	37303
0.133476	37304
0.13348	37305
0.133483	37306
0.133487	37307
0.133489	37308
0.133492	37309
0.133495	37310
0.133498	37311
0.1335	37312
0.133518	37313
0.133521	37314
0.133523	37315
0.133525	37316
0.133533	37317
0.133536	37318
0.13354	37319
0.133543	37320
0.133547	37321
0.133549	37322
0.133553	37323
0.133555	37324
0.133559	37325
0.13356	37326
0.133564	37327
0.133565	37328
0.133569	37329
0.13357	37330
0.133574	37331
0.133577	37332
0.133581	37333
0.133584	37334
0.133588	37335
0.133592	37336
0.133595	37337
0.133599	37338
0.133602	37339
0.133606	37340
0.13361	37341
0.133613	37342
0.133617	37343
0.13362	37344
0.133624	37345
0.133628	37346
0.133631	37347
0.133635	37348
0.133638	37349
0.133642	37350
0.133646	37352
0.133649	37353
0.133653	37354
0.133656	37355
0.13366	37356
0.133664	37357
0.133667	37358
0.133671	37359
0.133674	37360
0.133678	37361
0.133682	37362
0.133685	37363
0.133689	37364
0.133693	37365
0.133696	37366
0.1337	37367
0.133703	37368
0.133707	37369
0.133711	37370
0.133714	37371
0.133718	37372
0.133721	37373
0.133725	37374
0.133729	37375
0.133732	37376
0.133736	37377
0.133739	37378
0.133743	37379
0.133747	37380
0.13375	37381
0.133754	37382
0.133757	37383
0.133761	37384
0.133765	37385
0.133768	37386
0.133772	37387
0.133775	37388
0.133779	37389
0.133783	37390
0.133786	37391
0.13379	37392
0.133793	37393
0.133797	37394
0.133801	37395
0.133804	37396
0.133808	37397
0.13381	37398
0.133813	37399
0.133816	37400
0.133819	37401
0.133821	37402
0.133839	37403
0.133842	37404
0.133844	37405
0.133846	37406
0.133854	37407
0.133857	37408
0.133861	37409
0.133864	37410
0.133868	37411
0.13387	37412
0.133874	37413
0.133876	37414
0.13388	37415
0.133881	37416
0.133885	37417
0.133886	37418
0.13389	37419
0.133891	37420
0.133894	37421
0.133898	37422
0.133902	37423
0.133905	37424
0.133909	37425
0.133912	37426
0.133916	37427
0.13392	37428
0.133923	37429
0.133927	37430
0.133931	37431
0.133934	37432
0.133938	37433
0.133941	37434
0.133945	37435
0.133949	37436
0.133952	37437
0.133956	37438
0.133959	37439
0.133963	37440
0.133967	37441
0.13397	37442
0.133974	37443
0.133977	37444
0.133981	37445
0.133985	37446
0.133988	37447
0.133992	37448
0.133995	37449
0.133999	37450
0.134003	37451
0.134006	37452
0.13401	37453
0.134013	37454
0.134017	37455
0.134021	37456
0.134024	37457
0.134028	37458
0.134031	37459
0.134035	37460
0.134039	37461
0.134042	37462
0.134046	37463
0.13405	37464
0.134053	37465
0.134057	37466
0.13406	37467
0.134064	37468
0.134068	37469
0.134071	37470
0.134075	37471
0.134078	37472
0.134082	37474
0.134086	37475
0.134089	37476
0.134093	37477
0.134096	37478
0.1341	37479
0.134104	37480
0.134107	37481
0.134111	37482
0.134114	37483
0.134118	37484
0.134122	37485
0.134125	37486
0.134129	37487
0.134131	37488
0.134134	37489
0.134137	37490
0.13414	37491
0.134142	37492
0.13416	37493
0.134162	37494
0.134165	37495
0.134167	37496
0.134175	37497
0.134178	37498
0.134182	37499
0.134185	37500
0.134189	37501
0.134191	37502
0.134195	37503
0.134197	37504
0.134201	37505
0.134202	37506
0.134206	37507
0.134207	37508
0.134211	37509
0.134212	37510
0.134215	37511
0.134219	37512
0.134223	37513
0.134226	37514
0.13423	37515
0.134233	37516
0.134237	37517
0.134241	37518
0.134244	37519
0.134248	37520
0.134251	37521
0.134255	37522
0.134259	37523
0.134262	37524
0.134266	37525
0.134269	37526
0.134273	37527
0.134277	37528
0.13428	37529
0.134284	37530
0.134288	37531
0.134291	37532
0.134295	37533
0.134298	37534
0.134302	37535
0.134306	37536
0.134309	37537
0.134313	37538
0.134316	37539
0.13432	37540
0.134324	37541
0.134327	37542
0.134331	37543
0.134334	37544
0.134338	37545
0.134342	37546
0.134345	37547
0.134349	37548
0.134352	37549
0.134356	37550
0.13436	37551
0.134363	37552
0.134367	37553
0.13437	37554
0.134374	37555
0.134378	37556
0.134381	37557
0.134385	37558
0.134388	37559
0.134392	37560
0.134396	37561
0.134399	37562
0.134403	37563
0.134407	37564
0.13441	37565
0.134414	37566
0.134417	37567
0.134421	37568
0.134425	37569
0.134428	37570
0.134432	37571
0.134435	37572
0.134439	37573
0.134443	37574
0.134446	37575
0.13445	37576
0.134452	37577
0.134455	37578
0.134458	37579
0.134461	37580
0.134463	37581
0.134481	37582
0.134483	37583
0.134486	37584
0.134488	37585
0.134495	37586
0.134499	37587
0.134503	37588
0.134506	37589
0.13451	37590
0.134512	37591
0.134516	37592
0.134518	37593
0.134522	37595
0.134523	37596
0.134527	37597
0.134528	37598
0.134532	37599
0.134533	37600
0.134536	37601
0.13454	37602
0.134544	37603
0.134547	37604
0.134551	37605
0.134554	37606
0.134558	37607
0.134562	37608
0.134565	37609
0.134569	37610
0.134572	37611
0.134576	37612
0.13458	37613
0.134583	37614
0.134587	37615
0.13459	37616
0.134594	37617
0.134598	37618
0.134601	37619
0.134605	37620
0.134608	37621
0.134612	37622
0.134616	37623
0.134619	37624
0.134623	37625
0.134626	37626
0.13463	37627
0.134634	37628
0.134637	37629
0.134641	37630
0.134644	37631
0.134648	37632
0.134652	37633
0.134655	37634
0.134659	37635
0.134663	37636
0.134666	37637
0.13467	37638
0.134673	37639
0.134677	37640
0.134681	37641
0.134684	37642
0.134688	37643
0.134691	37644
0.134695	37645
0.134699	37646
0.134702	37647
0.134706	37648
0.134709	37649
0.134713	37650
0.134717	37651
0.13472	37652
0.134724	37653
0.134727	37654
0.134731	37655
0.134735	37656
0.134738	37657
0.134742	37658
0.134745	37659
0.134749	37660
0.134753	37661
0.134756	37662
0.13476	37663
0.134763	37664
0.134767	37665
0.134771	37666
0.134773	37667
0.134776	37668
0.134779	37669
0.134782	37670
0.134784	37671
0.134802	37672
0.134804	37673
0.134807	37674
0.134809	37675
0.134816	37676
0.13482	37677
0.134824	37678
0.134827	37679
0.134831	37680
0.134833	37681
0.134837	37682
0.134839	37683
0.134843	37684
0.134844	37685
0.134848	37686
0.134849	37687
0.134852	37688
0.134854	37689
0.134857	37690
0.134861	37691
0.134864	37692
0.134868	37693
0.134872	37694
0.134875	37695
0.134879	37696
0.134882	37697
0.134886	37698
0.13489	37699
0.134893	37700
0.134897	37701
0.134901	37702
0.134904	37703
0.134908	37704
0.134911	37705
0.134915	37706
0.134919	37707
0.134922	37708
0.134926	37709
0.134929	37710
0.134933	37711
0.134937	37712
0.13494	37713
0.134944	37714
0.134947	37715
0.134951	37717
0.134955	37718
0.134958	37719
0.134962	37720
0.134965	37721
0.134969	37722
0.134973	37723
0.134976	37724
0.13498	37725
0.134983	37726
0.134987	37727
0.134991	37728
0.134994	37729
0.134998	37730
0.135001	37731
0.135005	37732
0.135009	37733
0.135012	37734
0.135016	37735
0.13502	37736
0.135023	37737
0.135027	37738
0.13503	37739
0.135034	37740
0.135038	37741
0.135041	37742
0.135045	37743
0.135048	37744
0.135052	37745
0.135056	37746
0.135059	37747
0.135063	37748
0.135066	37749
0.13507	37750
0.135074	37751
0.135077	37752
0.135081	37753
0.135084	37754
0.135088	37755
0.135092	37756
0.135094	37757
0.135096	37758
0.1351	37759
0.135102	37760
0.135105	37761
0.135123	37762
0.135125	37763
0.135128	37764
0.13513	37765
0.135137	37766
0.135141	37767
0.135145	37768
0.135148	37769
0.135152	37770
0.135154	37771
0.135158	37772
0.13516	37773
0.135164	37774
0.135165	37775
0.135169	37776
0.13517	37777
0.135173	37778
0.135175	37779
0.135178	37780
0.135182	37781
0.135185	37782
0.135189	37783
0.135193	37784
0.135196	37785
0.1352	37786
0.135203	37787
0.135207	37788
0.135211	37789
0.135214	37790
0.135218	37791
0.135221	37792
0.135225	37793
0.135229	37794
0.135232	37795
0.135236	37796
0.135239	37797
0.135243	37798
0.135247	37799
0.13525	37800
0.135254	37801
0.135258	37802
0.135261	37803
0.135265	37804
0.135268	37805
0.135272	37806
0.135276	37807
0.135279	37808
0.135283	37809
0.135286	37810
0.13529	37811
0.135294	37812
0.135297	37813
0.135301	37814
0.135304	37815
0.135308	37816
0.135312	37817
0.135315	37818
0.135319	37819
0.135322	37820
0.135326	37821
0.13533	37822
0.135333	37823
0.135337	37824
0.13534	37825
0.135344	37826
0.135348	37827
0.135351	37828
0.135355	37829
0.135358	37830
0.135362	37831
0.135366	37832
0.135369	37833
0.135373	37834
0.135377	37835
0.13538	37836
0.135384	37837
0.135387	37839
0.135391	37840
0.135395	37841
0.135398	37842
0.135402	37843
0.135405	37844
0.135409	37845
0.135413	37846
0.135415	37847
0.135417	37848
0.135421	37849
0.135423	37850
0.135426	37851
0.135444	37852
0.135446	37853
0.135449	37854
0.135451	37855
0.135458	37856
0.135462	37857
0.135465	37858
0.135469	37859
0.135473	37860
0.135475	37861
0.135479	37862
0.135481	37863
0.135485	37864
0.135486	37865
0.13549	37866
0.135491	37867
0.135494	37868
0.135496	37869
0.135499	37870
0.135503	37871
0.135506	37872
0.13551	37873
0.135514	37874
0.135517	37875
0.135521	37876
0.135524	37877
0.135528	37878
0.135532	37879
0.135535	37880
0.135539	37881
0.135542	37882
0.135546	37883
0.13555	37884
0.135553	37885
0.135557	37886
0.13556	37887
0.135564	37888
0.135568	37889
0.135571	37890
0.135575	37891
0.135578	37892
0.135582	37893
0.135586	37894
0.135589	37895
0.135593	37896
0.135596	37897
0.1356	37898
0.135604	37899
0.135607	37900
0.135611	37901
0.135615	37902
0.135618	37903
0.135622	37904
0.135625	37905
0.135629	37906
0.135633	37907
0.135636	37908
0.13564	37909
0.135643	37910
0.135647	37911
0.135651	37912
0.135654	37913
0.135658	37914
0.135661	37915
0.135665	37916
0.135669	37917
0.135672	37918
0.135676	37919
0.135679	37920
0.135683	37921
0.135687	37922
0.13569	37923
0.135694	37924
0.135697	37925
0.135701	37926
0.135705	37927
0.135708	37928
0.135712	37929
0.135715	37930
0.135719	37931
0.135723	37932
0.135726	37933
0.13573	37934
0.135734	37935
0.135736	37936
0.135738	37937
0.135742	37938
0.135744	37939
0.135747	37940
0.135765	37941
0.135767	37942
0.13577	37943
0.135772	37944
0.135779	37945
0.135783	37946
0.135786	37947
0.13579	37948
0.135794	37949
0.135796	37950
0.1358	37951
0.135802	37952
0.135806	37953
0.135807	37954
0.13581	37955
0.135812	37956
0.135815	37957
0.135816	37958
0.13582	37960
0.135824	37961
0.135827	37962
0.135831	37963
0.135834	37964
0.135838	37965
0.135842	37966
0.135845	37967
0.135849	37968
0.135853	37969
0.135856	37970
0.13586	37971
0.135863	37972
0.135867	37973
0.135871	37974
0.135874	37975
0.135878	37976
0.135881	37977
0.135885	37978
0.135889	37979
0.135892	37980
0.135896	37981
0.135899	37982
0.135903	37983
0.135907	37984
0.13591	37985
0.135914	37986
0.135917	37987
0.135921	37988
0.135925	37989
0.135928	37990
0.135932	37991
0.135935	37992
0.135939	37993
0.135943	37994
0.135946	37995
0.13595	37996
0.135953	37997
0.135957	37998
0.135961	37999
0.135964	38000
0.135968	38001
0.135972	38002
0.135975	38003
0.135979	38004
0.135982	38005
0.135986	38006
0.13599	38007
0.135993	38008
0.135997	38009
0.136	38010
0.136004	38011
0.136008	38012
0.136011	38013
0.136015	38014
0.136018	38015
0.136022	38016
0.136026	38017
0.136029	38018
0.136033	38019
0.136036	38020
0.13604	38021
0.136044	38022
0.136047	38023
0.136051	38024
0.136054	38025
0.136057	38026
0.136059	38027
0.136063	38028
0.136065	38029
0.136068	38030
0.136086	38031
0.136088	38032
0.136091	38033
0.136093	38034
0.1361	38035
0.136104	38036
0.136107	38037
0.136111	38038
0.136115	38039
0.136117	38040
0.136121	38041
0.136123	38042
0.136127	38043
0.136128	38044
0.136131	38045
0.136133	38046
0.136136	38047
0.136137	38048
0.136141	38049
0.136145	38050
0.136148	38051
0.136152	38052
0.136155	38053
0.136159	38054
0.136163	38055
0.136166	38056
0.13617	38057
0.136173	38058
0.136177	38059
0.136181	38060
0.136184	38061
0.136188	38062
0.136191	38063
0.136195	38064
0.136199	38065
0.136202	38066
0.136206	38067
0.13621	38068
0.136213	38069
0.136217	38070
0.13622	38071
0.136224	38072
0.136228	38073
0.136231	38074
0.136235	38075
0.136238	38076
0.136242	38077
0.136246	38078
0.136249	38079
0.136253	38080
0.136256	38082
0.13626	38083
0.136264	38084
0.136267	38085
0.136271	38086
0.136274	38087
0.136278	38088
0.136282	38089
0.136285	38090
0.136289	38091
0.136292	38092
0.136296	38093
0.1363	38094
0.136303	38095
0.136307	38096
0.13631	38097
0.136314	38098
0.136318	38099
0.136321	38100
0.136325	38101
0.136328	38102
0.136332	38103
0.136336	38104
0.136339	38105
0.136343	38106
0.136347	38107
0.13635	38108
0.136354	38109
0.136357	38110
0.136361	38111
0.136365	38112
0.136368	38113
0.136372	38114
0.136375	38115
0.136378	38116
0.13638	38117
0.136384	38118
0.136386	38119
0.136389	38120
0.136407	38121
0.136409	38122
0.136411	38123
0.136414	38124
0.136421	38125
0.136425	38126
0.136428	38127
0.136432	38128
0.136435	38129
0.136438	38130
0.136441	38131
0.136444	38132
0.136447	38133
0.136449	38134
0.136452	38135
0.136454	38136
0.136457	38137
0.136458	38138
0.136462	38139
0.136466	38140
0.136469	38141
0.136473	38142
0.136476	38143
0.13648	38144
0.136484	38145
0.136487	38146
0.136491	38147
0.136494	38148
0.136498	38149
0.136502	38150
0.136505	38151
0.136509	38152
0.136512	38153
0.136516	38154
0.13652	38155
0.136523	38156
0.136527	38157
0.13653	38158
0.136534	38159
0.136538	38160
0.136541	38161
0.136545	38162
0.136548	38163
0.136552	38164
0.136556	38165
0.136559	38166
0.136563	38167
0.136566	38168
0.13657	38169
0.136574	38170
0.136577	38171
0.136581	38172
0.136585	38173
0.136588	38174
0.136592	38175
0.136595	38176
0.136599	38177
0.136603	38178
0.136606	38179
0.13661	38180
0.136613	38181
0.136617	38182
0.136621	38183
0.136624	38184
0.136628	38185
0.136631	38186
0.136635	38187
0.136639	38188
0.136642	38189
0.136646	38190
0.136649	38191
0.136653	38192
0.136657	38193
0.13666	38194
0.136664	38195
0.136667	38196
0.136671	38197
0.136675	38198
0.136678	38199
0.136682	38200
0.136685	38201
0.136689	38202
0.136693	38204
0.136696	38205
0.136699	38206
0.136701	38207
0.136705	38208
0.136707	38209
0.13671	38210
0.136728	38211
0.13673	38212
0.136732	38213
0.136735	38214
0.136742	38215
0.136746	38216
0.136749	38217
0.136753	38218
0.136756	38219
0.136759	38220
0.136762	38221
0.136765	38222
0.136768	38223
0.13677	38224
0.136773	38225
0.136774	38226
0.136778	38227
0.136779	38228
0.136783	38229
0.136786	38230
0.13679	38231
0.136794	38232
0.136797	38233
0.136801	38234
0.136804	38235
0.136808	38236
0.136812	38237
0.136815	38238
0.136819	38239
0.136823	38240
0.136826	38241
0.13683	38242
0.136833	38243
0.136837	38244
0.136841	38245
0.136844	38246
0.136848	38247
0.136851	38248
0.136855	38249
0.136859	38250
0.136862	38251
0.136866	38252
0.136869	38253
0.136873	38254
0.136877	38255
0.13688	38256
0.136884	38257
0.136887	38258
0.136891	38259
0.136895	38260
0.136898	38261
0.136902	38262
0.136905	38263
0.136909	38264
0.136913	38265
0.136916	38266
0.13692	38267
0.136923	38268
0.136927	38269
0.136931	38270
0.136934	38271
0.136938	38272
0.136942	38273
0.136945	38274
0.136949	38275
0.136952	38276
0.136956	38277
0.13696	38278
0.136963	38279
0.136967	38280
0.13697	38281
0.136974	38282
0.136978	38283
0.136981	38284
0.136985	38285
0.136988	38286
0.136992	38287
0.136996	38288
0.136999	38289
0.137003	38290
0.137006	38291
0.13701	38292
0.137014	38293
0.137017	38294
0.13702	38295
0.137022	38296
0.137026	38297
0.137028	38298
0.13703	38299
0.137048	38300
0.137051	38301
0.137053	38302
0.137056	38303
0.137063	38304
0.137067	38305
0.13707	38306
0.137074	38307
0.137077	38308
0.13708	38309
0.137083	38310
0.137086	38311
0.137089	38312
0.137091	38313
0.137094	38314
0.137095	38315
0.137099	38316
0.1371	38317
0.137104	38318
0.137107	38319
0.137111	38320
0.137115	38321
0.137118	38322
0.137122	38323
0.137125	38325
0.137129	38326
0.137133	38327
0.137136	38328
0.13714	38329
0.137143	38330
0.137147	38331
0.137151	38332
0.137154	38333
0.137158	38334
0.137161	38335
0.137165	38336
0.137169	38337
0.137172	38338
0.137176	38339
0.13718	38340
0.137183	38341
0.137187	38342
0.13719	38343
0.137194	38344
0.137198	38345
0.137201	38346
0.137205	38347
0.137208	38348
0.137212	38349
0.137216	38350
0.137219	38351
0.137223	38352
0.137226	38353
0.13723	38354
0.137234	38355
0.137237	38356
0.137241	38357
0.137244	38358
0.137248	38359
0.137252	38360
0.137255	38361
0.137259	38362
0.137262	38363
0.137266	38364
0.13727	38365
0.137273	38366
0.137277	38367
0.13728	38368
0.137284	38369
0.137288	38370
0.137291	38371
0.137295	38372
0.137299	38373
0.137302	38374
0.137306	38375
0.137309	38376
0.137313	38377
0.137317	38378
0.13732	38379
0.137324	38380
0.137327	38381
0.137331	38382
0.137335	38383
0.137338	38384
0.137341	38385
0.137343	38386
0.137347	38387
0.137349	38388
0.137351	38389
0.137369	38390
0.137372	38391
0.137374	38392
0.137377	38393
0.137384	38394
0.137387	38395
0.137391	38396
0.137395	38397
0.137398	38398
0.137401	38399
0.137404	38400
0.137407	38401
0.13741	38402
0.137412	38403
0.137415	38404
0.137416	38405
0.13742	38406
0.137421	38407
0.137425	38408
0.137428	38409
0.137432	38410
0.137436	38411
0.137439	38412
0.137443	38413
0.137446	38414
0.13745	38415
0.137454	38416
0.137457	38417
0.137461	38418
0.137464	38419
0.137468	38420
0.137472	38421
0.137475	38422
0.137479	38423
0.137482	38424
0.137486	38425
0.13749	38426
0.137493	38427
0.137497	38428
0.1375	38429
0.137504	38430
0.137508	38431
0.137511	38432
0.137515	38433
0.137518	38434
0.137522	38435
0.137526	38436
0.137529	38437
0.137533	38438
0.137537	38439
0.13754	38440
0.137544	38441
0.137547	38442
0.137551	38443
0.137555	38444
0.137558	38445
0.137562	38447
0.137565	38448
0.137569	38449
0.137573	38450
0.137576	38451
0.13758	38452
0.137583	38453
0.137587	38454
0.137591	38455
0.137594	38456
0.137598	38457
0.137601	38458
0.137605	38459
0.137609	38460
0.137612	38461
0.137616	38462
0.137619	38463
0.137623	38464
0.137627	38465
0.13763	38466
0.137634	38467
0.137637	38468
0.137641	38469
0.137645	38470
0.137648	38471
0.137652	38472
0.137656	38473
0.137659	38474
0.137662	38475
0.137664	38476
0.137668	38477
0.13767	38478
0.137672	38479
0.13769	38480
0.137693	38481
0.137695	38482
0.137698	38483
0.137705	38484
0.137708	38485
0.137712	38486
0.137716	38487
0.137719	38488
0.137722	38489
0.137725	38490
0.137728	38491
0.137731	38492
0.137732	38493
0.137736	38494
0.137737	38495
0.137741	38496
0.137742	38497
0.137746	38498
0.137749	38499
0.137753	38500
0.137756	38501
0.13776	38502
0.137764	38503
0.137767	38504
0.137771	38505
0.137775	38506
0.137778	38507
0.137782	38508
0.137785	38509
0.137789	38510
0.137793	38511
0.137796	38512
0.1378	38513
0.137803	38514
0.137807	38515
0.137811	38516
0.137814	38517
0.137818	38518
0.137821	38519
0.137825	38520
0.137829	38521
0.137832	38522
0.137836	38523
0.137839	38524
0.137843	38525
0.137847	38526
0.13785	38527
0.137854	38528
0.137857	38529
0.137861	38530
0.137865	38531
0.137868	38532
0.137872	38533
0.137875	38534
0.137879	38535
0.137883	38536
0.137886	38537
0.13789	38538
0.137894	38539
0.137897	38540
0.137901	38541
0.137904	38542
0.137908	38543
0.137912	38544
0.137915	38545
0.137919	38546
0.137922	38547
0.137926	38548
0.13793	38549
0.137933	38550
0.137937	38551
0.13794	38552
0.137944	38553
0.137948	38554
0.137951	38555
0.137955	38556
0.137958	38557
0.137962	38558
0.137966	38559
0.137969	38560
0.137973	38561
0.137976	38562
0.13798	38563
0.137982	38564
0.137985	38565
0.137988	38566
0.137991	38567
0.137993	38569
0.138011	38570
0.138014	38571
0.138016	38572
0.138019	38573
0.138026	38574
0.138029	38575
0.138033	38576
0.138037	38577
0.13804	38578
0.138043	38579
0.138046	38580
0.138049	38581
0.138052	38582
0.138053	38583
0.138057	38584
0.138058	38585
0.138062	38586
0.138063	38587
0.138067	38588
0.13807	38589
0.138074	38590
0.138077	38591
0.138081	38592
0.138085	38593
0.138088	38594
0.138092	38595
0.138095	38596
0.138099	38597
0.138103	38598
0.138106	38599
0.13811	38600
0.138113	38601
0.138117	38602
0.138121	38603
0.138124	38604
0.138128	38605
0.138131	38606
0.138135	38607
0.138139	38608
0.138142	38609
0.138146	38610
0.13815	38611
0.138153	38612
0.138157	38613
0.13816	38614
0.138164	38615
0.138168	38616
0.138171	38617
0.138175	38618
0.138178	38619
0.138182	38620
0.138186	38621
0.138189	38622
0.138193	38623
0.138196	38624
0.1382	38625
0.138204	38626
0.138207	38627
0.138211	38628
0.138214	38629
0.138218	38630
0.138222	38631
0.138225	38632
0.138229	38633
0.138232	38634
0.138236	38635
0.13824	38636
0.138243	38637
0.138247	38638
0.13825	38639
0.138254	38640
0.138258	38641
0.138261	38642
0.138265	38643
0.138269	38644
0.138272	38645
0.138276	38646
0.138279	38647
0.138283	38648
0.138287	38649
0.13829	38650
0.138294	38651
0.138297	38652
0.138301	38653
0.138303	38654
0.138306	38655
0.138309	38656
0.138312	38657
0.138314	38658
0.138332	38659
0.138335	38660
0.138337	38661
0.138339	38662
0.138347	38663
0.13835	38664
0.138354	38665
0.138357	38666
0.138361	38667
0.138363	38668
0.138367	38669
0.138369	38670
0.138373	38671
0.138374	38672
0.138378	38673
0.138379	38674
0.138383	38675
0.138384	38676
0.138388	38677
0.138391	38678
0.138395	38679
0.138398	38680
0.138402	38681
0.138406	38682
0.138409	38683
0.138413	38684
0.138416	38685
0.13842	38686
0.138424	38687
0.138427	38688
0.138431	38690
0.138434	38691
0.138438	38692
0.138442	38693
0.138445	38694
0.138449	38695
0.138452	38696
0.138456	38697
0.13846	38698
0.138463	38699
0.138467	38700
0.13847	38701
0.138474	38702
0.138478	38703
0.138481	38704
0.138485	38705
0.138488	38706
0.138492	38707
0.138496	38708
0.138499	38709
0.138503	38710
0.138507	38711
0.13851	38712
0.138514	38713
0.138517	38714
0.138521	38715
0.138525	38716
0.138528	38717
0.138532	38718
0.138535	38719
0.138539	38720
0.138543	38721
0.138546	38722
0.13855	38723
0.138553	38724
0.138557	38725
0.138561	38726
0.138564	38727
0.138568	38728
0.138571	38729
0.138575	38730
0.138579	38731
0.138582	38732
0.138586	38733
0.138589	38734
0.138593	38735
0.138597	38736
0.1386	38737
0.138604	38738
0.138607	38739
0.138611	38740
0.138615	38741
0.138618	38742
0.138622	38743
0.138624	38744
0.138627	38745
0.13863	38746
0.138633	38747
0.138635	38748
0.138653	38749
0.138656	38750
0.138658	38751
0.13866	38752
0.138668	38753
0.138671	38754
0.138675	38755
0.138678	38756
0.138682	38757
0.138684	38758
0.138688	38759
0.13869	38760
0.138694	38761
0.138695	38762
0.138699	38763
0.1387	38764
0.138704	38765
0.138705	38766
0.138708	38767
0.138712	38768
0.138716	38769
0.138719	38770
0.138723	38771
0.138726	38772
0.13873	38773
0.138734	38774
0.138737	38775
0.138741	38776
0.138745	38777
0.138748	38778
0.138752	38779
0.138755	38780
0.138759	38781
0.138763	38782
0.138766	38783
0.13877	38784
0.138773	38785
0.138777	38786
0.138781	38787
0.138784	38788
0.138788	38789
0.138791	38790
0.138795	38791
0.138799	38792
0.138802	38793
0.138806	38794
0.138809	38795
0.138813	38796
0.138817	38797
0.13882	38798
0.138824	38799
0.138827	38800
0.138831	38801
0.138835	38802
0.138838	38803
0.138842	38804
0.138845	38805
0.138849	38806
0.138853	38807
0.138856	38808
0.13886	38809
0.138864	38810
0.138867	38812
0.138871	38813
0.138874	38814
0.138878	38815
0.138882	38816
0.138885	38817
0.138889	38818
0.138892	38819
0.138896	38820
0.1389	38821
0.138903	38822
0.138907	38823
0.13891	38824
0.138914	38825
0.138918	38826
0.138921	38827
0.138925	38828
0.138928	38829
0.138932	38830
0.138936	38831
0.138939	38832
0.138943	38833
0.138945	38834
0.138948	38835
0.138951	38836
0.138954	38837
0.138956	38838
0.138974	38839
0.138977	38840
0.138979	38841
0.138981	38842
0.138989	38843
0.138992	38844
0.138996	38845
0.138999	38846
0.139003	38847
0.139005	38848
0.139009	38849
0.139011	38850
0.139015	38851
0.139016	38852
0.13902	38853
0.139021	38854
0.139025	38855
0.139026	38856
0.139029	38857
0.139033	38858
0.139037	38859
0.13904	38860
0.139044	38861
0.139047	38862
0.139051	38863
0.139055	38864
0.139058	38865
0.139062	38866
0.139065	38867
0.139069	38868
0.139073	38869
0.139076	38870
0.13908	38871
0.139083	38872
0.139087	38873
0.139091	38874
0.139094	38875
0.139098	38876
0.139102	38877
0.139105	38878
0.139109	38879
0.139112	38880
0.139116	38881
0.13912	38882
0.139123	38883
0.139127	38884
0.13913	38885
0.139134	38886
0.139138	38887
0.139141	38888
0.139145	38889
0.139148	38890
0.139152	38891
0.139156	38892
0.139159	38893
0.139163	38894
0.139166	38895
0.13917	38896
0.139174	38897
0.139177	38898
0.139181	38899
0.139184	38900
0.139188	38901
0.139192	38902
0.139195	38903
0.139199	38904
0.139202	38905
0.139206	38906
0.13921	38907
0.139213	38908
0.139217	38909
0.139221	38910
0.139224	38911
0.139228	38912
0.139231	38913
0.139235	38914
0.139239	38915
0.139242	38916
0.139246	38917
0.139249	38918
0.139253	38919
0.139257	38920
0.13926	38921
0.139264	38922
0.139266	38923
0.139269	38924
0.139272	38925
0.139275	38926
0.139277	38927
0.139295	38928
0.139297	38929
0.1393	38930
0.139302	38931
0.139309	38932
0.139313	38934
0.139317	38935
0.13932	38936
0.139324	38937
0.139326	38938
0.13933	38939
0.139332	38940
0.139336	38941
0.139337	38942
0.139341	38943
0.139342	38944
0.139346	38945
0.139347	38946
0.13935	38947
0.139354	38948
0.139358	38949
0.139361	38950
0.139365	38951
0.139368	38952
0.139372	38953
0.139376	38954
0.139379	38955
0.139383	38956
0.139386	38957
0.13939	38958
0.139394	38959
0.139397	38960
0.139401	38961
0.139404	38962
0.139408	38963
0.139412	38964
0.139415	38965
0.139419	38966
0.139422	38967
0.139426	38968
0.13943	38969
0.139433	38970
0.139437	38971
0.13944	38972
0.139444	38973
0.139448	38974
0.139451	38975
0.139455	38976
0.139459	38977
0.139462	38978
0.139466	38979
0.139469	38980
0.139473	38981
0.139477	38982
0.13948	38983
0.139484	38984
0.139487	38985
0.139491	38986
0.139495	38987
0.139498	38988
0.139502	38989
0.139505	38990
0.139509	38991
0.139513	38992
0.139516	38993
0.13952	38994
0.139523	38995
0.139527	38996
0.139531	38997
0.139534	38998
0.139538	38999
0.139541	39000
0.139545	39001
0.139549	39002
0.139552	39003
0.139556	39004
0.139559	39005
0.139563	39006
0.139567	39007
0.13957	39008
0.139574	39009
0.139578	39010
0.139581	39011
0.139585	39012
0.139587	39013
0.13959	39014
0.139593	39015
0.139596	39016
0.139598	39017
0.139616	39018
0.139618	39019
0.139621	39020
0.139623	39021
0.13963	39022
0.139634	39023
0.139638	39024
0.139641	39025
0.139645	39026
0.139647	39027
0.139651	39028
0.139653	39029
0.139657	39030
0.139658	39031
0.139662	39032
0.139663	39033
0.139666	39034
0.139668	39035
0.139671	39036
0.139675	39037
0.139678	39038
0.139682	39039
0.139686	39040
0.139689	39041
0.139693	39042
0.139697	39043
0.1397	39044
0.139704	39045
0.139707	39046
0.139711	39047
0.139715	39048
0.139718	39049
0.139722	39050
0.139725	39051
0.139729	39052
0.139733	39053
0.139736	39055
0.13974	39056
0.139743	39057
0.139747	39058
0.139751	39059
0.139754	39060
0.139758	39061
0.139761	39062
0.139765	39063
0.139769	39064
0.139772	39065
0.139776	39066
0.139779	39067
0.139783	39068
0.139787	39069
0.13979	39070
0.139794	39071
0.139797	39072
0.139801	39073
0.139805	39074
0.139808	39075
0.139812	39076
0.139816	39077
0.139819	39078
0.139823	39079
0.139826	39080
0.13983	39081
0.139834	39082
0.139837	39083
0.139841	39084
0.139844	39085
0.139848	39086
0.139852	39087
0.139855	39088
0.139859	39089
0.139862	39090
0.139866	39091
0.13987	39092
0.139873	39093
0.139877	39094
0.13988	39095
0.139884	39096
0.139888	39097
0.139891	39098
0.139895	39099
0.139898	39100
0.139902	39101
0.139906	39102
0.139908	39103
0.13991	39104
0.139914	39105
0.139916	39106
0.139919	39107
0.139937	39108
0.139939	39109
0.139942	39110
0.139944	39111
0.139951	39112
0.139955	39113
0.139959	39114
0.139962	39115
0.139966	39116
0.139968	39117
0.139972	39118
0.139974	39119
0.139978	39120
0.139979	39121
0.139983	39122
0.139984	39123
0.139987	39124
0.139989	39125
0.139992	39126
0.139996	39127
0.139999	39128
0.140003	39129
0.140007	39130
0.14001	39131
0.140014	39132
0.140017	39133
0.140021	39134
0.140025	39135
0.140028	39136
0.140032	39137
0.140035	39138
0.140039	39139
0.140043	39140
0.140046	39141
0.14005	39142
0.140053	39143
0.140057	39144
0.140061	39145
0.140064	39146
0.140068	39147
0.140072	39148
0.140075	39149
0.140079	39150
0.140082	39151
0.140086	39152
0.14009	39153
0.140093	39154
0.140097	39155
0.1401	39156
0.140104	39157
0.140108	39158
0.140111	39159
0.140115	39160
0.140118	39161
0.140122	39162
0.140126	39163
0.140129	39164
0.140133	39165
0.140136	39166
0.14014	39167
0.140144	39168
0.140147	39169
0.140151	39170
0.140154	39171
0.140158	39172
0.140162	39173
0.140165	39174
0.140169	39175
0.140172	39177
0.140176	39178
0.14018	39179
0.140183	39180
0.140187	39181
0.140191	39182
0.140194	39183
0.140198	39184
0.140201	39185
0.140205	39186
0.140209	39187
0.140212	39188
0.140216	39189
0.140219	39190
0.140223	39191
0.140227	39192
0.140229	39193
0.140231	39194
0.140235	39195
0.140237	39196
0.14024	39197
0.140258	39198
0.14026	39199
0.140263	39200
0.140265	39201
0.140272	39202
0.140276	39203
0.140279	39204
0.140283	39205
0.140287	39206
0.140289	39207
0.140293	39208
0.140295	39209
0.140299	39210
0.1403	39211
0.140304	39212
0.140305	39213
0.140308	39214
0.14031	39215
0.140313	39216
0.140317	39217
0.14032	39218
0.140324	39219
0.140328	39220
0.140331	39221
0.140335	39222
0.140338	39223
0.140342	39224
0.140346	39225
0.140349	39226
0.140353	39227
0.140356	39228
0.14036	39229
0.140364	39230
0.140367	39231
0.140371	39232
0.140374	39233
0.140378	39234
0.140382	39235
0.140385	39236
0.140389	39237
0.140392	39238
0.140396	39239
0.1404	39240
0.140403	39241
0.140407	39242
0.14041	39243
0.140414	39244
0.140418	39245
0.140421	39246
0.140425	39247
0.140429	39248
0.140432	39249
0.140436	39250
0.140439	39251
0.140443	39252
0.140447	39253
0.14045	39254
0.140454	39255
0.140457	39256
0.140461	39257
0.140465	39258
0.140468	39259
0.140472	39260
0.140475	39261
0.140479	39262
0.140483	39263
0.140486	39264
0.14049	39265
0.140493	39266
0.140497	39267
0.140501	39268
0.140504	39269
0.140508	39270
0.140511	39271
0.140515	39272
0.140519	39273
0.140522	39274
0.140526	39275
0.140529	39276
0.140533	39277
0.140537	39278
0.14054	39279
0.140544	39280
0.140548	39281
0.14055	39282
0.140552	39283
0.140556	39284
0.140558	39285
0.140561	39286
0.140579	39287
0.140581	39288
0.140584	39289
0.140586	39290
0.140593	39291
0.140597	39292
0.1406	39293
0.140604	39294
0.140608	39295
0.14061	39296
0.140614	39297
0.140616	39299
0.14062	39300
0.140621	39301
0.140624	39302
0.140626	39303
0.140629	39304
0.14063	39305
0.140634	39306
0.140638	39307
0.140641	39308
0.140645	39309
0.140648	39310
0.140652	39311
0.140656	39312
0.140659	39313
0.140663	39314
0.140667	39315
0.14067	39316
0.140674	39317
0.140677	39318
0.140681	39319
0.140685	39320
0.140688	39321
0.140692	39322
0.140695	39323
0.140699	39324
0.140703	39325
0.140706	39326
0.14071	39327
0.140713	39328
0.140717	39329
0.140721	39330
0.140724	39331
0.140728	39332
0.140731	39333
0.140735	39334
0.140739	39335
0.140742	39336
0.140746	39337
0.140749	39338
0.140753	39339
0.140757	39340
0.14076	39341
0.140764	39342
0.140767	39343
0.140771	39344
0.140775	39345
0.140778	39346
0.140782	39347
0.140786	39348
0.140789	39349
0.140793	39350
0.140796	39351
0.1408	39352
0.140804	39353
0.140807	39354
0.140811	39355
0.140814	39356
0.140818	39357
0.140822	39358
0.140825	39359
0.140829	39360
0.140832	39361
0.140836	39362
0.14084	39363
0.140843	39364
0.140847	39365
0.14085	39366
0.140854	39367
0.140858	39368
0.140861	39369
0.140865	39370
0.140868	39371
0.140871	39372
0.140873	39373
0.140877	39374
0.140879	39375
0.140882	39376
0.1409	39377
0.140902	39378
0.140905	39379
0.140907	39380
0.140914	39381
0.140918	39382
0.140921	39383
0.140925	39384
0.140929	39385
0.140931	39386
0.140935	39387
0.140937	39388
0.140941	39389
0.140942	39390
0.140945	39391
0.140947	39392
0.14095	39393
0.140951	39394
0.140955	39395
0.140959	39396
0.140962	39397
0.140966	39398
0.140969	39399
0.140973	39400
0.140977	39401
0.14098	39402
0.140984	39403
0.140987	39404
0.140991	39405
0.140995	39406
0.140998	39407
0.141002	39408
0.141005	39409
0.141009	39410
0.141013	39411
0.141016	39412
0.14102	39413
0.141024	39414
0.141027	39415
0.141031	39416
0.141034	39417
0.141038	39418
0.141042	39420
0.141045	39421
0.141049	39422
0.141052	39423
0.141056	39424
0.14106	39425
0.141063	39426
0.141067	39427
0.14107	39428
0.141074	39429
0.141078	39430
0.141081	39431
0.141085	39432
0.141088	39433
0.141092	39434
0.141096	39435
0.141099	39436
0.141103	39437
0.141106	39438
0.14111	39439
0.141114	39440
0.141117	39441
0.141121	39442
0.141124	39443
0.141128	39444
0.141132	39445
0.141135	39446
0.141139	39447
0.141143	39448
0.141146	39449
0.14115	39450
0.141153	39451
0.141157	39452
0.141161	39453
0.141164	39454
0.141168	39455
0.141171	39456
0.141175	39457
0.141179	39458
0.141182	39459
0.141186	39460
0.141189	39461
0.141192	39462
0.141194	39463
0.141198	39464
0.1412	39465
0.141203	39466
0.141221	39467
0.141223	39468
0.141225	39469
0.141228	39470
0.141235	39471
0.141239	39472
0.141242	39473
0.141246	39474
0.141249	39475
0.141252	39476
0.141255	39477
0.141258	39478
0.141262	39479
0.141263	39480
0.141266	39481
0.141268	39482
0.141271	39483
0.141272	39484
0.141276	39485
0.14128	39486
0.141283	39487
0.141287	39488
0.14129	39489
0.141294	39490
0.141298	39491
0.141301	39492
0.141305	39493
0.141308	39494
0.141312	39495
0.141316	39496
0.141319	39497
0.141323	39498
0.141326	39499
0.14133	39500
0.141334	39501
0.141337	39502
0.141341	39503
0.141344	39504
0.141348	39505
0.141352	39506
0.141355	39507
0.141359	39508
0.141362	39509
0.141366	39510
0.14137	39511
0.141373	39512
0.141377	39513
0.141381	39514
0.141384	39515
0.141388	39516
0.141391	39517
0.141395	39518
0.141399	39519
0.141402	39520
0.141406	39521
0.141409	39522
0.141413	39523
0.141417	39524
0.14142	39525
0.141424	39526
0.141427	39527
0.141431	39528
0.141435	39529
0.141438	39530
0.141442	39531
0.141445	39532
0.141449	39533
0.141453	39534
0.141456	39535
0.14146	39536
0.141463	39537
0.141467	39538
0.141471	39539
0.141474	39540
0.141478	39542
0.141481	39543
0.141485	39544
0.141489	39545
0.141492	39546
0.141496	39547
0.1415	39548
0.141503	39549
0.141507	39550
0.14151	39551
0.141513	39552
0.141515	39553
0.141519	39554
0.141521	39555
0.141524	39556
0.141542	39557
0.141544	39558
0.141546	39559
0.141549	39560
0.141556	39561
0.14156	39562
0.141563	39563
0.141567	39564
0.14157	39565
0.141573	39566
0.141576	39567
0.141579	39568
0.141582	39569
0.141584	39570
0.141587	39571
0.141588	39572
0.141592	39573
0.141593	39574
0.141597	39575
0.1416	39576
0.141604	39577
0.141608	39578
0.141611	39579
0.141615	39580
0.141619	39581
0.141622	39582
0.141626	39583
0.141629	39584
0.141633	39585
0.141637	39586
0.14164	39587
0.141644	39588
0.141647	39589
0.141651	39590
0.141655	39591
0.141658	39592
0.141662	39593
0.141665	39594
0.141669	39595
0.141673	39596
0.141676	39597
0.14168	39598
0.141683	39599
0.141687	39600
0.141691	39601
0.141694	39602
0.141698	39603
0.141701	39604
0.141705	39605
0.141709	39606
0.141712	39607
0.141716	39608
0.141719	39609
0.141723	39610
0.141727	39611
0.14173	39612
0.141734	39613
0.141737	39614
0.141741	39615
0.141745	39616
0.141748	39617
0.141752	39618
0.141756	39619
0.141759	39620
0.141763	39621
0.141766	39622
0.14177	39623
0.141774	39624
0.141777	39625
0.141781	39626
0.141784	39627
0.141788	39628
0.141792	39629
0.141795	39630
0.141799	39631
0.141802	39632
0.141806	39633
0.14181	39634
0.141813	39635
0.141817	39636
0.14182	39637
0.141824	39638
0.141828	39639
0.141831	39640
0.141834	39641
0.141836	39642
0.14184	39643
0.141842	39644
0.141844	39645
0.141863	39646
0.141865	39647
0.141867	39648
0.14187	39649
0.141877	39650
0.141881	39651
0.141884	39652
0.141888	39653
0.141891	39654
0.141894	39655
0.141897	39656
0.1419	39657
0.141903	39658
0.141905	39659
0.141908	39660
0.141909	39661
0.141913	39662
0.141914	39664
0.141918	39665
0.141921	39666
0.141925	39667
0.141929	39668
0.141932	39669
0.141936	39670
0.141939	39671
0.141943	39672
0.141947	39673
0.14195	39674
0.141954	39675
0.141957	39676
0.141961	39677
0.141965	39678
0.141968	39679
0.141972	39680
0.141975	39681
0.141979	39682
0.141983	39683
0.141986	39684
0.14199	39685
0.141994	39686
0.141997	39687
0.142001	39688
0.142004	39689
0.142008	39690
0.142012	39691
0.142015	39692
0.142019	39693
0.142022	39694
0.142026	39695
0.14203	39696
0.142033	39697
0.142037	39698
0.14204	39699
0.142044	39700
0.142048	39701
0.142051	39702
0.142055	39703
0.142058	39704
0.142062	39705
0.142066	39706
0.142069	39707
0.142073	39708
0.142076	39709
0.14208	39710
0.142084	39711
0.142087	39712
0.142091	39713
0.142094	39714
0.142098	39715
0.142102	39716
0.142105	39717
0.142109	39718
0.142113	39719
0.142116	39720
0.14212	39721
0.142123	39722
0.142127	39723
0.142131	39724
0.142134	39725
0.142138	39726
0.142141	39727
0.142145	39728
0.142149	39729
0.142152	39730
0.142155	39731
0.142157	39732
0.142161	39733
0.142163	39734
0.142165	39735
0.142183	39736
0.142186	39737
0.142188	39738
0.142191	39739
0.142198	39740
0.142201	39741
0.142205	39742
0.142209	39743
0.142212	39744
0.142215	39745
0.142218	39746
0.142221	39747
0.142224	39748
0.142226	39749
0.142229	39750
0.14223	39751
0.142234	39752
0.142235	39753
0.142239	39754
0.142242	39755
0.142246	39756
0.14225	39757
0.142253	39758
0.142257	39759
0.14226	39760
0.142264	39761
0.142268	39762
0.142271	39763
0.142275	39764
0.142278	39765
0.142282	39766
0.142286	39767
0.142289	39768
0.142293	39769
0.142296	39770
0.1423	39771
0.142304	39772
0.142307	39773
0.142311	39774
0.142314	39775
0.142318	39776
0.142322	39777
0.142325	39778
0.142329	39779
0.142332	39780
0.142336	39781
0.14234	39782
0.142343	39783
0.142347	39785
0.142351	39786
0.142354	39787
0.142358	39788
0.142361	39789
0.142365	39790
0.142369	39791
0.142372	39792
0.142376	39793
0.142379	39794
0.142383	39795
0.142387	39796
0.14239	39797
0.142394	39798
0.142397	39799
0.142401	39800
0.142405	39801
0.142408	39802
0.142412	39803
0.142415	39804
0.142419	39805
0.142423	39806
0.142426	39807
0.14243	39808
0.142433	39809
0.142437	39810
0.142441	39811
0.142444	39812
0.142448	39813
0.142451	39814
0.142455	39815
0.142459	39816
0.142462	39817
0.142466	39818
0.14247	39819
0.142473	39820
0.142476	39821
0.142478	39822
0.142482	39823
0.142484	39824
0.142486	39825
0.142504	39826
0.142507	39827
0.142509	39828
0.142512	39829
0.142519	39830
0.142522	39831
0.142526	39832
0.14253	39833
0.142533	39834
0.142536	39835
0.142539	39836
0.142542	39837
0.142545	39838
0.142546	39839
0.14255	39840
0.142551	39841
0.142555	39842
0.142556	39843
0.14256	39844
0.142563	39845
0.142567	39846
0.14257	39847
0.142574	39848
0.142578	39849
0.142581	39850
0.142585	39851
0.142589	39852
0.142592	39853
0.142596	39854
0.142599	39855
0.142603	39856
0.142607	39857
0.14261	39858
0.142614	39859
0.142617	39860
0.142621	39861
0.142625	39862
0.142628	39863
0.142632	39864
0.142635	39865
0.142639	39866
0.142643	39867
0.142646	39868
0.14265	39869
0.142653	39870
0.142657	39871
0.142661	39872
0.142664	39873
0.142668	39874
0.142671	39875
0.142675	39876
0.142679	39877
0.142682	39878
0.142686	39879
0.142689	39880
0.142693	39881
0.142697	39882
0.1427	39883
0.142704	39884
0.142708	39885
0.142711	39886
0.142715	39887
0.142718	39888
0.142722	39889
0.142726	39890
0.142729	39891
0.142733	39892
0.142736	39893
0.14274	39894
0.142744	39895
0.142747	39896
0.142751	39897
0.142754	39898
0.142758	39899
0.142762	39900
0.142765	39901
0.142769	39902
0.142772	39903
0.142776	39904
0.14278	39905
0.142783	39907
0.142787	39908
0.14279	39909
0.142794	39910
0.142796	39911
0.142799	39912
0.142802	39913
0.142805	39914
0.142807	39915
0.142825	39916
0.142828	39917
0.14283	39918
0.142833	39919
0.14284	39920
0.142843	39921
0.142847	39922
0.142851	39923
0.142854	39924
0.142857	39925
0.14286	39926
0.142863	39927
0.142866	39928
0.142867	39929
0.142871	39930
0.142872	39931
0.142876	39932
0.142877	39933
0.142881	39934
0.142884	39935
0.142888	39936
0.142891	39937
0.142895	39938
0.142899	39939
0.142902	39940
0.142906	39941
0.142909	39942
0.142913	39943
0.142917	39944
0.14292	39945
0.142924	39946
0.142927	39947
0.142931	39948
0.142935	39949
0.142938	39950
0.142942	39951
0.142946	39952
0.142949	39953
0.142953	39954
0.142956	39955
0.14296	39956
0.142964	39957
0.142967	39958
0.142971	39959
0.142974	39960
0.142978	39961
0.142982	39962
0.142985	39963
0.142989	39964
0.142992	39965
0.142996	39966
0.143	39967
0.143003	39968
0.143007	39969
0.14301	39970
0.143014	39971
0.143018	39972
0.143021	39973
0.143025	39974
0.143028	39975
0.143032	39976
0.143036	39977
0.143039	39978
0.143043	39979
0.143046	39980
0.14305	39981
0.143054	39982
0.143057	39983
0.143061	39984
0.143065	39985
0.143068	39986
0.143072	39987
0.143075	39988
0.143079	39989
0.143083	39990
0.143086	39991
0.14309	39992
0.143093	39993
0.143097	39994
0.143101	39995
0.143104	39996
0.143108	39997
0.143111	39998
0.143115	39999
0.143117	40000
0.14312	40001
0.143123	40002
0.143126	40003
0.143128	40004
0.143146	40005
0.143149	40006
0.143151	40007
0.143153	40008
0.143161	40009
0.143164	40010
0.143168	40011
0.143171	40012
0.143175	40013
0.143177	40014
0.143181	40015
0.143184	40016
0.143187	40017
0.143188	40018
0.143192	40019
0.143193	40020
0.143197	40021
0.143198	40022
0.143202	40023
0.143205	40024
0.143209	40025
0.143212	40026
0.143216	40027
0.14322	40029
0.143223	40030
0.143227	40031
0.14323	40032
0.143234	40033
0.143238	40034
0.143241	40035
0.143245	40036
0.143248	40037
0.143252	40038
0.143256	40039
0.143259	40040
0.143263	40041
0.143266	40042
0.14327	40043
0.143274	40044
0.143277	40045
0.143281	40046
0.143284	40047
0.143288	40048
0.143292	40049
0.143295	40050
0.143299	40051
0.143303	40052
0.143306	40053
0.14331	40054
0.143313	40055
0.143317	40056
0.143321	40057
0.143324	40058
0.143328	40059
0.143331	40060
0.143335	40061
0.143339	40062
0.143342	40063
0.143346	40064
0.143349	40065
0.143353	40066
0.143357	40067
0.14336	40068
0.143364	40069
0.143367	40070
0.143371	40071
0.143375	40072
0.143378	40073
0.143382	40074
0.143385	40075
0.143389	40076
0.143393	40077
0.143396	40078
0.1434	40079
0.143403	40080
0.143407	40081
0.143411	40082
0.143414	40083
0.143418	40084
0.143422	40085
0.143425	40086
0.143429	40087
0.143432	40088
0.143436	40089
0.143438	40090
0.143441	40091
0.143444	40092
0.143447	40093
0.143449	40094
0.143467	40095
0.14347	40096
0.143472	40097
0.143474	40098
0.143482	40099
0.143485	40100
0.143489	40101
0.143492	40102
0.143496	40103
0.143498	40104
0.143502	40105
0.143504	40106
0.143508	40107
0.143509	40108
0.143513	40109
0.143514	40110
0.143518	40111
0.143519	40112
0.143522	40113
0.143526	40114
0.14353	40115
0.143533	40116
0.143537	40117
0.14354	40118
0.143544	40119
0.143548	40120
0.143551	40121
0.143555	40122
0.143559	40123
0.143562	40124
0.143566	40125
0.143569	40126
0.143573	40127
0.143577	40128
0.14358	40129
0.143584	40130
0.143587	40131
0.143591	40132
0.143595	40133
0.143598	40134
0.143602	40135
0.143605	40136
0.143609	40137
0.143613	40138
0.143616	40139
0.14362	40140
0.143623	40141
0.143627	40142
0.143631	40143
0.143634	40144
0.143638	40145
0.143641	40146
0.143645	40147
0.143649	40148
0.143652	40150
0.143656	40151
0.143659	40152
0.143663	40153
0.143667	40154
0.14367	40155
0.143674	40156
0.143678	40157
0.143681	40158
0.143685	40159
0.143688	40160
0.143692	40161
0.143696	40162
0.143699	40163
0.143703	40164
0.143706	40165
0.14371	40166
0.143714	40167
0.143717	40168
0.143721	40169
0.143724	40170
0.143728	40171
0.143732	40172
0.143735	40173
0.143739	40174
0.143742	40175
0.143746	40176
0.14375	40177
0.143753	40178
0.143757	40179
0.143759	40180
0.143762	40181
0.143765	40182
0.143768	40183
0.14377	40184
0.143788	40185
0.143791	40186
0.143793	40187
0.143795	40188
0.143803	40189
0.143806	40190
0.14381	40191
0.143813	40192
0.143817	40193
0.143819	40194
0.143823	40195
0.143825	40196
0.143829	40197
0.14383	40198
0.143834	40199
0.143835	40200
0.143839	40201
0.14384	40202
0.143843	40203
0.143847	40204
0.143851	40205
0.143854	40206
0.143858	40207
0.143861	40208
0.143865	40209
0.143869	40210
0.143872	40211
0.143876	40212
0.143879	40213
0.143883	40214
0.143887	40215
0.14389	40216
0.143894	40217
0.143897	40218
0.143901	40219
0.143905	40220
0.143908	40221
0.143912	40222
0.143916	40223
0.143919	40224
0.143923	40225
0.143926	40226
0.14393	40227
0.143934	40228
0.143937	40229
0.143941	40230
0.143944	40231
0.143948	40232
0.143952	40233
0.143955	40234
0.143959	40235
0.143962	40236
0.143966	40237
0.14397	40238
0.143973	40239
0.143977	40240
0.14398	40241
0.143984	40242
0.143988	40243
0.143991	40244
0.143995	40245
0.143998	40246
0.144002	40247
0.144006	40248
0.144009	40249
0.144013	40250
0.144016	40251
0.14402	40252
0.144024	40253
0.144027	40254
0.144031	40255
0.144035	40256
0.144038	40257
0.144042	40258
0.144045	40259
0.144049	40260
0.144053	40261
0.144056	40262
0.14406	40263
0.144063	40264
0.144067	40265
0.144071	40266
0.144074	40267
0.144078	40268
0.14408	40269
0.144083	40270
0.144086	40272
0.144089	40273
0.144091	40274
0.144109	40275
0.144111	40276
0.144114	40277
0.144116	40278
0.144123	40279
0.144127	40280
0.144131	40281
0.144134	40282
0.144138	40283
0.14414	40284
0.144144	40285
0.144146	40286
0.14415	40287
0.144151	40288
0.144155	40289
0.144156	40290
0.14416	40291
0.144161	40292
0.144164	40293
0.144168	40294
0.144172	40295
0.144175	40296
0.144179	40297
0.144182	40298
0.144186	40299
0.14419	40300
0.144193	40301
0.144197	40302
0.1442	40303
0.144204	40304
0.144208	40305
0.144211	40306
0.144215	40307
0.144218	40308
0.144222	40309
0.144226	40310
0.144229	40311
0.144233	40312
0.144236	40313
0.14424	40314
0.144244	40315
0.144247	40316
0.144251	40317
0.144254	40318
0.144258	40319
0.144262	40320
0.144265	40321
0.144269	40322
0.144273	40323
0.144276	40324
0.14428	40325
0.144283	40326
0.144287	40327
0.144291	40328
0.144294	40329
0.144298	40330
0.144301	40331
0.144305	40332
0.144309	40333
0.144312	40334
0.144316	40335
0.144319	40336
0.144323	40337
0.144327	40338
0.14433	40339
0.144334	40340
0.144337	40341
0.144341	40342
0.144345	40343
0.144348	40344
0.144352	40345
0.144355	40346
0.144359	40347
0.144363	40348
0.144366	40349
0.14437	40350
0.144373	40351
0.144377	40352
0.144381	40353
0.144384	40354
0.144388	40355
0.144392	40356
0.144395	40357
0.144399	40358
0.144401	40359
0.144404	40360
0.144407	40361
0.14441	40362
0.144412	40363
0.14443	40364
0.144432	40365
0.144435	40366
0.144437	40367
0.144444	40368
0.144448	40369
0.144452	40370
0.144455	40371
0.144459	40372
0.144461	40373
0.144465	40374
0.144467	40375
0.144471	40376
0.144472	40377
0.144476	40378
0.144477	40379
0.14448	40380
0.144482	40381
0.144485	40382
0.144489	40383
0.144492	40384
0.144496	40385
0.1445	40386
0.144503	40387
0.144507	40388
0.144511	40389
0.144514	40390
0.144518	40391
0.144521	40392
0.144525	40394
0.144529	40395
0.144532	40396
0.144536	40397
0.144539	40398
0.144543	40399
0.144547	40400
0.14455	40401
0.144554	40402
0.144557	40403
0.144561	40404
0.144565	40405
0.144568	40406
0.144572	40407
0.144575	40408
0.144579	40409
0.144583	40410
0.144586	40411
0.14459	40412
0.144593	40413
0.144597	40414
0.144601	40415
0.144604	40416
0.144608	40417
0.144611	40418
0.144615	40419
0.144619	40420
0.144622	40421
0.144626	40422
0.14463	40423
0.144633	40424
0.144637	40425
0.14464	40426
0.144644	40427
0.144648	40428
0.144651	40429
0.144655	40430
0.144658	40431
0.144662	40432
0.144666	40433
0.144669	40434
0.144673	40435
0.144676	40436
0.14468	40437
0.144684	40438
0.144687	40439
0.144691	40440
0.144694	40441
0.144698	40442
0.144702	40443
0.144705	40444
0.144709	40445
0.144712	40446
0.144716	40447
0.14472	40448
0.144722	40449
0.144724	40450
0.144728	40451
0.14473	40452
0.144733	40453
0.144751	40454
0.144753	40455
0.144756	40456
0.144758	40457
0.144765	40458
0.144769	40459
0.144773	40460
0.144776	40461
0.14478	40462
0.144782	40463
0.144786	40464
0.144788	40465
0.144792	40466
0.144793	40467
0.144797	40468
0.144798	40469
0.144801	40470
0.144803	40471
0.144806	40472
0.14481	40473
0.144813	40474
0.144817	40475
0.144821	40476
0.144824	40477
0.144828	40478
0.144831	40479
0.144835	40480
0.144839	40481
0.144842	40482
0.144846	40483
0.144849	40484
0.144853	40485
0.144857	40486
0.14486	40487
0.144864	40488
0.144868	40489
0.144871	40490
0.144875	40491
0.144878	40492
0.144882	40493
0.144886	40494
0.144889	40495
0.144893	40496
0.144896	40497
0.1449	40498
0.144904	40499
0.144907	40500
0.144911	40501
0.144914	40502
0.144918	40503
0.144922	40504
0.144925	40505
0.144929	40506
0.144932	40507
0.144936	40508
0.14494	40509
0.144943	40510
0.144947	40511
0.14495	40512
0.144954	40513
0.144958	40515
0.144961	40516
0.144965	40517
0.144968	40518
0.144972	40519
0.144976	40520
0.144979	40521
0.144983	40522
0.144987	40523
0.14499	40524
0.144994	40525
0.144997	40526
0.145001	40527
0.145005	40528
0.145008	40529
0.145012	40530
0.145015	40531
0.145019	40532
0.145023	40533
0.145026	40534
0.14503	40535
0.145033	40536
0.145037	40537
0.145041	40538
0.145043	40539
0.145045	40540
0.145049	40541
0.145051	40542
0.145054	40543
0.145072	40544
0.145074	40545
0.145077	40546
0.145079	40547
0.145086	40548
0.14509	40549
0.145093	40550
0.145097	40551
0.145101	40552
0.145103	40553
0.145107	40554
0.145109	40555
0.145113	40556
0.145114	40557
0.145118	40558
0.145119	40559
0.145122	40560
0.145124	40561
0.145127	40562
0.145131	40563
0.145134	40564
0.145138	40565
0.145142	40566
0.145145	40567
0.145149	40568
0.145152	40569
0.145156	40570
0.14516	40571
0.145163	40572
0.145167	40573
0.14517	40574
0.145174	40575
0.145178	40576
0.145181	40577
0.145185	40578
0.145188	40579
0.145192	40580
0.145196	40581
0.145199	40582
0.145203	40583
0.145206	40584
0.14521	40585
0.145214	40586
0.145217	40587
0.145221	40588
0.145225	40589
0.145228	40590
0.145232	40591
0.145235	40592
0.145239	40593
0.145243	40594
0.145246	40595
0.14525	40596
0.145253	40597
0.145257	40598
0.145261	40599
0.145264	40600
0.145268	40601
0.145271	40602
0.145275	40603
0.145279	40604
0.145282	40605
0.145286	40606
0.145289	40607
0.145293	40608
0.145297	40609
0.1453	40610
0.145304	40611
0.145307	40612
0.145311	40613
0.145315	40614
0.145318	40615
0.145322	40616
0.145325	40617
0.145329	40618
0.145333	40619
0.145336	40620
0.14534	40621
0.145343	40622
0.145347	40623
0.145351	40624
0.145354	40625
0.145358	40626
0.145362	40627
0.145364	40628
0.145366	40629
0.14537	40630
0.145372	40631
0.145375	40632
0.145393	40633
0.145395	40634
0.145398	40635
0.1454	40637
0.145407	40638
0.145411	40639
0.145414	40640
0.145418	40641
0.145422	40642
0.145424	40643
0.145428	40644
0.14543	40645
0.145434	40646
0.145435	40647
0.145438	40648
0.14544	40649
0.145443	40650
0.145444	40651
0.145448	40652
0.145452	40653
0.145455	40654
0.145459	40655
0.145462	40656
0.145466	40657
0.14547	40658
0.145473	40659
0.145477	40660
0.145481	40661
0.145484	40662
0.145488	40663
0.145491	40664
0.145495	40665
0.145499	40666
0.145502	40667
0.145506	40668
0.145509	40669
0.145513	40670
0.145517	40671
0.14552	40672
0.145524	40673
0.145527	40674
0.145531	40675
0.145535	40676
0.145538	40677
0.145542	40678
0.145545	40679
0.145549	40680
0.145553	40681
0.145556	40682
0.14556	40683
0.145563	40684
0.145567	40685
0.145571	40686
0.145574	40687
0.145578	40688
0.145581	40689
0.145585	40690
0.145589	40691
0.145592	40692
0.145596	40693
0.1456	40694
0.145603	40695
0.145607	40696
0.14561	40697
0.145614	40698
0.145618	40699
0.145621	40700
0.145625	40701
0.145628	40702
0.145632	40703
0.145636	40704
0.145639	40705
0.145643	40706
0.145646	40707
0.14565	40708
0.145654	40709
0.145657	40710
0.145661	40711
0.145664	40712
0.145668	40713
0.145672	40714
0.145675	40715
0.145679	40716
0.145682	40717
0.145685	40718
0.145687	40719
0.145691	40720
0.145693	40721
0.145696	40722
0.145714	40723
0.145716	40724
0.145719	40725
0.145721	40726
0.145728	40727
0.145732	40728
0.145735	40729
0.145739	40730
0.145743	40731
0.145745	40732
0.145749	40733
0.145751	40734
0.145755	40735
0.145756	40736
0.145759	40737
0.145761	40738
0.145764	40739
0.145765	40740
0.145769	40741
0.145773	40742
0.145776	40743
0.14578	40744
0.145783	40745
0.145787	40746
0.145791	40747
0.145794	40748
0.145798	40749
0.145801	40750
0.145805	40751
0.145809	40752
0.145812	40753
0.145816	40754
0.145819	40755
0.145823	40756
0.145827	40757
0.14583	40759
0.145834	40760
0.145838	40761
0.145841	40762
0.145845	40763
0.145848	40764
0.145852	40765
0.145856	40766
0.145859	40767
0.145863	40768
0.145866	40769
0.14587	40770
0.145874	40771
0.145877	40772
0.145881	40773
0.145884	40774
0.145888	40775
0.145892	40776
0.145895	40777
0.145899	40778
0.145902	40779
0.145906	40780
0.14591	40781
0.145913	40782
0.145917	40783
0.14592	40784
0.145924	40785
0.145928	40786
0.145931	40787
0.145935	40788
0.145938	40789
0.145942	40790
0.145946	40791
0.145949	40792
0.145953	40793
0.145957	40794
0.14596	40795
0.145964	40796
0.145967	40797
0.145971	40798
0.145975	40799
0.145978	40800
0.145982	40801
0.145985	40802
0.145989	40803
0.145993	40804
0.145996	40805
0.146	40806
0.146003	40807
0.146006	40808
0.146008	40809
0.146012	40810
0.146014	40811
0.146017	40812
0.146035	40813
0.146037	40814
0.146039	40815
0.146042	40816
0.146049	40817
0.146053	40818
0.146056	40819
0.14606	40820
0.146063	40821
0.146066	40822
0.14607	40823
0.146072	40824
0.146076	40825
0.146077	40826
0.14608	40827
0.146082	40828
0.146085	40829
0.146086	40830
0.14609	40831
0.146094	40832
0.146097	40833
0.146101	40834
0.146104	40835
0.146108	40836
0.146112	40837
0.146115	40838
0.146119	40839
0.146122	40840
0.146126	40841
0.14613	40842
0.146133	40843
0.146137	40844
0.14614	40845
0.146144	40846
0.146148	40847
0.146151	40848
0.146155	40849
0.146158	40850
0.146162	40851
0.146166	40852
0.146169	40853
0.146173	40854
0.146176	40855
0.14618	40856
0.146184	40857
0.146187	40858
0.146191	40859
0.146195	40860
0.146198	40861
0.146202	40862
0.146205	40863
0.146209	40864
0.146213	40865
0.146216	40866
0.14622	40867
0.146223	40868
0.146227	40869
0.146231	40870
0.146234	40871
0.146238	40872
0.146241	40873
0.146245	40874
0.146249	40875
0.146252	40876
0.146256	40877
0.146259	40878
0.146263	40880
0.146267	40881
0.14627	40882
0.146274	40883
0.146277	40884
0.146281	40885
0.146285	40886
0.146288	40887
0.146292	40888
0.146295	40889
0.146299	40890
0.146303	40891
0.146306	40892
0.14631	40893
0.146314	40894
0.146317	40895
0.146321	40896
0.146324	40897
0.146327	40898
0.146329	40899
0.146333	40900
0.146335	40901
0.146338	40902
0.146356	40903
0.146358	40904
0.14636	40905
0.146363	40906
0.14637	40907
0.146374	40908
0.146377	40909
0.146381	40910
0.146384	40911
0.146387	40912
0.14639	40913
0.146393	40914
0.146396	40915
0.146398	40916
0.146401	40917
0.146402	40918
0.146406	40919
0.146407	40920
0.146411	40921
0.146414	40922
0.146418	40923
0.146422	40924
0.146425	40925
0.146429	40926
0.146433	40927
0.146436	40928
0.14644	40929
0.146443	40930
0.146447	40931
0.146451	40932
0.146454	40933
0.146458	40934
0.146461	40935
0.146465	40936
0.146469	40937
0.146472	40938
0.146476	40939
0.146479	40940
0.146483	40941
0.146487	40942
0.14649	40943
0.146494	40944
0.146497	40945
0.146501	40946
0.146505	40947
0.146508	40948
0.146512	40949
0.146515	40950
0.146519	40951
0.146523	40952
0.146526	40953
0.14653	40954
0.146533	40955
0.146537	40956
0.146541	40957
0.146544	40958
0.146548	40959
0.146552	40960
0.146555	40961
0.146559	40962
0.146562	40963
0.146566	40964
0.14657	40965
0.146573	40966
0.146577	40967
0.14658	40968
0.146584	40969
0.146588	40970
0.146591	40971
0.146595	40972
0.146598	40973
0.146602	40974
0.146606	40975
0.146609	40976
0.146613	40977
0.146616	40978
0.14662	40979
0.146624	40980
0.146627	40981
0.146631	40982
0.146634	40983
0.146638	40984
0.146642	40985
0.146645	40986
0.146648	40987
0.14665	40988
0.146654	40989
0.146656	40990
0.146658	40991
0.146677	40992
0.146679	40993
0.146681	40994
0.146684	40995
0.146691	40996
0.146695	40997
0.146698	40998
0.146702	40999
0.146705	41000
0.146708	41002
0.146711	41003
0.146714	41004
0.146717	41005
0.146719	41006
0.146722	41007
0.146723	41008
0.146727	41009
0.146728	41010
0.146732	41011
0.146735	41012
0.146739	41013
0.146743	41014
0.146746	41015
0.14675	41016
0.146753	41017
0.146757	41018
0.146761	41019
0.146764	41020
0.146768	41021
0.146771	41022
0.146775	41023
0.146779	41024
0.146782	41025
0.146786	41026
0.14679	41027
0.146793	41028
0.146797	41029
0.1468	41030
0.146804	41031
0.146808	41032
0.146811	41033
0.146815	41034
0.146818	41035
0.146822	41036
0.146826	41037
0.146829	41038
0.146833	41039
0.146836	41040
0.14684	41041
0.146844	41042
0.146847	41043
0.146851	41044
0.146854	41045
0.146858	41046
0.146862	41047
0.146865	41048
0.146869	41049
0.146872	41050
0.146876	41051
0.14688	41052
0.146883	41053
0.146887	41054
0.14689	41055
0.146894	41056
0.146898	41057
0.146901	41058
0.146905	41059
0.146909	41060
0.146912	41061
0.146916	41062
0.146919	41063
0.146923	41064
0.146927	41065
0.14693	41066
0.146934	41067
0.146937	41068
0.146941	41069
0.146945	41070
0.146948	41071
0.146952	41072
0.146955	41073
0.146959	41074
0.146963	41075
0.146966	41076
0.146969	41077
0.146971	41078
0.146975	41079
0.146977	41080
0.146979	41081
0.146997	41082
0.147	41083
0.147002	41084
0.147005	41085
0.147012	41086
0.147015	41087
0.147019	41088
0.147023	41089
0.147026	41090
0.147029	41091
0.147032	41092
0.147035	41093
0.147038	41094
0.14704	41095
0.147043	41096
0.147044	41097
0.147048	41098
0.147049	41099
0.147053	41100
0.147056	41101
0.14706	41102
0.147064	41103
0.147067	41104
0.147071	41105
0.147074	41106
0.147078	41107
0.147082	41108
0.147085	41109
0.147089	41110
0.147092	41111
0.147096	41112
0.1471	41113
0.147103	41114
0.147107	41115
0.14711	41116
0.147114	41117
0.147118	41118
0.147121	41119
0.147125	41120
0.147128	41121
0.147132	41122
0.147136	41124
0.147139	41125
0.147143	41126
0.147146	41127
0.14715	41128
0.147154	41129
0.147157	41130
0.147161	41131
0.147165	41132
0.147168	41133
0.147172	41134
0.147175	41135
0.147179	41136
0.147183	41137
0.147186	41138
0.14719	41139
0.147193	41140
0.147197	41141
0.147201	41142
0.147204	41143
0.147208	41144
0.147211	41145
0.147215	41146
0.147219	41147
0.147222	41148
0.147226	41149
0.147229	41150
0.147233	41151
0.147237	41152
0.14724	41153
0.147244	41154
0.147247	41155
0.147251	41156
0.147255	41157
0.147258	41158
0.147262	41159
0.147265	41160
0.147269	41161
0.147273	41162
0.147276	41163
0.14728	41164
0.147284	41165
0.147287	41166
0.14729	41167
0.147292	41168
0.147296	41169
0.147298	41170
0.1473	41171
0.147318	41172
0.147321	41173
0.147323	41174
0.147326	41175
0.147333	41176
0.147336	41177
0.14734	41178
0.147344	41179
0.147347	41180
0.14735	41181
0.147353	41182
0.147356	41183
0.147359	41184
0.14736	41185
0.147364	41186
0.147365	41187
0.147369	41188
0.14737	41189
0.147374	41190
0.147377	41191
0.147381	41192
0.147384	41193
0.147388	41194
0.147392	41195
0.147395	41196
0.147399	41197
0.147403	41198
0.147406	41199
0.14741	41200
0.147413	41201
0.147417	41202
0.147421	41203
0.147424	41204
0.147428	41205
0.147431	41206
0.147435	41207
0.147439	41208
0.147442	41209
0.147446	41210
0.147449	41211
0.147453	41212
0.147457	41213
0.14746	41214
0.147464	41215
0.147467	41216
0.147471	41217
0.147475	41218
0.147478	41219
0.147482	41220
0.147485	41221
0.147489	41222
0.147493	41223
0.147496	41224
0.1475	41225
0.147503	41226
0.147507	41227
0.147511	41228
0.147514	41229
0.147518	41230
0.147522	41231
0.147525	41232
0.147529	41233
0.147532	41234
0.147536	41235
0.14754	41236
0.147543	41237
0.147547	41238
0.14755	41239
0.147554	41240
0.147558	41241
0.147561	41242
0.147565	41243
0.147568	41245
0.147572	41246
0.147576	41247
0.147579	41248
0.147583	41249
0.147586	41250
0.14759	41251
0.147594	41252
0.147597	41253
0.147601	41254
0.147604	41255
0.147608	41256
0.14761	41257
0.147613	41258
0.147616	41259
0.147619	41260
0.147621	41261
0.147639	41262
0.147642	41263
0.147644	41264
0.147647	41265
0.147654	41266
0.147657	41267
0.147661	41268
0.147665	41269
0.147668	41270
0.147671	41271
0.147674	41272
0.147677	41273
0.14768	41274
0.147681	41275
0.147685	41276
0.147686	41277
0.14769	41278
0.147691	41279
0.147695	41280
0.147698	41281
0.147702	41282
0.147705	41283
0.147709	41284
0.147713	41285
0.147716	41286
0.14772	41287
0.147723	41288
0.147727	41289
0.147731	41290
0.147734	41291
0.147738	41292
0.147741	41293
0.147745	41294
0.147749	41295
0.147752	41296
0.147756	41297
0.14776	41298
0.147763	41299
0.147767	41300
0.14777	41301
0.147774	41302
0.147778	41303
0.147781	41304
0.147785	41305
0.147788	41306
0.147792	41307
0.147796	41308
0.147799	41309
0.147803	41310
0.147806	41311
0.14781	41312
0.147814	41313
0.147817	41314
0.147821	41315
0.147824	41316
0.147828	41317
0.147832	41318
0.147835	41319
0.147839	41320
0.147842	41321
0.147846	41322
0.14785	41323
0.147853	41324
0.147857	41325
0.14786	41326
0.147864	41327
0.147868	41328
0.147871	41329
0.147875	41330
0.147879	41331
0.147882	41332
0.147886	41333
0.147889	41334
0.147893	41335
0.147897	41336
0.1479	41337
0.147904	41338
0.147907	41339
0.147911	41340
0.147915	41341
0.147918	41342
0.147922	41343
0.147925	41344
0.147929	41345
0.147931	41346
0.147934	41347
0.147937	41348
0.14794	41349
0.147942	41350
0.14796	41351
0.147963	41352
0.147965	41353
0.147967	41354
0.147975	41355
0.147978	41356
0.147982	41357
0.147985	41358
0.147989	41359
0.147992	41360
0.147995	41361
0.147998	41362
0.148001	41363
0.148002	41364
0.148006	41365
0.148007	41367
0.148011	41368
0.148012	41369
0.148016	41370
0.148019	41371
0.148023	41372
0.148026	41373
0.14803	41374
0.148034	41375
0.148037	41376
0.148041	41377
0.148044	41378
0.148048	41379
0.148052	41380
0.148055	41381
0.148059	41382
0.148062	41383
0.148066	41384
0.14807	41385
0.148073	41386
0.148077	41387
0.14808	41388
0.148084	41389
0.148088	41390
0.148091	41391
0.148095	41392
0.148098	41393
0.148102	41394
0.148106	41395
0.148109	41396
0.148113	41397
0.148117	41398
0.14812	41399
0.148124	41400
0.148127	41401
0.148131	41402
0.148135	41403
0.148138	41404
0.148142	41405
0.148145	41406
0.148149	41407
0.148153	41408
0.148156	41409
0.14816	41410
0.148163	41411
0.148167	41412
0.148171	41413
0.148174	41414
0.148178	41415
0.148181	41416
0.148185	41417
0.148189	41418
0.148192	41419
0.148196	41420
0.148199	41421
0.148203	41422
0.148207	41423
0.14821	41424
0.148214	41425
0.148217	41426
0.148221	41427
0.148225	41428
0.148228	41429
0.148232	41430
0.148236	41431
0.148239	41432
0.148243	41433
0.148246	41434
0.14825	41435
0.148252	41436
0.148255	41437
0.148258	41438
0.148261	41439
0.148263	41440
0.148281	41441
0.148284	41442
0.148286	41443
0.148288	41444
0.148296	41445
0.148299	41446
0.148303	41447
0.148306	41448
0.14831	41449
0.148312	41450
0.148316	41451
0.148318	41452
0.148322	41453
0.148323	41454
0.148327	41455
0.148328	41456
0.148332	41457
0.148333	41458
0.148336	41459
0.14834	41460
0.148344	41461
0.148347	41462
0.148351	41463
0.148355	41464
0.148358	41465
0.148362	41466
0.148365	41467
0.148369	41468
0.148373	41469
0.148376	41470
0.14838	41471
0.148383	41472
0.148387	41473
0.148391	41474
0.148394	41475
0.148398	41476
0.148401	41477
0.148405	41478
0.148409	41479
0.148412	41480
0.148416	41481
0.148419	41482
0.148423	41483
0.148427	41484
0.14843	41485
0.148434	41486
0.148437	41487
0.148441	41489
0.148445	41490
0.148448	41491
0.148452	41492
0.148455	41493
0.148459	41494
0.148463	41495
0.148466	41496
0.14847	41497
0.148474	41498
0.148477	41499
0.148481	41500
0.148484	41501
0.148488	41502
0.148492	41503
0.148495	41504
0.148499	41505
0.148502	41506
0.148506	41507
0.14851	41508
0.148513	41509
0.148517	41510
0.14852	41511
0.148524	41512
0.148528	41513
0.148531	41514
0.148535	41515
0.148538	41516
0.148542	41517
0.148546	41518
0.148549	41519
0.148553	41520
0.148556	41521
0.14856	41522
0.148564	41523
0.148567	41524
0.148571	41525
0.148573	41526
0.148576	41527
0.148579	41528
0.148582	41529
0.148584	41530
0.148602	41531
0.148605	41532
0.148607	41533
0.148609	41534
0.148617	41535
0.14862	41536
0.148624	41537
0.148627	41538
0.148631	41539
0.148633	41540
0.148637	41541
0.148639	41542
0.148643	41543
0.148644	41544
0.148648	41545
0.148649	41546
0.148653	41547
0.148654	41548
0.148657	41549
0.148661	41550
0.148665	41551
0.148668	41552
0.148672	41553
0.148675	41554
0.148679	41555
0.148683	41556
0.148686	41557
0.14869	41558
0.148693	41559
0.148697	41560
0.148701	41561
0.148704	41562
0.148708	41563
0.148712	41564
0.148715	41565
0.148719	41566
0.148722	41567
0.148726	41568
0.14873	41569
0.148733	41570
0.148737	41571
0.14874	41572
0.148744	41573
0.148748	41574
0.148751	41575
0.148755	41576
0.148758	41577
0.148762	41578
0.148766	41579
0.148769	41580
0.148773	41581
0.148776	41582
0.14878	41583
0.148784	41584
0.148787	41585
0.148791	41586
0.148794	41587
0.148798	41588
0.148802	41589
0.148805	41590
0.148809	41591
0.148812	41592
0.148816	41593
0.14882	41594
0.148823	41595
0.148827	41596
0.148831	41597
0.148834	41598
0.148838	41599
0.148841	41600
0.148845	41601
0.148849	41602
0.148852	41603
0.148856	41604
0.148859	41605
0.148863	41606
0.148867	41607
0.14887	41608
0.148874	41610
0.148877	41611
0.148881	41612
0.148885	41613
0.148888	41614
0.148892	41615
0.148894	41616
0.148897	41617
0.1489	41618
0.148903	41619
0.148905	41620
0.148923	41621
0.148925	41622
0.148928	41623
0.14893	41624
0.148937	41625
0.148941	41626
0.148945	41627
0.148948	41628
0.148952	41629
0.148954	41630
0.148958	41631
0.14896	41632
0.148964	41633
0.148965	41634
0.148969	41635
0.14897	41636
0.148974	41637
0.148975	41638
0.148978	41639
0.148982	41640
0.148986	41641
0.148989	41642
0.148993	41643
0.148996	41644
0.149	41645
0.149004	41646
0.149007	41647
0.149011	41648
0.149014	41649
0.149018	41650
0.149022	41651
0.149025	41652
0.149029	41653
0.149032	41654
0.149036	41655
0.14904	41656
0.149043	41657
0.149047	41658
0.14905	41659
0.149054	41660
0.149058	41661
0.149061	41662
0.149065	41663
0.149068	41664
0.149072	41665
0.149076	41666
0.149079	41667
0.149083	41668
0.149087	41669
0.14909	41670
0.149094	41671
0.149097	41672
0.149101	41673
0.149105	41674
0.149108	41675
0.149112	41676
0.149115	41677
0.149119	41678
0.149123	41679
0.149126	41680
0.14913	41681
0.149133	41682
0.149137	41683
0.149141	41684
0.149144	41685
0.149148	41686
0.149151	41687
0.149155	41688
0.149159	41689
0.149162	41690
0.149166	41691
0.149169	41692
0.149173	41693
0.149177	41694
0.14918	41695
0.149184	41696
0.149187	41697
0.149191	41698
0.149195	41699
0.149198	41700
0.149202	41701
0.149206	41702
0.149209	41703
0.149213	41704
0.149215	41705
0.149218	41706
0.149221	41707
0.149224	41708
0.149226	41709
0.149244	41710
0.149246	41711
0.149249	41712
0.149251	41713
0.149258	41714
0.149262	41715
0.149266	41716
0.149269	41717
0.149273	41718
0.149275	41719
0.149279	41720
0.149281	41721
0.149285	41722
0.149286	41723
0.14929	41724
0.149291	41725
0.149294	41726
0.149296	41727
0.149299	41728
0.149303	41729
0.149306	41730
0.14931	41732
0.149314	41733
0.149317	41734
0.149321	41735
0.149325	41736
0.149328	41737
0.149332	41738
0.149335	41739
0.149339	41740
0.149343	41741
0.149346	41742
0.14935	41743
0.149353	41744
0.149357	41745
0.149361	41746
0.149364	41747
0.149368	41748
0.149371	41749
0.149375	41750
0.149379	41751
0.149382	41752
0.149386	41753
0.149389	41754
0.149393	41755
0.149397	41756
0.1494	41757
0.149404	41758
0.149407	41759
0.149411	41760
0.149415	41761
0.149418	41762
0.149422	41763
0.149425	41764
0.149429	41765
0.149433	41766
0.149436	41767
0.14944	41768
0.149444	41769
0.149447	41770
0.149451	41771
0.149454	41772
0.149458	41773
0.149462	41774
0.149465	41775
0.149469	41776
0.149472	41777
0.149476	41778
0.14948	41779
0.149483	41780
0.149487	41781
0.14949	41782
0.149494	41783
0.149498	41784
0.149501	41785
0.149505	41786
0.149508	41787
0.149512	41788
0.149516	41789
0.149519	41790
0.149523	41791
0.149526	41792
0.14953	41793
0.149534	41794
0.149536	41795
0.149538	41796
0.149542	41797
0.149544	41798
0.149547	41799
0.149565	41800
0.149567	41801
0.14957	41802
0.149572	41803
0.149579	41804
0.149583	41805
0.149587	41806
0.14959	41807
0.149594	41808
0.149596	41809
0.1496	41810
0.149602	41811
0.149606	41812
0.149607	41813
0.149611	41814
0.149612	41815
0.149615	41816
0.149617	41817
0.14962	41818
0.149624	41819
0.149627	41820
0.149631	41821
0.149635	41822
0.149638	41823
0.149642	41824
0.149645	41825
0.149649	41826
0.149653	41827
0.149656	41828
0.14966	41829
0.149663	41830
0.149667	41831
0.149671	41832
0.149674	41833
0.149678	41834
0.149682	41835
0.149685	41836
0.149689	41837
0.149692	41838
0.149696	41839
0.1497	41840
0.149703	41841
0.149707	41842
0.14971	41843
0.149714	41844
0.149718	41845
0.149721	41846
0.149725	41847
0.149728	41848
0.149732	41849
0.149736	41850
0.149739	41851
0.149743	41852
0.149746	41854
0.14975	41855
0.149754	41856
0.149757	41857
0.149761	41858
0.149764	41859
0.149768	41860
0.149772	41861
0.149775	41862
0.149779	41863
0.149782	41864
0.149786	41865
0.14979	41866
0.149793	41867
0.149797	41868
0.149801	41869
0.149804	41870
0.149808	41871
0.149811	41872
0.149815	41873
0.149819	41874
0.149822	41875
0.149826	41876
0.149829	41877
0.149833	41878
0.149837	41879
0.14984	41880
0.149844	41881
0.149847	41882
0.149851	41883
0.149855	41884
0.149857	41885
0.149859	41886
0.149863	41887
0.149865	41888
0.149868	41889
0.149886	41890
0.149888	41891
0.149891	41892
0.149893	41893
0.1499	41894
0.149904	41895
0.149907	41896
0.149911	41897
0.149915	41898
0.149917	41899
0.149921	41900
0.149923	41901
0.149927	41902
0.149928	41903
0.149932	41904
0.149933	41905
0.149936	41906
0.149938	41907
0.149941	41908
0.149945	41909
0.149948	41910
0.149952	41911
0.149956	41912
0.149959	41913
0.149963	41914
0.149966	41915
0.14997	41916
0.149974	41917
0.149977	41918
0.149981	41919
0.149984	41920
0.149988	41921
0.149992	41922
0.149995	41923
0.149999	41924
0.150002	41925
0.150006	41926
0.15001	41927
0.150013	41928
0.150017	41929
0.15002	41930
0.150024	41931
0.150028	41932
0.150031	41933
0.150035	41934
0.150039	41935
0.150042	41936
0.150046	41937
0.150049	41938
0.150053	41939
0.150057	41940
0.15006	41941
0.150064	41942
0.150067	41943
0.150071	41944
0.150075	41945
0.150078	41946
0.150082	41947
0.150085	41948
0.150089	41949
0.150093	41950
0.150096	41951
0.1501	41952
0.150103	41953
0.150107	41954
0.150111	41955
0.150114	41956
0.150118	41957
0.150121	41958
0.150125	41959
0.150129	41960
0.150132	41961
0.150136	41962
0.150139	41963
0.150143	41964
0.150147	41965
0.15015	41966
0.150154	41967
0.150158	41968
0.150161	41969
0.150165	41970
0.150168	41971
0.150172	41972
0.150176	41973
0.150178	41975
0.15018	41976
0.150184	41977
0.150186	41978
0.150189	41979
0.150207	41980
0.150209	41981
0.150212	41982
0.150214	41983
0.150221	41984
0.150225	41985
0.150228	41986
0.150232	41987
0.150236	41988
0.150238	41989
0.150242	41990
0.150244	41991
0.150248	41992
0.150249	41993
0.150252	41994
0.150254	41995
0.150257	41996
0.150258	41997
0.150262	41998
0.150266	41999
0.150269	42000
0.150273	42001
0.150277	42002
0.15028	42003
0.150284	42004
0.150287	42005
0.150291	42006
0.150295	42007
0.150298	42008
0.150302	42009
0.150305	42010
0.150309	42011
0.150313	42012
0.150316	42013
0.15032	42014
0.150323	42015
0.150327	42016
0.150331	42017
0.150334	42018
0.150338	42019
0.150341	42020
0.150345	42021
0.150349	42022
0.150352	42023
0.150356	42024
0.150359	42025
0.150363	42026
0.150367	42027
0.15037	42028
0.150374	42029
0.150377	42030
0.150381	42031
0.150385	42032
0.150388	42033
0.150392	42034
0.150396	42035
0.150399	42036
0.150403	42037
0.150406	42038
0.15041	42039
0.150414	42040
0.150417	42041
0.150421	42042
0.150424	42043
0.150428	42044
0.150432	42045
0.150435	42046
0.150439	42047
0.150442	42048
0.150446	42049
0.15045	42050
0.150453	42051
0.150457	42052
0.15046	42053
0.150464	42054
0.150468	42055
0.150471	42056
0.150475	42057
0.150478	42058
0.150482	42059
0.150486	42060
0.150489	42061
0.150493	42062
0.150496	42063
0.150499	42064
0.150501	42065
0.150505	42066
0.150507	42067
0.15051	42068
0.150528	42069
0.15053	42070
0.150533	42071
0.150535	42072
0.150542	42073
0.150546	42074
0.150549	42075
0.150553	42076
0.150557	42077
0.150559	42078
0.150563	42079
0.150565	42080
0.150569	42081
0.15057	42082
0.150573	42083
0.150575	42084
0.150578	42085
0.150579	42086
0.150583	42087
0.150587	42088
0.15059	42089
0.150594	42090
0.150597	42091
0.150601	42092
0.150605	42093
0.150608	42094
0.150612	42095
0.150615	42097
0.150619	42098
0.150623	42099
0.150626	42100
0.15063	42101
0.150634	42102
0.150637	42103
0.150641	42104
0.150644	42105
0.150648	42106
0.150652	42107
0.150655	42108
0.150659	42109
0.150662	42110
0.150666	42111
0.15067	42112
0.150673	42113
0.150677	42114
0.15068	42115
0.150684	42116
0.150688	42117
0.150691	42118
0.150695	42119
0.150698	42120
0.150702	42121
0.150706	42122
0.150709	42123
0.150713	42124
0.150716	42125
0.15072	42126
0.150724	42127
0.150727	42128
0.150731	42129
0.150734	42130
0.150738	42131
0.150742	42132
0.150745	42133
0.150749	42134
0.150752	42135
0.150756	42136
0.15076	42137
0.150763	42138
0.150767	42139
0.150771	42140
0.150774	42141
0.150778	42142
0.150781	42143
0.150785	42144
0.150789	42145
0.150792	42146
0.150796	42147
0.150799	42148
0.150803	42149
0.150807	42150
0.15081	42151
0.150814	42152
0.150817	42153
0.15082	42154
0.150822	42155
0.150826	42156
0.150828	42157
0.150831	42158
0.150849	42159
0.150851	42160
0.150853	42161
0.150856	42162
0.150863	42163
0.150867	42164
0.15087	42165
0.150874	42166
0.150878	42167
0.15088	42168
0.150884	42169
0.150886	42170
0.15089	42171
0.150891	42172
0.150894	42173
0.150896	42174
0.150899	42175
0.1509	42176
0.150904	42177
0.150908	42178
0.150911	42179
0.150915	42180
0.150918	42181
0.150922	42182
0.150926	42183
0.150929	42184
0.150933	42185
0.150936	42186
0.15094	42187
0.150944	42188
0.150947	42189
0.150951	42190
0.150954	42191
0.150958	42192
0.150962	42193
0.150965	42194
0.150969	42195
0.150972	42196
0.150976	42197
0.15098	42198
0.150983	42199
0.150987	42200
0.15099	42201
0.150994	42202
0.150998	42203
0.151001	42204
0.151005	42205
0.151009	42206
0.151012	42207
0.151016	42208
0.151019	42209
0.151023	42210
0.151027	42211
0.15103	42212
0.151034	42213
0.151037	42214
0.151041	42215
0.151045	42216
0.151048	42217
0.151052	42219
0.151055	42220
0.151059	42221
0.151063	42222
0.151066	42223
0.15107	42224
0.151073	42225
0.151077	42226
0.151081	42227
0.151084	42228
0.151088	42229
0.151091	42230
0.151095	42231
0.151099	42232
0.151102	42233
0.151106	42234
0.151109	42235
0.151113	42236
0.151117	42237
0.15112	42238
0.151124	42239
0.151128	42240
0.151131	42241
0.151135	42242
0.151138	42243
0.151141	42244
0.151143	42245
0.151147	42246
0.151149	42247
0.151152	42248
0.15117	42249
0.151172	42250
0.151174	42251
0.151177	42252
0.151184	42253
0.151188	42254
0.151191	42255
0.151195	42256
0.151198	42257
0.151201	42258
0.151204	42259
0.151207	42260
0.15121	42261
0.151212	42262
0.151215	42263
0.151216	42264
0.15122	42265
0.151221	42266
0.151225	42267
0.151228	42268
0.151232	42269
0.151236	42270
0.151239	42271
0.151243	42272
0.151247	42273
0.15125	42274
0.151254	42275
0.151257	42276
0.151261	42277
0.151265	42278
0.151268	42279
0.151272	42280
0.151275	42281
0.151279	42282
0.151283	42283
0.151286	42284
0.15129	42285
0.151293	42286
0.151297	42287
0.151301	42288
0.151304	42289
0.151308	42290
0.151311	42291
0.151315	42292
0.151319	42293
0.151322	42294
0.151326	42295
0.151329	42296
0.151333	42297
0.151337	42298
0.15134	42299
0.151344	42300
0.151347	42301
0.151351	42302
0.151355	42303
0.151358	42304
0.151362	42305
0.151366	42306
0.151369	42307
0.151373	42308
0.151376	42309
0.15138	42310
0.151384	42311
0.151387	42312
0.151391	42313
0.151394	42314
0.151398	42315
0.151402	42316
0.151405	42317
0.151409	42318
0.151412	42319
0.151416	42320
0.15142	42321
0.151423	42322
0.151427	42323
0.15143	42324
0.151434	42325
0.151438	42326
0.151441	42327
0.151445	42328
0.151448	42329
0.151452	42330
0.151456	42331
0.151459	42332
0.151462	42333
0.151464	42334
0.151468	42335
0.15147	42336
0.151472	42337
0.151491	42338
0.151493	42340
0.151495	42341
0.151498	42342
0.151505	42343
0.151509	42344
0.151512	42345
0.151516	42346
0.151519	42347
0.151522	42348
0.151525	42349
0.151528	42350
0.151531	42351
0.151533	42352
0.151536	42353
0.151537	42354
0.151541	42355
0.151542	42356
0.151546	42357
0.151549	42358
0.151553	42359
0.151557	42360
0.15156	42361
0.151564	42362
0.151567	42363
0.151571	42364
0.151575	42365
0.151578	42366
0.151582	42367
0.151585	42368
0.151589	42369
0.151593	42370
0.151596	42371
0.1516	42372
0.151604	42373
0.151607	42374
0.151611	42375
0.151614	42376
0.151618	42377
0.151622	42378
0.151625	42379
0.151629	42380
0.151632	42381
0.151636	42382
0.15164	42383
0.151643	42384
0.151647	42385
0.15165	42386
0.151654	42387
0.151658	42388
0.151661	42389
0.151665	42390
0.151668	42391
0.151672	42392
0.151676	42393
0.151679	42394
0.151683	42395
0.151686	42396
0.15169	42397
0.151694	42398
0.151697	42399
0.151701	42400
0.151704	42401
0.151708	42402
0.151712	42403
0.151715	42404
0.151719	42405
0.151723	42406
0.151726	42407
0.15173	42408
0.151733	42409
0.151737	42410
0.151741	42411
0.151744	42412
0.151748	42413
0.151751	42414
0.151755	42415
0.151759	42416
0.151762	42417
0.151766	42418
0.151769	42419
0.151773	42420
0.151777	42421
0.15178	42422
0.151783	42423
0.151785	42424
0.151789	42425
0.151791	42426
0.151793	42427
0.151811	42428
0.151814	42429
0.151816	42430
0.151819	42431
0.151826	42432
0.151829	42433
0.151833	42434
0.151837	42435
0.15184	42436
0.151843	42437
0.151846	42438
0.151849	42439
0.151852	42440
0.151854	42441
0.151857	42442
0.151858	42443
0.151862	42444
0.151863	42445
0.151867	42446
0.15187	42447
0.151874	42448
0.151878	42449
0.151881	42450
0.151885	42451
0.151888	42452
0.151892	42453
0.151896	42454
0.151899	42455
0.151903	42456
0.151906	42457
0.15191	42458
0.151914	42459
0.151917	42460
0.151921	42462
0.151924	42463
0.151928	42464
0.151932	42465
0.151935	42466
0.151939	42467
0.151942	42468
0.151946	42469
0.15195	42470
0.151953	42471
0.151957	42472
0.151961	42473
0.151964	42474
0.151968	42475
0.151971	42476
0.151975	42477
0.151979	42478
0.151982	42479
0.151986	42480
0.151989	42481
0.151993	42482
0.151997	42483
0.152	42484
0.152004	42485
0.152007	42486
0.152011	42487
0.152015	42488
0.152018	42489
0.152022	42490
0.152025	42491
0.152029	42492
0.152033	42493
0.152036	42494
0.15204	42495
0.152043	42496
0.152047	42497
0.152051	42498
0.152054	42499
0.152058	42500
0.152061	42501
0.152065	42502
0.152069	42503
0.152072	42504
0.152076	42505
0.15208	42506
0.152083	42507
0.152087	42508
0.15209	42509
0.152094	42510
0.152098	42511
0.152101	42512
0.152104	42513
0.152106	42514
0.15211	42515
0.152112	42516
0.152114	42517
0.152132	42518
0.152135	42519
0.152137	42520
0.15214	42521
0.152147	42522
0.15215	42523
0.152154	42524
0.152158	42525
0.152161	42526
0.152164	42527
0.152167	42528
0.15217	42529
0.152173	42530
0.152174	42531
0.152178	42532
0.152179	42533
0.152183	42534
0.152184	42535
0.152188	42536
0.152191	42537
0.152195	42538
0.152199	42539
0.152202	42540
0.152206	42541
0.152209	42542
0.152213	42543
0.152217	42544
0.15222	42545
0.152224	42546
0.152227	42547
0.152231	42548
0.152235	42549
0.152238	42550
0.152242	42551
0.152245	42552
0.152249	42553
0.152253	42554
0.152256	42555
0.15226	42556
0.152263	42557
0.152267	42558
0.152271	42559
0.152274	42560
0.152278	42561
0.152281	42562
0.152285	42563
0.152289	42564
0.152292	42565
0.152296	42566
0.152299	42567
0.152303	42568
0.152307	42569
0.15231	42570
0.152314	42571
0.152318	42572
0.152321	42573
0.152325	42574
0.152328	42575
0.152332	42576
0.152336	42577
0.152339	42578
0.152343	42579
0.152346	42580
0.15235	42581
0.152354	42582
0.152357	42584
0.152361	42585
0.152364	42586
0.152368	42587
0.152372	42588
0.152375	42589
0.152379	42590
0.152382	42591
0.152386	42592
0.15239	42593
0.152393	42594
0.152397	42595
0.1524	42596
0.152404	42597
0.152408	42598
0.152411	42599
0.152415	42600
0.152418	42601
0.152422	42602
0.152424	42603
0.152427	42604
0.15243	42605
0.152433	42606
0.152435	42607
0.152453	42608
0.152456	42609
0.152458	42610
0.152461	42611
0.152468	42612
0.152471	42613
0.152475	42614
0.152479	42615
0.152482	42616
0.152485	42617
0.152488	42618
0.152491	42619
0.152494	42620
0.152495	42621
0.152499	42622
0.1525	42623
0.152504	42624
0.152505	42625
0.152509	42626
0.152512	42627
0.152516	42628
0.152519	42629
0.152523	42630
0.152527	42631
0.15253	42632
0.152534	42633
0.152537	42634
0.152541	42635
0.152545	42636
0.152548	42637
0.152552	42638
0.152555	42639
0.152559	42640
0.152563	42641
0.152566	42642
0.15257	42643
0.152574	42644
0.152577	42645
0.152581	42646
0.152584	42647
0.152588	42648
0.152592	42649
0.152595	42650
0.152599	42651
0.152602	42652
0.152606	42653
0.15261	42654
0.152613	42655
0.152617	42656
0.15262	42657
0.152624	42658
0.152628	42659
0.152631	42660
0.152635	42661
0.152638	42662
0.152642	42663
0.152646	42664
0.152649	42665
0.152653	42666
0.152656	42667
0.15266	42668
0.152664	42669
0.152667	42670
0.152671	42671
0.152674	42672
0.152678	42673
0.152682	42674
0.152685	42675
0.152689	42676
0.152693	42677
0.152696	42678
0.1527	42679
0.152703	42680
0.152707	42681
0.152711	42682
0.152714	42683
0.152718	42684
0.152721	42685
0.152725	42686
0.152729	42687
0.152732	42688
0.152736	42689
0.152739	42690
0.152743	42691
0.152745	42692
0.152748	42693
0.152751	42694
0.152754	42695
0.152756	42696
0.152774	42697
0.152777	42698
0.152779	42699
0.152781	42700
0.152789	42701
0.152792	42702
0.152796	42703
0.1528	42705
0.152803	42706
0.152806	42707
0.152809	42708
0.152812	42709
0.152815	42710
0.152816	42711
0.15282	42712
0.152821	42713
0.152825	42714
0.152826	42715
0.15283	42716
0.152833	42717
0.152837	42718
0.15284	42719
0.152844	42720
0.152848	42721
0.152851	42722
0.152855	42723
0.152858	42724
0.152862	42725
0.152866	42726
0.152869	42727
0.152873	42728
0.152876	42729
0.15288	42730
0.152884	42731
0.152887	42732
0.152891	42733
0.152894	42734
0.152898	42735
0.152902	42736
0.152905	42737
0.152909	42738
0.152912	42739
0.152916	42740
0.15292	42741
0.152923	42742
0.152927	42743
0.152931	42744
0.152934	42745
0.152938	42746
0.152941	42747
0.152945	42748
0.152949	42749
0.152952	42750
0.152956	42751
0.152959	42752
0.152963	42753
0.152967	42754
0.15297	42755
0.152974	42756
0.152977	42757
0.152981	42758
0.152985	42759
0.152988	42760
0.152992	42761
0.152995	42762
0.152999	42763
0.153003	42764
0.153006	42765
0.15301	42766
0.153013	42767
0.153017	42768
0.153021	42769
0.153024	42770
0.153028	42771
0.153031	42772
0.153035	42773
0.153039	42774
0.153042	42775
0.153046	42776
0.15305	42777
0.153053	42778
0.153057	42779
0.15306	42780
0.153064	42781
0.153066	42782
0.153069	42783
0.153072	42784
0.153075	42785
0.153077	42786
0.153095	42787
0.153098	42788
0.1531	42789
0.153102	42790
0.15311	42791
0.153113	42792
0.153117	42793
0.15312	42794
0.153124	42795
0.153126	42796
0.15313	42797
0.153132	42798
0.153136	42799
0.153137	42800
0.153141	42801
0.153142	42802
0.153146	42803
0.153147	42804
0.15315	42805
0.153154	42806
0.153158	42807
0.153161	42808
0.153165	42809
0.153169	42810
0.153172	42811
0.153176	42812
0.153179	42813
0.153183	42814
0.153187	42815
0.15319	42816
0.153194	42817
0.153197	42818
0.153201	42819
0.153205	42820
0.153208	42821
0.153212	42822
0.153215	42823
0.153219	42824
0.153223	42825
0.153226	42827
0.15323	42828
0.153233	42829
0.153237	42830
0.153241	42831
0.153244	42832
0.153248	42833
0.153251	42834
0.153255	42835
0.153259	42836
0.153262	42837
0.153266	42838
0.153269	42839
0.153273	42840
0.153277	42841
0.15328	42842
0.153284	42843
0.153288	42844
0.153291	42845
0.153295	42846
0.153298	42847
0.153302	42848
0.153306	42849
0.153309	42850
0.153313	42851
0.153316	42852
0.15332	42853
0.153324	42854
0.153327	42855
0.153331	42856
0.153334	42857
0.153338	42858
0.153342	42859
0.153345	42860
0.153349	42861
0.153352	42862
0.153356	42863
0.15336	42864
0.153363	42865
0.153367	42866
0.15337	42867
0.153374	42868
0.153378	42869
0.153381	42870
0.153385	42871
0.153387	42872
0.15339	42873
0.153393	42874
0.153396	42875
0.153398	42876
0.153416	42877
0.153419	42878
0.153421	42879
0.153423	42880
0.153431	42881
0.153434	42882
0.153438	42883
0.153441	42884
0.153445	42885
0.153447	42886
0.153451	42887
0.153453	42888
0.153457	42889
0.153458	42890
0.153462	42891
0.153463	42892
0.153467	42893
0.153468	42894
0.153471	42895
0.153475	42896
0.153479	42897
0.153482	42898
0.153486	42899
0.153489	42900
0.153493	42901
0.153497	42902
0.1535	42903
0.153504	42904
0.153507	42905
0.153511	42906
0.153515	42907
0.153518	42908
0.153522	42909
0.153526	42910
0.153529	42911
0.153533	42912
0.153536	42913
0.15354	42914
0.153544	42915
0.153547	42916
0.153551	42917
0.153554	42918
0.153558	42919
0.153562	42920
0.153565	42921
0.153569	42922
0.153572	42923
0.153576	42924
0.15358	42925
0.153583	42926
0.153587	42927
0.15359	42928
0.153594	42929
0.153598	42930
0.153601	42931
0.153605	42932
0.153608	42933
0.153612	42934
0.153616	42935
0.153619	42936
0.153623	42937
0.153626	42938
0.15363	42939
0.153634	42940
0.153637	42941
0.153641	42942
0.153645	42943
0.153648	42944
0.153652	42945
0.153655	42946
0.153659	42947
0.153663	42949
0.153666	42950
0.15367	42951
0.153673	42952
0.153677	42953
0.153681	42954
0.153684	42955
0.153688	42956
0.153691	42957
0.153695	42958
0.153699	42959
0.153702	42960
0.153706	42961
0.153708	42962
0.153711	42963
0.153714	42964
0.153717	42965
0.153719	42966
0.153737	42967
0.153739	42968
0.153742	42969
0.153744	42970
0.153751	42971
0.153755	42972
0.153759	42973
0.153762	42974
0.153766	42975
0.153768	42976
0.153772	42977
0.153774	42978
0.153778	42979
0.153779	42980
0.153783	42981
0.153784	42982
0.153788	42983
0.153789	42984
0.153792	42985
0.153796	42986
0.1538	42987
0.153803	42988
0.153807	42989
0.15381	42990
0.153814	42991
0.153818	42992
0.153821	42993
0.153825	42994
0.153828	42995
0.153832	42996
0.153836	42997
0.153839	42998
0.153843	42999
0.153846	43000
0.15385	43001
0.153854	43002
0.153857	43003
0.153861	43004
0.153864	43005
0.153868	43006
0.153872	43007
0.153875	43008
0.153879	43009
0.153883	43010
0.153886	43011
0.15389	43012
0.153893	43013
0.153897	43014
0.153901	43015
0.153904	43016
0.153908	43017
0.153911	43018
0.153915	43019
0.153919	43020
0.153922	43021
0.153926	43022
0.153929	43023
0.153933	43024
0.153937	43025
0.15394	43026
0.153944	43027
0.153947	43028
0.153951	43029
0.153955	43030
0.153958	43031
0.153962	43032
0.153965	43033
0.153969	43034
0.153973	43035
0.153976	43036
0.15398	43037
0.153983	43038
0.153987	43039
0.153991	43040
0.153994	43041
0.153998	43042
0.154002	43043
0.154005	43044
0.154009	43045
0.154012	43046
0.154016	43047
0.15402	43048
0.154023	43049
0.154027	43050
0.154029	43051
0.154032	43052
0.154035	43053
0.154038	43054
0.15404	43055
0.154058	43056
0.15406	43057
0.154063	43058
0.154065	43059
0.154072	43060
0.154076	43061
0.15408	43062
0.154083	43063
0.154087	43064
0.154089	43065
0.154093	43066
0.154095	43067
0.154099	43068
0.1541	43070
0.154104	43071
0.154105	43072
0.154108	43073
0.15411	43074
0.154113	43075
0.154117	43076
0.154121	43077
0.154124	43078
0.154128	43079
0.154131	43080
0.154135	43081
0.154139	43082
0.154142	43083
0.154146	43084
0.154149	43085
0.154153	43086
0.154157	43087
0.15416	43088
0.154164	43089
0.154167	43090
0.154171	43091
0.154175	43092
0.154178	43093
0.154182	43094
0.154185	43095
0.154189	43096
0.154193	43097
0.154196	43098
0.1542	43099
0.154203	43100
0.154207	43101
0.154211	43102
0.154214	43103
0.154218	43104
0.154221	43105
0.154225	43106
0.154229	43107
0.154232	43108
0.154236	43109
0.15424	43110
0.154243	43111
0.154247	43112
0.15425	43113
0.154254	43114
0.154258	43115
0.154261	43116
0.154265	43117
0.154268	43118
0.154272	43119
0.154276	43120
0.154279	43121
0.154283	43122
0.154286	43123
0.15429	43124
0.154294	43125
0.154297	43126
0.154301	43127
0.154304	43128
0.154308	43129
0.154312	43130
0.154315	43131
0.154319	43132
0.154322	43133
0.154326	43134
0.15433	43135
0.154333	43136
0.154337	43137
0.15434	43138
0.154344	43139
0.154348	43140
0.15435	43141
0.154352	43142
0.154356	43143
0.154358	43144
0.154361	43145
0.154379	43146
0.154381	43147
0.154384	43148
0.154386	43149
0.154393	43150
0.154397	43151
0.154401	43152
0.154404	43153
0.154408	43154
0.15441	43155
0.154414	43156
0.154416	43157
0.15442	43158
0.154421	43159
0.154425	43160
0.154426	43161
0.154429	43162
0.154431	43163
0.154434	43164
0.154438	43165
0.154441	43166
0.154445	43167
0.154449	43168
0.154452	43169
0.154456	43170
0.154459	43171
0.154463	43172
0.154467	43173
0.15447	43174
0.154474	43175
0.154477	43176
0.154481	43177
0.154485	43178
0.154488	43179
0.154492	43180
0.154496	43181
0.154499	43182
0.154503	43183
0.154506	43184
0.15451	43185
0.154514	43186
0.154517	43187
0.154521	43188
0.154524	43189
0.154528	43190
0.154532	43192
0.154535	43193
0.154539	43194
0.154542	43195
0.154546	43196
0.15455	43197
0.154553	43198
0.154557	43199
0.15456	43200
0.154564	43201
0.154568	43202
0.154571	43203
0.154575	43204
0.154578	43205
0.154582	43206
0.154586	43207
0.154589	43208
0.154593	43209
0.154596	43210
0.1546	43211
0.154604	43212
0.154607	43213
0.154611	43214
0.154615	43215
0.154618	43216
0.154622	43217
0.154625	43218
0.154629	43219
0.154633	43220
0.154636	43221
0.15464	43222
0.154643	43223
0.154647	43224
0.154651	43225
0.154654	43226
0.154658	43227
0.154661	43228
0.154665	43229
0.154669	43230
0.154671	43231
0.154673	43232
0.154677	43233
0.154679	43234
0.154682	43235
0.1547	43236
0.154702	43237
0.154705	43238
0.154707	43239
0.154714	43240
0.154718	43241
0.154722	43242
0.154725	43243
0.154729	43244
0.154731	43245
0.154735	43246
0.154737	43247
0.154741	43248
0.154742	43249
0.154746	43250
0.154747	43251
0.15475	43252
0.154752	43253
0.154755	43254
0.154759	43255
0.154762	43256
0.154766	43257
0.15477	43258
0.154773	43259
0.154777	43260
0.15478	43261
0.154784	43262
0.154788	43263
0.154791	43264
0.154795	43265
0.154798	43266
0.154802	43267
0.154806	43268
0.154809	43269
0.154813	43270
0.154816	43271
0.15482	43272
0.154824	43273
0.154827	43274
0.154831	43275
0.154834	43276
0.154838	43277
0.154842	43278
0.154845	43279
0.154849	43280
0.154853	43281
0.154856	43282
0.15486	43283
0.154863	43284
0.154867	43285
0.154871	43286
0.154874	43287
0.154878	43288
0.154881	43289
0.154885	43290
0.154889	43291
0.154892	43292
0.154896	43293
0.154899	43294
0.154903	43295
0.154907	43296
0.15491	43297
0.154914	43298
0.154917	43299
0.154921	43300
0.154925	43301
0.154928	43302
0.154932	43303
0.154935	43304
0.154939	43305
0.154943	43306
0.154946	43307
0.15495	43308
0.154953	43309
0.154957	43310
0.154961	43311
0.154964	43312
0.154968	43314
0.154972	43315
0.154975	43316
0.154979	43317
0.154982	43318
0.154986	43319
0.15499	43320
0.154992	43321
0.154994	43322
0.154998	43323
0.155	43324
0.155003	43325
0.155021	43326
0.155023	43327
0.155026	43328
0.155028	43329
0.155035	43330
0.155039	43331
0.155042	43332
0.155046	43333
0.15505	43334
0.155052	43335
0.155056	43336
0.155058	43337
0.155062	43338
0.155063	43339
0.155066	43340
0.155068	43341
0.155071	43342
0.155072	43343
0.155076	43344
0.15508	43345
0.155083	43346
0.155087	43347
0.155091	43348
0.155094	43349
0.155098	43350
0.155101	43351
0.155105	43352
0.155109	43353
0.155112	43354
0.155116	43355
0.155119	43356
0.155123	43357
0.155127	43358
0.15513	43359
0.155134	43360
0.155137	43361
0.155141	43362
0.155145	43363
0.155148	43364
0.155152	43365
0.155155	43366
0.155159	43367
0.155163	43368
0.155166	43369
0.15517	43370
0.155173	43371
0.155177	43372
0.155181	43373
0.155184	43374
0.155188	43375
0.155191	43376
0.155195	43377
0.155199	43378
0.155202	43379
0.155206	43380
0.15521	43381
0.155213	43382
0.155217	43383
0.15522	43384
0.155224	43385
0.155228	43386
0.155231	43387
0.155235	43388
0.155238	43389
0.155242	43390
0.155246	43391
0.155249	43392
0.155253	43393
0.155256	43394
0.15526	43395
0.155264	43396
0.155267	43397
0.155271	43398
0.155274	43399
0.155278	43400
0.155282	43401
0.155285	43402
0.155289	43403
0.155292	43404
0.155296	43405
0.1553	43406
0.155303	43407
0.155307	43408
0.15531	43409
0.155313	43410
0.155315	43411
0.155319	43412
0.155321	43413
0.155324	43414
0.155342	43415
0.155344	43416
0.155347	43417
0.155349	43418
0.155356	43419
0.15536	43420
0.155363	43421
0.155367	43422
0.155371	43423
0.155373	43424
0.155377	43425
0.155379	43426
0.155383	43427
0.155384	43428
0.155387	43429
0.155389	43430
0.155392	43431
0.155393	43432
0.155397	43433
0.155401	43435
0.155404	43436
0.155408	43437
0.155411	43438
0.155415	43439
0.155419	43440
0.155422	43441
0.155426	43442
0.155429	43443
0.155433	43444
0.155437	43445
0.15544	43446
0.155444	43447
0.155448	43448
0.155451	43449
0.155455	43450
0.155458	43451
0.155462	43452
0.155466	43453
0.155469	43454
0.155473	43455
0.155476	43456
0.15548	43457
0.155484	43458
0.155487	43459
0.155491	43460
0.155494	43461
0.155498	43462
0.155502	43463
0.155505	43464
0.155509	43465
0.155512	43466
0.155516	43467
0.15552	43468
0.155523	43469
0.155527	43470
0.15553	43471
0.155534	43472
0.155538	43473
0.155541	43474
0.155545	43475
0.155548	43476
0.155552	43477
0.155556	43478
0.155559	43479
0.155563	43480
0.155567	43481
0.15557	43482
0.155574	43483
0.155577	43484
0.155581	43485
0.155585	43486
0.155588	43487
0.155592	43488
0.155595	43489
0.155599	43490
0.155603	43491
0.155606	43492
0.15561	43493
0.155613	43494
0.155617	43495
0.155621	43496
0.155624	43497
0.155628	43498
0.155631	43499
0.155634	43500
0.155636	43501
0.15564	43502
0.155642	43503
0.155645	43504
0.155663	43505
0.155665	43506
0.155667	43507
0.15567	43508
0.155677	43509
0.155681	43510
0.155684	43511
0.155688	43512
0.155692	43513
0.155694	43514
0.155698	43515
0.1557	43516
0.155704	43517
0.155705	43518
0.155708	43519
0.15571	43520
0.155713	43521
0.155714	43522
0.155718	43523
0.155722	43524
0.155725	43525
0.155729	43526
0.155732	43527
0.155736	43528
0.15574	43529
0.155743	43530
0.155747	43531
0.15575	43532
0.155754	43533
0.155758	43534
0.155761	43535
0.155765	43536
0.155768	43537
0.155772	43538
0.155776	43539
0.155779	43540
0.155783	43541
0.155786	43542
0.15579	43543
0.155794	43544
0.155797	43545
0.155801	43546
0.155805	43547
0.155808	43548
0.155812	43549
0.155815	43550
0.155819	43551
0.155823	43552
0.155826	43553
0.15583	43554
0.155833	43555
0.155837	43557
0.155841	43558
0.155844	43559
0.155848	43560
0.155851	43561
0.155855	43562
0.155859	43563
0.155862	43564
0.155866	43565
0.155869	43566
0.155873	43567
0.155877	43568
0.15588	43569
0.155884	43570
0.155887	43571
0.155891	43572
0.155895	43573
0.155898	43574
0.155902	43575
0.155905	43576
0.155909	43577
0.155913	43578
0.155916	43579
0.15592	43580
0.155924	43581
0.155927	43582
0.155931	43583
0.155934	43584
0.155938	43585
0.155942	43586
0.155945	43587
0.155949	43588
0.155952	43589
0.155955	43590
0.155957	43591
0.155961	43592
0.155963	43593
0.155966	43594
0.155984	43595
0.155986	43596
0.155988	43597
0.155991	43598
0.155998	43599
0.156002	43600
0.156005	43601
0.156009	43602
0.156012	43603
0.156015	43604
0.156018	43605
0.156021	43606
0.156024	43607
0.156026	43608
0.156029	43609
0.15603	43610
0.156034	43611
0.156035	43612
0.156039	43613
0.156043	43614
0.156046	43615
0.15605	43616
0.156053	43617
0.156057	43618
0.156061	43619
0.156064	43620
0.156068	43621
0.156071	43622
0.156075	43623
0.156079	43624
0.156082	43625
0.156086	43626
0.156089	43627
0.156093	43628
0.156097	43629
0.1561	43630
0.156104	43631
0.156107	43632
0.156111	43633
0.156115	43634
0.156118	43635
0.156122	43636
0.156125	43637
0.156129	43638
0.156133	43639
0.156136	43640
0.15614	43641
0.156143	43642
0.156147	43643
0.156151	43644
0.156154	43645
0.156158	43646
0.156161	43647
0.156165	43648
0.156169	43649
0.156172	43650
0.156176	43651
0.15618	43652
0.156183	43653
0.156187	43654
0.15619	43655
0.156194	43656
0.156198	43657
0.156201	43658
0.156205	43659
0.156208	43660
0.156212	43661
0.156216	43662
0.156219	43663
0.156223	43664
0.156226	43665
0.15623	43666
0.156234	43667
0.156237	43668
0.156241	43669
0.156244	43670
0.156248	43671
0.156252	43672
0.156255	43673
0.156259	43674
0.156262	43675
0.156266	43676
0.15627	43677
0.156273	43679
0.156276	43680
0.156278	43681
0.156282	43682
0.156284	43683
0.156287	43684
0.156305	43685
0.156307	43686
0.156309	43687
0.156312	43688
0.156319	43689
0.156323	43690
0.156326	43691
0.15633	43692
0.156333	43693
0.156336	43694
0.156339	43695
0.156342	43696
0.156345	43697
0.156347	43698
0.15635	43699
0.156351	43700
0.156355	43701
0.156356	43702
0.15636	43703
0.156363	43704
0.156367	43705
0.156371	43706
0.156374	43707
0.156378	43708
0.156381	43709
0.156385	43710
0.156389	43711
0.156392	43712
0.156396	43713
0.156399	43714
0.156403	43715
0.156407	43716
0.15641	43717
0.156414	43718
0.156418	43719
0.156421	43720
0.156425	43721
0.156428	43722
0.156432	43723
0.156436	43724
0.156439	43725
0.156443	43726
0.156446	43727
0.15645	43728
0.156454	43729
0.156457	43730
0.156461	43731
0.156464	43732
0.156468	43733
0.156472	43734
0.156475	43735
0.156479	43736
0.156482	43737
0.156486	43738
0.15649	43739
0.156493	43740
0.156497	43741
0.1565	43742
0.156504	43743
0.156508	43744
0.156511	43745
0.156515	43746
0.156518	43747
0.156522	43748
0.156526	43749
0.156529	43750
0.156533	43751
0.156537	43752
0.15654	43753
0.156544	43754
0.156547	43755
0.156551	43756
0.156555	43757
0.156558	43758
0.156562	43759
0.156565	43760
0.156569	43761
0.156573	43762
0.156576	43763
0.15658	43764
0.156583	43765
0.156587	43766
0.156591	43767
0.156594	43768
0.156597	43769
0.156599	43770
0.156603	43771
0.156605	43772
0.156607	43773
0.156625	43774
0.156628	43775
0.15663	43776
0.156633	43777
0.15664	43778
0.156644	43779
0.156647	43780
0.156651	43781
0.156654	43782
0.156657	43783
0.15666	43784
0.156663	43785
0.156666	43786
0.156668	43787
0.156671	43788
0.156672	43789
0.156676	43790
0.156677	43791
0.156681	43792
0.156684	43793
0.156688	43794
0.156692	43795
0.156695	43796
0.156699	43797
0.156702	43798
0.156706	43800
0.15671	43801
0.156713	43802
0.156717	43803
0.15672	43804
0.156724	43805
0.156728	43806
0.156731	43807
0.156735	43808
0.156738	43809
0.156742	43810
0.156746	43811
0.156749	43812
0.156753	43813
0.156756	43814
0.15676	43815
0.156764	43816
0.156767	43817
0.156771	43818
0.156775	43819
0.156778	43820
0.156782	43821
0.156785	43822
0.156789	43823
0.156793	43824
0.156796	43825
0.1568	43826
0.156803	43827
0.156807	43828
0.156811	43829
0.156814	43830
0.156818	43831
0.156821	43832
0.156825	43833
0.156829	43834
0.156832	43835
0.156836	43836
0.156839	43837
0.156843	43838
0.156847	43839
0.15685	43840
0.156854	43841
0.156857	43842
0.156861	43843
0.156865	43844
0.156868	43845
0.156872	43846
0.156875	43847
0.156879	43848
0.156883	43849
0.156886	43850
0.15689	43851
0.156894	43852
0.156897	43853
0.156901	43854
0.156904	43855
0.156908	43856
0.156912	43857
0.156915	43858
0.156918	43859
0.15692	43860
0.156924	43861
0.156926	43862
0.156928	43863
0.156946	43864
0.156949	43865
0.156951	43866
0.156954	43867
0.156961	43868
0.156964	43869
0.156968	43870
0.156972	43871
0.156975	43872
0.156978	43873
0.156981	43874
0.156984	43875
0.156987	43876
0.156988	43877
0.156992	43878
0.156993	43879
0.156997	43880
0.156998	43881
0.157002	43882
0.157005	43883
0.157009	43884
0.157013	43885
0.157016	43886
0.15702	43887
0.157023	43888
0.157027	43889
0.157031	43890
0.157034	43891
0.157038	43892
0.157041	43893
0.157045	43894
0.157049	43895
0.157052	43896
0.157056	43897
0.157059	43898
0.157063	43899
0.157067	43900
0.15707	43901
0.157074	43902
0.157077	43903
0.157081	43904
0.157085	43905
0.157088	43906
0.157092	43907
0.157095	43908
0.157099	43909
0.157103	43910
0.157106	43911
0.15711	43912
0.157113	43913
0.157117	43914
0.157121	43915
0.157124	43916
0.157128	43917
0.157132	43918
0.157135	43919
0.157139	43920
0.157142	43922
0.157146	43923
0.15715	43924
0.157153	43925
0.157157	43926
0.15716	43927
0.157164	43928
0.157168	43929
0.157171	43930
0.157175	43931
0.157178	43932
0.157182	43933
0.157186	43934
0.157189	43935
0.157193	43936
0.157196	43937
0.1572	43938
0.157204	43939
0.157207	43940
0.157211	43941
0.157214	43942
0.157218	43943
0.157222	43944
0.157225	43945
0.157229	43946
0.157232	43947
0.157236	43948
0.157238	43949
0.157241	43950
0.157245	43951
0.157247	43952
0.157249	43953
0.157267	43954
0.15727	43955
0.157272	43956
0.157275	43957
0.157282	43958
0.157285	43959
0.157289	43960
0.157293	43961
0.157296	43962
0.157299	43963
0.157302	43964
0.157305	43965
0.157308	43966
0.157309	43967
0.157313	43968
0.157314	43969
0.157318	43970
0.157319	43971
0.157323	43972
0.157326	43973
0.15733	43974
0.157333	43975
0.157337	43976
0.157341	43977
0.157344	43978
0.157348	43979
0.157351	43980
0.157355	43981
0.157359	43982
0.157362	43983
0.157366	43984
0.15737	43985
0.157373	43986
0.157377	43987
0.15738	43988
0.157384	43989
0.157388	43990
0.157391	43991
0.157395	43992
0.157398	43993
0.157402	43994
0.157406	43995
0.157409	43996
0.157413	43997
0.157416	43998
0.15742	43999
0.157424	44000
0.157427	44001
0.157431	44002
0.157434	44003
0.157438	44004
0.157442	44005
0.157445	44006
0.157449	44007
0.157452	44008
0.157456	44009
0.15746	44010
0.157463	44011
0.157467	44012
0.15747	44013
0.157474	44014
0.157478	44015
0.157481	44016
0.157485	44017
0.157489	44018
0.157492	44019
0.157496	44020
0.157499	44021
0.157503	44022
0.157507	44023
0.15751	44024
0.157514	44025
0.157517	44026
0.157521	44027
0.157525	44028
0.157528	44029
0.157532	44030
0.157535	44031
0.157539	44032
0.157543	44033
0.157546	44034
0.15755	44035
0.157553	44036
0.157557	44037
0.157559	44038
0.157562	44039
0.157565	44040
0.157568	44041
0.15757	44042
0.157588	44044
0.157591	44045
0.157593	44046
0.157595	44047
0.157603	44048
0.157606	44049
0.15761	44050
0.157614	44051
0.157617	44052
0.15762	44053
0.157623	44054
0.157626	44055
0.157629	44056
0.15763	44057
0.157634	44058
0.157635	44059
0.157639	44060
0.15764	44061
0.157644	44062
0.157647	44063
0.157651	44064
0.157654	44065
0.157658	44066
0.157662	44067
0.157665	44068
0.157669	44069
0.157672	44070
0.157676	44071
0.15768	44072
0.157683	44073
0.157687	44074
0.15769	44075
0.157694	44076
0.157698	44077
0.157701	44078
0.157705	44079
0.157708	44080
0.157712	44081
0.157716	44082
0.157719	44083
0.157723	44084
0.157727	44085
0.15773	44086
0.157734	44087
0.157737	44088
0.157741	44089
0.157745	44090
0.157748	44091
0.157752	44092
0.157755	44093
0.157759	44094
0.157763	44095
0.157766	44096
0.15777	44097
0.157773	44098
0.157777	44099
0.157781	44100
0.157784	44101
0.157788	44102
0.157791	44103
0.157795	44104
0.157799	44105
0.157802	44106
0.157806	44107
0.157809	44108
0.157813	44109
0.157817	44110
0.15782	44111
0.157824	44112
0.157827	44113
0.157831	44114
0.157835	44115
0.157838	44116
0.157842	44117
0.157846	44118
0.157849	44119
0.157853	44120
0.157856	44121
0.15786	44122
0.157864	44123
0.157867	44124
0.157871	44125
0.157874	44126
0.157878	44127
0.15788	44128
0.157883	44129
0.157886	44130
0.157889	44131
0.157891	44132
0.157909	44133
0.157912	44134
0.157914	44135
0.157916	44136
0.157924	44137
0.157927	44138
0.157931	44139
0.157934	44140
0.157938	44141
0.15794	44142
0.157944	44143
0.157946	44144
0.15795	44145
0.157951	44146
0.157955	44147
0.157956	44148
0.15796	44149
0.157961	44150
0.157964	44151
0.157968	44152
0.157972	44153
0.157975	44154
0.157979	44155
0.157983	44156
0.157986	44157
0.15799	44158
0.157993	44159
0.157997	44160
0.158001	44161
0.158004	44162
0.158008	44163
0.158011	44165
0.158015	44166
0.158019	44167
0.158022	44168
0.158026	44169
0.158029	44170
0.158033	44171
0.158037	44172
0.15804	44173
0.158044	44174
0.158047	44175
0.158051	44176
0.158055	44177
0.158058	44178
0.158062	44179
0.158065	44180
0.158069	44181
0.158073	44182
0.158076	44183
0.15808	44184
0.158083	44185
0.158087	44186
0.158091	44187
0.158094	44188
0.158098	44189
0.158102	44190
0.158105	44191
0.158109	44192
0.158112	44193
0.158116	44194
0.15812	44195
0.158123	44196
0.158127	44197
0.15813	44198
0.158134	44199
0.158138	44200
0.158141	44201
0.158145	44202
0.158148	44203
0.158152	44204
0.158156	44205
0.158159	44206
0.158163	44207
0.158166	44208
0.15817	44209
0.158174	44210
0.158177	44211
0.158181	44212
0.158184	44213
0.158188	44214
0.158192	44215
0.158195	44216
0.158199	44217
0.158201	44218
0.158204	44219
0.158207	44220
0.15821	44221
0.158212	44222
0.15823	44223
0.158233	44224
0.158235	44225
0.158237	44226
0.158245	44227
0.158248	44228
0.158252	44229
0.158255	44230
0.158259	44231
0.158261	44232
0.158265	44233
0.158267	44234
0.158271	44235
0.158272	44236
0.158276	44237
0.158277	44238
0.158281	44239
0.158282	44240
0.158285	44241
0.158289	44242
0.158293	44243
0.158296	44244
0.1583	44245
0.158303	44246
0.158307	44247
0.158311	44248
0.158314	44249
0.158318	44250
0.158321	44251
0.158325	44252
0.158329	44253
0.158332	44254
0.158336	44255
0.15834	44256
0.158343	44257
0.158347	44258
0.15835	44259
0.158354	44260
0.158358	44261
0.158361	44262
0.158365	44263
0.158368	44264
0.158372	44265
0.158376	44266
0.158379	44267
0.158383	44268
0.158386	44269
0.15839	44270
0.158394	44271
0.158397	44272
0.158401	44273
0.158404	44274
0.158408	44275
0.158412	44276
0.158415	44277
0.158419	44278
0.158422	44279
0.158426	44280
0.15843	44281
0.158433	44282
0.158437	44283
0.15844	44284
0.158444	44285
0.158448	44287
0.158451	44288
0.158455	44289
0.158459	44290
0.158462	44291
0.158466	44292
0.158469	44293
0.158473	44294
0.158477	44295
0.15848	44296
0.158484	44297
0.158487	44298
0.158491	44299
0.158495	44300
0.158498	44301
0.158502	44302
0.158505	44303
0.158509	44304
0.158513	44305
0.158516	44306
0.15852	44307
0.158522	44308
0.158525	44309
0.158528	44310
0.158531	44311
0.158533	44312
0.158551	44313
0.158553	44314
0.158556	44315
0.158558	44316
0.158565	44317
0.158569	44318
0.158573	44319
0.158576	44320
0.15858	44321
0.158582	44322
0.158586	44323
0.158588	44324
0.158592	44325
0.158593	44326
0.158597	44327
0.158598	44328
0.158602	44329
0.158603	44330
0.158606	44331
0.15861	44332
0.158614	44333
0.158617	44334
0.158621	44335
0.158624	44336
0.158628	44337
0.158632	44338
0.158635	44339
0.158639	44340
0.158642	44341
0.158646	44342
0.15865	44343
0.158653	44344
0.158657	44345
0.15866	44346
0.158664	44347
0.158668	44348
0.158671	44349
0.158675	44350
0.158678	44351
0.158682	44352
0.158686	44353
0.158689	44354
0.158693	44355
0.158697	44356
0.1587	44357
0.158704	44358
0.158707	44359
0.158711	44360
0.158715	44361
0.158718	44362
0.158722	44363
0.158725	44364
0.158729	44365
0.158733	44366
0.158736	44367
0.15874	44368
0.158743	44369
0.158747	44370
0.158751	44371
0.158754	44372
0.158758	44373
0.158761	44374
0.158765	44375
0.158769	44376
0.158772	44377
0.158776	44378
0.158779	44379
0.158783	44380
0.158787	44381
0.15879	44382
0.158794	44383
0.158797	44384
0.158801	44385
0.158805	44386
0.158808	44387
0.158812	44388
0.158816	44389
0.158819	44390
0.158823	44391
0.158826	44392
0.15883	44393
0.158834	44394
0.158837	44395
0.158841	44396
0.158843	44397
0.158846	44398
0.158849	44399
0.158852	44400
0.158854	44401
0.158872	44402
0.158874	44403
0.158877	44404
0.158879	44405
0.158886	44406
0.15889	44407
0.158894	44409
0.158897	44410
0.158901	44411
0.158903	44412
0.158907	44413
0.158909	44414
0.158913	44415
0.158914	44416
0.158918	44417
0.158919	44418
0.158922	44419
0.158924	44420
0.158927	44421
0.158931	44422
0.158935	44423
0.158938	44424
0.158942	44425
0.158945	44426
0.158949	44427
0.158953	44428
0.158956	44429
0.15896	44430
0.158963	44431
0.158967	44432
0.158971	44433
0.158974	44434
0.158978	44435
0.158981	44436
0.158985	44437
0.158989	44438
0.158992	44439
0.158996	44440
0.158999	44441
0.159003	44442
0.159007	44443
0.15901	44444
0.159014	44445
0.159017	44446
0.159021	44447
0.159025	44448
0.159028	44449
0.159032	44450
0.159035	44451
0.159039	44452
0.159043	44453
0.159046	44454
0.15905	44455
0.159054	44456
0.159057	44457
0.159061	44458
0.159064	44459
0.159068	44460
0.159072	44461
0.159075	44462
0.159079	44463
0.159082	44464
0.159086	44465
0.15909	44466
0.159093	44467
0.159097	44468
0.1591	44469
0.159104	44470
0.159108	44471
0.159111	44472
0.159115	44473
0.159118	44474
0.159122	44475
0.159126	44476
0.159129	44477
0.159133	44478
0.159136	44479
0.15914	44480
0.159144	44481
0.159147	44482
0.159151	44483
0.159154	44484
0.159158	44485
0.159162	44486
0.159164	44487
0.159166	44488
0.15917	44489
0.159173	44490
0.159175	44491
0.159193	44492
0.159195	44493
0.159198	44494
0.1592	44495
0.159207	44496
0.159211	44497
0.159215	44498
0.159218	44499
0.159222	44500
0.159224	44501
0.159228	44502
0.15923	44503
0.159234	44504
0.159235	44505
0.159239	44506
0.15924	44507
0.159243	44508
0.159245	44509
0.159248	44510
0.159252	44511
0.159255	44512
0.159259	44513
0.159263	44514
0.159266	44515
0.15927	44516
0.159273	44517
0.159277	44518
0.159281	44519
0.159284	44520
0.159288	44521
0.159292	44522
0.159295	44523
0.159299	44524
0.159302	44525
0.159306	44526
0.15931	44527
0.159313	44528
0.159317	44530
0.15932	44531
0.159324	44532
0.159328	44533
0.159331	44534
0.159335	44535
0.159338	44536
0.159342	44537
0.159346	44538
0.159349	44539
0.159353	44540
0.159356	44541
0.15936	44542
0.159364	44543
0.159367	44544
0.159371	44545
0.159374	44546
0.159378	44547
0.159382	44548
0.159385	44549
0.159389	44550
0.159392	44551
0.159396	44552
0.1594	44553
0.159403	44554
0.159407	44555
0.159411	44556
0.159414	44557
0.159418	44558
0.159421	44559
0.159425	44560
0.159429	44561
0.159432	44562
0.159436	44563
0.159439	44564
0.159443	44565
0.159447	44566
0.15945	44567
0.159454	44568
0.159457	44569
0.159461	44570
0.159465	44571
0.159468	44572
0.159472	44573
0.159475	44574
0.159479	44575
0.159483	44576
0.159485	44577
0.159487	44578
0.159491	44579
0.159493	44580
0.159496	44581
0.159514	44582
0.159516	44583
0.159519	44584
0.159521	44585
0.159528	44586
0.159532	44587
0.159536	44588
0.159539	44589
0.159543	44590
0.159545	44591
0.159549	44592
0.159551	44593
0.159555	44594
0.159556	44595
0.15956	44596
0.159561	44597
0.159564	44598
0.159566	44599
0.159569	44600
0.159573	44601
0.159576	44602
0.15958	44603
0.159584	44604
0.159587	44605
0.159591	44606
0.159594	44607
0.159598	44608
0.159602	44609
0.159605	44610
0.159609	44611
0.159612	44612
0.159616	44613
0.15962	44614
0.159623	44615
0.159627	44616
0.15963	44617
0.159634	44618
0.159638	44619
0.159641	44620
0.159645	44621
0.159649	44622
0.159652	44623
0.159656	44624
0.159659	44625
0.159663	44626
0.159667	44627
0.15967	44628
0.159674	44629
0.159677	44630
0.159681	44631
0.159685	44632
0.159688	44633
0.159692	44634
0.159695	44635
0.159699	44636
0.159703	44637
0.159706	44638
0.15971	44639
0.159713	44640
0.159717	44641
0.159721	44642
0.159724	44643
0.159728	44644
0.159731	44645
0.159735	44646
0.159739	44647
0.159742	44648
0.159746	44649
0.159749	44650
0.159753	44652
0.159757	44653
0.15976	44654
0.159764	44655
0.159767	44656
0.159771	44657
0.159775	44658
0.159778	44659
0.159782	44660
0.159786	44661
0.159789	44662
0.159793	44663
0.159796	44664
0.1598	44665
0.159804	44666
0.159806	44667
0.159808	44668
0.159812	44669
0.159814	44670
0.159817	44671
0.159835	44672
0.159837	44673
0.15984	44674
0.159842	44675
0.159849	44676
0.159853	44677
0.159856	44678
0.15986	44679
0.159864	44680
0.159866	44681
0.15987	44682
0.159872	44683
0.159876	44684
0.159877	44685
0.15988	44686
0.159882	44687
0.159885	44688
0.159886	44689
0.15989	44690
0.159894	44691
0.159897	44692
0.159901	44693
0.159905	44694
0.159908	44695
0.159912	44696
0.159915	44697
0.159919	44698
0.159923	44699
0.159926	44700
0.15993	44701
0.159933	44702
0.159937	44703
0.159941	44704
0.159944	44705
0.159948	44706
0.159951	44707
0.159955	44708
0.159959	44709
0.159962	44710
0.159966	44711
0.159969	44712
0.159973	44713
0.159977	44714
0.15998	44715
0.159984	44716
0.159987	44717
0.159991	44718
0.159995	44719
0.159998	44720
0.160002	44721
0.160005	44722
0.160009	44723
0.160013	44724
0.160016	44725
0.16002	44726
0.160024	44727
0.160027	44728
0.160031	44729
0.160034	44730
0.160038	44731
0.160042	44732
0.160045	44733
0.160049	44734
0.160052	44735
0.160056	44736
0.16006	44737
0.160063	44738
0.160067	44739
0.16007	44740
0.160074	44741
0.160078	44742
0.160081	44743
0.160085	44744
0.160088	44745
0.160092	44746
0.160096	44747
0.160099	44748
0.160103	44749
0.160106	44750
0.16011	44751
0.160114	44752
0.160117	44753
0.160121	44754
0.160124	44755
0.160127	44756
0.160129	44757
0.160133	44758
0.160135	44759
0.160138	44760
0.160156	44761
0.160158	44762
0.160161	44763
0.160163	44764
0.16017	44765
0.160174	44766
0.160177	44767
0.160181	44768
0.160185	44769
0.160187	44770
0.160191	44771
0.160193	44772
0.160197	44774
0.160198	44775
0.160201	44776
0.160203	44777
0.160206	44778
0.160207	44779
0.160211	44780
0.160215	44781
0.160218	44782
0.160222	44783
0.160225	44784
0.160229	44785
0.160233	44786
0.160236	44787
0.16024	44788
0.160243	44789
0.160247	44790
0.160251	44791
0.160254	44792
0.160258	44793
0.160262	44794
0.160265	44795
0.160269	44796
0.160272	44797
0.160276	44798
0.16028	44799
0.160283	44800
0.160287	44801
0.16029	44802
0.160294	44803
0.160298	44804
0.160301	44805
0.160305	44806
0.160308	44807
0.160312	44808
0.160316	44809
0.160319	44810
0.160323	44811
0.160326	44812
0.16033	44813
0.160334	44814
0.160337	44815
0.160341	44816
0.160344	44817
0.160348	44818
0.160352	44819
0.160355	44820
0.160359	44821
0.160362	44822
0.160366	44823
0.16037	44824
0.160373	44825
0.160377	44826
0.160381	44827
0.160384	44828
0.160388	44829
0.160391	44830
0.160395	44831
0.160399	44832
0.160402	44833
0.160406	44834
0.160409	44835
0.160413	44836
0.160417	44837
0.16042	44838
0.160424	44839
0.160427	44840
0.160431	44841
0.160435	44842
0.160438	44843
0.160442	44844
0.160445	44845
0.160448	44846
0.16045	44847
0.160454	44848
0.160456	44849
0.160459	44850
0.160477	44851
0.160479	44852
0.160481	44853
0.160484	44854
0.160491	44855
0.160495	44856
0.160498	44857
0.160502	44858
0.160506	44859
0.160508	44860
0.160512	44861
0.160514	44862
0.160518	44863
0.160519	44864
0.160522	44865
0.160524	44866
0.160527	44867
0.160528	44868
0.160532	44869
0.160536	44870
0.160539	44871
0.160543	44872
0.160546	44873
0.16055	44874
0.160554	44875
0.160557	44876
0.160561	44877
0.160564	44878
0.160568	44879
0.160572	44880
0.160575	44881
0.160579	44882
0.160582	44883
0.160586	44884
0.16059	44885
0.160593	44886
0.160597	44887
0.1606	44888
0.160604	44889
0.160608	44890
0.160611	44891
0.160615	44892
0.160619	44893
0.160622	44895
0.160626	44896
0.160629	44897
0.160633	44898
0.160637	44899
0.16064	44900
0.160644	44901
0.160647	44902
0.160651	44903
0.160655	44904
0.160658	44905
0.160662	44906
0.160665	44907
0.160669	44908
0.160673	44909
0.160676	44910
0.16068	44911
0.160683	44912
0.160687	44913
0.160691	44914
0.160694	44915
0.160698	44916
0.160701	44917
0.160705	44918
0.160709	44919
0.160712	44920
0.160716	44921
0.160719	44922
0.160723	44923
0.160727	44924
0.16073	44925
0.160734	44926
0.160738	44927
0.160741	44928
0.160745	44929
0.160748	44930
0.160752	44931
0.160756	44932
0.160759	44933
0.160763	44934
0.160766	44935
0.160769	44936
0.160771	44937
0.160775	44938
0.160777	44939
0.16078	44940
0.160798	44941
0.1608	44942
0.160802	44943
0.160805	44944
0.160812	44945
0.160816	44946
0.160819	44947
0.160823	44948
0.160826	44949
0.160829	44950
0.160832	44951
0.160835	44952
0.160838	44953
0.16084	44954
0.160843	44955
0.160844	44956
0.160848	44957
0.160849	44958
0.160853	44959
0.160857	44960
0.16086	44961
0.160864	44962
0.160867	44963
0.160871	44964
0.160875	44965
0.160878	44966
0.160882	44967
0.160885	44968
0.160889	44969
0.160893	44970
0.160896	44971
0.1609	44972
0.160903	44973
0.160907	44974
0.160911	44975
0.160914	44976
0.160918	44977
0.160921	44978
0.160925	44979
0.160929	44980
0.160932	44981
0.160936	44982
0.160939	44983
0.160943	44984
0.160947	44985
0.16095	44986
0.160954	44987
0.160957	44988
0.160961	44989
0.160965	44990
0.160968	44991
0.160972	44992
0.160976	44993
0.160979	44994
0.160983	44995
0.160986	44996
0.16099	44997
0.160994	44998
0.160997	44999
0.161001	45000
0.161004	45001
0.161008	45002
0.161012	45003
0.161015	45004
0.161019	45005
0.161022	45006
0.161026	45007
0.16103	45008
0.161033	45009
0.161037	45010
0.16104	45011
0.161044	45012
0.161048	45013
0.161051	45014
0.161055	45015
0.161058	45017
0.161062	45018
0.161066	45019
0.161069	45020
0.161073	45021
0.161076	45022
0.16108	45023
0.161084	45024
0.161087	45025
0.16109	45026
0.161092	45027
0.161096	45028
0.161098	45029
0.161101	45030
0.161119	45031
0.161121	45032
0.161123	45033
0.161126	45034
0.161133	45035
0.161137	45036
0.16114	45037
0.161144	45038
0.161147	45039
0.16115	45040
0.161153	45041
0.161156	45042
0.161159	45043
0.161161	45044
0.161164	45045
0.161165	45046
0.161169	45047
0.16117	45048
0.161174	45049
0.161177	45050
0.161181	45051
0.161185	45052
0.161188	45053
0.161192	45054
0.161195	45055
0.161199	45056
0.161203	45057
0.161206	45058
0.16121	45059
0.161214	45060
0.161217	45061
0.161221	45062
0.161224	45063
0.161228	45064
0.161232	45065
0.161235	45066
0.161239	45067
0.161242	45068
0.161246	45069
0.16125	45070
0.161253	45071
0.161257	45072
0.16126	45073
0.161264	45074
0.161268	45075
0.161271	45076
0.161275	45077
0.161278	45078
0.161282	45079
0.161286	45080
0.161289	45081
0.161293	45082
0.161296	45083
0.1613	45084
0.161304	45085
0.161307	45086
0.161311	45087
0.161314	45088
0.161318	45089
0.161322	45090
0.161325	45091
0.161329	45092
0.161333	45093
0.161336	45094
0.16134	45095
0.161343	45096
0.161347	45097
0.161351	45098
0.161354	45099
0.161358	45100
0.161361	45101
0.161365	45102
0.161369	45103
0.161372	45104
0.161376	45105
0.161379	45106
0.161383	45107
0.161387	45108
0.16139	45109
0.161394	45110
0.161397	45111
0.161401	45112
0.161405	45113
0.161408	45114
0.161411	45115
0.161413	45116
0.161417	45117
0.161419	45118
0.161421	45119
0.161439	45120
0.161442	45121
0.161444	45122
0.161447	45123
0.161454	45124
0.161458	45125
0.161461	45126
0.161465	45127
0.161468	45128
0.161471	45129
0.161474	45130
0.161477	45131
0.16148	45132
0.161482	45133
0.161485	45134
0.161486	45135
0.16149	45136
0.161491	45137
0.161495	45139
0.161498	45140
0.161502	45141
0.161506	45142
0.161509	45143
0.161513	45144
0.161516	45145
0.16152	45146
0.161524	45147
0.161527	45148
0.161531	45149
0.161534	45150
0.161538	45151
0.161542	45152
0.161545	45153
0.161549	45154
0.161552	45155
0.161556	45156
0.16156	45157
0.161563	45158
0.161567	45159
0.16157	45160
0.161574	45161
0.161578	45162
0.161581	45163
0.161585	45164
0.161589	45165
0.161592	45166
0.161596	45167
0.161599	45168
0.161603	45169
0.161607	45170
0.16161	45171
0.161614	45172
0.161617	45173
0.161621	45174
0.161625	45175
0.161628	45176
0.161632	45177
0.161635	45178
0.161639	45179
0.161643	45180
0.161646	45181
0.16165	45182
0.161653	45183
0.161657	45184
0.161661	45185
0.161664	45186
0.161668	45187
0.161671	45188
0.161675	45189
0.161679	45190
0.161682	45191
0.161686	45192
0.161689	45193
0.161693	45194
0.161697	45195
0.1617	45196
0.161704	45197
0.161708	45198
0.161711	45199
0.161715	45200
0.161718	45201
0.161722	45202
0.161726	45203
0.161729	45204
0.161732	45205
0.161734	45206
0.161738	45207
0.16174	45208
0.161742	45209
0.16176	45210
0.161763	45211
0.161765	45212
0.161768	45213
0.161775	45214
0.161778	45215
0.161782	45216
0.161786	45217
0.161789	45218
0.161792	45219
0.161795	45220
0.161798	45221
0.161801	45222
0.161802	45223
0.161806	45224
0.161807	45225
0.161811	45226
0.161812	45227
0.161816	45228
0.161819	45229
0.161823	45230
0.161827	45231
0.16183	45232
0.161834	45233
0.161837	45234
0.161841	45235
0.161845	45236
0.161848	45237
0.161852	45238
0.161855	45239
0.161859	45240
0.161863	45241
0.161866	45242
0.16187	45243
0.161873	45244
0.161877	45245
0.161881	45246
0.161884	45247
0.161888	45248
0.161891	45249
0.161895	45250
0.161899	45251
0.161902	45252
0.161906	45253
0.161909	45254
0.161913	45255
0.161917	45256
0.16192	45257
0.161924	45258
0.161927	45260
0.161931	45261
0.161935	45262
0.161938	45263
0.161942	45264
0.161946	45265
0.161949	45266
0.161953	45267
0.161956	45268
0.16196	45269
0.161964	45270
0.161967	45271
0.161971	45272
0.161974	45273
0.161978	45274
0.161982	45275
0.161985	45276
0.161989	45277
0.161992	45278
0.161996	45279
0.162	45280
0.162003	45281
0.162007	45282
0.16201	45283
0.162014	45284
0.162018	45285
0.162021	45286
0.162025	45287
0.162028	45288
0.162032	45289
0.162036	45290
0.162039	45291
0.162043	45292
0.162046	45293
0.16205	45294
0.162053	45295
0.162055	45296
0.162059	45297
0.162061	45298
0.162063	45299
0.162081	45300
0.162084	45301
0.162086	45302
0.162089	45303
0.162096	45304
0.162099	45305
0.162103	45306
0.162107	45307
0.16211	45308
0.162113	45309
0.162116	45310
0.162119	45311
0.162122	45312
0.162123	45313
0.162127	45314
0.162128	45315
0.162132	45316
0.162133	45317
0.162137	45318
0.16214	45319
0.162144	45320
0.162147	45321
0.162151	45322
0.162155	45323
0.162158	45324
0.162162	45325
0.162165	45326
0.162169	45327
0.162173	45328
0.162176	45329
0.16218	45330
0.162184	45331
0.162187	45332
0.162191	45333
0.162194	45334
0.162198	45335
0.162202	45336
0.162205	45337
0.162209	45338
0.162212	45339
0.162216	45340
0.16222	45341
0.162223	45342
0.162227	45343
0.16223	45344
0.162234	45345
0.162238	45346
0.162241	45347
0.162245	45348
0.162248	45349
0.162252	45350
0.162256	45351
0.162259	45352
0.162263	45353
0.162266	45354
0.16227	45355
0.162274	45356
0.162277	45357
0.162281	45358
0.162284	45359
0.162288	45360
0.162292	45361
0.162295	45362
0.162299	45363
0.162303	45364
0.162306	45365
0.16231	45366
0.162313	45367
0.162317	45368
0.162321	45369
0.162324	45370
0.162328	45371
0.162331	45372
0.162335	45373
0.162339	45374
0.162342	45375
0.162346	45376
0.162349	45377
0.162353	45378
0.162357	45379
0.16236	45380
0.162364	45382
0.162367	45383
0.162371	45384
0.162373	45385
0.162376	45386
0.162379	45387
0.162382	45388
0.162384	45389
0.162402	45390
0.162405	45391
0.162407	45392
0.162409	45393
0.162417	45394
0.16242	45395
0.162424	45396
0.162428	45397
0.162431	45398
0.162434	45399
0.162437	45400
0.16244	45401
0.162443	45402
0.162444	45403
0.162448	45404
0.162449	45405
0.162453	45406
0.162454	45407
0.162458	45408
0.162461	45409
0.162465	45410
0.162468	45411
0.162472	45412
0.162476	45413
0.162479	45414
0.162483	45415
0.162486	45416
0.16249	45417
0.162494	45418
0.162497	45419
0.162501	45420
0.162504	45421
0.162508	45422
0.162512	45423
0.162515	45424
0.162519	45425
0.162522	45426
0.162526	45427
0.16253	45428
0.162533	45429
0.162537	45430
0.162541	45431
0.162544	45432
0.162548	45433
0.162551	45434
0.162555	45435
0.162559	45436
0.162562	45437
0.162566	45438
0.162569	45439
0.162573	45440
0.162577	45441
0.16258	45442
0.162584	45443
0.162587	45444
0.162591	45445
0.162595	45446
0.162598	45447
0.162602	45448
0.162605	45449
0.162609	45450
0.162613	45451
0.162616	45452
0.16262	45453
0.162623	45454
0.162627	45455
0.162631	45456
0.162634	45457
0.162638	45458
0.162641	45459
0.162645	45460
0.162649	45461
0.162652	45462
0.162656	45463
0.16266	45464
0.162663	45465
0.162667	45466
0.16267	45467
0.162674	45468
0.162678	45469
0.162681	45470
0.162685	45471
0.162688	45472
0.162692	45473
0.162694	45474
0.162697	45475
0.1627	45476
0.162703	45477
0.162705	45478
0.162723	45479
0.162726	45480
0.162728	45481
0.16273	45482
0.162738	45483
0.162741	45484
0.162745	45485
0.162748	45486
0.162752	45487
0.162754	45488
0.162758	45489
0.16276	45490
0.162764	45491
0.162765	45492
0.162769	45493
0.16277	45494
0.162774	45495
0.162775	45496
0.162779	45497
0.162782	45498
0.162786	45499
0.162789	45500
0.162793	45501
0.162797	45502
0.1628	45504
0.162804	45505
0.162807	45506
0.162811	45507
0.162815	45508
0.162818	45509
0.162822	45510
0.162825	45511
0.162829	45512
0.162833	45513
0.162836	45514
0.16284	45515
0.162843	45516
0.162847	45517
0.162851	45518
0.162854	45519
0.162858	45520
0.162861	45521
0.162865	45522
0.162869	45523
0.162872	45524
0.162876	45525
0.162879	45526
0.162883	45527
0.162887	45528
0.16289	45529
0.162894	45530
0.162898	45531
0.162901	45532
0.162905	45533
0.162908	45534
0.162912	45535
0.162916	45536
0.162919	45537
0.162923	45538
0.162926	45539
0.16293	45540
0.162934	45541
0.162937	45542
0.162941	45543
0.162944	45544
0.162948	45545
0.162952	45546
0.162955	45547
0.162959	45548
0.162962	45549
0.162966	45550
0.16297	45551
0.162973	45552
0.162977	45553
0.16298	45554
0.162984	45555
0.162988	45556
0.162991	45557
0.162995	45558
0.162998	45559
0.163002	45560
0.163006	45561
0.163009	45562
0.163013	45563
0.163015	45564
0.163018	45565
0.163021	45566
0.163024	45567
0.163026	45568
0.163044	45569
0.163047	45570
0.163049	45571
0.163051	45572
0.163059	45573
0.163062	45574
0.163066	45575
0.163069	45576
0.163073	45577
0.163075	45578
0.163079	45579
0.163081	45580
0.163085	45581
0.163086	45582
0.16309	45583
0.163091	45584
0.163095	45585
0.163096	45586
0.163099	45587
0.163103	45588
0.163107	45589
0.16311	45590
0.163114	45591
0.163117	45592
0.163121	45593
0.163125	45594
0.163128	45595
0.163132	45596
0.163136	45597
0.163139	45598
0.163143	45599
0.163146	45600
0.16315	45601
0.163154	45602
0.163157	45603
0.163161	45604
0.163164	45605
0.163168	45606
0.163172	45607
0.163175	45608
0.163179	45609
0.163182	45610
0.163186	45611
0.16319	45612
0.163193	45613
0.163197	45614
0.1632	45615
0.163204	45616
0.163208	45617
0.163211	45618
0.163215	45619
0.163218	45620
0.163222	45621
0.163226	45622
0.163229	45623
0.163233	45625
0.163236	45626
0.16324	45627
0.163244	45628
0.163247	45629
0.163251	45630
0.163255	45631
0.163258	45632
0.163262	45633
0.163265	45634
0.163269	45635
0.163273	45636
0.163276	45637
0.16328	45638
0.163283	45639
0.163287	45640
0.163291	45641
0.163294	45642
0.163298	45643
0.163301	45644
0.163305	45645
0.163309	45646
0.163312	45647
0.163316	45648
0.163319	45649
0.163323	45650
0.163327	45651
0.16333	45652
0.163334	45653
0.163336	45654
0.163339	45655
0.163342	45656
0.163345	45657
0.163347	45658
0.163365	45659
0.163367	45660
0.16337	45661
0.163372	45662
0.16338	45663
0.163383	45664
0.163387	45665
0.16339	45666
0.163394	45667
0.163396	45668
0.1634	45669
0.163402	45670
0.163406	45671
0.163407	45672
0.163411	45673
0.163412	45674
0.163416	45675
0.163417	45676
0.16342	45677
0.163424	45678
0.163428	45679
0.163431	45680
0.163435	45681
0.163438	45682
0.163442	45683
0.163446	45684
0.163449	45685
0.163453	45686
0.163456	45687
0.16346	45688
0.163464	45689
0.163467	45690
0.163471	45691
0.163474	45692
0.163478	45693
0.163482	45694
0.163485	45695
0.163489	45696
0.163492	45697
0.163496	45698
0.1635	45699
0.163503	45700
0.163507	45701
0.163511	45702
0.163514	45703
0.163518	45704
0.163521	45705
0.163525	45706
0.163529	45707
0.163532	45708
0.163536	45709
0.163539	45710
0.163543	45711
0.163547	45712
0.16355	45713
0.163554	45714
0.163557	45715
0.163561	45716
0.163565	45717
0.163568	45718
0.163572	45719
0.163575	45720
0.163579	45721
0.163583	45722
0.163586	45723
0.16359	45724
0.163593	45725
0.163597	45726
0.163601	45727
0.163604	45728
0.163608	45729
0.163611	45730
0.163615	45731
0.163619	45732
0.163622	45733
0.163626	45734
0.16363	45735
0.163633	45736
0.163637	45737
0.16364	45738
0.163644	45739
0.163648	45740
0.163651	45741
0.163655	45742
0.163657	45743
0.16366	45744
0.163663	45745
0.163666	45747
0.163668	45748
0.163686	45749
0.163688	45750
0.163691	45751
0.163693	45752
0.1637	45753
0.163704	45754
0.163708	45755
0.163711	45756
0.163715	45757
0.163717	45758
0.163721	45759
0.163723	45760
0.163727	45761
0.163728	45762
0.163732	45763
0.163733	45764
0.163737	45765
0.163738	45766
0.163741	45767
0.163745	45768
0.163749	45769
0.163752	45770
0.163756	45771
0.163759	45772
0.163763	45773
0.163767	45774
0.16377	45775
0.163774	45776
0.163777	45777
0.163781	45778
0.163785	45779
0.163788	45780
0.163792	45781
0.163795	45782
0.163799	45783
0.163803	45784
0.163806	45785
0.16381	45786
0.163813	45787
0.163817	45788
0.163821	45789
0.163824	45790
0.163828	45791
0.163831	45792
0.163835	45793
0.163839	45794
0.163842	45795
0.163846	45796
0.163849	45797
0.163853	45798
0.163857	45799
0.16386	45800
0.163864	45801
0.163868	45802
0.163871	45803
0.163875	45804
0.163878	45805
0.163882	45806
0.163886	45807
0.163889	45808
0.163893	45809
0.163896	45810
0.1639	45811
0.163904	45812
0.163907	45813
0.163911	45814
0.163914	45815
0.163918	45816
0.163922	45817
0.163925	45818
0.163929	45819
0.163932	45820
0.163936	45821
0.16394	45822
0.163943	45823
0.163947	45824
0.16395	45825
0.163954	45826
0.163958	45827
0.163961	45828
0.163965	45829
0.163968	45830
0.163972	45831
0.163976	45832
0.163978	45833
0.163981	45834
0.163984	45835
0.163987	45836
0.163989	45837
0.164007	45838
0.164009	45839
0.164012	45840
0.164014	45841
0.164021	45842
0.164025	45843
0.164029	45844
0.164032	45845
0.164036	45846
0.164038	45847
0.164042	45848
0.164044	45849
0.164048	45850
0.164049	45851
0.164053	45852
0.164054	45853
0.164057	45854
0.164059	45855
0.164062	45856
0.164066	45857
0.164069	45858
0.164073	45859
0.164077	45860
0.16408	45861
0.164084	45862
0.164087	45863
0.164091	45864
0.164095	45865
0.164098	45866
0.164102	45867
0.164106	45869
0.164109	45870
0.164113	45871
0.164116	45872
0.16412	45873
0.164124	45874
0.164127	45875
0.164131	45876
0.164134	45877
0.164138	45878
0.164142	45879
0.164145	45880
0.164149	45881
0.164152	45882
0.164156	45883
0.16416	45884
0.164163	45885
0.164167	45886
0.16417	45887
0.164174	45888
0.164178	45889
0.164181	45890
0.164185	45891
0.164188	45892
0.164192	45893
0.164196	45894
0.164199	45895
0.164203	45896
0.164206	45897
0.16421	45898
0.164214	45899
0.164217	45900
0.164221	45901
0.164225	45902
0.164228	45903
0.164232	45904
0.164235	45905
0.164239	45906
0.164243	45907
0.164246	45908
0.16425	45909
0.164253	45910
0.164257	45911
0.164261	45912
0.164264	45913
0.164268	45914
0.164271	45915
0.164275	45916
0.164279	45917
0.164282	45918
0.164286	45919
0.164289	45920
0.164293	45921
0.164297	45922
0.164299	45923
0.164301	45924
0.164305	45925
0.164307	45926
0.16431	45927
0.164328	45928
0.16433	45929
0.164333	45930
0.164335	45931
0.164342	45932
0.164346	45933
0.16435	45934
0.164353	45935
0.164357	45936
0.164359	45937
0.164363	45938
0.164365	45939
0.164369	45940
0.16437	45941
0.164374	45942
0.164375	45943
0.164378	45944
0.16438	45945
0.164383	45946
0.164387	45947
0.16439	45948
0.164394	45949
0.164398	45950
0.164401	45951
0.164405	45952
0.164408	45953
0.164412	45954
0.164416	45955
0.164419	45956
0.164423	45957
0.164426	45958
0.16443	45959
0.164434	45960
0.164437	45961
0.164441	45962
0.164444	45963
0.164448	45964
0.164452	45965
0.164455	45966
0.164459	45967
0.164463	45968
0.164466	45969
0.16447	45970
0.164473	45971
0.164477	45972
0.164481	45973
0.164484	45974
0.164488	45975
0.164491	45976
0.164495	45977
0.164499	45978
0.164502	45979
0.164506	45980
0.164509	45981
0.164513	45982
0.164517	45983
0.16452	45984
0.164524	45985
0.164527	45986
0.164531	45987
0.164535	45988
0.164538	45990
0.164542	45991
0.164545	45992
0.164549	45993
0.164553	45994
0.164556	45995
0.16456	45996
0.164563	45997
0.164567	45998
0.164571	45999
0.164574	46000
0.164578	46001
0.164582	46002
0.164585	46003
0.164589	46004
0.164592	46005
0.164596	46006
0.1646	46007
0.164603	46008
0.164607	46009
0.16461	46010
0.164614	46011
0.164618	46012
0.16462	46013
0.164622	46014
0.164626	46015
0.164628	46016
0.164631	46017
0.164649	46018
0.164651	46019
0.164654	46020
0.164656	46021
0.164663	46022
0.164667	46023
0.16467	46024
0.164674	46025
0.164678	46026
0.16468	46027
0.164684	46028
0.164686	46029
0.16469	46030
0.164691	46031
0.164694	46032
0.164696	46033
0.164699	46034
0.164701	46035
0.164704	46036
0.164708	46037
0.164711	46038
0.164715	46039
0.164719	46040
0.164722	46041
0.164726	46042
0.164729	46043
0.164733	46044
0.164737	46045
0.16474	46046
0.164744	46047
0.164747	46048
0.164751	46049
0.164755	46050
0.164758	46051
0.164762	46052
0.164765	46053
0.164769	46054
0.164773	46055
0.164776	46056
0.16478	46057
0.164783	46058
0.164787	46059
0.164791	46060
0.164794	46061
0.164798	46062
0.164801	46063
0.164805	46064
0.164809	46065
0.164812	46066
0.164816	46067
0.16482	46068
0.164823	46069
0.164827	46070
0.16483	46071
0.164834	46072
0.164838	46073
0.164841	46074
0.164845	46075
0.164848	46076
0.164852	46077
0.164856	46078
0.164859	46079
0.164863	46080
0.164866	46081
0.16487	46082
0.164874	46083
0.164877	46084
0.164881	46085
0.164884	46086
0.164888	46087
0.164892	46088
0.164895	46089
0.164899	46090
0.164902	46091
0.164906	46092
0.16491	46093
0.164913	46094
0.164917	46095
0.16492	46096
0.164924	46097
0.164928	46098
0.164931	46099
0.164935	46100
0.164939	46101
0.164941	46102
0.164943	46103
0.164947	46104
0.164949	46105
0.164952	46106
0.16497	46107
0.164972	46108
0.164975	46109
0.164977	46110
0.164984	46112
0.164988	46113
0.164991	46114
0.164995	46115
0.164999	46116
0.165001	46117
0.165005	46118
0.165007	46119
0.165011	46120
0.165012	46121
0.165015	46122
0.165017	46123
0.16502	46124
0.165021	46125
0.165025	46126
0.165029	46127
0.165032	46128
0.165036	46129
0.165039	46130
0.165043	46131
0.165047	46132
0.16505	46133
0.165054	46134
0.165058	46135
0.165061	46136
0.165065	46137
0.165068	46138
0.165072	46139
0.165076	46140
0.165079	46141
0.165083	46142
0.165086	46143
0.16509	46144
0.165094	46145
0.165097	46146
0.165101	46147
0.165104	46148
0.165108	46149
0.165112	46150
0.165115	46151
0.165119	46152
0.165122	46153
0.165126	46154
0.16513	46155
0.165133	46156
0.165137	46157
0.16514	46158
0.165144	46159
0.165148	46160
0.165151	46161
0.165155	46162
0.165158	46163
0.165162	46164
0.165166	46165
0.165169	46166
0.165173	46167
0.165176	46168
0.16518	46169
0.165184	46170
0.165187	46171
0.165191	46172
0.165195	46173
0.165198	46174
0.165202	46175
0.165205	46176
0.165209	46177
0.165213	46178
0.165216	46179
0.16522	46180
0.165223	46181
0.165227	46182
0.165231	46183
0.165234	46184
0.165238	46185
0.165241	46186
0.165245	46187
0.165249	46188
0.165252	46189
0.165256	46190
0.165259	46191
0.165262	46192
0.165264	46193
0.165268	46194
0.16527	46195
0.165273	46196
0.165291	46197
0.165293	46198
0.165295	46199
0.165298	46200
0.165305	46201
0.165309	46202
0.165312	46203
0.165316	46204
0.16532	46205
0.165322	46206
0.165326	46207
0.165328	46208
0.165332	46209
0.165333	46210
0.165336	46211
0.165338	46212
0.165341	46213
0.165342	46214
0.165346	46215
0.16535	46216
0.165353	46217
0.165357	46218
0.16536	46219
0.165364	46220
0.165368	46221
0.165371	46222
0.165375	46223
0.165378	46224
0.165382	46225
0.165386	46226
0.165389	46227
0.165393	46228
0.165396	46229
0.1654	46230
0.165404	46231
0.165407	46232
0.165411	46234
0.165414	46235
0.165418	46236
0.165422	46237
0.165425	46238
0.165429	46239
0.165433	46240
0.165436	46241
0.16544	46242
0.165443	46243
0.165447	46244
0.165451	46245
0.165454	46246
0.165458	46247
0.165461	46248
0.165465	46249
0.165469	46250
0.165472	46251
0.165476	46252
0.165479	46253
0.165483	46254
0.165487	46255
0.16549	46256
0.165494	46257
0.165497	46258
0.165501	46259
0.165505	46260
0.165508	46261
0.165512	46262
0.165515	46263
0.165519	46264
0.165523	46265
0.165526	46266
0.16553	46267
0.165533	46268
0.165537	46269
0.165541	46270
0.165544	46271
0.165548	46272
0.165552	46273
0.165555	46274
0.165559	46275
0.165562	46276
0.165566	46277
0.16557	46278
0.165573	46279
0.165577	46280
0.16558	46281
0.165583	46282
0.165585	46283
0.165589	46284
0.165591	46285
0.165594	46286
0.165612	46287
0.165614	46288
0.165616	46289
0.165619	46290
0.165626	46291
0.16563	46292
0.165633	46293
0.165637	46294
0.16564	46295
0.165643	46296
0.165646	46297
0.165649	46298
0.165652	46299
0.165654	46300
0.165657	46301
0.165659	46302
0.165662	46303
0.165663	46304
0.165667	46305
0.165671	46306
0.165674	46307
0.165678	46308
0.165681	46309
0.165685	46310
0.165689	46311
0.165692	46312
0.165696	46313
0.165699	46314
0.165703	46315
0.165707	46316
0.16571	46317
0.165714	46318
0.165717	46319
0.165721	46320
0.165725	46321
0.165728	46322
0.165732	46323
0.165735	46324
0.165739	46325
0.165743	46326
0.165746	46327
0.16575	46328
0.165753	46329
0.165757	46330
0.165761	46331
0.165764	46332
0.165768	46333
0.165771	46334
0.165775	46335
0.165779	46336
0.165782	46337
0.165786	46338
0.16579	46339
0.165793	46340
0.165797	46341
0.1658	46342
0.165804	46343
0.165808	46344
0.165811	46345
0.165815	46346
0.165818	46347
0.165822	46348
0.165826	46349
0.165829	46350
0.165833	46351
0.165836	46352
0.16584	46353
0.165844	46355
0.165847	46356
0.165851	46357
0.165854	46358
0.165858	46359
0.165862	46360
0.165865	46361
0.165869	46362
0.165872	46363
0.165876	46364
0.16588	46365
0.165883	46366
0.165887	46367
0.16589	46368
0.165894	46369
0.165898	46370
0.165901	46371
0.165904	46372
0.165906	46373
0.16591	46374
0.165912	46375
0.165915	46376
0.165933	46377
0.165935	46378
0.165937	46379
0.16594	46380
0.165947	46381
0.165951	46382
0.165954	46383
0.165958	46384
0.165961	46385
0.165964	46386
0.165967	46387
0.16597	46388
0.165973	46389
0.165975	46390
0.165978	46391
0.165979	46392
0.165983	46393
0.165984	46394
0.165988	46395
0.165991	46396
0.165995	46397
0.165999	46398
0.166002	46399
0.166006	46400
0.166009	46401
0.166013	46402
0.166017	46403
0.16602	46404
0.166024	46405
0.166028	46406
0.166031	46407
0.166035	46408
0.166038	46409
0.166042	46410
0.166046	46411
0.166049	46412
0.166053	46413
0.166056	46414
0.16606	46415
0.166064	46416
0.166067	46417
0.166071	46418
0.166074	46419
0.166078	46420
0.166082	46421
0.166085	46422
0.166089	46423
0.166092	46424
0.166096	46425
0.1661	46426
0.166103	46427
0.166107	46428
0.16611	46429
0.166114	46430
0.166118	46431
0.166121	46432
0.166125	46433
0.166128	46434
0.166132	46435
0.166136	46436
0.166139	46437
0.166143	46438
0.166147	46439
0.16615	46440
0.166154	46441
0.166157	46442
0.166161	46443
0.166165	46444
0.166168	46445
0.166172	46446
0.166175	46447
0.166179	46448
0.166183	46449
0.166186	46450
0.16619	46451
0.166193	46452
0.166197	46453
0.166201	46454
0.166204	46455
0.166208	46456
0.166211	46457
0.166215	46458
0.166219	46459
0.166222	46460
0.166225	46461
0.166227	46462
0.166231	46463
0.166233	46464
0.166235	46465
0.166253	46466
0.166256	46467
0.166258	46468
0.166261	46469
0.166268	46470
0.166272	46471
0.166275	46472
0.166279	46473
0.166282	46474
0.166285	46475
0.166288	46477
0.166291	46478
0.166294	46479
0.166296	46480
0.166299	46481
0.1663	46482
0.166304	46483
0.166305	46484
0.166309	46485
0.166312	46486
0.166316	46487
0.16632	46488
0.166323	46489
0.166327	46490
0.16633	46491
0.166334	46492
0.166338	46493
0.166341	46494
0.166345	46495
0.166348	46496
0.166352	46497
0.166356	46498
0.166359	46499
0.166363	46500
0.166366	46501
0.16637	46502
0.166374	46503
0.166377	46504
0.166381	46505
0.166385	46506
0.166388	46507
0.166392	46508
0.166395	46509
0.166399	46510
0.166403	46511
0.166406	46512
0.16641	46513
0.166413	46514
0.166417	46515
0.166421	46516
0.166424	46517
0.166428	46518
0.166431	46519
0.166435	46520
0.166439	46521
0.166442	46522
0.166446	46523
0.166449	46524
0.166453	46525
0.166457	46526
0.16646	46527
0.166464	46528
0.166467	46529
0.166471	46530
0.166475	46531
0.166478	46532
0.166482	46533
0.166485	46534
0.166489	46535
0.166493	46536
0.166496	46537
0.1665	46538
0.166504	46539
0.166507	46540
0.166511	46541
0.166514	46542
0.166518	46543
0.166522	46544
0.166525	46545
0.166529	46546
0.166532	46547
0.166536	46548
0.16654	46549
0.166543	46550
0.166546	46551
0.166548	46552
0.166552	46553
0.166554	46554
0.166556	46555
0.166574	46556
0.166577	46557
0.166579	46558
0.166582	46559
0.166589	46560
0.166592	46561
0.166596	46562
0.1666	46563
0.166603	46564
0.166606	46565
0.166609	46566
0.166612	46567
0.166615	46568
0.166616	46569
0.16662	46570
0.166621	46571
0.166625	46572
0.166626	46573
0.16663	46574
0.166633	46575
0.166637	46576
0.166641	46577
0.166644	46578
0.166648	46579
0.166651	46580
0.166655	46581
0.166659	46582
0.166662	46583
0.166666	46584
0.166669	46585
0.166673	46586
0.166677	46587
0.16668	46588
0.166684	46589
0.166687	46590
0.166691	46591
0.166695	46592
0.166698	46593
0.166702	46594
0.166705	46595
0.166709	46596
0.166713	46597
0.166716	46599
0.16672	46600
0.166723	46601
0.166727	46602
0.166731	46603
0.166734	46604
0.166738	46605
0.166742	46606
0.166745	46607
0.166749	46608
0.166752	46609
0.166756	46610
0.16676	46611
0.166763	46612
0.166767	46613
0.16677	46614
0.166774	46615
0.166778	46616
0.166781	46617
0.166785	46618
0.166788	46619
0.166792	46620
0.166796	46621
0.166799	46622
0.166803	46623
0.166806	46624
0.16681	46625
0.166814	46626
0.166817	46627
0.166821	46628
0.166824	46629
0.166828	46630
0.166832	46631
0.166835	46632
0.166839	46633
0.166842	46634
0.166846	46635
0.16685	46636
0.166853	46637
0.166857	46638
0.166861	46639
0.166864	46640
0.166867	46641
0.166869	46642
0.166873	46643
0.166875	46644
0.166877	46645
0.166895	46646
0.166898	46647
0.1669	46648
0.166903	46649
0.16691	46650
0.166913	46651
0.166917	46652
0.166921	46653
0.166924	46654
0.166927	46655
0.16693	46656
0.166933	46657
0.166936	46658
0.166937	46659
0.166941	46660
0.166942	46661
0.166946	46662
0.166947	46663
0.166951	46664
0.166954	46665
0.166958	46666
0.166961	46667
0.166965	46668
0.166969	46669
0.166972	46670
0.166976	46671
0.166979	46672
0.166983	46673
0.166987	46674
0.16699	46675
0.166994	46676
0.166998	46677
0.167001	46678
0.167005	46679
0.167008	46680
0.167012	46681
0.167016	46682
0.167019	46683
0.167023	46684
0.167026	46685
0.16703	46686
0.167034	46687
0.167037	46688
0.167041	46689
0.167044	46690
0.167048	46691
0.167052	46692
0.167055	46693
0.167059	46694
0.167062	46695
0.167066	46696
0.16707	46697
0.167073	46698
0.167077	46699
0.16708	46700
0.167084	46701
0.167088	46702
0.167091	46703
0.167095	46704
0.167098	46705
0.167102	46706
0.167106	46707
0.167109	46708
0.167113	46709
0.167117	46710
0.16712	46711
0.167124	46712
0.167127	46713
0.167131	46714
0.167135	46715
0.167138	46716
0.167142	46717
0.167145	46718
0.167149	46720
0.167153	46721
0.167156	46722
0.16716	46723
0.167163	46724
0.167167	46725
0.167171	46726
0.167174	46727
0.167178	46728
0.167181	46729
0.167185	46730
0.167187	46731
0.16719	46732
0.167193	46733
0.167196	46734
0.167198	46735
0.167216	46736
0.167219	46737
0.167221	46738
0.167224	46739
0.167231	46740
0.167234	46741
0.167238	46742
0.167242	46743
0.167245	46744
0.167248	46745
0.167251	46746
0.167254	46747
0.167257	46748
0.167258	46749
0.167262	46750
0.167263	46751
0.167267	46752
0.167268	46753
0.167272	46754
0.167275	46755
0.167279	46756
0.167282	46757
0.167286	46758
0.16729	46759
0.167293	46760
0.167297	46761
0.1673	46762
0.167304	46763
0.167308	46764
0.167311	46765
0.167315	46766
0.167318	46767
0.167322	46768
0.167326	46769
0.167329	46770
0.167333	46771
0.167336	46772
0.16734	46773
0.167344	46774
0.167347	46775
0.167351	46776
0.167355	46777
0.167358	46778
0.167362	46779
0.167365	46780
0.167369	46781
0.167373	46782
0.167376	46783
0.16738	46784
0.167383	46785
0.167387	46786
0.167391	46787
0.167394	46788
0.167398	46789
0.167401	46790
0.167405	46791
0.167409	46792
0.167412	46793
0.167416	46794
0.167419	46795
0.167423	46796
0.167427	46797
0.16743	46798
0.167434	46799
0.167437	46800
0.167441	46801
0.167445	46802
0.167448	46803
0.167452	46804
0.167455	46805
0.167459	46806
0.167463	46807
0.167466	46808
0.16747	46809
0.167474	46810
0.167477	46811
0.167481	46812
0.167484	46813
0.167488	46814
0.167492	46815
0.167495	46816
0.167499	46817
0.167502	46818
0.167506	46819
0.167508	46820
0.167511	46821
0.167514	46822
0.167517	46823
0.167519	46824
0.167537	46825
0.16754	46826
0.167542	46827
0.167544	46828
0.167552	46829
0.167555	46830
0.167559	46831
0.167562	46832
0.167566	46833
0.167568	46834
0.167572	46835
0.167574	46836
0.167578	46837
0.167579	46838
0.167583	46839
0.167584	46840
0.167588	46842
0.167589	46843
0.167593	46844
0.167596	46845
0.1676	46846
0.167603	46847
0.167607	46848
0.167611	46849
0.167614	46850
0.167618	46851
0.167621	46852
0.167625	46853
0.167629	46854
0.167632	46855
0.167636	46856
0.167639	46857
0.167643	46858
0.167647	46859
0.16765	46860
0.167654	46861
0.167657	46862
0.167661	46863
0.167665	46864
0.167668	46865
0.167672	46866
0.167675	46867
0.167679	46868
0.167683	46869
0.167686	46870
0.16769	46871
0.167693	46872
0.167697	46873
0.167701	46874
0.167704	46875
0.167708	46876
0.167712	46877
0.167715	46878
0.167719	46879
0.167722	46880
0.167726	46881
0.16773	46882
0.167733	46883
0.167737	46884
0.16774	46885
0.167744	46886
0.167748	46887
0.167751	46888
0.167755	46889
0.167758	46890
0.167762	46891
0.167766	46892
0.167769	46893
0.167773	46894
0.167776	46895
0.16778	46896
0.167784	46897
0.167787	46898
0.167791	46899
0.167794	46900
0.167798	46901
0.167802	46902
0.167805	46903
0.167809	46904
0.167812	46905
0.167816	46906
0.16782	46907
0.167823	46908
0.167827	46909
0.167829	46910
0.167832	46911
0.167835	46912
0.167838	46913
0.16784	46914
0.167858	46915
0.167861	46916
0.167863	46917
0.167865	46918
0.167873	46919
0.167876	46920
0.16788	46921
0.167883	46922
0.167887	46923
0.167889	46924
0.167893	46925
0.167895	46926
0.167899	46927
0.1679	46928
0.167904	46929
0.167905	46930
0.167909	46931
0.16791	46932
0.167913	46933
0.167917	46934
0.167921	46935
0.167924	46936
0.167928	46937
0.167931	46938
0.167935	46939
0.167939	46940
0.167942	46941
0.167946	46942
0.16795	46943
0.167953	46944
0.167957	46945
0.16796	46946
0.167964	46947
0.167968	46948
0.167971	46949
0.167975	46950
0.167978	46951
0.167982	46952
0.167986	46953
0.167989	46954
0.167993	46955
0.167996	46956
0.168	46957
0.168004	46958
0.168007	46959
0.168011	46960
0.168014	46961
0.168018	46962
0.168022	46964
0.168025	46965
0.168029	46966
0.168032	46967
0.168036	46968
0.16804	46969
0.168043	46970
0.168047	46971
0.16805	46972
0.168054	46973
0.168058	46974
0.168061	46975
0.168065	46976
0.168069	46977
0.168072	46978
0.168076	46979
0.168079	46980
0.168083	46981
0.168087	46982
0.16809	46983
0.168094	46984
0.168097	46985
0.168101	46986
0.168105	46987
0.168108	46988
0.168112	46989
0.168115	46990
0.168119	46991
0.168123	46992
0.168126	46993
0.16813	46994
0.168133	46995
0.168137	46996
0.168141	46997
0.168144	46998
0.168148	46999
0.16815	47000
0.168153	47001
0.168156	47002
0.168159	47003
0.168161	47004
0.168179	47005
0.168181	47006
0.168184	47007
0.168186	47008
0.168194	47009
0.168197	47010
0.168201	47011
0.168204	47012
0.168208	47013
0.16821	47014
0.168214	47015
0.168216	47016
0.16822	47017
0.168221	47018
0.168225	47019
0.168226	47020
0.16823	47021
0.168231	47022
0.168234	47023
0.168238	47024
0.168242	47025
0.168245	47026
0.168249	47027
0.168252	47028
0.168256	47029
0.16826	47030
0.168263	47031
0.168267	47032
0.16827	47033
0.168274	47034
0.168278	47035
0.168281	47036
0.168285	47037
0.168288	47038
0.168292	47039
0.168296	47040
0.168299	47041
0.168303	47042
0.168307	47043
0.16831	47044
0.168314	47045
0.168317	47046
0.168321	47047
0.168325	47048
0.168328	47049
0.168332	47050
0.168335	47051
0.168339	47052
0.168343	47053
0.168346	47054
0.16835	47055
0.168353	47056
0.168357	47057
0.168361	47058
0.168364	47059
0.168368	47060
0.168371	47061
0.168375	47062
0.168379	47063
0.168382	47064
0.168386	47065
0.168389	47066
0.168393	47067
0.168397	47068
0.1684	47069
0.168404	47070
0.168407	47071
0.168411	47072
0.168415	47073
0.168418	47074
0.168422	47075
0.168426	47076
0.168429	47077
0.168433	47078
0.168436	47079
0.16844	47080
0.168444	47081
0.168447	47082
0.168451	47083
0.168454	47085
0.168458	47086
0.168462	47087
0.168465	47088
0.168469	47089
0.168471	47090
0.168474	47091
0.168477	47092
0.16848	47093
0.168482	47094
0.1685	47095
0.168502	47096
0.168505	47097
0.168507	47098
0.168514	47099
0.168518	47100
0.168522	47101
0.168525	47102
0.168529	47103
0.168531	47104
0.168535	47105
0.168537	47106
0.168541	47107
0.168542	47108
0.168546	47109
0.168547	47110
0.168551	47111
0.168552	47112
0.168555	47113
0.168559	47114
0.168563	47115
0.168566	47116
0.16857	47117
0.168573	47118
0.168577	47119
0.168581	47120
0.168584	47121
0.168588	47122
0.168591	47123
0.168595	47124
0.168599	47125
0.168602	47126
0.168606	47127
0.168609	47128
0.168613	47129
0.168617	47130
0.16862	47131
0.168624	47132
0.168627	47133
0.168631	47134
0.168635	47135
0.168638	47136
0.168642	47137
0.168645	47138
0.168649	47139
0.168653	47140
0.168656	47141
0.16866	47142
0.168664	47143
0.168667	47144
0.168671	47145
0.168674	47146
0.168678	47147
0.168682	47148
0.168685	47149
0.168689	47150
0.168692	47151
0.168696	47152
0.1687	47153
0.168703	47154
0.168707	47155
0.16871	47156
0.168714	47157
0.168718	47158
0.168721	47159
0.168725	47160
0.168728	47161
0.168732	47162
0.168736	47163
0.168739	47164
0.168743	47165
0.168746	47166
0.16875	47167
0.168754	47168
0.168757	47169
0.168761	47170
0.168764	47171
0.168768	47172
0.168772	47173
0.168775	47174
0.168779	47175
0.168782	47176
0.168786	47177
0.16879	47178
0.168792	47179
0.168795	47180
0.168798	47181
0.168801	47182
0.168803	47183
0.168821	47184
0.168823	47185
0.168826	47186
0.168828	47187
0.168835	47188
0.168839	47189
0.168843	47190
0.168846	47191
0.16885	47192
0.168852	47193
0.168856	47194
0.168858	47195
0.168862	47196
0.168863	47197
0.168867	47198
0.168868	47199
0.168871	47200
0.168873	47201
0.168876	47202
0.16888	47203
0.168883	47204
0.168887	47205
0.168891	47207
0.168894	47208
0.168898	47209
0.168901	47210
0.168905	47211
0.168909	47212
0.168912	47213
0.168916	47214
0.16892	47215
0.168923	47216
0.168927	47217
0.16893	47218
0.168934	47219
0.168938	47220
0.168941	47221
0.168945	47222
0.168948	47223
0.168952	47224
0.168956	47225
0.168959	47226
0.168963	47227
0.168966	47228
0.16897	47229
0.168974	47230
0.168977	47231
0.168981	47232
0.168984	47233
0.168988	47234
0.168992	47235
0.168995	47236
0.168999	47237
0.169002	47238
0.169006	47239
0.16901	47240
0.169013	47241
0.169017	47242
0.16902	47243
0.169024	47244
0.169028	47245
0.169031	47246
0.169035	47247
0.169039	47248
0.169042	47249
0.169046	47250
0.169049	47251
0.169053	47252
0.169057	47253
0.16906	47254
0.169064	47255
0.169067	47256
0.169071	47257
0.169075	47258
0.169078	47259
0.169082	47260
0.169085	47261
0.169089	47262
0.169093	47263
0.169096	47264
0.1691	47265
0.169103	47266
0.169107	47267
0.169111	47268
0.169113	47269
0.169115	47270
0.169119	47271
0.169121	47272
0.169124	47273
0.169142	47274
0.169144	47275
0.169147	47276
0.169149	47277
0.169156	47278
0.16916	47279
0.169164	47280
0.169167	47281
0.169171	47282
0.169173	47283
0.169177	47284
0.169179	47285
0.169183	47286
0.169184	47287
0.169188	47288
0.169189	47289
0.169192	47290
0.169194	47291
0.169197	47292
0.169201	47293
0.169204	47294
0.169208	47295
0.169212	47296
0.169215	47297
0.169219	47298
0.169222	47299
0.169226	47300
0.16923	47301
0.169233	47302
0.169237	47303
0.16924	47304
0.169244	47305
0.169248	47306
0.169251	47307
0.169255	47308
0.169258	47309
0.169262	47310
0.169266	47311
0.169269	47312
0.169273	47313
0.169277	47314
0.16928	47315
0.169284	47316
0.169287	47317
0.169291	47318
0.169295	47319
0.169298	47320
0.169302	47321
0.169305	47322
0.169309	47323
0.169313	47324
0.169316	47325
0.16932	47326
0.169323	47327
0.169327	47329
0.169331	47330
0.169334	47331
0.169338	47332
0.169341	47333
0.169345	47334
0.169349	47335
0.169352	47336
0.169356	47337
0.169359	47338
0.169363	47339
0.169367	47340
0.16937	47341
0.169374	47342
0.169377	47343
0.169381	47344
0.169385	47345
0.169388	47346
0.169392	47347
0.169396	47348
0.169399	47349
0.169403	47350
0.169406	47351
0.16941	47352
0.169414	47353
0.169417	47354
0.169421	47355
0.169424	47356
0.169428	47357
0.169432	47358
0.169434	47359
0.169436	47360
0.16944	47361
0.169442	47362
0.169445	47363
0.169463	47364
0.169465	47365
0.169468	47366
0.16947	47367
0.169477	47368
0.169481	47369
0.169484	47370
0.169488	47371
0.169492	47372
0.169494	47373
0.169498	47374
0.1695	47375
0.169504	47376
0.169505	47377
0.169509	47378
0.16951	47379
0.169513	47380
0.169515	47381
0.169518	47382
0.169522	47383
0.169525	47384
0.169529	47385
0.169533	47386
0.169536	47387
0.16954	47388
0.169543	47389
0.169547	47390
0.169551	47391
0.169554	47392
0.169558	47393
0.169561	47394
0.169565	47395
0.169569	47396
0.169572	47397
0.169576	47398
0.169579	47399
0.169583	47400
0.169587	47401
0.16959	47402
0.169594	47403
0.169597	47404
0.169601	47405
0.169605	47406
0.169608	47407
0.169612	47408
0.169615	47409
0.169619	47410
0.169623	47411
0.169626	47412
0.16963	47413
0.169634	47414
0.169637	47415
0.169641	47416
0.169644	47417
0.169648	47418
0.169652	47419
0.169655	47420
0.169659	47421
0.169662	47422
0.169666	47423
0.16967	47424
0.169673	47425
0.169677	47426
0.16968	47427
0.169684	47428
0.169688	47429
0.169691	47430
0.169695	47431
0.169698	47432
0.169702	47433
0.169706	47434
0.169709	47435
0.169713	47436
0.169716	47437
0.16972	47438
0.169724	47439
0.169727	47440
0.169731	47441
0.169734	47442
0.169738	47443
0.169742	47444
0.169745	47445
0.169749	47446
0.169753	47447
0.169755	47448
0.169757	47450
0.169761	47451
0.169763	47452
0.169766	47453
0.169784	47454
0.169786	47455
0.169789	47456
0.169791	47457
0.169798	47458
0.169802	47459
0.169805	47460
0.169809	47461
0.169813	47462
0.169815	47463
0.169819	47464
0.169821	47465
0.169825	47466
0.169826	47467
0.169829	47468
0.169831	47469
0.169834	47470
0.169835	47471
0.169839	47472
0.169843	47473
0.169846	47474
0.16985	47475
0.169853	47476
0.169857	47477
0.169861	47478
0.169864	47479
0.169868	47480
0.169872	47481
0.169875	47482
0.169879	47483
0.169882	47484
0.169886	47485
0.16989	47486
0.169893	47487
0.169897	47488
0.1699	47489
0.169904	47490
0.169908	47491
0.169911	47492
0.169915	47493
0.169918	47494
0.169922	47495
0.169926	47496
0.169929	47497
0.169933	47498
0.169936	47499
0.16994	47500
0.169944	47501
0.169947	47502
0.169951	47503
0.169954	47504
0.169958	47505
0.169962	47506
0.169965	47507
0.169969	47508
0.169972	47509
0.169976	47510
0.16998	47511
0.169983	47512
0.169987	47513
0.169991	47514
0.169994	47515
0.169998	47516
0.170001	47517
0.170005	47518
0.170009	47519
0.170012	47520
0.170016	47521
0.170019	47522
0.170023	47523
0.170027	47524
0.17003	47525
0.170034	47526
0.170037	47527
0.170041	47528
0.170045	47529
0.170048	47530
0.170052	47531
0.170055	47532
0.170059	47533
0.170063	47534
0.170066	47535
0.17007	47536
0.170073	47537
0.170076	47538
0.170078	47539
0.170082	47540
0.170084	47541
0.170087	47542
0.170105	47543
0.170107	47544
0.17011	47545
0.170112	47546
0.170119	47547
0.170123	47548
0.170126	47549
0.17013	47550
0.170134	47551
0.170136	47552
0.17014	47553
0.170142	47554
0.170146	47555
0.170147	47556
0.17015	47557
0.170152	47558
0.170155	47559
0.170156	47560
0.17016	47561
0.170164	47562
0.170167	47563
0.170171	47564
0.170174	47565
0.170178	47566
0.170182	47567
0.170185	47568
0.170189	47569
0.170192	47570
0.170196	47572
0.1702	47573
0.170203	47574
0.170207	47575
0.17021	47576
0.170214	47577
0.170218	47578
0.170221	47579
0.170225	47580
0.170229	47581
0.170232	47582
0.170236	47583
0.170239	47584
0.170243	47585
0.170247	47586
0.17025	47587
0.170254	47588
0.170257	47589
0.170261	47590
0.170265	47591
0.170268	47592
0.170272	47593
0.170275	47594
0.170279	47595
0.170283	47596
0.170286	47597
0.17029	47598
0.170293	47599
0.170297	47600
0.170301	47601
0.170304	47602
0.170308	47603
0.170311	47604
0.170315	47605
0.170319	47606
0.170322	47607
0.170326	47608
0.170329	47609
0.170333	47610
0.170337	47611
0.17034	47612
0.170344	47613
0.170348	47614
0.170351	47615
0.170355	47616
0.170358	47617
0.170362	47618
0.170366	47619
0.170369	47620
0.170373	47621
0.170376	47622
0.17038	47623
0.170384	47624
0.170387	47625
0.170391	47626
0.170394	47627
0.170397	47628
0.170399	47629
0.170403	47630
0.170405	47631
0.170408	47632
0.170426	47633
0.170428	47634
0.17043	47635
0.170433	47636
0.17044	47637
0.170444	47638
0.170447	47639
0.170451	47640
0.170454	47641
0.170457	47642
0.17046	47643
0.170463	47644
0.170467	47645
0.170468	47646
0.170471	47647
0.170473	47648
0.170476	47649
0.170477	47650
0.170481	47651
0.170485	47652
0.170488	47653
0.170492	47654
0.170495	47655
0.170499	47656
0.170503	47657
0.170506	47658
0.17051	47659
0.170513	47660
0.170517	47661
0.170521	47662
0.170524	47663
0.170528	47664
0.170531	47665
0.170535	47666
0.170539	47667
0.170542	47668
0.170546	47669
0.170549	47670
0.170553	47671
0.170557	47672
0.17056	47673
0.170564	47674
0.170567	47675
0.170571	47676
0.170575	47677
0.170578	47678
0.170582	47679
0.170585	47680
0.170589	47681
0.170593	47682
0.170596	47683
0.1706	47684
0.170604	47685
0.170607	47686
0.170611	47687
0.170614	47688
0.170618	47689
0.170622	47690
0.170625	47691
0.170629	47692
0.170632	47694
0.170636	47695
0.17064	47696
0.170643	47697
0.170647	47698
0.17065	47699
0.170654	47700
0.170658	47701
0.170661	47702
0.170665	47703
0.170668	47704
0.170672	47705
0.170676	47706
0.170679	47707
0.170683	47708
0.170686	47709
0.17069	47710
0.170694	47711
0.170697	47712
0.170701	47713
0.170704	47714
0.170708	47715
0.170712	47716
0.170715	47717
0.170718	47718
0.17072	47719
0.170724	47720
0.170726	47721
0.170729	47722
0.170747	47723
0.170749	47724
0.170751	47725
0.170754	47726
0.170761	47727
0.170765	47728
0.170768	47729
0.170772	47730
0.170775	47731
0.170778	47732
0.170781	47733
0.170784	47734
0.170787	47735
0.170789	47736
0.170792	47737
0.170793	47738
0.170797	47739
0.170798	47740
0.170802	47741
0.170805	47742
0.170809	47743
0.170813	47744
0.170816	47745
0.17082	47746
0.170823	47747
0.170827	47748
0.170831	47749
0.170834	47750
0.170838	47751
0.170842	47752
0.170845	47753
0.170849	47754
0.170852	47755
0.170856	47756
0.17086	47757
0.170863	47758
0.170867	47759
0.17087	47760
0.170874	47761
0.170878	47762
0.170881	47763
0.170885	47764
0.170888	47765
0.170892	47766
0.170896	47767
0.170899	47768
0.170903	47769
0.170906	47770
0.17091	47771
0.170914	47772
0.170917	47773
0.170921	47774
0.170924	47775
0.170928	47776
0.170932	47777
0.170935	47778
0.170939	47779
0.170942	47780
0.170946	47781
0.17095	47782
0.170953	47783
0.170957	47784
0.170961	47785
0.170964	47786
0.170968	47787
0.170971	47788
0.170975	47789
0.170979	47790
0.170982	47791
0.170986	47792
0.170989	47793
0.170993	47794
0.170997	47795
0.171	47796
0.171004	47797
0.171007	47798
0.171011	47799
0.171015	47800
0.171018	47801
0.171022	47802
0.171025	47803
0.171029	47804
0.171033	47805
0.171036	47806
0.171039	47807
0.171041	47808
0.171045	47809
0.171047	47810
0.171049	47811
0.171068	47812
0.17107	47813
0.171072	47815
0.171075	47816
0.171082	47817
0.171086	47818
0.171089	47819
0.171093	47820
0.171096	47821
0.171099	47822
0.171102	47823
0.171105	47824
0.171108	47825
0.17111	47826
0.171113	47827
0.171114	47828
0.171118	47829
0.171119	47830
0.171123	47831
0.171126	47832
0.17113	47833
0.171134	47834
0.171137	47835
0.171141	47836
0.171144	47837
0.171148	47838
0.171152	47839
0.171155	47840
0.171159	47841
0.171162	47842
0.171166	47843
0.17117	47844
0.171173	47845
0.171177	47846
0.17118	47847
0.171184	47848
0.171188	47849
0.171191	47850
0.171195	47851
0.171199	47852
0.171202	47853
0.171206	47854
0.171209	47855
0.171213	47856
0.171217	47857
0.17122	47858
0.171224	47859
0.171227	47860
0.171231	47861
0.171235	47862
0.171238	47863
0.171242	47864
0.171245	47865
0.171249	47866
0.171253	47867
0.171256	47868
0.17126	47869
0.171263	47870
0.171267	47871
0.171271	47872
0.171274	47873
0.171278	47874
0.171281	47875
0.171285	47876
0.171289	47877
0.171292	47878
0.171296	47879
0.171299	47880
0.171303	47881
0.171307	47882
0.17131	47883
0.171314	47884
0.171318	47885
0.171321	47886
0.171325	47887
0.171328	47888
0.171332	47889
0.171336	47890
0.171339	47891
0.171343	47892
0.171346	47893
0.17135	47894
0.171354	47895
0.171357	47896
0.17136	47897
0.171362	47898
0.171366	47899
0.171368	47900
0.17137	47901
0.171388	47902
0.171391	47903
0.171393	47904
0.171396	47905
0.171403	47906
0.171406	47907
0.17141	47908
0.171414	47909
0.171417	47910
0.17142	47911
0.171423	47912
0.171426	47913
0.171429	47914
0.171431	47915
0.171434	47916
0.171435	47917
0.171439	47918
0.17144	47919
0.171444	47920
0.171447	47921
0.171451	47922
0.171455	47923
0.171458	47924
0.171462	47925
0.171465	47926
0.171469	47927
0.171473	47928
0.171476	47929
0.17148	47930
0.171483	47931
0.171487	47932
0.171491	47933
0.171494	47934
0.171498	47935
0.171501	47937
0.171505	47938
0.171509	47939
0.171512	47940
0.171516	47941
0.171519	47942
0.171523	47943
0.171527	47944
0.17153	47945
0.171534	47946
0.171537	47947
0.171541	47948
0.171545	47949
0.171548	47950
0.171552	47951
0.171556	47952
0.171559	47953
0.171563	47954
0.171566	47955
0.17157	47956
0.171574	47957
0.171577	47958
0.171581	47959
0.171584	47960
0.171588	47961
0.171592	47962
0.171595	47963
0.171599	47964
0.171602	47965
0.171606	47966
0.17161	47967
0.171613	47968
0.171617	47969
0.17162	47970
0.171624	47971
0.171628	47972
0.171631	47973
0.171635	47974
0.171638	47975
0.171642	47976
0.171646	47977
0.171649	47978
0.171653	47979
0.171656	47980
0.17166	47981
0.171664	47982
0.171667	47983
0.171671	47984
0.171675	47985
0.171678	47986
0.171681	47987
0.171683	47988
0.171687	47989
0.171689	47990
0.171691	47991
0.171709	47992
0.171712	47993
0.171714	47994
0.171717	47995
0.171724	47996
0.171727	47997
0.171731	47998
0.171735	47999
0.171738	48000
0.171741	48001
0.171744	48002
0.171747	48003
0.17175	48004
0.171751	48005
0.171755	48006
0.171756	48007
0.17176	48008
0.171761	48009
0.171765	48010
0.171768	48011
0.171772	48012
0.171775	48013
0.171779	48014
0.171783	48015
0.171786	48016
0.17179	48017
0.171794	48018
0.171797	48019
0.171801	48020
0.171804	48021
0.171808	48022
0.171812	48023
0.171815	48024
0.171819	48025
0.171822	48026
0.171826	48027
0.17183	48028
0.171833	48029
0.171837	48030
0.17184	48031
0.171844	48032
0.171848	48033
0.171851	48034
0.171855	48035
0.171858	48036
0.171862	48037
0.171866	48038
0.171869	48039
0.171873	48040
0.171876	48041
0.17188	48042
0.171884	48043
0.171887	48044
0.171891	48045
0.171894	48046
0.171898	48047
0.171902	48048
0.171905	48049
0.171909	48050
0.171913	48051
0.171916	48052
0.17192	48053
0.171923	48054
0.171927	48055
0.171931	48056
0.171934	48057
0.171938	48059
0.171941	48060
0.171945	48061
0.171949	48062
0.171952	48063
0.171956	48064
0.171959	48065
0.171963	48066
0.171967	48067
0.17197	48068
0.171974	48069
0.171977	48070
0.171981	48071
0.171985	48072
0.171988	48073
0.171992	48074
0.171995	48075
0.171999	48076
0.172001	48077
0.172004	48078
0.172007	48079
0.17201	48080
0.172012	48081
0.17203	48082
0.172033	48083
0.172035	48084
0.172038	48085
0.172045	48086
0.172048	48087
0.172052	48088
0.172056	48089
0.172059	48090
0.172062	48091
0.172065	48092
0.172068	48093
0.172071	48094
0.172072	48095
0.172076	48096
0.172077	48097
0.172081	48098
0.172082	48099
0.172086	48100
0.172089	48101
0.172093	48102
0.172096	48103
0.1721	48104
0.172104	48105
0.172107	48106
0.172111	48107
0.172114	48108
0.172118	48109
0.172122	48110
0.172125	48111
0.172129	48112
0.172132	48113
0.172136	48114
0.17214	48115
0.172143	48116
0.172147	48117
0.172151	48118
0.172154	48119
0.172158	48120
0.172161	48121
0.172165	48122
0.172169	48123
0.172172	48124
0.172176	48125
0.172179	48126
0.172183	48127
0.172187	48128
0.17219	48129
0.172194	48130
0.172197	48131
0.172201	48132
0.172205	48133
0.172208	48134
0.172212	48135
0.172215	48136
0.172219	48137
0.172223	48138
0.172226	48139
0.17223	48140
0.172233	48141
0.172237	48142
0.172241	48143
0.172244	48144
0.172248	48145
0.172251	48146
0.172255	48147
0.172259	48148
0.172262	48149
0.172266	48150
0.17227	48151
0.172273	48152
0.172277	48153
0.17228	48154
0.172284	48155
0.172288	48156
0.172291	48157
0.172295	48158
0.172298	48159
0.172302	48160
0.172306	48161
0.172309	48162
0.172313	48163
0.172316	48164
0.17232	48165
0.172322	48166
0.172325	48167
0.172328	48168
0.172331	48169
0.172333	48170
0.172351	48171
0.172354	48172
0.172356	48173
0.172358	48174
0.172366	48175
0.172369	48176
0.172373	48177
0.172376	48178
0.17238	48180
0.172382	48181
0.172386	48182
0.172388	48183
0.172392	48184
0.172393	48185
0.172397	48186
0.172398	48187
0.172402	48188
0.172403	48189
0.172407	48190
0.17241	48191
0.172414	48192
0.172417	48193
0.172421	48194
0.172425	48195
0.172428	48196
0.172432	48197
0.172435	48198
0.172439	48199
0.172443	48200
0.172446	48201
0.17245	48202
0.172453	48203
0.172457	48204
0.172461	48205
0.172464	48206
0.172468	48207
0.172471	48208
0.172475	48209
0.172479	48210
0.172482	48211
0.172486	48212
0.172489	48213
0.172493	48214
0.172497	48215
0.1725	48216
0.172504	48217
0.172507	48218
0.172511	48219
0.172515	48220
0.172518	48221
0.172522	48222
0.172526	48223
0.172529	48224
0.172533	48225
0.172536	48226
0.17254	48227
0.172544	48228
0.172547	48229
0.172551	48230
0.172554	48231
0.172558	48232
0.172562	48233
0.172565	48234
0.172569	48235
0.172572	48236
0.172576	48237
0.17258	48238
0.172583	48239
0.172587	48240
0.17259	48241
0.172594	48242
0.172598	48243
0.172601	48244
0.172605	48245
0.172608	48246
0.172612	48247
0.172616	48248
0.172619	48249
0.172623	48250
0.172626	48251
0.17263	48252
0.172634	48253
0.172637	48254
0.172641	48255
0.172643	48256
0.172646	48257
0.172649	48258
0.172652	48259
0.172654	48260
0.172672	48261
0.172675	48262
0.172677	48263
0.172679	48264
0.172687	48265
0.17269	48266
0.172694	48267
0.172697	48268
0.172701	48269
0.172703	48270
0.172707	48271
0.172709	48272
0.172713	48273
0.172714	48274
0.172718	48275
0.172719	48276
0.172723	48277
0.172724	48278
0.172727	48279
0.172731	48280
0.172735	48281
0.172738	48282
0.172742	48283
0.172745	48284
0.172749	48285
0.172753	48286
0.172756	48287
0.17276	48288
0.172764	48289
0.172767	48290
0.172771	48291
0.172774	48292
0.172778	48293
0.172782	48294
0.172785	48295
0.172789	48296
0.172792	48297
0.172796	48298
0.1728	48299
0.172803	48300
0.172807	48302
0.17281	48303
0.172814	48304
0.172818	48305
0.172821	48306
0.172825	48307
0.172828	48308
0.172832	48309
0.172836	48310
0.172839	48311
0.172843	48312
0.172846	48313
0.17285	48314
0.172854	48315
0.172857	48316
0.172861	48317
0.172864	48318
0.172868	48319
0.172872	48320
0.172875	48321
0.172879	48322
0.172883	48323
0.172886	48324
0.17289	48325
0.172893	48326
0.172897	48327
0.172901	48328
0.172904	48329
0.172908	48330
0.172911	48331
0.172915	48332
0.172919	48333
0.172922	48334
0.172926	48335
0.172929	48336
0.172933	48337
0.172937	48338
0.17294	48339
0.172944	48340
0.172947	48341
0.172951	48342
0.172955	48343
0.172958	48344
0.172962	48345
0.172964	48346
0.172967	48347
0.17297	48348
0.172973	48349
0.172975	48350
0.172993	48351
0.172996	48352
0.172998	48353
0.173	48354
0.173008	48355
0.173011	48356
0.173015	48357
0.173018	48358
0.173022	48359
0.173024	48360
0.173028	48361
0.17303	48362
0.173034	48363
0.173035	48364
0.173039	48365
0.17304	48366
0.173044	48367
0.173045	48368
0.173048	48369
0.173052	48370
0.173056	48371
0.173059	48372
0.173063	48373
0.173066	48374
0.17307	48375
0.173074	48376
0.173077	48377
0.173081	48378
0.173084	48379
0.173088	48380
0.173092	48381
0.173095	48382
0.173099	48383
0.173102	48384
0.173106	48385
0.17311	48386
0.173113	48387
0.173117	48388
0.173121	48389
0.173124	48390
0.173128	48391
0.173131	48392
0.173135	48393
0.173139	48394
0.173142	48395
0.173146	48396
0.173149	48397
0.173153	48398
0.173157	48399
0.17316	48400
0.173164	48401
0.173167	48402
0.173171	48403
0.173175	48404
0.173178	48405
0.173182	48406
0.173185	48407
0.173189	48408
0.173193	48409
0.173196	48410
0.1732	48411
0.173203	48412
0.173207	48413
0.173211	48414
0.173214	48415
0.173218	48416
0.173221	48417
0.173225	48418
0.173229	48419
0.173232	48420
0.173236	48421
0.17324	48422
0.173243	48424
0.173247	48425
0.17325	48426
0.173254	48427
0.173258	48428
0.173261	48429
0.173265	48430
0.173268	48431
0.173272	48432
0.173276	48433
0.173279	48434
0.173283	48435
0.173285	48436
0.173288	48437
0.173291	48438
0.173294	48439
0.173296	48440
0.173314	48441
0.173316	48442
0.173319	48443
0.173321	48444
0.173328	48445
0.173332	48446
0.173336	48447
0.173339	48448
0.173343	48449
0.173345	48450
0.173349	48451
0.173351	48452
0.173355	48453
0.173356	48454
0.17336	48455
0.173361	48456
0.173365	48457
0.173366	48458
0.173369	48459
0.173373	48460
0.173377	48461
0.17338	48462
0.173384	48463
0.173387	48464
0.173391	48465
0.173395	48466
0.173398	48467
0.173402	48468
0.173405	48469
0.173409	48470
0.173413	48471
0.173416	48472
0.17342	48473
0.173423	48474
0.173427	48475
0.173431	48476
0.173434	48477
0.173438	48478
0.173441	48479
0.173445	48480
0.173449	48481
0.173452	48482
0.173456	48483
0.173459	48484
0.173463	48485
0.173467	48486
0.17347	48487
0.173474	48488
0.173478	48489
0.173481	48490
0.173485	48491
0.173488	48492
0.173492	48493
0.173496	48494
0.173499	48495
0.173503	48496
0.173506	48497
0.17351	48498
0.173514	48499
0.173517	48500
0.173521	48501
0.173524	48502
0.173528	48503
0.173532	48504
0.173535	48505
0.173539	48506
0.173542	48507
0.173546	48508
0.17355	48509
0.173553	48510
0.173557	48511
0.17356	48512
0.173564	48513
0.173568	48514
0.173571	48515
0.173575	48516
0.173578	48517
0.173582	48518
0.173586	48519
0.173589	48520
0.173593	48521
0.173597	48522
0.1736	48523
0.173604	48524
0.173606	48525
0.173609	48526
0.173612	48527
0.173615	48528
0.173617	48529
0.173635	48530
0.173637	48531
0.17364	48532
0.173642	48533
0.173649	48534
0.173653	48535
0.173657	48536
0.17366	48537
0.173664	48538
0.173666	48539
0.17367	48540
0.173672	48541
0.173676	48542
0.173677	48543
0.173681	48545
0.173682	48546
0.173685	48547
0.173687	48548
0.17369	48549
0.173694	48550
0.173697	48551
0.173701	48552
0.173705	48553
0.173708	48554
0.173712	48555
0.173716	48556
0.173719	48557
0.173723	48558
0.173726	48559
0.17373	48560
0.173734	48561
0.173737	48562
0.173741	48563
0.173744	48564
0.173748	48565
0.173752	48566
0.173755	48567
0.173759	48568
0.173762	48569
0.173766	48570
0.17377	48571
0.173773	48572
0.173777	48573
0.17378	48574
0.173784	48575
0.173788	48576
0.173791	48577
0.173795	48578
0.173798	48579
0.173802	48580
0.173806	48581
0.173809	48582
0.173813	48583
0.173816	48584
0.17382	48585
0.173824	48586
0.173827	48587
0.173831	48588
0.173835	48589
0.173838	48590
0.173842	48591
0.173845	48592
0.173849	48593
0.173853	48594
0.173856	48595
0.17386	48596
0.173863	48597
0.173867	48598
0.173871	48599
0.173874	48600
0.173878	48601
0.173881	48602
0.173885	48603
0.173889	48604
0.173892	48605
0.173896	48606
0.173899	48607
0.173903	48608
0.173907	48609
0.17391	48610
0.173914	48611
0.173917	48612
0.173921	48613
0.173925	48614
0.173927	48615
0.173929	48616
0.173933	48617
0.173935	48618
0.173938	48619
0.173956	48620
0.173958	48621
0.173961	48622
0.173963	48623
0.17397	48624
0.173974	48625
0.173978	48626
0.173981	48627
0.173985	48628
0.173987	48629
0.173991	48630
0.173993	48631
0.173997	48632
0.173998	48633
0.174002	48634
0.174003	48635
0.174006	48636
0.174008	48637
0.174011	48638
0.174015	48639
0.174018	48640
0.174022	48641
0.174026	48642
0.174029	48643
0.174033	48644
0.174036	48645
0.17404	48646
0.174044	48647
0.174047	48648
0.174051	48649
0.174054	48650
0.174058	48651
0.174062	48652
0.174065	48653
0.174069	48654
0.174073	48655
0.174076	48656
0.17408	48657
0.174083	48658
0.174087	48659
0.174091	48660
0.174094	48661
0.174098	48662
0.174101	48663
0.174105	48664
0.174109	48665
0.174112	48667
0.174116	48668
0.174119	48669
0.174123	48670
0.174127	48671
0.17413	48672
0.174134	48673
0.174137	48674
0.174141	48675
0.174145	48676
0.174148	48677
0.174152	48678
0.174155	48679
0.174159	48680
0.174163	48681
0.174166	48682
0.17417	48683
0.174173	48684
0.174177	48685
0.174181	48686
0.174184	48687
0.174188	48688
0.174191	48689
0.174195	48690
0.174199	48691
0.174202	48692
0.174206	48693
0.17421	48694
0.174213	48695
0.174217	48696
0.17422	48697
0.174224	48698
0.174228	48699
0.174231	48700
0.174235	48701
0.174238	48702
0.174242	48703
0.174246	48704
0.174248	48705
0.17425	48706
0.174254	48707
0.174256	48708
0.174259	48709
0.174277	48710
0.174279	48711
0.174282	48712
0.174284	48713
0.174291	48714
0.174295	48715
0.174298	48716
0.174302	48717
0.174306	48718
0.174308	48719
0.174312	48720
0.174314	48721
0.174318	48722
0.174319	48723
0.174323	48724
0.174324	48725
0.174327	48726
0.174329	48727
0.174332	48728
0.174336	48729
0.174339	48730
0.174343	48731
0.174347	48732
0.17435	48733
0.174354	48734
0.174357	48735
0.174361	48736
0.174365	48737
0.174368	48738
0.174372	48739
0.174375	48740
0.174379	48741
0.174383	48742
0.174386	48743
0.17439	48744
0.174393	48745
0.174397	48746
0.174401	48747
0.174404	48748
0.174408	48749
0.174411	48750
0.174415	48751
0.174419	48752
0.174422	48753
0.174426	48754
0.174429	48755
0.174433	48756
0.174437	48757
0.17444	48758
0.174444	48759
0.174448	48760
0.174451	48761
0.174455	48762
0.174458	48763
0.174462	48764
0.174466	48765
0.174469	48766
0.174473	48767
0.174476	48768
0.17448	48769
0.174484	48770
0.174487	48771
0.174491	48772
0.174494	48773
0.174498	48774
0.174502	48775
0.174505	48776
0.174509	48777
0.174512	48778
0.174516	48779
0.17452	48780
0.174523	48781
0.174527	48782
0.17453	48783
0.174534	48784
0.174538	48785
0.174541	48786
0.174545	48787
0.174548	48789
0.174552	48790
0.174556	48791
0.174559	48792
0.174563	48793
0.174567	48794
0.174569	48795
0.174571	48796
0.174575	48797
0.174577	48798
0.17458	48799
0.174598	48800
0.1746	48801
0.174603	48802
0.174605	48803
0.174612	48804
0.174616	48805
0.174619	48806
0.174623	48807
0.174627	48808
0.174629	48809
0.174633	48810
0.174635	48811
0.174639	48812
0.17464	48813
0.174643	48814
0.174645	48815
0.174648	48816
0.174649	48817
0.174653	48818
0.174657	48819
0.17466	48820
0.174664	48821
0.174667	48822
0.174671	48823
0.174675	48824
0.174678	48825
0.174682	48826
0.174686	48827
0.174689	48828
0.174693	48829
0.174696	48830
0.1747	48831
0.174704	48832
0.174707	48833
0.174711	48834
0.174714	48835
0.174718	48836
0.174722	48837
0.174725	48838
0.174729	48839
0.174732	48840
0.174736	48841
0.17474	48842
0.174743	48843
0.174747	48844
0.17475	48845
0.174754	48846
0.174758	48847
0.174761	48848
0.174765	48849
0.174768	48850
0.174772	48851
0.174776	48852
0.174779	48853
0.174783	48854
0.174786	48855
0.17479	48856
0.174794	48857
0.174797	48858
0.174801	48859
0.174805	48860
0.174808	48861
0.174812	48862
0.174815	48863
0.174819	48864
0.174823	48865
0.174826	48866
0.17483	48867
0.174833	48868
0.174837	48869
0.174841	48870
0.174844	48871
0.174848	48872
0.174851	48873
0.174855	48874
0.174859	48875
0.174862	48876
0.174866	48877
0.174869	48878
0.174873	48879
0.174877	48880
0.17488	48881
0.174884	48882
0.174887	48883
0.17489	48884
0.174892	48885
0.174896	48886
0.174898	48887
0.174901	48888
0.174919	48889
0.174921	48890
0.174924	48891
0.174926	48892
0.174933	48893
0.174937	48894
0.17494	48895
0.174944	48896
0.174948	48897
0.17495	48898
0.174954	48899
0.174956	48900
0.17496	48901
0.174961	48902
0.174964	48903
0.174966	48904
0.174969	48905
0.17497	48906
0.174974	48907
0.174978	48908
0.174981	48910
0.174985	48911
0.174988	48912
0.174992	48913
0.174996	48914
0.174999	48915
0.175003	48916
0.175006	48917
0.17501	48918
0.175014	48919
0.175017	48920
0.175021	48921
0.175024	48922
0.175028	48923
0.175032	48924
0.175035	48925
0.175039	48926
0.175043	48927
0.175046	48928
0.17505	48929
0.175053	48930
0.175057	48931
0.175061	48932
0.175064	48933
0.175068	48934
0.175071	48935
0.175075	48936
0.175079	48937
0.175082	48938
0.175086	48939
0.175089	48940
0.175093	48941
0.175097	48942
0.1751	48943
0.175104	48944
0.175107	48945
0.175111	48946
0.175115	48947
0.175118	48948
0.175122	48949
0.175125	48950
0.175129	48951
0.175133	48952
0.175136	48953
0.17514	48954
0.175143	48955
0.175147	48956
0.175151	48957
0.175154	48958
0.175158	48959
0.175162	48960
0.175165	48961
0.175169	48962
0.175172	48963
0.175176	48964
0.17518	48965
0.175183	48966
0.175187	48967
0.17519	48968
0.175194	48969
0.175198	48970
0.175201	48971
0.175205	48972
0.175208	48973
0.175211	48974
0.175213	48975
0.175217	48976
0.175219	48977
0.175222	48978
0.17524	48979
0.175242	48980
0.175244	48981
0.175247	48982
0.175254	48983
0.175258	48984
0.175261	48985
0.175265	48986
0.175268	48987
0.175271	48988
0.175275	48989
0.175277	48990
0.175281	48991
0.175282	48992
0.175285	48993
0.175287	48994
0.17529	48995
0.175291	48996
0.175295	48997
0.175299	48998
0.175302	48999
0.175306	49000
0.175309	49001
0.175313	49002
0.175317	49003
0.17532	49004
0.175324	49005
0.175327	49006
0.175331	49007
0.175335	49008
0.175338	49009
0.175342	49010
0.175345	49011
0.175349	49012
0.175353	49013
0.175356	49014
0.17536	49015
0.175363	49016
0.175367	49017
0.175371	49018
0.175374	49019
0.175378	49020
0.175381	49021
0.175385	49022
0.175389	49023
0.175392	49024
0.175396	49025
0.1754	49026
0.175403	49027
0.175407	49028
0.17541	49029
0.175414	49030
0.175418	49032
0.175421	49033
0.175425	49034
0.175428	49035
0.175432	49036
0.175436	49037
0.175439	49038
0.175443	49039
0.175446	49040
0.17545	49041
0.175454	49042
0.175457	49043
0.175461	49044
0.175464	49045
0.175468	49046
0.175472	49047
0.175475	49048
0.175479	49049
0.175482	49050
0.175486	49051
0.17549	49052
0.175493	49053
0.175497	49054
0.1755	49055
0.175504	49056
0.175508	49057
0.175511	49058
0.175515	49059
0.175519	49060
0.175522	49061
0.175526	49062
0.175529	49063
0.175532	49064
0.175534	49065
0.175538	49066
0.17554	49067
0.175543	49068
0.175561	49069
0.175563	49070
0.175565	49071
0.175568	49072
0.175575	49073
0.175579	49074
0.175582	49075
0.175586	49076
0.175589	49077
0.175592	49078
0.175595	49079
0.175598	49080
0.175601	49081
0.175603	49082
0.175606	49083
0.175607	49084
0.175611	49085
0.175612	49086
0.175616	49087
0.175619	49088
0.175623	49089
0.175627	49090
0.17563	49091
0.175634	49092
0.175638	49093
0.175641	49094
0.175645	49095
0.175648	49096
0.175652	49097
0.175656	49098
0.175659	49099
0.175663	49100
0.175666	49101
0.17567	49102
0.175674	49103
0.175677	49104
0.175681	49105
0.175684	49106
0.175688	49107
0.175692	49108
0.175695	49109
0.175699	49110
0.175702	49111
0.175706	49112
0.17571	49113
0.175713	49114
0.175717	49115
0.17572	49116
0.175724	49117
0.175728	49118
0.175731	49119
0.175735	49120
0.175738	49121
0.175742	49122
0.175746	49123
0.175749	49124
0.175753	49125
0.175757	49126
0.17576	49127
0.175764	49128
0.175767	49129
0.175771	49130
0.175775	49131
0.175778	49132
0.175782	49133
0.175785	49134
0.175789	49135
0.175793	49136
0.175796	49137
0.1758	49138
0.175803	49139
0.175807	49140
0.175811	49141
0.175814	49142
0.175818	49143
0.175821	49144
0.175825	49145
0.175829	49146
0.175832	49147
0.175836	49148
0.175839	49149
0.175843	49150
0.175847	49151
0.17585	49152
0.175853	49154
0.175855	49155
0.175859	49156
0.175861	49157
0.175863	49158
0.175882	49159
0.175884	49160
0.175886	49161
0.175889	49162
0.175896	49163
0.1759	49164
0.175903	49165
0.175907	49166
0.17591	49167
0.175913	49168
0.175916	49169
0.175919	49170
0.175922	49171
0.175924	49172
0.175927	49173
0.175928	49174
0.175932	49175
0.175933	49176
0.175937	49177
0.17594	49178
0.175944	49179
0.175948	49180
0.175951	49181
0.175955	49182
0.175958	49183
0.175962	49184
0.175966	49185
0.175969	49186
0.175973	49187
0.175976	49188
0.17598	49189
0.175984	49190
0.175987	49191
0.175991	49192
0.175994	49193
0.175998	49194
0.176002	49195
0.176005	49196
0.176009	49197
0.176013	49198
0.176016	49199
0.17602	49200
0.176023	49201
0.176027	49202
0.176031	49203
0.176034	49204
0.176038	49205
0.176041	49206
0.176045	49207
0.176049	49208
0.176052	49209
0.176056	49210
0.176059	49211
0.176063	49212
0.176067	49213
0.17607	49214
0.176074	49215
0.176077	49216
0.176081	49217
0.176085	49218
0.176088	49219
0.176092	49220
0.176095	49221
0.176099	49222
0.176103	49223
0.176106	49224
0.17611	49225
0.176113	49226
0.176117	49227
0.176121	49228
0.176124	49229
0.176128	49230
0.176132	49231
0.176135	49232
0.176139	49233
0.176142	49234
0.176146	49235
0.17615	49236
0.176153	49237
0.176157	49238
0.17616	49239
0.176164	49240
0.176168	49241
0.176171	49242
0.176174	49243
0.176176	49244
0.17618	49245
0.176182	49246
0.176184	49247
0.176202	49248
0.176205	49249
0.176207	49250
0.17621	49251
0.176217	49252
0.17622	49253
0.176224	49254
0.176228	49255
0.176231	49256
0.176234	49257
0.176237	49258
0.17624	49259
0.176243	49260
0.176245	49261
0.176248	49262
0.176249	49263
0.176253	49264
0.176254	49265
0.176258	49266
0.176261	49267
0.176265	49268
0.176269	49269
0.176272	49270
0.176276	49271
0.176279	49272
0.176283	49273
0.176287	49275
0.17629	49276
0.176294	49277
0.176297	49278
0.176301	49279
0.176305	49280
0.176308	49281
0.176312	49282
0.176315	49283
0.176319	49284
0.176323	49285
0.176326	49286
0.17633	49287
0.176333	49288
0.176337	49289
0.176341	49290
0.176344	49291
0.176348	49292
0.176351	49293
0.176355	49294
0.176359	49295
0.176362	49296
0.176366	49297
0.17637	49298
0.176373	49299
0.176377	49300
0.17638	49301
0.176384	49302
0.176388	49303
0.176391	49304
0.176395	49305
0.176398	49306
0.176402	49307
0.176406	49308
0.176409	49309
0.176413	49310
0.176416	49311
0.17642	49312
0.176424	49313
0.176427	49314
0.176431	49315
0.176434	49316
0.176438	49317
0.176442	49318
0.176445	49319
0.176449	49320
0.176452	49321
0.176456	49322
0.17646	49323
0.176463	49324
0.176467	49325
0.17647	49326
0.176474	49327
0.176478	49328
0.176481	49329
0.176485	49330
0.176489	49331
0.176492	49332
0.176495	49333
0.176497	49334
0.176501	49335
0.176503	49336
0.176505	49337
0.176523	49338
0.176526	49339
0.176528	49340
0.176531	49341
0.176538	49342
0.176541	49343
0.176545	49344
0.176549	49345
0.176552	49346
0.176555	49347
0.176558	49348
0.176561	49349
0.176564	49350
0.176565	49351
0.176569	49352
0.17657	49353
0.176574	49354
0.176575	49355
0.176579	49356
0.176582	49357
0.176586	49358
0.176589	49359
0.176593	49360
0.176597	49361
0.1766	49362
0.176604	49363
0.176608	49364
0.176611	49365
0.176615	49366
0.176618	49367
0.176622	49368
0.176626	49369
0.176629	49370
0.176633	49371
0.176636	49372
0.17664	49373
0.176644	49374
0.176647	49375
0.176651	49376
0.176654	49377
0.176658	49378
0.176662	49379
0.176665	49380
0.176669	49381
0.176672	49382
0.176676	49383
0.17668	49384
0.176683	49385
0.176687	49386
0.17669	49387
0.176694	49388
0.176698	49389
0.176701	49390
0.176705	49391
0.176708	49392
0.176712	49393
0.176716	49394
0.176719	49395
0.176723	49397
0.176727	49398
0.17673	49399
0.176734	49400
0.176737	49401
0.176741	49402
0.176745	49403
0.176748	49404
0.176752	49405
0.176755	49406
0.176759	49407
0.176763	49408
0.176766	49409
0.17677	49410
0.176773	49411
0.176777	49412
0.176781	49413
0.176784	49414
0.176788	49415
0.176791	49416
0.176795	49417
0.176799	49418
0.176802	49419
0.176806	49420
0.176809	49421
0.176813	49422
0.176815	49423
0.176818	49424
0.176821	49425
0.176824	49426
0.176826	49427
0.176844	49428
0.176847	49429
0.176849	49430
0.176852	49431
0.176859	49432
0.176862	49433
0.176866	49434
0.17687	49435
0.176873	49436
0.176876	49437
0.176879	49438
0.176882	49439
0.176885	49440
0.176886	49441
0.17689	49442
0.176891	49443
0.176895	49444
0.176896	49445
0.1769	49446
0.176903	49447
0.176907	49448
0.17691	49449
0.176914	49450
0.176918	49451
0.176921	49452
0.176925	49453
0.176928	49454
0.176932	49455
0.176936	49456
0.176939	49457
0.176943	49458
0.176946	49459
0.17695	49460
0.176954	49461
0.176957	49462
0.176961	49463
0.176965	49464
0.176968	49465
0.176972	49466
0.176975	49467
0.176979	49468
0.176983	49469
0.176986	49470
0.17699	49471
0.176993	49472
0.176997	49473
0.177001	49474
0.177004	49475
0.177008	49476
0.177011	49477
0.177015	49478
0.177019	49479
0.177022	49480
0.177026	49481
0.177029	49482
0.177033	49483
0.177037	49484
0.17704	49485
0.177044	49486
0.177047	49487
0.177051	49488
0.177055	49489
0.177058	49490
0.177062	49491
0.177065	49492
0.177069	49493
0.177073	49494
0.177076	49495
0.17708	49496
0.177084	49497
0.177087	49498
0.177091	49499
0.177094	49500
0.177098	49501
0.177102	49502
0.177105	49503
0.177109	49504
0.177112	49505
0.177116	49506
0.17712	49507
0.177123	49508
0.177127	49509
0.17713	49510
0.177134	49511
0.177136	49512
0.177139	49513
0.177142	49514
0.177145	49515
0.177147	49516
0.177165	49517
0.177168	49519
0.17717	49520
0.177172	49521
0.17718	49522
0.177183	49523
0.177187	49524
0.17719	49525
0.177194	49526
0.177196	49527
0.1772	49528
0.177203	49529
0.177206	49530
0.177207	49531
0.177211	49532
0.177212	49533
0.177216	49534
0.177217	49535
0.177221	49536
0.177224	49537
0.177228	49538
0.177231	49539
0.177235	49540
0.177239	49541
0.177242	49542
0.177246	49543
0.177249	49544
0.177253	49545
0.177257	49546
0.17726	49547
0.177264	49548
0.177267	49549
0.177271	49550
0.177275	49551
0.177278	49552
0.177282	49553
0.177285	49554
0.177289	49555
0.177293	49556
0.177296	49557
0.1773	49558
0.177303	49559
0.177307	49560
0.177311	49561
0.177314	49562
0.177318	49563
0.177322	49564
0.177325	49565
0.177329	49566
0.177332	49567
0.177336	49568
0.17734	49569
0.177343	49570
0.177347	49571
0.17735	49572
0.177354	49573
0.177358	49574
0.177361	49575
0.177365	49576
0.177368	49577
0.177372	49578
0.177376	49579
0.177379	49580
0.177383	49581
0.177386	49582
0.17739	49583
0.177394	49584
0.177397	49585
0.177401	49586
0.177404	49587
0.177408	49588
0.177412	49589
0.177415	49590
0.177419	49591
0.177422	49592
0.177426	49593
0.17743	49594
0.177433	49595
0.177437	49596
0.177441	49597
0.177444	49598
0.177448	49599
0.177451	49600
0.177455	49601
0.177457	49602
0.17746	49603
0.177463	49604
0.177466	49605
0.177468	49606
0.177486	49607
0.177489	49608
0.177491	49609
0.177493	49610
0.177501	49611
0.177504	49612
0.177508	49613
0.177511	49614
0.177515	49615
0.177517	49616
0.177521	49617
0.177523	49618
0.177527	49619
0.177528	49620
0.177532	49621
0.177533	49622
0.177537	49623
0.177538	49624
0.177541	49625
0.177545	49626
0.177549	49627
0.177552	49628
0.177556	49629
0.17756	49630
0.177563	49631
0.177567	49632
0.17757	49633
0.177574	49634
0.177578	49635
0.177581	49636
0.177585	49637
0.177588	49638
0.177592	49640
0.177596	49641
0.177599	49642
0.177603	49643
0.177606	49644
0.17761	49645
0.177614	49646
0.177617	49647
0.177621	49648
0.177624	49649
0.177628	49650
0.177632	49651
0.177635	49652
0.177639	49653
0.177642	49654
0.177646	49655
0.17765	49656
0.177653	49657
0.177657	49658
0.17766	49659
0.177664	49660
0.177668	49661
0.177671	49662
0.177675	49663
0.177679	49664
0.177682	49665
0.177686	49666
0.177689	49667
0.177693	49668
0.177697	49669
0.1777	49670
0.177704	49671
0.177707	49672
0.177711	49673
0.177715	49674
0.177718	49675
0.177722	49676
0.177725	49677
0.177729	49678
0.177733	49679
0.177736	49680
0.17774	49681
0.177743	49682
0.177747	49683
0.177751	49684
0.177754	49685
0.177758	49686
0.177761	49687
0.177765	49688
0.177769	49689
0.177772	49690
0.177776	49691
0.177778	49692
0.177781	49693
0.177784	49694
0.177787	49695
0.177789	49696
0.177807	49697
0.17781	49698
0.177812	49699
0.177814	49700
0.177822	49701
0.177825	49702
0.177829	49703
0.177832	49704
0.177836	49705
0.177838	49706
0.177842	49707
0.177844	49708
0.177848	49709
0.177849	49710
0.177853	49711
0.177854	49712
0.177858	49713
0.177859	49714
0.177862	49715
0.177866	49716
0.17787	49717
0.177873	49718
0.177877	49719
0.17788	49720
0.177884	49721
0.177888	49722
0.177891	49723
0.177895	49724
0.177898	49725
0.177902	49726
0.177906	49727
0.177909	49728
0.177913	49729
0.177916	49730
0.17792	49731
0.177924	49732
0.177927	49733
0.177931	49734
0.177935	49735
0.177938	49736
0.177942	49737
0.177945	49738
0.177949	49739
0.177953	49740
0.177956	49741
0.17796	49742
0.177963	49743
0.177967	49744
0.177971	49745
0.177974	49746
0.177978	49747
0.177981	49748
0.177985	49749
0.177989	49750
0.177992	49751
0.177996	49752
0.177999	49753
0.178003	49754
0.178007	49755
0.17801	49756
0.178014	49757
0.178017	49758
0.178021	49759
0.178025	49760
0.178028	49762
0.178032	49763
0.178035	49764
0.178039	49765
0.178043	49766
0.178046	49767
0.17805	49768
0.178054	49769
0.178057	49770
0.178061	49771
0.178064	49772
0.178068	49773
0.178072	49774
0.178075	49775
0.178079	49776
0.178082	49777
0.178086	49778
0.17809	49779
0.178093	49780
0.178097	49781
0.178099	49782
0.178102	49783
0.178105	49784
0.178108	49785
0.17811	49786
0.178128	49787
0.17813	49788
0.178133	49789
0.178135	49790
0.178142	49791
0.178146	49792
0.17815	49793
0.178153	49794
0.178157	49795
0.178159	49796
0.178163	49797
0.178165	49798
0.178169	49799
0.17817	49800
0.178174	49801
0.178175	49802
0.178179	49803
0.17818	49804
0.178183	49805
0.178187	49806
0.178191	49807
0.178194	49808
0.178198	49809
0.178201	49810
0.178205	49811
0.178209	49812
0.178212	49813
0.178216	49814
0.178219	49815
0.178223	49816
0.178227	49817
0.17823	49818
0.178234	49819
0.178237	49820
0.178241	49821
0.178245	49822
0.178248	49823
0.178252	49824
0.178255	49825
0.178259	49826
0.178263	49827
0.178266	49828
0.17827	49829
0.178273	49830
0.178277	49831
0.178281	49832
0.178284	49833
0.178288	49834
0.178292	49835
0.178295	49836
0.178299	49837
0.178302	49838
0.178306	49839
0.17831	49840
0.178313	49841
0.178317	49842
0.17832	49843
0.178324	49844
0.178328	49845
0.178331	49846
0.178335	49847
0.178338	49848
0.178342	49849
0.178346	49850
0.178349	49851
0.178353	49852
0.178356	49853
0.17836	49854
0.178364	49855
0.178367	49856
0.178371	49857
0.178374	49858
0.178378	49859
0.178382	49860
0.178385	49861
0.178389	49862
0.178392	49863
0.178396	49864
0.1784	49865
0.178403	49866
0.178407	49867
0.178411	49868
0.178414	49869
0.178418	49870
0.17842	49871
0.178423	49872
0.178426	49873
0.178429	49874
0.178431	49875
0.178449	49876
0.178451	49877
0.178454	49878
0.178456	49879
0.178463	49880
0.178467	49881
0.178471	49882
0.178474	49884
0.178478	49885
0.17848	49886
0.178484	49887
0.178486	49888
0.17849	49889
0.178491	49890
0.178495	49891
0.178496	49892
0.178499	49893
0.178501	49894
0.178504	49895
0.178508	49896
0.178511	49897
0.178515	49898
0.178519	49899
0.178522	49900
0.178526	49901
0.17853	49902
0.178533	49903
0.178537	49904
0.17854	49905
0.178544	49906
0.178548	49907
0.178551	49908
0.178555	49909
0.178558	49910
0.178562	49911
0.178566	49912
0.178569	49913
0.178573	49914
0.178576	49915
0.17858	49916
0.178584	49917
0.178587	49918
0.178591	49919
0.178594	49920
0.178598	49921
0.178602	49922
0.178605	49923
0.178609	49924
0.178612	49925
0.178616	49926
0.17862	49927
0.178623	49928
0.178627	49929
0.17863	49930
0.178634	49931
0.178638	49932
0.178641	49933
0.178645	49934
0.178649	49935
0.178652	49936
0.178656	49937
0.178659	49938
0.178663	49939
0.178667	49940
0.17867	49941
0.178674	49942
0.178677	49943
0.178681	49944
0.178685	49945
0.178688	49946
0.178692	49947
0.178695	49948
0.178699	49949
0.178703	49950
0.178706	49951
0.17871	49952
0.178713	49953
0.178717	49954
0.178721	49955
0.178724	49956
0.178728	49957
0.178731	49958
0.178735	49959
0.178739	49960
0.178741	49961
0.178743	49962
0.178747	49963
0.178749	49964
0.178752	49965
0.17877	49966
0.178772	49967
0.178775	49968
0.178777	49969
0.178784	49970
0.178788	49971
0.178792	49972
0.178795	49973
0.178799	49974
0.178801	49975
0.178805	49976
0.178807	49977
0.178811	49978
0.178812	49979
0.178816	49980
0.178817	49981
0.17882	49982
0.178822	49983
0.178825	49984
0.178829	49985
0.178832	49986
0.178836	49987
0.17884	49988
0.178843	49989
0.178847	49990
0.17885	49991
0.178854	49992
0.178858	49993
0.178861	49994
0.178865	49995
0.178868	49996
0.178872	49997
0.178876	49998
0.178879	49999
0.178883	50000
0.178887	50001
0.17889	50002
0.178894	50003
0.178897	50005
0.178901	50006
0.178905	50007
0.178908	50008
0.178912	50009
0.178915	50010
0.178919	50011
0.178923	50012
0.178926	50013
0.17893	50014
0.178933	50015
0.178937	50016
0.178941	50017
0.178944	50018
0.178948	50019
0.178951	50020
0.178955	50021
0.178959	50022
0.178962	50023
0.178966	50024
0.178969	50025
0.178973	50026
0.178977	50027
0.17898	50028
0.178984	50029
0.178987	50030
0.178991	50031
0.178995	50032
0.178998	50033
0.179002	50034
0.179006	50035
0.179009	50036
0.179013	50037
0.179016	50038
0.17902	50039
0.179024	50040
0.179027	50041
0.179031	50042
0.179034	50043
0.179038	50044
0.179042	50045
0.179045	50046
0.179049	50047
0.179052	50048
0.179056	50049
0.17906	50050
0.179062	50051
0.179064	50052
0.179068	50053
0.17907	50054
0.179073	50055
0.179091	50056
0.179093	50057
0.179096	50058
0.179098	50059
0.179105	50060
0.179109	50061
0.179112	50062
0.179116	50063
0.17912	50064
0.179122	50065
0.179126	50066
0.179128	50067
0.179132	50068
0.179133	50069
0.179137	50070
0.179138	50071
0.179141	50072
0.179143	50073
0.179146	50074
0.17915	50075
0.179153	50076
0.179157	50077
0.179161	50078
0.179164	50079
0.179168	50080
0.179171	50081
0.179175	50082
0.179179	50083
0.179182	50084
0.179186	50085
0.179189	50086
0.179193	50087
0.179197	50088
0.1792	50089
0.179204	50090
0.179207	50091
0.179211	50092
0.179215	50093
0.179218	50094
0.179222	50095
0.179225	50096
0.179229	50097
0.179233	50098
0.179236	50099
0.17924	50100
0.179244	50101
0.179247	50102
0.179251	50103
0.179254	50104
0.179258	50105
0.179262	50106
0.179265	50107
0.179269	50108
0.179272	50109
0.179276	50110
0.17928	50111
0.179283	50112
0.179287	50113
0.17929	50114
0.179294	50115
0.179298	50116
0.179301	50117
0.179305	50118
0.179308	50119
0.179312	50120
0.179316	50121
0.179319	50122
0.179323	50123
0.179326	50124
0.17933	50125
0.179334	50127
0.179337	50128
0.179341	50129
0.179344	50130
0.179348	50131
0.179352	50132
0.179355	50133
0.179359	50134
0.179363	50135
0.179366	50136
0.17937	50137
0.179373	50138
0.179377	50139
0.179381	50140
0.179383	50141
0.179385	50142
0.179389	50143
0.179391	50144
0.179394	50145
0.179412	50146
0.179414	50147
0.179417	50148
0.179419	50149
0.179426	50150
0.17943	50151
0.179433	50152
0.179437	50153
0.179441	50154
0.179443	50155
0.179447	50156
0.179449	50157
0.179453	50158
0.179454	50159
0.179457	50160
0.179459	50161
0.179462	50162
0.179463	50163
0.179467	50164
0.179471	50165
0.179474	50166
0.179478	50167
0.179482	50168
0.179485	50169
0.179489	50170
0.179492	50171
0.179496	50172
0.1795	50173
0.179503	50174
0.179507	50175
0.17951	50176
0.179514	50177
0.179518	50178
0.179521	50179
0.179525	50180
0.179528	50181
0.179532	50182
0.179536	50183
0.179539	50184
0.179543	50185
0.179546	50186
0.17955	50187
0.179554	50188
0.179557	50189
0.179561	50190
0.179564	50191
0.179568	50192
0.179572	50193
0.179575	50194
0.179579	50195
0.179582	50196
0.179586	50197
0.17959	50198
0.179593	50199
0.179597	50200
0.1796	50201
0.179604	50202
0.179608	50203
0.179611	50204
0.179615	50205
0.179619	50206
0.179622	50207
0.179626	50208
0.179629	50209
0.179633	50210
0.179637	50211
0.17964	50212
0.179644	50213
0.179647	50214
0.179651	50215
0.179655	50216
0.179658	50217
0.179662	50218
0.179665	50219
0.179669	50220
0.179673	50221
0.179676	50222
0.17968	50223
0.179683	50224
0.179687	50225
0.179691	50226
0.179694	50227
0.179698	50228
0.179701	50229
0.179704	50230
0.179706	50231
0.17971	50232
0.179712	50233
0.179715	50234
0.179733	50235
0.179735	50236
0.179738	50237
0.17974	50238
0.179747	50239
0.179751	50240
0.179754	50241
0.179758	50242
0.179762	50243
0.179764	50244
0.179768	50245
0.17977	50246
0.179774	50247
0.179775	50249
0.179778	50250
0.17978	50251
0.179783	50252
0.179784	50253
0.179788	50254
0.179792	50255
0.179795	50256
0.179799	50257
0.179802	50258
0.179806	50259
0.17981	50260
0.179813	50261
0.179817	50262
0.17982	50263
0.179824	50264
0.179828	50265
0.179831	50266
0.179835	50267
0.179838	50268
0.179842	50269
0.179846	50270
0.179849	50271
0.179853	50272
0.179857	50273
0.17986	50274
0.179864	50275
0.179867	50276
0.179871	50277
0.179875	50278
0.179878	50279
0.179882	50280
0.179885	50281
0.179889	50282
0.179893	50283
0.179896	50284
0.1799	50285
0.179903	50286
0.179907	50287
0.179911	50288
0.179914	50289
0.179918	50290
0.179921	50291
0.179925	50292
0.179929	50293
0.179932	50294
0.179936	50295
0.179939	50296
0.179943	50297
0.179947	50298
0.17995	50299
0.179954	50300
0.179957	50301
0.179961	50302
0.179965	50303
0.179968	50304
0.179972	50305
0.179976	50306
0.179979	50307
0.179983	50308
0.179986	50309
0.17999	50310
0.179994	50311
0.179997	50312
0.180001	50313
0.180004	50314
0.180008	50315
0.180012	50316
0.180015	50317
0.180019	50318
0.180022	50319
0.180025	50320
0.180027	50321
0.180031	50322
0.180033	50323
0.180036	50324
0.180054	50325
0.180056	50326
0.180058	50327
0.180061	50328
0.180068	50329
0.180072	50330
0.180075	50331
0.180079	50332
0.180083	50333
0.180085	50334
0.180089	50335
0.180091	50336
0.180095	50337
0.180096	50338
0.180099	50339
0.180101	50340
0.180104	50341
0.180105	50342
0.180109	50343
0.180113	50344
0.180116	50345
0.18012	50346
0.180123	50347
0.180127	50348
0.180131	50349
0.180134	50350
0.180138	50351
0.180141	50352
0.180145	50353
0.180149	50354
0.180152	50355
0.180156	50356
0.180159	50357
0.180163	50358
0.180167	50359
0.18017	50360
0.180174	50361
0.180177	50362
0.180181	50363
0.180185	50364
0.180188	50365
0.180192	50366
0.180195	50367
0.180199	50368
0.180203	50370
0.180206	50371
0.18021	50372
0.180214	50373
0.180217	50374
0.180221	50375
0.180224	50376
0.180228	50377
0.180232	50378
0.180235	50379
0.180239	50380
0.180242	50381
0.180246	50382
0.18025	50383
0.180253	50384
0.180257	50385
0.18026	50386
0.180264	50387
0.180268	50388
0.180271	50389
0.180275	50390
0.180278	50391
0.180282	50392
0.180286	50393
0.180289	50394
0.180293	50395
0.180296	50396
0.1803	50397
0.180304	50398
0.180307	50399
0.180311	50400
0.180314	50401
0.180318	50402
0.180322	50403
0.180325	50404
0.180329	50405
0.180333	50406
0.180336	50407
0.18034	50408
0.180343	50409
0.180346	50410
0.180348	50411
0.180352	50412
0.180354	50413
0.180357	50414
0.180375	50415
0.180377	50416
0.180379	50417
0.180382	50418
0.180389	50419
0.180393	50420
0.180396	50421
0.1804	50422
0.180403	50423
0.180406	50424
0.180409	50425
0.180412	50426
0.180415	50427
0.180417	50428
0.18042	50429
0.180421	50430
0.180425	50431
0.180426	50432
0.18043	50433
0.180433	50434
0.180437	50435
0.180441	50436
0.180444	50437
0.180448	50438
0.180452	50439
0.180455	50440
0.180459	50441
0.180462	50442
0.180466	50443
0.18047	50444
0.180473	50445
0.180477	50446
0.18048	50447
0.180484	50448
0.180488	50449
0.180491	50450
0.180495	50451
0.180498	50452
0.180502	50453
0.180506	50454
0.180509	50455
0.180513	50456
0.180516	50457
0.18052	50458
0.180524	50459
0.180527	50460
0.180531	50461
0.180534	50462
0.180538	50463
0.180542	50464
0.180545	50465
0.180549	50466
0.180552	50467
0.180556	50468
0.18056	50469
0.180563	50470
0.180567	50471
0.180571	50472
0.180574	50473
0.180578	50474
0.180581	50475
0.180585	50476
0.180589	50477
0.180592	50478
0.180596	50479
0.180599	50480
0.180603	50481
0.180607	50482
0.18061	50483
0.180614	50484
0.180617	50485
0.180621	50486
0.180625	50487
0.180628	50488
0.180632	50489
0.180635	50490
0.180639	50492
0.180643	50493
0.180646	50494
0.18065	50495
0.180653	50496
0.180657	50497
0.180661	50498
0.180664	50499
0.180667	50500
0.180669	50501
0.180673	50502
0.180675	50503
0.180677	50504
0.180696	50505
0.180698	50506
0.1807	50507
0.180703	50508
0.18071	50509
0.180714	50510
0.180717	50511
0.180721	50512
0.180724	50513
0.180727	50514
0.18073	50515
0.180733	50516
0.180736	50517
0.180738	50518
0.180741	50519
0.180742	50520
0.180746	50521
0.180747	50522
0.180751	50523
0.180754	50524
0.180758	50525
0.180762	50526
0.180765	50527
0.180769	50528
0.180772	50529
0.180776	50530
0.18078	50531
0.180783	50532
0.180787	50533
0.18079	50534
0.180794	50535
0.180798	50536
0.180801	50537
0.180805	50538
0.180809	50539
0.180812	50540
0.180816	50541
0.180819	50542
0.180823	50543
0.180827	50544
0.18083	50545
0.180834	50546
0.180837	50547
0.180841	50548
0.180845	50549
0.180848	50550
0.180852	50551
0.180855	50552
0.180859	50553
0.180863	50554
0.180866	50555
0.18087	50556
0.180873	50557
0.180877	50558
0.180881	50559
0.180884	50560
0.180888	50561
0.180891	50562
0.180895	50563
0.180899	50564
0.180902	50565
0.180906	50566
0.180909	50567
0.180913	50568
0.180917	50569
0.18092	50570
0.180924	50571
0.180928	50572
0.180931	50573
0.180935	50574
0.180938	50575
0.180942	50576
0.180946	50577
0.180949	50578
0.180953	50579
0.180956	50580
0.18096	50581
0.180964	50582
0.180967	50583
0.180971	50584
0.180974	50585
0.180978	50586
0.180982	50587
0.180985	50588
0.180988	50589
0.18099	50590
0.180994	50591
0.180996	50592
0.180998	50593
0.181016	50594
0.181019	50595
0.181021	50596
0.181024	50597
0.181031	50598
0.181034	50599
0.181038	50600
0.181042	50601
0.181045	50602
0.181048	50603
0.181051	50604
0.181054	50605
0.181057	50606
0.181059	50607
0.181062	50608
0.181063	50609
0.181067	50610
0.181068	50611
0.181072	50612
0.181075	50614
0.181079	50615
0.181083	50616
0.181086	50617
0.18109	50618
0.181093	50619
0.181097	50620
0.181101	50621
0.181104	50622
0.181108	50623
0.181111	50624
0.181115	50625
0.181119	50626
0.181122	50627
0.181126	50628
0.181129	50629
0.181133	50630
0.181137	50631
0.18114	50632
0.181144	50633
0.181147	50634
0.181151	50635
0.181155	50636
0.181158	50637
0.181162	50638
0.181166	50639
0.181169	50640
0.181173	50641
0.181176	50642
0.18118	50643
0.181184	50644
0.181187	50645
0.181191	50646
0.181194	50647
0.181198	50648
0.181202	50649
0.181205	50650
0.181209	50651
0.181212	50652
0.181216	50653
0.18122	50654
0.181223	50655
0.181227	50656
0.18123	50657
0.181234	50658
0.181238	50659
0.181241	50660
0.181245	50661
0.181248	50662
0.181252	50663
0.181256	50664
0.181259	50665
0.181263	50666
0.181266	50667
0.18127	50668
0.181274	50669
0.181277	50670
0.181281	50671
0.181285	50672
0.181288	50673
0.181292	50674
0.181295	50675
0.181299	50676
0.181303	50677
0.181306	50678
0.181309	50679
0.181311	50680
0.181315	50681
0.181317	50682
0.181319	50683
0.181337	50684
0.18134	50685
0.181342	50686
0.181345	50687
0.181352	50688
0.181355	50689
0.181359	50690
0.181363	50691
0.181366	50692
0.181369	50693
0.181372	50694
0.181375	50695
0.181378	50696
0.181379	50697
0.181383	50698
0.181384	50699
0.181388	50700
0.181389	50701
0.181393	50702
0.181396	50703
0.1814	50704
0.181403	50705
0.181407	50706
0.181411	50707
0.181414	50708
0.181418	50709
0.181422	50710
0.181425	50711
0.181429	50712
0.181432	50713
0.181436	50714
0.18144	50715
0.181443	50716
0.181447	50717
0.18145	50718
0.181454	50719
0.181458	50720
0.181461	50721
0.181465	50722
0.181468	50723
0.181472	50724
0.181476	50725
0.181479	50726
0.181483	50727
0.181486	50728
0.18149	50729
0.181494	50730
0.181497	50731
0.181501	50732
0.181504	50733
0.181508	50735
0.181512	50736
0.181515	50737
0.181519	50738
0.181522	50739
0.181526	50740
0.18153	50741
0.181533	50742
0.181537	50743
0.181541	50744
0.181544	50745
0.181548	50746
0.181551	50747
0.181555	50748
0.181559	50749
0.181562	50750
0.181566	50751
0.181569	50752
0.181573	50753
0.181577	50754
0.18158	50755
0.181584	50756
0.181587	50757
0.181591	50758
0.181595	50759
0.181598	50760
0.181602	50761
0.181605	50762
0.181609	50763
0.181613	50764
0.181616	50765
0.18162	50766
0.181623	50767
0.181627	50768
0.181629	50769
0.181632	50770
0.181635	50771
0.181638	50772
0.18164	50773
0.181658	50774
0.181661	50775
0.181663	50776
0.181666	50777
0.181673	50778
0.181676	50779
0.18168	50780
0.181684	50781
0.181687	50782
0.18169	50783
0.181693	50784
0.181696	50785
0.181699	50786
0.1817	50787
0.181704	50788
0.181705	50789
0.181709	50790
0.18171	50791
0.181714	50792
0.181717	50793
0.181721	50794
0.181724	50795
0.181728	50796
0.181732	50797
0.181735	50798
0.181739	50799
0.181742	50800
0.181746	50801
0.18175	50802
0.181753	50803
0.181757	50804
0.18176	50805
0.181764	50806
0.181768	50807
0.181771	50808
0.181775	50809
0.181779	50810
0.181782	50811
0.181786	50812
0.181789	50813
0.181793	50814
0.181797	50815
0.1818	50816
0.181804	50817
0.181807	50818
0.181811	50819
0.181815	50820
0.181818	50821
0.181822	50822
0.181825	50823
0.181829	50824
0.181833	50825
0.181836	50826
0.18184	50827
0.181843	50828
0.181847	50829
0.181851	50830
0.181854	50831
0.181858	50832
0.181861	50833
0.181865	50834
0.181869	50835
0.181872	50836
0.181876	50837
0.181879	50838
0.181883	50839
0.181887	50840
0.18189	50841
0.181894	50842
0.181898	50843
0.181901	50844
0.181905	50845
0.181908	50846
0.181912	50847
0.181916	50848
0.181919	50849
0.181923	50850
0.181926	50851
0.18193	50852
0.181934	50853
0.181937	50854
0.181941	50855
0.181944	50857
0.181948	50858
0.18195	50859
0.181953	50860
0.181956	50861
0.181959	50862
0.181961	50863
0.181979	50864
0.181982	50865
0.181984	50866
0.181986	50867
0.181994	50868
0.181997	50869
0.182001	50870
0.182004	50871
0.182008	50872
0.182011	50873
0.182014	50874
0.182017	50875
0.18202	50876
0.182021	50877
0.182025	50878
0.182026	50879
0.18203	50880
0.182031	50881
0.182035	50882
0.182038	50883
0.182042	50884
0.182045	50885
0.182049	50886
0.182053	50887
0.182056	50888
0.18206	50889
0.182063	50890
0.182067	50891
0.182071	50892
0.182074	50893
0.182078	50894
0.182081	50895
0.182085	50896
0.182089	50897
0.182092	50898
0.182096	50899
0.182099	50900
0.182103	50901
0.182107	50902
0.18211	50903
0.182114	50904
0.182117	50905
0.182121	50906
0.182125	50907
0.182128	50908
0.182132	50909
0.182136	50910
0.182139	50911
0.182143	50912
0.182146	50913
0.18215	50914
0.182154	50915
0.182157	50916
0.182161	50917
0.182164	50918
0.182168	50919
0.182172	50920
0.182175	50921
0.182179	50922
0.182182	50923
0.182186	50924
0.18219	50925
0.182193	50926
0.182197	50927
0.1822	50928
0.182204	50929
0.182208	50930
0.182211	50931
0.182215	50932
0.182218	50933
0.182222	50934
0.182226	50935
0.182229	50936
0.182233	50937
0.182236	50938
0.18224	50939
0.182244	50940
0.182247	50941
0.182251	50942
0.182255	50943
0.182258	50944
0.182262	50945
0.182265	50946
0.182269	50947
0.182271	50948
0.182274	50949
0.182277	50950
0.18228	50951
0.182282	50952
0.1823	50953
0.182303	50954
0.182305	50955
0.182307	50956
0.182315	50957
0.182318	50958
0.182322	50959
0.182325	50960
0.182329	50961
0.182331	50962
0.182335	50963
0.182337	50964
0.182341	50965
0.182342	50966
0.182346	50967
0.182347	50968
0.182351	50969
0.182352	50970
0.182355	50971
0.182359	50972
0.182363	50973
0.182366	50974
0.18237	50975
0.182374	50976
0.182377	50977
0.182381	50979
0.182384	50980
0.182388	50981
0.182392	50982
0.182395	50983
0.182399	50984
0.182402	50985
0.182406	50986
0.18241	50987
0.182413	50988
0.182417	50989
0.18242	50990
0.182424	50991
0.182428	50992
0.182431	50993
0.182435	50994
0.182438	50995
0.182442	50996
0.182446	50997
0.182449	50998
0.182453	50999
0.182456	51000
0.18246	51001
0.182464	51002
0.182467	51003
0.182471	51004
0.182474	51005
0.182478	51006
0.182482	51007
0.182485	51008
0.182489	51009
0.182493	51010
0.182496	51011
0.1825	51012
0.182503	51013
0.182507	51014
0.182511	51015
0.182514	51016
0.182518	51017
0.182521	51018
0.182525	51019
0.182529	51020
0.182532	51021
0.182536	51022
0.182539	51023
0.182543	51024
0.182547	51025
0.18255	51026
0.182554	51027
0.182557	51028
0.182561	51029
0.182565	51030
0.182568	51031
0.182572	51032
0.182575	51033
0.182579	51034
0.182583	51035
0.182586	51036
0.18259	51037
0.182592	51038
0.182595	51039
0.182598	51040
0.182601	51041
0.182603	51042
0.182621	51043
0.182624	51044
0.182626	51045
0.182628	51046
0.182636	51047
0.182639	51048
0.182643	51049
0.182646	51050
0.18265	51051
0.182652	51052
0.182656	51053
0.182658	51054
0.182662	51055
0.182663	51056
0.182667	51057
0.182668	51058
0.182672	51059
0.182673	51060
0.182676	51061
0.18268	51062
0.182684	51063
0.182687	51064
0.182691	51065
0.182694	51066
0.182698	51067
0.182702	51068
0.182705	51069
0.182709	51070
0.182712	51071
0.182716	51072
0.18272	51073
0.182723	51074
0.182727	51075
0.182731	51076
0.182734	51077
0.182738	51078
0.182741	51079
0.182745	51080
0.182749	51081
0.182752	51082
0.182756	51083
0.182759	51084
0.182763	51085
0.182767	51086
0.18277	51087
0.182774	51088
0.182777	51089
0.182781	51090
0.182785	51091
0.182788	51092
0.182792	51093
0.182795	51094
0.182799	51095
0.182803	51096
0.182806	51097
0.18281	51098
0.182813	51100
0.182817	51101
0.182821	51102
0.182824	51103
0.182828	51104
0.182831	51105
0.182835	51106
0.182839	51107
0.182842	51108
0.182846	51109
0.18285	51110
0.182853	51111
0.182857	51112
0.18286	51113
0.182864	51114
0.182868	51115
0.182871	51116
0.182875	51117
0.182878	51118
0.182882	51119
0.182886	51120
0.182889	51121
0.182893	51122
0.182896	51123
0.1829	51124
0.182904	51125
0.182907	51126
0.182911	51127
0.182913	51128
0.182916	51129
0.182919	51130
0.182922	51131
0.182924	51132
0.182942	51133
0.182944	51134
0.182947	51135
0.182949	51136
0.182956	51137
0.18296	51138
0.182964	51139
0.182967	51140
0.182971	51141
0.182973	51142
0.182977	51143
0.182979	51144
0.182983	51145
0.182984	51146
0.182988	51147
0.182989	51148
0.182993	51149
0.182994	51150
0.182997	51151
0.183001	51152
0.183005	51153
0.183008	51154
0.183012	51155
0.183015	51156
0.183019	51157
0.183023	51158
0.183026	51159
0.18303	51160
0.183033	51161
0.183037	51162
0.183041	51163
0.183044	51164
0.183048	51165
0.183051	51166
0.183055	51167
0.183059	51168
0.183062	51169
0.183066	51170
0.183069	51171
0.183073	51172
0.183077	51173
0.18308	51174
0.183084	51175
0.183088	51176
0.183091	51177
0.183095	51178
0.183098	51179
0.183102	51180
0.183106	51181
0.183109	51182
0.183113	51183
0.183116	51184
0.18312	51185
0.183124	51186
0.183127	51187
0.183131	51188
0.183134	51189
0.183138	51190
0.183142	51191
0.183145	51192
0.183149	51193
0.183152	51194
0.183156	51195
0.18316	51196
0.183163	51197
0.183167	51198
0.18317	51199
0.183174	51200
0.183178	51201
0.183181	51202
0.183185	51203
0.183188	51204
0.183192	51205
0.183196	51206
0.183199	51207
0.183203	51208
0.183206	51209
0.18321	51210
0.183214	51211
0.183217	51212
0.183221	51213
0.183225	51214
0.183228	51215
0.183232	51216
0.183234	51217
0.183237	51218
0.18324	51219
0.183243	51220
0.183245	51222
0.183263	51223
0.183265	51224
0.183268	51225
0.18327	51226
0.183277	51227
0.183281	51228
0.183285	51229
0.183288	51230
0.183292	51231
0.183294	51232
0.183298	51233
0.1833	51234
0.183304	51235
0.183305	51236
0.183309	51237
0.18331	51238
0.183313	51239
0.183315	51240
0.183318	51241
0.183322	51242
0.183325	51243
0.183329	51244
0.183333	51245
0.183336	51246
0.18334	51247
0.183344	51248
0.183347	51249
0.183351	51250
0.183354	51251
0.183358	51252
0.183362	51253
0.183365	51254
0.183369	51255
0.183372	51256
0.183376	51257
0.18338	51258
0.183383	51259
0.183387	51260
0.18339	51261
0.183394	51262
0.183398	51263
0.183401	51264
0.183405	51265
0.183408	51266
0.183412	51267
0.183416	51268
0.183419	51269
0.183423	51270
0.183426	51271
0.18343	51272
0.183434	51273
0.183437	51274
0.183441	51275
0.183444	51276
0.183448	51277
0.183452	51278
0.183455	51279
0.183459	51280
0.183463	51281
0.183466	51282
0.18347	51283
0.183473	51284
0.183477	51285
0.183481	51286
0.183484	51287
0.183488	51288
0.183491	51289
0.183495	51290
0.183499	51291
0.183502	51292
0.183506	51293
0.183509	51294
0.183513	51295
0.183517	51296
0.18352	51297
0.183524	51298
0.183527	51299
0.183531	51300
0.183535	51301
0.183538	51302
0.183542	51303
0.183545	51304
0.183549	51305
0.183553	51306
0.183555	51307
0.183557	51308
0.183561	51309
0.183563	51310
0.183566	51311
0.183584	51312
0.183586	51313
0.183589	51314
0.183591	51315
0.183598	51316
0.183602	51317
0.183606	51318
0.183609	51319
0.183613	51320
0.183615	51321
0.183619	51322
0.183621	51323
0.183625	51324
0.183626	51325
0.18363	51326
0.183631	51327
0.183634	51328
0.183636	51329
0.183639	51330
0.183643	51331
0.183646	51332
0.18365	51333
0.183654	51334
0.183657	51335
0.183661	51336
0.183664	51337
0.183668	51338
0.183672	51339
0.183675	51340
0.183679	51341
0.183682	51342
0.183686	51344
0.18369	51345
0.183693	51346
0.183697	51347
0.183701	51348
0.183704	51349
0.183708	51350
0.183711	51351
0.183715	51352
0.183719	51353
0.183722	51354
0.183726	51355
0.183729	51356
0.183733	51357
0.183737	51358
0.18374	51359
0.183744	51360
0.183747	51361
0.183751	51362
0.183755	51363
0.183758	51364
0.183762	51365
0.183765	51366
0.183769	51367
0.183773	51368
0.183776	51369
0.18378	51370
0.183783	51371
0.183787	51372
0.183791	51373
0.183794	51374
0.183798	51375
0.183801	51376
0.183805	51377
0.183809	51378
0.183812	51379
0.183816	51380
0.18382	51381
0.183823	51382
0.183827	51383
0.18383	51384
0.183834	51385
0.183838	51386
0.183841	51387
0.183845	51388
0.183848	51389
0.183852	51390
0.183856	51391
0.183859	51392
0.183863	51393
0.183866	51394
0.18387	51395
0.183874	51396
0.183876	51397
0.183878	51398
0.183882	51399
0.183884	51400
0.183887	51401
0.183905	51402
0.183907	51403
0.18391	51404
0.183912	51405
0.183919	51406
0.183923	51407
0.183926	51408
0.18393	51409
0.183934	51410
0.183936	51411
0.18394	51412
0.183942	51413
0.183946	51414
0.183947	51415
0.183951	51416
0.183952	51417
0.183955	51418
0.183957	51419
0.18396	51420
0.183964	51421
0.183967	51422
0.183971	51423
0.183975	51424
0.183978	51425
0.183982	51426
0.183985	51427
0.183989	51428
0.183993	51429
0.183996	51430
0.184	51431
0.184003	51432
0.184007	51433
0.184011	51434
0.184014	51435
0.184018	51436
0.184021	51437
0.184025	51438
0.184029	51439
0.184032	51440
0.184036	51441
0.184039	51442
0.184043	51443
0.184047	51444
0.18405	51445
0.184054	51446
0.184058	51447
0.184061	51448
0.184065	51449
0.184068	51450
0.184072	51451
0.184076	51452
0.184079	51453
0.184083	51454
0.184086	51455
0.18409	51456
0.184094	51457
0.184097	51458
0.184101	51459
0.184104	51460
0.184108	51461
0.184112	51462
0.184115	51463
0.184119	51465
0.184122	51466
0.184126	51467
0.18413	51468
0.184133	51469
0.184137	51470
0.18414	51471
0.184144	51472
0.184148	51473
0.184151	51474
0.184155	51475
0.184158	51476
0.184162	51477
0.184166	51478
0.184169	51479
0.184173	51480
0.184177	51481
0.18418	51482
0.184184	51483
0.184187	51484
0.184191	51485
0.184195	51486
0.184197	51487
0.184199	51488
0.184203	51489
0.184205	51490
0.184208	51491
0.184226	51492
0.184228	51493
0.184231	51494
0.184233	51495
0.18424	51496
0.184244	51497
0.184247	51498
0.184251	51499
0.184255	51500
0.184257	51501
0.184261	51502
0.184263	51503
0.184267	51504
0.184268	51505
0.184271	51506
0.184273	51507
0.184276	51508
0.184277	51509
0.184281	51510
0.184285	51511
0.184288	51512
0.184292	51513
0.184296	51514
0.184299	51515
0.184303	51516
0.184306	51517
0.18431	51518
0.184314	51519
0.184317	51520
0.184321	51521
0.184324	51522
0.184328	51523
0.184332	51524
0.184335	51525
0.184339	51526
0.184342	51527
0.184346	51528
0.18435	51529
0.184353	51530
0.184357	51531
0.18436	51532
0.184364	51533
0.184368	51534
0.184371	51535
0.184375	51536
0.184378	51537
0.184382	51538
0.184386	51539
0.184389	51540
0.184393	51541
0.184396	51542
0.1844	51543
0.184404	51544
0.184407	51545
0.184411	51546
0.184415	51547
0.184418	51548
0.184422	51549
0.184425	51550
0.184429	51551
0.184433	51552
0.184436	51553
0.18444	51554
0.184443	51555
0.184447	51556
0.184451	51557
0.184454	51558
0.184458	51559
0.184461	51560
0.184465	51561
0.184469	51562
0.184472	51563
0.184476	51564
0.184479	51565
0.184483	51566
0.184487	51567
0.18449	51568
0.184494	51569
0.184497	51570
0.184501	51571
0.184505	51572
0.184508	51573
0.184512	51574
0.184515	51575
0.184518	51576
0.18452	51577
0.184524	51578
0.184526	51579
0.184529	51580
0.184547	51581
0.184549	51582
0.184552	51583
0.184554	51584
0.184561	51585
0.184565	51587
0.184568	51588
0.184572	51589
0.184576	51590
0.184578	51591
0.184582	51592
0.184584	51593
0.184588	51594
0.184589	51595
0.184592	51596
0.184594	51597
0.184597	51598
0.184598	51599
0.184602	51600
0.184606	51601
0.184609	51602
0.184613	51603
0.184616	51604
0.18462	51605
0.184624	51606
0.184627	51607
0.184631	51608
0.184634	51609
0.184638	51610
0.184642	51611
0.184645	51612
0.184649	51613
0.184653	51614
0.184656	51615
0.18466	51616
0.184663	51617
0.184667	51618
0.184671	51619
0.184674	51620
0.184678	51621
0.184681	51622
0.184685	51623
0.184689	51624
0.184692	51625
0.184696	51626
0.184699	51627
0.184703	51628
0.184707	51629
0.18471	51630
0.184714	51631
0.184717	51632
0.184721	51633
0.184725	51634
0.184728	51635
0.184732	51636
0.184735	51637
0.184739	51638
0.184743	51639
0.184746	51640
0.18475	51641
0.184753	51642
0.184757	51643
0.184761	51644
0.184764	51645
0.184768	51646
0.184772	51647
0.184775	51648
0.184779	51649
0.184782	51650
0.184786	51651
0.18479	51652
0.184793	51653
0.184797	51654
0.1848	51655
0.184804	51656
0.184808	51657
0.184811	51658
0.184815	51659
0.184818	51660
0.184822	51661
0.184826	51662
0.184829	51663
0.184833	51664
0.184836	51665
0.184839	51666
0.184841	51667
0.184845	51668
0.184847	51669
0.18485	51670
0.184868	51671
0.18487	51672
0.184872	51673
0.184875	51674
0.184882	51675
0.184886	51676
0.184889	51677
0.184893	51678
0.184897	51679
0.184899	51680
0.184903	51681
0.184905	51682
0.184909	51683
0.18491	51684
0.184913	51685
0.184915	51686
0.184918	51687
0.184919	51688
0.184923	51689
0.184927	51690
0.18493	51691
0.184934	51692
0.184937	51693
0.184941	51694
0.184945	51695
0.184948	51696
0.184952	51697
0.184955	51698
0.184959	51699
0.184963	51700
0.184966	51701
0.18497	51702
0.184973	51703
0.184977	51704
0.184981	51705
0.184984	51706
0.184988	51707
0.184991	51709
0.184995	51710
0.184999	51711
0.185002	51712
0.185006	51713
0.185009	51714
0.185013	51715
0.185017	51716
0.18502	51717
0.185024	51718
0.185028	51719
0.185031	51720
0.185035	51721
0.185038	51722
0.185042	51723
0.185046	51724
0.185049	51725
0.185053	51726
0.185056	51727
0.18506	51728
0.185064	51729
0.185067	51730
0.185071	51731
0.185074	51732
0.185078	51733
0.185082	51734
0.185085	51735
0.185089	51736
0.185092	51737
0.185096	51738
0.1851	51739
0.185103	51740
0.185107	51741
0.18511	51742
0.185114	51743
0.185118	51744
0.185121	51745
0.185125	51746
0.185128	51747
0.185132	51748
0.185136	51749
0.185139	51750
0.185143	51751
0.185147	51752
0.18515	51753
0.185154	51754
0.185157	51755
0.18516	51756
0.185162	51757
0.185166	51758
0.185168	51759
0.185171	51760
0.185189	51761
0.185191	51762
0.185193	51763
0.185196	51764
0.185203	51765
0.185207	51766
0.18521	51767
0.185214	51768
0.185217	51769
0.18522	51770
0.185223	51771
0.185226	51772
0.185229	51773
0.185231	51774
0.185234	51775
0.185235	51776
0.185239	51777
0.18524	51778
0.185244	51779
0.185247	51780
0.185251	51781
0.185255	51782
0.185258	51783
0.185262	51784
0.185266	51785
0.185269	51786
0.185273	51787
0.185276	51788
0.18528	51789
0.185284	51790
0.185287	51791
0.185291	51792
0.185294	51793
0.185298	51794
0.185302	51795
0.185305	51796
0.185309	51797
0.185312	51798
0.185316	51799
0.18532	51800
0.185323	51801
0.185327	51802
0.18533	51803
0.185334	51804
0.185338	51805
0.185341	51806
0.185345	51807
0.185348	51808
0.185352	51809
0.185356	51810
0.185359	51811
0.185363	51812
0.185366	51813
0.18537	51814
0.185374	51815
0.185377	51816
0.185381	51817
0.185385	51818
0.185388	51819
0.185392	51820
0.185395	51821
0.185399	51822
0.185403	51823
0.185406	51824
0.18541	51825
0.185413	51826
0.185417	51827
0.185421	51828
0.185424	51830
0.185428	51831
0.185431	51832
0.185435	51833
0.185439	51834
0.185442	51835
0.185446	51836
0.185449	51837
0.185453	51838
0.185457	51839
0.18546	51840
0.185464	51841
0.185467	51842
0.185471	51843
0.185475	51844
0.185478	51845
0.185481	51846
0.185483	51847
0.185487	51848
0.185489	51849
0.185492	51850
0.18551	51851
0.185512	51852
0.185514	51853
0.185517	51854
0.185524	51855
0.185528	51856
0.185531	51857
0.185535	51858
0.185538	51859
0.185541	51860
0.185544	51861
0.185547	51862
0.18555	51863
0.185552	51864
0.185555	51865
0.185556	51866
0.18556	51867
0.185561	51868
0.185565	51869
0.185568	51870
0.185572	51871
0.185576	51872
0.185579	51873
0.185583	51874
0.185586	51875
0.18559	51876
0.185594	51877
0.185597	51878
0.185601	51879
0.185604	51880
0.185608	51881
0.185612	51882
0.185615	51883
0.185619	51884
0.185623	51885
0.185626	51886
0.18563	51887
0.185633	51888
0.185637	51889
0.185641	51890
0.185644	51891
0.185648	51892
0.185651	51893
0.185655	51894
0.185659	51895
0.185662	51896
0.185666	51897
0.185669	51898
0.185673	51899
0.185677	51900
0.18568	51901
0.185684	51902
0.185687	51903
0.185691	51904
0.185695	51905
0.185698	51906
0.185702	51907
0.185705	51908
0.185709	51909
0.185713	51910
0.185716	51911
0.18572	51912
0.185723	51913
0.185727	51914
0.185731	51915
0.185734	51916
0.185738	51917
0.185742	51918
0.185745	51919
0.185749	51920
0.185752	51921
0.185756	51922
0.18576	51923
0.185763	51924
0.185767	51925
0.18577	51926
0.185774	51927
0.185778	51928
0.185781	51929
0.185785	51930
0.185788	51931
0.185792	51932
0.185796	51933
0.185799	51934
0.185802	51935
0.185804	51936
0.185808	51937
0.18581	51938
0.185812	51939
0.18583	51940
0.185833	51941
0.185835	51942
0.185838	51943
0.185845	51944
0.185848	51945
0.185852	51946
0.185856	51947
0.185859	51948
0.185862	51949
0.185865	51950
0.185868	51952
0.185871	51953
0.185873	51954
0.185876	51955
0.185877	51956
0.185881	51957
0.185882	51958
0.185886	51959
0.185889	51960
0.185893	51961
0.185897	51962
0.1859	51963
0.185904	51964
0.185907	51965
0.185911	51966
0.185915	51967
0.185918	51968
0.185922	51969
0.185925	51970
0.185929	51971
0.185933	51972
0.185936	51973
0.18594	51974
0.185943	51975
0.185947	51976
0.185951	51977
0.185954	51978
0.185958	51979
0.185961	51980
0.185965	51981
0.185969	51982
0.185972	51983
0.185976	51984
0.18598	51985
0.185983	51986
0.185987	51987
0.18599	51988
0.185994	51989
0.185998	51990
0.186001	51991
0.186005	51992
0.186008	51993
0.186012	51994
0.186016	51995
0.186019	51996
0.186023	51997
0.186026	51998
0.18603	51999
0.186034	52000
0.186037	52001
0.186041	52002
0.186044	52003
0.186048	52004
0.186052	52005
0.186055	52006
0.186059	52007
0.186062	52008
0.186066	52009
0.18607	52010
0.186073	52011
0.186077	52012
0.18608	52013
0.186084	52014
0.186088	52015
0.186091	52016
0.186095	52017
0.186099	52018
0.186102	52019
0.186106	52020
0.186109	52021
0.186113	52022
0.186117	52023
0.18612	52024
0.186123	52025
0.186125	52026
0.186129	52027
0.186131	52028
0.186133	52029
0.186151	52030
0.186154	52031
0.186156	52032
0.186159	52033
0.186166	52034
0.186169	52035
0.186173	52036
0.186177	52037
0.18618	52038
0.186183	52039
0.186186	52040
0.186189	52041
0.186192	52042
0.186193	52043
0.186197	52044
0.186198	52045
0.186202	52046
0.186203	52047
0.186207	52048
0.18621	52049
0.186214	52050
0.186218	52051
0.186221	52052
0.186225	52053
0.186228	52054
0.186232	52055
0.186236	52056
0.186239	52057
0.186243	52058
0.186246	52059
0.18625	52060
0.186254	52061
0.186257	52062
0.186261	52063
0.186264	52064
0.186268	52065
0.186272	52066
0.186275	52067
0.186279	52068
0.186282	52069
0.186286	52070
0.18629	52071
0.186293	52072
0.186297	52074
0.1863	52075
0.186304	52076
0.186308	52077
0.186311	52078
0.186315	52079
0.186318	52080
0.186322	52081
0.186326	52082
0.186329	52083
0.186333	52084
0.186337	52085
0.18634	52086
0.186344	52087
0.186347	52088
0.186351	52089
0.186355	52090
0.186358	52091
0.186362	52092
0.186365	52093
0.186369	52094
0.186373	52095
0.186376	52096
0.18638	52097
0.186383	52098
0.186387	52099
0.186391	52100
0.186394	52101
0.186398	52102
0.186401	52103
0.186405	52104
0.186409	52105
0.186412	52106
0.186416	52107
0.186419	52108
0.186423	52109
0.186427	52110
0.18643	52111
0.186434	52112
0.186437	52113
0.186441	52114
0.186443	52115
0.186446	52116
0.186449	52117
0.186452	52118
0.186454	52119
0.186472	52120
0.186475	52121
0.186477	52122
0.18648	52123
0.186487	52124
0.18649	52125
0.186494	52126
0.186498	52127
0.186501	52128
0.186504	52129
0.186507	52130
0.18651	52131
0.186513	52132
0.186514	52133
0.186518	52134
0.186519	52135
0.186523	52136
0.186524	52137
0.186528	52138
0.186531	52139
0.186535	52140
0.186538	52141
0.186542	52142
0.186546	52143
0.186549	52144
0.186553	52145
0.186556	52146
0.18656	52147
0.186564	52148
0.186567	52149
0.186571	52150
0.186575	52151
0.186578	52152
0.186582	52153
0.186585	52154
0.186589	52155
0.186593	52156
0.186596	52157
0.1866	52158
0.186603	52159
0.186607	52160
0.186611	52161
0.186614	52162
0.186618	52163
0.186621	52164
0.186625	52165
0.186629	52166
0.186632	52167
0.186636	52168
0.186639	52169
0.186643	52170
0.186647	52171
0.18665	52172
0.186654	52173
0.186657	52174
0.186661	52175
0.186665	52176
0.186668	52177
0.186672	52178
0.186675	52179
0.186679	52180
0.186683	52181
0.186686	52182
0.18669	52183
0.186694	52184
0.186697	52185
0.186701	52186
0.186704	52187
0.186708	52188
0.186712	52189
0.186715	52190
0.186719	52191
0.186722	52192
0.186726	52193
0.18673	52195
0.186733	52196
0.186737	52197
0.18674	52198
0.186744	52199
0.186748	52200
0.186751	52201
0.186755	52202
0.186758	52203
0.186762	52204
0.186764	52205
0.186767	52206
0.18677	52207
0.186773	52208
0.186775	52209
0.186793	52210
0.186796	52211
0.186798	52212
0.1868	52213
0.186808	52214
0.186811	52215
0.186815	52216
0.186819	52217
0.186822	52218
0.186825	52219
0.186828	52220
0.186831	52221
0.186834	52222
0.186835	52223
0.186839	52224
0.18684	52225
0.186844	52226
0.186845	52227
0.186849	52228
0.186852	52229
0.186856	52230
0.186859	52231
0.186863	52232
0.186867	52233
0.18687	52234
0.186874	52235
0.186877	52236
0.186881	52237
0.186885	52238
0.186888	52239
0.186892	52240
0.186895	52241
0.186899	52242
0.186903	52243
0.186906	52244
0.18691	52245
0.186913	52246
0.186917	52247
0.186921	52248
0.186924	52249
0.186928	52250
0.186931	52251
0.186935	52252
0.186939	52253
0.186942	52254
0.186946	52255
0.18695	52256
0.186953	52257
0.186957	52258
0.18696	52259
0.186964	52260
0.186968	52261
0.186971	52262
0.186975	52263
0.186978	52264
0.186982	52265
0.186986	52266
0.186989	52267
0.186993	52268
0.186996	52269
0.187	52270
0.187004	52271
0.187007	52272
0.187011	52273
0.187014	52274
0.187018	52275
0.187022	52276
0.187025	52277
0.187029	52278
0.187032	52279
0.187036	52280
0.18704	52281
0.187043	52282
0.187047	52283
0.18705	52284
0.187054	52285
0.187058	52286
0.187061	52287
0.187065	52288
0.187069	52289
0.187072	52290
0.187076	52291
0.187079	52292
0.187083	52293
0.187085	52294
0.187088	52295
0.187091	52296
0.187094	52297
0.187096	52298
0.187114	52299
0.187117	52300
0.187119	52301
0.187121	52302
0.187129	52303
0.187132	52304
0.187136	52305
0.187139	52306
0.187143	52307
0.187145	52308
0.187149	52309
0.187151	52310
0.187155	52311
0.187156	52312
0.18716	52313
0.187161	52314
0.187165	52315
0.187166	52317
0.187169	52318
0.187173	52319
0.187177	52320
0.18718	52321
0.187184	52322
0.187188	52323
0.187191	52324
0.187195	52325
0.187198	52326
0.187202	52327
0.187206	52328
0.187209	52329
0.187213	52330
0.187216	52331
0.18722	52332
0.187224	52333
0.187227	52334
0.187231	52335
0.187234	52336
0.187238	52337
0.187242	52338
0.187245	52339
0.187249	52340
0.187252	52341
0.187256	52342
0.18726	52343
0.187263	52344
0.187267	52345
0.18727	52346
0.187274	52347
0.187278	52348
0.187281	52349
0.187285	52350
0.187288	52351
0.187292	52352
0.187296	52353
0.187299	52354
0.187303	52355
0.187307	52356
0.18731	52357
0.187314	52358
0.187317	52359
0.187321	52360
0.187325	52361
0.187328	52362
0.187332	52363
0.187335	52364
0.187339	52365
0.187343	52366
0.187346	52367
0.18735	52368
0.187353	52369
0.187357	52370
0.187361	52371
0.187364	52372
0.187368	52373
0.187371	52374
0.187375	52375
0.187379	52376
0.187382	52377
0.187386	52378
0.187389	52379
0.187393	52380
0.187397	52381
0.1874	52382
0.187404	52383
0.187406	52384
0.187409	52385
0.187412	52386
0.187415	52387
0.187417	52388
0.187435	52389
0.187438	52390
0.18744	52391
0.187442	52392
0.18745	52393
0.187453	52394
0.187457	52395
0.18746	52396
0.187464	52397
0.187466	52398
0.18747	52399
0.187472	52400
0.187476	52401
0.187477	52402
0.187481	52403
0.187482	52404
0.187486	52405
0.187487	52406
0.18749	52407
0.187494	52408
0.187498	52409
0.187501	52410
0.187505	52411
0.187508	52412
0.187512	52413
0.187516	52414
0.187519	52415
0.187523	52416
0.187526	52417
0.18753	52418
0.187534	52419
0.187537	52420
0.187541	52421
0.187545	52422
0.187548	52423
0.187552	52424
0.187555	52425
0.187559	52426
0.187563	52427
0.187566	52428
0.18757	52429
0.187573	52430
0.187577	52431
0.187581	52432
0.187584	52433
0.187588	52434
0.187591	52435
0.187595	52436
0.187599	52437
0.187602	52439
0.187606	52440
0.187609	52441
0.187613	52442
0.187617	52443
0.18762	52444
0.187624	52445
0.187627	52446
0.187631	52447
0.187635	52448
0.187638	52449
0.187642	52450
0.187645	52451
0.187649	52452
0.187653	52453
0.187656	52454
0.18766	52455
0.187664	52456
0.187667	52457
0.187671	52458
0.187674	52459
0.187678	52460
0.187682	52461
0.187685	52462
0.187689	52463
0.187692	52464
0.187696	52465
0.1877	52466
0.187703	52467
0.187707	52468
0.18771	52469
0.187714	52470
0.187718	52471
0.187721	52472
0.187725	52473
0.187727	52474
0.18773	52475
0.187733	52476
0.187736	52477
0.187738	52478
0.187756	52479
0.187758	52480
0.187761	52481
0.187763	52482
0.18777	52483
0.187774	52484
0.187778	52485
0.187781	52486
0.187785	52487
0.187787	52488
0.187791	52489
0.187793	52490
0.187797	52491
0.187798	52492
0.187802	52493
0.187803	52494
0.187807	52495
0.187808	52496
0.187811	52497
0.187815	52498
0.187819	52499
0.187822	52500
0.187826	52501
0.187829	52502
0.187833	52503
0.187837	52504
0.18784	52505
0.187844	52506
0.187847	52507
0.187851	52508
0.187855	52509
0.187858	52510
0.187862	52511
0.187865	52512
0.187869	52513
0.187873	52514
0.187876	52515
0.18788	52516
0.187883	52517
0.187887	52518
0.187891	52519
0.187894	52520
0.187898	52521
0.187902	52522
0.187905	52523
0.187909	52524
0.187912	52525
0.187916	52526
0.18792	52527
0.187923	52528
0.187927	52529
0.18793	52530
0.187934	52531
0.187938	52532
0.187941	52533
0.187945	52534
0.187948	52535
0.187952	52536
0.187956	52537
0.187959	52538
0.187963	52539
0.187966	52540
0.18797	52541
0.187974	52542
0.187977	52543
0.187981	52544
0.187984	52545
0.187988	52546
0.187992	52547
0.187995	52548
0.187999	52549
0.188002	52550
0.188006	52551
0.18801	52552
0.188013	52553
0.188017	52554
0.188021	52555
0.188024	52556
0.188028	52557
0.188031	52558
0.188035	52560
0.188039	52561
0.188042	52562
0.188046	52563
0.188048	52564
0.188051	52565
0.188054	52566
0.188057	52567
0.188059	52568
0.188077	52569
0.188079	52570
0.188082	52571
0.188084	52572
0.188091	52573
0.188095	52574
0.188099	52575
0.188102	52576
0.188106	52577
0.188108	52578
0.188112	52579
0.188114	52580
0.188118	52581
0.188119	52582
0.188123	52583
0.188124	52584
0.188127	52585
0.188129	52586
0.188132	52587
0.188136	52588
0.18814	52589
0.188143	52590
0.188147	52591
0.18815	52592
0.188154	52593
0.188158	52594
0.188161	52595
0.188165	52596
0.188168	52597
0.188172	52598
0.188176	52599
0.188179	52600
0.188183	52601
0.188186	52602
0.18819	52603
0.188194	52604
0.188197	52605
0.188201	52606
0.188204	52607
0.188208	52608
0.188212	52609
0.188215	52610
0.188219	52611
0.188222	52612
0.188226	52613
0.18823	52614
0.188233	52615
0.188237	52616
0.18824	52617
0.188244	52618
0.188248	52619
0.188251	52620
0.188255	52621
0.188259	52622
0.188262	52623
0.188266	52624
0.188269	52625
0.188273	52626
0.188277	52627
0.18828	52628
0.188284	52629
0.188287	52630
0.188291	52631
0.188295	52632
0.188298	52633
0.188302	52634
0.188305	52635
0.188309	52636
0.188313	52637
0.188316	52638
0.18832	52639
0.188323	52640
0.188327	52641
0.188331	52642
0.188334	52643
0.188338	52644
0.188341	52645
0.188345	52646
0.188349	52647
0.188352	52648
0.188356	52649
0.188359	52650
0.188363	52651
0.188367	52652
0.188369	52653
0.188371	52654
0.188375	52655
0.188378	52656
0.18838	52657
0.188398	52658
0.1884	52659
0.188403	52660
0.188405	52661
0.188412	52662
0.188416	52663
0.18842	52664
0.188423	52665
0.188427	52666
0.188429	52667
0.188433	52668
0.188435	52669
0.188439	52670
0.18844	52671
0.188444	52672
0.188445	52673
0.188448	52674
0.18845	52675
0.188453	52676
0.188457	52677
0.18846	52678
0.188464	52679
0.188468	52680
0.188471	52682
0.188475	52683
0.188478	52684
0.188482	52685
0.188486	52686
0.188489	52687
0.188493	52688
0.188497	52689
0.1885	52690
0.188504	52691
0.188507	52692
0.188511	52693
0.188515	52694
0.188518	52695
0.188522	52696
0.188525	52697
0.188529	52698
0.188533	52699
0.188536	52700
0.18854	52701
0.188543	52702
0.188547	52703
0.188551	52704
0.188554	52705
0.188558	52706
0.188561	52707
0.188565	52708
0.188569	52709
0.188572	52710
0.188576	52711
0.188579	52712
0.188583	52713
0.188587	52714
0.18859	52715
0.188594	52716
0.188597	52717
0.188601	52718
0.188605	52719
0.188608	52720
0.188612	52721
0.188615	52722
0.188619	52723
0.188623	52724
0.188626	52725
0.18863	52726
0.188634	52727
0.188637	52728
0.188641	52729
0.188644	52730
0.188648	52731
0.188652	52732
0.188655	52733
0.188659	52734
0.188662	52735
0.188666	52736
0.18867	52737
0.188673	52738
0.188677	52739
0.18868	52740
0.188684	52741
0.188688	52742
0.18869	52743
0.188692	52744
0.188696	52745
0.188698	52746
0.188701	52747
0.188719	52748
0.188721	52749
0.188724	52750
0.188726	52751
0.188733	52752
0.188737	52753
0.188741	52754
0.188744	52755
0.188748	52756
0.18875	52757
0.188754	52758
0.188756	52759
0.18876	52760
0.188761	52761
0.188765	52762
0.188766	52763
0.188769	52764
0.188771	52765
0.188774	52766
0.188778	52767
0.188781	52768
0.188785	52769
0.188789	52770
0.188792	52771
0.188796	52772
0.188799	52773
0.188803	52774
0.188807	52775
0.18881	52776
0.188814	52777
0.188817	52778
0.188821	52779
0.188825	52780
0.188828	52781
0.188832	52782
0.188835	52783
0.188839	52784
0.188843	52785
0.188846	52786
0.18885	52787
0.188853	52788
0.188857	52789
0.188861	52790
0.188864	52791
0.188868	52792
0.188872	52793
0.188875	52794
0.188879	52795
0.188882	52796
0.188886	52797
0.18889	52798
0.188893	52799
0.188897	52800
0.1889	52801
0.188904	52802
0.188908	52804
0.188911	52805
0.188915	52806
0.188918	52807
0.188922	52808
0.188926	52809
0.188929	52810
0.188933	52811
0.188936	52812
0.18894	52813
0.188944	52814
0.188947	52815
0.188951	52816
0.188954	52817
0.188958	52818
0.188962	52819
0.188965	52820
0.188969	52821
0.188972	52822
0.188976	52823
0.18898	52824
0.188983	52825
0.188987	52826
0.188991	52827
0.188994	52828
0.188998	52829
0.189001	52830
0.189005	52831
0.189009	52832
0.189011	52833
0.189013	52834
0.189017	52835
0.189019	52836
0.189022	52837
0.18904	52838
0.189042	52839
0.189045	52840
0.189047	52841
0.189054	52842
0.189058	52843
0.189061	52844
0.189065	52845
0.189069	52846
0.189071	52847
0.189075	52848
0.189077	52849
0.189081	52850
0.189082	52851
0.189085	52852
0.189087	52853
0.18909	52854
0.189091	52855
0.189095	52856
0.189099	52857
0.189102	52858
0.189106	52859
0.18911	52860
0.189113	52861
0.189117	52862
0.18912	52863
0.189124	52864
0.189128	52865
0.189131	52866
0.189135	52867
0.189138	52868
0.189142	52869
0.189146	52870
0.189149	52871
0.189153	52872
0.189156	52873
0.18916	52874
0.189164	52875
0.189167	52876
0.189171	52877
0.189174	52878
0.189178	52879
0.189182	52880
0.189185	52881
0.189189	52882
0.189192	52883
0.189196	52884
0.1892	52885
0.189203	52886
0.189207	52887
0.18921	52888
0.189214	52889
0.189218	52890
0.189221	52891
0.189225	52892
0.189229	52893
0.189232	52894
0.189236	52895
0.189239	52896
0.189243	52897
0.189247	52898
0.18925	52899
0.189254	52900
0.189257	52901
0.189261	52902
0.189265	52903
0.189268	52904
0.189272	52905
0.189275	52906
0.189279	52907
0.189283	52908
0.189286	52909
0.18929	52910
0.189293	52911
0.189297	52912
0.189301	52913
0.189304	52914
0.189308	52915
0.189311	52916
0.189315	52917
0.189319	52918
0.189322	52919
0.189326	52920
0.189329	52921
0.189332	52922
0.189334	52923
0.189338	52925
0.18934	52926
0.189343	52927
0.189361	52928
0.189363	52929
0.189366	52930
0.189368	52931
0.189375	52932
0.189379	52933
0.189382	52934
0.189386	52935
0.18939	52936
0.189392	52937
0.189396	52938
0.189398	52939
0.189402	52940
0.189403	52941
0.189406	52942
0.189408	52943
0.189411	52944
0.189412	52945
0.189416	52946
0.18942	52947
0.189423	52948
0.189427	52949
0.18943	52950
0.189434	52951
0.189438	52952
0.189441	52953
0.189445	52954
0.189448	52955
0.189452	52956
0.189456	52957
0.189459	52958
0.189463	52959
0.189467	52960
0.18947	52961
0.189474	52962
0.189477	52963
0.189481	52964
0.189485	52965
0.189488	52966
0.189492	52967
0.189495	52968
0.189499	52969
0.189503	52970
0.189506	52971
0.18951	52972
0.189513	52973
0.189517	52974
0.189521	52975
0.189524	52976
0.189528	52977
0.189531	52978
0.189535	52979
0.189539	52980
0.189542	52981
0.189546	52982
0.189549	52983
0.189553	52984
0.189557	52985
0.18956	52986
0.189564	52987
0.189567	52988
0.189571	52989
0.189575	52990
0.189578	52991
0.189582	52992
0.189586	52993
0.189589	52994
0.189593	52995
0.189596	52996
0.1896	52997
0.189604	52998
0.189607	52999
0.189611	53000
0.189614	53001
0.189618	53002
0.189622	53003
0.189625	53004
0.189629	53005
0.189632	53006
0.189636	53007
0.18964	53008
0.189643	53009
0.189647	53010
0.18965	53011
0.189653	53012
0.189655	53013
0.189659	53014
0.189661	53015
0.189664	53016
0.189682	53017
0.189684	53018
0.189686	53019
0.189689	53020
0.189696	53021
0.1897	53022
0.189703	53023
0.189707	53024
0.189711	53025
0.189713	53026
0.189717	53027
0.189719	53028
0.189723	53029
0.189724	53030
0.189727	53031
0.189729	53032
0.189732	53033
0.189733	53034
0.189737	53035
0.189741	53036
0.189744	53037
0.189748	53038
0.189751	53039
0.189755	53040
0.189759	53041
0.189762	53042
0.189766	53043
0.189769	53044
0.189773	53045
0.189777	53047
0.18978	53048
0.189784	53049
0.189787	53050
0.189791	53051
0.189795	53052
0.189798	53053
0.189802	53054
0.189805	53055
0.189809	53056
0.189813	53057
0.189816	53058
0.18982	53059
0.189824	53060
0.189827	53061
0.189831	53062
0.189834	53063
0.189838	53064
0.189842	53065
0.189845	53066
0.189849	53067
0.189852	53068
0.189856	53069
0.18986	53070
0.189863	53071
0.189867	53072
0.18987	53073
0.189874	53074
0.189878	53075
0.189881	53076
0.189885	53077
0.189888	53078
0.189892	53079
0.189896	53080
0.189899	53081
0.189903	53082
0.189906	53083
0.18991	53084
0.189914	53085
0.189917	53086
0.189921	53087
0.189924	53088
0.189928	53089
0.189932	53090
0.189935	53091
0.189939	53092
0.189943	53093
0.189946	53094
0.18995	53095
0.189953	53096
0.189957	53097
0.189961	53098
0.189964	53099
0.189968	53100
0.189971	53101
0.189974	53102
0.189976	53103
0.18998	53104
0.189982	53105
0.189985	53106
0.190003	53107
0.190005	53108
0.190007	53109
0.19001	53110
0.190017	53111
0.190021	53112
0.190024	53113
0.190028	53114
0.190031	53115
0.190034	53116
0.190037	53117
0.19004	53118
0.190043	53119
0.190045	53120
0.190048	53121
0.190049	53122
0.190053	53123
0.190054	53124
0.190058	53125
0.190062	53126
0.190065	53127
0.190069	53128
0.190072	53129
0.190076	53130
0.19008	53131
0.190083	53132
0.190087	53133
0.19009	53134
0.190094	53135
0.190098	53136
0.190101	53137
0.190105	53138
0.190108	53139
0.190112	53140
0.190116	53141
0.190119	53142
0.190123	53143
0.190126	53144
0.19013	53145
0.190134	53146
0.190137	53147
0.190141	53148
0.190144	53149
0.190148	53150
0.190152	53151
0.190155	53152
0.190159	53153
0.190162	53154
0.190166	53155
0.19017	53156
0.190173	53157
0.190177	53158
0.190181	53159
0.190184	53160
0.190188	53161
0.190191	53162
0.190195	53163
0.190199	53164
0.190202	53165
0.190206	53166
0.190209	53167
0.190213	53169
0.190217	53170
0.19022	53171
0.190224	53172
0.190227	53173
0.190231	53174
0.190235	53175
0.190238	53176
0.190242	53177
0.190245	53178
0.190249	53179
0.190253	53180
0.190256	53181
0.19026	53182
0.190263	53183
0.190267	53184
0.190271	53185
0.190274	53186
0.190278	53187
0.190281	53188
0.190285	53189
0.190289	53190
0.190292	53191
0.190295	53192
0.190297	53193
0.190301	53194
0.190303	53195
0.190306	53196
0.190324	53197
0.190326	53198
0.190328	53199
0.190331	53200
0.190338	53201
0.190342	53202
0.190345	53203
0.190349	53204
0.190352	53205
0.190355	53206
0.190358	53207
0.190361	53208
0.190364	53209
0.190366	53210
0.190369	53211
0.19037	53212
0.190374	53213
0.190375	53214
0.190379	53215
0.190382	53216
0.190386	53217
0.19039	53218
0.190393	53219
0.190397	53220
0.1904	53221
0.190404	53222
0.190408	53223
0.190411	53224
0.190415	53225
0.190418	53226
0.190422	53227
0.190426	53228
0.190429	53229
0.190433	53230
0.190437	53231
0.19044	53232
0.190444	53233
0.190447	53234
0.190451	53235
0.190455	53236
0.190458	53237
0.190462	53238
0.190465	53239
0.190469	53240
0.190473	53241
0.190476	53242
0.19048	53243
0.190483	53244
0.190487	53245
0.190491	53246
0.190494	53247
0.190498	53248
0.190501	53249
0.190505	53250
0.190509	53251
0.190512	53252
0.190516	53253
0.190519	53254
0.190523	53255
0.190527	53256
0.19053	53257
0.190534	53258
0.190537	53259
0.190541	53260
0.190545	53261
0.190548	53262
0.190552	53263
0.190556	53264
0.190559	53265
0.190563	53266
0.190566	53267
0.19057	53268
0.190574	53269
0.190577	53270
0.190581	53271
0.190584	53272
0.190588	53273
0.190592	53274
0.190595	53275
0.190599	53276
0.190602	53277
0.190606	53278
0.19061	53279
0.190613	53280
0.190616	53281
0.190618	53282
0.190622	53283
0.190624	53284
0.190626	53285
0.190644	53286
0.190647	53287
0.190649	53288
0.190652	53290
0.190659	53291
0.190663	53292
0.190666	53293
0.19067	53294
0.190673	53295
0.190676	53296
0.190679	53297
0.190682	53298
0.190685	53299
0.190687	53300
0.19069	53301
0.190691	53302
0.190695	53303
0.190696	53304
0.1907	53305
0.190703	53306
0.190707	53307
0.190711	53308
0.190714	53309
0.190718	53310
0.190721	53311
0.190725	53312
0.190729	53313
0.190732	53314
0.190736	53315
0.190739	53316
0.190743	53317
0.190747	53318
0.19075	53319
0.190754	53320
0.190757	53321
0.190761	53322
0.190765	53323
0.190768	53324
0.190772	53325
0.190775	53326
0.190779	53327
0.190783	53328
0.190786	53329
0.19079	53330
0.190794	53331
0.190797	53332
0.190801	53333
0.190804	53334
0.190808	53335
0.190812	53336
0.190815	53337
0.190819	53338
0.190822	53339
0.190826	53340
0.19083	53341
0.190833	53342
0.190837	53343
0.19084	53344
0.190844	53345
0.190848	53346
0.190851	53347
0.190855	53348
0.190858	53349
0.190862	53350
0.190866	53351
0.190869	53352
0.190873	53353
0.190876	53354
0.19088	53355
0.190884	53356
0.190887	53357
0.190891	53358
0.190894	53359
0.190898	53360
0.190902	53361
0.190905	53362
0.190909	53363
0.190913	53364
0.190916	53365
0.19092	53366
0.190923	53367
0.190927	53368
0.190931	53369
0.190934	53370
0.190937	53371
0.190939	53372
0.190943	53373
0.190945	53374
0.190947	53375
0.190965	53376
0.190968	53377
0.19097	53378
0.190973	53379
0.19098	53380
0.190983	53381
0.190987	53382
0.190991	53383
0.190994	53384
0.190997	53385
0.191	53386
0.191003	53387
0.191006	53388
0.191007	53389
0.191011	53390
0.191012	53391
0.191016	53392
0.191017	53393
0.191021	53394
0.191024	53395
0.191028	53396
0.191032	53397
0.191035	53398
0.191039	53399
0.191042	53400
0.191046	53401
0.19105	53402
0.191053	53403
0.191057	53404
0.19106	53405
0.191064	53406
0.191068	53407
0.191071	53408
0.191075	53409
0.191078	53410
0.191082	53412
0.191086	53413
0.191089	53414
0.191093	53415
0.191096	53416
0.1911	53417
0.191104	53418
0.191107	53419
0.191111	53420
0.191114	53421
0.191118	53422
0.191122	53423
0.191125	53424
0.191129	53425
0.191132	53426
0.191136	53427
0.19114	53428
0.191143	53429
0.191147	53430
0.191151	53431
0.191154	53432
0.191158	53433
0.191161	53434
0.191165	53435
0.191169	53436
0.191172	53437
0.191176	53438
0.191179	53439
0.191183	53440
0.191187	53441
0.19119	53442
0.191194	53443
0.191197	53444
0.191201	53445
0.191205	53446
0.191208	53447
0.191212	53448
0.191215	53449
0.191219	53450
0.191223	53451
0.191226	53452
0.19123	53453
0.191233	53454
0.191237	53455
0.191241	53456
0.191244	53457
0.191248	53458
0.191251	53459
0.191255	53460
0.191257	53461
0.19126	53462
0.191264	53463
0.191266	53464
0.191268	53465
0.191286	53466
0.191289	53467
0.191291	53468
0.191294	53469
0.191301	53470
0.191304	53471
0.191308	53472
0.191312	53473
0.191315	53474
0.191318	53475
0.191321	53476
0.191324	53477
0.191327	53478
0.191328	53479
0.191332	53480
0.191333	53481
0.191337	53482
0.191338	53483
0.191342	53484
0.191345	53485
0.191349	53486
0.191352	53487
0.191356	53488
0.19136	53489
0.191363	53490
0.191367	53491
0.19137	53492
0.191374	53493
0.191378	53494
0.191381	53495
0.191385	53496
0.191389	53497
0.191392	53498
0.191396	53499
0.191399	53500
0.191403	53501
0.191407	53502
0.19141	53503
0.191414	53504
0.191417	53505
0.191421	53506
0.191425	53507
0.191428	53508
0.191432	53509
0.191435	53510
0.191439	53511
0.191443	53512
0.191446	53513
0.19145	53514
0.191453	53515
0.191457	53516
0.191461	53517
0.191464	53518
0.191468	53519
0.191471	53520
0.191475	53521
0.191479	53522
0.191482	53523
0.191486	53524
0.191489	53525
0.191493	53526
0.191497	53527
0.1915	53528
0.191504	53529
0.191508	53530
0.191511	53531
0.191515	53532
0.191518	53534
0.191522	53535
0.191526	53536
0.191529	53537
0.191533	53538
0.191536	53539
0.19154	53540
0.191544	53541
0.191547	53542
0.191551	53543
0.191554	53544
0.191558	53545
0.191562	53546
0.191565	53547
0.191569	53548
0.191572	53549
0.191576	53550
0.191578	53551
0.191581	53552
0.191584	53553
0.191587	53554
0.191589	53555
0.191607	53556
0.19161	53557
0.191612	53558
0.191614	53559
0.191622	53560
0.191625	53561
0.191629	53562
0.191633	53563
0.191636	53564
0.191639	53565
0.191642	53566
0.191645	53567
0.191648	53568
0.191649	53569
0.191653	53570
0.191654	53571
0.191658	53572
0.191659	53573
0.191663	53574
0.191666	53575
0.19167	53576
0.191673	53577
0.191677	53578
0.191681	53579
0.191684	53580
0.191688	53581
0.191691	53582
0.191695	53583
0.191699	53584
0.191702	53585
0.191706	53586
0.191709	53587
0.191713	53588
0.191717	53589
0.19172	53590
0.191724	53591
0.191727	53592
0.191731	53593
0.191735	53594
0.191738	53595
0.191742	53596
0.191746	53597
0.191749	53598
0.191753	53599
0.191756	53600
0.19176	53601
0.191764	53602
0.191767	53603
0.191771	53604
0.191774	53605
0.191778	53606
0.191782	53607
0.191785	53608
0.191789	53609
0.191792	53610
0.191796	53611
0.1918	53612
0.191803	53613
0.191807	53614
0.19181	53615
0.191814	53616
0.191818	53617
0.191821	53618
0.191825	53619
0.191828	53620
0.191832	53621
0.191836	53622
0.191839	53623
0.191843	53624
0.191846	53625
0.19185	53626
0.191854	53627
0.191857	53628
0.191861	53629
0.191865	53630
0.191868	53631
0.191872	53632
0.191875	53633
0.191879	53634
0.191883	53635
0.191886	53636
0.19189	53637
0.191893	53638
0.191897	53639
0.191899	53640
0.191902	53641
0.191905	53642
0.191908	53643
0.19191	53644
0.191928	53645
0.191931	53646
0.191933	53647
0.191935	53648
0.191943	53649
0.191946	53650
0.19195	53651
0.191953	53652
0.191957	53653
0.191959	53655
0.191963	53656
0.191965	53657
0.191969	53658
0.19197	53659
0.191974	53660
0.191975	53661
0.191979	53662
0.19198	53663
0.191984	53664
0.191987	53665
0.191991	53666
0.191994	53667
0.191998	53668
0.192002	53669
0.192005	53670
0.192009	53671
0.192012	53672
0.192016	53673
0.19202	53674
0.192023	53675
0.192027	53676
0.19203	53677
0.192034	53678
0.192038	53679
0.192041	53680
0.192045	53681
0.192048	53682
0.192052	53683
0.192056	53684
0.192059	53685
0.192063	53686
0.192066	53687
0.19207	53688
0.192074	53689
0.192077	53690
0.192081	53691
0.192084	53692
0.192088	53693
0.192092	53694
0.192095	53695
0.192099	53696
0.192103	53697
0.192106	53698
0.19211	53699
0.192113	53700
0.192117	53701
0.192121	53702
0.192124	53703
0.192128	53704
0.192131	53705
0.192135	53706
0.192139	53707
0.192142	53708
0.192146	53709
0.192149	53710
0.192153	53711
0.192157	53712
0.19216	53713
0.192164	53714
0.192167	53715
0.192171	53716
0.192175	53717
0.192178	53718
0.192182	53719
0.192185	53720
0.192189	53721
0.192193	53722
0.192196	53723
0.1922	53724
0.192203	53725
0.192207	53726
0.192211	53727
0.192214	53728
0.192218	53729
0.19222	53730
0.192223	53731
0.192226	53732
0.192229	53733
0.192231	53734
0.192249	53735
0.192252	53736
0.192254	53737
0.192256	53738
0.192264	53739
0.192267	53740
0.192271	53741
0.192274	53742
0.192278	53743
0.19228	53744
0.192284	53745
0.192286	53746
0.19229	53747
0.192291	53748
0.192295	53749
0.192296	53750
0.1923	53751
0.192301	53752
0.192304	53753
0.192308	53754
0.192312	53755
0.192315	53756
0.192319	53757
0.192322	53758
0.192326	53759
0.19233	53760
0.192333	53761
0.192337	53762
0.19234	53763
0.192344	53764
0.192348	53765
0.192351	53766
0.192355	53767
0.192359	53768
0.192362	53769
0.192366	53770
0.192369	53771
0.192373	53772
0.192377	53773
0.19238	53774
0.192384	53775
0.192387	53777
0.192391	53778
0.192395	53779
0.192398	53780
0.192402	53781
0.192405	53782
0.192409	53783
0.192413	53784
0.192416	53785
0.19242	53786
0.192423	53787
0.192427	53788
0.192431	53789
0.192434	53790
0.192438	53791
0.192441	53792
0.192445	53793
0.192449	53794
0.192452	53795
0.192456	53796
0.192459	53797
0.192463	53798
0.192467	53799
0.19247	53800
0.192474	53801
0.192478	53802
0.192481	53803
0.192485	53804
0.192488	53805
0.192492	53806
0.192496	53807
0.192499	53808
0.192503	53809
0.192506	53810
0.19251	53811
0.192514	53812
0.192517	53813
0.192521	53814
0.192524	53815
0.192528	53816
0.192532	53817
0.192535	53818
0.192539	53819
0.192541	53820
0.192544	53821
0.192547	53822
0.19255	53823
0.192552	53824
0.19257	53825
0.192572	53826
0.192575	53827
0.192577	53828
0.192585	53829
0.192588	53830
0.192592	53831
0.192595	53832
0.192599	53833
0.192601	53834
0.192605	53835
0.192607	53836
0.192611	53837
0.192612	53838
0.192616	53839
0.192617	53840
0.192621	53841
0.192622	53842
0.192625	53843
0.192629	53844
0.192633	53845
0.192636	53846
0.19264	53847
0.192643	53848
0.192647	53849
0.192651	53850
0.192654	53851
0.192658	53852
0.192661	53853
0.192665	53854
0.192669	53855
0.192672	53856
0.192676	53857
0.192679	53858
0.192683	53859
0.192687	53860
0.19269	53861
0.192694	53862
0.192697	53863
0.192701	53864
0.192705	53865
0.192708	53866
0.192712	53867
0.192716	53868
0.192719	53869
0.192723	53870
0.192726	53871
0.19273	53872
0.192734	53873
0.192737	53874
0.192741	53875
0.192744	53876
0.192748	53877
0.192752	53878
0.192755	53879
0.192759	53880
0.192762	53881
0.192766	53882
0.19277	53883
0.192773	53884
0.192777	53885
0.19278	53886
0.192784	53887
0.192788	53888
0.192791	53889
0.192795	53890
0.192798	53891
0.192802	53892
0.192806	53893
0.192809	53894
0.192813	53895
0.192816	53896
0.19282	53897
0.192824	53899
0.192827	53900
0.192831	53901
0.192835	53902
0.192838	53903
0.192842	53904
0.192845	53905
0.192849	53906
0.192853	53907
0.192856	53908
0.19286	53909
0.192862	53910
0.192865	53911
0.192868	53912
0.192871	53913
0.192873	53914
0.192891	53915
0.192893	53916
0.192896	53917
0.192898	53918
0.192905	53919
0.192909	53920
0.192913	53921
0.192916	53922
0.19292	53923
0.192922	53924
0.192926	53925
0.192928	53926
0.192932	53927
0.192933	53928
0.192937	53929
0.192938	53930
0.192941	53931
0.192943	53932
0.192946	53933
0.19295	53934
0.192954	53935
0.192957	53936
0.192961	53937
0.192964	53938
0.192968	53939
0.192972	53940
0.192975	53941
0.192979	53942
0.192982	53943
0.192986	53944
0.19299	53945
0.192993	53946
0.192997	53947
0.193	53948
0.193004	53949
0.193008	53950
0.193011	53951
0.193015	53952
0.193018	53953
0.193022	53954
0.193026	53955
0.193029	53956
0.193033	53957
0.193036	53958
0.19304	53959
0.193044	53960
0.193047	53961
0.193051	53962
0.193054	53963
0.193058	53964
0.193062	53965
0.193065	53966
0.193069	53967
0.193073	53968
0.193076	53969
0.19308	53970
0.193083	53971
0.193087	53972
0.193091	53973
0.193094	53974
0.193098	53975
0.193101	53976
0.193105	53977
0.193109	53978
0.193112	53979
0.193116	53980
0.193119	53981
0.193123	53982
0.193127	53983
0.19313	53984
0.193134	53985
0.193137	53986
0.193141	53987
0.193145	53988
0.193148	53989
0.193152	53990
0.193155	53991
0.193159	53992
0.193163	53993
0.193166	53994
0.19317	53995
0.193173	53996
0.193177	53997
0.193181	53998
0.193183	53999
0.193186	54000
0.193189	54001
0.193192	54002
0.193194	54003
0.193212	54004
0.193214	54005
0.193217	54006
0.193219	54007
0.193226	54008
0.19323	54009
0.193234	54010
0.193237	54011
0.193241	54012
0.193243	54013
0.193247	54014
0.193249	54015
0.193253	54016
0.193254	54017
0.193258	54018
0.193259	54020
0.193262	54021
0.193264	54022
0.193267	54023
0.193271	54024
0.193274	54025
0.193278	54026
0.193282	54027
0.193285	54028
0.193289	54029
0.193292	54030
0.193296	54031
0.1933	54032
0.193303	54033
0.193307	54034
0.193311	54035
0.193314	54036
0.193318	54037
0.193321	54038
0.193325	54039
0.193329	54040
0.193332	54041
0.193336	54042
0.193339	54043
0.193343	54044
0.193347	54045
0.19335	54046
0.193354	54047
0.193357	54048
0.193361	54049
0.193365	54050
0.193368	54051
0.193372	54052
0.193375	54053
0.193379	54054
0.193383	54055
0.193386	54056
0.19339	54057
0.193393	54058
0.193397	54059
0.193401	54060
0.193404	54061
0.193408	54062
0.193411	54063
0.193415	54064
0.193419	54065
0.193422	54066
0.193426	54067
0.19343	54068
0.193433	54069
0.193437	54070
0.19344	54071
0.193444	54072
0.193448	54073
0.193451	54074
0.193455	54075
0.193458	54076
0.193462	54077
0.193466	54078
0.193469	54079
0.193473	54080
0.193476	54081
0.19348	54082
0.193484	54083
0.193487	54084
0.193491	54085
0.193494	54086
0.193498	54087
0.193502	54088
0.193504	54089
0.193506	54090
0.19351	54091
0.193512	54092
0.193515	54093
0.193533	54094
0.193535	54095
0.193538	54096
0.19354	54097
0.193547	54098
0.193551	54099
0.193555	54100
0.193558	54101
0.193562	54102
0.193564	54103
0.193568	54104
0.19357	54105
0.193574	54106
0.193575	54107
0.193579	54108
0.19358	54109
0.193583	54110
0.193585	54111
0.193588	54112
0.193592	54113
0.193595	54114
0.193599	54115
0.193603	54116
0.193606	54117
0.19361	54118
0.193613	54119
0.193617	54120
0.193621	54121
0.193624	54122
0.193628	54123
0.193631	54124
0.193635	54125
0.193639	54126
0.193642	54127
0.193646	54128
0.193649	54129
0.193653	54130
0.193657	54131
0.19366	54132
0.193664	54133
0.193668	54134
0.193671	54135
0.193675	54136
0.193678	54137
0.193682	54138
0.193686	54139
0.193689	54140
0.193693	54142
0.193696	54143
0.1937	54144
0.193704	54145
0.193707	54146
0.193711	54147
0.193714	54148
0.193718	54149
0.193722	54150
0.193725	54151
0.193729	54152
0.193732	54153
0.193736	54154
0.19374	54155
0.193743	54156
0.193747	54157
0.19375	54158
0.193754	54159
0.193758	54160
0.193761	54161
0.193765	54162
0.193768	54163
0.193772	54164
0.193776	54165
0.193779	54166
0.193783	54167
0.193787	54168
0.19379	54169
0.193794	54170
0.193797	54171
0.193801	54172
0.193805	54173
0.193808	54174
0.193812	54175
0.193815	54176
0.193819	54177
0.193823	54178
0.193825	54179
0.193827	54180
0.193831	54181
0.193833	54182
0.193836	54183
0.193854	54184
0.193856	54185
0.193859	54186
0.193861	54187
0.193868	54188
0.193872	54189
0.193875	54190
0.193879	54191
0.193883	54192
0.193885	54193
0.193889	54194
0.193891	54195
0.193895	54196
0.193896	54197
0.193899	54198
0.193901	54199
0.193904	54200
0.193906	54201
0.193909	54202
0.193913	54203
0.193916	54204
0.19392	54205
0.193924	54206
0.193927	54207
0.193931	54208
0.193934	54209
0.193938	54210
0.193942	54211
0.193945	54212
0.193949	54213
0.193952	54214
0.193956	54215
0.19396	54216
0.193963	54217
0.193967	54218
0.19397	54219
0.193974	54220
0.193978	54221
0.193981	54222
0.193985	54223
0.193988	54224
0.193992	54225
0.193996	54226
0.193999	54227
0.194003	54228
0.194006	54229
0.19401	54230
0.194014	54231
0.194017	54232
0.194021	54233
0.194024	54234
0.194028	54235
0.194032	54236
0.194035	54237
0.194039	54238
0.194043	54239
0.194046	54240
0.19405	54241
0.194053	54242
0.194057	54243
0.194061	54244
0.194064	54245
0.194068	54246
0.194071	54247
0.194075	54248
0.194079	54249
0.194082	54250
0.194086	54251
0.194089	54252
0.194093	54253
0.194097	54254
0.1941	54255
0.194104	54256
0.194107	54257
0.194111	54258
0.194115	54259
0.194118	54260
0.194122	54261
0.194125	54262
0.194129	54264
0.194133	54265
0.194136	54266
0.19414	54267
0.194143	54268
0.194146	54269
0.194148	54270
0.194152	54271
0.194154	54272
0.194157	54273
0.194175	54274
0.194177	54275
0.19418	54276
0.194182	54277
0.194189	54278
0.194193	54279
0.194196	54280
0.1942	54281
0.194204	54282
0.194206	54283
0.19421	54284
0.194212	54285
0.194216	54286
0.194217	54287
0.19422	54288
0.194222	54289
0.194225	54290
0.194226	54291
0.19423	54292
0.194234	54293
0.194237	54294
0.194241	54295
0.194244	54296
0.194248	54297
0.194252	54298
0.194255	54299
0.194259	54300
0.194262	54301
0.194266	54302
0.19427	54303
0.194273	54304
0.194277	54305
0.194281	54306
0.194284	54307
0.194288	54308
0.194291	54309
0.194295	54310
0.194299	54311
0.194302	54312
0.194306	54313
0.194309	54314
0.194313	54315
0.194317	54316
0.19432	54317
0.194324	54318
0.194327	54319
0.194331	54320
0.194335	54321
0.194338	54322
0.194342	54323
0.194345	54324
0.194349	54325
0.194353	54326
0.194356	54327
0.19436	54328
0.194363	54329
0.194367	54330
0.194371	54331
0.194374	54332
0.194378	54333
0.194381	54334
0.194385	54335
0.194389	54336
0.194392	54337
0.194396	54338
0.1944	54339
0.194403	54340
0.194407	54341
0.19441	54342
0.194414	54343
0.194418	54344
0.194421	54345
0.194425	54346
0.194428	54347
0.194432	54348
0.194436	54349
0.194439	54350
0.194443	54351
0.194446	54352
0.19445	54353
0.194454	54354
0.194457	54355
0.194461	54356
0.194464	54357
0.194467	54358
0.194469	54359
0.194473	54360
0.194475	54361
0.194478	54362
0.194496	54363
0.194498	54364
0.1945	54365
0.194503	54366
0.19451	54367
0.194514	54368
0.194517	54369
0.194521	54370
0.194525	54371
0.194527	54372
0.194531	54373
0.194533	54374
0.194537	54375
0.194538	54376
0.194541	54377
0.194543	54378
0.194546	54379
0.194547	54380
0.194551	54381
0.194555	54382
0.194558	54383
0.194562	54385
0.194565	54386
0.194569	54387
0.194573	54388
0.194576	54389
0.19458	54390
0.194583	54391
0.194587	54392
0.194591	54393
0.194594	54394
0.194598	54395
0.194601	54396
0.194605	54397
0.194609	54398
0.194612	54399
0.194616	54400
0.194619	54401
0.194623	54402
0.194627	54403
0.19463	54404
0.194634	54405
0.194638	54406
0.194641	54407
0.194645	54408
0.194648	54409
0.194652	54410
0.194656	54411
0.194659	54412
0.194663	54413
0.194666	54414
0.19467	54415
0.194674	54416
0.194677	54417
0.194681	54418
0.194684	54419
0.194688	54420
0.194692	54421
0.194695	54422
0.194699	54423
0.194702	54424
0.194706	54425
0.19471	54426
0.194713	54427
0.194717	54428
0.19472	54429
0.194724	54430
0.194728	54431
0.194731	54432
0.194735	54433
0.194738	54434
0.194742	54435
0.194746	54436
0.194749	54437
0.194753	54438
0.194757	54439
0.19476	54440
0.194764	54441
0.194767	54442
0.194771	54443
0.194775	54444
0.194778	54445
0.194782	54446
0.194785	54447
0.194788	54448
0.19479	54449
0.194794	54450
0.194796	54451
0.194799	54452
0.194817	54453
0.194819	54454
0.194821	54455
0.194824	54456
0.194831	54457
0.194835	54458
0.194838	54459
0.194842	54460
0.194845	54461
0.194848	54462
0.194851	54463
0.194854	54464
0.194857	54465
0.194859	54466
0.194862	54467
0.194863	54468
0.194867	54469
0.194868	54470
0.194872	54471
0.194876	54472
0.194879	54473
0.194883	54474
0.194886	54475
0.19489	54476
0.194894	54477
0.194897	54478
0.194901	54479
0.194904	54480
0.194908	54481
0.194912	54482
0.194915	54483
0.194919	54484
0.194922	54485
0.194926	54486
0.19493	54487
0.194933	54488
0.194937	54489
0.19494	54490
0.194944	54491
0.194948	54492
0.194951	54493
0.194955	54494
0.194958	54495
0.194962	54496
0.194966	54497
0.194969	54498
0.194973	54499
0.194976	54500
0.19498	54501
0.194984	54502
0.194987	54503
0.194991	54504
0.194995	54505
0.194998	54507
0.195002	54508
0.195005	54509
0.195009	54510
0.195013	54511
0.195016	54512
0.19502	54513
0.195023	54514
0.195027	54515
0.195031	54516
0.195034	54517
0.195038	54518
0.195041	54519
0.195045	54520
0.195049	54521
0.195052	54522
0.195056	54523
0.195059	54524
0.195063	54525
0.195067	54526
0.19507	54527
0.195074	54528
0.195077	54529
0.195081	54530
0.195085	54531
0.195088	54532
0.195092	54533
0.195095	54534
0.195099	54535
0.195103	54536
0.195106	54537
0.195109	54538
0.195111	54539
0.195115	54540
0.195117	54541
0.19512	54542
0.195138	54543
0.19514	54544
0.195142	54545
0.195145	54546
0.195152	54547
0.195156	54548
0.195159	54549
0.195163	54550
0.195166	54551
0.195169	54552
0.195172	54553
0.195175	54554
0.195178	54555
0.19518	54556
0.195183	54557
0.195184	54558
0.195188	54559
0.195189	54560
0.195193	54561
0.195196	54562
0.1952	54563
0.195204	54564
0.195207	54565
0.195211	54566
0.195214	54567
0.195218	54568
0.195222	54569
0.195225	54570
0.195229	54571
0.195233	54572
0.195236	54573
0.19524	54574
0.195243	54575
0.195247	54576
0.195251	54577
0.195254	54578
0.195258	54579
0.195261	54580
0.195265	54581
0.195269	54582
0.195272	54583
0.195276	54584
0.195279	54585
0.195283	54586
0.195287	54587
0.19529	54588
0.195294	54589
0.195297	54590
0.195301	54591
0.195305	54592
0.195308	54593
0.195312	54594
0.195315	54595
0.195319	54596
0.195323	54597
0.195326	54598
0.19533	54599
0.195333	54600
0.195337	54601
0.195341	54602
0.195344	54603
0.195348	54604
0.195352	54605
0.195355	54606
0.195359	54607
0.195362	54608
0.195366	54609
0.19537	54610
0.195373	54611
0.195377	54612
0.19538	54613
0.195384	54614
0.195388	54615
0.195391	54616
0.195395	54617
0.195398	54618
0.195402	54619
0.195406	54620
0.195409	54621
0.195413	54622
0.195416	54623
0.19542	54624
0.195424	54625
0.195427	54626
0.19543	54627
0.195432	54629
0.195436	54630
0.195438	54631
0.19544	54632
0.195458	54633
0.195461	54634
0.195463	54635
0.195466	54636
0.195473	54637
0.195477	54638
0.19548	54639
0.195484	54640
0.195487	54641
0.19549	54642
0.195493	54643
0.195496	54644
0.195499	54645
0.195501	54646
0.195504	54647
0.195505	54648
0.195509	54649
0.19551	54650
0.195514	54651
0.195517	54652
0.195521	54653
0.195525	54654
0.195528	54655
0.195532	54656
0.195535	54657
0.195539	54658
0.195543	54659
0.195546	54660
0.19555	54661
0.195553	54662
0.195557	54663
0.195561	54664
0.195564	54665
0.195568	54666
0.195571	54667
0.195575	54668
0.195579	54669
0.195582	54670
0.195586	54671
0.19559	54672
0.195593	54673
0.195597	54674
0.1956	54675
0.195604	54676
0.195608	54677
0.195611	54678
0.195615	54679
0.195618	54680
0.195622	54681
0.195626	54682
0.195629	54683
0.195633	54684
0.195636	54685
0.19564	54686
0.195644	54687
0.195647	54688
0.195651	54689
0.195654	54690
0.195658	54691
0.195662	54692
0.195665	54693
0.195669	54694
0.195672	54695
0.195676	54696
0.19568	54697
0.195683	54698
0.195687	54699
0.19569	54700
0.195694	54701
0.195698	54702
0.195701	54703
0.195705	54704
0.195709	54705
0.195712	54706
0.195716	54707
0.195719	54708
0.195723	54709
0.195727	54710
0.19573	54711
0.195734	54712
0.195737	54713
0.195741	54714
0.195745	54715
0.195748	54716
0.195751	54717
0.195753	54718
0.195757	54719
0.195759	54720
0.195761	54721
0.195779	54722
0.195782	54723
0.195784	54724
0.195787	54725
0.195794	54726
0.195797	54727
0.195801	54728
0.195805	54729
0.195808	54730
0.195811	54731
0.195814	54732
0.195817	54733
0.19582	54734
0.195821	54735
0.195825	54736
0.195826	54737
0.19583	54738
0.195831	54739
0.195835	54740
0.195838	54741
0.195842	54742
0.195846	54743
0.195849	54744
0.195853	54745
0.195856	54746
0.19586	54747
0.195864	54748
0.195867	54750
0.195871	54751
0.195874	54752
0.195878	54753
0.195882	54754
0.195885	54755
0.195889	54756
0.195892	54757
0.195896	54758
0.1959	54759
0.195903	54760
0.195907	54761
0.19591	54762
0.195914	54763
0.195918	54764
0.195921	54765
0.195925	54766
0.195928	54767
0.195932	54768
0.195936	54769
0.195939	54770
0.195943	54771
0.195946	54772
0.19595	54773
0.195954	54774
0.195957	54775
0.195961	54776
0.195965	54777
0.195968	54778
0.195972	54779
0.195975	54780
0.195979	54781
0.195983	54782
0.195986	54783
0.19599	54784
0.195993	54785
0.195997	54786
0.196001	54787
0.196004	54788
0.196008	54789
0.196011	54790
0.196015	54791
0.196019	54792
0.196022	54793
0.196026	54794
0.196029	54795
0.196033	54796
0.196037	54797
0.19604	54798
0.196044	54799
0.196047	54800
0.196051	54801
0.196055	54802
0.196058	54803
0.196062	54804
0.196065	54805
0.196069	54806
0.196072	54807
0.196074	54808
0.196078	54809
0.19608	54810
0.196082	54811
0.1961	54812
0.196103	54813
0.196105	54814
0.196108	54815
0.196115	54816
0.196118	54817
0.196122	54818
0.196126	54819
0.196129	54820
0.196132	54821
0.196135	54822
0.196138	54823
0.196141	54824
0.196142	54825
0.196146	54826
0.196147	54827
0.196151	54828
0.196152	54829
0.196156	54830
0.196159	54831
0.196163	54832
0.196166	54833
0.19617	54834
0.196174	54835
0.196177	54836
0.196181	54837
0.196184	54838
0.196188	54839
0.196192	54840
0.196195	54841
0.196199	54842
0.196203	54843
0.196206	54844
0.19621	54845
0.196213	54846
0.196217	54847
0.196221	54848
0.196224	54849
0.196228	54850
0.196231	54851
0.196235	54852
0.196239	54853
0.196242	54854
0.196246	54855
0.196249	54856
0.196253	54857
0.196257	54858
0.19626	54859
0.196264	54860
0.196267	54861
0.196271	54862
0.196275	54863
0.196278	54864
0.196282	54865
0.196285	54866
0.196289	54867
0.196293	54868
0.196296	54869
0.1963	54870
0.196303	54872
0.196307	54873
0.196311	54874
0.196314	54875
0.196318	54876
0.196322	54877
0.196325	54878
0.196329	54879
0.196332	54880
0.196336	54881
0.19634	54882
0.196343	54883
0.196347	54884
0.19635	54885
0.196354	54886
0.196358	54887
0.196361	54888
0.196365	54889
0.196368	54890
0.196372	54891
0.196376	54892
0.196379	54893
0.196383	54894
0.196386	54895
0.19639	54896
0.196392	54897
0.196395	54898
0.196398	54899
0.196401	54900
0.196403	54901
0.196421	54902
0.196424	54903
0.196426	54904
0.196428	54905
0.196436	54906
0.196439	54907
0.196443	54908
0.196447	54909
0.19645	54910
0.196453	54911
0.196456	54912
0.196459	54913
0.196462	54914
0.196463	54915
0.196467	54916
0.196468	54917
0.196472	54918
0.196473	54919
0.196477	54920
0.19648	54921
0.196484	54922
0.196487	54923
0.196491	54924
0.196495	54925
0.196498	54926
0.196502	54927
0.196505	54928
0.196509	54929
0.196513	54930
0.196516	54931
0.19652	54932
0.196523	54933
0.196527	54934
0.196531	54935
0.196534	54936
0.196538	54937
0.196541	54938
0.196545	54939
0.196549	54940
0.196552	54941
0.196556	54942
0.19656	54943
0.196563	54944
0.196567	54945
0.19657	54946
0.196574	54947
0.196578	54948
0.196581	54949
0.196585	54950
0.196588	54951
0.196592	54952
0.196596	54953
0.196599	54954
0.196603	54955
0.196606	54956
0.19661	54957
0.196614	54958
0.196617	54959
0.196621	54960
0.196624	54961
0.196628	54962
0.196632	54963
0.196635	54964
0.196639	54965
0.196642	54966
0.196646	54967
0.19665	54968
0.196653	54969
0.196657	54970
0.19666	54971
0.196664	54972
0.196668	54973
0.196671	54974
0.196675	54975
0.196679	54976
0.196682	54977
0.196686	54978
0.196689	54979
0.196693	54980
0.196697	54981
0.1967	54982
0.196704	54983
0.196707	54984
0.196711	54985
0.196713	54986
0.196716	54987
0.196719	54988
0.196722	54989
0.196724	54990
0.196742	54991
0.196745	54992
0.196747	54994
0.196749	54995
0.196757	54996
0.19676	54997
0.196764	54998
0.196767	54999
0.196771	55000
0.196773	55001
0.196777	55002
0.196779	55003
0.196783	55004
0.196784	55005
0.196788	55006
0.196789	55007
0.196793	55008
0.196794	55009
0.196798	55010
0.196801	55011
0.196805	55012
0.196808	55013
0.196812	55014
0.196816	55015
0.196819	55016
0.196823	55017
0.196826	55018
0.19683	55019
0.196834	55020
0.196837	55021
0.196841	55022
0.196844	55023
0.196848	55024
0.196852	55025
0.196855	55026
0.196859	55027
0.196862	55028
0.196866	55029
0.19687	55030
0.196873	55031
0.196877	55032
0.19688	55033
0.196884	55034
0.196888	55035
0.196891	55036
0.196895	55037
0.196898	55038
0.196902	55039
0.196906	55040
0.196909	55041
0.196913	55042
0.196917	55043
0.19692	55044
0.196924	55045
0.196927	55046
0.196931	55047
0.196935	55048
0.196938	55049
0.196942	55050
0.196945	55051
0.196949	55052
0.196953	55053
0.196956	55054
0.19696	55055
0.196963	55056
0.196967	55057
0.196971	55058
0.196974	55059
0.196978	55060
0.196981	55061
0.196985	55062
0.196989	55063
0.196992	55064
0.196996	55065
0.196999	55066
0.197003	55067
0.197007	55068
0.19701	55069
0.197014	55070
0.197017	55071
0.197021	55072
0.197025	55073
0.197028	55074
0.197032	55075
0.197034	55076
0.197037	55077
0.19704	55078
0.197043	55079
0.197045	55080
0.197063	55081
0.197066	55082
0.197068	55083
0.19707	55084
0.197078	55085
0.197081	55086
0.197085	55087
0.197088	55088
0.197092	55089
0.197094	55090
0.197098	55091
0.1971	55092
0.197104	55093
0.197105	55094
0.197109	55095
0.19711	55096
0.197114	55097
0.197115	55098
0.197118	55099
0.197122	55100
0.197126	55101
0.197129	55102
0.197133	55103
0.197136	55104
0.19714	55105
0.197144	55106
0.197147	55107
0.197151	55108
0.197155	55109
0.197158	55110
0.197162	55111
0.197165	55112
0.197169	55113
0.197173	55115
0.197176	55116
0.19718	55117
0.197183	55118
0.197187	55119
0.197191	55120
0.197194	55121
0.197198	55122
0.197201	55123
0.197205	55124
0.197209	55125
0.197212	55126
0.197216	55127
0.197219	55128
0.197223	55129
0.197227	55130
0.19723	55131
0.197234	55132
0.197237	55133
0.197241	55134
0.197245	55135
0.197248	55136
0.197252	55137
0.197255	55138
0.197259	55139
0.197263	55140
0.197266	55141
0.19727	55142
0.197274	55143
0.197277	55144
0.197281	55145
0.197284	55146
0.197288	55147
0.197292	55148
0.197295	55149
0.197299	55150
0.197302	55151
0.197306	55152
0.19731	55153
0.197313	55154
0.197317	55155
0.19732	55156
0.197324	55157
0.197328	55158
0.197331	55159
0.197335	55160
0.197338	55161
0.197342	55162
0.197346	55163
0.197349	55164
0.197353	55165
0.197355	55166
0.197358	55167
0.197361	55168
0.197364	55169
0.197366	55170
0.197384	55171
0.197386	55172
0.197389	55173
0.197391	55174
0.197399	55175
0.197402	55176
0.197406	55177
0.197409	55178
0.197413	55179
0.197415	55180
0.197419	55181
0.197421	55182
0.197425	55183
0.197426	55184
0.19743	55185
0.197431	55186
0.197435	55187
0.197436	55188
0.197439	55189
0.197443	55190
0.197447	55191
0.19745	55192
0.197454	55193
0.197457	55194
0.197461	55195
0.197465	55196
0.197468	55197
0.197472	55198
0.197475	55199
0.197479	55200
0.197483	55201
0.197486	55202
0.19749	55203
0.197493	55204
0.197497	55205
0.197501	55206
0.197504	55207
0.197508	55208
0.197512	55209
0.197515	55210
0.197519	55211
0.197522	55212
0.197526	55213
0.19753	55214
0.197533	55215
0.197537	55216
0.19754	55217
0.197544	55218
0.197548	55219
0.197551	55220
0.197555	55221
0.197558	55222
0.197562	55223
0.197566	55224
0.197569	55225
0.197573	55226
0.197576	55227
0.19758	55228
0.197584	55229
0.197587	55230
0.197591	55231
0.197594	55232
0.197598	55233
0.197602	55234
0.197605	55235
0.197609	55237
0.197612	55238
0.197616	55239
0.19762	55240
0.197623	55241
0.197627	55242
0.19763	55243
0.197634	55244
0.197638	55245
0.197641	55246
0.197645	55247
0.197649	55248
0.197652	55249
0.197656	55250
0.197659	55251
0.197663	55252
0.197667	55253
0.19767	55254
0.197674	55255
0.197676	55256
0.197679	55257
0.197682	55258
0.197685	55259
0.197687	55260
0.197705	55261
0.197707	55262
0.19771	55263
0.197712	55264
0.197719	55265
0.197723	55266
0.197727	55267
0.19773	55268
0.197734	55269
0.197736	55270
0.19774	55271
0.197742	55272
0.197746	55273
0.197747	55274
0.197751	55275
0.197752	55276
0.197756	55277
0.197757	55278
0.19776	55279
0.197764	55280
0.197768	55281
0.197771	55282
0.197775	55283
0.197778	55284
0.197782	55285
0.197786	55286
0.197789	55287
0.197793	55288
0.197796	55289
0.1978	55290
0.197804	55291
0.197807	55292
0.197811	55293
0.197814	55294
0.197818	55295
0.197822	55296
0.197825	55297
0.197829	55298
0.197832	55299
0.197836	55300
0.19784	55301
0.197843	55302
0.197847	55303
0.19785	55304
0.197854	55305
0.197858	55306
0.197861	55307
0.197865	55308
0.197868	55309
0.197872	55310
0.197876	55311
0.197879	55312
0.197883	55313
0.197887	55314
0.19789	55315
0.197894	55316
0.197897	55317
0.197901	55318
0.197905	55319
0.197908	55320
0.197912	55321
0.197915	55322
0.197919	55323
0.197923	55324
0.197926	55325
0.19793	55326
0.197933	55327
0.197937	55328
0.197941	55329
0.197944	55330
0.197948	55331
0.197951	55332
0.197955	55333
0.197959	55334
0.197962	55335
0.197966	55336
0.197969	55337
0.197973	55338
0.197977	55339
0.19798	55340
0.197984	55341
0.197987	55342
0.197991	55343
0.197995	55344
0.197997	55345
0.198	55346
0.198003	55347
0.198006	55348
0.198008	55349
0.198026	55350
0.198028	55351
0.198031	55352
0.198033	55353
0.19804	55354
0.198044	55355
0.198048	55356
0.198051	55357
0.198055	55359
0.198057	55360
0.198061	55361
0.198063	55362
0.198067	55363
0.198068	55364
0.198072	55365
0.198073	55366
0.198076	55367
0.198078	55368
0.198081	55369
0.198085	55370
0.198088	55371
0.198092	55372
0.198096	55373
0.198099	55374
0.198103	55375
0.198106	55376
0.19811	55377
0.198114	55378
0.198117	55379
0.198121	55380
0.198125	55381
0.198128	55382
0.198132	55383
0.198135	55384
0.198139	55385
0.198143	55386
0.198146	55387
0.19815	55388
0.198153	55389
0.198157	55390
0.198161	55391
0.198164	55392
0.198168	55393
0.198171	55394
0.198175	55395
0.198179	55396
0.198182	55397
0.198186	55398
0.198189	55399
0.198193	55400
0.198197	55401
0.1982	55402
0.198204	55403
0.198207	55404
0.198211	55405
0.198215	55406
0.198218	55407
0.198222	55408
0.198225	55409
0.198229	55410
0.198233	55411
0.198236	55412
0.19824	55413
0.198244	55414
0.198247	55415
0.198251	55416
0.198254	55417
0.198258	55418
0.198262	55419
0.198265	55420
0.198269	55421
0.198272	55422
0.198276	55423
0.19828	55424
0.198283	55425
0.198287	55426
0.19829	55427
0.198294	55428
0.198298	55429
0.198301	55430
0.198305	55431
0.198308	55432
0.198312	55433
0.198316	55434
0.198318	55435
0.19832	55436
0.198324	55437
0.198326	55438
0.198329	55439
0.198347	55440
0.198349	55441
0.198352	55442
0.198354	55443
0.198361	55444
0.198365	55445
0.198369	55446
0.198372	55447
0.198376	55448
0.198378	55449
0.198382	55450
0.198384	55451
0.198388	55452
0.198389	55453
0.198393	55454
0.198394	55455
0.198397	55456
0.198399	55457
0.198402	55458
0.198406	55459
0.198409	55460
0.198413	55461
0.198417	55462
0.19842	55463
0.198424	55464
0.198427	55465
0.198431	55466
0.198435	55467
0.198438	55468
0.198442	55469
0.198445	55470
0.198449	55471
0.198453	55472
0.198456	55473
0.19846	55474
0.198463	55475
0.198467	55476
0.198471	55477
0.198474	55478
0.198478	55480
0.198482	55481
0.198485	55482
0.198489	55483
0.198492	55484
0.198496	55485
0.1985	55486
0.198503	55487
0.198507	55488
0.19851	55489
0.198514	55490
0.198518	55491
0.198521	55492
0.198525	55493
0.198528	55494
0.198532	55495
0.198536	55496
0.198539	55497
0.198543	55498
0.198546	55499
0.19855	55500
0.198554	55501
0.198557	55502
0.198561	55503
0.198564	55504
0.198568	55505
0.198572	55506
0.198575	55507
0.198579	55508
0.198582	55509
0.198586	55510
0.19859	55511
0.198593	55512
0.198597	55513
0.198601	55514
0.198604	55515
0.198608	55516
0.198611	55517
0.198615	55518
0.198619	55519
0.198622	55520
0.198626	55521
0.198629	55522
0.198633	55523
0.198637	55524
0.198639	55525
0.198641	55526
0.198645	55527
0.198647	55528
0.19865	55529
0.198668	55530
0.19867	55531
0.198673	55532
0.198675	55533
0.198682	55534
0.198686	55535
0.198689	55536
0.198693	55537
0.198697	55538
0.198699	55539
0.198703	55540
0.198705	55541
0.198709	55542
0.19871	55543
0.198714	55544
0.198715	55545
0.198718	55546
0.19872	55547
0.198723	55548
0.198727	55549
0.19873	55550
0.198734	55551
0.198738	55552
0.198741	55553
0.198745	55554
0.198748	55555
0.198752	55556
0.198756	55557
0.198759	55558
0.198763	55559
0.198766	55560
0.19877	55561
0.198774	55562
0.198777	55563
0.198781	55564
0.198784	55565
0.198788	55566
0.198792	55567
0.198795	55568
0.198799	55569
0.198802	55570
0.198806	55571
0.19881	55572
0.198813	55573
0.198817	55574
0.19882	55575
0.198824	55576
0.198828	55577
0.198831	55578
0.198835	55579
0.198839	55580
0.198842	55581
0.198846	55582
0.198849	55583
0.198853	55584
0.198857	55585
0.19886	55586
0.198864	55587
0.198867	55588
0.198871	55589
0.198875	55590
0.198878	55591
0.198882	55592
0.198885	55593
0.198889	55594
0.198893	55595
0.198896	55596
0.1989	55597
0.198903	55598
0.198907	55599
0.198911	55600
0.198914	55602
0.198918	55603
0.198921	55604
0.198925	55605
0.198929	55606
0.198932	55607
0.198936	55608
0.198939	55609
0.198943	55610
0.198947	55611
0.19895	55612
0.198954	55613
0.198958	55614
0.19896	55615
0.198962	55616
0.198966	55617
0.198968	55618
0.198971	55619
0.198989	55620
0.198991	55621
0.198994	55622
0.198996	55623
0.199003	55624
0.199007	55625
0.19901	55626
0.199014	55627
0.199018	55628
0.19902	55629
0.199024	55630
0.199026	55631
0.19903	55632
0.199031	55633
0.199034	55634
0.199036	55635
0.199039	55636
0.19904	55637
0.199044	55638
0.199048	55639
0.199051	55640
0.199055	55641
0.199058	55642
0.199062	55643
0.199066	55644
0.199069	55645
0.199073	55646
0.199077	55647
0.19908	55648
0.199084	55649
0.199087	55650
0.199091	55651
0.199095	55652
0.199098	55653
0.199102	55654
0.199105	55655
0.199109	55656
0.199113	55657
0.199116	55658
0.19912	55659
0.199123	55660
0.199127	55661
0.199131	55662
0.199134	55663
0.199138	55664
0.199141	55665
0.199145	55666
0.199149	55667
0.199152	55668
0.199156	55669
0.199159	55670
0.199163	55671
0.199167	55672
0.19917	55673
0.199174	55674
0.199177	55675
0.199181	55676
0.199185	55677
0.199188	55678
0.199192	55679
0.199196	55680
0.199199	55681
0.199203	55682
0.199206	55683
0.19921	55684
0.199214	55685
0.199217	55686
0.199221	55687
0.199224	55688
0.199228	55689
0.199232	55690
0.199235	55691
0.199239	55692
0.199242	55693
0.199246	55694
0.19925	55695
0.199253	55696
0.199257	55697
0.19926	55698
0.199264	55699
0.199268	55700
0.199271	55701
0.199275	55702
0.199278	55703
0.199281	55704
0.199283	55705
0.199287	55706
0.199289	55707
0.199292	55708
0.19931	55709
0.199312	55710
0.199315	55711
0.199317	55712
0.199324	55713
0.199328	55714
0.199331	55715
0.199335	55716
0.199339	55717
0.199341	55718
0.199345	55719
0.199347	55720
0.199351	55721
0.199352	55722
0.199355	55724
0.199357	55725
0.19936	55726
0.199361	55727
0.199365	55728
0.199369	55729
0.199372	55730
0.199376	55731
0.199379	55732
0.199383	55733
0.199387	55734
0.19939	55735
0.199394	55736
0.199397	55737
0.199401	55738
0.199405	55739
0.199408	55740
0.199412	55741
0.199415	55742
0.199419	55743
0.199423	55744
0.199426	55745
0.19943	55746
0.199433	55747
0.199437	55748
0.199441	55749
0.199444	55750
0.199448	55751
0.199452	55752
0.199455	55753
0.199459	55754
0.199462	55755
0.199466	55756
0.19947	55757
0.199473	55758
0.199477	55759
0.19948	55760
0.199484	55761
0.199488	55762
0.199491	55763
0.199495	55764
0.199498	55765
0.199502	55766
0.199506	55767
0.199509	55768
0.199513	55769
0.199516	55770
0.19952	55771
0.199524	55772
0.199527	55773
0.199531	55774
0.199534	55775
0.199538	55776
0.199542	55777
0.199545	55778
0.199549	55779
0.199552	55780
0.199556	55781
0.19956	55782
0.199563	55783
0.199567	55784
0.199571	55785
0.199574	55786
0.199578	55787
0.199581	55788
0.199585	55789
0.199589	55790
0.199592	55791
0.199596	55792
0.199599	55793
0.199602	55794
0.199604	55795
0.199608	55796
0.19961	55797
0.199613	55798
0.199631	55799
0.199633	55800
0.199635	55801
0.199638	55802
0.199645	55803
0.199649	55804
0.199652	55805
0.199656	55806
0.199659	55807
0.199662	55808
0.199665	55809
0.199668	55810
0.199671	55811
0.199673	55812
0.199676	55813
0.199678	55814
0.199681	55815
0.199682	55816
0.199686	55817
0.19969	55818
0.199693	55819
0.199697	55820
0.1997	55821
0.199704	55822
0.199708	55823
0.199711	55824
0.199715	55825
0.199718	55826
0.199722	55827
0.199726	55828
0.199729	55829
0.199733	55830
0.199736	55831
0.19974	55832
0.199744	55833
0.199747	55834
0.199751	55835
0.199754	55836
0.199758	55837
0.199762	55838
0.199765	55839
0.199769	55840
0.199772	55841
0.199776	55842
0.19978	55843
0.199783	55845
0.199787	55846
0.19979	55847
0.199794	55848
0.199798	55849
0.199801	55850
0.199805	55851
0.199809	55852
0.199812	55853
0.199816	55854
0.199819	55855
0.199823	55856
0.199827	55857
0.19983	55858
0.199834	55859
0.199837	55860
0.199841	55861
0.199845	55862
0.199848	55863
0.199852	55864
0.199855	55865
0.199859	55866
0.199863	55867
0.199866	55868
0.19987	55869
0.199873	55870
0.199877	55871
0.199881	55872
0.199884	55873
0.199888	55874
0.199891	55875
0.199895	55876
0.199899	55877
0.199902	55878
0.199906	55879
0.199909	55880
0.199913	55881
0.199917	55882
0.19992	55883
0.199923	55884
0.199925	55885
0.199929	55886
0.199931	55887
0.199934	55888
0.199952	55889
0.199954	55890
0.199956	55891
0.199959	55892
0.199966	55893
0.19997	55894
0.199973	55895
0.199977	55896
0.19998	55897
0.199983	55898
0.199986	55899
0.199989	55900
0.199992	55901
0.199994	55902
0.199997	55903
0.199998	55904
0.200002	55905
0.200003	55906
0.200007	55907
0.20001	55908
0.200014	55909
0.200018	55910
0.200021	55911
0.200025	55912
0.200028	55913
0.200032	55914
0.200036	55915
0.200039	55916
0.200043	55917
0.200047	55918
0.20005	55919
0.200054	55920
0.200057	55921
0.200061	55922
0.200065	55923
0.200068	55924
0.200072	55925
0.200075	55926
0.200079	55927
0.200083	55928
0.200086	55929
0.20009	55930
0.200093	55931
0.200097	55932
0.200101	55933
0.200104	55934
0.200108	55935
0.200111	55936
0.200115	55937
0.200119	55938
0.200122	55939
0.200126	55940
0.200129	55941
0.200133	55942
0.200137	55943
0.20014	55944
0.200144	55945
0.200147	55946
0.200151	55947
0.200155	55948
0.200158	55949
0.200162	55950
0.200166	55951
0.200169	55952
0.200173	55953
0.200176	55954
0.20018	55955
0.200184	55956
0.200187	55957
0.200191	55958
0.200194	55959
0.200198	55960
0.200202	55961
0.200205	55962
0.200209	55963
0.200212	55964
0.200216	55965
0.20022	55967
0.200223	55968
0.200227	55969
0.20023	55970
0.200234	55971
0.200238	55972
0.200241	55973
0.200244	55974
0.200246	55975
0.20025	55976
0.200252	55977
0.200254	55978
0.200272	55979
0.200275	55980
0.200277	55981
0.20028	55982
0.200287	55983
0.200291	55984
0.200294	55985
0.200298	55986
0.200301	55987
0.200304	55988
0.200307	55989
0.20031	55990
0.200313	55991
0.200315	55992
0.200318	55993
0.200319	55994
0.200323	55995
0.200324	55996
0.200328	55997
0.200331	55998
0.200335	55999
0.200339	56000
0.200342	56001
0.200346	56002
0.200349	56003
0.200353	56004
0.200357	56005
0.20036	56006
0.200364	56007
0.200367	56008
0.200371	56009
0.200375	56010
0.200378	56011
0.200382	56012
0.200386	56013
0.200389	56014
0.200393	56015
0.200396	56016
0.2004	56017
0.200404	56018
0.200407	56019
0.200411	56020
0.200414	56021
0.200418	56022
0.200422	56023
0.200425	56024
0.200429	56025
0.200432	56026
0.200436	56027
0.20044	56028
0.200443	56029
0.200447	56030
0.20045	56031
0.200454	56032
0.200458	56033
0.200461	56034
0.200465	56035
0.200468	56036
0.200472	56037
0.200476	56038
0.200479	56039
0.200483	56040
0.200486	56041
0.20049	56042
0.200494	56043
0.200497	56044
0.200501	56045
0.200505	56046
0.200508	56047
0.200512	56048
0.200515	56049
0.200519	56050
0.200523	56051
0.200526	56052
0.20053	56053
0.200533	56054
0.200537	56055
0.200541	56056
0.200544	56057
0.200548	56058
0.200551	56059
0.200555	56060
0.200559	56061
0.200562	56062
0.200565	56063
0.200567	56064
0.200571	56065
0.200573	56066
0.200575	56067
0.200593	56068
0.200596	56069
0.200598	56070
0.200601	56071
0.200608	56072
0.200611	56073
0.200615	56074
0.200619	56075
0.200622	56076
0.200625	56077
0.200628	56078
0.200631	56079
0.200634	56080
0.200636	56081
0.200639	56082
0.200642	56083
0.200649	56084
0.200651	56085
0.200658	56086
0.200664	56087
0.200668	56089
0.200672	56090
0.200675	56091
0.200679	56092
0.200682	56093
0.200686	56094
0.20069	56095
0.200693	56096
0.200697	56097
0.2007	56098
0.200704	56099
0.200708	56100
0.200711	56101
0.200715	56102
0.200719	56103
0.200722	56104
0.200726	56105
0.200729	56106
0.200733	56107
0.200737	56108
0.20074	56109
0.200744	56110
0.200747	56111
0.200751	56112
0.200755	56113
0.200758	56114
0.200762	56115
0.200765	56116
0.200769	56117
0.200773	56118
0.200776	56119
0.20078	56120
0.200783	56121
0.200787	56122
0.200791	56123
0.200794	56124
0.200798	56125
0.200801	56126
0.200805	56127
0.200809	56128
0.200812	56129
0.200816	56130
0.200819	56131
0.200823	56132
0.200827	56133
0.20083	56134
0.200834	56135
0.200838	56136
0.200841	56137
0.200845	56138
0.200848	56139
0.200852	56140
0.200856	56141
0.200859	56142
0.200863	56143
0.200866	56144
0.20087	56145
0.200874	56146
0.200877	56147
0.200881	56148
0.200884	56149
0.200888	56150
0.200892	56151
0.200895	56152
0.200898	56153
0.2009	56154
0.200904	56155
0.200906	56156
0.200908	56157
0.200926	56158
0.200929	56159
0.200931	56160
0.200934	56161
0.200941	56162
0.200944	56163
0.200948	56164
0.200952	56165
0.200955	56166
0.200958	56167
0.200961	56168
0.200964	56169
0.200967	56170
0.200969	56171
0.200972	56172
0.200976	56173
0.200987	56174
0.20099	56175
0.201001	56176
0.201009	56177
0.201013	56178
0.201017	56179
0.20102	56180
0.201024	56181
0.201027	56182
0.201031	56183
0.201035	56184
0.201038	56185
0.201042	56186
0.201045	56187
0.201049	56188
0.201053	56189
0.201056	56190
0.20106	56191
0.201063	56192
0.201067	56193
0.201071	56194
0.201074	56195
0.201078	56196
0.201082	56197
0.201085	56198
0.201089	56199
0.201092	56200
0.201096	56201
0.2011	56202
0.201103	56203
0.201107	56204
0.20111	56205
0.201114	56206
0.201118	56207
0.201121	56208
0.201125	56210
0.201128	56211
0.201132	56212
0.201136	56213
0.201139	56214
0.201143	56215
0.201146	56216
0.20115	56217
0.201154	56218
0.201157	56219
0.201161	56220
0.201164	56221
0.201168	56222
0.201172	56223
0.201175	56224
0.201179	56225
0.201182	56226
0.201186	56227
0.20119	56228
0.201193	56229
0.201197	56230
0.201201	56231
0.201204	56232
0.201208	56233
0.201211	56234
0.201215	56235
0.201219	56236
0.201222	56237
0.201226	56238
0.201229	56239
0.201233	56240
0.201237	56241
0.20124	56242
0.201243	56243
0.201245	56244
0.201249	56245
0.201251	56246
0.201253	56247
0.201271	56248
0.201274	56249
0.201276	56250
0.201279	56251
0.201286	56252
0.201289	56253
0.201293	56254
0.201297	56255
0.2013	56256
0.201303	56257
0.201306	56258
0.201309	56259
0.201312	56260
0.201314	56261
0.201317	56262
0.201322	56263
0.201336	56264
0.201341	56265
0.201356	56266
0.201368	56267
0.201375	56268
0.201382	56269
0.201389	56270
0.201393	56271
0.201396	56272
0.2014	56273
0.201404	56274
0.201407	56275
0.201411	56276
0.201414	56277
0.201418	56278
0.201422	56279
0.201425	56280
0.201429	56281
0.201432	56282
0.201436	56283
0.20144	56284
0.201443	56285
0.201447	56286
0.201451	56287
0.201454	56288
0.201458	56289
0.201461	56290
0.201465	56291
0.201469	56292
0.201472	56293
0.201476	56294
0.201479	56295
0.201483	56296
0.201487	56297
0.20149	56298
0.201494	56299
0.201497	56300
0.201501	56301
0.201505	56302
0.201508	56303
0.201512	56304
0.201515	56305
0.201519	56306
0.201523	56307
0.201526	56308
0.20153	56309
0.201533	56310
0.201537	56311
0.201541	56312
0.201544	56313
0.201548	56314
0.201551	56315
0.201555	56316
0.201559	56317
0.201562	56318
0.201566	56319
0.20157	56320
0.201573	56321
0.201577	56322
0.20158	56323
0.201584	56324
0.201588	56325
0.201591	56326
0.201595	56327
0.201598	56328
0.201602	56329
0.201606	56330
0.201609	56332
0.201612	56333
0.201614	56334
0.201618	56335
0.20162	56336
0.201622	56337
0.20164	56338
0.201643	56339
0.201645	56340
0.201648	56341
0.201655	56342
0.201658	56343
0.201662	56344
0.201666	56345
0.201669	56346
0.201672	56347
0.201675	56348
0.201678	56349
0.201681	56350
0.201683	56351
0.201686	56352
0.201692	56353
0.20171	56354
0.201716	56355
0.201734	56356
0.20175	56357
0.201761	56358
0.201771	56359
0.201782	56360
0.201789	56361
0.201797	56362
0.201804	56363
0.201811	56364
0.201818	56365
0.201826	56366
0.201832	56367
0.201835	89
0.202263	56367
0.202267	89
0.202695	56287
0.202702	89
0.203094	55812
0.215852	89
0.216257	55666
0.218709	89
0.219115	55547
0.219205	89
0.219609	55395
0.221035	89
0.221441	55271
0.221441	89
0.221846	55076
0.221893	89
0.222296	54835
0.223912	89
0.224319	54617
0.224456	89
0.224861	54354
0.225103	89
0.225509	54089
0.22562	89
0.226024	53802
0.226483	89
0.22689	53534
0.226923	89
0.227328	53265
0.227356	89
0.22776	52919
0.228175	89
0.22858	52600
0.228802	89
0.229206	52247
0.229939	89
0.230345	51924
0.230908	89
0.231314	51536
0.231321	89
0.231727	51138
0.231734	89
0.232138	50695
0.232371	89
0.232777	50276
0.232953	89
0.233358	49868
0.233651	89
0.234057	49461
0.234647	89
0.235051	49050
0.235387	89
0.235792	48675
0.235894	89
0.236299	48257
0.236305	89
0.236709	47834
0.237095	89
0.237499	47418
0.237637	89
0.238043	47015
0.238043	89
0.238449	46606
0.238469	89
0.238874	46177
0.238985	89
0.239389	45676
0.239663	89
0.24007	45195
0.241375	89
0.241781	44801
0.24181	89
0.242215	44426
0.24234	89
0.242745	44046
0.242776	89
0.24318	43662
0.243361	89
0.243765	43258
0.244325	89
0.24473	42886
0.244775	89
0.24518	42494
0.24518	89
0.245584	42071
0.245771	89
0.246176	41662
0.246205	89
0.24661	41263
0.246675	89
0.247078	40849
0.247404	89
0.24781	40450
0.248036	89
0.248442	40089
0.24874	89
0.249143	39692
0.250194	89
0.2506	39356
0.250623	89
0.251028	38994
0.251426	89
0.251832	38626
0.251937	89
0.252342	38244
0.252466	89
0.25287	37835
0.253031	89
0.253437	37454
0.253543	89
0.253948	37061
0.254651	89
0.255057	36693
0.255192	89
0.255598	36300
0.255613	89
0.256018	35922
0.256574	89
0.256979	35591
0.257489	89
0.257895	35266
0.257895	89
0.2583	34928
0.258439	89
0.258844	34576
0.258865	89
0.259269	34226
0.259514	89
0.259921	33885
0.260117	89
0.260522	33534
0.261135	89
0.261541	33225
0.261541	89
0.261946	32927
0.262575	89
0.262981	32645
0.263344	89
0.263748	32354
0.264055	89
0.264459	32078
0.264828	89
0.265235	31827
0.265443	89
0.265848	31586
0.266246	89
0.266649	31356
0.267612	89
0.268018	31148
0.268018	89
0.268424	30943
0.268609	89
0.269013	30733
0.269709	89
0.270115	30540
0.270126	89
0.270531	30338
0.270549	89
0.270953	30107
0.271361	89
0.271765	29895
0.272068	89
0.272474	29690
0.272659	89
0.273066	29501
0.273504	89
0.273908	29277
0.274258	89
0.274662	29072
0.275411	89
0.275815	28883
0.276118	89
0.276524	28709
0.276557	89
0.276963	28526
0.27697	89
0.277374	28325
0.277934	89
0.27834	28143
0.278764	89
0.279169	27917
0.280311	89
0.280716	27719
0.280819	89
0.281222	27505
0.281435	89
0.281841	27287
0.28195	89
0.282355	27068
0.282666	89
0.28307	26840
0.283409	89
0.283815	26591
0.28429	89
0.284696	26343
0.284848	89
0.285253	26095
0.285598	89
0.286003	25870
0.286064	89
0.286469	25642
0.286521	89
0.286925	25412
0.287995	89
0.288401	25229
0.288408	89
0.288813	25023
0.288824	89
0.289228	24795
0.289911	89
0.290314	24594
0.290824	89
0.291228	24402
0.29168	89
0.292084	24226
0.292623	89
0.29303	24067
0.293168	89
0.293573	23910
0.29366	89
0.294063	23747
0.294515	89
0.294922	23581
0.294971	89
0.295376	23419
0.295399	89
0.295803	23250
0.296056	89
0.296461	23073
0.296483	89
0.296889	22883
0.297043	89
0.297448	22694
0.297987	89
0.298393	22514
0.298412	89
0.298817	22339
0.298868	89
0.299273	22160
0.299305	89
0.299712	21978
0.299719	89
0.300124	21793
0.300969	89
0.301373	21601
0.301632	89
0.302039	21426
0.302112	89
0.302517	21248
0.302586	89
0.302991	21060
0.303116	89
0.30352	20868
0.303699	89
0.304103	20682
0.304576	89
0.304982	20499
0.305029	89
0.305434	20314
0.305434	89
0.305839	20120
0.305843	89
0.306247	19919
0.30663	89
0.307034	19717
0.307301	89
0.307707	19534
0.308191	89
0.308596	19361
0.308742	89
0.309147	19205
0.309391	89
0.309795	19031
0.310149	89
0.310554	18868
0.310586	89
0.31099	18709
0.311352	89
0.311758	18551
0.311823	89
0.312228	18397
0.312441	89
0.312845	18238
0.313378	89
0.313785	18093
0.313925	89
0.31433	17948
0.314392	89
0.314798	17800
0.315127	89
0.315532	17635
0.31555	89
0.315954	17463
0.316255	89
0.316659	17297
0.317024	89
0.31743	17141
0.317459	89
0.317864	16990
0.317893	89
0.318299	16829
0.318411	89
0.318816	16675
0.318823	89
0.319228	16519
0.31925	89
0.319656	16363
0.31967	89
0.320075	16201
0.320913	89
0.321316	16042
0.321481	89
0.321887	15889
0.32197	89
0.322375	15745
0.322723	89
0.323127	15610
0.323506	89
0.323913	15472
0.324014	89
0.324419	15342
0.324512	89
0.324916	15204
0.32526	89
0.325664	15075
0.326109	89
0.326514	14951
0.326627	89
0.327031	14831
0.327977	89
0.328381	14735
0.32897	89
0.329375	14636
0.329662	89
0.330067	14535
0.330196	89
0.330599	14430
0.330825	89
0.331229	14324
0.331602	89
0.332008	14212
0.332055	89
0.332461	14093
0.332472	89
0.332877	13968
0.332877	89
0.333281	13826
0.333722	89
0.334126	13684
0.334126	13685
0.334491	89
0.334898	13547
0.334963	89
0.335369	13410
0.335464	89
0.335869	13281
0.336558	89
0.336964	13152
0.337051	89
0.337456	13022
0.33747	89
0.337875	12897
0.338489	89
0.338896	12786
0.339061	89
0.339467	12679
0.339712	89
0.340117	12556
0.340157	89
0.34056	12436
0.34102	89
0.341425	12328
0.341737	89
0.342142	12225
0.342167	89
0.342571	12117
0.343088	89
0.343492	11998
0.344172	89
0.344579	11893
0.344608	89
0.345013	11791
0.345114	89
0.345517	11678
0.345778	89
0.346185	11561
0.34634	89
0.346746	11447
0.34676	89
0.347165	11321
0.34718	89
0.347584	11200
0.347805	89
0.348211	11084
0.348265	89
0.34867	10973
0.348782	89
0.349187	10857
0.349241	89
0.349645	10737
0.34983	89
0.350236	10619
0.350236	89
0.350642	10506
0.350764	89
0.351169	10393
0.351338	89
0.351741	10280
0.351874	89
0.352277	10172
0.352766	89
0.353169	10071
0.353585	89
0.353992	9973
0.354024	89
0.35443	9875
0.354544	89
0.35495	9776
0.355572	89
0.355977	9684
0.356093	89
0.356497	9584
0.356743	89
0.357147	9487
0.357707	89
0.358113	9397
0.358113	89
0.358518	9307
0.358646	89
0.359051	9206
0.359207	89
0.359612	9103
0.359634	89
0.360038	8994
0.361671	89
0.362077	8909
0.362139	89
0.362544	8827
0.362593	89
0.362998	8748
0.363064	89
0.363471	8668
0.364407	89
0.364811	8593
0.364811	89
0.365216	8515
0.365216	89
0.365622	8440
0.365622	89
0.366028	8357
0.366036	89
0.366441	8275
0.36657	89
0.366974	8178
0.367329	89
0.367734	8085
0.367748	89
0.368155	7994
0.368173	89
0.368578	7903
0.368736	89
0.36914	7817
0.369477	89
0.369881	7731
0.370217	89
0.370624	7651
0.370922	89
0.371327	7573
0.371366	89
0.37177	7496
0.372129	89
0.372534	7416
0.372642	89
0.373046	7337
0.373558	89
0.373964	7266
0.373982	89
0.374387	7186
0.374394	89
0.374798	7105
0.375207	89
0.375612	7032
0.375614	89
0.376018	6962
0.377027	89
0.377432	6902
0.377536	89
0.377943	6846
0.378051	89
0.378456	6789
0.379002	89
0.379407	6727
0.380198	89
0.380604	6670
0.380716	89
0.381122	6615
0.381162	89
0.381567	6554
0.382271	89
0.382676	6496
0.382683	89
0.38309	6440
0.383194	89
0.383599	6384
0.383603	89
0.384007	6328
0.384249	89
0.384656	6271
0.384674	89
0.385079	6216
0.385332	89
0.385738	6155
0.385772	89
0.386176	6097
0.386275	89
0.386681	6034
0.386764	89
0.387169	5972
0.387506	89
0.38791	5907
0.388307	89
0.388713	5846
0.388752	89
0.389156	5788
0.389626	89
0.39003	5731
0.390363	89
0.390768	5676
0.390869	89
0.391275	5622
0.391554	89
0.391958	5570
0.392752	89
0.393159	5513
0.393249	89
0.393654	5460
0.394387	89
0.394792	5411
0.394817	89
0.395221	5360
0.395644	89
0.396048	5312
0.396446	89
0.396852	5267
0.396907	89
0.397313	5221
0.397356	5222
0.39747	89
0.397875	5176
0.398455	89
0.398861	5133
0.398865	89
0.399271	5092
0.399278	89
0.399683	5044
0.399827	89
0.400231	4995
0.40073	89
0.401134	4950
0.401258	89
0.401664	4906
0.401758	89
0.402164	4858
0.402269	89
0.402674	4809
0.402751	89
0.403155	4758
0.403306	89
0.403711	4708
0.403907	89
0.404311	4658
0.40465	89
0.405054	4610
0.405307	89
0.405714	4568
0.405883	89
0.406288	4525
0.406805	89
0.407209	4484
0.408208	89
0.408614	4449
0.408951	89
0.409356	4413
0.409478	89
0.409882	4376
0.410316	89
0.410722	4336
0.410816	89
0.411221	4296
0.411475	89
0.411879	4254
0.412331	89
0.412737	4211
0.412798	89
0.413203	4171
0.413479	89
0.413885	4132
0.413953	89
0.414358	4095
0.415063	89
0.415467	4057
0.415836	89
0.416242	4016
0.416307	89
0.416713	3977
0.416825	89
0.41723	3937
0.417329	89
0.417732	3899
0.419479	89
0.419884	3870
0.419942	89
0.420346	3840
0.421097	89
0.421503	3809
0.421701	89
0.422106	3779
0.422325	89
0.42273	3749
0.422748	89
0.423153	3720
0.423204	89
0.423608	3688
0.423934	89
0.42434	3656
0.424361	89
0.424767	3625
0.42481	89
0.425215	3593
0.425229	89
0.425633	3559
0.426963	89
0.427368	3531
0.427428	89
0.427832	3503
0.427982	89
0.428388	3473
0.428579	89
0.428984	3441
0.429627	89
0.430032	3413
0.430906	89
0.43131	3388
0.431755	89
0.43216	3365
0.432232	89
0.432636	3339
0.432646	3340
0.432933	89
0.433339	3315
0.433408	89
0.433813	3290
0.434059	89
0.434463	3265
0.434973	89
0.435379	3240
0.435488	89
0.435893	3215
0.436089	89
0.436496	3191
0.436571	89
0.436976	3167
0.437031	89
0.437434	3142
0.439021	89
0.439425	3119
0.440532	89
0.440938	3099
0.44096	89
0.441366	3079
0.44159	89
0.441995	3059
0.441997	89
0.442403	3036
0.442698	89
0.443103	3010
0.443186	89
0.44359	2984
0.444264	89
0.444669	2960
0.444864	89
0.445268	2937
0.445607	89
0.446012	2916
0.446207	89
0.446612	2892
0.446859	89
0.447263	2868
0.447851	89
0.448255	2845
0.448718	89
0.449121	2824
0.449595	89
0.45	2805
0.45004	89
0.450446	2785
0.450908	89
0.451311	2763
0.451555	89
0.451961	2743
0.45269	89
0.453094	2723
0.453589	89
0.453993	2700
0.454322	89
0.454728	2679
0.454738	89
0.455142	2657
0.455645	89
0.456049	2635
0.456443	89
0.456848	2613
0.45702	89
0.457424	2591
0.457538	89
0.457944	2569
0.457944	89
0.458349	2548
0.458367	2549
0.458504	89
0.458908	2530
0.459158	89
0.459564	2511
0.459579	89
0.459985	2491
0.460104	89
0.460509	2470
0.460693	89
0.461097	2447
0.461185	89
0.461591	2424
0.461627	89
0.462032	2402
0.462133	89
0.462538	2377
0.462711	89
0.463115	2351
0.463221	89
0.463625	2324
0.464241	89
0.464648	2301
0.464853	89
0.465258	2278
0.465327	89
0.465733	2256
0.466062	89
0.466466	2234
0.466897	89
0.467302	2213
0.46741	89
0.467816	2192
0.467886	89
0.468291	2170
0.469034	89
0.469438	2148
0.469691	89
0.470098	2126
0.470098	89
0.470504	2104
0.470572	89
0.470977	2081
0.471178	89
0.471584	2057
0.471629	89
0.472034	2031
0.473038	89
0.473441	2008
0.473742	89
0.474148	1986
0.474181	89
0.474586	1964
0.474633	89
0.475037	1942
0.476014	89
0.476418	1925
0.476575	89
0.476981	1907
0.47718	89
0.477585	1889
0.477824	89
0.47823	1870
0.47831	89
0.478715	1851
0.478747	89
0.479151	1831
0.479441	89
0.479845	1811
0.48026	89
0.480666	1793
0.480666	1794
0.480745	89
0.481149	1777
0.481626	89
0.48203	1761
0.482374	89
0.482777	1745
0.483157	89
0.483564	1731
0.48397	89
0.484375	1717
0.484393	89
0.484797	1703
0.485079	89
0.485486	1690
0.485651	89
0.486058	1676
0.486094	89
0.486499	1660
0.487106	89
0.487512	1643
0.487757	89
0.488162	1628
0.488344	89
0.488748	1612
0.489167	89
0.489571	1596
0.489958	89
0.490362	1581
0.490861	89
0.491266	1568
0.491291	89
0.491697	1554
0.491836	89
0.492241	1540
0.492774	89
0.493181	1525
0.493458	89
0.493865	1512
0.494187	89
0.494593	1499
0.494597	89
0.495002	1485
0.495005	89
0.495409	1472
0.495612	89
0.496019	1457
0.496123	89
0.49653	1442
0.496665	89
0.49707	1426
0.497236	1427
0.497243	89
0.497649	1411
0.497721	89
0.498125	1394
0.499663	89
0.500069	1380
0.500142	89
0.500547	1366
0.501395	89
0.5018	1353
0.5019	89
0.502306	1340
0.502561	89
0.502965	1326
0.503413	89
0.503818	1314
0.503909	89
0.504312	1302
0.504819	89
0.505222	1292
0.50553	89
0.505934	1281
0.507019	89
0.507424	1273
0.507446	89
0.50785	1264
0.50819	1265
0.508295	89
0.508701	1256
0.508737	89
0.509142	1248
0.509421	89
0.509825	1238
0.510187	89
0.510593	1228
0.5106	89
0.511005	1216
0.511034	89
0.511439	1206
0.511472	89
0.511878	1195
0.512276	89
0.51268	1182
0.513077	89
0.513484	1170
0.513495	89
0.5139	1158
0.514532	89
0.514938	1146
0.516019	89
0.516423	1136
0.516972	89
0.517377	1127
0.517391	89
0.517798	1118
0.518004	89
0.518408	1109
0.51924	1110
0.519602	89
0.520006	1102
0.520757	89
0.521161	1094
0.521552	89
0.521955	1086
0.522415	89
0.52282	1078
0.522838	89
0.523244	1070
0.523446	89
0.523851	1062
0.523862	89
0.524266	1054
0.52453	89
0.524935	1046
0.524939	89
0.525345	1037
0.525638	89
0.526045	1028
0.526128	89
0.526533	1019
0.526647	89
0.527051	1011
0.527302	89
0.527708	1003
0.527744	89
0.528151	994
0.52853	89
0.528937	985
0.528998	89
0.529403	976
0.530133	89
0.530538	967
0.530538	968
0.530592	89
0.530996	960
0.531296	89
0.5317	950
0.53226	89
0.532664	942
0.532896	89
0.533301	933
0.533445	89
0.533852	925
0.533897	89
0.534302	917
0.534352	89
0.534756	908
0.534889	89
0.535295	899
0.535457	89
0.535864	890
0.536215	89
0.536619	881
0.536916	89
0.537322	872
0.537361	89
0.537767	863
0.537774	89
0.538179	854
0.538323	89
0.538727	845
0.538941	89
0.539347	837
0.539358	89
0.539763	829
0.540453	89
0.540857	820
0.541042	89
0.541446	812
0.541482	813
0.541826	89
0.542231	806
0.542317	89
0.542721	798
0.543272	89
0.543676	791
0.543798	89
0.544204	785
0.544212	89
0.544618	777
0.544625	89
0.54503	769
0.545077	89
0.545481	761
0.545825	89
0.546231	753
0.546445	89
0.54685	745
0.546943	89
0.547348	737
0.547351	89
0.547758	729
0.547899	89
0.548303	722
0.548842	89
0.549248	714
0.549252	89
0.549658	707
0.549746	89
0.550151	700
0.5503	89
0.550705	693
0.550705	89
0.551109	685
0.551408	686
0.551532	89
0.551936	678
0.552763	89
0.553167	671
0.55355	89
0.553954	664
0.554456	89
0.55486	657
0.555543	89
0.555949	651
0.556194	89
0.556599	645
0.556812	646
0.557224	89
0.55763	640
0.55763	89
0.558036	634
0.558217	89
0.558622	629
0.558634	89
0.559038	624
0.559257	89
0.559662	619
0.559702	89
0.560106	613
0.560543	89
0.560947	608
0.561323	89
0.56173	604
0.562052	89
0.562457	598
0.562845	89
0.56325	593
0.563297	89
0.563701	588
0.563884	589
0.564167	89
0.564572	584
0.564701	89
0.565107	578
0.565358	89
0.565762	573
0.566236	89
0.56664	568
0.567354	89
0.56776	564
0.567811	89
0.568216	559
0.568255	89
0.568659	554
0.568909	89
0.569315	549
0.569362	89
0.569769	544
0.569984	545
0.570009	89
0.570414	540
0.571231	89
0.571635	536
0.57201	89
0.572415	531
0.572421	89
0.572825	527
0.573078	89
0.573482	523
0.573822	89
0.574228	519
0.574358	89
0.574763	515
0.574824	89
0.575228	511
0.575538	512
0.576598	89
0.577005	508
0.577015	89
0.577421	504
0.577464	89
0.577869	499
0.577923	89
0.578327	494
0.578757	89
0.579162	490
0.579169	89
0.579573	485
0.579899	89
0.580305	481
0.580519	482
0.580779	89
0.581183	477
0.581458	89
0.581864	473
0.58198	89
0.582386	469
0.582408	89
0.582813	465
0.582953	89
0.583357	460
0.584072	89
0.584479	456
0.584479	89
0.584884	452
0.58539	453
0.585685	89
0.586089	449
0.586466	89
0.586872	445
0.586972	89
0.587378	441
0.587418	89
0.587823	437
0.588993	438
0.58981	89
0.590213	435
0.590917	89
0.591323	432
0.591393	89
0.591798	429
0.592153	430
0.592483	89
0.592889	426
0.592972	89
0.593378	423
0.593682	89
0.594087	419
0.594217	89
0.594621	416
0.59563	89
0.596036	412
0.596076	413
0.596119	89
0.596524	410
0.597005	89
0.597409	407
0.597655	89
0.598061	404
0.598097	89
0.598502	401
0.598517	89
0.598921	398
0.599275	89
0.599682	395
0.599725	89
0.60013	392
0.600296	89
0.6007	388
0.600899	89
0.601305	384
0.601432	385
0.601612	89
0.602018	382
0.602416	89
0.602822	378
0.603898	89
0.604303	376
0.604325	377
0.604544	89
0.604948	374
0.605591	89
0.605996	371
0.606027	89
0.606431	368
0.607112	89
0.607516	365
0.607585	366
0.608049	89
0.608454	363
0.609187	89
0.60959	360
0.610015	361
0.610221	89
0.610627	359
0.610659	89
0.611063	356
0.612429	357
0.612809	89
0.613216	355
0.613223	89
0.613631	353
0.613634	89
0.614039	351
0.61413	89
0.614532	348
0.61563	349
0.615951	89
0.616354	347
0.616863	89
0.61727	345
0.617281	89
0.617686	343
0.618386	344
0.619293	89
0.6197	342
0.61973	89
0.620135	340
0.620747	89
0.621152	338
0.621152	339
0.621974	89
0.62238	337
0.622792	89
0.623197	335
0.623312	89
0.623713	333
0.623817	334
0.624793	89
0.625199	332
0.625202	89
0.625609	330
0.625738	89
0.626144	328
0.626193	89
0.626596	325
0.626932	326
0.626966	89
0.627372	324
0.627477	89
0.627882	322
0.628411	89
0.628818	320
0.628818	89
0.629224	317
0.629359	89
0.629763	315
0.630323	316
0.630569	89
0.630974	313
0.63115	89
0.631555	310
0.632602	311
0.632664	89
0.633068	309
0.634079	89
0.634487	307
0.634747	308
0.634898	89
0.635303	306
0.63615	89
0.636555	304
0.636917	89
0.637325	302
0.637335	89
0.63774	299
0.637767	300
0.63778	89
0.638183	297
0.638537	89
0.638945	294
0.638988	89
0.639394	292
0.63953	89
0.639935	289
0.640655	290
0.640797	89
0.641203	287
0.641387	89
0.64179	285
0.642322	89
0.64273	282
0.642795	89
0.643201	280
0.643253	89
0.643657	277
0.643961	278
0.644347	89
0.644752	275
0.64476	89
0.645163	273
0.645993	274
0.646092	89
0.646499	271
0.646509	89
0.646915	269
0.647082	89
0.647485	266
0.648073	89
0.648477	264
0.648661	89
0.649068	261
0.649072	89
0.649477	259
0.649548	89
0.649953	256
0.649965	257
0.651142	89
0.651547	255
0.651547	256
0.651556	89
0.65196	254
0.652851	89
0.653258	252
0.653266	89
0.653671	250
0.653696	89
0.654098	247
0.654213	248
0.654471	89
0.654879	246
0.654903	89
0.655308	243
0.65534	89
0.655744	240
0.656494	89
0.656898	238
0.656956	239
0.657161	89
0.657569	236
0.657724	89
0.658128	233
0.658831	234
0.658855	89
0.65926	232
0.659428	89
0.659833	230
0.660015	89
0.66042	228
0.660428	89
0.660832	225
0.661432	226
0.661755	89
0.662163	224
0.662189	89
0.662595	222
0.66307	89
0.663474	219
0.663674	220
0.664644	89
0.66505	218
0.66505	219
0.665057	89
0.665463	217
0.66553	89
0.665933	215
0.666558	89
0.666962	212
0.667171	213
0.667359	89
0.667764	211
0.66856	89
0.668966	209
0.668966	210
0.66898	89
0.669384	208
0.669501	89
0.669907	206
0.669932	89
0.670336	204
0.671074	89
0.671478	202
0.671513	203
0.672392	204
0.672547	89
0.672952	202
0.672961	89
0.673367	201
0.673429	89
0.673834	199
0.674019	89
0.674423	197
0.674864	198
0.675456	89
0.675861	197
0.675939	89
0.676346	195
0.676388	89
0.676795	193
0.676858	89
0.677262	191
0.677418	192
0.677803	89
0.678211	190
0.678215	89
0.678622	188
0.678622	89
0.679026	186
0.679461	187
0.679574	89
0.679981	185
0.680028	89
0.680434	183
0.681089	184
0.68152	89
0.681925	182
0.682013	89
0.682418	180
0.682665	89
0.683071	178
0.683081	89
0.683486	177
0.683513	178
0.683545	89
0.683948	176
0.684687	89
0.685094	174
0.685117	175
0.685159	89
0.685564	173
0.685649	89
0.686055	172
0.68617	89
0.686574	170
0.686918	89
0.687322	168
0.687422	169
0.688202	89
0.688607	168
0.688609	169
0.689292	89
0.689699	168
0.68971	89
0.690116	166
0.690186	167
0.690253	89
0.690657	166
0.690763	89
0.691166	164
0.691723	89
0.692129	163
0.692167	164
0.692173	89
0.692578	163
0.693266	164
0.693746	89
0.694154	162
0.694158	89
0.694563	161
0.694841	162
0.694849	89
0.695251	160
0.695852	89
0.696256	159
0.69631	160
0.696832	89
0.697239	159
0.697286	89
0.697691	157
0.697868	158
0.698202	89
0.698607	157
0.698607	89
0.699012	156
0.699421	157
0.699885	89
0.70029	156
0.700317	89
0.700722	154
0.700906	155
0.70096	89
0.701362	154
0.701843	89
0.702251	153
0.702328	89
0.702733	152
0.702769	153
0.702778	89
0.703182	152
0.703362	89
0.703765	150
0.704277	89
0.704681	149
0.704701	150
0.704964	89
0.705369	149
0.705747	89
0.706151	148
0.706168	149
0.706807	150
0.706949	89
0.707357	149
0.707378	89
0.707783	148
0.70833	149
0.708989	150
0.709178	89
0.709583	148
0.709612	89
0.710017	147
0.710042	89
0.710446	146
0.710824	147
0.711044	89
0.71145	146
0.711454	89
0.711859	144
0.712107	89
0.712511	143
0.712617	89
0.713024	142
0.713024	89
0.71343	140
0.713488	141
0.713673	89
0.714077	140
0.71451	141
0.714643	89
0.715051	139
0.715065	89
0.71547	138
0.715504	89
0.715907	136
0.716283	89
0.716688	135
0.716743	136
0.717347	137
0.717901	89
0.718307	136
0.718319	89
0.718724	135
0.718768	136
0.719174	89
0.719579	134
0.719728	89
0.720132	133
0.720176	134
0.720713	89
0.721121	133
0.721176	89
0.721582	132
0.72159	133
0.72171	89
0.722114	131
0.722584	132
0.722812	89
0.723217	131
0.723595	132
0.723766	89
0.72417	130
0.724418	89
0.724821	129
0.724983	130
0.725592	131
0.725611	89
0.726015	130
0.726575	131
0.726967	89
0.727371	130
0.72759	131
0.728162	89
0.728568	130
0.728578	131
0.728622	89
0.729026	130
0.729219	89
0.729621	129
0.729898	130
0.730029	89
0.730435	129
0.730483	89
0.730887	128
0.731304	129
0.731887	130
0.732233	89
0.732637	129
0.732892	130
0.733473	131
0.733873	89
0.734279	130
0.734342	89
0.734747	129
0.734777	89
0.735181	128
0.735278	89
0.735684	127
0.735696	128
0.735944	89
0.736347	127
0.736673	89
0.737079	126
0.737079	127
0.737581	128
0.737915	89
0.738323	127
0.738327	89
0.738735	126
0.738985	127
0.739116	89
0.739519	125
0.739961	127
0.739983	89
0.740388	125
0.740413	89
0.740818	124
0.741364	125
0.741932	126
0.742433	127
0.742745	89
0.743151	126
0.743169	89
0.743573	125
0.743791	89
0.744197	124
0.744206	89
0.744613	122
0.744639	123
0.744663	89
0.745068	122
0.745562	89
0.74597	121
0.74597	89
0.746375	119
0.746413	120
0.746423	89
0.746826	119
0.747183	89
0.74759	118
0.747618	89
0.748023	117
0.748108	118
0.748129	89
0.748532	116
0.749073	89
0.749478	115
0.749478	116
0.749625	89
0.75003	115
0.75006	89
0.750463	114
0.750831	115
0.75123	89
0.751637	114
0.751637	89
0.752043	113
0.752047	89
0.752451	112
0.752507	113
0.752975	114
0.753381	89
0.753785	113
0.753935	114
0.754352	89
0.754759	112
0.754886	89
0.75529	111
0.75529	112
0.755559	89
0.755962	111
0.756147	112
0.756499	89
0.756903	111
0.757016	112
0.757218	89
0.757626	111
0.757833	89
0.758239	110
0.758378	111
0.758522	89
0.758927	110
0.759171	89
0.759576	109
0.75964	110
0.760174	111
0.760639	112
0.760842	89
0.761247	111
0.761593	112
0.762051	113
0.762178	89
0.76258	112
0.762997	113
0.763018	89
0.763424	112
0.763493	89
0.763899	111
0.764054	89
0.764459	110
0.764596	89
0.765	109
0.765071	110
0.765529	111
0.765872	89
0.766279	110
0.766323	89
0.766729	109
0.766891	110
0.767428	111
0.767886	113
0.768067	89
0.768475	112
0.768501	89
0.768906	111
0.768928	89
0.769333	110
0.769564	111
0.770114	112
0.770166	89
0.770571	111
0.770682	89
0.771088	110
0.771113	89
0.771517	108
0.77178	109
0.772318	110
0.772403	89
0.772809	109
0.772932	89
0.773336	108
0.773586	109
0.773736	89
0.774143	108
0.774158	89
0.774563	107
0.77458	89
0.774984	106
0.775243	107
0.775628	89
0.776035	106
0.776047	89
0.776452	105
0.776594	106
0.777034	107
0.777566	108
0.777784	89
0.778192	107
0.778197	89
0.778603	106
0.778639	89
0.779043	105
0.779225	106
0.779679	107
0.779834	89
0.780239	106
0.780424	89
0.780827	105
0.780926	106
0.781192	89
0.781599	105
0.781651	89
0.782057	104
0.782057	89
0.782461	103
0.782678	104
0.783118	105
0.783231	89
0.783637	105
0.783637	89
0.784041	104
0.784451	105
0.784865	89
0.78527	104
0.785296	105
0.785302	89
0.785708	104
0.78571	89
0.786114	103
0.786547	104
0.786981	105
0.78713	89
0.787535	104
0.787924	105
0.788368	106
0.788506	89
0.78891	106
0.789299	107
0.789747	108
0.789962	89
0.790367	107
0.790605	108
0.790733	89
0.79114	107
0.791205	89
0.791612	107
0.79174	89
0.792143	106
0.792362	107
0.79242	89
0.792823	106
0.793165	89
0.793573	105
0.793606	89
0.794011	104
0.794016	105
0.794045	89
0.794449	104
0.794857	105
0.795383	106
0.795828	107
0.796061	89
0.796466	107
0.796685	108
0.796975	89
0.797378	107
0.797629	108
0.798055	89
0.798461	107
0.798483	108
0.798635	89
0.79904	108
0.79942	109
0.799821	89
0.800226	108
0.800276	109
0.800636	89
0.801038	108
0.801133	109
0.801507	89
0.801913	108
0.802085	89
0.802489	107
0.802489	108
0.80264	89
0.803044	108
0.80334	109
0.803875	110
0.803905	89
0.804312	109
0.80437	89
0.804774	108
0.805135	109
0.805587	110
0.806113	89
0.806519	109
0.806543	89
0.806948	109
0.806948	110
0.806972	89
0.807375	109
0.807802	110
0.808207	89
0.808612	109
0.808744	110
0.808955	89
0.809358	110
0.809517	89
0.809925	109
0.809925	89
0.810331	108
0.810389	89
0.810792	107
0.810818	108
0.81126	109
0.81156	89
0.811967	108
0.811976	89
0.812381	107
0.812618	108
0.812633	89
0.813037	107
0.813401	89
0.813806	106
0.813873	107
0.813974	89
0.81438	107
0.814412	89
0.814814	106
0.815213	107
0.815604	89
0.816009	106
0.816062	107
0.816508	108
0.816806	89
0.817215	107
0.817253	89
0.817659	106
0.817686	89
0.81809	105
0.818264	106
0.818682	89
0.819089	106
0.819111	107
0.819116	89
0.819519	106
0.820049	89
0.820456	105
0.820459	89
0.820864	104
0.820864	105
0.820892	89
0.821293	104
0.821668	89
0.822077	103
0.822077	89
0.822483	102
0.822513	103
0.822534	89
0.822936	102
0.823346	103
0.823514	89
0.823923	102
0.824114	89
0.82452	101
0.824553	89
0.824956	100
0.824996	101
0.825423	102
0.825835	89
0.826241	101
0.826356	102
0.826783	103
0.827218	104
0.827572	89
0.827977	103
0.828166	104
0.828599	105
0.828968	89
0.829375	104
0.829385	89
0.829789	104
0.829847	105
0.83028	106
0.830675	89
0.831081	105
0.831226	106
0.831663	107
0.832219	108
0.832226	89
0.832634	107
0.832662	89
0.833064	106
0.833463	107
0.833897	89
0.834305	106
0.834316	107
0.83446	89
0.834862	107
0.835257	108
0.835454	89
0.83586	107
0.835865	89
0.836268	106
0.836501	107
0.836655	89
0.837063	106
0.83712	89
0.837525	105
0.837563	89
0.837965	104
0.838184	105
0.838679	89
0.839087	104
0.839115	105
0.839127	89
0.839533	104
0.839571	89
0.839973	103
0.840214	89
0.840622	102
0.840622	89
0.841028	101
0.841163	102
0.841594	104
0.841971	89
0.842377	103
0.842407	89
0.842812	102
0.842828	103
0.843148	89
0.843553	102
0.84359	89
0.843999	101
0.844005	89
0.844411	100
0.844573	101
0.844611	89
0.845013	99
0.845397	100
0.845587	89
0.845994	99
0.846017	89
0.846421	98
0.846628	99
0.847047	100
0.847395	89
0.847803	99
0.847807	89
0.848212	98
0.848415	99
0.848806	89
0.849214	98
0.849226	89
0.849631	97
0.849651	98
0.850068	99
0.850493	100
0.850526	89
0.850933	99
0.85132	100
0.851449	89
0.851854	99
0.851963	89
0.85237	99
0.852474	89
0.852876	98
0.85295	99
0.853474	100
0.853671	89
0.854079	99
0.854123	89
0.854527	98
0.854704	99
0.855123	100
0.855496	89
0.855903	99
0.85594	89
0.856343	98
0.856355	99
0.856901	89
0.857309	98
0.857319	99
0.857353	89
0.857758	99
0.857797	89
0.858198	98
0.85852	89
0.858928	97
0.858952	98
0.859002	89
0.859407	97
0.859574	89
0.859976	96
0.860173	97
0.86059	98
0.860949	89
0.861356	97
0.861379	89
0.861782	96
0.86182	97
0.862237	98
0.862641	89
0.863046	98
0.863051	89
0.863453	97
0.86346	98
0.863985	99
0.864273	89
0.864679	98
0.864808	99
0.864849	89
0.865253	98
0.865606	89
0.866011	98
0.866036	99
0.866042	89
0.866444	98
0.866856	99
0.866934	89
0.867342	98
0.867469	89
0.867874	98
0.867913	89
0.868317	97
0.86849	98
0.868668	89
0.869073	97
0.869271	89
0.869675	97
0.869862	89
0.870267	96
0.870267	89
0.87067	95
0.870674	96
0.871086	97
0.871127	89
0.871532	97
0.871558	89
0.871963	96
0.872121	89
0.872525	95
0.872712	96
0.873127	97
0.873516	89
0.873923	96
0.873949	89
0.874353	96
0.874353	97
0.874768	98
0.875125	89
0.875531	97
0.875547	89
0.875952	96
0.87596	89
0.876365	96
0.876383	89
0.876787	95
0.876803	96
0.877163	89
0.877568	95
0.877604	89
0.878008	94
0.878024	95
0.878434	96
0.878678	89
0.879085	95
0.879192	89
0.879596	95
0.879656	96
0.880177	97
0.880591	98
0.880597	89
0.881001	97
0.881411	98
0.881511	89
0.881918	97
0.88206	89
0.882464	96
0.882638	97
0.883052	99
0.883634	100
0.88385	89
0.884255	99
0.884456	100
0.884462	89
0.884868	99
0.884878	89
0.885282	98
0.885684	99
0.885963	89
0.886371	99
0.886512	100
0.886931	101
0.887311	89
0.887713	100
0.887752	101
0.888152	89
0.888558	100
0.888681	89
0.889087	100
0.889089	101
0.889511	102
0.889933	103
0.890014	89
0.890421	102
0.890421	89
0.890826	101
0.891332	102
0.891729	89
0.892137	101
0.89214	89
0.892545	100
0.892564	101
0.89257	89
0.892976	100
0.89339	101
0.893811	102
0.894156	89
0.894563	102
0.894563	89
0.894968	101
0.89497	89
0.895372	100
0.895442	101
0.895833	89
0.896239	100
0.896375	101
0.896616	89
0.897021	100
0.897021	89
0.897424	99
0.897601	100
0.8978	89
0.898208	99
0.898225	89
0.89863	99
0.898809	89
0.899213	98
0.899234	99
0.899326	89
0.899731	98
0.900133	99
0.900644	100
0.900697	89
0.901101	99
0.901462	100
0.90188	101
0.902274	89
0.902679	101
0.902707	102
0.902843	89
0.903248	101
0.903474	89
0.903878	100
0.903934	101
0.904278	89
0.904682	100
0.904866	101
0.905286	102
0.90549	89
0.905897	102
0.905901	89
0.906306	101
0.906515	89
0.906918	100
0.90692	101
0.907513	89
0.90792	100
0.907922	101
0.907939	89
0.908347	100
0.908354	89
0.908759	100
0.908793	89
0.909195	99
0.909551	100
0.909969	101
0.910159	89
0.910563	100
0.910653	89
0.91106	99
0.911188	89
0.911592	98
0.911599	99
0.911968	89
0.912373	98
0.912422	99
0.912553	89
0.912956	98
0.913239	99
0.913652	100
0.914167	89
0.914572	99
0.91458	100
0.914608	89
0.915013	99
0.915204	89
0.915609	99
0.915644	89
0.916047	98
0.91621	99
0.916417	89
0.916824	98
0.916836	89
0.917242	97
0.917439	98
0.917852	99
0.918341	89
0.918749	99
0.918857	100
0.918865	89
0.919271	99
0.919676	100
0.920091	101
0.920512	102
0.920658	89
0.921063	101
0.921336	102
0.921481	89
0.921886	101
0.922266	102
0.922685	103
0.923108	104
0.923197	89
0.923605	104
0.923706	89
0.924111	103
0.924318	89
0.924723	102
0.924932	103
0.924949	89
0.925351	103
0.925754	104
0.926139	89
0.926544	103
0.926582	89
0.926986	102
0.926986	103
0.927403	104
0.927788	89
0.928193	104
0.928212	89
0.928617	103
0.928739	89
0.929141	102
0.929143	103
0.929393	89
0.929798	102
0.929812	89
0.930218	102
0.930354	89
0.930759	101
0.930777	102
0.931196	103
0.931389	89
0.931797	102
0.931807	89
0.932212	101
0.932413	89
0.932817	101
0.933015	102
0.933436	103
0.933444	89
0.93385	102
0.934001	89
0.934406	101
0.934631	89
0.935034	100
0.935067	101
0.935488	102
0.935846	89
0.936249	101
0.936308	102
0.936696	89
0.937101	102
0.937239	103
0.93749	89
0.937897	102
0.937915	89
0.93832	101
0.938322	89
0.938725	100
0.938872	101
0.939082	89
0.939489	101
0.939517	89
0.939922	100
0.940102	101
0.940703	102
0.941117	89
0.941524	101
0.941529	102
0.941538	89
0.941944	101
0.942099	89
0.942504	101
0.942528	89
0.942933	100
0.943161	101
0.943563	89
0.943968	100
0.943976	89
0.944381	99
0.944389	100
0.944522	89
0.944925	99
0.945183	89
0.945589	99
0.945614	100
0.945763	89
0.946169	99
0.946374	89
0.946777	98
0.946837	99
0.947223	89
0.947628	98
0.94776	89
0.948165	97
0.948168	98
0.948199	89
0.948602	97
0.948796	89
0.949204	96
0.949209	89
0.949616	96
0.949617	89
0.950022	95
0.950045	89
0.950448	94
0.950603	95
0.950875	89
0.95128	94
0.951406	89
0.951811	93
0.951811	89
0.952214	92
0.952223	93
0.952631	94
0.952847	89
0.953252	93
0.953298	89
0.953703	92
0.953715	89
0.954118	91
0.954252	92
0.954473	89
0.954876	91
0.955061	92
0.955468	93
0.955708	89
0.956114	93
0.956119	89
0.956524	92
0.956531	89
0.956936	91
0.956938	89
0.957343	90
0.957472	89
0.957878	90
0.957897	89
0.957898	89
0.957899	88
0.958303	89
0.958304	90
0.958321	89
0.958414	89
0.958512	88
0.958726	89
0.958926	88
0.958927	88
0.958928	87
0.959327	88
0.959513	89
0.959917	90
0.960132	89
0.960134	89
0.960135	88
0.96054	89
0.960548	88
0.960952	88
0.961136	89
0.961389	89
0.96139	88
0.961391	88
0.961794	88
0.961945	89
0.962348	90
0.962555	89
0.962962	90
0.962962	89
0.962963	89
0.962964	88
0.963369	89
0.963385	88
0.963386	88
0.963388	87
0.963789	88
0.963969	89
0.964373	90
0.964585	89
0.964586	89
0.964587	88
0.964991	89
0.965023	88
0.965025	88
0.965026	87
0.965429	88
0.96559	89
0.965992	90
0.966239	89
0.96624	89
0.966241	88
0.966645	89
0.966771	88
0.966772	88
0.966774	87
0.967176	88
0.967207	89
0.967415	88
0.96782	88
0.967831	88
0.967833	87
0.967834	87
0.968235	87
0.968421	88
0.968825	89
0.969039	89
0.969041	88
0.969042	88
0.969446	88
0.969482	88
0.969483	87
0.969484	87
0.969887	87
0.970042	88
0.970444	90
0.970675	89
0.970676	89
0.970678	88
0.971083	89
0.971095	88
0.971096	88
0.971097	87
0.971502	88
0.971657	87
0.971658	87
0.97166	86
0.972061	87
0.972066	88
0.972467	89
0.972872	90
0.972888	89
0.972889	89
0.973065	88
0.973297	89
0.973496	88
0.973498	88
0.973499	87
0.973899	88
0.974089	89
0.974494	90
0.97451	89
0.974682	89
0.974689	88
0.974918	89
0.975105	88
0.975108	88
0.975112	87
0.97551	88
0.975546	87
0.975547	87
0.975548	86
0.975947	87
0.976113	88
0.976517	89
0.976708	88
0.97671	88
0.976714	87
0.977116	88
0.977134	87
0.977137	87
0.977138	86
0.977537	87
0.977732	88
0.978135	89
0.978512	88
0.978513	88
0.978515	87
0.97892	88
0.978944	87
0.978945	87
0.978946	86
0.979349	87
0.979351	88
0.979754	89
0.979996	88
0.979997	88
0.979998	87
0.980402	88
0.980522	87
0.980523	87
0.980524	86
0.980928	87
0.980967	86
0.980968	86
0.980969	85
0.981369	86
0.981372	87
0.981775	88
0.982019	87
0.98202	87
0.982021	86
0.982426	87
0.982549	86
0.98255	86
0.982551	85
0.982955	86
0.982973	85
0.982974	85
0.982975	84
0.983376	85
0.983394	86
0.983797	87
0.984044	86
0.984449	86
0.984588	86
0.98459	85
0.984591	85
0.984991	85
0.985011	86
0.985418	87
0.98542	87
0.985421	87
0.985423	86
0.985829	87
0.985837	86
0.985838	86
0.98584	85
0.986242	86
0.986414	85
0.986417	85
0.986423	84
0.986817	85
0.987038	86
0.987395	85
0.987396	85
0.987397	84
0.987801	85
0.987835	84
0.987836	84
0.987837	83
0.98824	84
0.988253	85
0.988656	86
0.98902	85
0.989021	85
0.989023	84
0.989426	85
0.989458	84
0.989459	84
0.98946	83
0.989864	84
0.989872	85
0.989883	84
0.989884	84
0.989886	83
0.990287	84
0.990632	83
0.990633	83
0.990634	82
0.991038	83
0.991038	82
0.99104	82
0.991041	81
0.991443	82
0.99149	83
0.991895	84
0.991904	83
0.991905	83
0.991906	82
0.992308	83
0.992544	82
0.992546	82
0.992547	81
0.992949	82
0.993108	83
0.993464	82
0.993868	82
0.993918	83
0.994323	84
0.994329	84
0.994331	83
0.994332	83
0.994738	83
0.995107	83
0.995108	82
0.995109	82
0.995512	82
0.995542	83
0.995947	85
0.99595	84
0.995951	84
0.995952	83
0.996356	84
0.996757	85
0.997161	86
0.997403	85
0.997511	85
0.997512	84
0.997809	85
0.997925	84
0.997926	84
0.997927	83
0.998328	84
0.998377	85
0.998613	84
0.998615	84
0.998616	83
0.99902	84
0.999139	83
0.99914	83
0.999141	82
0.999544	83
0.999591	84
0.999597	83
1	83
1.00035	83
1.00035	82
1.00035	82
1.00075	82
1.0008	82
1.0008	82
1.0008	81
1.0012	82
1.00121	83
1.00161	84
1.00184	83
1.00184	83
1.00184	82
1.00224	83
1.00225	82
1.00225	82
1.00225	81
1.00266	82
1.00277	81
1.00278	81
1.00278	80
1.00318	81
1.00323	82
1.00364	83
1.00401	82
1.00442	82
1.00442	82
1.00442	82
1.00443	81
1.00483	82
1.00485	83
1.00526	84
1.00527	83
1.00527	83
1.00542	82
1.00567	83
1.00604	82
1.00604	82
1.00604	81
1.00644	82
1.00647	83
1.00688	84
1.00688	83
1.00688	83
1.00688	82
1.00729	83
1.00745	82
1.00786	82
1.00786	82
1.00787	81
1.00787	81
1.00827	81
1.0085	82
1.0089	83
1.0091	83
1.0091	83
1.00911	82
1.00951	83
1.00968	82
1.00969	82
1.00969	81
1.01009	82
1.01012	83
1.01052	84
1.01093	85
1.01093	84
1.01093	84
1.01108	83
1.01134	84
1.01152	83
1.01152	83
1.01152	82
1.01192	83
1.01215	84
1.01255	85
1.01274	84
1.01314	84
1.01316	84
1.01316	83
1.01317	83
1.01357	83
1.01377	84
1.01417	85
1.01451	85
1.01451	84
1.01451	84
1.01492	84
1.01492	84
1.01492	83
1.01492	83
1.01532	83
1.01539	84
1.01558	84
1.01559	83
1.01559	83
1.01599	83
1.0162	84
1.01654	84
1.01654	83
1.01654	83
1.01694	83
1.01701	84
1.01742	85
1.01775	85
1.01775	84
1.01775	84
1.01815	84
1.01818	84
1.01818	83
1.01819	83
1.01859	83
1.01862	83
1.01862	82
1.01862	82
1.01902	82
1.01903	83
1.01937	83
1.01937	82
1.01937	82
1.01978	82
1.0198	82
1.01981	81
1.01981	81
1.02021	81
1.02025	82
1.02065	82
1.02065	81
1.02065	81
1.02106	81
1.02106	82
1.02121	82
1.02121	82
1.02122	81
1.02161	82
1.02164	81
1.02164	81
1.02164	80
1.02204	81
1.02227	82
1.02264	81
1.02264	81
1.02264	80
1.02305	81
1.02308	80
1.02308	80
1.02309	79
1.02349	80
1.02349	81
1.02389	82
1.02411	81
1.02411	81
1.02411	80
1.02451	81
1.02463	80
1.02463	80
1.02464	79
1.02504	80
1.02508	79
1.02508	79
1.02508	78
1.02548	79
1.02551	80
1.02592	81
1.02592	80
1.02606	80
1.02607	79
1.02633	80
1.02667	79
1.02667	79
1.02668	78
1.02708	79
1.02714	80
1.02754	81
1.02776	80
1.02776	80
1.02787	79
1.02816	80
1.02828	79
1.02828	79
1.02828	78
1.02868	79
1.02876	80
1.02916	81
1.02951	80
1.02951	80
1.02951	79
1.02991	80
1.02994	79
1.02994	79
1.02994	78
1.03034	79
1.03037	80
1.03078	81
1.03111	80
1.03152	80
1.03152	80
1.03152	79
1.03152	79
1.03193	79
1.032	80
1.0324	81
1.03273	81
1.03274	80
1.03274	80
1.03314	80
1.03321	81
1.03354	81
1.03354	81
1.03354	80
1.03394	81
1.03402	82
1.03422	81
1.03422	81
1.03422	80
1.03462	81
1.03475	80
1.03476	80
1.03476	79
1.03516	80
1.03523	81
1.03564	82
1.03604	83
1.03638	82
1.03638	82
1.03639	81
1.03679	82
1.03679	81
1.03719	81
1.03726	82
1.03758	82
1.03759	82
1.03759	81
1.03799	82
1.03807	83
1.03841	82
1.03841	82
1.03841	81
1.03881	82
1.03888	83
1.03922	82
1.03962	82
1.03964	82
1.03964	81
1.03964	81
1.04004	81
1.04009	81
1.04009	81
1.04009	80
1.04049	81
1.0405	82
1.0409	83
1.04131	84
1.04146	83
1.04146	83
1.04146	82
1.04186	83
1.04208	82
1.04208	82
1.04208	81
1.04249	82
1.04252	83
1.04293	84
1.04333	85
1.04334	84
1.04374	84
1.04388	84
1.04388	84
1.04389	83
1.04429	84
1.04455	85
1.04495	86
1.04527	85
1.04527	85
1.04527	84
1.04568	85
1.04576	86
1.04617	87
1.04652	86
1.04692	86
1.04695	86
1.04695	86
1.04695	85
1.04735	86
1.04739	87
1.0477	86
1.04771	86
1.04771	85
1.04811	86
1.04811	85
1.04811	85
1.04811	84
1.04851	85
1.0486	86
1.04896	85
1.04896	85
1.04896	84
1.04936	85
1.04938	84
1.04979	84
1.0498	84
1.0498	83
1.0498	83
1.0502	83
1.05022	84
1.05063	85
1.05063	85
1.05063	85
1.05063	84
1.05103	85
1.05135	84
1.05135	84
1.05135	83
1.05175	84
1.05184	85
1.05225	86
1.05238	85
1.05238	85
1.05238	84
1.05279	85
1.05297	84
1.05338	84
1.05346	85
1.05385	85
1.05385	84
1.05385	84
1.05425	84
1.05427	84
1.05428	84
1.05428	83
1.05468	84
1.05468	85
1.05508	86
1.05545	85
1.05545	85
1.05545	84
1.05585	85
1.05588	84
1.05588	84
1.05588	83
1.05628	84
1.05629	85
1.0567	86
1.05701	85
1.05742	85
1.05743	85
1.05743	85
1.05743	84
1.05784	85
1.05788	84
1.05788	84
1.05788	83
1.05828	84
1.05832	85
1.05872	86
1.05889	85
1.0593	85
1.05945	85
1.05946	85
1.05946	84
1.05986	85
1.05994	86
1.06035	87
1.06035	86
1.06047	86
1.06047	85
1.06076	86
1.06107	85
1.06107	85
1.06107	84
1.06147	85
1.06156	86
1.06197	87
1.06228	86
1.06229	86
1.06229	85
1.06269	86
1.06269	85
1.06309	85
1.06318	86
1.06352	86
1.06352	86
1.06352	85
1.06392	86
1.06394	85
1.06394	85
1.06394	84
1.06435	85
1.0644	86
1.0648	87
1.06512	86
1.06512	86
1.06512	85
1.06553	86
1.06556	85
1.06596	85
1.06599	85
1.066	85
1.066	84
1.0664	85
1.06643	86
1.06674	85
1.06675	85
1.06675	84
1.06715	85
1.06723	84
1.06723	84
1.06723	83
1.06763	84
1.06764	85
1.06804	86
1.06836	85
1.06836	85
1.06836	84
1.06876	85
1.06885	86
1.06919	85
1.06919	85
1.06919	84
1.0696	85
1.06966	86
1.07002	85
1.07043	85
1.07045	85
1.07045	84
1.07045	84
1.07086	84
1.07088	85
1.07129	86
1.07141	86
1.07141	86
1.07142	85
1.07182	86
1.07184	85
1.07185	85
1.07185	84
1.07225	85
1.0725	86
1.07291	87
1.07291	86
1.07302	86
1.07303	85
1.07332	86
1.07346	85
1.07346	85
1.07347	84
1.07386	85
1.07412	86
1.07453	87
1.07487	86
1.07487	86
1.07487	85
1.07527	86
1.07528	85
1.07528	85
1.07528	84
1.07569	85
1.07574	86
1.07614	87
1.07654	86
1.07695	86
1.07696	87
1.07728	87
1.07728	86
1.07728	86
1.07769	86
1.07773	86
1.07774	85
1.07774	85
1.07814	85
1.07816	85
1.07817	84
1.07817	84
1.07857	84
1.07858	85
1.07898	86
1.07938	88
1.07939	87
1.0795	87
1.0795	86
1.0798	87
1.07993	86
1.07993	86
1.0801	85
1.08033	86
1.0806	87
1.081	88
1.08101	87
1.08112	87
1.08112	86
1.08142	87
1.08142	86
1.08153	86
1.08153	85
1.08182	86
1.08214	85
1.08214	85
1.08214	84
1.08254	85
1.08262	86
1.08303	87
1.08343	88
1.08344	87
1.08384	87
1.08397	87
1.08397	86
1.08397	86
1.08438	86
1.08456	86
1.08456	85
1.08456	85
1.08496	85
1.08506	86
1.08546	87
1.08546	87
1.08558	86
1.08558	86
1.08587	86
1.08625	86
1.08625	85
1.08625	85
1.08665	85
1.08668	86
1.08708	87
1.08739	87
1.0874	87
1.0874	86
1.0878	87
1.08783	86
1.08783	86
1.08783	85
1.08823	86
1.0883	87
1.0887	88
1.08904	87
1.08904	87
1.08904	86
1.08944	87
1.08947	86
1.08948	86
1.08948	85
1.08988	86
1.08992	87
1.09032	88
1.09069	87
1.09069	87
1.0907	86
1.0911	87
1.09113	88
1.09145	87
1.09145	87
1.09146	86
1.09186	87
1.09194	88
1.09226	87
1.09226	87
1.09226	86
1.09266	87
1.09272	86
1.09272	86
1.09272	85
1.09312	86
1.09316	87
1.09348	86
1.09349	86
1.09349	85
1.09389	86
1.09394	85
1.09394	85
1.09394	84
1.09434	85
1.09437	86
1.09475	85
1.09515	85
1.09516	85
1.09516	84
1.09516	84
1.09557	84
1.09558	85
1.09599	86
1.0963	86
1.0963	86
1.0963	85
1.0967	86
1.09679	85
1.0968	85
1.0968	84
1.0972	85
1.0972	86
1.09751	85
1.09751	85
1.09751	84
1.09791	85
1.09794	84
1.09794	84
1.09794	83
1.09834	84
1.09842	85
1.09876	84
1.09876	84
1.09876	83
1.09916	84
1.09921	83
1.09921	83
1.09921	82
1.09961	83
1.09963	84
1.10004	85
1.10004	84
1.10015	84
1.10016	83
1.10045	84
1.10078	83
1.10078	83
1.10078	82
1.10118	83
1.10125	84
1.10166	85
1.10206	86
1.10206	85
1.10218	85
1.10218	84
1.10247	85
1.10283	84
1.10283	84
1.10284	83
1.10324	84
1.10328	85
1.10368	86
1.10399	85
1.10399	85
1.104	84
1.1044	85
1.10449	86
1.10481	85
1.10521	85
1.10525	85
1.10525	84
1.10525	84
1.10565	84
1.10571	85
1.1061	85
1.10611	85
1.10611	84
1.10651	85
1.10652	86
1.10682	85
1.10682	85
1.10682	84
1.10722	85
1.10731	84
1.10731	84
1.10732	83
1.10772	84
1.10773	85
1.10813	86
1.10844	85
1.10844	85
1.10844	84
1.10884	85
1.10888	84
1.10888	84
1.10888	83
1.10928	84
1.10935	85
1.10975	86
1.11011	85
1.11052	85
1.11056	85
1.11057	84
1.11057	84
1.11097	84
1.11097	85
1.11127	85
1.11127	85
1.11128	84
1.11168	85
1.11177	84
1.11177	84
1.11177	83
1.11217	84
1.11218	85
1.11259	86
1.11292	85
1.11292	85
1.11292	84
1.11333	85
1.11333	84
1.11333	84
1.11333	83
1.11373	84
1.1138	85
1.11421	86
1.11451	85
1.11492	85
1.11495	85
1.11495	84
1.11496	84
1.11536	84
1.11537	84
1.11537	84
1.11538	83
1.11578	84
1.11583	85
1.11623	86
1.11656	85
1.11656	85
1.11656	84
1.11696	85
1.11702	84
1.11702	84
1.11702	83
1.11742	84
1.11745	85
1.11785	86
1.11821	85
1.11821	85
1.11821	84
1.11862	85
1.11866	84
1.11866	84
1.11867	83
1.11907	84
1.11907	85
1.11947	86
1.11988	87
1.12018	86
1.12058	86
1.12059	86
1.12059	85
1.12059	85
1.12099	85
1.12104	85
1.12104	85
1.12104	84
1.12144	85
1.1215	86
1.1219	87
1.12231	88
1.12261	87
1.12261	87
1.12261	86
1.12302	87
1.12307	86
1.12307	86
1.12307	85
1.12347	86
1.12352	87
1.12393	88
1.12423	87
1.12423	87
1.12423	86
1.12464	87
1.12469	86
1.12509	86
1.12511	86
1.12511	86
1.12512	85
1.12552	86
1.12555	87
1.1259	86
1.1259	86
1.1259	85
1.1263	86
1.12631	85
1.12632	85
1.12632	84
1.12672	85
1.12674	84
1.12674	84
1.12674	83
1.12715	84
1.12716	85
1.12754	84
1.12795	84
1.12798	85
1.12798	85
1.12798	84
1.12808	84
1.12838	84
1.12879	85
1.12909	85
1.12909	84
1.12909	84
1.12949	84
1.12949	84
1.1295	84
1.1295	83
1.1299	84
1.1299	83
1.12991	83
1.12991	82
1.1303	83
1.13041	84
1.1308	83
1.13081	83
1.13081	82
1.13121	83
1.13122	84
1.13132	83
1.13132	83
1.13152	82
1.13173	83
1.13202	84
1.13243	85
1.13275	84
1.13276	84
1.13276	83
1.13316	84
1.13321	83
1.13322	83
1.13322	82
1.13362	83
1.13364	84
1.13405	85
1.13438	84
1.13438	84
1.13438	83
1.13479	84
1.13481	83
1.13522	83
1.13523	83
1.13523	82
1.13523	82
1.13563	82
1.13567	83
1.13604	83
1.13604	83
1.13604	82
1.13645	83
1.13647	82
1.13647	82
1.13647	81
1.13687	82
1.13688	83
1.13728	84
1.13769	85
1.138	84
1.138	84
1.138	83
1.13841	84
1.13844	83
1.13884	83
1.13887	83
1.13887	82
1.13887	82
1.13928	82
1.13931	83
1.13969	83
1.13969	83
1.13969	82
1.14009	83
1.14012	82
1.14012	82
1.14012	81
1.14052	82
1.14052	83
1.14093	84
1.1413	83
1.14171	83
1.14172	83
1.14172	82
1.14172	82
1.14213	82
1.14214	83
1.14253	83
1.14253	83
1.14254	82
1.14294	83
1.14295	84
1.14333	83
1.14333	83
1.14334	82
1.14374	83
1.14376	84
1.14416	85
1.14427	84
1.14427	84
1.14447	83
1.14467	84
1.1449	83
1.1449	83
1.1449	82
1.1453	83
1.14538	84
1.14576	83
1.14616	83
1.14617	83
1.14617	83
1.14617	82
1.14657	83
1.1466	84
1.147	85
1.14732	84
1.14732	84
1.14732	83
1.14773	84
1.14777	83
1.14777	83
1.14778	82
1.14818	83
1.14822	84
1.14862	85
1.14902	86
1.14934	85
1.14934	85
1.14934	84
1.14974	85
1.14978	84
1.15018	84
1.1502	84
1.1502	84
1.1502	83
1.1506	84
1.15064	85
1.15104	86
1.15137	85
1.15137	85
1.15137	84
1.15178	85
1.15179	84
1.15179	84
1.15179	83
1.1522	84
1.15226	85
1.15265	84
1.15305	84
1.15307	85
1.15343	85
1.15343	85
1.15343	84
1.15383	85
1.15386	84
1.15386	84
1.15386	83
1.15426	84
1.15428	85
1.15469	86
1.155	85
1.155	85
1.15501	84
1.15541	85
1.1555	84
1.1559	84
1.1559	85
1.15622	85
1.15622	84
1.15622	84
1.15663	84
1.15664	84
1.15665	84
1.15665	83
1.15705	84
1.1571	83
1.1571	83
1.1571	82
1.1575	83
1.15752	84
1.15793	85
1.15822	84
1.15823	84
1.15823	83
1.15863	84
1.15863	83
1.15864	83
1.15864	82
1.15904	83
1.15913	82
1.15913	82
1.15913	81
1.15953	82
1.15954	83
1.15995	84
1.16027	83
1.16068	83
1.16069	83
1.16069	82
1.16069	82
1.1611	82
1.16112	82
1.16112	82
1.16112	81
1.16152	82
1.16157	81
1.16157	81
1.16157	80
1.16197	81
1.16197	82
1.16238	83
1.16271	82
1.16271	82
1.16271	81
1.16312	82
1.16312	81
1.16312	81
1.16312	80
1.16352	81
1.16359	82
1.164	83
1.16438	82
1.16438	82
1.16438	81
1.16479	82
1.16481	83
1.16519	82
1.16559	82
1.16562	83
1.16602	84
1.16633	84
1.16633	84
1.16633	83
1.16674	84
1.16676	83
1.16676	83
1.16676	82
1.16716	83
1.16719	82
1.16719	82
1.16719	81
1.16759	82
1.16764	83
1.16804	84
1.16841	83
1.16881	83
1.16883	83
1.16883	83
1.16884	82
1.16924	83
1.16926	84
1.16966	85
1.16996	84
1.16997	84
1.16997	83
1.17037	84
1.17041	83
1.17041	83
1.17041	82
1.17082	83
1.17085	82
1.17085	82
1.17085	81
1.17126	82
1.17128	83
1.17168	84
1.17209	83
1.17249	83
1.17249	84
1.17281	84
1.17281	83
1.17281	83
1.17321	83
1.1733	84
1.17331	84
1.17341	84
1.1736	83
1.17371	84
1.17404	83
1.17404	83
1.17404	82
1.17444	83
1.17452	84
1.17489	83
1.17489	83
1.17489	82
1.1753	83
1.17533	82
1.17533	82
1.17563	81
1.17573	82
1.17573	83
1.17613	84
1.17653	83
1.17693	83
1.17694	84
1.17695	84
1.17724	83
1.17725	83
1.17735	83
1.17771	83
1.17771	82
1.17771	82
1.17812	82
1.17816	83
1.17856	84
1.17888	84
1.17888	84
1.17888	83
1.17929	84
1.1793	83
1.17931	83
1.17931	82
1.17971	83
1.17978	84
1.18017	83
1.18017	83
1.18018	82
1.18058	83
1.18058	82
1.18099	82
1.181	83
1.1814	84
1.18181	85
1.18213	85
1.18213	84
1.18213	84
1.18253	84
1.18258	84
1.18258	84
1.18258	83
1.18298	84
1.18302	85
1.18339	84
1.1834	84
1.1834	83
1.1838	84
1.18383	85
1.18423	86
1.18462	85
1.18462	85
1.18462	84
1.18502	85
1.18504	86
1.18545	87
1.18582	86
1.18623	87
1.18626	88
1.1866	87
1.1866	87
1.1866	86
1.187	87
1.18703	86
1.18703	86
1.18703	85
1.18744	86
1.18747	87
1.18785	86
1.18825	86
1.18825	86
1.18825	86
1.18825	85
1.18866	86
1.18869	87
1.18909	88
1.1894	87
1.1894	87
1.1894	86
1.1898	87
1.18983	86
1.18983	86
1.18983	85
1.19023	86
1.1903	85
1.1903	85
1.1903	84
1.1907	85
1.19071	86
1.19111	85
1.19111	85
1.19112	84
1.19152	85
1.19152	86
1.19191	85
1.19232	85
1.19233	86
1.19264	86
1.19264	85
1.19264	85
1.19304	85
1.19306	85
1.19306	85
1.19306	84
1.19347	85
1.19355	86
1.19394	85
1.19395	85
1.19395	84
1.19435	85
1.19436	86
1.19474	85
1.19474	85
1.19474	84
1.19514	85
1.19516	86
1.19554	85
1.19554	85
1.19555	84
1.19595	85
1.19597	86
1.19634	85
1.19634	85
1.19634	84
1.19675	85
1.19677	84
1.19677	84
1.19677	83
1.19717	84
1.19718	85
1.19759	86
1.1979	85
1.19831	85
1.19833	85
1.19834	84
1.19834	84
1.19874	84
1.19877	84
1.19877	84
1.19877	83
1.19917	84
1.1992	83
1.1992	83
1.19921	82
1.19961	83
1.19961	84
1.20002	85
1.20036	84
1.20036	84
1.20036	83
1.20077	84
1.20078	83
1.20119	83
1.20119	83
1.20119	82
1.2012	82
1.2016	82
1.20163	83
1.202	83
1.20201	83
1.20201	82
1.20241	83
1.20244	84
1.20245	83
1.20275	83
1.20275	82
1.20285	83
1.20318	82
1.20359	82
1.20366	83
1.20405	83
1.20405	83
1.20405	82
1.20445	83
1.20447	84
1.20484	83
1.20484	83
1.20484	82
1.20524	83
1.20526	82
1.20527	82
1.20527	81
1.20567	82
1.20568	83
1.20609	84
1.20642	83
1.20683	83
1.20686	83
1.20686	82
1.20686	82
1.20726	82
1.20728	82
1.20728	82
1.20728	81
1.20768	82
1.20768	81
1.20768	81
1.20769	80
1.20809	81
1.20811	82
1.20851	83
1.20883	82
1.20883	82
1.20883	81
1.20923	82
1.20925	81
1.20966	81
1.20967	81
1.20967	80
1.20967	80
1.21007	80
1.21013	81
1.21054	82
1.21088	82
1.21088	82
1.21088	81
1.21129	82
1.21131	81
1.21131	81
1.21131	80
1.21171	81
1.21175	82
1.21216	83
1.2125	82
1.2125	82
1.2125	81
1.2129	82
1.21297	83
1.2133	82
1.2137	82
1.21371	82
1.21371	81
1.21371	81
1.21411	81
1.21418	81
1.21418	81
1.21418	80
1.21459	81
1.21459	82
1.21499	83
1.2153	82
1.2153	82
1.21531	81
1.21571	82
1.21572	81
1.21572	81
1.21573	80
1.21613	81
1.21617	80
1.21657	80
1.21661	81
1.21698	81
1.21698	81
1.21698	80
1.21739	81
1.21742	80
1.21742	80
1.21742	79
1.21782	80
1.21782	81
1.21823	82
1.21859	81
1.21859	81
1.21859	80
1.21899	81
1.21903	80
1.21944	80
1.21944	81
1.21975	81
1.21975	81
1.21976	80
1.22016	81
1.22019	80
1.22019	80
1.22019	79
1.22059	80
1.22063	79
1.22063	79
1.22063	78
1.22104	79
1.22106	80
1.22146	81
1.22182	80
1.22223	80
1.22223	80
1.22224	80
1.22224	79
1.22264	80
1.22267	79
1.22267	79
1.22267	78
1.22307	79
1.22309	80
1.22349	81
1.22383	80
1.22383	80
1.22383	79
1.22423	80
1.2243	81
1.22464	80
1.22505	80
1.22507	80
1.22507	79
1.22508	79
1.22548	79
1.22552	79
1.22552	79
1.22552	78
1.22592	79
1.22592	80
1.22633	81
1.22673	82
1.22707	81
1.22707	81
1.22707	80
1.22748	81
1.2275	80
1.2275	80
1.2275	79
1.22791	80
1.22795	81
1.22835	82
1.22871	81
1.22911	81
1.22912	81
1.22912	80
1.22912	80
1.22953	80
1.22956	80
1.22956	80
1.22956	79
1.22996	80
1.22997	81
1.23037	82
1.23078	81
1.23078	81
1.23109	80
1.23118	81
1.23118	82
1.23154	81
1.23195	81
1.23196	81
1.23196	80
1.23196	80
1.23237	80
1.2324	81
1.23277	81
1.23277	81
1.23277	80
1.23317	81
1.2332	82
1.23358	81
1.23358	81
1.23358	80
1.23398	81
1.23401	80
1.23441	80
1.23442	81
1.23482	82
1.23516	82
1.23516	82
1.23516	81
1.23557	82
1.23559	81
1.23559	81
1.23559	80
1.23599	81
1.23603	80
1.23604	80
1.23604	79
1.23644	80
1.23644	81
1.23685	82
1.23716	81
1.23756	81
1.23759	81
1.23759	81
1.23759	80
1.238	81
1.23806	82
1.23838	81
1.23839	81
1.23839	80
1.23879	81
1.23881	80
1.23881	80
1.23882	79
1.23922	80
1.23926	79
1.23966	79
1.23969	80
1.24004	80
1.24004	79
1.24004	79
1.24044	79
1.2405	80
1.2409	81
1.24122	81
1.24122	81
1.24122	80
1.24163	81
1.24166	80
1.24166	80
1.24166	79
1.24206	80
1.2421	79
1.2421	79
1.2421	78
1.24251	79
1.24252	80
1.24292	81
1.24327	80
1.24367	80
1.2437	80
1.2437	79
1.2437	79
1.24411	79
1.24414	80
1.24445	80
1.24445	80
1.24445	79
1.24486	80
1.24494	79
1.24494	79
1.24494	78
1.24535	79
1.24535	80
1.24576	81
1.2461	80
1.24611	80
1.24611	79
1.24651	80
1.24653	79
1.24694	79
1.24697	79
1.24697	78
1.24697	78
1.24737	78
1.24738	79
1.24778	80
1.24811	80
1.24811	80
1.24811	79
1.24852	80
1.24852	79
1.24852	79
1.24852	78
1.24893	79
1.249	78
1.249	78
1.249	77
1.2494	78
1.2494	79
1.2498	80
1.25013	79
1.25013	79
1.25013	78
1.25054	79
1.25056	78
1.25096	78
1.25098	78
1.25098	77
1.25098	77
1.25139	77
1.25143	78
1.25183	79
1.25217	79
1.25217	79
1.25217	78
1.25257	79
1.2526	78
1.2526	78
1.2526	77
1.253	78
1.25304	77
1.25304	77
1.25304	76
1.25344	77
1.25345	78
1.25385	79
1.25419	78
1.25419	78
1.25419	77
1.25459	78
1.25461	77
1.25501	77
1.25507	78
1.25547	79
1.25579	79
1.25579	78
1.25579	78
1.25619	78
1.25627	78
1.25627	78
1.25627	77
1.25668	78
1.25669	79
1.25708	78
1.25709	78
1.25709	77
1.25749	78
1.2575	79
1.2579	80
1.25823	79
1.25823	79
1.25823	78
1.25863	79
1.25866	78
1.25907	78
1.25912	79
1.25943	79
1.25943	79
1.25943	78
1.25984	79
1.25985	78
1.25985	78
1.25985	77
1.26026	78
1.26028	77
1.26028	77
1.26028	76
1.26068	77
1.26074	78
1.26111	77
1.26152	77
1.26152	77
1.26152	76
1.26152	76
1.26192	76
1.26195	77
1.26236	78
1.2627	78
1.2627	78
1.2627	77
1.26311	78
1.26311	77
1.26311	77
1.26311	76
1.26352	77
1.26355	76
1.26355	76
1.26355	75
1.26395	76
1.26398	77
1.26438	78
1.26479	79
1.26515	78
1.26556	78
1.26557	78
1.26557	78
1.26557	77
1.26597	78
1.266	79
1.26639	78
1.26639	78
1.26639	77
1.2668	78
1.26681	79
1.26719	78
1.26759	78
1.26762	79
1.26795	79
1.26795	78
1.26795	78
1.26836	78
1.26838	78
1.26838	78
1.26839	77
1.26879	78
1.26883	79
1.26921	78
1.26921	78
1.26921	77
1.26962	78
1.26964	79
1.27005	80
1.27045	81
1.27079	80
1.2712	80
1.27121	80
1.27121	80
1.27121	79
1.27162	80
1.27165	79
1.27165	79
1.27165	78
1.27205	79
1.27207	80
1.27248	81
1.27284	80
1.27325	80
1.27326	80
1.27326	80
1.27326	79
1.27366	80
1.27369	81
1.2741	82
1.27446	81
1.27447	81
1.27447	80
1.27487	81
1.27487	80
1.27527	80
1.27528	80
1.27528	80
1.27528	79
1.27568	80
1.27571	81
1.27612	82
1.27647	81
1.27647	81
1.27647	80
1.27688	81
1.27688	80
1.27728	80
1.27731	80
1.27731	80
1.27731	79
1.27772	80
1.27773	81
1.27814	82
1.27845	81
1.27845	81
1.27845	80
1.27886	81
1.27891	80
1.27891	80
1.27891	79
1.27931	80
1.27935	81
1.27973	80
1.28013	80
1.28015	80
1.28015	80
1.28015	79
1.28056	80
1.28057	81
1.28097	82
1.2813	81
1.2813	81
1.2813	80
1.28171	81
1.28173	80
1.28213	80
1.28215	80
1.28215	80
1.28216	79
1.28256	80
1.28259	81
1.28299	82
1.28333	81
1.28333	81
1.28333	80
1.28373	81
1.28375	80
1.28375	80
1.28376	79
1.28416	80
1.28421	79
1.28461	79
1.28461	80
1.28501	80
1.28501	80
1.28501	79
1.28541	80
1.28542	81
1.28574	80
1.28574	80
1.28574	79
1.28614	80
1.28622	79
1.28622	79
1.28622	78
1.28662	79
1.28664	80
1.28704	81
1.28736	80
1.28776	80
1.28777	80
1.28777	80
1.28777	79
1.28818	80
1.2882	79
1.2882	79
1.28821	78
1.28861	79
1.28866	80
1.28906	81
1.28938	80
1.28978	80
1.28984	80
1.28984	79
1.28984	79
1.29025	79
1.29027	79
1.29027	79
1.29027	78
1.29067	79
1.29068	80
1.29109	81
1.29149	82
1.29182	81
1.29182	81
1.29182	80
1.29223	81
1.29228	80
1.29269	80
1.29271	81
1.29271	81
1.29302	80
1.29302	80
1.29312	80
1.29352	81
1.29389	81
1.29389	81
1.29389	80
1.29429	81
1.29431	80
1.29432	80
1.29432	79
1.29472	80
1.29473	81
1.2951	80
1.29551	80
1.29552	80
1.29552	80
1.29553	79
1.29593	80
1.29594	81
1.29635	82
1.29675	81
1.29675	81
1.29675	80
1.29716	81
1.29716	82
1.29752	81
1.29752	81
1.29752	80
1.29792	81
1.29797	82
1.29836	81
1.29877	81
1.29878	82
1.2991	82
1.2991	82
1.2991	81
1.2995	82
1.29954	81
1.29954	81
1.29954	80
1.29995	81
1.29998	80
1.29998	80
1.29998	79
1.30039	80
1.3004	81
1.3008	82
1.30114	81
1.30155	81
1.30155	81
1.30155	81
1.30155	80
1.30195	81
1.30202	82
1.30233	81
1.30234	81
1.30234	80
1.30274	81
1.30276	80
1.30276	80
1.30276	79
1.30317	80
1.30322	79
1.30322	79
1.30322	78
1.30362	79
1.30364	80
1.30404	81
1.30439	80
1.30479	80
1.3048	80
1.3048	79
1.3048	79
1.3052	79
1.30522	79
1.30522	79
1.30522	78
1.30562	79
1.30567	78
1.30567	78
1.30598	77
1.30607	78
1.30607	79
1.30647	80
1.30682	79
1.30682	79
1.30682	78
1.30722	79
1.30728	80
1.30769	81
1.30801	80
1.30842	80
1.30842	80
1.30842	79
1.30842	79
1.30883	79
1.30883	79
1.30883	79
1.30883	78
1.30923	79
1.3093	78
1.3093	78
1.3093	77
1.3097	78
1.30971	79
1.31011	80
1.31044	79
1.31045	79
1.31045	78
1.31085	79
1.31088	78
1.31128	78
1.31128	78
1.31129	78
1.31129	77
1.31169	78
1.31173	79
1.31211	78
1.31211	78
1.31211	77
1.31251	78
1.31252	77
1.31293	77
1.31295	77
1.31295	77
1.31326	76
1.31335	77
1.31335	78
1.31373	77
1.31373	77
1.31373	76
1.31414	77
1.31416	78
1.31456	79
1.31488	78
1.31488	78
1.31488	77
1.31529	78
1.3153	77
1.3157	77
1.31572	77
1.31572	76
1.31572	76
1.31612	76
1.31618	77
1.31659	78
1.31691	78
1.31691	78
1.31692	77
1.31732	78
1.31735	77
1.31735	77
1.31735	76
1.31775	77
1.3178	78
1.31821	79
1.31853	78
1.31894	78
1.31895	78
1.31895	78
1.31895	77
1.31936	78
1.31942	77
1.31943	77
1.31943	76
1.31983	77
1.31983	78
1.32022	77
1.32022	77
1.32022	76
1.32063	77
1.32064	76
1.32104	76
1.32104	77
1.32145	78
1.32181	78
1.32181	78
1.32181	77
1.32222	78
1.32222	77
1.32223	77
1.32223	76
1.32263	77
1.32266	78
1.32307	79
1.32342	78
1.32383	78
1.32385	78
1.32385	77
1.32385	77
1.32425	77
1.32429	78
1.32463	78
1.32463	77
1.32463	77
1.32504	77
1.3251	78
1.32546	78
1.32546	78
1.32546	77
1.32587	78
1.32587	77
1.32587	77
1.32588	76
1.32628	77
1.32631	78
1.32672	79
1.32706	78
1.32706	78
1.32706	77
1.32747	78
1.32749	77
1.32749	77
1.32749	76
1.3279	77
1.32793	78
1.32834	79
1.32866	78
1.32907	78
1.32909	78
1.32909	77
1.32909	77
1.3295	77
1.32952	77
1.32952	76
1.32952	76
1.32992	76
1.32996	77
1.33036	78
1.33069	78
1.33069	78
1.33069	77
1.33109	78
1.33112	77
1.33112	77
1.33112	76
1.33152	77
1.33158	78
1.33198	79
1.33234	78
1.33234	78
1.33234	77
1.33274	78
1.33278	77
1.33278	77
1.33279	76
1.33319	77
1.3332	78
1.3336	79
1.33399	78
1.3344	78
1.3344	78
1.3344	78
1.3344	77
1.33481	78
1.33482	79
1.33522	80
1.33558	79
1.33558	79
1.33558	78
1.33598	79
1.33598	78
1.33598	78
1.33599	77
1.33639	78
1.33644	77
1.33644	77
1.33644	76
1.33684	77
1.33684	78
1.33724	79
1.33765	80
1.33796	79
1.33837	79
1.3384	79
1.3384	79
1.3384	78
1.33881	79
1.33883	78
1.33883	78
1.33883	77
1.33923	78
1.33927	79
1.33964	78
1.33964	78
1.33964	77
1.34005	78
1.34008	79
1.34048	80
1.34086	79
1.34087	79
1.34087	78
1.34127	79
1.34129	80
1.34167	79
1.34208	79
1.3421	80
1.34245	80
1.34245	80
1.34245	79
1.34285	80
1.34288	79
1.34288	79
1.34289	78
1.34329	79
1.34332	80
1.3437	79
1.3437	79
1.3437	78
1.34411	79
1.34412	78
1.34452	78
1.34453	79
1.34494	80
1.34526	80
1.34526	80
1.34526	79
1.34566	80
1.34568	79
1.34568	79
1.34568	78
1.34608	79
1.34608	78
1.34649	78
1.34655	78
1.34655	77
1.34655	77
1.34695	77
1.34696	78
1.34736	79
1.34769	79
1.34769	79
1.34769	78
1.34809	79
1.34815	78
1.34815	78
1.34815	77
1.34856	78
1.34858	79
1.34894	78
1.34935	78
1.34936	78
1.34936	78
1.34936	77
1.34976	78
1.34979	79
1.3502	80
1.35052	79
1.35052	79
1.35052	78
1.35093	79
1.35095	78
1.35135	78
1.35138	78
1.35138	77
1.35138	77
1.35178	77
1.35182	78
1.35222	79
1.35256	79
1.35256	79
1.35256	78
1.35297	79
1.353	78
1.353	78
1.35301	77
1.35341	78
1.35344	79
1.35378	78
1.35378	78
1.35379	77
1.35419	78
1.3542	77
1.3542	77
1.3542	76
1.35461	77
1.35463	76
1.35464	76
1.35464	75
1.35504	76
1.35506	77
1.35546	78
1.35583	77
1.35624	77
1.35626	77
1.35626	76
1.35626	76
1.35666	76
1.35668	77
1.35708	78
1.35744	78
1.35744	78
1.35744	77
1.35785	78
1.35787	77
1.35787	77
1.35787	76
1.35828	77
1.35829	78
1.3587	79
1.35904	78
1.35904	78
1.35904	77
1.35944	78
1.35944	77
1.35985	77
1.35992	78
1.36024	78
1.36024	78
1.36025	77
1.36065	78
1.36067	77
1.36067	77
1.36067	76
1.36107	77
1.36112	76
1.36112	76
1.36112	75
1.36152	76
1.36154	77
1.36194	78
1.36232	77
1.36273	77
1.36275	78
1.36275	78
1.36306	77
1.36307	77
1.36316	77
1.36356	78
1.36396	79
1.36428	79
1.36428	79
1.36428	78
1.36469	79
1.36471	78
1.36471	78
1.36471	77
1.36512	78
1.36516	77
1.36516	77
1.36517	76
1.36557	77
1.36558	78
1.36599	79
1.36638	78
1.36679	78
1.3668	79
1.36715	79
1.36715	78
1.36715	78
1.36755	78
1.36761	79
1.368	79
1.368	79
1.368	78
1.3684	79
1.36842	80
1.36882	81
1.36916	80
1.36916	80
1.36916	79
1.36957	80
1.36959	79
1.37	79
1.37	79
1.37	78
1.37	78
1.37041	78
1.37044	79
1.37084	80
1.37119	80
1.37119	80
1.37119	79
1.3716	80
1.37163	79
1.37163	79
1.37164	78
1.37204	79
1.37206	80
1.37245	79
1.37285	79
1.37287	79
1.37287	79
1.37287	78
1.37327	79
1.37327	80
1.37366	79
1.37366	79
1.37366	78
1.37407	79
1.37408	80
1.37448	79
1.37489	79
1.37489	80
1.37523	80
1.37523	80
1.37523	79
1.37564	80
1.37567	79
1.37567	79
1.37567	78
1.37607	79
1.37611	80
1.3765	79
1.3765	79
1.3765	78
1.3769	79
1.37692	78
1.37692	78
1.37692	77
1.37732	78
1.37732	79
1.37771	78
1.37812	78
1.37813	79
1.37848	79
1.37848	79
1.37848	78
1.37889	79
1.37894	80
1.37935	81
1.37969	80
1.37969	80
1.37969	79
1.3801	80
1.38012	79
1.38012	79
1.38012	78
1.38052	79
1.38056	80
1.38094	79
1.38135	79
1.38136	79
1.38136	78
1.38137	78
1.38177	78
1.38178	79
1.38218	80
1.3825	80
1.3825	80
1.3825	79
1.3829	80
1.38291	79
1.38291	79
1.38292	78
1.38332	79
1.38335	78
1.38336	78
1.38336	77
1.38376	78
1.3838	79
1.3842	80
1.38459	79
1.385	79
1.38501	80
1.38533	80
1.38533	79
1.38533	79
1.38574	79
1.38582	80
1.3862	80
1.3862	80
1.3862	79
1.3866	80
1.38663	79
1.38663	79
1.38663	78
1.38703	79
1.38704	80
1.38744	81
1.3878	80
1.38781	80
1.38781	79
1.38821	80
1.38825	81
1.38865	80
1.38905	80
1.38906	81
1.38941	81
1.38941	81
1.38941	80
1.38981	81
1.38985	80
1.38985	80
1.38985	79
1.39025	80
1.39027	81
1.39067	80
1.39108	80
1.39108	81
1.39142	81
1.39142	80
1.39142	80
1.39182	80
1.39188	80
1.39188	80
1.39188	79
1.39228	80
1.3923	81
1.3927	82
1.39304	81
1.39304	81
1.39304	80
1.39344	81
1.3935	80
1.3939	80
1.3939	80
1.3939	80
1.3939	79
1.39431	80
1.39432	81
1.39465	80
1.39466	80
1.39466	79
1.39506	80
1.39507	79
1.39507	79
1.39507	78
1.39547	79
1.39553	78
1.39594	78
1.39594	79
1.39631	79
1.39631	78
1.39631	78
1.39672	78
1.39675	79
1.39713	79
1.39713	79
1.39713	78
1.39754	79
1.39756	80
1.39795	79
1.39795	79
1.39796	78
1.39836	79
1.39837	80
1.39877	81
1.39912	80
1.39912	80
1.39912	79
1.39953	80
1.39954	79
1.39994	79
1.39998	79
1.39999	78
1.39999	78
1.40039	78
1.40039	79
1.40079	79
1.40079	78
1.40079	78
1.40119	78
1.4012	79
1.40154	79
1.40154	79
1.40155	78
1.40195	79
1.40199	78
1.40199	78
1.40199	77
1.4024	78
1.40241	79
1.40282	80
1.40315	79
1.40315	79
1.40315	78
1.40356	79
1.40359	78
1.40359	78
1.40359	77
1.404	78
1.40403	79
1.40444	80
1.40475	79
1.40516	79
1.40517	79
1.40517	78
1.40517	78
1.40558	78
1.40565	80
1.40601	79
1.40602	79
1.40602	78
1.40642	79
1.40646	78
1.40646	78
1.40646	77
1.40687	78
1.40687	79
1.40727	80
1.40759	79
1.40759	79
1.40759	78
1.408	79
1.40802	78
1.40843	78
1.40845	78
1.40845	77
1.40845	77
1.40885	77
1.40889	78
1.4093	80
1.40961	79
1.40962	79
1.40962	78
1.41002	79
1.41009	78
1.41009	78
1.41009	77
1.41049	78
1.41051	79
1.41091	80
1.41123	79
1.41123	79
1.41123	78
1.41164	79
1.41166	78
1.41206	78
1.41209	78
1.41209	78
1.41209	77
1.4125	78
1.41254	79
1.41294	80
1.41326	79
1.41326	79
1.41326	78
1.41366	79
1.41374	78
1.41374	78
1.41374	77
1.41414	78
1.41415	79
1.41456	80
1.41487	79
1.41528	79
1.41529	79
1.41529	79
1.41529	78
1.4157	79
1.41571	78
1.41571	78
1.41571	77
1.41611	78
1.41617	77
1.41617	77
1.41617	76
1.41657	77
1.41658	78
1.41698	79
1.41733	78
1.41773	78
1.41776	78
1.41776	77
1.41776	77
1.41816	77
1.4182	78
1.41858	78
1.41858	78
1.41858	77
1.41899	78
1.41901	79
1.41942	80
1.41973	79
1.41974	79
1.41974	78
1.42014	79
1.42016	78
1.42016	78
1.42016	77
1.42057	78
1.42063	79
1.42104	80
1.42139	79
1.4218	79
1.42183	79
1.42183	78
1.42183	78
1.42223	78
1.42225	79
1.42263	79
1.42263	79
1.42263	78
1.42303	79
1.42306	80
1.42344	79
1.42344	79
1.42344	78
1.42385	79
1.42387	80
1.42427	79
1.42427	79
1.42428	78
1.42468	79
1.42468	80
1.42502	79
1.42543	79
1.42546	79
1.42546	78
1.42546	78
1.42586	78
1.42589	79
1.4263	79
1.4263	79
1.4263	78
1.4267	79
1.4267	80
1.42711	81
1.42751	82
1.42785	81
1.42785	81
1.42785	80
1.42825	81
1.42828	80
1.42829	80
1.42829	79
1.42869	80
1.42873	81
1.42913	82
1.4295	81
1.4299	81
1.42992	81
1.42992	81
1.42992	80
1.43032	81
1.43035	82
1.43075	83
1.43108	82
1.43108	82
1.43109	81
1.43149	82
1.43151	81
1.43151	81
1.43151	80
1.43191	81
1.43197	82
1.43237	83
1.43274	82
1.43315	82
1.43316	82
1.43316	81
1.43316	81
1.43356	81
1.43358	81
1.43359	81
1.43359	80
1.43399	81
1.43399	82
1.43439	83
1.4347	82
1.43471	82
1.43471	81
1.43511	82
1.43516	81
1.43556	81
1.4356	81
1.4356	80
1.4356	80
1.436	80
1.43601	81
1.43642	82
1.43676	82
1.43676	82
1.43677	81
1.43717	82
1.4372	81
1.4372	81
1.4372	80
1.4376	81
1.43763	82
1.43802	81
1.43842	81
1.43843	81
1.43843	81
1.43844	80
1.43884	81
1.43884	82
1.43925	83
1.4396	82
1.4396	82
1.4396	81
1.44001	82
1.44004	81
1.44045	81
1.44046	82
1.4408	82
1.4408	82
1.4408	81
1.4412	82
1.44128	83
1.44128	82
1.44158	82
1.44159	81
1.44168	82
1.44202	81
1.44202	81
1.44202	80
1.44242	81
1.44249	82
1.44286	81
1.44327	81
1.44329	81
1.44329	81
1.4433	80
1.4437	81
1.4437	82
1.44411	83
1.44447	82
1.44447	82
1.44447	81
1.44487	82
1.44489	81
1.4449	81
1.4449	80
1.4453	81
1.44532	82
1.44569	81
1.4461	81
1.44611	81
1.44611	80
1.44611	80
1.44651	80
1.44654	81
1.44694	82
1.44727	82
1.44727	82
1.44727	81
1.44768	82
1.44771	81
1.44771	81
1.44771	80
1.44812	81
1.44816	82
1.44856	83
1.44896	82
1.44937	82
1.44937	83
1.44972	83
1.44972	83
1.44972	82
1.45013	83
1.45015	82
1.45015	82
1.45015	81
1.45055	82
1.45059	83
1.45096	82
1.45096	82
1.45096	81
1.45137	82
1.45137	81
1.45178	81
1.4518	82
1.45214	82
1.45214	82
1.45214	81
1.45255	82
1.45257	81
1.45257	81
1.45257	80
1.45297	81
1.45302	82
1.45339	81
1.45339	81
1.4534	80
1.4538	81
1.45383	82
1.45421	81
1.45461	81
1.45462	81
1.45462	81
1.45462	80
1.45502	81
1.45502	80
1.45502	80
1.45502	79
1.45543	80
1.45544	81
1.45585	82
1.4562	81
1.4562	81
1.4562	80
1.45661	81
1.45664	80
1.45705	80
1.45706	81
1.45742	81
1.45742	81
1.45742	80
1.45782	81
1.45782	80
1.45782	80
1.45783	79
1.45823	80
1.45827	81
1.45868	82
1.459	81
1.4594	81
1.45943	81
1.45943	81
1.45943	80
1.45983	81
1.45985	80
1.45985	80
1.45985	79
1.46026	80
1.4603	81
1.4607	82
1.46104	81
1.46104	81
1.46104	80
1.46145	81
1.46146	80
1.46187	80
1.46187	80
1.46187	79
1.46187	79
1.46228	79
1.46233	80
1.46273	81
1.46309	81
1.46309	81
1.46309	80
1.46349	81
1.46354	82
1.46389	81
1.46389	81
1.4639	80
1.4643	81
1.46431	80
1.46431	80
1.46431	79
1.46472	80
1.46476	81
1.46514	80
1.46514	80
1.46515	79
1.46555	80
1.46556	81
1.46594	80
1.46635	80
1.46637	80
1.46637	79
1.46637	79
1.46678	79
1.46678	80
1.46718	82
1.46753	81
1.46753	81
1.46753	80
1.46794	81
1.46799	82
1.4683	81
1.46831	81
1.46831	80
1.46871	81
1.46872	80
1.46872	80
1.46872	79
1.46912	80
1.46918	79
1.46958	79
1.46961	80
1.46995	80
1.46995	79
1.46995	79
1.47036	79
1.47037	79
1.47037	79
1.47037	78
1.47077	79
1.47081	78
1.47081	78
1.47081	77
1.47121	78
1.47123	79
1.47164	80
1.47199	79
1.472	79
1.472	78
1.4724	79
1.47245	80
1.47277	79
1.47277	79
1.47277	78
1.47318	79
1.4732	78
1.47361	78
1.47363	78
1.47363	77
1.47363	77
1.47403	77
1.47407	78
1.47447	79
1.47479	79
1.47479	78
1.47479	78
1.47519	78
1.47528	78
1.47528	78
1.47528	77
1.47568	78
1.47569	79
1.47609	80
1.47645	79
1.47645	79
1.47645	78
1.47685	79
1.47688	78
1.47688	78
1.47688	77
1.47728	78
1.4773	79
1.47771	80
1.47805	79
1.47846	79
1.47846	79
1.47846	79
1.47847	78
1.47887	79
1.47889	78
1.47889	78
1.47889	77
1.47929	78
1.47933	79
1.47973	80
1.48005	79
1.48005	79
1.48005	78
1.48045	79
1.48048	78
1.48088	78
1.48091	78
1.48091	78
1.48091	77
1.48132	78
1.48135	79
1.48176	80
1.4821	79
1.4821	79
1.4821	78
1.4825	79
1.48253	78
1.48253	78
1.48254	77
1.48294	78
1.48297	79
1.48335	78
1.48375	78
1.48377	78
1.48377	77
1.48377	77
1.48418	77
1.48419	78
1.48459	79
1.48496	79
1.48496	79
1.48496	78
1.48536	79
1.4854	80
1.48573	79
1.48573	79
1.48574	78
1.48614	79
1.48616	78
1.48656	78
1.48657	78
1.48657	77
1.48657	77
1.48698	77
1.48702	78
1.48743	79
1.48776	79
1.48776	79
1.48776	78
1.48817	79
1.48819	78
1.48819	78
1.48819	77
1.48859	78
1.48864	79
1.48905	80
1.4894	79
1.4894	79
1.4894	78
1.48981	79
1.48982	78
1.49022	78
1.49026	79
1.49067	79
1.49067	78
1.49098	78
1.49108	78
1.49108	79
1.49148	80
1.49179	80
1.49179	80
1.49179	79
1.4922	80
1.49222	79
1.49222	79
1.49222	78
1.49262	79
1.49269	78
1.49269	78
1.4927	77
1.4931	78
1.4931	79
1.4935	80
1.49382	79
1.49382	79
1.49382	78
1.49422	79
1.49426	78
1.49466	78
1.49468	78
1.49468	77
1.49468	77
1.49508	77
1.49512	78
1.49552	79
1.49586	79
1.49587	79
1.49587	78
1.49627	79
1.49627	78
1.49627	78
1.49627	77
1.49667	78
1.49674	79
1.49706	78
1.49746	78
1.49749	78
1.49749	77
1.49749	77
1.4979	77
1.49795	78
1.49836	79
1.49867	79
1.49868	79
1.49868	78
1.49908	79
1.49911	78
1.49912	78
1.49912	77
1.49952	78
1.49957	79
1.49996	78
1.50037	78
1.50038	79
1.50073	79
1.50073	78
1.50073	78
1.50114	78
1.50119	79
1.5016	80
1.50197	80
1.50197	80
1.50197	79
1.50237	80
1.5024	79
1.5024	79
1.5024	78
1.5028	79
1.50281	80
1.5032	79
1.5032	79
1.5032	78
1.5036	79
1.50362	80
1.50403	81
1.50437	80
1.50477	80
1.5048	80
1.5048	80
1.5048	79
1.5052	80
1.50525	81
1.50564	80
1.50564	80
1.50564	79
1.50604	80
1.50606	81
1.50645	80
1.50645	80
1.50645	79
1.50685	80
1.50686	81
1.50727	82
1.50759	81
1.50799	81
1.508	81
1.508	81
1.508	80
1.5084	81
1.5084	80
1.50841	80
1.50841	79
1.50881	80
1.50889	81
1.50928	80
1.50928	80
1.50929	79
1.50969	80
1.5097	81
1.51009	80
1.5101	80
1.5101	79
1.5105	80
1.51051	79
1.51091	79
1.51091	80
1.51132	81
1.51171	81
1.51171	80
1.51171	80
1.51211	80
1.51213	82
1.51251	81
1.51251	81
1.51251	80
1.51292	81
1.51294	82
1.51325	81
1.51325	81
1.51325	80
1.51366	81
1.51374	80
1.51374	80
1.51374	79
1.51414	80
1.51415	81
1.51455	82
1.51487	81
1.51527	81
1.5153	81
1.5153	81
1.5153	80
1.51571	81
1.51577	82
1.51615	81
1.51615	81
1.51615	80
1.51656	81
1.51658	82
1.51693	81
1.51693	81
1.51693	80
1.51734	81
1.51738	80
1.51778	80
1.51779	81
1.51816	81
1.51816	81
1.51816	80
1.51856	81
1.5186	80
1.5186	80
1.5186	79
1.519	80
1.519	79
1.5194	79
1.51941	80
1.51981	81
1.52015	81
1.52015	81
1.52015	80
1.52055	81
1.52058	80
1.52058	80
1.52058	79
1.52098	80
1.52103	81
1.52143	82
1.52178	81
1.52218	81
1.52219	81
1.52219	81
1.52219	80
1.5226	81
1.52262	80
1.52262	80
1.52262	79
1.52302	80
1.52305	81
1.52345	82
1.5238	81
1.5242	81
1.52423	81
1.52423	80
1.52423	80
1.52464	80
1.52467	80
1.52467	80
1.52467	79
1.52507	80
1.52507	81
1.52546	80
1.52547	80
1.52547	79
1.52587	80
1.52588	81
1.52626	80
1.52666	80
1.52669	81
1.5267	81
1.52701	80
1.52701	80
1.5271	80
1.52742	80
1.52742	80
1.52742	79
1.52782	80
1.52791	81
1.52828	80
1.52828	80
1.52828	79
1.52868	80
1.52872	81
1.52912	82
1.52951	81
1.52992	81
1.52993	81
1.52993	80
1.52993	80
1.53034	80
1.53034	80
1.53034	80
1.53034	79
1.53074	80
1.53074	81
1.53115	82
1.53155	81
1.53155	81
1.53155	80
1.53195	81
1.53196	82
1.53236	83
1.5327	82
1.5327	82
1.5327	81
1.5331	82
1.53315	81
1.53356	81
1.53357	82
1.53396	82
1.53396	82
1.53396	81
1.53437	82
1.53438	83
1.53439	82
1.53469	82
1.53469	81
1.53479	82
1.53519	83
1.5356	84
1.53592	83
1.53633	83
1.53635	83
1.53635	83
1.53635	82
1.53675	83
1.53678	82
1.53679	82
1.53679	81
1.53719	82
1.53722	83
1.53761	82
1.53761	82
1.53761	81
1.53802	82
1.53803	83
1.5384	82
1.5388	82
1.53884	83
1.53915	83
1.53915	83
1.53915	82
1.53956	83
1.53959	82
1.53959	82
1.53959	81
1.53999	82
1.54004	81
1.54004	81
1.54004	80
1.54044	81
1.54046	82
1.54086	83
1.54122	82
1.54162	82
1.54165	82
1.54165	82
1.54165	81
1.54206	82
1.54208	83
1.54248	84
1.54281	83
1.54281	83
1.54281	82
1.54322	83
1.54325	82
1.54325	82
1.54325	81
1.54365	82
1.5437	83
1.5441	84
1.54444	83
1.54484	83
1.54485	83
1.54485	83
1.54486	82
1.54526	83
1.54526	82
1.54526	82
1.54526	81
1.54566	82
1.5457	81
1.5457	81
1.5457	80
1.5461	81
1.54613	82
1.54653	83
1.54686	82
1.54687	82
1.54687	81
1.54727	82
1.5473	81
1.5477	81
1.54773	81
1.54773	80
1.54773	80
1.54813	80
1.54815	81
1.54852	81
1.54852	81
1.54852	80
1.54893	81
1.54895	80
1.54895	80
1.54896	79
1.54936	80
1.54936	81
1.54977	82
1.5501	81
1.5501	81
1.5501	80
1.5505	81
1.55053	80
1.55093	80
1.55098	81
1.55135	81
1.55135	81
1.55135	80
1.55176	81
1.55179	82
1.55216	81
1.55216	81
1.55216	80
1.55256	81
1.5526	82
1.553	83
1.55333	82
1.55374	82
1.55376	82
1.55376	82
1.55376	81
1.55417	82
1.55421	81
1.55421	81
1.55421	80
1.55461	81
1.55462	82
1.55503	83
1.55535	82
1.55575	82
1.55578	82
1.55578	81
1.55579	81
1.55619	81
1.55622	81
1.55622	81
1.55622	80
1.55663	81
1.55665	82
1.55705	83
1.55737	82
1.55738	82
1.55738	81
1.55778	82
1.55784	81
1.55784	81
1.55784	80
1.55824	81
1.55827	82
1.55867	83
1.55903	82
1.55944	82
1.55946	82
1.55946	82
1.55946	81
1.55986	82
1.55988	81
1.55988	81
1.55988	80
1.56028	81
1.56029	82
1.5607	83
1.56104	82
1.56104	82
1.56104	81
1.56145	82
1.56147	81
1.56148	81
1.56148	80
1.56188	81
1.56191	82
1.56232	83
1.56266	82
1.56266	82
1.56266	81
1.56306	82
1.56309	81
1.56309	81
1.56309	80
1.56349	81
1.56353	82
1.56391	81
1.56432	81
1.56433	81
1.56433	80
1.56434	80
1.56474	80
1.56475	81
1.56515	82
1.56549	82
1.56549	82
1.56549	81
1.5659	82
1.56596	83
1.56628	82
1.56628	82
1.56628	81
1.56669	82
1.56671	81
1.56671	81
1.56671	80
1.56711	81
1.56717	82
1.56757	81
1.56757	81
1.56757	80
1.56798	81
1.56798	80
1.56838	80
1.56839	81
1.56871	81
1.56871	80
1.56871	80
1.56912	80
1.56913	80
1.56913	80
1.56913	79
1.56953	80
1.56961	81
1.57001	82
1.57032	81
1.57032	81
1.57032	80
1.57073	81
1.57073	80
1.57073	80
1.57073	79
1.57113	80
1.5712	79
1.57161	79
1.57163	80
1.57196	80
1.57196	79
1.57197	79
1.57237	79
1.57238	79
1.57238	79
1.57238	78
1.57279	79
1.57279	78
1.57279	78
1.57279	77
1.57319	78
1.57325	79
1.57365	80
1.574	79
1.574	79
1.574	78
1.5744	79
1.57446	80
1.5748	79
1.57521	79
1.57524	79
1.57524	78
1.57524	78
1.57564	78
1.57568	80
1.57608	79
1.57608	79
1.57608	78
1.57648	79
1.57649	80
1.5768	79
1.5768	79
1.5768	78
1.5772	79
1.57728	78
1.57768	78
1.5777	79
1.57808	79
1.57808	78
1.57808	78
1.57848	78
1.57851	79
1.57892	80
1.57932	81
1.57967	81
1.57967	81
1.57967	80
1.58007	81
1.5801	80
1.5801	80
1.5801	79
1.58051	80
1.58054	81
1.58092	80
1.58092	80
1.58092	79
1.58132	80
1.58133	79
1.58173	79
1.58175	80
1.58211	80
1.58211	80
1.58211	79
1.58252	80
1.58254	79
1.58254	79
1.58255	78
1.58295	79
1.58296	80
1.58337	81
1.58376	80
1.58416	80
1.58417	80
1.58417	80
1.58417	79
1.58458	80
1.58458	81
1.58499	82
1.58533	81
1.58533	81
1.58533	80
1.58573	81
1.58576	80
1.58576	80
1.58576	79
1.58616	80
1.58618	79
1.58659	79
1.58661	80
1.58701	81
1.58735	81
1.58735	81
1.58735	80
1.58776	81
1.58779	80
1.58779	80
1.58779	79
1.58819	80
1.58823	81
1.58863	82
1.589	81
1.589	81
1.589	80
1.5894	81
1.58944	82
1.58944	81
1.58985	81
1.59016	81
1.59016	80
1.59016	80
1.59057	80
1.59066	81
1.59066	81
1.59097	81
1.59097	80
1.59106	81
1.59146	80
1.59146	80
1.59146	79
1.59187	80
1.59187	81
1.59226	80
1.59226	80
1.59226	79
1.59266	80
1.59268	81
1.59308	82
1.59342	81
1.59342	81
1.59342	80
1.59382	81
1.59385	80
1.59426	80
1.5943	81
1.5943	81
1.59461	81
1.59461	80
1.59471	81
1.59509	80
1.59509	80
1.59509	79
1.59549	80
1.59551	81
1.59584	80
1.59584	80
1.59584	79
1.59625	80
1.59625	79
1.59666	79
1.59666	79
1.59666	79
1.59666	78
1.59707	79
1.59713	78
1.59713	78
1.59713	77
1.59753	78
1.59754	79
1.59794	80
1.59829	79
1.59829	79
1.59829	78
1.59869	79
1.59871	78
1.59912	78
1.59913	78
1.59913	77
1.59913	77
1.59953	77
1.59956	78
1.59997	79
1.60031	79
1.60031	79
1.60031	78
1.60072	79
1.60077	78
1.60077	78
1.60077	77
1.60117	78
1.60118	79
1.60158	80
1.60194	79
1.60194	79
1.60194	78
1.60235	79
1.60236	78
1.60277	78
1.60277	78
1.60277	78
1.60277	77
1.60318	78
1.6032	79
1.60361	80
1.60397	79
1.60397	79
1.60397	78
1.60438	79
1.6044	78
1.6048	78
1.60481	78
1.60481	77
1.60481	77
1.60522	77
1.60522	78
1.60563	79
1.60596	79
1.60596	79
1.60596	78
1.60637	79
1.60639	78
1.60639	78
1.60639	77
1.60679	78
1.60684	79
1.60725	80
1.60759	79
1.608	79
1.60803	79
1.60803	78
1.60803	78
1.60844	78
1.60844	78
1.60844	78
1.60844	77
1.60884	78
1.60887	79
1.60927	80
1.6096	79
1.6096	79
1.6096	78
1.61	79
1.61003	78
1.61003	78
1.61003	77
1.61044	78
1.61049	79
1.61049	78
1.61089	78
1.61122	78
1.61122	78
1.61122	77
1.61162	78
1.61165	77
1.61165	77
1.61165	76
1.61206	77
1.61211	78
1.61251	79
1.61286	78
1.61287	78
1.61287	77
1.61327	78
1.61328	77
1.61369	77
1.61373	77
1.61373	76
1.61404	76
1.61413	76
1.61413	77
1.61452	77
1.61452	77
1.61452	76
1.61493	77
1.61493	76
1.61493	76
1.61493	75
1.61533	76
1.61535	77
1.61575	78
1.61607	77
1.61607	77
1.61607	76
1.61647	77
1.61654	76
1.61654	76
1.61655	75
1.61695	76
1.61696	77
1.61736	78
1.61771	77
1.61812	77
1.61813	77
1.61813	77
1.61814	76
1.61854	77
1.61858	78
1.61893	77
1.61893	77
1.61893	76
1.61933	77
1.61933	76
1.61934	76
1.61934	75
1.61974	76
1.6198	77
1.6202	78
1.62057	77
1.62097	77
1.62098	77
1.62098	77
1.62098	76
1.62139	77
1.62142	78
1.62175	77
1.62175	77
1.62175	76
1.62215	77
1.62219	76
1.62219	76
1.62219	75
1.62259	76
1.62262	75
1.62262	75
1.62262	74
1.62302	75
1.62304	76
1.62344	77
1.62377	76
1.62417	76
1.6242	76
1.6242	76
1.6242	75
1.62461	76
1.62465	77
1.62506	78
1.62542	77
1.62542	77
1.62543	76
1.62583	77
1.62587	78
1.62627	79
1.62662	78
1.62662	78
1.62662	77
1.62703	78
1.62708	79
1.62743	78
1.62784	78
1.62786	78
1.62786	78
1.62787	77
1.62827	78
1.6283	79
1.62866	78
1.62866	78
1.62866	77
1.62906	78
1.62908	77
1.62908	77
1.62908	76
1.62949	77
1.62951	78
1.62992	79
1.63027	78
1.63068	78
1.63069	78
1.63069	78
1.63069	77
1.6311	78
1.63112	77
1.63112	77
1.63112	76
1.63153	77
1.63154	78
1.63194	79
1.63232	78
1.63273	78
1.63275	79
1.63308	79
1.63308	78
1.63308	78
1.63348	78
1.63351	78
1.63351	78
1.63351	77
1.63391	78
1.63397	79
1.63437	80
1.63477	81
1.63509	80
1.63509	80
1.63509	79
1.6355	80
1.63554	79
1.63594	79
1.63596	79
1.63597	79
1.63597	78
1.63637	79
1.63639	80
1.6368	81
1.63713	80
1.63713	80
1.63713	79
1.63753	80
1.63755	79
1.63755	79
1.63755	78
1.63795	79
1.63801	80
1.63842	81
1.63875	80
1.63915	80
1.63916	80
1.63916	80
1.63916	79
1.63956	80
1.63959	79
1.63959	79
1.63959	78
1.63999	79
1.64004	80
1.64044	81
1.64077	80
1.64117	80
1.64118	80
1.64118	80
1.64118	79
1.64158	80
1.64163	79
1.64164	79
1.64164	78
1.64204	79
1.64206	78
1.64206	78
1.64206	77
1.64246	78
1.64246	79
1.64287	80
1.64319	79
1.6436	79
1.64361	79
1.64361	79
1.64361	78
1.64402	79
1.64408	80
1.64449	81
1.64481	80
1.64481	80
1.64482	79
1.64522	80
1.64525	79
1.64565	79
1.64566	79
1.64566	79
1.64566	78
1.64606	79
1.64611	80
1.64651	81
1.64692	82
1.64724	81
1.64724	81
1.64724	80
1.64765	81
1.6477	80
1.6477	80
1.6477	79
1.6481	80
1.64813	81
1.64854	82
1.64887	81
1.64927	81
1.64928	81
1.64928	81
1.64929	80
1.64969	81
1.6497	80
1.64971	80
1.64971	79
1.65011	80
1.65016	81
1.65056	82
1.65091	81
1.65131	81
1.65132	81
1.65132	80
1.65132	80
1.65172	80
1.65178	81
1.65218	82
1.65254	82
1.65254	82
1.65254	81
1.65294	82
1.65296	81
1.65296	81
1.65296	80
1.65336	81
1.6534	82
1.6538	83
1.65416	82
1.65457	82
1.65459	82
1.65459	82
1.65459	81
1.65499	82
1.65502	83
1.65536	82
1.65537	82
1.65537	81
1.65577	82
1.65583	83
1.65617	82
1.65617	82
1.65617	81
1.65657	82
1.65664	83
1.65696	82
1.65696	82
1.65697	81
1.65737	82
1.65745	83
1.65781	82
1.65781	82
1.65781	81
1.65821	82
1.65824	81
1.65824	81
1.65824	80
1.65864	81
1.65867	82
1.65907	83
1.6594	82
1.65981	82
1.65984	82
1.65985	81
1.65985	81
1.66025	81
1.66027	81
1.66027	80
1.66027	80
1.66067	80
1.66069	81
1.66109	82
1.66141	82
1.66141	82
1.66141	81
1.66182	82
1.66185	81
1.66185	81
1.66185	80
1.66225	81
1.6623	80
1.6623	80
1.6623	79
1.66271	80
1.66271	81
1.66312	82
1.66344	81
1.66344	81
1.66344	80
1.66384	81
1.66393	82
1.66424	81
1.66465	81
1.66466	81
1.66466	80
1.66466	80
1.66507	80
1.66514	81
1.66555	82
1.66588	82
1.66588	82
1.66588	81
1.66629	82
1.66632	81
1.66632	81
1.66632	80
1.66672	81
1.66676	82
1.66717	83
1.66748	82
1.66748	82
1.66748	81
1.66788	82
1.66791	81
1.66791	81
1.66791	80
1.66831	81
1.66838	82
1.66879	83
1.66913	82
1.66953	82
1.66956	82
1.66956	81
1.66956	81
1.66997	81
1.67	82
1.67041	83
1.67075	83
1.67075	83
1.67075	82
1.67115	83
1.67116	82
1.67116	82
1.67117	81
1.67157	82
1.67162	81
1.67162	81
1.67162	80
1.67202	81
1.67203	82
1.67243	83
1.6728	82
1.6728	82
1.6728	81
1.67321	82
1.67324	83
1.67363	82
1.67363	82
1.67363	81
1.67403	82
1.67405	83
1.6744	82
1.6748	82
1.67485	82
1.67485	81
1.67485	81
1.67525	81
1.67525	81
1.67525	81
1.67526	80
1.67565	81
1.67567	82
1.67607	83
1.67647	84
1.67679	83
1.67679	83
1.67679	82
1.67719	83
1.67724	82
1.67724	82
1.67724	81
1.67765	82
1.67769	83
1.67809	84
1.67843	83
1.67883	83
1.67888	83
1.67888	82
1.67888	82
1.67928	82
1.67931	83
1.67968	83
1.67968	83
1.67968	82
1.68009	83
1.68012	84
1.68047	83
1.68047	83
1.68047	82
1.68087	83
1.68091	82
1.68091	82
1.68091	81
1.68131	82
1.68133	83
1.68174	84
1.68207	83
1.68248	83
1.68249	83
1.68249	82
1.6825	82
1.6829	82
1.68293	82
1.68293	82
1.68293	81
1.68333	82
1.68336	83
1.68376	84
1.68408	83
1.68408	83
1.68408	82
1.68448	83
1.68457	84
1.68498	85
1.6853	84
1.6853	84
1.68531	83
1.68571	84
1.68576	83
1.68576	83
1.68576	82
1.68617	83
1.68619	84
1.68655	83
1.68695	83
1.68698	83
1.68698	82
1.68698	82
1.68739	82
1.68741	83
1.68772	83
1.68772	83
1.68772	82
1.68812	83
1.68822	82
1.68822	82
1.68853	81
1.68862	82
1.68862	83
1.68903	84
1.68937	83
1.68937	83
1.68938	82
1.68978	83
1.6898	82
1.6898	82
1.68981	81
1.69021	82
1.69024	83
1.69062	82
1.69102	82
1.69105	82
1.69105	82
1.69105	81
1.69146	82
1.69146	83
1.69186	84
1.6922	83
1.6922	83
1.6922	82
1.69261	83
1.69263	82
1.69263	82
1.69263	81
1.69303	82
1.69307	81
1.69307	81
1.69308	80
1.69348	81
1.69348	82
1.69388	83
1.69428	82
1.69469	82
1.69469	83
1.69503	83
1.69503	83
1.69503	82
1.69543	83
1.69547	82
1.69547	82
1.69547	81
1.69587	82
1.69591	83
1.69623	82
1.69623	82
1.69623	81
1.69664	82
1.69668	81
1.69668	81
1.69668	80
1.69708	81
1.69712	82
1.6975	81
1.69791	81
1.69791	81
1.69792	80
1.69792	80
1.69832	80
1.69834	81
1.69874	82
1.69908	82
1.69908	81
1.69908	81
1.69948	81
1.69951	81
1.69951	81
1.69951	80
1.69992	81
1.69996	82
1.70029	81
1.70029	81
1.70029	80
1.70069	81
1.70074	80
1.70074	80
1.70074	79
1.70115	80
1.70117	81
1.7015	80
1.7015	80
1.7015	79
1.70191	80
1.70193	79
1.70234	79
1.70235	79
1.70235	78
1.70235	78
1.70275	78
1.70279	79
1.70319	80
1.70354	80
1.70354	80
1.70354	79
1.70395	80
1.704	81
1.70432	80
1.70432	80
1.70432	79
1.70472	80
1.70481	79
1.70481	79
1.70481	78
1.70521	79
1.70522	80
1.70562	81
1.70598	80
1.70598	80
1.70598	79
1.70638	80
1.70638	79
1.70639	79
1.70639	78
1.70679	79
1.70681	78
1.70722	78
1.70724	79
1.70765	80
1.70801	80
1.70801	79
1.70801	79
1.70841	79
1.70843	79
1.70844	79
1.70844	78
1.70884	79
1.70886	80
1.70926	81
1.70958	80
1.70958	80
1.70959	79
1.70999	80
1.71002	79
1.71042	79
1.71045	79
1.71045	78
1.71045	78
1.71085	78
1.71088	79
1.71129	80
1.71163	80
1.71163	80
1.71163	79
1.71203	80
1.7121	81
1.71243	80
1.71243	80
1.71243	79
1.71284	80
1.71286	79
1.71286	79
1.71286	78
1.71327	79
1.71332	80
1.71369	79
1.71409	79
1.7141	79
1.7141	78
1.71411	78
1.71451	78
1.71453	79
1.71493	80
1.71529	80
1.71529	80
1.71529	79
1.71569	80
1.71574	81
1.71608	80
1.71608	80
1.71608	79
1.71649	80
1.71652	79
1.71653	79
1.71653	78
1.71693	79
1.71696	80
1.71733	79
1.71774	79
1.71776	79
1.71777	79
1.71777	78
1.71817	79
1.71817	80
1.71858	81
1.71889	80
1.71889	80
1.71889	79
1.7193	80
1.71932	79
1.71932	79
1.71932	78
1.71972	79
1.71979	80
1.72017	79
1.72057	79
1.72057	79
1.72058	78
1.72058	78
1.72098	78
1.72101	79
1.72141	80
1.72173	80
1.72173	80
1.72173	79
1.72214	80
1.72215	79
1.72215	79
1.72215	78
1.72255	79
1.72259	78
1.72259	78
1.72259	77
1.723	78
1.72303	79
1.72343	80
1.7238	79
1.7242	79
1.72421	79
1.72421	78
1.72421	78
1.72461	78
1.72465	79
1.72503	79
1.72503	79
1.72503	78
1.72544	79
1.72544	78
1.72544	78
1.72544	77
1.72584	78
1.72586	79
1.72626	80
1.72664	79
1.72704	79
1.72706	79
1.72706	79
1.72706	78
1.72746	79
1.72748	80
1.72788	81
1.72788	80
1.72819	80
1.7282	79
1.72829	80
1.72863	79
1.72903	79
1.72909	79
1.72909	78
1.72909	78
1.72949	78
1.7295	79
1.7299	80
1.73023	80
1.73023	80
1.73023	79
1.73064	80
1.73068	79
1.73108	79
1.73112	80
1.73146	80
1.73146	80
1.73147	79
1.73187	80
1.73192	79
1.73192	79
1.73192	78
1.73232	79
1.73233	80
1.73273	79
1.73313	79
1.73314	80
1.73348	80
1.73348	80
1.73348	79
1.73389	80
1.73395	81
1.73436	82
1.73467	81
1.73467	81
1.73467	80
1.73508	81
1.7351	80
1.7355	80
1.73554	80
1.73554	79
1.73554	79
1.73594	79
1.73598	80
1.73638	81
1.73672	81
1.73673	81
1.73673	80
1.73713	81
1.73719	82
1.73759	81
1.73759	81
1.7376	80
1.738	81
1.738	82
1.73836	81
1.73836	81
1.73836	80
1.73877	81
1.73881	82
1.73922	83
1.73954	82
1.73994	82
1.73995	82
1.73995	82
1.73995	81
1.74036	82
1.74037	81
1.74037	81
1.74037	80
1.74077	81
1.74084	82
1.74121	81
1.74121	81
1.74121	80
1.74162	81
1.74162	80
1.74202	80
1.74205	81
1.74246	82
1.74281	82
1.74282	82
1.74282	81
1.74322	82
1.74322	81
1.74323	81
1.74323	80
1.74363	81
1.74367	82
1.74408	83
1.74442	82
1.74443	82
1.74443	81
1.74483	82
1.74484	81
1.74525	81
1.74525	81
1.74525	81
1.74525	80
1.74566	81
1.7457	82
1.7461	83
1.74646	82
1.74646	82
1.74646	81
1.74687	82
1.74689	81
1.74689	81
1.74689	80
1.74729	81
1.74732	82
1.74772	83
1.74807	82
1.74848	82
1.74849	82
1.7485	81
1.7485	81
1.7489	81
1.74894	82
1.74934	84
1.74967	83
1.74967	83
1.74967	82
1.75008	83
1.75014	82
1.75014	82
1.75014	81
1.75055	82
1.75056	83
1.75093	82
1.75093	82
1.75093	81
1.75134	82
1.75137	83
1.75177	82
1.75217	82
1.75218	83
1.7525	83
1.7525	82
1.7525	82
1.75291	82
1.75294	82
1.75294	82
1.75294	81
1.75334	82
1.75339	83
1.7538	84
1.75414	83
1.75414	83
1.75414	82
1.75454	83
1.75458	82
1.75458	82
1.75458	81
1.75499	82
1.75501	83
1.75541	82
1.75581	82
1.75582	83
1.75615	83
1.75615	83
1.75615	82
1.75656	83
1.75661	82
1.75661	82
1.75661	81
1.75701	82
1.75703	83
1.75744	84
1.75776	83
1.75776	83
1.75776	82
1.75817	83
1.75817	82
1.75858	82
1.75859	82
1.75859	82
1.75859	81
1.75899	82
1.75905	81
1.75905	81
1.75905	80
1.75946	81
1.75946	82
1.75981	81
1.75981	81
1.75981	80
1.76021	81
1.76027	82
1.76065	81
1.76065	81
1.76065	80
1.76106	81
1.76106	80
1.76146	80
1.76149	81
1.76149	81
1.7618	81
1.7618	80
1.7619	81
1.76229	80
1.76229	80
1.7623	79
1.7627	80
1.7627	81
1.76305	80
1.76305	80
1.76305	79
1.76346	80
1.76347	79
1.76348	79
1.76348	78
1.76388	79
1.76392	80
1.76432	79
1.76432	79
1.76433	78
1.76473	79
1.76473	80
1.76513	81
1.76553	80
1.76594	80
1.76595	81
1.76627	81
1.76627	81
1.76627	80
1.76667	81
1.76672	80
1.76672	80
1.76672	79
1.76713	80
1.76716	81
1.76757	82
1.76789	81
1.76789	81
1.76789	80
1.7683	81
1.76831	80
1.76831	80
1.76831	79
1.76871	80
1.76878	81
1.76919	82
1.76953	81
1.76953	81
1.76953	80
1.76994	81
1.76995	80
1.77036	80
1.77038	80
1.77038	79
1.77038	79
1.77078	79
1.77081	81
1.77121	80
1.77121	80
1.77121	79
1.77161	80
1.77162	81
1.77202	80
1.77202	80
1.77202	79
1.77242	80
1.77242	81
1.77283	82
1.77316	81
1.77356	81
1.77359	81
1.77359	80
1.77359	80
1.77399	80
1.77405	80
1.77405	80
1.77405	79
1.77445	80
1.77445	81
1.77485	82
1.77517	81
1.77517	81
1.77518	80
1.77558	81
1.77559	80
1.77559	80
1.7756	79
1.776	80
1.77605	79
1.77645	79
1.77645	79
1.77645	78
1.77645	78
1.77685	78
1.77687	79
1.77728	81
1.77763	80
1.77763	80
1.77763	79
1.77803	80
1.77809	81
1.77845	80
1.77886	80
1.77887	80
1.77887	79
1.77887	79
1.77927	79
1.77929	79
1.77929	79
1.77929	78
1.77969	79
1.77971	80
1.78012	81
1.78044	80
1.78045	80
1.78045	79
1.78085	80
1.78087	79
1.78128	79
1.78132	79
1.78132	79
1.78132	78
1.78172	79
1.78174	80
1.78214	81
1.78254	80
1.78254	80
1.78254	79
1.78295	80
1.78295	81
1.78332	80
1.78333	80
1.78333	79
1.78373	80
1.78376	81
1.78413	80
1.78454	80
1.78455	80
1.78455	80
1.78455	79
1.78495	80
1.78497	81
1.78538	82
1.78571	81
1.78571	81
1.78571	80
1.78611	81
1.78613	80
1.78654	80
1.78657	80
1.78657	80
1.78657	79
1.78697	80
1.787	81
1.7874	82
1.78772	81
1.78772	81
1.78772	80
1.78813	81
1.78818	80
1.78818	80
1.78818	79
1.78858	80
1.78862	81
1.78902	82
1.78934	81
1.78974	81
1.78978	81
1.78978	81
1.78978	80
1.79018	81
1.79021	80
1.79021	80
1.79021	79
1.79062	80
1.79064	81
1.79105	82
1.79138	81
1.79138	81
1.79138	80
1.79178	81
1.7918	80
1.7922	80
1.79223	80
1.79223	80
1.79223	79
1.79263	80
1.79267	81
1.79307	82
1.79347	83
1.79381	82
1.79381	82
1.79381	81
1.79421	82
1.79422	81
1.79422	81
1.79423	80
1.79463	81
1.79469	80
1.79509	80
1.79509	81
1.79549	81
1.79549	81
1.79549	80
1.79589	81
1.7959	82
1.7963	81
1.7963	81
1.7963	80
1.7967	81
1.79671	82
1.79712	83
1.79744	82
1.79744	82
1.79745	81
1.79785	82
1.79788	81
1.79829	81
1.79833	81
1.79833	80
1.79833	80
1.79874	80
1.79874	81
1.79912	81
1.79912	81
1.79912	80
1.79952	81
1.79953	80
1.79953	80
1.79953	79
1.79994	80
1.79995	81
1.80036	82
1.8007	81
1.8007	81
1.8007	80
1.80111	81
1.80113	80
1.80153	80
1.80154	80
1.80154	79
1.80154	79
1.80194	79
1.80198	80
1.80237	80
1.80237	80
1.80237	79
1.80278	80
1.80278	79
1.80278	79
1.80278	78
1.80319	79
1.80319	80
1.80359	79
1.80359	79
1.80359	78
1.804	79
1.804	80
1.8044	79
1.8048	79
1.80481	80
1.80515	80
1.80515	80
1.80515	79
1.80556	80
1.80561	79
1.80561	79
1.80561	78
1.80601	79
1.80602	80
1.8064	79
1.8064	79
1.8064	78
1.80681	79
1.80683	80
1.80722	79
1.80762	79
1.80763	79
1.80763	79
1.80763	78
1.80803	79
1.80805	80
1.80845	81
1.80881	80
1.80881	80
1.80881	79
1.80921	80
1.80922	79
1.80963	79
1.80964	79
1.80964	78
1.80964	78
1.81005	78
1.81007	79
1.81048	80
1.8108	80
1.81081	80
1.81081	79
1.81121	80
1.81124	79
1.81124	79
1.81124	78
1.81165	79
1.81169	80
1.81209	81
1.8125	80
1.8129	80
1.8129	81
1.8129	81
1.81321	81
1.81322	80
1.81331	81
1.81365	80
1.81365	80
1.81365	79
1.81405	80
1.81412	81
1.81452	82
1.81487	81
1.81487	81
1.81487	80
1.81527	81
1.81529	80
1.81569	80
1.81571	80
1.81571	80
1.81571	79
1.81611	80
1.81614	81
1.81655	82
1.81688	81
1.81688	81
1.81688	80
1.81729	81
1.81732	80
1.81733	80
1.81733	79
1.81773	80
1.81776	81
1.81816	80
1.81857	80
1.81857	81
1.81891	81
1.81891	81
1.81891	80
1.81931	81
1.81937	80
1.81937	80
1.81937	79
1.81977	80
1.81979	81
1.82012	80
1.82012	80
1.82013	79
1.82053	80
1.82057	79
1.82057	79
1.82057	78
1.82097	79
1.821	80
1.8214	81
1.82175	80
1.82216	80
1.82217	80
1.82217	79
1.82217	79
1.82258	79
1.82261	79
1.82261	79
1.82261	78
1.82301	79
1.82302	80
1.82343	81
1.82378	80
1.82379	80
1.82379	79
1.82419	80
1.82424	81
1.82424	80
1.82455	80
1.82455	79
1.82465	80
1.82498	79
1.82498	79
1.82498	78
1.82538	79
1.82542	78
1.82542	78
1.82542	77
1.82582	78
1.82586	79
1.82626	80
1.82661	79
1.82701	79
1.82703	79
1.82703	79
1.82704	78
1.82744	79
1.82747	78
1.82747	78
1.82747	77
1.82787	78
1.82788	79
1.82829	80
1.82864	79
1.82864	79
1.82864	78
1.82904	79
1.82907	78
1.82907	78
1.82907	77
1.82947	78
1.8295	79
1.82991	80
1.83025	79
1.83066	79
1.83068	79
1.83068	78
1.83069	78
1.83109	78
1.83112	78
1.83112	78
1.83112	77
1.83152	78
1.83153	79
1.83193	80
1.83227	79
1.83227	79
1.83227	78
1.83267	79
1.83274	80
1.83308	79
1.83308	79
1.83308	78
1.83348	79
1.83349	78
1.8335	78
1.8335	77
1.8339	78
1.83396	79
1.83436	80
1.83471	79
1.83471	79
1.83471	78
1.83511	79
1.83513	78
1.83554	78
1.83558	79
1.83594	79
1.83594	78
1.83594	78
1.83634	78
1.83639	78
1.83639	77
1.83639	77
1.83679	77
1.83679	78
1.8372	79
1.83754	79
1.83754	79
1.83754	78
1.83794	79
1.83798	78
1.83798	78
1.83798	77
1.83838	78
1.83841	79
1.83882	80
1.83915	79
1.83955	79
1.83957	79
1.83957	78
1.83957	78
1.83998	78
1.84003	79
1.84044	80
1.84077	80
1.84077	80
1.84077	79
1.84118	80
1.84119	79
1.84119	79
1.84119	78
1.8416	79
1.84165	80
1.84206	81
1.84238	80
1.84278	80
1.8428	80
1.8428	80
1.8428	79
1.84321	80
1.84327	81
1.84361	80
1.84361	80
1.84361	79
1.84401	80
1.84402	79
1.84402	79
1.84402	78
1.84442	79
1.84448	78
1.84488	78
1.84489	79
1.8453	80
1.84562	80
1.84562	80
1.84562	79
1.84603	80
1.84604	79
1.84604	79
1.84604	78
1.84645	79
1.84651	80
1.84692	79
1.84692	79
1.84723	78
1.84732	79
1.84732	80
1.84764	79
1.84805	79
1.84809	79
1.84809	79
1.84809	78
1.84849	79
1.84854	80
1.84894	81
1.84934	82
1.84966	81
1.84966	81
1.84966	80
1.85007	81
1.85008	80
1.85049	80
1.85051	80
1.85052	79
1.85052	79
1.85092	79
1.85097	80
1.85137	81
1.85137	81
1.85168	81
1.85168	80
1.85178	81
1.8521	80
1.8521	80
1.8521	79
1.8525	80
1.85259	81
1.85299	82
1.85339	83
1.85373	82
1.85414	82
1.85416	82
1.85416	81
1.85417	81
1.85457	81
1.85461	82
1.855	82
1.855	82
1.855	81
1.85541	82
1.85542	83
1.85583	84
1.85623	83
1.85623	83
1.85623	82
1.85663	83
1.85664	84
1.85704	85
1.85741	84
1.85781	84
1.85783	84
1.85783	84
1.85783	83
1.85824	84
1.85825	85
1.85866	84
1.85866	84
1.85896	83
1.85906	84
1.85906	85
1.85946	86
1.85987	87
1.86019	86
1.8606	86
1.86062	86
1.86062	86
1.86062	85
1.86102	86
1.86105	85
1.86105	85
1.86105	84
1.86145	85
1.86149	86
1.86188	85
1.86189	85
1.86189	84
1.86229	85
1.8623	86
1.86269	85
1.86309	85
1.86311	86
1.86343	86
1.86343	86
1.86343	85
1.86383	86
1.86386	85
1.86386	85
1.86386	84
1.86426	85
1.86431	84
1.86431	84
1.86431	83
1.86472	84
1.86473	85
1.86513	84
1.86553	84
1.86554	84
1.86554	83
1.86585	83
1.86595	83
1.86595	84
1.86635	85
1.86668	85
1.86668	85
1.86668	84
1.86709	85
1.8671	84
1.8671	84
1.86711	83
1.86751	84
1.86756	85
1.86797	86
1.8683	85
1.8683	85
1.8683	84
1.86871	85
1.86871	84
1.86911	84
1.86916	84
1.86916	83
1.86917	83
1.86957	83
1.86957	83
1.86957	83
1.86957	82
1.86997	83
1.86999	84
1.87036	83
1.87036	83
1.87036	82
1.87077	83
1.8708	82
1.8708	82
1.8708	81
1.8712	82
1.8712	83
1.87161	84
1.87201	85
1.87234	84
1.87274	84
1.87275	84
1.87275	84
1.87275	83
1.87315	84
1.8732	83
1.8732	83
1.8732	82
1.8736	83
1.87363	84
1.87404	85
1.87435	84
1.87435	84
1.87435	83
1.87475	84
1.87478	83
1.87478	83
1.87478	82
1.87518	83
1.87525	84
1.87566	85
1.87597	84
1.87638	84
1.87639	84
1.87639	84
1.87639	83
1.87679	84
1.87682	83
1.87683	83
1.87683	82
1.87723	83
1.87728	84
1.87764	83
1.87764	83
1.87764	82
1.87804	83
1.87807	82
1.87807	82
1.87807	81
1.87847	82
1.8785	83
1.8789	84
1.87923	83
1.87923	83
1.87923	82
1.87964	83
1.87971	82
1.88011	82
1.88012	82
1.88012	81
1.88012	81
1.88052	81
1.88052	82
1.88092	83
1.88126	83
1.88126	83
1.88126	82
1.88166	83
1.88169	82
1.88169	82
1.88169	81
1.88209	82
1.88214	83
1.88254	84
1.88287	83
1.88287	83
1.88287	82
1.88328	83
1.88329	82
1.88329	82
1.88329	81
1.8837	82
1.88376	83
1.88416	84
1.8845	83
1.88491	83
1.88491	83
1.88491	83
1.88492	82
1.88532	83
1.88538	84
1.88575	83
1.88575	83
1.88575	82
1.88615	83
1.88617	82
1.88617	82
1.88618	81
1.88658	82
1.88659	83
1.88699	84
1.88734	83
1.88775	83
1.88776	83
1.88776	83
1.88777	82
1.88817	83
1.88821	82
1.88821	82
1.88821	81
1.88861	82
1.88861	83
1.88902	84
1.88941	83
1.88942	83
1.88942	82
1.88982	83
1.88983	84
1.8902	83
1.89061	83
1.89064	84
1.89096	84
1.89097	84
1.89097	83
1.89137	84
1.8914	83
1.8914	83
1.8914	82
1.8918	83
1.89185	84
1.89225	85
1.89266	86
1.89298	85
1.89298	85
1.89298	84
1.89339	85
1.8934	84
1.89381	84
1.89383	84
1.89383	83
1.89383	83
1.89423	83
1.89428	84
1.89469	85
1.89501	85
1.89501	85
1.89502	84
1.89542	85
1.89544	84
1.89544	84
1.89544	83
1.89584	84
1.8959	85
1.89631	86
1.89663	85
1.89664	85
1.89664	84
1.89704	85
1.89709	84
1.8975	84
1.89751	84
1.89751	83
1.89751	83
1.89791	83
1.89792	84
1.89833	85
1.89873	86
1.89905	86
1.89905	86
1.89905	85
1.89945	86
1.89947	85
1.89947	85
1.89947	84
1.89987	85
1.89993	84
1.90034	84
1.90035	85
1.90076	86
1.90108	86
1.90108	86
1.90108	85
1.90149	86
1.90154	85
1.90154	85
1.90154	84
1.90194	85
1.90197	86
1.90238	87
1.90268	86
1.90268	86
1.90268	85
1.90309	86
1.90314	85
1.90354	85
1.90357	85
1.90357	85
1.90357	84
1.90397	85
1.90399	86
1.9044	87
1.9047	86
1.90471	86
1.90471	85
1.90511	86
1.90512	85
1.90513	85
1.90513	84
1.90553	85
1.9056	84
1.90601	84
1.90602	85
1.90642	85
1.90642	85
1.90642	84
1.90683	85
1.90683	86
1.90714	85
1.90715	85
1.90715	84
1.90755	85
1.9076	84
1.90761	84
1.90761	83
1.90801	84
1.90804	85
1.90844	86
1.90876	85
1.90916	85
1.90919	85
1.90919	85
1.90919	84
1.90959	85
1.90966	86
1.91001	85
1.91002	85
1.91002	84
1.91042	85
1.91043	84
1.91043	84
1.91044	83
1.91084	84
1.91087	85
1.91128	86
1.91161	85
1.91202	85
1.91205	85
1.91205	85
1.91205	84
1.91245	85
1.91246	84
1.91246	84
1.91246	83
1.91286	84
1.9129	85
1.9133	86
1.91364	85
1.91364	85
1.91364	84
1.91404	85
1.91411	86
1.91411	85
1.91442	85
1.91442	84
1.91452	85
1.91489	84
1.91529	84
1.91532	85
1.9157	85
1.9157	85
1.9157	84
1.9161	85
1.91613	86
1.91644	85
1.91644	85
1.91644	84
1.91685	85
1.91687	84
1.91687	84
1.91687	83
1.91727	84
1.91734	85
1.91775	86
1.9181	85
1.9185	85
1.91852	85
1.91852	84
1.91853	84
1.91893	84
1.91894	84
1.91894	84
1.91895	83
1.91935	84
1.91937	85
1.91977	86
1.92009	85
1.92009	85
1.92009	84
1.9205	85
1.92051	84
1.92051	84
1.92051	83
1.92092	84
1.92097	83
1.92138	83
1.92138	83
1.92138	82
1.92138	82
1.92178	82
1.9218	83
1.9222	84
1.92252	84
1.92252	84
1.92252	83
1.92292	84
1.92298	83
1.92299	83
1.92299	82
1.92339	83
1.92341	84
1.92381	83
1.92421	83
1.92421	83
1.92422	82
1.92422	82
1.92462	82
1.92462	82
1.92462	82
1.92462	81
1.92502	82
1.92503	83
1.92544	84
1.9258	83
1.9258	83
1.9258	82
1.92621	83
1.92625	84
1.92657	83
1.92658	83
1.92658	82
1.92698	83
1.92701	82
1.92701	82
1.92701	81
1.92741	82
1.92745	81
1.92785	81
1.92787	82
1.92827	83
1.9286	83
1.9286	82
1.9286	82
1.929	82
1.92904	82
1.92904	82
1.92905	81
1.92945	82
1.92949	83
1.92981	82
1.92982	82
1.92982	81
1.93022	82
1.93025	81
1.93026	81
1.93026	80
1.93066	81
1.93069	80
1.93069	80
1.9307	79
1.9311	80
1.9311	79
1.9315	79
1.93151	80
1.93191	81
1.93225	81
1.93225	80
1.93225	80
1.93266	80
1.93269	80
1.93269	80
1.93269	79
1.93309	80
1.93312	79
1.93312	79
1.93313	78
1.93353	79
1.93353	80
1.93393	81
1.93428	80
1.93428	80
1.93428	79
1.93468	80
1.9347	79
1.9351	79
1.93511	79
1.93511	78
1.93511	78
1.93552	78
1.93555	78
1.93555	77
1.93555	77
1.93595	77
1.93596	79
1.93636	80
1.93668	79
1.93668	79
1.93668	78
1.93709	79
1.93716	78
1.93716	78
1.93716	77
1.93756	78
1.93757	79
1.93798	80
1.93834	79
1.93834	79
1.93834	78
1.93875	79
1.93875	78
1.93916	78
1.93917	78
1.93917	77
1.93917	77
1.93957	77
1.93957	77
1.93957	77
1.93957	76
1.93997	77
1.94	78
1.9404	79
1.94072	78
1.94073	78
1.94073	77
1.94113	78
1.94121	79
1.94153	78
1.94193	78
1.94194	78
1.94194	77
1.94194	77
1.94234	77
1.94236	77
1.94236	77
1.94236	76
1.94277	77
1.94284	78
1.94324	79
1.94359	78
1.94359	78
1.94359	77
1.94399	78
1.94405	79
1.94405	78
1.94436	78
1.94437	77
1.94446	78
1.94485	77
1.94525	77
1.94526	78
1.94564	78
1.94564	77
1.94564	77
1.94605	77
1.94607	79
1.94642	78
1.94642	78
1.94643	77
1.94683	78
1.94688	79
1.94729	80
1.9476	79
1.9476	79
1.9476	78
1.94801	79
1.94801	78
1.94842	78
1.94843	78
1.94844	77
1.94844	77
1.94884	77
1.94891	78
1.94931	79
1.94967	79
1.94967	79
1.94967	78
1.95008	79
1.9501	78
1.9501	78
1.9501	77
1.95051	78
1.95053	79
1.95093	80
1.95126	79
1.95167	79
1.9517	79
1.9517	78
1.9517	78
1.9521	78
1.95214	78
1.95214	78
1.95214	77
1.95254	78
1.95254	77
1.95254	77
1.95255	76
1.95295	77
1.95295	78
1.95336	79
1.9537	78
1.9537	78
1.9537	77
1.9541	78
1.95417	79
1.95457	80
1.95489	79
1.95529	79
1.95531	79
1.95531	79
1.95532	78
1.95572	79
1.95576	78
1.95576	78
1.95576	77
1.95616	78
1.95619	79
1.95659	80
1.95692	79
1.95733	79
1.95734	79
1.95734	79
1.95734	78
1.95775	79
1.9578	78
1.9578	78
1.9578	77
1.9582	78
1.95822	79
1.95862	80
1.95896	79
1.95896	79
1.95896	78
1.95936	79
1.95943	80
1.95978	79
1.96018	79
1.96023	79
1.96024	79
1.96024	78
1.96064	79
1.96065	80
1.96102	79
1.96102	79
1.96103	78
1.96143	79
1.96145	80
1.96186	81
1.96219	80
1.96219	80
1.9622	79
1.9626	80
1.96265	79
1.96305	79
1.96308	80
1.96348	81
1.96379	81
1.9638	80
1.9638	80
1.9642	80
1.96422	80
1.96422	80
1.96423	79
1.96463	80
1.9647	81
1.96508	80
1.96508	80
1.96508	79
1.96548	80
1.9655	79
1.9659	79
1.9659	79
1.9659	78
1.96591	78
1.96631	78
1.96631	79
1.96672	80
1.96704	80
1.96704	80
1.96704	79
1.96744	80
1.96747	79
1.96747	79
1.96747	78
1.96787	79
1.9679	78
1.9679	78
1.9679	77
1.9683	78
1.96834	79
1.96874	80
1.96912	79
1.96953	79
1.96955	80
1.96987	80
1.96988	80
1.96988	79
1.97028	80
1.9703	79
1.97031	79
1.97031	78
1.97071	79
1.97076	80
1.97117	81
1.97157	82
1.9719	81
1.9719	81
1.9719	80
1.9723	81
1.97233	80
1.97273	80
1.97274	80
1.97274	79
1.97275	79
1.97315	79
1.97319	80
1.97359	80
1.97359	80
1.97359	79
1.974	80
1.974	81
1.97441	82
1.97479	81
1.97479	81
1.97479	80
1.97519	81
1.97522	82
1.97559	81
1.97599	81
1.97601	81
1.97601	80
1.97601	80
1.97641	80
1.97643	81
1.97679	81
1.97679	81
1.97679	80
1.9772	81
1.9772	80
1.9772	80
1.9772	79
1.9776	80
1.97764	81
1.97804	82
1.97837	81
1.97877	81
1.97882	81
1.97882	81
1.97882	80
1.97923	81
1.97925	80
1.97925	80
1.97925	79
1.97965	80
1.97966	81
1.98007	82
1.98046	81
1.98087	81
1.98088	81
1.98088	81
1.98088	80
1.98128	81
1.98128	82
1.98169	83
1.982	82
1.982	82
1.982	81
1.98241	82
1.98245	81
1.98286	81
1.98286	81
1.98286	80
1.98286	80
1.98326	80
1.98331	81
1.98371	82
1.98408	82
1.98408	82
1.98408	81
1.98449	82
1.98452	83
1.98488	82
1.98488	82
1.98488	81
1.98529	82
1.9853	81
1.98571	81
1.98572	81
1.98572	81
1.98572	80
1.98612	81
1.98614	82
1.98654	83
1.9869	82
1.9869	82
1.9869	81
1.98731	82
1.98734	81
1.98774	81
1.98775	82
1.98816	83
1.9885	83
1.9885	83
1.9885	82
1.98891	83
1.98892	82
1.98893	82
1.98893	81
1.98933	82
1.98938	83
1.98978	84
1.99012	83
1.99052	83
1.99053	83
1.99053	83
1.99053	82
1.99094	83
1.99096	82
1.99097	82
1.99097	81
1.99137	82
1.9914	81
1.9914	81
1.9914	80
1.9918	81
1.99181	82
1.99221	83
1.99255	82
1.99296	82
1.99296	82
1.99296	82
1.99296	81
1.99337	82
1.9934	81
1.9934	81
1.9934	80
1.9938	81
1.99383	82
1.99417	81
1.99417	81
1.99417	80
1.99457	81
1.99464	82
1.99501	81
1.99501	81
1.99501	80
1.99541	81
1.99545	82
1.99586	83
1.9962	82
1.99661	82
1.99663	82
1.99663	82
1.99663	81
1.99703	82
1.99707	83
1.99748	84
1.99784	83
1.99784	83
1.99784	82
1.99825	83
1.99828	82
1.99828	82
1.99828	81
1.99868	82
1.99869	83
1.9991	84
1.99945	83
1.99986	83
1.99988	83
1.99988	83
1.99988	82
